Exported at 27/11/2025 11:33:03, , , , , , , , , , , , , , , , , , , , , , , , , , , , , , , , , , , , , , , , , , , , , , , , , , , , , , , , , , , , , , , , , , , , , , , , , , , , , , , , , , , , , , , , , , , , , , , , , , 
Core ID:,TL09-22-02, , , , , , , , , , , , , , , , , , , , , , , , , , , , , , , , , , , , , , , , , , , , , , , , , , , , , , , , , , , , , , , , , , , , , , , , , , , , , , , , , , , , , , , , , , , , , , , , , 
Comments:,, , , , , , , , , , , , , , , , , , , , , , , , , , , , , , , , , , , , , , , , , , , , , , , , , , , , , , , , , , , , , , , , , , , , , , , , , , , , , , , , , , , , , , , , , , , , , , , , , 
XRF Measurement Mode:,He - 15x1mm, , , , , , , , , , , , , , , , , , , , , , , , , , , , , , , , , , , , , , , , , , , , , , , , , , , , , , , , , , , , , , , , , , , , , , , , , , , , , , , , , , , , , , , , , , , , , , , , , 
Depth,Depth In Core,Time Stamp,Laser Profiler,Magnetic Susceptibility,Mag Sus in Air,XRF Total Live Time,XRF Total Counts,,XRF Elements(ppm), , , , , , , , , , , , , , , , , , , , , , , , , , , , , , , , , , , , , , , , , , , , ,XRF Oxides(ppm), , , , , , , , , , , , , , , , , , , , , , , , , , , , , , , , , , , , , , , , , , , , 
cm,cm,,mm,x10^-5 SI,x10^-5 SI,Seconds,Beam 1,Beam 2,LE (Value),Mg (Value),Mg (Error),Al (Value),Al (Error),Si (Value),Si (Error),P (Value),P (Error),S (Value),S (Error),K (Value),K (Error),Ca (Value),Ca (Error),Ti (Value),Ti (Error),V (Value),V (Error),Cr (Value),Cr (Error),Mn (Value),Mn (Error),Fe (Value),Fe (Error),Ni (Value),Ni (Error),Cu (Value),Cu (Error),Zn (Value),Zn (Error),As (Value),As (Error),Sr (Value),Sr (Error),Zr (Value),Zr (Error),Mo (Value),Mo (Error),Ba (Value),Ba (Error),Pb (Value),Pb (Error),U (Value),U (Error),LE (Value),MgO (Value),MgO (Error),Al2O3 (Value),Al2O3 (Error),SiO2 (Value),SiO2 (Error),P2O5 (Value),P2O5 (Error),SO3 (Value),SO3 (Error),K2O (Value),K2O (Error),CaO (Value),CaO (Error),TiO2 (Value),TiO2 (Error),V2O5 (Value),V2O5 (Error),Cr2O3 (Value),Cr2O3 (Error),Mn2O3 (Value),Mn2O3 (Error),Fe2O3 (Value),Fe2O3 (Error),NiO (Value),NiO (Error),CuO (Value),CuO (Error),ZnO (Value),ZnO (Error),As2O3 (Value),As2O3 (Error),SrO (Value),SrO (Error),ZrO2 (Value),ZrO2 (Error),MoO2 (Value),MoO2 (Error),BaO (Value),BaO (Error),PbO (Value),PbO (Error),UO2 (Value),UO2 (Error)
0.00,0.0,26/11/2025 15:18:44*,1.116, , , , , , , , , , , , , , , , , , , , , , , , , , , , , , , , , , , , , , , , , , , , , , , , , , , , , , , , , , , , , , , , , , , , , , , , , , , , , , , , , , , , , , , , , , , , , , , 
0.11,0.1,26/11/2025 15:18:44*,4.169, , , , , , , , , , , , , , , , , , , , , , , , , , , , , , , , , , , , , , , , , , , , , , , , , , , , , , , , , , , , , , , , , , , , , , , , , , , , , , , , , , , , , , , , , , , , , , , 
0.20,0.2,26/11/2025 15:18:44*,8.063, , , , , , , , , , , , , , , , , , , , , , , , , , , , , , , , , , , , , , , , , , , , , , , , , , , , , , , , , , , , , , , , , , , , , , , , , , , , , , , , , , , , , , , , , , , , , , , 
0.30,0.3,26/11/2025 15:18:44*,7.402, , , , , , , , , , , , , , , , , , , , , , , , , , , , , , , , , , , , , , , , , , , , , , , , , , , , , , , , , , , , , , , , , , , , , , , , , , , , , , , , , , , , , , , , , , , , , , , 
0.40,0.4,26/11/2025 15:18:44*,7.445, , , , , , , , , , , , , , , , , , , , , , , , , , , , , , , , , , , , , , , , , , , , , , , , , , , , , , , , , , , , , , , , , , , , , , , , , , , , , , , , , , , , , , , , , , , , , , , 
0.50,0.5,26/11/2025 15:18:44*,6.875, , , , , , , , , , , , , , , , , , , , , , , , , , , , , , , , , , , , , , , , , , , , , , , , , , , , , , , , , , , , , , , , , , , , , , , , , , , , , , , , , , , , , , , , , , , , , , , 
0.60,0.6,26/11/2025 15:18:44*,5.825, , , , , , , , , , , , , , , , , , , , , , , , , , , , , , , , , , , , , , , , , , , , , , , , , , , , , , , , , , , , , , , , , , , , , , , , , , , , , , , , , , , , , , , , , , , , , , , 
0.70,0.7,26/11/2025 15:18:44*,5.678, , , , , , , , , , , , , , , , , , , , , , , , , , , , , , , , , , , , , , , , , , , , , , , , , , , , , , , , , , , , , , , , , , , , , , , , , , , , , , , , , , , , , , , , , , , , , , , 
0.80,0.8,26/11/2025 15:18:44*,5.552, , , , , , , , , , , , , , , , , , , , , , , , , , , , , , , , , , , , , , , , , , , , , , , , , , , , , , , , , , , , , , , , , , , , , , , , , , , , , , , , , , , , , , , , , , , , , , , 
0.90,0.9,26/11/2025 15:18:44*,5.477, , , , , , , , , , , , , , , , , , , , , , , , , , , , , , , , , , , , , , , , , , , , , , , , , , , , , , , , , , , , , , , , , , , , , , , , , , , , , , , , , , , , , , , , , , , , , , , 
1.00,1.0,26/11/2025 15:18:44*,5.425, , , , , , , , , , , , , , , , , , , , , , , , , , , , , , , , , , , , , , , , , , , , , , , , , , , , , , , , , , , , , , , , , , , , , , , , , , , , , , , , , , , , , , , , , , , , , , , 
1.10,1.1,26/11/2025 15:18:44*,5.349, , , , , , , , , , , , , , , , , , , , , , , , , , , , , , , , , , , , , , , , , , , , , , , , , , , , , , , , , , , , , , , , , , , , , , , , , , , , , , , , , , , , , , , , , , , , , , , 
1.20,1.2,26/11/2025 15:18:44*,5.368, , , , , , , , , , , , , , , , , , , , , , , , , , , , , , , , , , , , , , , , , , , , , , , , , , , , , , , , , , , , , , , , , , , , , , , , , , , , , , , , , , , , , , , , , , , , , , , 
1.30,1.3,26/11/2025 15:18:44*,5.361, , , , , , , , , , , , , , , , , , , , , , , , , , , , , , , , , , , , , , , , , , , , , , , , , , , , , , , , , , , , , , , , , , , , , , , , , , , , , , , , , , , , , , , , , , , , , , , 
1.40,1.4,26/11/2025 15:18:44*,5.436, , , , , , , , , , , , , , , , , , , , , , , , , , , , , , , , , , , , , , , , , , , , , , , , , , , , , , , , , , , , , , , , , , , , , , , , , , , , , , , , , , , , , , , , , , , , , , , 
1.50,1.5,26/11/2025 15:18:44*,5.430, , , , , , , , , , , , , , , , , , , , , , , , , , , , , , , , , , , , , , , , , , , , , , , , , , , , , , , , , , , , , , , , , , , , , , , , , , , , , , , , , , , , , , , , , , , , , , , 
1.60,1.6,26/11/2025 15:18:44*,5.405, , , , , , , , , , , , , , , , , , , , , , , , , , , , , , , , , , , , , , , , , , , , , , , , , , , , , , , , , , , , , , , , , , , , , , , , , , , , , , , , , , , , , , , , , , , , , , , 
1.70,1.7,26/11/2025 15:18:44*,5.372, , , , , , , , , , , , , , , , , , , , , , , , , , , , , , , , , , , , , , , , , , , , , , , , , , , , , , , , , , , , , , , , , , , , , , , , , , , , , , , , , , , , , , , , , , , , , , , 
1.80,1.8,26/11/2025 15:18:44*,5.492, , , , , , , , , , , , , , , , , , , , , , , , , , , , , , , , , , , , , , , , , , , , , , , , , , , , , , , , , , , , , , , , , , , , , , , , , , , , , , , , , , , , , , , , , , , , , , , 
1.90,1.9,26/11/2025 15:18:44*,5.435, , , , , , , , , , , , , , , , , , , , , , , , , , , , , , , , , , , , , , , , , , , , , , , , , , , , , , , , , , , , , , , , , , , , , , , , , , , , , , , , , , , , , , , , , , , , , , , 
2.00,2.0,26/11/2025 15:18:44*,5.476, , , , , , , , , , , , , , , , , , , , , , , , , , , , , , , , , , , , , , , , , , , , , , , , , , , , , , , , , , , , , , , , , , , , , , , , , , , , , , , , , , , , , , , , , , , , , , , 
2.11,2.1,26/11/2025 15:18:44*,5.444, , , , , , , , , , , , , , , , , , , , , , , , , , , , , , , , , , , , , , , , , , , , , , , , , , , , , , , , , , , , , , , , , , , , , , , , , , , , , , , , , , , , , , , , , , , , , , , 
2.21,2.2,26/11/2025 15:18:44*,5.521, , , , , , , , , , , , , , , , , , , , , , , , , , , , , , , , , , , , , , , , , , , , , , , , , , , , , , , , , , , , , , , , , , , , , , , , , , , , , , , , , , , , , , , , , , , , , , , 
2.31,2.3,26/11/2025 15:18:44*,5.601, , , , , , , , , , , , , , , , , , , , , , , , , , , , , , , , , , , , , , , , , , , , , , , , , , , , , , , , , , , , , , , , , , , , , , , , , , , , , , , , , , , , , , , , , , , , , , , 
2.41,2.4,26/11/2025 15:18:44*,5.571, , , , , , , , , , , , , , , , , , , , , , , , , , , , , , , , , , , , , , , , , , , , , , , , , , , , , , , , , , , , , , , , , , , , , , , , , , , , , , , , , , , , , , , , , , , , , , , 
2.51,2.5,26/11/2025 15:18:44*,5.636, , , , , , , , , , , , , , , , , , , , , , , , , , , , , , , , , , , , , , , , , , , , , , , , , , , , , , , , , , , , , , , , , , , , , , , , , , , , , , , , , , , , , , , , , , , , , , , 
2.61,2.6,26/11/2025 15:18:44*,5.608, , , , , , , , , , , , , , , , , , , , , , , , , , , , , , , , , , , , , , , , , , , , , , , , , , , , , , , , , , , , , , , , , , , , , , , , , , , , , , , , , , , , , , , , , , , , , , , 
2.71,2.7,26/11/2025 15:18:44*,5.604, , , , , , , , , , , , , , , , , , , , , , , , , , , , , , , , , , , , , , , , , , , , , , , , , , , , , , , , , , , , , , , , , , , , , , , , , , , , , , , , , , , , , , , , , , , , , , , 
2.81,2.8,26/11/2025 15:18:44*,5.767, , , , , , , , , , , , , , , , , , , , , , , , , , , , , , , , , , , , , , , , , , , , , , , , , , , , , , , , , , , , , , , , , , , , , , , , , , , , , , , , , , , , , , , , , , , , , , , 
2.91,2.9,26/11/2025 15:18:44*,5.779, , , , , , , , , , , , , , , , , , , , , , , , , , , , , , , , , , , , , , , , , , , , , , , , , , , , , , , , , , , , , , , , , , , , , , , , , , , , , , , , , , , , , , , , , , , , , , , 
3.01,3.0,26/11/2025 15:18:44*,5.705, , , , , , , , , , , , , , , , , , , , , , , , , , , , , , , , , , , , , , , , , , , , , , , , , , , , , , , , , , , , , , , , , , , , , , , , , , , , , , , , , , , , , , , , , , , , , , , 
3.11,3.1,26/11/2025 15:18:44*,5.767, , , , , , , , , , , , , , , , , , , , , , , , , , , , , , , , , , , , , , , , , , , , , , , , , , , , , , , , , , , , , , , , , , , , , , , , , , , , , , , , , , , , , , , , , , , , , , , 
3.21,3.2,26/11/2025 15:18:44*,5.827, , , , , , , , , , , , , , , , , , , , , , , , , , , , , , , , , , , , , , , , , , , , , , , , , , , , , , , , , , , , , , , , , , , , , , , , , , , , , , , , , , , , , , , , , , , , , , , 
3.31,3.3,26/11/2025 15:18:44*,5.730, , , , , , , , , , , , , , , , , , , , , , , , , , , , , , , , , , , , , , , , , , , , , , , , , , , , , , , , , , , , , , , , , , , , , , , , , , , , , , , , , , , , , , , , , , , , , , , 
3.41,3.4,26/11/2025 15:18:44*,5.712, , , , , , , , , , , , , , , , , , , , , , , , , , , , , , , , , , , , , , , , , , , , , , , , , , , , , , , , , , , , , , , , , , , , , , , , , , , , , , , , , , , , , , , , , , , , , , , 
3.51,3.5,26/11/2025 15:18:44*,5.735, , , , , , , , , , , , , , , , , , , , , , , , , , , , , , , , , , , , , , , , , , , , , , , , , , , , , , , , , , , , , , , , , , , , , , , , , , , , , , , , , , , , , , , , , , , , , , , 
3.61,3.6,26/11/2025 15:18:44*,5.847, , , , , , , , , , , , , , , , , , , , , , , , , , , , , , , , , , , , , , , , , , , , , , , , , , , , , , , , , , , , , , , , , , , , , , , , , , , , , , , , , , , , , , , , , , , , , , , 
3.71,3.7,26/11/2025 15:18:44*,5.857, , , , , , , , , , , , , , , , , , , , , , , , , , , , , , , , , , , , , , , , , , , , , , , , , , , , , , , , , , , , , , , , , , , , , , , , , , , , , , , , , , , , , , , , , , , , , , , 
3.81,3.8,26/11/2025 15:18:44*,5.825, , , , , , , , , , , , , , , , , , , , , , , , , , , , , , , , , , , , , , , , , , , , , , , , , , , , , , , , , , , , , , , , , , , , , , , , , , , , , , , , , , , , , , , , , , , , , , , 
3.91,3.9,26/11/2025 15:18:44*,5.930, , , , , , , , , , , , , , , , , , , , , , , , , , , , , , , , , , , , , , , , , , , , , , , , , , , , , , , , , , , , , , , , , , , , , , , , , , , , , , , , , , , , , , , , , , , , , , , 
4.01,4.0,26/11/2025 15:18:44*,5.866, , , , , , , , , , , , , , , , , , , , , , , , , , , , , , , , , , , , , , , , , , , , , , , , , , , , , , , , , , , , , , , , , , , , , , , , , , , , , , , , , , , , , , , , , , , , , , , 
4.11,4.1,26/11/2025 15:18:44*,5.938, , , , , , , , , , , , , , , , , , , , , , , , , , , , , , , , , , , , , , , , , , , , , , , , , , , , , , , , , , , , , , , , , , , , , , , , , , , , , , , , , , , , , , , , , , , , , , , 
4.21,4.2,26/11/2025 15:18:44*,5.890, , , , , , , , , , , , , , , , , , , , , , , , , , , , , , , , , , , , , , , , , , , , , , , , , , , , , , , , , , , , , , , , , , , , , , , , , , , , , , , , , , , , , , , , , , , , , , , 
4.31,4.3,26/11/2025 15:18:44*,5.844, , , , , , , , , , , , , , , , , , , , , , , , , , , , , , , , , , , , , , , , , , , , , , , , , , , , , , , , , , , , , , , , , , , , , , , , , , , , , , , , , , , , , , , , , , , , , , , 
4.41,4.4,26/11/2025 15:18:44*,5.783, , , , , , , , , , , , , , , , , , , , , , , , , , , , , , , , , , , , , , , , , , , , , , , , , , , , , , , , , , , , , , , , , , , , , , , , , , , , , , , , , , , , , , , , , , , , , , , 
4.51,4.5,26/11/2025 15:18:44*,5.707, , , , , , , , , , , , , , , , , , , , , , , , , , , , , , , , , , , , , , , , , , , , , , , , , , , , , , , , , , , , , , , , , , , , , , , , , , , , , , , , , , , , , , , , , , , , , , , 
4.61,4.6,26/11/2025 15:18:44*,5.731, , , , , , , , , , , , , , , , , , , , , , , , , , , , , , , , , , , , , , , , , , , , , , , , , , , , , , , , , , , , , , , , , , , , , , , , , , , , , , , , , , , , , , , , , , , , , , , 
4.71,4.7,26/11/2025 15:18:44*,5.670, , , , , , , , , , , , , , , , , , , , , , , , , , , , , , , , , , , , , , , , , , , , , , , , , , , , , , , , , , , , , , , , , , , , , , , , , , , , , , , , , , , , , , , , , , , , , , , 
4.81,4.8,26/11/2025 15:18:44*,5.652, , , , , , , , , , , , , , , , , , , , , , , , , , , , , , , , , , , , , , , , , , , , , , , , , , , , , , , , , , , , , , , , , , , , , , , , , , , , , , , , , , , , , , , , , , , , , , , 
4.91,4.9,26/11/2025 15:18:44*,5.784, , , , , , , , , , , , , , , , , , , , , , , , , , , , , , , , , , , , , , , , , , , , , , , , , , , , , , , , , , , , , , , , , , , , , , , , , , , , , , , , , , , , , , , , , , , , , , , 
5.01,5.0,26/11/2025 15:18:44*,5.790, , , , , , , , , , , , , , , , , , , , , , , , , , , , , , , , , , , , , , , , , , , , , , , , , , , , , , , , , , , , , , , , , , , , , , , , , , , , , , , , , , , , , , , , , , , , , , , 
5.11,5.1,26/11/2025 15:18:44*,5.566, , , , , , , , , , , , , , , , , , , , , , , , , , , , , , , , , , , , , , , , , , , , , , , , , , , , , , , , , , , , , , , , , , , , , , , , , , , , , , , , , , , , , , , , , , , , , , , 
5.21,5.2,26/11/2025 15:18:44*,5.597, , , , , , , , , , , , , , , , , , , , , , , , , , , , , , , , , , , , , , , , , , , , , , , , , , , , , , , , , , , , , , , , , , , , , , , , , , , , , , , , , , , , , , , , , , , , , , , 
5.31,5.3,26/11/2025 15:18:44*,5.625, , , , , , , , , , , , , , , , , , , , , , , , , , , , , , , , , , , , , , , , , , , , , , , , , , , , , , , , , , , , , , , , , , , , , , , , , , , , , , , , , , , , , , , , , , , , , , , 
5.41,5.4,26/11/2025 15:18:44*,5.650, , , , , , , , , , , , , , , , , , , , , , , , , , , , , , , , , , , , , , , , , , , , , , , , , , , , , , , , , , , , , , , , , , , , , , , , , , , , , , , , , , , , , , , , , , , , , , , 
5.51,5.5,26/11/2025 15:18:44*,5.952, , , , , , , , , , , , , , , , , , , , , , , , , , , , , , , , , , , , , , , , , , , , , , , , , , , , , , , , , , , , , , , , , , , , , , , , , , , , , , , , , , , , , , , , , , , , , , , 
5.61,5.6,26/11/2025 15:18:44*,5.996, , , , , , , , , , , , , , , , , , , , , , , , , , , , , , , , , , , , , , , , , , , , , , , , , , , , , , , , , , , , , , , , , , , , , , , , , , , , , , , , , , , , , , , , , , , , , , , 
5.71,5.7,26/11/2025 15:18:44*,6.185, , , , , , , , , , , , , , , , , , , , , , , , , , , , , , , , , , , , , , , , , , , , , , , , , , , , , , , , , , , , , , , , , , , , , , , , , , , , , , , , , , , , , , , , , , , , , , , 
5.81,5.8,26/11/2025 15:18:44*,6.324, , , , , , , , , , , , , , , , , , , , , , , , , , , , , , , , , , , , , , , , , , , , , , , , , , , , , , , , , , , , , , , , , , , , , , , , , , , , , , , , , , , , , , , , , , , , , , , 
5.91,5.9,26/11/2025 15:18:44*,6.356, , , , , , , , , , , , , , , , , , , , , , , , , , , , , , , , , , , , , , , , , , , , , , , , , , , , , , , , , , , , , , , , , , , , , , , , , , , , , , , , , , , , , , , , , , , , , , , 
6.01,6.0,26/11/2025 15:18:44*,6.468, , , , , , , , , , , , , , , , , , , , , , , , , , , , , , , , , , , , , , , , , , , , , , , , , , , , , , , , , , , , , , , , , , , , , , , , , , , , , , , , , , , , , , , , , , , , , , , 
6.11,6.1,26/11/2025 15:18:44*,6.620, , , , , , , , , , , , , , , , , , , , , , , , , , , , , , , , , , , , , , , , , , , , , , , , , , , , , , , , , , , , , , , , , , , , , , , , , , , , , , , , , , , , , , , , , , , , , , , 
6.21,6.2,26/11/2025 15:18:44*,6.655, , , , , , , , , , , , , , , , , , , , , , , , , , , , , , , , , , , , , , , , , , , , , , , , , , , , , , , , , , , , , , , , , , , , , , , , , , , , , , , , , , , , , , , , , , , , , , , 
6.31,6.3,26/11/2025 15:18:44*,6.843, , , , , , , , , , , , , , , , , , , , , , , , , , , , , , , , , , , , , , , , , , , , , , , , , , , , , , , , , , , , , , , , , , , , , , , , , , , , , , , , , , , , , , , , , , , , , , , 
6.41,6.4,26/11/2025 15:18:44*,6.869, , , , , , , , , , , , , , , , , , , , , , , , , , , , , , , , , , , , , , , , , , , , , , , , , , , , , , , , , , , , , , , , , , , , , , , , , , , , , , , , , , , , , , , , , , , , , , , 
6.51,6.5,26/11/2025 15:18:44*,7.072, , , , , , , , , , , , , , , , , , , , , , , , , , , , , , , , , , , , , , , , , , , , , , , , , , , , , , , , , , , , , , , , , , , , , , , , , , , , , , , , , , , , , , , , , , , , , , , 
6.61,6.6,26/11/2025 15:18:44*,7.194, , , , , , , , , , , , , , , , , , , , , , , , , , , , , , , , , , , , , , , , , , , , , , , , , , , , , , , , , , , , , , , , , , , , , , , , , , , , , , , , , , , , , , , , , , , , , , , 
6.71,6.7,26/11/2025 15:18:44*,6.636, , , , , , , , , , , , , , , , , , , , , , , , , , , , , , , , , , , , , , , , , , , , , , , , , , , , , , , , , , , , , , , , , , , , , , , , , , , , , , , , , , , , , , , , , , , , , , , 
6.81,6.8,26/11/2025 15:18:44*,6.270, , , , , , , , , , , , , , , , , , , , , , , , , , , , , , , , , , , , , , , , , , , , , , , , , , , , , , , , , , , , , , , , , , , , , , , , , , , , , , , , , , , , , , , , , , , , , , , 
6.91,6.9,26/11/2025 15:18:44*,6.026, , , , , , , , , , , , , , , , , , , , , , , , , , , , , , , , , , , , , , , , , , , , , , , , , , , , , , , , , , , , , , , , , , , , , , , , , , , , , , , , , , , , , , , , , , , , , , , 
7.01,7.0,26/11/2025 15:18:44*,5.706, , , , , , , , , , , , , , , , , , , , , , , , , , , , , , , , , , , , , , , , , , , , , , , , , , , , , , , , , , , , , , , , , , , , , , , , , , , , , , , , , , , , , , , , , , , , , , , 
7.11,7.1,26/11/2025 15:18:44*,6.143, , , , , , , , , , , , , , , , , , , , , , , , , , , , , , , , , , , , , , , , , , , , , , , , , , , , , , , , , , , , , , , , , , , , , , , , , , , , , , , , , , , , , , , , , , , , , , , 
7.21,7.2,26/11/2025 15:18:44*,6.021, , , , , , , , , , , , , , , , , , , , , , , , , , , , , , , , , , , , , , , , , , , , , , , , , , , , , , , , , , , , , , , , , , , , , , , , , , , , , , , , , , , , , , , , , , , , , , , 
7.31,7.3,26/11/2025 15:18:44*,6.339, , , , , , , , , , , , , , , , , , , , , , , , , , , , , , , , , , , , , , , , , , , , , , , , , , , , , , , , , , , , , , , , , , , , , , , , , , , , , , , , , , , , , , , , , , , , , , , 
7.41,7.4,26/11/2025 15:18:44*,6.169, , , , , , , , , , , , , , , , , , , , , , , , , , , , , , , , , , , , , , , , , , , , , , , , , , , , , , , , , , , , , , , , , , , , , , , , , , , , , , , , , , , , , , , , , , , , , , , 
7.51,7.5,26/11/2025 15:18:44*,6.730, , , , , , , , , , , , , , , , , , , , , , , , , , , , , , , , , , , , , , , , , , , , , , , , , , , , , , , , , , , , , , , , , , , , , , , , , , , , , , , , , , , , , , , , , , , , , , , 
7.61,7.6,26/11/2025 15:18:44*,6.714, , , , , , , , , , , , , , , , , , , , , , , , , , , , , , , , , , , , , , , , , , , , , , , , , , , , , , , , , , , , , , , , , , , , , , , , , , , , , , , , , , , , , , , , , , , , , , , 
7.71,7.7,26/11/2025 15:18:44*,6.779, , , , , , , , , , , , , , , , , , , , , , , , , , , , , , , , , , , , , , , , , , , , , , , , , , , , , , , , , , , , , , , , , , , , , , , , , , , , , , , , , , , , , , , , , , , , , , , 
7.81,7.8,26/11/2025 15:18:44*,6.468, , , , , , , , , , , , , , , , , , , , , , , , , , , , , , , , , , , , , , , , , , , , , , , , , , , , , , , , , , , , , , , , , , , , , , , , , , , , , , , , , , , , , , , , , , , , , , , 
7.91,7.9,26/11/2025 15:18:44*,6.658, , , , , , , , , , , , , , , , , , , , , , , , , , , , , , , , , , , , , , , , , , , , , , , , , , , , , , , , , , , , , , , , , , , , , , , , , , , , , , , , , , , , , , , , , , , , , , , 
8.01,8.0,26/11/2025 15:18:44*,6.476, , , , , , , , , , , , , , , , , , , , , , , , , , , , , , , , , , , , , , , , , , , , , , , , , , , , , , , , , , , , , , , , , , , , , , , , , , , , , , , , , , , , , , , , , , , , , , , 
8.11,8.1,26/11/2025 15:18:44*,6.735, , , , , , , , , , , , , , , , , , , , , , , , , , , , , , , , , , , , , , , , , , , , , , , , , , , , , , , , , , , , , , , , , , , , , , , , , , , , , , , , , , , , , , , , , , , , , , , 
8.21,8.2,26/11/2025 15:18:44*,6.912, , , , , , , , , , , , , , , , , , , , , , , , , , , , , , , , , , , , , , , , , , , , , , , , , , , , , , , , , , , , , , , , , , , , , , , , , , , , , , , , , , , , , , , , , , , , , , , 
8.31,8.3,26/11/2025 15:18:44*,6.801, , , , , , , , , , , , , , , , , , , , , , , , , , , , , , , , , , , , , , , , , , , , , , , , , , , , , , , , , , , , , , , , , , , , , , , , , , , , , , , , , , , , , , , , , , , , , , , 
8.41,8.4,26/11/2025 15:18:44*,7.132, , , , , , , , , , , , , , , , , , , , , , , , , , , , , , , , , , , , , , , , , , , , , , , , , , , , , , , , , , , , , , , , , , , , , , , , , , , , , , , , , , , , , , , , , , , , , , , 
8.51,8.5,26/11/2025 15:18:44*,7.439, , , , , , , , , , , , , , , , , , , , , , , , , , , , , , , , , , , , , , , , , , , , , , , , , , , , , , , , , , , , , , , , , , , , , , , , , , , , , , , , , , , , , , , , , , , , , , , 
8.61,8.6,26/11/2025 15:18:44*,7.008, , , , , , , , , , , , , , , , , , , , , , , , , , , , , , , , , , , , , , , , , , , , , , , , , , , , , , , , , , , , , , , , , , , , , , , , , , , , , , , , , , , , , , , , , , , , , , , 
8.71,8.7,26/11/2025 15:18:44*,7.811, , , , , , , , , , , , , , , , , , , , , , , , , , , , , , , , , , , , , , , , , , , , , , , , , , , , , , , , , , , , , , , , , , , , , , , , , , , , , , , , , , , , , , , , , , , , , , , 
8.81,8.8,26/11/2025 15:18:44*,7.582, , , , , , , , , , , , , , , , , , , , , , , , , , , , , , , , , , , , , , , , , , , , , , , , , , , , , , , , , , , , , , , , , , , , , , , , , , , , , , , , , , , , , , , , , , , , , , , 
8.91,8.9,26/11/2025 15:18:44*,7.974, , , , , , , , , , , , , , , , , , , , , , , , , , , , , , , , , , , , , , , , , , , , , , , , , , , , , , , , , , , , , , , , , , , , , , , , , , , , , , , , , , , , , , , , , , , , , , , 
9.01,9.0,26/11/2025 15:18:44*,7.391, , , , , , , , , , , , , , , , , , , , , , , , , , , , , , , , , , , , , , , , , , , , , , , , , , , , , , , , , , , , , , , , , , , , , , , , , , , , , , , , , , , , , , , , , , , , , , , 
9.11,9.1,26/11/2025 15:18:44*,7.364, , , , , , , , , , , , , , , , , , , , , , , , , , , , , , , , , , , , , , , , , , , , , , , , , , , , , , , , , , , , , , , , , , , , , , , , , , , , , , , , , , , , , , , , , , , , , , , 
9.21,9.2,26/11/2025 15:18:44*,7.592, , , , , , , , , , , , , , , , , , , , , , , , , , , , , , , , , , , , , , , , , , , , , , , , , , , , , , , , , , , , , , , , , , , , , , , , , , , , , , , , , , , , , , , , , , , , , , , 
9.31,9.3,26/11/2025 15:18:44*,8.441, , , , , , , , , , , , , , , , , , , , , , , , , , , , , , , , , , , , , , , , , , , , , , , , , , , , , , , , , , , , , , , , , , , , , , , , , , , , , , , , , , , , , , , , , , , , , , , 
9.41,9.4,26/11/2025 15:18:44*,9.451, , , , , , , , , , , , , , , , , , , , , , , , , , , , , , , , , , , , , , , , , , , , , , , , , , , , , , , , , , , , , , , , , , , , , , , , , , , , , , , , , , , , , , , , , , , , , , , 
9.51,9.5,26/11/2025 15:18:44*,9.719, , , , , , , , , , , , , , , , , , , , , , , , , , , , , , , , , , , , , , , , , , , , , , , , , , , , , , , , , , , , , , , , , , , , , , , , , , , , , , , , , , , , , , , , , , , , , , , 
9.61,9.6,26/11/2025 15:18:44*,9.362, , , , , , , , , , , , , , , , , , , , , , , , , , , , , , , , , , , , , , , , , , , , , , , , , , , , , , , , , , , , , , , , , , , , , , , , , , , , , , , , , , , , , , , , , , , , , , , 
9.71,9.7,26/11/2025 15:18:44*,9.826, , , , , , , , , , , , , , , , , , , , , , , , , , , , , , , , , , , , , , , , , , , , , , , , , , , , , , , , , , , , , , , , , , , , , , , , , , , , , , , , , , , , , , , , , , , , , , , 
9.81,9.8,26/11/2025 15:18:44*,10.070, , , , , , , , , , , , , , , , , , , , , , , , , , , , , , , , , , , , , , , , , , , , , , , , , , , , , , , , , , , , , , , , , , , , , , , , , , , , , , , , , , , , , , , , , , , , , , , 
9.91,9.9,26/11/2025 15:18:44*,10.347, , , , , , , , , , , , , , , , , , , , , , , , , , , , , , , , , , , , , , , , , , , , , , , , , , , , , , , , , , , , , , , , , , , , , , , , , , , , , , , , , , , , , , , , , , , , , , , 
10.01,10.0,26/11/2025 15:18:44*,10.197, , , , , , , , , , , , , , , , , , , , , , , , , , , , , , , , , , , , , , , , , , , , , , , , , , , , , , , , , , , , , , , , , , , , , , , , , , , , , , , , , , , , , , , , , , , , , , , 
10.11,10.1,26/11/2025 15:18:44*,10.337, , , , , , , , , , , , , , , , , , , , , , , , , , , , , , , , , , , , , , , , , , , , , , , , , , , , , , , , , , , , , , , , , , , , , , , , , , , , , , , , , , , , , , , , , , , , , , , 
10.21,10.2,26/11/2025 15:18:44*,10.709, , , , , , , , , , , , , , , , , , , , , , , , , , , , , , , , , , , , , , , , , , , , , , , , , , , , , , , , , , , , , , , , , , , , , , , , , , , , , , , , , , , , , , , , , , , , , , , 
10.31,10.3,26/11/2025 15:18:44*,10.922, , , , , , , , , , , , , , , , , , , , , , , , , , , , , , , , , , , , , , , , , , , , , , , , , , , , , , , , , , , , , , , , , , , , , , , , , , , , , , , , , , , , , , , , , , , , , , , 
10.41,10.4,26/11/2025 15:18:44*,11.036, , , , , , , , , , , , , , , , , , , , , , , , , , , , , , , , , , , , , , , , , , , , , , , , , , , , , , , , , , , , , , , , , , , , , , , , , , , , , , , , , , , , , , , , , , , , , , , 
10.51,10.5,26/11/2025 15:18:44*,10.720, , , , , , , , , , , , , , , , , , , , , , , , , , , , , , , , , , , , , , , , , , , , , , , , , , , , , , , , , , , , , , , , , , , , , , , , , , , , , , , , , , , , , , , , , , , , , , , 
10.61,10.6,26/11/2025 15:18:44*,10.923, , , , , , , , , , , , , , , , , , , , , , , , , , , , , , , , , , , , , , , , , , , , , , , , , , , , , , , , , , , , , , , , , , , , , , , , , , , , , , , , , , , , , , , , , , , , , , , 
10.71,10.7,26/11/2025 15:18:44*,11.315, , , , , , , , , , , , , , , , , , , , , , , , , , , , , , , , , , , , , , , , , , , , , , , , , , , , , , , , , , , , , , , , , , , , , , , , , , , , , , , , , , , , , , , , , , , , , , , 
10.81,10.8,26/11/2025 15:18:44*,11.820, , , , , , , , , , , , , , , , , , , , , , , , , , , , , , , , , , , , , , , , , , , , , , , , , , , , , , , , , , , , , , , , , , , , , , , , , , , , , , , , , , , , , , , , , , , , , , , 
10.91,10.9,26/11/2025 15:18:44*,11.913, , , , , , , , , , , , , , , , , , , , , , , , , , , , , , , , , , , , , , , , , , , , , , , , , , , , , , , , , , , , , , , , , , , , , , , , , , , , , , , , , , , , , , , , , , , , , , , 
11.01,11.0,26/11/2025 15:18:44*,12.607, , , , , , , , , , , , , , , , , , , , , , , , , , , , , , , , , , , , , , , , , , , , , , , , , , , , , , , , , , , , , , , , , , , , , , , , , , , , , , , , , , , , , , , , , , , , , , , 
11.11,11.1,26/11/2025 15:18:44*,12.534, , , , , , , , , , , , , , , , , , , , , , , , , , , , , , , , , , , , , , , , , , , , , , , , , , , , , , , , , , , , , , , , , , , , , , , , , , , , , , , , , , , , , , , , , , , , , , , 
11.21,11.2,26/11/2025 15:18:44*,12.961, , , , , , , , , , , , , , , , , , , , , , , , , , , , , , , , , , , , , , , , , , , , , , , , , , , , , , , , , , , , , , , , , , , , , , , , , , , , , , , , , , , , , , , , , , , , , , , 
11.31,11.3,26/11/2025 15:18:44*,13.169, , , , , , , , , , , , , , , , , , , , , , , , , , , , , , , , , , , , , , , , , , , , , , , , , , , , , , , , , , , , , , , , , , , , , , , , , , , , , , , , , , , , , , , , , , , , , , , 
11.41,11.4,26/11/2025 15:18:44*,12.163, , , , , , , , , , , , , , , , , , , , , , , , , , , , , , , , , , , , , , , , , , , , , , , , , , , , , , , , , , , , , , , , , , , , , , , , , , , , , , , , , , , , , , , , , , , , , , , 
11.51,11.5,26/11/2025 15:18:44*,13.332, , , , , , , , , , , , , , , , , , , , , , , , , , , , , , , , , , , , , , , , , , , , , , , , , , , , , , , , , , , , , , , , , , , , , , , , , , , , , , , , , , , , , , , , , , , , , , , 
11.61,11.6,26/11/2025 15:18:44*,13.555, , , , , , , , , , , , , , , , , , , , , , , , , , , , , , , , , , , , , , , , , , , , , , , , , , , , , , , , , , , , , , , , , , , , , , , , , , , , , , , , , , , , , , , , , , , , , , , 
11.71,11.7,26/11/2025 15:18:44*,13.135, , , , , , , , , , , , , , , , , , , , , , , , , , , , , , , , , , , , , , , , , , , , , , , , , , , , , , , , , , , , , , , , , , , , , , , , , , , , , , , , , , , , , , , , , , , , , , , 
11.81,11.8,26/11/2025 15:18:44*,14.162, , , , , , , , , , , , , , , , , , , , , , , , , , , , , , , , , , , , , , , , , , , , , , , , , , , , , , , , , , , , , , , , , , , , , , , , , , , , , , , , , , , , , , , , , , , , , , , 
11.91,11.9,26/11/2025 15:18:44*,15.370, , , , , , , , , , , , , , , , , , , , , , , , , , , , , , , , , , , , , , , , , , , , , , , , , , , , , , , , , , , , , , , , , , , , , , , , , , , , , , , , , , , , , , , , , , , , , , , 
12.01,12.0,26/11/2025 15:18:44*,15.500, , , , , , , , , , , , , , , , , , , , , , , , , , , , , , , , , , , , , , , , , , , , , , , , , , , , , , , , , , , , , , , , , , , , , , , , , , , , , , , , , , , , , , , , , , , , , , , 
12.11,12.1,26/11/2025 15:18:44*,15.002, , , , , , , , , , , , , , , , , , , , , , , , , , , , , , , , , , , , , , , , , , , , , , , , , , , , , , , , , , , , , , , , , , , , , , , , , , , , , , , , , , , , , , , , , , , , , , , 
12.21,12.2,26/11/2025 15:18:44*,15.510, , , , , , , , , , , , , , , , , , , , , , , , , , , , , , , , , , , , , , , , , , , , , , , , , , , , , , , , , , , , , , , , , , , , , , , , , , , , , , , , , , , , , , , , , , , , , , , 
12.31,12.3,26/11/2025 15:18:44*,12.449, , , , , , , , , , , , , , , , , , , , , , , , , , , , , , , , , , , , , , , , , , , , , , , , , , , , , , , , , , , , , , , , , , , , , , , , , , , , , , , , , , , , , , , , , , , , , , , 
12.41,12.4,26/11/2025 15:18:44*,-58.577, , , , , , , , , , , , , , , , , , , , , , , , , , , , , , , , , , , , , , , , , , , , , , , , , , , , , , , , , , , , , , , , , , , , , , , , , , , , , , , , , , , , , , , , , , , , , , , 
12.51,12.5,26/11/2025 15:18:44*,-75.527, , , , , , , , , , , , , , , , , , , , , , , , , , , , , , , , , , , , , , , , , , , , , , , , , , , , , , , , , , , , , , , , , , , , , , , , , , , , , , , , , , , , , , , , , , , , , , , 
12.61,12.6,26/11/2025 15:18:44*,-57.923, , , , , , , , , , , , , , , , , , , , , , , , , , , , , , , , , , , , , , , , , , , , , , , , , , , , , , , , , , , , , , , , , , , , , , , , , , , , , , , , , , , , , , , , , , , , , , , 
12.71,12.7,26/11/2025 15:18:44*,17.625, , , , , , , , , , , , , , , , , , , , , , , , , , , , , , , , , , , , , , , , , , , , , , , , , , , , , , , , , , , , , , , , , , , , , , , , , , , , , , , , , , , , , , , , , , , , , , , 
12.81,12.8,26/11/2025 15:18:44*,14.380, , , , , , , , , , , , , , , , , , , , , , , , , , , , , , , , , , , , , , , , , , , , , , , , , , , , , , , , , , , , , , , , , , , , , , , , , , , , , , , , , , , , , , , , , , , , , , , 
12.91,12.9,26/11/2025 15:18:44*,13.903, , , , , , , , , , , , , , , , , , , , , , , , , , , , , , , , , , , , , , , , , , , , , , , , , , , , , , , , , , , , , , , , , , , , , , , , , , , , , , , , , , , , , , , , , , , , , , , 
13.01,13.0,26/11/2025 15:18:44*,14.249, , , , , , , , , , , , , , , , , , , , , , , , , , , , , , , , , , , , , , , , , , , , , , , , , , , , , , , , , , , , , , , , , , , , , , , , , , , , , , , , , , , , , , , , , , , , , , , 
13.10,13.1,26/11/2025 15:18:44,15.263,11.903,1181247.111,15.5,962070.0,627984.0,958546.08,5588.78,1953.29,8858.50,1478.67,17451.30,662.64,118.57,78.02,3511.52,119.76,683.48,146.67,1723.24,72.15,51.23,22.13,153.24,52.90,80.66,33.57,7.94,1.81,3092.05,281.44,4.59,0.56,19.28,1.01,8.46,2.45,0.00,0.00,2.09,1.51,2.37,3.98,3.69,4.89,18.84,22.45,71.11,9.53,2.96,4.90,80675.12,9267.75,3239.10,16737.81,2793.89,37334.17,1417.61,271.69,178.78,8767.92,299.02,823.32,176.68,2411.17,100.95,85.48,36.93,273.57,94.44,117.89,49.07,11.41,2.60,4420.84,402.39,5.85,0.71,24.14,1.27,10.53,3.05,0.00,0.00,2.47,1.79,3.20,5.38,4.92,6.52,21.04,25.07,76.60,10.26,3.36,5.56
13.20,13.2,26/11/2025 15:18:44,15.090,4.428,,15.4,971884.0,628423.0,955400.42,6406.05,2029.27,9966.34,1650.65,18846.09,710.65,63.88,50.26,3631.33,123.78,634.29,143.80,1789.26,74.13,53.38,23.05,108.35,53.38,72.06,32.54,0.66,0.16,2909.17,263.90,4.25,0.54,9.82,0.46,7.59,2.52,0.00,0.00,1.92,1.52,1.96,4.05,3.14,4.96,20.45,22.99,65.97,9.37,3.60,5.05,86935.57,10622.99,3365.09,18831.02,3118.84,40318.09,1520.32,146.38,115.17,9067.09,309.07,764.07,173.23,2503.55,103.73,89.07,38.45,193.43,95.30,105.32,47.57,0.95,0.22,4159.37,377.30,5.41,0.69,12.29,0.58,9.45,3.13,0.00,0.00,2.27,1.79,2.65,5.47,4.18,6.61,22.84,25.66,71.06,10.09,4.09,5.73
13.30,13.3,26/11/2025 15:18:44,14.966,11.173,,15.4,973745.0,627024.0,954171.97,5097.15,1964.70,10451.88,1723.18,20687.73,770.38,31.00,28.50,3428.23,118.23,812.24,161.60,1867.88,75.03,97.20,32.22,175.50,54.45,88.82,35.49,93.71,17.66,2844.63,257.39,4.46,0.56,23.99,1.35,9.10,2.53,0.00,0.00,2.85,1.54,3.19,4.14,3.75,4.99,28.83,23.01,71.47,9.74,4.41,5.06,89662.81,8452.48,3258.02,19748.43,3255.88,44257.98,1648.10,71.03,65.31,8559.97,295.22,978.43,194.67,2613.55,104.98,162.18,53.76,313.31,97.21,129.81,51.87,134.65,25.38,4067.09,368.01,5.67,0.71,30.03,1.69,11.33,3.15,0.00,0.00,3.37,1.82,4.31,5.59,5.00,6.66,32.19,25.69,76.98,10.49,5.01,5.74
13.40,13.4,26/11/2025 15:18:44,13.850,3.369,,15.4,973195.0,624701.0,954495.45,4978.33,2046.17,10024.18,1661.01,20803.87,774.97,189.94,116.86,3725.68,126.35,729.19,153.78,1854.09,75.07,99.26,32.76,161.35,54.53,93.02,36.42,98.76,25.90,2625.90,236.70,4.78,0.57,6.29,0.29,8.89,2.50,0.00,0.00,3.46,1.52,1.58,4.04,4.84,5.02,13.36,23.13,73.94,9.61,3.85,4.92,89535.23,8255.44,3393.11,18940.32,3138.41,44506.45,1657.91,435.22,267.77,9302.67,315.49,878.38,185.24,2594.25,105.03,165.62,54.66,288.03,97.35,135.96,53.23,141.90,37.22,3754.37,338.42,6.08,0.72,7.87,0.36,11.06,3.11,0.00,0.00,4.09,1.80,2.14,5.46,6.45,6.70,14.92,25.82,79.65,10.35,4.37,5.58
13.50,13.5,26/11/2025 15:18:44,14.627,5.288,,15.5,962388.0,616206.0,954110.04,7911.08,2095.47,10458.72,1725.78,18827.37,709.92,20.35,20.03,3551.90,121.23,682.84,148.13,1757.07,74.14,82.16,29.29,121.67,53.12,84.69,34.52,53.05,10.65,2224.43,198.75,4.05,0.53,6.05,0.28,7.61,2.42,0.00,0.00,3.23,1.48,2.75,3.92,3.61,4.83,17.05,22.77,66.54,9.24,3.73,4.84,89218.76,13118.75,3474.87,19761.35,3260.79,40278.05,1518.75,46.63,45.91,8868.74,302.71,822.56,178.44,2458.50,103.73,137.09,48.88,217.20,94.82,123.78,50.45,76.23,15.31,3180.37,284.16,5.15,0.68,7.57,0.35,9.48,3.01,0.00,0.00,3.82,1.76,3.71,5.30,4.82,6.44,19.04,25.43,71.68,9.96,4.24,5.49
13.60,13.6,26/11/2025 15:18:44,14.499,7.742,1181244.197,15.6,952961.0,608119.0,957058.70,4666.87,1924.19,10017.20,1655.60,19753.41,738.56,28.50,26.24,3640.97,123.38,675.75,145.73,1771.14,72.79,33.67,17.09,149.33,53.05,96.36,36.54,9.03,2.02,1971.40,175.09,4.50,0.55,6.15,0.28,7.81,2.35,0.00,0.00,1.48,1.40,4.06,3.83,5.74,4.70,26.20,22.54,67.99,9.19,3.73,4.83,84813.83,7738.96,3190.85,18927.13,3128.20,42259.15,1580.03,65.29,60.13,9091.16,308.07,814.02,175.55,2478.19,101.84,56.17,28.52,266.59,94.71,140.84,53.40,12.97,2.90,2818.60,250.33,5.72,0.69,7.70,0.35,9.72,2.93,0.00,0.00,1.76,1.66,5.48,5.17,7.66,6.27,29.25,25.17,73.24,9.90,4.24,5.48
13.70,13.7,26/11/2025 15:18:44,13.867,6.947,,15.6,954525.0,603133.0,955433.87,6014.50,2028.16,10038.21,1660.50,20590.82,766.55,36.30,32.16,3150.15,110.37,648.72,143.32,1782.88,72.98,25.36,16.89,168.70,53.12,102.81,37.81,11.46,2.54,1873.41,165.92,4.45,0.55,5.96,0.28,7.72,2.41,0.00,0.00,1.31,1.39,4.01,3.78,2.50,4.67,29.32,22.43,63.32,9.04,4.23,4.69,87543.52,9973.69,3363.25,18966.83,3137.44,44050.66,1639.90,83.18,73.68,7865.62,275.58,781.45,172.65,2494.62,102.12,42.31,28.18,301.15,94.83,150.27,55.26,16.46,3.65,2678.50,237.22,5.66,0.70,7.46,0.35,9.60,3.00,0.00,0.00,1.55,1.65,5.42,5.11,3.33,6.23,32.74,25.05,68.21,9.73,4.80,5.32
13.80,13.8,26/11/2025 15:18:44,13.884,8.861,,15.6,952793.0,600156.0,952182.36,8408.95,2116.67,10638.43,1752.14,20207.11,754.53,105.65,72.75,3785.84,127.41,592.11,138.89,1775.98,73.58,22.75,17.21,134.55,53.38,84.24,34.45,88.46,24.98,1818.80,160.79,4.72,0.55,40.13,2.92,9.39,2.41,0.00,0.00,2.03,1.42,2.28,3.85,1.89,4.70,27.21,22.79,63.60,9.16,3.52,4.80,93475.84,13944.35,3510.02,20100.92,3310.61,43229.77,1614.19,242.09,166.69,9452.87,318.13,713.26,167.31,2484.96,102.96,37.96,28.71,240.21,95.30,123.12,50.35,127.10,35.89,2600.41,229.88,6.01,0.71,50.24,3.66,11.69,2.99,0.00,0.00,2.40,1.68,3.08,5.20,2.52,6.27,30.38,25.44,68.51,9.87,3.99,5.44
13.90,13.9,26/11/2025 15:18:44,15.253,8.668,,15.6,960593.0,598965.0,954433.15,5849.12,2015.34,10470.77,1727.76,20503.31,764.75,53.01,43.85,3755.71,126.71,683.00,147.87,1785.15,73.99,45.86,20.59,172.42,53.86,76.64,33.08,92.90,25.26,1955.69,173.69,4.25,0.53,6.74,0.30,7.91,2.37,0.00,0.00,1.20,1.43,3.05,3.82,3.62,4.66,26.95,22.75,65.62,9.08,3.95,4.87,89731.91,9699.45,3342.00,19784.13,3264.53,43863.44,1636.05,121.46,100.47,9377.64,316.38,822.75,178.12,2497.80,103.53,76.52,34.35,307.80,96.15,112.01,48.35,133.49,36.29,2796.13,248.33,5.41,0.68,8.44,0.38,9.84,2.95,0.00,0.00,1.42,1.69,4.12,5.16,4.82,6.22,30.09,25.40,70.68,9.79,4.48,5.52
14.00,14.0,26/11/2025 15:18:44,15.563,11.313,,15.6,963582.0,606377.0,952363.73,7399.36,2086.74,10181.25,1683.05,20987.24,780.55,174.42,107.90,3687.05,125.06,692.18,149.65,1796.82,74.45,61.40,24.92,116.60,53.42,98.57,37.35,101.36,25.78,2212.32,197.50,4.71,0.56,8.17,0.37,8.84,2.50,0.00,0.00,3.06,1.48,2.61,3.88,2.23,4.79,29.16,22.95,64.95,9.25,3.96,4.94,93267.53,12270.17,3460.39,19237.09,3180.07,44898.73,1669.85,399.66,247.24,9206.22,312.27,833.81,180.27,2514.13,104.18,102.44,41.59,208.16,95.36,144.07,54.59,145.64,37.04,3163.05,282.38,5.99,0.71,10.23,0.47,11.00,3.11,0.00,0.00,3.62,1.75,3.52,5.24,2.97,6.39,32.56,25.63,69.97,9.97,4.49,5.61
14.10,14.1,26/11/2025 15:18:44,15.507,8.400,1181244.397,15.5,959585.0,613431.0,954190.75,7215.37,2031.77,10062.50,1663.12,19960.87,746.12,80.88,58.95,3473.08,118.97,634.76,143.02,1743.42,73.58,61.30,25.02,57.80,52.77,103.91,38.34,7.66,1.74,2265.35,202.51,5.11,0.57,19.98,1.06,9.32,2.46,0.00,0.00,2.55,1.48,1.65,3.91,3.09,4.86,21.71,22.95,75.96,9.41,2.97,4.85,89511.22,11965.07,3369.24,19012.72,3142.40,42702.98,1596.20,185.32,135.07,8671.95,297.05,764.64,172.28,2439.40,102.95,102.27,41.75,103.18,94.20,151.88,56.04,11.01,2.50,3238.87,289.54,6.50,0.73,25.01,1.33,11.60,3.06,0.00,0.00,3.02,1.75,2.23,5.28,4.13,6.48,24.24,25.62,81.83,10.14,3.37,5.50
14.20,14.2,26/11/2025 15:18:44,15.249,6.284,,15.5,964994.0,616985.0,955008.67,5190.84,1993.55,9956.54,1648.37,20625.88,768.41,27.88,25.98,3679.12,124.57,745.28,153.90,1790.89,74.10,40.64,19.06,177.50,53.97,118.49,41.33,47.56,9.64,2466.59,221.51,4.32,0.54,6.27,0.28,7.60,2.38,0.00,0.00,1.66,1.48,4.17,4.02,3.04,4.92,29.42,22.75,63.52,9.30,4.13,4.98,88493.10,8607.84,3305.85,18812.51,3114.53,44125.66,1643.90,63.89,59.52,9186.41,311.04,897.77,185.39,2505.82,103.68,67.81,31.79,316.88,96.34,173.18,60.40,68.33,13.86,3526.59,316.70,5.50,0.69,7.85,0.36,9.45,2.96,0.00,0.00,1.97,1.75,5.63,5.43,4.05,6.56,32.85,25.40,68.43,10.02,4.69,5.65
14.30,14.3,26/11/2025 15:18:44,15.455,6.351,,15.5,970637.0,619800.0,953926.53,5880.00,2034.22,10009.97,1658.02,20755.92,773.45,139.40,90.42,3745.04,126.77,732.00,153.87,1863.82,75.15,61.40,25.13,173.13,54.56,78.95,33.72,36.95,7.75,2456.26,220.59,4.56,0.56,11.85,0.56,8.89,2.46,0.00,0.00,2.21,1.50,4.13,3.98,1.74,4.89,29.71,23.05,74.07,9.64,3.48,5.01,90478.98,9750.66,3373.30,18913.46,3132.77,44403.86,1654.66,319.43,207.18,9351.01,316.54,881.77,185.35,2607.87,105.15,102.44,41.93,309.07,97.39,115.38,49.28,53.09,11.13,3511.82,315.39,5.80,0.71,14.83,0.71,11.07,3.06,0.00,0.00,2.62,1.78,5.58,5.38,2.32,6.52,33.17,25.74,79.79,10.39,3.95,5.68
14.40,14.4,26/11/2025 15:18:44,14.796,6.088,,15.4,975522.0,625864.0,953970.24,5099.39,1989.74,10209.77,1688.09,21138.79,785.99,144.00,92.85,3744.98,126.66,713.14,152.05,1868.07,75.46,58.61,24.56,146.55,54.41,79.64,33.98,20.92,4.60,2654.00,239.36,4.78,0.57,23.46,1.31,8.56,2.48,0.00,0.00,2.87,1.50,3.07,4.08,4.27,5.02,31.23,23.21,69.28,9.52,4.39,5.07,90598.01,8456.20,3299.54,19290.98,3189.58,45222.94,1681.51,329.97,212.74,9350.86,316.27,859.05,183.16,2613.82,105.58,97.79,40.97,261.61,97.14,116.40,49.67,30.06,6.61,3794.53,342.23,6.08,0.72,29.37,1.64,10.66,3.09,0.00,0.00,3.39,1.78,4.15,5.51,5.70,6.69,34.86,25.91,74.63,10.26,4.98,5.76
14.50,14.5,26/11/2025 15:18:44,14.652,5.818,,15.4,978432.0,627297.0,953413.50,5776.59,2008.22,10036.88,1661.57,21255.20,790.30,67.71,53.00,3660.64,125.03,606.75,142.63,1826.72,75.29,87.99,31.11,148.27,54.80,78.91,33.96,12.55,2.86,2908.74,263.73,4.84,0.57,6.27,0.29,7.72,2.51,0.00,0.00,2.85,1.54,4.45,4.12,3.88,5.04,13.50,23.33,71.66,9.61,4.41,5.09,91436.75,9579.18,3330.18,18964.30,3139.48,45471.98,1690.71,155.14,121.44,9140.25,312.20,730.89,171.82,2555.96,105.35,146.81,51.90,264.68,97.83,115.33,49.63,18.04,4.10,4158.75,377.06,6.15,0.73,7.85,0.36,9.61,3.12,0.00,0.00,3.37,1.82,6.01,5.56,5.18,6.73,15.07,26.05,77.19,10.35,5.00,5.77
14.60,14.6,26/11/2025 15:18:44,14.948,7.871,1181242.809,15.4,973965.0,629884.0,955829.77,5429.67,2025.16,9529.06,1584.41,19335.11,726.15,81.79,59.89,3460.33,118.98,819.87,161.94,1822.69,74.32,79.26,29.05,150.76,54.00,93.24,36.32,59.93,12.00,3187.34,290.43,4.65,0.57,8.96,0.41,8.77,2.49,0.00,0.00,3.65,1.55,3.77,4.10,4.56,5.07,15.74,22.96,67.21,9.61,3.87,5.08,86057.18,9003.90,3358.27,18004.80,2993.67,41364.28,1553.48,187.41,137.23,8640.12,297.07,987.62,195.07,2550.31,103.99,132.24,48.47,269.13,96.40,136.27,53.08,86.11,17.24,4557.08,415.25,5.92,0.73,11.21,0.52,10.92,3.10,0.00,0.00,4.31,1.83,5.09,5.54,6.08,6.76,17.58,25.64,72.40,10.36,4.39,5.77
14.70,14.7,26/11/2025 15:18:44,14.688,8.069,,15.4,988480.0,635446.0,953589.68,4999.35,1979.86,10274.87,1697.17,20413.60,762.10,74.92,56.22,3563.02,122.37,757.66,157.04,1852.46,75.63,31.29,17.74,147.32,55.14,87.49,35.61,143.52,26.26,3934.67,362.56,4.91,0.60,7.04,0.32,11.26,2.65,0.00,0.00,3.17,1.59,2.71,4.23,2.47,5.26,22.25,23.45,72.81,10.02,3.54,5.16,90370.56,8290.30,3283.15,19413.99,3206.74,43671.53,1630.38,171.67,128.82,8896.51,305.56,912.68,189.17,2591.97,105.83,52.20,29.60,262.99,98.43,127.87,52.05,206.21,37.73,5625.57,518.37,6.25,0.76,8.82,0.40,14.01,3.30,0.00,0.00,3.75,1.88,3.66,5.72,3.29,7.02,24.85,26.19,78.43,10.80,4.02,5.85
14.80,14.8,26/11/2025 15:18:44,14.579,7.738,,15.3,994461.0,638853.0,952534.16,6225.56,2065.75,10177.27,1684.95,19960.99,748.77,150.41,96.69,3372.30,117.79,720.01,153.94,1897.90,76.65,132.13,38.01,106.67,54.53,105.17,39.10,101.70,19.31,4380.70,405.87,5.24,0.62,12.04,0.57,9.02,2.64,0.00,0.00,2.44,1.61,5.22,4.34,4.16,5.36,19.25,23.52,71.82,10.12,5.87,5.38,91672.27,10323.69,3425.58,19229.57,3183.65,42703.23,1601.87,344.65,221.54,8420.31,294.11,867.32,185.44,2655.55,107.25,220.45,63.42,190.42,97.35,153.71,57.15,146.12,27.75,6263.27,580.29,6.67,0.79,15.07,0.72,11.23,3.28,0.00,0.00,2.88,1.90,7.06,5.86,5.54,7.15,21.49,26.26,77.37,10.90,6.66,6.10
14.90,14.9,26/11/2025 15:18:44,13.870,9.193,,15.3,999138.0,641648.0,951259.55,5446.57,2081.86,10096.09,1673.45,21181.09,788.77,173.51,108.27,3565.52,122.51,940.53,177.71,2012.09,77.86,128.13,37.77,146.19,55.69,104.85,39.25,112.11,21.09,4697.01,436.49,5.16,0.63,6.65,0.31,10.34,2.78,0.00,0.00,5.34,1.68,5.17,4.48,3.77,5.48,20.58,23.77,74.06,10.26,5.69,5.51,94330.08,9031.92,3452.30,19076.19,3161.92,45313.44,1687.45,397.57,248.08,8902.76,305.88,1132.97,214.07,2815.33,108.94,213.78,63.01,260.98,99.42,153.24,57.37,161.09,30.30,6715.53,624.06,6.57,0.80,8.32,0.39,12.87,3.46,0.00,0.00,6.31,1.98,6.98,6.04,5.02,7.30,22.97,26.54,79.78,11.06,6.45,6.25
15.00,15.0,26/11/2025 15:18:44,13.899,9.328,,15.3,1000453.0,644025.0,950704.54,5190.04,2074.60,10508.18,1737.19,21348.67,795.12,17.75,18.13,3624.24,124.69,907.43,174.40,1967.68,77.87,156.25,41.16,146.88,55.82,94.97,37.36,140.31,25.85,5060.18,471.91,4.96,0.62,6.62,0.31,9.69,2.75,0.00,0.00,3.88,1.67,5.22,4.50,2.18,5.52,16.66,23.84,76.44,10.36,7.21,5.53,95318.05,8606.52,3440.26,19854.81,3282.36,45671.95,1701.02,40.67,41.55,9049.39,311.33,1093.09,210.09,2753.19,108.95,260.70,68.68,262.21,99.65,138.80,54.61,201.61,37.15,7234.76,674.71,6.32,0.79,8.29,0.39,12.06,3.42,0.00,0.00,4.59,1.98,7.05,6.07,2.90,7.36,18.61,26.62,82.35,11.16,8.18,6.27
15.10,15.1,26/11/2025 15:18:44,14.423,6.020,1181244.065,15.3,998194.0,646646.0,952771.10,5523.59,1980.82,9693.39,1610.62,20052.78,751.60,66.29,51.82,3470.69,119.97,776.67,159.42,1986.77,77.34,122.70,36.90,145.46,55.30,96.06,37.45,95.42,18.38,5071.17,473.25,4.73,0.62,6.52,0.31,7.00,2.69,0.00,0.00,4.53,1.68,3.02,4.49,2.59,5.52,26.96,23.64,69.05,10.14,3.54,5.47,91044.51,9159.63,3284.75,18315.29,3043.20,42899.61,1607.93,151.89,118.75,8665.97,299.55,935.58,192.03,2779.90,108.21,204.72,61.57,259.67,98.72,140.39,54.74,137.11,26.41,7250.47,676.62,6.02,0.78,8.16,0.39,8.71,3.35,0.00,0.00,5.35,1.99,4.08,6.06,3.45,7.36,30.10,26.39,74.38,10.93,4.02,6.20
15.20,15.2,26/11/2025 15:18:44,14.530,6.811,,15.3,997159.0,648036.0,953754.96,5299.71,2036.58,9734.96,1617.64,19390.70,729.40,136.56,89.00,3530.07,121.71,664.36,148.28,1815.52,75.77,75.98,28.89,159.36,55.11,99.70,37.98,114.14,21.51,5079.94,474.25,4.86,0.61,13.06,0.63,9.90,2.70,0.00,0.00,4.37,1.63,3.57,4.41,3.38,5.51,27.43,23.42,73.79,10.23,3.66,5.27,89280.79,8788.38,3377.21,18393.84,3056.48,41483.20,1560.44,312.92,203.93,8814.25,303.91,800.29,178.62,2540.29,106.01,126.78,48.20,284.48,98.38,145.71,55.51,164.00,30.91,7263.01,678.05,6.18,0.78,16.35,0.79,12.32,3.36,0.00,0.00,5.17,1.93,4.82,5.96,4.51,7.35,30.63,26.15,79.49,11.02,4.15,5.98
15.30,15.3,26/11/2025 15:18:44,14.455,10.385,,15.3,1002468.0,650734.0,951694.62,7114.97,2083.32,9862.42,1636.80,19157.34,722.53,132.94,87.71,3647.01,125.15,736.37,155.94,1925.35,77.10,123.78,37.36,137.72,55.62,91.68,36.72,85.18,16.69,5168.19,482.76,4.58,0.60,6.46,0.31,10.16,2.80,0.00,0.00,2.80,1.65,3.13,4.52,3.16,5.53,12.19,23.80,74.93,10.37,5.00,5.45,92645.36,11798.59,3454.72,18634.68,3092.67,40983.97,1545.72,304.62,200.96,9106.24,312.48,887.03,187.85,2693.97,107.88,206.53,62.34,245.86,99.29,134.00,53.67,122.38,23.97,7389.19,690.22,5.83,0.77,8.09,0.38,12.64,3.49,0.00,0.00,3.31,1.95,4.23,6.10,4.22,7.38,13.61,26.57,80.72,11.17,5.67,6.19
15.40,15.4,26/11/2025 15:18:44,14.270,10.252,,15.2,1001618.0,653451.0,955187.19,4673.55,2026.54,9374.29,1563.90,19003.25,717.28,123.14,82.58,3271.60,115.12,734.98,155.19,1850.40,75.92,77.64,29.53,192.07,56.05,77.93,33.99,151.41,27.89,5158.26,482.11,4.96,0.63,6.51,0.31,9.17,2.78,0.00,0.00,4.10,1.65,3.08,4.45,2.68,5.51,12.74,23.54,73.35,10.22,7.70,5.46,86361.49,7750.03,3360.56,17712.37,2954.92,40654.32,1534.49,282.16,189.21,8168.87,287.43,885.36,186.94,2589.09,106.23,129.54,49.28,342.88,100.05,113.90,49.67,217.55,40.07,7374.99,689.29,6.31,0.80,8.15,0.38,11.42,3.45,0.00,0.00,4.85,1.96,4.16,6.02,3.58,7.34,14.23,26.28,79.01,11.01,8.74,6.20
15.50,15.5,26/11/2025 15:18:44,14.250,14.951,,15.2,1003361.0,652296.0,953709.91,6085.13,2048.57,9013.01,1507.69,19192.50,722.95,136.80,88.92,3398.29,118.40,731.43,155.86,1821.57,76.52,78.32,29.62,161.93,55.64,95.16,37.20,135.53,25.16,5300.46,495.89,5.19,0.63,14.31,0.70,10.26,2.71,0.00,0.00,2.68,1.63,5.28,4.54,1.63,5.48,20.10,23.60,74.85,10.20,5.67,5.51,88899.38,10090.82,3397.10,17029.74,2848.73,41059.19,1546.63,313.47,203.76,8485.21,295.64,881.08,187.75,2548.75,107.07,130.68,49.42,289.08,99.32,139.09,54.37,194.73,36.15,7578.29,708.99,6.60,0.80,17.91,0.88,12.77,3.38,0.00,0.00,3.17,1.93,7.13,6.13,2.18,7.30,22.44,26.35,80.63,10.99,6.43,6.25
15.60,15.6,26/11/2025 15:18:44,13.926,2.112,1181248.896,15.3,994068.0,650075.0,957624.20,3551.80,1939.80,8845.75,1481.32,18381.88,695.13,81.25,59.05,3398.25,117.47,779.85,158.31,1872.29,75.29,113.52,35.45,128.37,54.27,88.63,35.68,171.32,31.13,4844.05,451.52,4.47,0.59,6.50,0.30,9.23,2.67,0.00,0.00,3.99,1.62,4.55,4.34,3.01,5.37,14.06,23.27,67.34,9.94,5.71,5.36,82013.86,5889.87,3216.72,16713.72,2798.89,39324.99,1487.12,186.16,135.30,8485.09,293.30,939.41,190.71,2619.72,105.34,189.41,59.15,229.16,96.88,129.53,52.16,246.16,44.73,6925.75,645.55,5.69,0.74,8.13,0.38,11.49,3.32,0.00,0.00,4.72,1.92,6.14,5.86,4.01,7.17,15.70,25.98,72.54,10.70,6.48,6.08
15.70,15.7,26/11/2025 15:18:44,13.522,2.180,,15.3,996468.0,653867.0,956729.40,3744.24,1953.23,9460.00,1574.19,18822.12,710.05,38.34,33.62,3451.14,119.13,772.94,157.58,1851.64,75.38,39.54,19.30,180.33,55.42,76.07,33.49,163.09,29.77,4544.46,422.25,4.68,0.59,6.54,0.30,13.34,2.72,0.00,0.00,3.69,1.63,3.96,4.35,1.69,5.39,18.58,23.35,71.32,9.94,2.90,5.30,83951.43,6208.99,3238.99,17874.31,2974.37,40266.81,1519.03,87.86,77.03,8617.16,297.47,931.09,189.83,2590.82,105.47,65.97,32.19,321.91,98.94,111.18,48.95,234.34,42.78,6497.41,603.71,5.95,0.76,8.19,0.38,16.61,3.38,0.00,0.00,4.36,1.93,5.35,5.87,2.25,7.19,20.74,26.07,76.83,10.70,3.29,6.01
15.80,15.8,26/11/2025 15:18:44,13.657,6.217,,15.3,997647.0,655746.0,955954.79,6345.29,2050.14,8907.28,1491.16,18009.43,683.56,109.64,74.62,3334.22,116.15,641.94,145.40,1747.43,74.79,97.68,33.01,154.81,54.92,85.83,35.28,123.83,23.16,4362.65,404.61,4.70,0.60,6.47,0.30,8.53,2.55,0.00,0.00,3.00,1.60,4.31,4.33,2.71,5.33,15.75,23.36,75.89,10.01,3.81,5.21,84796.71,10522.24,3399.70,16829.98,2817.49,38528.20,1462.36,251.23,170.99,8325.24,290.01,773.28,175.16,2445.02,104.65,162.98,55.07,276.36,98.05,125.45,51.56,177.93,33.28,6237.47,578.49,5.98,0.76,8.10,0.38,10.61,3.18,0.00,0.00,3.55,1.89,5.83,5.85,3.62,7.11,17.59,26.09,81.75,10.78,4.32,5.91
15.90,15.9,26/11/2025 15:18:44,13.596,1.650,,15.2,1000891.0,657416.0,958762.50,4409.65,2020.34,8775.80,1473.01,17322.19,661.16,89.69,64.16,3040.83,108.57,612.09,142.00,1761.39,74.52,30.87,17.52,146.27,54.39,93.11,36.48,164.74,30.08,4451.48,413.42,4.76,0.61,6.26,0.30,8.58,2.69,0.00,0.00,3.67,1.60,2.94,4.29,3.27,5.37,232.55,130.93,71.92,9.96,5.46,5.25,79382.39,7312.42,3350.28,16581.55,2783.20,37057.96,1414.44,205.51,147.02,7592.65,271.10,737.32,171.05,2464.55,104.26,51.50,29.23,261.12,97.09,136.09,53.31,236.70,43.22,6364.47,591.09,6.05,0.77,7.83,0.37,10.68,3.35,0.00,0.00,4.34,1.89,3.97,5.79,4.36,7.16,259.65,146.18,77.47,10.73,6.19,5.96
16.00,16.0,26/11/2025 15:18:44,13.333,-0.660,,15.2,999414.0,658035.0,957830.27,4916.73,1983.14,9099.08,1520.58,17507.44,667.46,45.13,38.84,3175.40,112.06,700.56,150.93,1773.21,74.77,111.92,35.29,81.88,53.79,98.94,37.69,170.37,31.00,4367.35,405.21,4.67,0.59,6.15,0.29,9.48,2.61,0.00,0.00,3.55,1.61,3.67,4.29,2.35,5.36,12.03,23.33,75.51,10.06,4.31,5.26,81260.91,8153.29,3288.59,17192.37,2873.09,37454.28,1427.92,103.41,89.00,7928.67,279.81,843.90,181.81,2481.09,104.62,186.75,58.89,146.18,96.02,144.60,55.08,244.80,44.55,6244.19,579.34,5.94,0.76,7.70,0.37,11.80,3.24,0.00,0.00,4.20,1.90,4.96,5.80,3.13,7.14,13.43,26.05,81.34,10.84,4.89,5.97
16.10,16.1,26/11/2025 15:18:44,13.794,9.588,1181242.349,15.2,994506.0,656592.0,957956.57,4336.83,1937.31,9415.39,1565.98,17549.10,667.53,129.54,84.13,3105.07,109.87,574.81,138.46,1815.17,74.81,123.05,37.11,99.34,54.08,50.70,29.60,200.60,36.37,4530.46,421.09,4.93,0.61,6.44,0.30,9.41,2.65,0.00,0.00,4.35,1.62,3.82,4.31,3.56,5.32,1.10,23.38,74.36,9.98,5.38,5.31,81158.14,7191.66,3212.60,17790.04,2958.85,37543.41,1428.08,296.83,192.78,7753.07,274.34,692.42,166.79,2539.80,104.67,205.32,61.92,177.33,96.53,74.10,43.26,288.22,52.26,6477.40,602.06,6.28,0.77,8.06,0.38,11.72,3.30,0.00,0.00,5.15,1.91,5.15,5.82,4.75,7.10,1.22,26.11,80.10,10.75,6.10,6.03
16.20,16.2,26/11/2025 15:18:44,13.692,7.006,,15.2,1003649.0,659452.0,957126.35,5051.90,1991.85,9355.16,1559.35,17188.57,656.86,123.04,81.94,3293.59,115.83,601.72,142.53,1765.02,74.95,43.24,20.63,103.90,54.35,87.10,35.53,330.61,61.02,4802.45,447.61,4.58,0.59,6.63,0.31,8.67,2.68,0.00,0.00,4.98,1.64,7.67,4.42,3.53,5.43,15.40,23.41,70.80,9.95,5.09,5.28,82397.29,8377.44,3303.03,17676.22,2946.33,36772.12,1405.24,281.93,187.76,8223.78,289.22,724.84,171.69,2469.62,104.87,72.15,34.43,185.48,97.02,127.31,51.94,475.03,87.67,6866.28,639.97,5.83,0.75,8.30,0.38,10.79,3.33,0.00,0.00,5.89,1.94,10.36,5.98,4.70,7.24,17.20,26.14,76.27,10.72,5.78,5.99
16.30,16.3,26/11/2025 15:18:44,13.664,9.787,,15.2,1009424.0,661800.0,958379.47,4094.43,1991.51,8906.64,1492.54,17167.97,656.47,64.98,50.64,3182.39,112.22,567.59,138.88,1801.80,75.43,128.79,38.00,144.51,54.85,82.71,34.76,190.37,34.81,5173.87,484.13,4.66,0.60,6.30,0.30,8.31,2.67,0.00,0.00,3.44,1.63,4.47,4.40,2.95,5.47,4.99,23.43,75.06,10.20,4.31,5.38,80040.41,6789.69,3302.48,16828.77,2820.11,36728.03,1404.40,148.89,116.04,7946.12,280.21,683.73,167.29,2521.09,105.54,214.89,63.40,257.98,97.92,120.88,50.80,273.53,50.01,7397.31,692.18,5.93,0.77,7.88,0.38,10.35,3.33,0.00,0.00,4.06,1.93,6.04,5.94,3.93,7.29,5.57,26.16,80.86,10.98,4.89,6.10
16.40,16.4,26/11/2025 15:18:44,13.720,16.529,,15.2,1012659.0,662673.0,953748.78,6691.57,2098.05,9436.69,1573.60,18017.02,685.16,135.62,88.19,3227.20,113.57,753.49,158.19,1857.58,77.03,132.37,38.99,137.38,55.86,89.11,36.33,166.21,30.64,5481.92,513.82,5.22,0.64,9.59,0.45,11.00,2.69,0.00,0.00,3.19,1.69,4.18,4.52,6.77,5.61,3.83,23.92,77.17,10.45,4.10,5.61,88162.49,11096.46,3479.15,17830.28,2973.26,38544.43,1465.79,310.75,202.08,8058.01,283.57,907.66,190.56,2599.13,107.78,220.86,65.05,245.26,99.71,130.25,53.09,238.81,44.03,7837.74,734.63,6.65,0.81,12.00,0.56,13.69,3.35,0.00,0.00,3.77,2.00,5.65,6.10,9.03,7.48,4.28,26.70,83.13,11.26,4.65,6.36
16.50,16.5,26/11/2025 15:18:44,13.678,16.132,,15.2,1019092.0,664138.0,954547.37,6036.63,2058.33,9002.69,1507.99,17618.15,672.36,10.31,10.91,3085.83,110.23,679.29,150.18,1922.80,77.04,130.76,38.38,148.08,55.60,79.41,34.42,274.28,50.08,6335.57,597.64,5.34,0.66,6.61,0.31,10.18,2.77,0.00,0.00,3.77,1.73,4.94,4.64,3.20,5.73,9.29,23.73,79.81,10.61,5.69,5.66,86145.94,10010.40,3413.28,17010.25,2849.28,37691.12,1438.41,23.63,25.01,7705.01,275.23,818.27,180.91,2690.39,107.80,218.18,64.03,264.36,99.27,116.06,50.30,394.09,71.96,9058.24,854.48,6.80,0.84,8.27,0.39,12.67,3.45,0.00,0.00,4.45,2.04,6.68,6.27,4.27,7.64,10.38,26.49,85.97,11.42,6.45,6.43
16.60,16.6,26/11/2025 15:18:44,13.733,5.357,1181248.827,15.1,1018698.0,668230.0,957414.57,4097.10,1977.97,8900.27,1490.97,16456.64,632.85,51.27,41.85,3126.24,110.86,670.13,149.20,1794.13,75.47,146.72,40.55,92.69,54.66,82.92,34.92,266.30,48.67,6776.23,641.27,4.90,0.64,6.83,0.32,8.91,2.71,0.00,0.00,5.14,1.75,5.61,4.62,2.11,5.74,4.36,23.68,81.66,10.73,5.25,5.71,80801.64,6794.12,3280.02,16816.73,2817.13,35206.27,1353.89,117.47,95.90,7805.92,276.80,807.25,179.73,2510.36,105.60,244.81,67.66,165.48,97.58,121.19,51.04,382.63,69.93,9688.28,916.86,6.23,0.82,8.55,0.40,11.10,3.38,0.00,0.00,6.08,2.07,7.58,6.24,2.81,7.65,4.87,26.44,87.97,11.56,5.96,6.48
16.70,16.7,26/11/2025 15:18:44,13.187,3.041,,15.1,1023193.0,665942.0,956138.23,4987.13,2019.58,8485.92,1430.43,16932.89,649.83,101.54,71.06,3330.36,116.70,735.52,155.32,1875.71,76.67,114.65,36.39,102.57,55.24,81.79,34.92,259.58,47.49,6720.21,635.63,4.79,0.62,6.93,0.32,8.31,2.74,0.00,0.00,4.47,1.73,5.42,4.73,3.09,5.71,16.12,23.86,79.73,10.59,5.02,5.61,83214.30,8270.04,3349.02,16033.83,2702.75,36225.12,1390.20,232.67,162.82,8315.59,291.38,886.01,187.10,2624.51,107.28,191.30,60.71,183.11,98.61,119.54,51.03,372.97,68.24,9608.18,908.79,6.09,0.79,8.67,0.40,10.35,3.41,0.00,0.00,5.29,2.04,7.32,6.39,4.12,7.61,18.00,26.64,85.89,11.40,5.70,6.37
16.80,16.8,26/11/2025 15:18:44,12.350,1.524,,15.1,1031627.0,671013.0,953035.70,4238.01,1965.68,9685.93,1610.22,18427.70,699.04,50.77,42.19,3293.10,115.96,787.59,162.41,1954.13,78.47,195.31,46.20,132.07,56.26,83.69,35.54,248.48,45.44,7729.53,734.56,4.46,0.65,6.96,0.33,7.92,2.87,0.00,0.00,5.64,1.86,6.91,4.86,5.52,6.02,8.20,24.18,85.99,11.23,6.40,5.90,89022.74,7027.79,3259.64,18301.20,3042.45,39423.03,1495.48,116.32,96.67,8222.54,289.55,948.74,195.64,2734.23,109.79,325.87,77.08,235.77,100.43,122.32,51.95,357.03,65.29,11051.24,1050.23,5.68,0.83,8.71,0.41,9.85,3.58,0.00,0.00,6.67,2.20,9.33,6.57,7.36,8.03,9.16,27.00,92.63,12.10,7.26,6.70
16.90,16.9,26/11/2025 15:18:44,13.364,6.948,,15.1,1030906.0,671784.0,953356.15,3617.84,1922.32,9331.01,1555.34,18363.23,696.57,173.83,107.64,3495.51,120.90,879.54,171.77,1949.63,78.25,155.52,41.81,145.87,56.43,84.07,35.60,333.13,61.68,7969.45,758.14,5.38,0.68,10.39,0.49,11.22,2.94,0.00,0.00,7.57,2.02,6.14,4.89,3.86,6.02,14.17,24.13,79.80,11.17,6.68,6.11,88510.03,5999.37,3187.73,17630.59,2938.75,39285.10,1490.20,398.32,246.64,8727.95,301.88,1059.50,206.92,2727.93,109.48,259.48,69.75,260.40,100.74,122.88,52.03,478.66,88.62,11394.28,1083.94,6.84,0.86,13.00,0.61,13.96,3.66,0.00,0.00,8.95,2.39,8.29,6.60,5.15,8.03,15.82,26.94,85.97,12.03,7.58,6.93
17.00,17.0,26/11/2025 15:18:44,13.283,4.433,,15.1,1026082.0,668115.0,955439.93,4068.68,2023.09,8658.30,1457.41,17602.93,672.10,44.87,38.41,3323.38,116.34,847.20,167.66,1915.97,77.21,145.14,40.61,153.17,56.11,78.09,34.32,280.92,51.52,7299.13,692.41,5.05,0.65,6.88,0.32,12.15,2.90,0.00,0.00,5.30,1.78,7.84,4.80,2.05,5.86,9.25,23.92,86.66,11.17,7.11,5.88,84498.19,6747.00,3354.83,16359.54,2753.72,37658.56,1437.85,102.82,88.02,8298.15,290.50,1020.54,201.96,2680.84,108.04,242.16,67.75,273.43,100.17,114.13,50.16,403.64,74.02,10435.88,989.97,6.43,0.83,8.61,0.40,15.12,3.62,0.00,0.00,6.27,2.10,10.59,6.48,2.74,7.81,10.33,26.70,93.35,12.03,8.07,6.67
17.10,17.1,26/11/2025 15:18:44,13.608,6.880,1181242.349,15.2,1014711.0,661796.0,953658.17,4414.17,1956.98,9111.28,1521.96,18410.48,697.29,191.74,116.90,3752.81,127.61,755.69,157.98,2012.97,77.98,166.69,42.85,113.29,55.69,78.71,34.54,271.02,49.52,6926.31,655.43,4.96,0.65,6.69,0.32,7.92,2.80,0.00,0.00,5.40,1.76,11.75,4.69,2.86,5.87,12.79,24.02,78.15,10.78,6.12,5.78,88501.88,7319.91,3245.22,17215.43,2875.69,39386.19,1491.73,439.36,267.85,9370.41,318.64,910.31,190.31,2816.57,109.11,278.12,71.50,202.25,99.41,115.04,50.49,389.42,71.15,9902.85,937.10,6.31,0.83,8.37,0.40,9.86,3.49,0.00,0.00,6.39,2.08,15.88,6.33,3.82,7.83,14.28,26.82,84.19,11.61,6.94,6.56
17.20,17.2,26/11/2025 15:18:44,13.877,8.398,,15.2,1019404.0,664228.0,952799.26,4194.98,1979.72,9560.89,1591.40,19089.22,720.33,36.97,32.79,3493.11,120.78,1001.69,184.90,2038.29,78.25,204.81,46.25,132.27,55.78,77.88,34.46,298.33,54.66,6930.58,655.70,4.76,0.65,7.00,0.33,9.67,2.93,0.00,0.00,5.79,1.81,5.85,4.78,2.40,5.88,14.04,24.00,82.32,11.01,9.87,5.89,89914.57,6956.44,3282.91,18064.94,3006.88,40838.23,1541.02,84.72,75.13,8721.97,301.57,1206.64,222.73,2851.99,109.49,341.72,77.17,236.13,99.58,113.82,50.37,428.65,78.53,9908.96,937.48,6.06,0.83,8.77,0.41,12.04,3.64,0.00,0.00,6.85,2.14,7.91,6.46,3.20,7.84,15.67,26.80,88.68,11.87,11.20,6.68
17.30,17.3,26/11/2025 15:18:44,12.592,8.465,,15.1,1028221.0,666009.0,952093.43,5356.13,2025.84,9605.78,1599.27,18068.11,687.80,192.56,118.60,3737.17,127.70,837.91,167.66,2029.73,79.06,181.93,45.00,165.14,57.11,71.99,33.67,258.47,47.25,7258.06,687.98,5.53,0.68,7.00,0.33,10.20,2.87,0.00,0.00,9.85,2.32,5.97,4.83,4.91,5.94,9.43,24.31,86.67,11.17,4.02,5.79,90922.71,8881.94,3359.40,18149.76,3021.77,38653.75,1471.43,441.23,271.75,9331.35,318.86,1009.35,201.97,2840.01,110.62,303.55,75.07,294.80,101.95,105.22,49.21,371.38,67.89,10377.17,983.63,7.04,0.86,8.76,0.41,12.69,3.57,0.00,0.00,11.65,2.74,8.06,6.53,6.55,7.93,10.53,27.14,93.36,12.04,4.56,6.57
17.40,17.4,26/11/2025 15:18:44,12.540,12.297,,15.1,1027526.0,660943.0,951656.81,5844.52,2013.13,9859.28,1637.85,18415.93,699.58,20.05,20.01,3363.44,117.76,931.67,178.64,1992.43,79.20,236.40,49.96,109.60,56.55,67.55,33.09,256.45,46.88,7091.41,671.58,4.89,0.65,18.37,0.94,10.38,2.86,0.00,0.00,15.67,2.83,8.52,4.81,3.53,5.84,4.24,24.50,81.42,11.01,7.43,5.86,91446.62,9691.82,3338.32,18628.75,3094.65,39397.85,1496.63,45.94,45.85,8398.18,294.04,1122.30,215.19,2787.83,110.81,394.44,83.36,195.66,100.95,98.73,48.36,368.47,67.36,10138.90,960.19,6.22,0.83,23.00,1.17,12.93,3.56,0.00,0.00,18.53,3.35,11.51,6.50,4.71,7.79,4.74,27.35,87.71,11.86,8.43,6.65
17.50,17.5,26/11/2025 15:18:44,11.937,9.192,,15.1,1029138.0,663653.0,952326.46,4892.58,2016.96,9648.38,1605.84,18398.58,698.39,180.19,111.89,3487.13,121.25,1005.91,186.59,2045.00,79.37,216.09,48.05,139.35,56.62,86.33,36.12,329.80,60.99,7100.99,672.51,5.30,0.67,6.91,0.33,9.16,2.86,0.00,0.00,11.02,2.47,10.93,4.84,2.39,5.85,11.01,24.30,81.25,10.96,5.25,5.87,90422.72,8113.24,3344.67,18230.25,3034.18,39360.73,1494.08,412.87,256.38,8707.03,302.76,1211.72,224.76,2861.37,111.06,360.54,80.17,248.76,101.08,126.18,52.79,473.86,87.63,10152.60,961.52,6.75,0.85,8.65,0.41,11.40,3.56,0.00,0.00,13.04,2.92,14.76,6.54,3.19,7.80,12.29,27.13,87.53,11.81,5.96,6.66
17.60,17.6,26/11/2025 15:18:44,12.396,12.765,1181247.437,15.1,1025724.0,665037.0,950679.21,6701.22,2052.53,9729.86,1616.64,18383.37,697.59,104.82,72.35,3368.88,117.77,1002.76,186.21,2124.11,80.00,230.98,48.94,167.05,56.95,103.57,39.42,295.35,54.15,6969.42,659.38,4.82,0.65,7.12,0.33,7.75,2.83,0.00,0.00,8.22,2.14,9.22,4.88,3.19,5.92,13.30,24.27,77.71,10.89,8.07,6.04,93039.48,11112.47,3403.65,18384.21,3054.58,39328.17,1492.38,240.18,165.78,8411.77,294.05,1207.93,224.31,2972.07,111.94,385.38,81.65,298.21,101.66,151.38,57.62,424.38,77.81,9964.49,942.75,6.13,0.83,8.92,0.41,9.64,3.52,0.00,0.00,9.72,2.53,12.45,6.59,4.25,7.89,14.85,27.09,83.71,11.73,9.16,6.86
17.70,17.7,26/11/2025 15:18:44,12.894,10.120,,15.1,1027432.0,666375.0,953369.91,4984.03,2065.21,9139.89,1529.92,18205.02,691.73,86.51,63.11,3282.71,115.52,1039.21,190.02,2029.11,79.07,233.13,48.93,114.76,55.70,98.67,38.24,273.73,50.02,6980.46,660.72,5.17,0.64,7.01,0.32,9.81,2.84,0.00,0.00,10.82,2.38,9.94,4.73,2.31,5.86,19.73,24.06,89.69,11.15,8.38,5.85,88263.47,8264.90,3424.69,17269.48,2890.72,38946.63,1479.83,198.23,144.60,8196.60,288.45,1251.84,228.90,2839.14,110.64,388.98,81.65,204.88,99.43,144.21,55.90,393.31,71.87,9980.27,944.67,6.58,0.82,8.78,0.41,12.21,3.53,0.00,0.00,12.79,2.81,13.43,6.39,3.09,7.81,22.03,26.86,96.61,12.01,9.50,6.63
17.80,17.8,26/11/2025 15:18:44,13.039,4.897,,15.1,1032761.0,668815.0,951343.75,5695.37,2078.72,9522.43,1588.94,18895.80,715.71,66.76,52.67,3562.62,123.50,902.39,176.04,2056.45,80.02,255.18,51.52,146.24,57.09,77.72,34.87,287.80,52.93,7044.06,666.86,5.01,0.66,7.04,0.33,10.38,2.98,0.00,0.00,12.55,2.56,12.21,4.92,5.04,5.94,2.95,24.52,81.20,10.90,7.07,5.93,92324.18,9444.49,3447.10,17992.27,3002.25,40424.44,1531.14,152.97,120.69,8895.52,308.37,1087.02,212.06,2877.39,111.96,425.77,85.96,261.06,101.92,113.60,50.96,413.52,76.05,10071.19,953.44,6.38,0.85,8.81,0.41,12.93,3.71,0.00,0.00,14.84,3.03,16.50,6.65,6.72,7.92,3.29,27.38,87.47,11.74,8.02,6.72
17.90,17.9,26/11/2025 15:18:44,12.912,6.418,,15.1,1036239.0,667011.0,951474.55,4654.41,2068.71,10001.83,1661.55,19154.19,723.97,75.32,57.35,3583.89,123.96,1006.33,187.49,2133.24,80.77,296.88,54.21,155.96,57.21,89.72,36.87,270.89,49.54,6943.02,656.82,5.07,0.66,6.84,0.33,8.72,2.85,0.00,0.00,10.90,2.42,9.64,4.87,4.14,5.94,21.84,24.50,84.84,11.02,7.78,5.89,92314.65,7718.30,3430.50,18898.08,3139.44,40977.23,1548.81,172.58,131.41,8948.62,309.52,1212.24,225.85,2984.85,113.02,495.34,90.46,278.42,102.13,131.13,53.89,389.22,71.19,9926.74,939.08,6.45,0.84,8.56,0.41,10.85,3.54,0.00,0.00,12.89,2.86,13.03,6.58,5.52,7.92,24.39,27.36,91.39,11.87,8.83,6.68
18.00,18.0,26/11/2025 15:18:44,12.128,5.159,,15.1,1034586.0,668890.0,950160.76,5236.07,2008.52,10277.53,1701.13,19485.00,734.58,94.30,67.47,3865.10,131.08,998.46,187.19,2120.60,81.24,281.89,53.57,118.14,57.06,97.04,38.38,202.89,37.14,6913.06,653.78,5.38,0.67,6.92,0.33,9.97,2.87,0.00,0.00,11.47,2.49,14.78,4.92,1.79,5.95,6.78,24.68,84.90,11.12,7.16,5.92,94993.05,8682.85,3330.68,19419.00,3214.22,41684.93,1571.51,216.09,154.60,9650.79,327.31,1202.75,225.48,2967.16,113.67,470.33,89.39,210.91,101.86,141.83,56.10,291.51,53.37,9883.91,934.74,6.85,0.85,8.66,0.41,12.42,3.57,0.00,0.00,13.56,2.95,19.96,6.65,2.38,7.94,7.57,27.56,91.46,11.98,8.12,6.72
18.10,18.1,26/11/2025 15:18:44,12.492,11.442,1181244.264,15.1,1030981.0,670730.0,951192.69,4987.60,2012.77,9491.46,1581.17,19418.40,731.69,133.87,87.38,3532.18,121.99,1177.08,207.02,2163.81,80.78,249.69,51.14,128.48,57.15,90.24,37.11,286.80,52.61,7006.85,663.06,4.88,0.67,7.08,0.33,11.08,2.90,0.00,0.00,6.20,1.86,7.11,4.93,6.10,5.95,11.02,24.64,81.74,11.09,5.64,6.00,92687.45,8270.82,3337.73,17933.76,2987.56,41542.46,1565.34,306.75,200.21,8819.51,304.60,1417.91,249.37,3027.62,113.03,416.60,85.33,229.36,102.03,131.89,54.24,412.09,75.59,10018.00,948.01,6.21,0.85,8.86,0.41,13.79,3.61,0.00,0.00,7.34,2.21,9.60,6.65,8.14,7.94,12.31,27.51,88.05,11.95,6.39,6.81
18.20,18.2,26/11/2025 15:18:44,12.811,16.599,,15.1,1035489.0,671655.0,950135.11,5410.71,2095.51,9991.44,1660.39,19715.12,742.56,50.66,42.70,3407.49,119.28,1143.38,203.69,2078.46,80.67,236.97,50.47,130.36,57.38,90.69,37.25,320.79,59.25,7140.74,676.20,5.15,0.67,7.16,0.33,11.16,2.86,0.00,0.00,14.57,2.80,11.74,4.93,2.37,6.10,2.39,24.72,85.29,11.20,8.25,6.05,94538.48,8972.45,3474.94,18878.46,3137.25,42177.24,1588.58,116.08,97.85,8508.18,297.83,1377.32,245.37,2908.20,112.88,395.38,84.21,232.71,102.44,132.55,54.44,460.93,85.14,10209.43,966.79,6.55,0.85,8.96,0.42,13.89,3.56,0.00,0.00,17.23,3.31,15.86,6.66,3.17,8.14,2.67,27.60,91.88,12.07,9.36,6.86
18.30,18.3,26/11/2025 15:18:44,12.659,14.285,,15.1,1035043.0,672196.0,950130.55,5244.18,2099.21,10369.10,1718.06,19296.73,729.11,217.31,132.06,4025.63,135.50,951.85,182.72,2084.09,81.30,309.07,55.79,168.68,58.02,61.06,32.42,237.50,43.49,6761.01,638.85,5.44,0.68,6.98,0.33,9.82,2.88,0.00,0.00,8.54,2.18,12.50,4.94,2.87,5.97,6.55,24.80,86.26,11.12,4.30,5.85,95260.29,8696.29,3481.08,19592.02,3246.22,41282.16,1559.81,497.93,302.59,10051.60,338.33,1146.60,220.11,2916.07,113.75,515.67,93.09,301.12,103.58,89.24,47.38,341.25,62.48,9666.51,913.40,6.93,0.86,8.74,0.41,12.23,3.59,0.00,0.00,10.10,2.58,16.89,6.67,3.82,7.96,7.32,27.69,92.92,11.98,4.87,6.63
18.40,18.4,26/11/2025 15:18:44,12.476,8.469,,15.1,1022481.0,665827.0,950571.81,6235.23,2081.81,10118.32,1677.45,19220.48,725.65,97.97,68.94,3582.70,123.61,1023.72,188.42,2076.16,80.14,191.50,45.62,171.46,57.44,89.64,36.92,245.34,44.82,6187.00,582.54,5.22,0.66,40.59,2.81,9.01,2.77,0.00,0.00,9.07,2.22,10.46,4.83,5.01,5.83,17.14,24.43,86.17,11.10,5.98,5.88,94059.19,10339.74,3452.22,19118.19,3169.48,41119.05,1552.41,224.48,157.96,8945.65,308.65,1233.18,226.97,2904.97,112.13,319.52,76.12,306.10,102.53,131.02,53.96,352.52,64.39,8845.82,832.88,6.65,0.84,50.81,3.52,11.21,3.45,0.00,0.00,10.73,2.62,14.13,6.53,6.68,7.77,19.13,27.28,92.82,11.95,6.79,6.67
18.50,18.5,26/11/2025 15:18:44,12.097,11.773,,15.1,1024913.0,665692.0,951151.58,5706.41,2084.62,10148.51,1683.65,19648.52,740.25,2.39,2.70,3519.70,121.79,946.38,179.44,2070.65,80.02,239.40,50.55,103.86,56.91,62.07,32.45,187.05,34.40,6034.54,567.65,4.99,0.65,56.03,4.77,9.36,2.81,0.00,0.00,9.91,2.27,6.30,4.72,2.71,5.75,5.42,24.69,77.48,10.73,6.73,5.70,93285.23,9462.80,3456.88,19175.24,3181.20,42034.75,1583.65,5.48,6.19,8788.36,304.11,1140.02,216.15,2897.26,111.97,399.44,84.34,185.42,101.60,90.72,47.43,268.76,49.43,8627.85,811.60,6.35,0.83,70.14,5.97,11.65,3.49,0.00,0.00,11.72,2.69,8.51,6.37,3.62,7.67,6.05,27.56,83.46,11.56,7.64,6.47
18.60,18.6,26/11/2025 15:25:37,11.773,7.212,1181246.579,15.1,1019984.0,665781.0,949898.21,6435.04,2026.87,10464.76,1727.95,19406.04,731.20,49.36,41.18,3454.89,119.82,855.58,168.60,2103.30,80.11,270.38,52.64,149.29,57.25,68.56,33.29,354.91,65.88,6301.74,593.68,5.10,0.65,59.38,5.21,10.86,2.86,0.00,0.00,10.40,2.38,5.18,4.78,5.87,5.85,2.75,24.55,81.15,10.91,7.26,5.91,95230.92,10671.07,3361.11,19772.78,3264.89,41516.01,1564.28,113.11,94.36,8626.52,299.17,1030.63,203.10,2942.95,112.10,451.13,87.84,266.50,102.20,100.21,48.66,509.95,94.66,9009.88,848.81,6.49,0.83,74.33,6.52,13.52,3.55,0.00,0.00,12.30,2.82,6.99,6.46,7.83,7.80,3.07,27.41,87.42,11.76,8.24,6.70
18.70,18.7,26/11/2025 15:25:56,11.221,8.068,,15.1,1031225.0,671109.0,949846.16,5481.00,2071.14,10048.36,1668.64,19891.60,748.52,44.31,38.63,3859.27,131.21,1087.19,196.63,2222.22,81.99,261.20,52.43,138.24,57.66,77.87,35.02,285.89,52.45,6584.66,621.44,5.10,0.67,41.70,2.92,10.50,2.95,0.00,0.00,10.39,2.38,13.79,4.94,2.37,5.94,3.22,24.79,77.00,10.95,7.98,5.98,95609.49,9089.00,3434.53,18985.99,3152.83,42554.78,1601.33,101.52,88.52,9636.23,327.62,1309.63,236.86,3109.34,114.72,435.81,87.48,246.78,102.94,113.81,51.18,410.78,75.37,9414.38,888.50,6.49,0.85,52.20,3.65,13.07,3.67,0.00,0.00,12.28,2.82,18.63,6.67,3.16,7.92,3.59,27.68,82.95,11.80,9.05,6.78
18.80,18.8,26/11/2025 15:26:16,10.398,12.431,,15.1,1026517.0,667169.0,950266.66,5393.62,2084.95,10067.22,1670.99,20180.81,757.49,95.27,68.04,3686.19,126.26,1042.65,190.43,2232.95,81.51,247.43,51.08,148.70,57.63,59.55,32.17,233.52,42.64,6188.43,582.55,5.40,0.66,23.47,1.28,12.71,2.94,0.00,0.00,11.05,2.45,8.75,4.84,4.59,5.86,9.09,24.74,74.91,10.79,7.01,5.88,95072.59,8944.10,3457.42,19021.64,3157.28,43173.51,1620.51,218.30,155.91,9204.07,315.25,1255.99,229.40,3124.36,114.05,412.83,85.22,265.46,102.88,87.04,47.02,335.54,61.26,8847.87,832.89,6.87,0.84,29.38,1.60,15.82,3.66,0.00,0.00,13.07,2.89,11.82,6.53,6.12,7.82,10.15,27.62,80.69,11.62,7.95,6.67
18.90,18.9,26/11/2025 15:26:35,11.516,7.079,,15.1,1027502.0,666761.0,949832.80,5574.69,2079.90,10421.70,1725.11,20136.64,756.42,57.47,47.30,3625.52,124.68,1074.99,194.19,2161.47,81.06,276.86,52.99,150.96,57.34,106.85,40.27,268.00,48.93,6125.68,576.32,5.12,0.65,42.00,2.96,10.44,2.92,0.00,0.00,8.67,2.20,13.88,4.87,4.83,5.86,14.33,24.58,79.83,10.93,7.27,5.94,95766.94,9244.37,3449.05,19691.42,3259.54,43079.01,1618.24,131.70,108.39,9052.58,311.33,1294.93,233.92,3024.34,113.42,461.93,88.41,269.50,102.36,156.16,58.85,385.07,70.31,8758.15,823.98,6.51,0.82,52.58,3.71,13.00,3.64,0.00,0.00,10.26,2.60,18.75,6.58,6.44,7.82,16.00,27.44,85.99,11.78,8.24,6.74
19.00,19.0,26/11/2025 15:27:05,11.652,8.529,,15.1,1029335.0,668718.0,947598.76,6387.14,2126.04,10824.01,1786.79,20897.57,781.78,13.60,14.28,3723.72,128.10,1028.14,189.97,2342.40,83.30,359.81,59.75,115.11,57.69,103.33,39.87,394.51,73.98,6028.47,566.55,5.24,0.66,51.36,4.07,12.07,2.99,0.00,0.00,11.28,2.48,11.09,4.89,3.19,5.94,0.00,0.00,81.18,10.93,8.03,6.01,99953.01,10591.63,3525.57,20451.56,3376.07,44706.89,1672.49,31.16,32.73,9297.78,319.85,1238.50,228.83,3277.50,116.56,600.35,99.69,205.49,102.98,151.02,58.28,566.85,106.30,8619.17,810.02,6.67,0.84,64.30,5.09,15.02,3.72,0.00,0.00,13.35,2.93,14.98,6.61,4.25,7.92,0.00,0.00,87.45,11.78,9.11,6.82
19.10,19.1,26/11/2025 15:27:24,12.397,5.686,1181250.550,15.1,1020348.0,667422.0,951302.68,5698.68,2044.05,9918.69,1646.74,19679.76,740.41,55.90,45.32,3637.30,124.49,1105.98,197.00,2218.40,81.07,214.70,48.13,108.88,56.73,69.72,33.53,234.90,42.92,5587.00,523.74,5.57,0.66,32.19,2.00,10.14,2.82,0.00,0.00,10.81,2.38,7.35,4.70,4.44,5.77,15.86,24.55,74.75,10.41,6.29,5.85,93112.92,9449.99,3389.60,18740.99,3111.45,42101.59,1583.98,128.09,103.84,9081.98,310.85,1332.27,237.31,3103.99,113.43,358.23,80.30,194.36,101.27,101.90,49.00,337.52,61.67,7987.98,748.81,7.09,0.84,40.29,2.50,12.62,3.51,0.00,0.00,12.78,2.82,9.92,6.34,5.93,7.69,17.71,27.41,80.52,11.21,7.13,6.64
19.20,19.2,26/11/2025 15:27:43,11.469,4.429,,15.2,1014021.0,663780.0,950197.61,6697.10,2080.60,10339.39,1710.75,19692.92,741.10,22.23,21.76,3730.31,127.41,1016.01,186.87,2217.16,81.20,288.60,53.57,110.72,56.42,69.39,33.38,241.56,43.90,5217.95,487.45,5.12,0.64,30.37,1.84,9.18,2.82,0.00,0.00,11.01,2.43,7.70,4.72,2.80,5.68,15.86,24.46,71.04,10.41,5.96,5.80,95234.73,11105.63,3450.20,19535.90,3232.40,42129.74,1585.47,50.94,49.86,9314.22,318.12,1223.89,225.11,3102.27,113.62,481.53,89.38,197.66,100.72,101.42,48.79,347.08,63.08,7460.33,696.93,6.52,0.82,38.02,2.31,11.43,3.51,0.00,0.00,13.02,2.87,10.40,6.38,3.73,7.58,17.71,27.31,76.53,11.21,6.76,6.58
19.30,19.3,26/11/2025 15:28:03,11.394,5.355,,15.2,1004432.0,657043.0,949823.74,7430.66,2125.32,10796.44,1779.94,19978.13,750.01,34.08,62.53,3419.96,118.65,930.52,176.13,2144.73,79.97,247.60,50.13,102.78,56.06,94.78,37.66,203.59,36.84,4589.70,426.02,4.97,0.61,64.92,6.22,10.01,2.76,0.00,0.00,10.91,2.36,9.51,4.59,3.09,5.58,21.82,24.30,72.96,10.19,5.08,5.61,96029.11,12322.08,3524.36,20399.48,3363.14,42739.91,1604.52,78.08,143.27,8539.32,296.25,1120.91,212.17,3000.92,111.90,413.12,83.64,183.49,100.09,138.53,55.04,292.53,52.93,6562.09,609.10,6.33,0.78,81.26,7.79,12.46,3.44,0.00,0.00,12.90,2.80,12.85,6.21,4.12,7.43,24.37,27.14,78.59,10.98,5.77,6.37
19.40,19.4,26/11/2025 15:28:22,11.711,4.692,,15.3,994808.0,652557.0,953980.82,6452.47,2009.92,9685.73,1608.36,18864.42,711.90,124.29,82.28,3501.61,120.41,841.15,164.43,2004.52,77.69,184.61,44.57,87.02,54.85,79.27,34.42,167.81,30.63,3857.04,355.28,5.07,0.61,52.30,4.42,9.52,2.69,0.01,0.22,11.95,2.41,9.36,4.43,3.33,5.34,1.85,23.84,71.75,9.93,4.09,5.25,88738.02,10699.98,3333.01,18300.82,3038.93,40357.31,1523.00,284.80,188.54,8743.20,300.65,1013.25,198.08,2804.74,108.70,308.03,74.37,155.35,97.91,115.85,50.31,241.11,44.02,5514.59,507.96,6.45,0.77,65.47,5.53,11.85,3.35,0.01,0.29,14.13,2.85,12.64,5.98,4.44,7.12,2.06,26.62,77.29,10.70,4.64,5.96
19.50,19.5,26/11/2025 15:28:52,11.758,8.724,,15.3,984173.0,649206.0,952767.44,7169.22,2051.01,10240.17,1692.35,18851.19,711.10,106.65,72.19,3439.07,118.48,810.12,160.20,2027.63,77.60,232.91,48.19,78.89,54.45,74.39,33.53,210.38,37.94,3811.08,350.64,4.40,0.59,53.80,4.62,9.44,2.65,0.00,0.00,7.57,1.95,9.62,4.41,2.46,5.37,11.80,23.73,76.65,10.12,5.11,5.36,90811.12,11888.55,3401.13,19348.42,3197.63,40329.02,1521.28,244.38,165.42,8587.03,295.84,975.88,192.98,2837.07,108.58,388.61,80.41,140.83,97.20,108.73,49.00,302.28,54.51,5448.87,501.33,5.60,0.75,67.34,5.78,11.75,3.30,0.00,0.00,8.96,2.30,13.00,5.96,3.28,7.16,13.18,26.49,82.57,10.90,5.80,6.08
19.60,19.6,26/11/2025 15:29:11,11.797,11.636,1181243.143,15.3,987805.0,652610.0,955252.83,5698.60,1969.65,9729.56,1613.36,17870.32,678.33,221.53,132.00,3290.11,114.04,924.81,172.66,2025.62,77.14,244.47,49.06,117.91,54.75,85.75,35.46,236.21,42.67,4107.12,379.52,4.84,0.60,74.25,8.05,10.39,2.66,0.00,0.00,7.42,1.92,12.67,4.44,2.76,5.40,7.25,23.66,72.01,9.89,3.57,5.50,85921.63,9449.85,3266.22,18383.64,3048.39,38230.60,1451.18,507.61,302.47,8215.08,284.73,1114.03,207.98,2834.26,107.93,407.90,81.85,210.49,97.73,125.33,51.83,339.40,61.31,5872.13,542.62,6.16,0.76,92.95,10.07,12.93,3.31,0.00,0.00,8.78,2.27,17.11,5.99,3.69,7.20,8.09,26.41,77.57,10.65,4.05,6.24
19.70,19.7,26/11/2025 15:29:30,11.629,11.508,,15.3,991306.0,654611.0,955251.71,5144.03,1966.35,9991.47,1654.94,18712.66,706.73,136.45,87.88,3102.46,109.78,902.28,170.76,2048.25,77.49,253.51,50.11,102.02,54.76,62.77,31.71,207.11,37.55,3899.57,359.46,5.35,0.61,72.26,7.70,9.39,2.60,0.08,0.21,10.16,2.27,6.94,4.38,3.04,5.33,8.16,23.78,66.50,9.55,3.82,5.31,86242.80,8530.23,3260.76,18878.51,3126.95,40032.64,1511.93,312.65,201.37,7746.54,274.11,1086.89,205.70,2865.93,108.43,422.98,83.62,182.13,97.75,91.74,46.34,297.59,53.96,5575.39,513.93,6.81,0.77,90.46,9.64,11.69,3.24,0.11,0.28,12.01,2.68,9.38,5.91,4.06,7.11,9.11,26.55,71.63,10.28,4.34,6.02
19.80,19.8,26/11/2025 15:29:50,11.561,11.436,,15.3,975480.0,646887.0,955035.39,6407.96,1995.67,9441.02,1568.76,18136.85,686.34,236.01,139.57,3277.76,113.86,921.76,171.57,2005.23,76.21,198.19,44.41,113.98,53.78,90.93,36.11,152.45,27.70,3814.38,350.96,4.56,0.58,37.23,2.55,9.24,2.63,0.00,0.00,9.34,2.12,7.74,4.33,4.02,5.29,18.86,23.22,69.12,9.81,7.98,5.32,86441.56,10626.17,3309.37,17838.46,2964.11,38800.80,1468.32,540.78,319.81,8184.24,284.29,1110.36,206.68,2805.73,106.63,330.68,74.10,203.48,96.00,132.90,52.78,219.04,39.80,5453.59,501.78,5.81,0.74,46.61,3.20,11.50,3.27,0.00,0.00,11.05,2.51,10.46,5.85,5.36,7.05,21.05,25.92,74.46,10.57,9.05,6.04
19.90,19.9,26/11/2025 15:30:09,11.687,10.842,,15.3,978140.0,645545.0,956889.72,4990.44,1916.36,10058.28,1661.45,17773.45,673.91,95.04,65.45,3022.83,106.58,793.24,156.93,1905.14,75.71,219.96,46.84,129.63,54.10,75.84,33.30,195.83,35.22,3712.16,341.32,4.37,0.57,31.70,2.01,8.15,2.52,0.00,0.00,6.15,1.71,7.73,4.32,1.71,5.20,0.00,0.00,73.39,9.87,5.24,5.27,83148.80,8275.52,3177.86,19004.74,3139.24,38023.36,1441.72,217.78,149.97,7547.72,266.12,955.54,189.04,2665.68,105.93,367.00,78.15,231.41,96.58,110.84,48.68,281.38,50.61,5307.44,488.00,5.57,0.73,39.68,2.52,10.14,3.14,0.00,0.00,7.27,2.02,10.45,5.83,2.28,6.94,0.00,0.00,79.06,10.63,5.95,5.98
20.00,20.0,26/11/2025 15:30:39,11.050,12.499,,15.3,978439.0,643731.0,958215.07,4651.56,1950.13,9239.67,1539.36,17764.93,674.23,40.43,60.08,3322.08,114.67,753.53,152.16,1932.12,75.35,180.93,42.98,142.17,53.99,71.68,32.56,162.75,29.59,3386.18,309.95,4.89,0.58,21.62,1.18,9.01,2.50,0.00,0.00,6.09,1.70,10.33,4.28,2.41,5.10,10.07,23.13,67.49,9.59,4.98,5.20,81069.55,7713.57,3233.86,17458.01,2908.56,38005.14,1442.41,92.64,137.68,8294.92,286.32,907.71,183.29,2703.43,105.43,301.89,71.71,253.80,96.39,104.76,47.59,233.85,42.52,4841.36,443.15,6.23,0.74,27.07,1.47,11.21,3.12,0.00,0.00,7.20,2.01,13.96,5.78,3.21,6.80,11.24,25.83,72.71,10.33,5.64,5.90
20.10,20.1,26/11/2025 15:30:58,11.677,15.742,1181243.272,15.4,972987.0,643771.0,958498.69,5639.79,1945.07,9462.82,1571.21,17152.68,653.47,146.52,91.51,3000.29,105.83,595.97,135.91,1818.52,74.38,90.56,31.44,136.59,53.66,87.09,35.09,74.75,14.69,3110.14,283.48,4.60,0.56,61.71,6.02,8.25,2.48,0.00,0.00,6.30,1.70,7.03,4.17,7.62,5.05,19.42,22.94,65.33,9.34,5.35,5.14,80311.75,9352.33,3225.46,17879.64,2968.74,36695.32,1397.99,335.72,209.68,7491.43,264.25,717.91,163.71,2544.48,104.07,151.10,52.46,243.84,95.79,127.29,51.29,107.41,21.11,4446.70,405.30,5.85,0.71,77.25,7.54,10.27,3.09,0.00,0.00,7.45,2.01,9.50,5.63,10.16,6.73,21.69,25.61,70.37,10.06,6.07,5.84
20.20,20.2,26/11/2025 15:31:18,12.088,11.245,,15.4,962503.0,638214.0,961832.19,5131.63,1931.06,8446.10,1416.05,15849.74,609.20,51.66,40.82,2662.57,96.53,620.25,136.44,1749.73,72.36,94.09,31.65,112.59,52.19,87.18,34.66,171.56,30.78,2993.48,272.38,4.53,0.55,74.04,8.38,8.71,2.40,0.00,0.00,7.20,1.78,8.71,4.08,2.89,4.90,16.12,22.45,68.25,9.27,6.79,5.02,73582.54,8509.66,3202.22,15958.58,2675.58,33907.91,1303.28,118.38,93.52,6648.18,241.03,747.15,164.36,2448.24,101.24,156.98,52.81,201.00,93.17,127.42,50.65,246.50,44.23,4279.91,389.43,5.77,0.70,92.68,10.49,10.84,2.99,0.00,0.00,8.52,2.11,11.77,5.51,3.85,6.53,18.00,25.06,73.52,9.98,7.70,5.70
20.30,20.3,26/11/2025 15:31:37,11.414,13.825,,15.4,952661.0,636306.0,962911.13,4287.15,1850.18,8992.30,1497.71,15320.61,591.66,63.02,47.59,2719.27,97.74,543.58,127.43,1760.91,71.77,81.28,29.04,119.17,51.81,52.65,28.80,125.68,23.02,2841.51,257.83,4.71,0.55,61.42,6.08,9.18,2.39,0.00,0.00,4.13,1.51,7.91,4.02,3.02,4.85,16.35,22.26,70.44,9.28,4.58,4.98,71810.40,7109.27,3068.10,16990.62,2829.87,32775.91,1265.76,144.41,109.05,6789.77,244.06,654.80,153.50,2463.87,100.43,135.62,48.45,212.74,92.50,76.95,42.09,180.58,33.08,4062.63,368.63,6.00,0.71,76.89,7.61,11.43,2.97,0.00,0.00,4.88,1.78,10.68,5.43,4.02,6.46,18.25,24.86,75.87,10.00,5.20,5.65
20.40,20.4,26/11/2025 15:31:56,11.354,12.372,,15.4,958726.0,636785.0,960199.69,6232.86,1980.61,8643.85,1445.97,15743.17,606.15,74.44,54.27,2737.11,98.49,628.14,136.58,1761.36,72.31,98.34,32.23,123.69,52.29,76.15,32.65,193.08,34.42,3273.26,299.03,4.08,0.54,94.86,12.91,11.76,2.61,0.00,0.00,5.81,1.60,3.62,4.05,4.89,5.01,15.66,22.42,69.23,9.40,4.95,5.08,76282.04,10335.80,3284.39,16332.22,2732.11,33679.90,1296.75,170.57,124.34,6834.30,245.91,756.66,164.52,2464.51,101.17,164.08,53.78,220.80,93.35,111.29,47.71,277.42,49.46,4679.92,427.53,5.19,0.69,118.75,16.16,14.64,3.25,0.00,0.00,6.87,1.89,4.89,5.47,6.53,6.68,17.49,25.04,74.58,10.12,5.61,5.77
20.50,20.5,26/11/2025 15:32:26,11.293,13.755,,15.4,955705.0,635763.0,960182.47,6235.49,1959.18,8465.22,1418.11,16098.33,617.40,7.50,7.72,2519.46,93.02,697.71,143.17,1816.95,72.25,161.78,40.35,108.95,52.23,72.37,32.11,126.02,23.09,3299.00,301.57,4.65,0.56,96.66,13.34,8.77,2.46,0.00,0.00,5.48,1.58,9.44,4.12,0.87,4.96,6.05,22.55,71.43,9.56,5.41,5.10,76181.43,10340.17,3248.86,15994.72,2679.47,34439.71,1320.83,17.18,17.69,6290.85,232.25,840.46,172.46,2542.28,101.09,269.94,67.32,194.49,93.24,105.77,46.93,181.07,33.18,4716.73,431.17,5.92,0.71,120.99,16.70,10.91,3.07,0.00,0.00,6.48,1.87,12.75,5.57,1.16,6.61,6.75,25.18,76.94,10.30,6.13,5.78
20.60,20.6,26/11/2025 15:32:45,11.400,17.983,1181242.548,15.5,942060.0,631438.0,964988.51,3923.50,1789.82,7823.76,1317.47,14750.72,571.18,35.27,56.23,2468.85,90.50,659.75,137.87,1640.64,69.88,116.86,34.30,108.36,50.67,79.86,32.81,114.05,20.87,3082.25,280.89,4.04,0.53,88.28,11.58,9.47,2.44,0.00,0.00,8.30,1.89,8.87,3.96,1.96,4.81,8.95,21.83,69.07,9.35,8.68,4.93,67503.24,6506.24,2968.02,14782.70,2489.32,31556.74,1221.96,80.82,128.85,6164.49,225.97,794.74,166.08,2295.59,97.78,194.97,57.22,193.44,90.45,116.73,47.95,163.87,29.99,4406.83,401.61,5.14,0.68,110.51,14.50,11.78,3.04,0.00,0.00,9.81,2.24,11.98,5.35,2.61,6.41,9.99,24.37,74.41,10.07,9.85,5.59
20.70,20.7,26/11/2025 15:33:05,11.553,11.042,,15.4,954935.0,635712.0,960556.16,6633.61,1949.09,8359.33,1401.85,15613.71,601.48,95.57,64.79,2470.94,91.49,611.67,134.60,1841.61,72.87,160.92,40.45,56.03,51.53,56.94,29.60,143.01,25.93,3194.43,291.56,4.39,0.55,93.15,12.55,9.84,2.48,0.00,0.00,9.06,2.03,10.46,4.04,4.47,4.92,0.73,22.54,69.24,9.38,4.74,5.04,75370.69,11000.35,3232.13,15794.64,2648.74,33402.95,1286.77,218.98,148.47,6169.70,228.44,736.81,162.14,2576.79,101.95,268.50,67.49,100.02,91.99,83.22,43.26,205.49,37.26,4567.22,416.85,5.59,0.70,116.60,15.71,12.24,3.08,0.00,0.00,10.71,2.41,14.13,5.46,5.96,6.57,0.81,25.17,74.58,10.10,5.37,5.71
20.80,20.8,26/11/2025 15:33:24,11.748,13.556,,15.5,950449.0,630968.0,963360.12,3856.71,1871.41,7899.62,1331.47,15688.46,602.59,163.21,98.56,2434.19,90.22,641.63,137.04,1766.79,71.60,180.06,41.72,88.54,51.10,72.94,31.84,187.69,33.43,3433.25,314.61,4.34,0.54,122.15,20.41,10.80,2.47,0.02,0.20,6.98,1.77,8.37,4.11,5.97,4.94,1.44,22.19,62.26,9.17,4.44,5.08,70597.92,6395.49,3103.31,14926.03,2515.76,33562.88,1289.14,373.98,225.84,6077.94,225.28,772.91,165.08,2472.11,100.18,300.43,69.61,158.05,91.22,106.61,46.54,269.68,48.04,4908.67,449.82,5.52,0.69,152.91,25.54,13.44,3.07,0.03,0.27,8.25,2.10,11.31,5.55,7.96,6.59,1.61,24.78,67.07,9.88,5.03,5.77
20.90,20.9,26/11/2025 15:33:44,11.711,11.640,,15.5,943571.0,624961.0,961172.08,6221.78,1936.01,7690.25,1299.74,15463.53,595.03,137.75,85.12,2504.55,91.49,770.58,150.35,1753.24,71.26,114.04,34.04,105.57,51.13,71.34,31.49,146.22,26.23,3627.29,333.20,4.22,0.55,101.98,14.65,9.39,2.52,0.00,0.00,5.62,1.60,8.46,4.08,2.52,4.88,18.47,22.04,67.44,9.46,3.68,5.07,74022.97,10317.43,3210.43,14530.43,2455.82,33081.68,1272.96,315.63,195.04,6253.62,228.44,928.24,181.11,2453.15,99.70,190.28,56.79,188.46,91.27,104.26,46.03,210.10,37.69,5186.10,476.39,5.37,0.70,127.65,18.34,11.69,3.14,0.00,0.00,6.65,1.89,11.43,5.52,3.36,6.51,20.62,24.61,72.65,10.19,4.17,5.75
21.00,21.0,26/11/2025 15:34:13,11.497,18.449,,15.6,935063.0,620432.0,963718.74,5143.18,1863.30,8182.31,1371.87,14457.73,561.61,26.63,23.39,2382.88,87.91,618.15,132.73,1677.10,69.90,162.76,39.51,115.91,50.62,54.70,28.65,133.70,24.12,3092.66,281.78,4.46,0.53,130.45,23.22,11.37,2.58,0.00,0.00,6.41,1.68,5.39,3.87,3.13,4.75,3.22,21.82,66.01,9.09,3.10,4.86,69473.62,8528.81,3089.86,15460.16,2592.10,30929.93,1201.47,61.02,53.60,5949.83,219.50,744.63,159.89,2346.61,97.80,271.57,65.92,206.92,90.37,79.95,41.87,192.10,34.65,4421.71,402.88,5.68,0.68,163.30,29.07,14.15,3.21,0.00,0.00,7.59,1.99,7.28,5.23,4.17,6.34,3.59,24.36,71.11,9.79,3.52,5.52
21.10,21.1,26/11/2025 15:34:33,10.527,10.581,1181243.538,15.6,915529.0,612030.0,969056.74,3021.87,1771.47,6987.33,1188.98,12998.24,511.35,72.50,50.51,2166.89,81.65,595.00,127.88,1574.57,67.03,119.80,33.48,119.34,48.79,57.83,28.34,96.23,17.67,2902.59,263.72,3.65,0.49,110.85,17.73,8.51,2.36,0.00,0.00,5.99,1.57,4.91,3.79,2.63,4.54,21.16,20.96,68.56,8.86,4.81,4.70,59577.35,5011.09,2937.58,13202.30,2246.53,27807.59,1093.96,166.13,115.74,5410.52,203.87,716.74,154.04,2203.15,93.79,199.89,55.85,213.04,87.10,84.52,41.43,138.27,25.39,4149.95,377.05,4.64,0.62,138.76,22.19,10.60,2.94,0.00,0.00,7.08,1.86,6.63,5.13,3.50,6.06,23.63,23.41,73.85,9.55,5.46,5.33
21.20,21.2,26/11/2025 15:34:52,10.994,12.231,,15.6,925188.0,613879.0,965917.69,3970.67,1788.35,7739.07,1302.97,13844.96,540.15,46.17,36.08,2399.92,88.46,588.45,128.87,1693.15,69.19,125.03,34.69,123.48,49.96,62.60,29.45,143.90,25.54,3113.44,283.75,4.71,0.55,117.59,19.39,9.66,2.48,0.00,0.00,5.08,1.49,9.48,3.88,1.22,4.64,10.60,21.42,69.27,9.12,3.88,4.75,65457.44,6584.46,2965.58,14622.69,2461.91,29619.00,1155.56,105.80,82.67,5992.36,220.87,708.84,155.24,2369.06,96.82,208.62,57.88,220.43,89.19,91.49,43.05,206.76,36.70,4451.41,405.70,5.99,0.70,147.19,24.27,12.03,3.09,0.00,0.00,6.01,1.76,12.80,5.24,1.62,6.19,11.83,23.92,74.62,9.83,4.41,5.39
21.30,21.3,26/11/2025 15:35:11,9.755,10.913,,15.7,911541.0,603878.0,967312.87,4290.13,1739.74,7428.54,1254.90,13129.54,516.21,28.55,54.48,2430.96,88.58,565.45,125.62,1524.85,66.89,91.26,29.61,83.14,48.58,80.15,32.22,80.50,15.00,2702.36,244.34,4.26,0.52,145.27,28.75,9.15,2.37,0.00,0.00,4.96,1.45,5.23,3.69,2.65,4.46,10.74,21.05,65.20,8.87,4.24,4.67,62888.01,7114.22,2884.96,14035.95,2371.08,28088.49,1104.35,65.42,124.84,6069.88,221.18,681.14,151.32,2133.58,93.59,152.27,49.40,148.43,86.72,117.14,47.08,115.67,21.55,3863.68,349.35,5.42,0.66,181.85,35.98,11.38,2.95,0.00,0.00,5.86,1.71,7.06,4.99,3.53,5.95,11.99,23.50,70.23,9.55,4.82,5.29
21.40,21.4,26/11/2025 15:35:31,9.853,9.194,,15.8,898323.0,597082.0,968669.19,4599.56,1815.24,6845.15,1167.64,12729.58,502.03,26.73,22.99,1821.97,71.74,557.66,123.04,1510.12,65.79,115.06,32.34,117.08,47.91,73.16,30.54,141.09,24.72,2557.03,230.35,4.23,0.51,125.21,22.22,8.12,2.28,0.00,0.00,4.53,1.41,4.83,3.65,2.46,4.39,12.01,20.57,69.65,8.89,5.56,4.59,59837.78,7627.34,3010.17,12933.65,2206.21,27232.83,1074.02,61.26,52.67,4549.30,179.13,671.76,148.21,2112.97,92.05,191.97,53.96,209.02,85.53,106.93,44.64,202.72,35.51,3655.90,329.34,5.38,0.65,156.73,27.82,10.11,2.84,0.00,0.00,5.36,1.67,6.52,4.93,3.28,5.85,13.41,22.96,75.03,9.57,6.31,5.21
21.50,21.5,26/11/2025 15:36:00,11.023,9.987,,15.7,899065.0,602172.0,968806.71,3848.42,1762.15,6926.88,1178.92,13259.30,519.27,49.42,37.52,2220.25,82.62,497.19,117.51,1518.28,66.10,72.36,25.84,66.02,47.68,77.40,31.45,68.78,12.92,2372.68,212.86,3.85,0.50,106.39,16.68,9.22,2.33,0.00,0.00,5.14,1.42,5.14,3.68,2.94,4.40,12.93,20.74,66.53,8.66,4.15,4.55,60316.39,6381.74,2922.14,13088.09,2227.52,28366.08,1110.88,113.23,85.97,5543.75,206.29,598.92,141.55,2124.39,92.49,120.74,43.11,117.86,85.11,113.12,45.97,98.83,18.56,3392.32,304.34,4.90,0.63,133.18,20.88,11.48,2.90,0.00,0.00,6.08,1.68,6.94,4.97,3.93,5.86,14.44,23.15,71.67,9.33,4.71,5.16
21.60,21.6,26/11/2025 15:36:20,11.441,12.100,1181243.078,15.7,898366.0,599385.0,971512.57,2908.85,1708.84,6440.67,1104.78,12231.54,484.69,32.53,26.32,1927.92,73.83,475.38,114.14,1450.64,65.05,68.08,24.77,102.86,47.41,75.97,30.91,74.17,13.81,2502.13,225.36,3.88,0.50,100.11,15.07,9.26,2.29,0.00,0.00,3.95,1.40,2.96,3.60,1.44,4.31,12.68,20.41,59.27,8.53,3.14,4.44,54977.35,4823.67,2833.73,12169.40,2087.45,26167.35,1036.91,74.53,60.31,4813.84,184.35,572.65,137.49,2029.75,91.02,113.60,41.34,183.63,84.63,111.03,45.18,106.56,19.84,3577.40,322.21,4.94,0.64,125.32,18.86,11.53,2.85,0.00,0.00,4.67,1.65,3.99,4.86,1.92,5.75,14.16,22.78,63.85,9.18,3.56,5.03
21.70,21.7,26/11/2025 15:36:39,11.605,9.982,,15.7,902366.0,601614.0,969253.80,4443.16,1757.21,6846.42,1165.57,12486.25,493.98,64.10,45.77,2027.22,77.33,488.37,116.27,1489.92,65.66,94.44,29.67,89.67,47.81,73.57,30.68,64.96,12.30,2376.89,213.36,4.17,0.51,103.67,15.97,6.24,2.27,0.00,0.00,3.34,1.40,5.11,3.66,2.72,4.36,8.37,20.68,63.94,8.60,3.69,4.57,59054.51,7367.98,2913.94,12936.05,2202.30,26712.26,1056.79,146.87,104.88,5061.77,193.10,588.30,140.06,2084.70,91.88,157.58,49.51,160.07,85.35,107.52,44.84,93.33,17.68,3398.35,305.05,5.31,0.64,129.77,19.99,7.76,2.83,0.00,0.00,3.95,1.65,6.90,4.94,3.63,5.81,9.34,23.09,68.88,9.26,4.18,5.19
21.80,21.8,26/11/2025 15:36:59,11.828,17.788,,15.7,900703.0,602240.0,969628.67,3992.24,1741.96,6720.17,1147.67,12605.29,497.59,47.11,36.23,2020.00,76.87,532.00,120.67,1498.51,65.67,72.93,25.64,130.60,47.91,64.26,28.90,107.69,19.24,2375.96,213.21,3.82,0.49,102.79,15.72,6.73,2.20,0.00,0.00,5.65,1.48,5.31,3.65,4.13,4.39,16.87,20.45,56.33,8.41,2.92,4.56,58418.57,6620.24,2888.64,12697.52,2168.48,26966.93,1064.51,107.95,83.01,5043.74,191.94,640.85,145.36,2096.72,91.89,121.69,42.77,233.14,85.54,93.93,42.24,154.74,27.64,3397.01,304.84,4.86,0.62,128.67,19.67,8.38,2.73,0.00,0.00,6.68,1.75,7.18,4.93,5.51,5.86,18.84,22.84,60.68,9.05,3.31,5.17
21.90,21.9,26/11/2025 15:37:18,12.115,12.432,,15.7,904116.0,604380.0,969925.17,3702.97,1772.32,6739.73,1151.57,12661.17,499.63,61.88,44.49,1979.52,75.66,511.46,118.50,1518.08,66.02,92.95,29.38,108.21,48.01,59.31,28.21,115.68,20.64,2311.10,207.20,3.92,0.49,106.74,16.84,9.11,2.28,0.00,0.00,3.63,1.39,3.91,3.63,2.19,4.36,16.93,20.65,61.88,8.49,4.47,4.49,57944.67,6140.54,2939.00,12734.47,2175.85,27086.49,1068.88,141.79,101.94,4942.66,188.92,616.11,142.74,2124.10,92.38,155.08,49.03,193.17,85.70,86.68,41.23,166.22,29.66,3304.28,296.24,4.99,0.63,133.61,21.09,11.34,2.83,0.00,0.00,4.29,1.65,5.29,4.91,2.93,5.81,18.90,23.06,66.66,9.15,5.07,5.09
22.00,22.0,26/11/2025 15:37:48,12.071,17.455,,15.6,921904.0,608997.0,968455.44,3249.98,1766.39,7012.29,1193.72,13400.74,525.44,38.02,55.38,2042.72,78.55,612.49,130.55,1590.84,67.67,122.70,34.18,114.04,49.10,76.59,31.58,133.14,23.72,2995.16,272.56,4.09,0.52,63.51,6.55,8.00,2.37,0.00,0.00,4.69,1.46,4.06,3.75,5.48,4.57,4.05,21.10,58.51,8.68,3.48,4.69,60637.14,5389.37,2929.16,13249.46,2255.48,28668.66,1124.09,87.12,126.89,5100.48,196.14,737.80,157.26,2225.91,94.68,204.72,57.03,203.58,87.65,111.94,46.16,191.30,34.09,4282.31,389.69,5.20,0.66,79.50,8.20,9.95,2.95,0.00,0.00,5.55,1.73,5.48,5.06,7.31,6.10,4.52,23.56,63.03,9.35,3.95,5.32
22.10,22.1,26/11/2025 15:38:08,11.995,10.249,1181243.075,15.7,908003.0,604808.0,970099.31,3168.16,1703.28,6566.31,1123.45,12704.54,500.86,2.53,2.56,1911.61,74.10,549.10,121.65,1537.26,65.98,186.36,39.88,141.67,48.26,84.44,32.72,89.48,16.44,2792.42,253.11,3.88,0.50,68.70,7.59,7.87,2.34,0.00,0.00,4.87,1.43,5.26,3.71,2.17,4.44,9.71,20.61,59.70,8.56,4.64,4.69,57436.22,5253.68,2824.52,12406.80,2122.72,27179.27,1071.50,5.79,5.86,4773.10,185.02,661.45,146.54,2150.94,92.32,310.94,66.54,252.91,86.14,123.42,47.83,128.57,23.62,3992.45,361.88,4.94,0.64,86.00,9.51,9.79,2.91,0.00,0.00,5.76,1.69,7.10,5.01,2.89,5.92,10.84,23.01,64.31,9.22,5.27,5.33
22.20,22.2,26/11/2025 15:38:27,12.266,10.513,,15.7,908008.0,599452.0,969817.77,3191.37,1703.29,6514.38,1116.60,13086.76,514.02,25.36,22.16,2260.65,83.62,503.06,118.66,1520.96,66.47,70.24,25.44,102.08,48.16,69.19,29.99,80.39,14.93,2568.72,231.68,4.09,0.50,81.06,10.22,9.40,2.30,0.00,0.00,6.78,1.65,4.23,3.67,2.97,4.40,15.52,20.74,60.92,8.55,4.10,4.55,58447.01,5292.18,2824.52,12308.68,2109.77,27996.95,1099.67,58.11,50.78,5644.63,208.78,605.99,142.93,2128.13,93.01,117.20,42.44,182.22,85.97,101.13,43.83,115.51,21.45,3672.61,331.24,5.20,0.64,101.47,12.80,11.70,2.86,0.00,0.00,8.02,1.96,5.71,4.96,3.96,5.86,17.33,23.16,65.63,9.21,4.65,5.16
22.30,22.3,26/11/2025 15:38:47,12.217,10.119,,15.7,920351.0,604605.0,967184.80,4032.42,1802.16,7382.55,1250.69,13697.09,535.65,73.64,51.97,2166.32,81.92,422.81,112.26,1599.65,67.80,113.46,32.72,121.99,48.99,84.12,32.95,158.59,27.85,2777.20,251.47,3.68,0.49,70.59,7.88,8.57,2.31,0.00,0.00,5.62,1.53,3.93,3.72,5.79,4.54,16.57,21.01,63.45,8.72,7.18,4.78,63210.90,6686.86,2988.47,13949.05,2363.13,29302.65,1145.93,168.74,119.07,5409.09,204.55,509.32,135.23,2238.25,94.87,189.30,54.59,217.77,87.46,122.94,48.16,227.87,40.01,3970.68,359.54,4.69,0.63,88.36,9.87,10.67,2.88,0.00,0.00,6.64,1.81,5.30,5.02,7.72,6.06,18.50,23.46,68.35,9.40,8.15,5.42
22.40,22.4,26/11/2025 15:39:06,12.264,8.263,,15.6,929265.0,609575.0,965503.42,3998.63,1818.44,8020.61,1347.56,14313.73,556.58,151.09,92.19,2372.88,87.70,546.22,125.46,1641.61,69.10,86.05,29.24,134.59,50.21,77.63,32.08,141.37,25.17,2833.95,256.88,4.34,0.52,68.00,7.33,9.26,2.38,0.00,0.00,5.93,1.58,9.45,3.86,1.50,4.59,12.72,21.42,61.49,8.84,5.52,4.74,66596.23,6630.83,3015.48,15154.65,2546.17,30621.87,1190.70,346.19,211.25,5924.86,218.99,657.98,151.13,2296.96,96.69,143.57,48.78,240.27,89.63,113.47,46.89,203.13,36.17,4051.82,367.27,5.52,0.66,85.11,9.17,11.53,2.96,0.00,0.00,7.02,1.87,12.76,5.21,2.00,6.12,14.20,23.92,66.24,9.53,6.26,5.38
22.50,22.5,26/11/2025 15:39:36,12.438,14.285,,15.6,932618.0,611691.0,964198.05,5947.25,1894.92,7300.58,1240.30,14460.25,562.04,52.87,41.11,2431.04,89.63,573.67,128.81,1600.08,69.15,98.51,31.43,118.06,50.45,49.18,27.68,80.54,15.23,2885.28,261.83,4.31,0.52,83.79,10.59,9.61,2.38,0.00,0.00,11.37,2.18,7.62,3.89,1.29,4.60,14.90,21.67,66.39,9.08,5.37,4.82,68642.73,9862.18,3142.31,13794.17,2343.50,30935.31,1202.39,121.14,94.20,6070.08,223.80,691.05,155.17,2238.84,96.75,164.37,52.44,210.76,90.06,71.88,40.45,115.72,21.88,4125.21,374.35,5.48,0.66,104.88,13.25,11.96,2.96,0.00,0.00,13.45,2.58,10.29,5.25,1.72,6.13,16.63,24.19,71.52,9.78,6.09,5.47
22.60,22.6,26/11/2025 15:39:55,12.162,12.768,1181241.155,15.6,924038.0,610561.0,966303.89,3477.03,1748.71,8024.51,1346.41,14077.01,548.31,89.01,60.26,2438.19,88.96,632.61,134.11,1662.56,69.08,87.88,29.14,178.68,50.54,66.70,30.05,63.58,12.26,2719.03,245.89,3.63,0.50,54.29,4.98,7.27,2.38,0.00,0.00,11.99,2.26,4.80,3.75,4.24,4.58,23.88,21.27,66.19,8.94,3.04,4.72,65174.80,5765.87,2899.84,15162.01,2543.99,30115.44,1173.02,203.94,138.07,6087.92,222.13,762.05,161.54,2326.27,96.65,146.62,48.62,318.98,90.22,97.48,43.92,91.35,17.61,3887.51,351.56,4.62,0.64,67.96,6.23,9.05,2.96,0.00,0.00,14.18,2.67,6.49,5.07,5.66,6.11,26.66,23.75,71.30,9.63,3.45,5.36
22.70,22.7,26/11/2025 15:40:15,13.325,9.060,,15.6,928577.0,611036.0,964521.77,5771.89,1877.69,7404.31,1254.29,14740.77,570.57,55.23,42.32,2531.60,92.06,555.47,126.69,1567.75,68.53,19.40,16.25,107.51,50.11,78.08,32.15,72.60,13.77,2396.75,215.23,3.61,0.51,55.88,5.26,8.31,2.39,0.00,0.00,8.80,1.94,8.60,3.85,1.64,4.51,23.56,21.52,60.76,8.84,5.71,4.79,68484.24,9571.39,3113.74,13990.17,2369.93,31535.45,1220.64,126.54,96.98,6321.17,229.87,669.13,152.62,2193.61,95.89,32.36,27.11,191.93,89.45,114.11,47.00,104.31,19.78,3426.74,307.73,4.60,0.64,69.95,6.58,10.34,2.97,0.00,0.00,10.41,2.30,11.61,5.21,2.18,6.01,26.31,24.02,65.45,9.52,6.48,5.44
22.80,22.8,26/11/2025 15:40:35,12.277,14.818,,15.6,934775.0,615012.0,965753.13,4262.64,1831.92,8126.15,1363.90,14749.22,570.70,73.64,52.49,2408.90,88.94,392.38,111.79,1553.08,68.73,37.89,17.83,137.30,50.58,87.84,34.08,74.98,14.28,2152.39,192.40,4.24,0.53,73.25,8.50,6.91,2.30,0.00,0.00,5.92,1.58,4.96,3.73,3.65,4.51,25.13,21.57,62.75,8.72,3.64,4.70,66651.35,7068.64,3037.83,15354.06,2577.04,31553.52,1220.93,168.75,120.27,6014.79,222.08,472.67,134.67,2173.08,96.16,63.22,29.75,245.11,90.29,128.38,49.81,107.73,20.52,3077.37,275.08,5.40,0.67,91.69,10.64,8.60,2.86,0.00,0.00,7.00,1.87,6.70,5.04,4.86,6.01,28.05,24.08,67.59,9.39,4.13,5.33
22.90,22.9,26/11/2025 15:40:54,12.177,8.734,,15.6,932290.0,614385.0,965617.00,4497.19,1850.88,7731.63,1304.94,14770.89,571.89,98.68,65.84,2631.64,94.75,477.10,118.90,1534.58,68.46,48.38,21.05,90.35,50.07,91.79,34.90,29.91,6.28,2189.99,195.90,4.38,0.52,83.19,10.65,9.31,2.32,0.00,0.00,6.70,1.70,4.02,3.73,2.46,4.55,18.48,21.63,59.42,8.70,2.90,4.70,66961.21,7457.59,3069.27,14608.63,2465.63,31599.88,1223.46,226.11,150.86,6570.96,236.59,574.72,143.23,2147.19,95.79,80.73,35.12,161.29,89.38,134.15,51.01,42.97,9.02,3131.12,280.09,5.58,0.66,104.13,13.33,11.58,2.89,0.00,0.00,7.93,2.01,5.42,5.04,3.29,6.07,20.63,24.15,64.00,9.38,3.29,5.34
23.00,23.0,26/11/2025 15:41:24,12.089,12.105,,15.6,930484.0,615425.0,964444.99,5533.45,1938.28,7817.03,1318.87,14660.23,568.75,110.12,72.02,2635.79,94.99,513.52,122.48,1583.57,68.69,43.27,19.51,77.81,49.95,80.55,32.75,70.94,13.55,2257.09,202.12,4.40,0.53,71.31,8.06,7.39,2.31,0.00,0.00,6.73,1.69,3.40,3.76,2.23,4.54,11.10,21.64,59.35,8.70,5.73,4.72,68837.31,9175.99,3214.20,14769.99,2491.96,31363.14,1216.75,252.32,165.02,6581.31,237.18,618.59,147.53,2215.74,96.11,72.20,32.55,138.91,89.17,117.73,47.87,101.93,19.47,3227.07,288.98,5.59,0.68,89.26,10.09,9.19,2.88,0.00,0.00,7.96,2.00,4.59,5.09,2.97,6.06,12.39,24.16,63.93,9.37,6.50,5.35
23.10,23.1,26/11/2025 15:41:43,11.654,6.946,1181244.398,15.6,932257.0,617941.0,966001.55,4299.69,1809.63,7901.37,1329.35,14084.21,548.89,8.65,8.63,2639.91,94.51,503.31,121.57,1649.51,69.45,119.40,34.31,61.38,49.48,80.58,32.72,79.79,15.08,2407.33,216.39,4.15,0.51,59.14,5.81,9.80,2.41,0.00,0.00,7.68,1.83,4.71,3.74,2.08,4.54,10.38,21.58,61.30,8.67,4.05,4.76,65891.05,7130.08,3000.86,14929.34,2511.76,30130.85,1174.27,19.83,19.79,6591.61,235.98,606.29,146.45,2308.00,97.17,199.21,57.24,109.58,88.33,117.78,47.82,114.65,21.66,3441.87,309.38,5.28,0.65,74.04,7.27,12.20,3.00,0.00,0.00,9.08,2.16,6.36,5.06,2.77,6.06,11.59,24.10,66.03,9.33,4.60,5.40
23.20,23.2,26/11/2025 15:42:03,11.939,5.817,,15.5,941287.0,622246.0,961983.87,5758.27,1896.97,8396.57,1405.18,15170.84,585.45,102.32,67.33,2600.67,94.31,553.74,127.77,1713.33,70.76,85.90,29.75,96.39,51.02,57.64,29.23,148.29,26.52,3149.50,287.16,4.33,0.54,82.20,10.10,7.91,2.39,0.00,0.00,8.67,1.95,5.68,3.98,2.13,4.75,1.71,22.03,64.90,9.04,5.14,4.92,72994.09,9548.81,3145.70,15865.01,2655.03,32455.51,1252.47,234.45,154.27,6493.62,235.47,667.03,153.91,2397.31,99.01,143.33,49.64,172.07,91.09,84.24,42.72,213.07,38.11,4502.97,410.57,5.51,0.69,102.90,12.64,9.85,2.97,0.00,0.00,10.25,2.31,7.67,5.37,2.84,6.34,1.91,24.59,69.91,9.74,5.83,5.58
23.30,23.3,26/11/2025 15:42:22,11.879,5.225,,15.5,945717.0,625675.0,961337.19,5877.89,1903.27,8452.24,1414.79,15417.55,594.48,128.25,81.64,2688.21,96.91,493.73,122.28,1798.24,71.63,109.87,33.45,126.95,51.50,63.34,30.24,137.14,24.73,3175.05,289.58,4.11,0.53,82.25,10.07,8.05,2.38,0.00,0.00,8.47,1.95,4.38,4.00,2.64,4.81,10.31,22.08,70.17,9.35,3.99,4.97,74285.94,9747.16,3156.15,15970.20,2673.20,32983.31,1271.78,293.87,187.07,6712.21,241.97,594.74,147.30,2516.10,100.23,183.31,55.82,226.62,91.94,92.58,44.19,197.05,35.54,4539.51,414.03,5.23,0.67,102.96,12.61,10.02,2.96,0.00,0.00,10.01,2.31,5.92,5.41,3.52,6.41,11.51,24.65,75.59,10.07,4.53,5.64
23.40,23.4,26/11/2025 15:42:42,12.466,5.025,,15.6,936853.0,621337.0,964145.07,5062.17,1887.25,7984.92,1343.59,14552.38,565.14,139.83,87.01,2724.51,97.56,400.63,112.53,1604.90,69.34,23.98,16.34,127.72,50.76,70.26,30.99,160.79,28.59,2825.37,256.16,4.30,0.54,58.92,5.70,9.67,2.43,0.00,0.00,4.95,1.50,2.76,3.87,3.40,4.68,24.33,21.70,64.61,9.05,4.52,4.86,69314.11,8394.47,3129.58,15087.22,2538.66,31132.42,1209.03,320.41,199.37,6802.84,243.60,482.60,135.56,2245.59,97.02,40.01,27.27,228.00,90.62,102.69,45.29,231.03,41.08,4039.55,366.24,5.47,0.68,73.76,7.13,12.03,3.03,0.00,0.00,5.86,1.77,3.73,5.22,4.54,6.24,27.17,24.23,69.60,9.75,5.12,5.51
23.50,23.5,26/11/2025 15:43:11,12.217,7.604,,15.6,920926.0,615618.0,966347.82,5041.63,1808.66,7575.42,1278.63,14017.25,546.22,187.06,110.61,2361.88,87.36,317.89,103.24,1413.54,66.71,25.05,16.03,111.85,49.50,68.28,30.22,78.50,14.76,2291.79,205.42,4.14,0.52,59.52,5.91,8.35,2.24,0.00,0.00,5.13,1.43,3.30,3.74,2.47,4.49,12.48,21.21,62.98,8.86,3.67,4.56,65268.90,8360.42,2999.26,14313.47,2415.92,29987.60,1168.55,428.63,253.46,5897.38,218.12,382.93,124.37,1977.84,93.34,41.79,26.74,199.67,88.37,99.79,44.16,112.79,21.20,3276.67,293.69,5.27,0.66,74.51,7.40,10.39,2.79,0.00,0.00,6.07,1.69,4.46,5.06,3.29,5.99,13.93,23.68,67.84,9.55,4.16,5.17
23.60,23.6,26/11/2025 15:43:31,12.025,3.368,1181246.517,15.7,907170.0,607453.0,969413.03,4087.64,1742.98,7076.64,1200.38,12901.14,507.44,35.00,54.46,2081.64,78.93,329.03,101.68,1487.30,65.89,45.49,19.74,115.46,48.51,87.84,33.50,67.13,12.75,2084.56,185.93,3.88,0.50,89.05,12.24,7.67,2.27,0.00,0.00,4.85,1.42,3.84,3.61,2.44,4.37,15.96,20.79,57.66,8.34,2.74,4.51,59215.01,6778.43,2890.35,13371.05,2268.07,27599.87,1085.59,80.20,124.79,5197.66,197.09,396.35,122.48,2081.04,92.19,75.90,32.94,206.12,86.60,128.38,48.97,96.46,18.32,2980.39,265.83,4.93,0.64,111.47,15.33,9.54,2.82,0.00,0.00,5.73,1.68,5.18,4.88,3.26,5.83,17.82,23.22,62.11,8.99,3.11,5.12
23.70,23.7,26/11/2025 15:43:50,11.329,3.965,,15.7,911137.0,609097.0,967887.48,4952.26,1782.61,7305.73,1236.91,13343.67,523.47,31.28,55.13,2307.50,85.31,344.88,104.09,1428.67,66.14,75.50,26.86,72.84,48.39,72.64,30.83,90.19,23.35,1897.27,168.45,3.95,0.50,98.09,14.54,7.17,2.25,0.00,0.00,5.74,1.50,2.80,3.60,3.14,4.41,5.13,21.03,59.73,8.55,4.34,4.55,62241.27,8212.22,2956.05,13803.90,2337.09,28546.58,1119.87,71.67,126.32,5761.61,213.01,415.44,125.39,1999.00,92.54,125.97,44.81,130.03,86.39,106.17,45.06,129.59,33.55,2712.62,240.84,5.02,0.63,122.79,18.21,8.93,2.80,0.00,0.00,6.79,1.77,3.79,4.87,4.18,5.88,5.73,23.48,64.34,9.21,4.92,5.16
23.80,23.8,26/11/2025 15:44:10,11.494,3.963,,15.6,924234.0,613037.0,967108.98,5013.20,1811.85,6986.61,1190.61,13679.83,535.15,111.59,71.59,2342.92,86.51,376.87,108.28,1539.59,67.68,31.09,16.09,107.44,49.65,66.21,29.97,12.85,2.84,2453.68,220.88,3.84,0.51,73.02,8.48,8.77,2.46,0.00,0.00,4.43,1.44,3.85,3.72,1.79,4.51,12.75,21.33,56.68,8.55,4.01,4.57,63560.78,8313.28,3004.55,13200.93,2249.61,29265.74,1144.87,255.68,164.04,5850.04,216.01,453.98,130.43,2154.20,94.70,51.87,26.84,191.81,88.64,96.77,43.80,18.46,4.08,3508.14,315.80,4.89,0.65,91.40,10.61,10.92,3.06,0.00,0.00,5.24,1.71,5.20,5.03,2.38,6.02,14.24,23.82,61.05,9.21,4.55,5.18
23.90,23.9,26/11/2025 15:44:29,11.520,3.174,,15.6,930379.0,617734.0,964705.50,5451.30,1793.73,7966.24,1336.72,14181.69,551.78,32.01,27.36,1967.85,77.12,626.70,133.26,1574.18,68.47,98.85,31.41,69.12,49.65,72.47,31.24,131.12,23.51,2943.18,267.44,4.38,0.54,75.76,8.87,8.23,2.31,0.00,0.00,5.79,1.56,4.14,3.84,2.65,4.67,10.31,21.59,63.72,9.02,4.84,4.78,67378.32,9039.75,2974.50,15051.92,2525.68,30339.38,1180.45,73.34,62.68,4913.53,192.57,754.93,160.53,2202.60,95.80,164.93,52.41,123.39,88.63,105.92,45.66,188.40,33.77,4207.99,382.38,5.57,0.68,94.84,11.10,10.24,2.88,0.00,0.00,6.84,1.85,5.59,5.19,3.53,6.23,11.51,24.11,68.64,9.71,5.49,5.43
24.00,24.0,26/11/2025 15:44:59,11.635,2.643,,15.6,924316.0,612443.0,965707.47,5044.91,1790.76,7500.36,1266.41,13855.31,540.49,51.60,56.77,2282.68,84.86,484.10,118.75,1588.09,68.39,104.97,31.86,107.60,49.47,92.03,34.71,94.34,17.37,2891.56,262.49,4.31,0.54,82.52,10.36,7.45,2.36,0.00,0.00,8.03,1.83,4.39,3.77,2.77,4.57,17.57,21.30,64.52,8.93,3.44,4.77,65803.38,8365.86,2969.58,14171.66,2392.83,29641.14,1156.28,118.24,130.08,5699.63,211.90,583.15,143.05,2222.07,95.70,175.14,53.17,192.08,88.31,134.50,50.73,135.56,24.96,4134.18,375.29,5.49,0.68,103.29,12.97,9.27,2.94,0.00,0.00,9.49,2.17,5.93,5.09,3.69,6.09,19.61,23.78,69.50,9.62,3.90,5.42
24.10,24.1,26/11/2025 15:45:19,11.337,8.397,1181244.462,15.6,921410.0,614187.0,966419.63,5193.86,1801.59,7560.00,1274.55,13311.09,522.24,84.39,56.70,1900.56,74.76,429.91,112.45,1629.77,68.28,108.96,32.68,102.62,49.37,85.60,33.46,84.59,15.81,2921.21,265.45,4.09,0.52,74.82,8.74,6.67,2.34,0.00,0.00,6.25,1.61,4.00,3.72,4.25,4.59,3.60,21.29,60.26,8.74,3.88,4.71,64098.38,8612.86,2987.53,14284.33,2408.21,28476.87,1117.25,193.37,129.92,4745.52,186.68,517.87,135.45,2280.38,95.53,181.79,54.52,183.19,88.14,125.11,48.91,121.55,22.72,4176.58,379.52,5.21,0.66,93.66,10.94,8.30,2.91,0.00,0.00,7.39,1.91,5.40,5.02,5.66,6.12,4.01,23.77,64.91,9.41,4.40,5.34
24.20,24.2,26/11/2025 15:45:38,11.736,10.055,,15.6,926653.0,615980.0,965882.81,4878.54,1842.70,7558.83,1277.37,13767.18,538.17,100.89,66.10,2338.90,86.41,447.90,115.00,1604.23,68.45,79.69,27.81,76.71,49.08,78.24,32.10,85.28,15.93,2905.11,263.87,4.48,0.54,91.08,12.38,7.62,2.37,0.00,0.00,7.32,1.74,3.77,3.77,3.03,4.62,8.62,21.30,65.01,8.98,4.78,4.75,65572.46,8089.97,3055.70,14282.12,2413.55,29452.61,1151.33,231.17,151.46,5840.00,215.76,539.55,138.53,2244.64,95.77,132.96,46.41,136.94,87.61,114.36,46.92,122.53,22.89,4153.56,377.26,5.70,0.69,114.01,15.49,9.48,2.95,0.00,0.00,8.65,2.06,5.09,5.09,4.04,6.16,9.63,23.78,70.03,9.67,5.43,5.39
24.30,24.3,26/11/2025 15:45:58,11.810,6.681,,15.6,924142.0,614551.0,966263.87,4792.11,1775.73,7371.63,1246.60,13689.55,535.42,140.73,86.58,2450.30,89.69,353.73,106.36,1628.05,68.40,68.93,25.93,100.51,49.73,63.43,29.58,117.36,21.20,2788.36,252.66,4.23,0.52,77.13,9.22,6.43,2.21,0.00,0.00,4.33,1.45,3.64,3.79,2.11,4.60,4.79,21.43,64.92,8.87,3.86,4.69,65051.17,7946.64,2944.64,13928.43,2355.41,29286.54,1145.44,322.47,198.39,6118.18,223.95,426.10,128.13,2277.98,95.70,115.01,43.27,179.42,88.78,92.71,43.23,168.63,30.46,3986.63,361.25,5.38,0.67,96.55,11.54,8.00,2.76,0.00,0.00,5.12,1.72,4.91,5.12,2.81,6.14,5.35,23.93,69.93,9.55,4.38,5.32
24.40,24.4,26/11/2025 15:46:17,11.111,5.756,,15.6,925435.0,619050.0,965192.63,5833.94,1844.14,7543.92,1274.33,13844.16,540.72,7.43,7.38,2404.72,88.26,401.52,110.66,1613.56,68.48,101.86,31.69,101.57,49.89,56.29,28.61,77.92,14.78,2629.30,237.43,4.12,0.52,88.62,11.83,7.56,2.32,0.00,0.00,4.55,1.46,4.39,3.81,3.44,4.61,10.58,21.54,63.82,8.91,4.08,4.75,66839.72,9674.29,3058.09,14253.96,2407.80,29617.29,1156.78,17.03,16.90,6004.35,220.39,483.68,133.30,2257.70,95.81,169.96,52.87,181.33,89.07,82.27,41.81,111.96,21.24,3759.23,339.47,5.25,0.66,110.93,14.81,9.41,2.88,0.00,0.00,5.39,1.73,5.93,5.14,4.58,6.15,11.82,24.05,68.74,9.59,4.63,5.39
24.50,24.5,26/11/2025 15:46:47,13.487,6.419,,15.6,928185.0,620614.0,968201.58,2879.90,1763.49,7420.82,1255.85,13863.58,540.79,137.38,84.58,2450.73,89.50,292.26,100.55,1546.11,67.54,126.97,35.08,58.86,48.94,75.40,31.56,76.70,14.54,2706.90,245.03,4.20,0.51,76.01,9.06,5.84,2.29,0.00,0.00,4.26,1.45,3.59,3.73,3.62,4.58,1.91,21.37,59.71,8.73,3.69,4.65,62005.87,4775.67,2924.35,14021.37,2372.89,29658.83,1156.92,314.79,193.80,6119.23,223.48,352.06,121.13,2163.32,94.50,211.84,58.53,105.08,87.36,110.20,46.13,110.20,20.89,3870.18,350.33,5.34,0.65,95.14,11.34,7.26,2.85,0.00,0.00,5.04,1.71,4.85,5.04,4.83,6.11,2.13,23.86,64.32,9.40,4.19,5.28
24.60,24.6,26/11/2025 15:47:07,13.487,7.805,1181242.148,15.6,919234.0,619859.0,968172.94,4168.91,1791.50,7197.90,1220.85,13289.23,521.32,120.65,75.41,2261.71,83.83,427.75,112.20,1538.46,67.30,42.22,19.04,122.99,49.58,74.68,31.29,74.33,14.05,2339.79,210.04,4.46,0.52,78.21,9.60,7.93,2.25,0.00,0.00,4.26,1.43,3.56,3.75,2.21,4.51,6.26,21.19,59.21,8.61,2.36,4.57,61586.02,6913.20,2970.81,13600.16,2306.75,28430.10,1115.28,276.46,172.80,5647.28,209.31,515.27,135.16,2152.62,94.16,70.45,31.77,219.55,88.51,109.15,45.74,106.79,20.19,3345.30,300.30,5.67,0.66,97.90,12.02,9.87,2.81,0.00,0.00,5.03,1.69,4.81,5.06,2.94,6.01,6.99,23.65,63.78,9.28,2.68,5.19
24.70,24.7,26/11/2025 15:47:07,13.162,7.472,,15.6,925548.0,620651.0,968154.49,3990.52,1804.91,7233.42,1228.13,13427.57,526.41,73.04,51.33,2320.04,86.04,421.17,112.22,1478.29,67.20,43.28,19.24,130.47,49.42,83.77,32.93,69.22,13.17,2427.12,218.32,3.87,0.51,40.77,3.13,8.13,2.33,0.00,0.00,3.36,1.44,3.23,3.73,2.91,4.52,24.36,21.10,58.05,8.48,2.94,4.61,61715.29,6617.38,2993.04,13667.27,2320.51,28726.07,1126.16,167.36,117.61,5792.91,214.84,507.34,135.18,2068.43,94.02,72.21,32.11,232.91,88.23,122.44,48.13,99.46,18.93,3470.15,312.14,4.93,0.64,51.03,3.91,10.12,2.90,0.00,0.00,3.97,1.70,4.36,5.03,3.88,6.03,27.19,23.56,62.54,9.14,3.34,5.23
24.80,24.8,26/11/2025 15:47:46,10.135,7.873,,15.6,930217.0,620651.0,966262.31,4349.22,1862.99,7677.53,1297.21,13895.07,543.11,44.60,35.67,2232.93,83.96,581.43,128.02,1698.68,69.31,46.98,20.43,108.65,49.75,53.15,28.04,100.82,18.56,2753.21,249.34,4.26,0.54,90.69,12.31,8.12,2.41,0.00,0.00,3.46,1.47,3.76,3.81,3.33,4.66,22.00,21.41,56.04,8.70,3.76,4.75,64862.76,7212.21,3089.35,14506.41,2451.03,29726.22,1161.88,102.20,81.73,5575.42,209.64,700.39,154.22,2376.80,96.98,78.38,34.09,193.95,88.81,77.69,40.99,144.87,26.66,3936.38,356.49,5.42,0.68,113.52,15.41,10.10,2.99,0.00,0.00,4.10,1.74,5.08,5.15,4.44,6.21,24.56,23.91,60.37,9.37,4.26,5.38
24.90,24.9,26/11/2025 15:48:05,9.720,8.929,,15.6,931444.0,621076.0,967251.41,3166.14,1865.92,7219.18,1229.07,14127.53,550.29,51.81,39.92,2245.88,84.24,520.95,122.10,1665.97,69.00,111.66,32.90,144.23,50.01,50.20,27.49,74.57,14.18,3165.88,289.00,4.13,0.52,97.59,13.95,9.79,2.49,0.00,0.00,6.32,1.64,5.75,3.87,3.13,4.62,15.31,21.30,59.70,8.95,2.87,4.77,63193.62,5250.34,3094.21,13640.37,2322.29,30223.52,1177.26,118.71,91.47,5607.75,210.33,627.54,147.08,2331.04,96.54,186.30,54.90,257.48,89.29,73.37,40.18,107.14,20.38,4526.39,413.20,5.26,0.67,122.16,17.47,12.18,3.09,0.00,0.00,7.48,1.94,7.76,5.23,4.17,6.16,17.09,23.79,64.31,9.64,3.25,5.41
25.00,25.0,26/11/2025 15:48:35,11.301,15.473,,15.5,939957.0,623099.0,964390.45,4677.65,1847.82,8253.59,1383.37,14457.59,562.06,173.08,103.91,2629.82,94.83,458.51,117.97,1660.95,69.98,98.52,31.63,111.04,50.70,76.02,32.13,72.80,14.05,2749.54,248.98,3.82,0.51,98.41,14.15,9.00,2.39,0.00,0.00,5.00,1.50,4.23,3.89,2.18,4.68,7.64,21.82,56.95,8.77,3.22,4.81,68857.41,7756.83,3064.19,15594.85,2613.83,30929.63,1202.43,396.60,238.09,6566.40,236.77,552.33,142.11,2324.01,97.92,164.39,52.78,198.22,90.51,111.11,46.97,104.60,20.18,3931.14,355.98,4.86,0.65,123.19,17.71,11.20,2.97,0.00,0.00,5.91,1.78,5.71,5.26,2.91,6.24,8.53,24.36,61.35,9.45,3.65,5.46
25.10,25.1,26/11/2025 15:48:54,11.277,12.362,1181242.086,15.6,921648.0,616686.0,967334.64,4298.89,1765.56,7158.85,1215.18,13686.92,534.91,31.24,55.16,2487.20,90.47,540.44,123.20,1565.55,67.70,26.84,16.09,84.21,49.30,60.36,28.98,36.85,7.53,2502.19,225.35,4.54,0.53,77.95,9.49,8.06,2.29,0.00,0.00,3.67,1.44,7.08,3.77,3.12,4.54,12.62,21.31,63.63,8.75,5.16,4.68,63193.15,7128.75,2927.78,13526.38,2296.03,29280.90,1144.34,71.59,126.40,6210.30,225.89,651.02,148.41,2190.53,94.73,44.78,26.85,150.32,88.01,88.22,42.36,52.94,10.82,3577.50,322.19,5.78,0.67,97.58,11.88,10.03,2.85,0.00,0.00,4.34,1.70,9.57,5.09,4.16,6.05,14.09,23.79,68.54,9.42,5.85,5.31
25.20,25.2,26/11/2025 15:49:14,13.531,14.742,,15.7,910119.0,609154.0,968639.25,3876.15,1762.66,7064.63,1201.36,13110.61,515.72,110.64,70.78,2283.52,85.13,460.74,115.10,1507.06,66.55,47.78,20.35,110.65,48.76,49.13,27.01,43.91,8.78,2476.85,222.93,4.07,0.51,115.05,19.15,8.12,2.29,0.00,0.00,5.09,1.45,4.15,3.67,2.14,4.44,11.41,20.94,64.39,8.67,4.66,4.69,60657.59,6427.72,2922.97,13348.36,2269.93,28047.98,1103.30,253.51,162.19,5701.74,212.56,555.01,138.65,2108.69,93.12,79.72,33.96,197.53,87.05,71.81,39.48,63.09,12.61,3541.26,318.73,5.17,0.64,144.01,23.98,10.11,2.85,0.00,0.00,6.02,1.71,5.61,4.96,2.86,5.92,12.74,23.38,69.36,9.34,5.29,5.32
25.30,25.3,26/11/2025 15:49:33,12.034,8.857,,15.7,917086.0,609933.0,967700.39,3675.34,1773.68,7160.93,1215.28,13749.74,536.38,66.76,47.56,2054.08,78.62,521.14,120.90,1635.80,68.04,122.80,33.83,120.52,48.92,72.80,30.88,118.92,21.26,2780.10,251.81,4.13,0.51,108.68,17.07,9.38,2.36,0.00,0.00,5.16,1.46,4.41,3.75,1.63,4.55,19.17,21.01,64.41,8.99,3.71,4.70,62173.07,6094.72,2941.25,13530.30,2296.22,29415.30,1147.50,152.98,108.98,5128.83,196.30,627.77,145.64,2288.82,95.21,204.89,56.45,215.14,87.34,106.40,45.13,170.87,30.55,3974.83,360.02,5.26,0.65,136.04,21.36,11.68,2.94,0.00,0.00,6.10,1.73,5.96,5.07,2.18,6.06,21.40,23.46,69.38,9.69,4.21,5.33
25.40,25.4,26/11/2025 15:49:53,12.885,7.733,,15.6,918962.0,612435.0,966063.07,4919.95,1798.97,7329.80,1240.54,13660.20,533.79,89.69,59.72,2286.91,85.00,495.83,118.18,1635.67,68.09,120.50,33.86,126.23,49.54,65.29,29.77,145.05,25.72,2825.65,256.14,3.82,0.50,129.66,23.28,10.15,2.41,0.00,0.00,6.69,1.69,5.31,3.80,2.39,4.61,10.57,21.23,62.77,8.94,4.81,4.78,65086.51,8158.64,2983.18,13849.38,2343.95,29223.73,1141.95,205.51,136.83,5710.19,212.24,597.28,142.36,2288.64,95.27,201.05,56.50,225.34,88.44,95.42,43.51,208.42,36.96,4039.95,366.22,4.86,0.64,162.30,29.14,12.64,3.00,0.00,0.00,7.91,1.99,7.18,5.14,3.18,6.14,11.80,23.71,67.62,9.63,5.46,5.42
25.50,25.5,26/11/2025 15:50:23,14.056,6.944,,15.7,913120.0,609234.0,968268.04,4782.30,1841.76,6378.99,1100.02,13369.65,524.23,2.10,2.17,2083.33,79.05,444.38,112.34,1535.34,66.51,34.29,16.29,86.03,48.42,73.25,30.84,90.26,16.56,2638.40,238.30,3.87,0.51,111.65,18.08,9.14,2.35,0.00,0.00,5.00,1.46,4.50,3.74,1.29,4.50,12.67,20.92,62.06,8.79,3.47,4.62,60950.11,7930.38,3054.15,12052.87,2078.44,28602.16,1121.51,4.80,4.96,5201.87,197.37,535.30,135.32,2148.26,93.06,57.21,27.17,153.57,86.43,107.06,45.07,129.69,23.79,3772.24,340.71,4.92,0.65,139.76,22.64,11.37,2.93,0.00,0.00,5.92,1.72,6.08,5.05,1.72,6.01,14.15,23.36,66.85,9.47,3.93,5.24
25.60,25.6,26/11/2025 15:50:43,13.251,4.898,1181245.652,15.7,910875.0,607776.0,967015.48,5399.37,1789.31,6744.93,1152.02,12976.43,511.06,70.58,49.73,2394.20,87.48,444.99,113.29,1557.27,67.32,90.87,29.49,126.83,49.19,53.42,27.75,105.82,19.18,2800.01,253.69,3.73,0.50,120.95,20.69,9.66,2.35,0.00,0.00,5.31,1.47,2.04,3.72,2.63,4.54,8.72,21.06,62.27,8.73,4.48,4.73,63187.74,8953.65,2967.18,12744.30,2176.70,27760.93,1093.34,161.73,113.94,5978.08,218.42,536.03,136.47,2178.95,94.19,151.62,49.21,226.41,87.81,78.07,40.56,152.05,27.56,4003.30,362.71,4.75,0.64,151.40,25.90,12.03,2.93,0.00,0.00,6.28,1.74,2.75,5.03,3.51,6.05,9.73,23.51,67.08,9.41,5.08,5.37
25.70,25.7,26/11/2025 15:51:02,8.294,4.829,,15.7,903278.0,602412.0,968504.53,4319.94,1796.05,6642.05,1137.98,12973.98,510.23,16.02,14.66,2154.41,80.46,415.44,109.07,1571.68,66.43,129.74,34.58,73.91,47.87,57.39,28.06,78.46,14.60,2860.21,259.46,3.56,0.50,104.58,16.01,7.66,2.34,0.00,0.00,4.24,1.47,5.79,3.73,1.79,4.43,10.49,20.83,61.05,8.75,3.08,4.67,60460.41,7163.64,2978.34,12549.91,2150.18,27755.69,1091.55,36.70,33.59,5379.37,200.89,500.44,131.39,2199.11,92.94,216.47,57.69,131.95,85.46,83.88,41.01,112.73,20.98,4089.37,370.96,4.53,0.63,130.91,20.05,9.53,2.91,0.00,0.00,5.02,1.74,7.82,5.04,2.39,5.91,11.71,23.25,65.76,9.42,3.49,5.30
25.80,25.8,26/11/2025 15:51:22,9.009,7.737,,15.7,905375.0,600629.0,969273.79,3680.84,1749.66,6653.36,1137.42,13012.71,511.03,135.42,81.99,2114.40,79.60,384.13,106.25,1491.34,65.99,52.86,21.41,134.48,48.34,60.85,28.47,97.12,17.63,2685.01,242.72,4.00,0.50,121.53,21.07,9.16,2.32,0.00,0.00,4.40,1.42,4.59,3.68,3.38,4.45,16.72,20.60,57.00,8.56,2.92,4.62,59316.36,6103.84,2901.41,12571.27,2149.11,27838.54,1093.27,310.29,187.87,5279.45,198.74,462.73,127.99,2086.69,92.33,88.20,35.73,240.07,86.29,88.94,41.62,139.55,25.33,3838.87,347.03,5.09,0.64,152.13,26.38,11.40,2.89,0.00,0.00,5.20,1.68,6.20,4.98,4.51,5.94,18.67,23.00,61.40,9.22,3.32,5.24
25.90,25.9,26/11/2025 15:51:42,10.875,4.365,,15.7,903112.0,600230.0,969179.95,4005.76,1771.21,6888.53,1173.10,12645.89,499.43,77.88,53.24,2262.56,83.96,370.01,104.75,1544.48,66.21,82.94,27.72,129.66,48.30,64.77,29.12,90.20,16.48,2457.33,221.00,4.28,0.51,96.57,14.01,8.27,2.28,0.00,0.00,5.03,1.45,3.35,3.62,1.71,4.38,13.59,20.63,64.11,8.67,3.14,4.61,59491.31,6642.66,2937.15,13015.61,2216.52,27053.79,1068.45,178.46,121.99,5649.39,209.65,445.72,126.19,2161.05,92.64,138.39,46.25,231.46,86.22,94.67,42.57,129.60,23.68,3513.35,315.97,5.44,0.66,120.88,17.54,10.29,2.84,0.00,0.00,5.94,1.72,4.52,4.89,2.29,5.84,15.17,23.03,69.06,9.34,3.56,5.23
26.00,26.0,26/11/2025 15:52:12,9.838,5.295,,15.7,902483.0,602725.0,968925.15,4306.08,1738.41,6693.04,1142.51,12628.00,498.68,122.33,75.56,2212.13,82.19,438.32,111.31,1562.27,66.69,95.24,29.77,80.81,47.75,69.08,29.92,106.01,19.03,2581.97,232.80,3.68,0.49,84.90,11.09,8.88,2.31,0.00,0.00,3.48,1.43,3.51,3.62,3.41,4.42,6.33,20.71,60.68,8.73,4.69,4.63,59781.35,7140.67,2882.76,12646.24,2158.72,27015.52,1066.85,280.31,173.14,5523.48,205.22,528.01,134.08,2185.93,93.31,158.91,49.67,144.26,85.24,100.97,43.73,152.32,27.34,3691.56,332.84,4.68,0.62,106.28,13.88,11.05,2.87,0.00,0.00,4.11,1.69,4.74,4.90,4.54,5.89,7.07,23.12,65.37,9.41,5.33,5.26
26.10,26.1,26/11/2025 15:52:32,10.139,9.321,1181242.811,15.7,897946.0,605274.0,971733.36,3229.75,1705.81,6375.25,1093.18,12136.33,481.59,53.29,39.51,1791.00,70.68,389.47,105.55,1512.25,65.16,40.96,18.25,89.14,47.39,70.95,29.99,62.46,11.86,2282.51,204.55,3.76,0.49,138.69,27.17,8.84,2.30,0.00,0.00,4.64,1.42,1.83,3.60,1.83,4.33,9.23,20.45,59.83,8.45,4.64,4.56,54508.57,5355.81,2828.70,12045.79,2065.53,25963.67,1030.29,122.12,90.54,4471.95,176.47,469.16,127.14,2115.94,91.18,68.34,30.46,159.13,84.60,103.70,43.84,89.74,17.04,3263.41,292.45,4.79,0.62,173.61,34.01,11.01,2.86,0.00,0.00,5.49,1.68,2.47,4.86,2.44,5.78,10.30,22.84,64.45,9.11,5.26,5.17
26.20,26.2,26/11/2025 15:52:51,11.614,9.193,,15.7,897693.0,602938.0,970094.72,4229.21,1763.79,6546.13,1122.34,12644.36,499.33,26.10,22.39,1930.59,74.44,292.37,97.47,1474.14,65.39,27.87,15.49,121.48,48.05,85.37,32.81,26.20,5.41,2299.25,206.04,3.93,0.49,106.05,16.74,8.37,2.33,0.00,0.00,4.52,1.40,1.97,3.61,2.91,4.37,12.88,20.52,57.41,8.43,4.17,4.55,57681.63,7013.20,2924.85,12368.67,2120.62,27050.53,1068.23,59.80,51.29,4820.50,185.88,352.19,117.42,2062.62,91.49,46.50,25.84,216.86,85.78,124.77,47.96,37.64,7.77,3287.33,294.59,5.00,0.63,132.76,20.96,10.42,2.90,0.00,0.00,5.34,1.66,2.66,4.88,3.88,5.82,14.39,22.91,61.84,9.08,4.73,5.16
26.30,26.3,26/11/2025 15:53:11,10.577,10.913,,15.7,898870.0,601680.0,970966.37,2879.29,1704.01,6727.49,1148.11,12411.02,490.97,75.25,51.31,2212.65,82.22,351.32,102.17,1503.15,65.43,78.50,26.80,117.93,47.88,56.56,27.73,24.70,5.16,2355.12,211.39,4.01,0.49,142.93,28.51,8.12,2.25,0.00,0.00,4.58,1.43,4.17,3.58,3.67,4.40,10.49,20.53,58.40,8.45,4.28,4.57,56377.36,4774.66,2825.71,12711.34,2169.31,26551.33,1050.36,172.42,117.56,5524.77,205.30,423.20,123.08,2103.22,91.55,130.98,44.72,210.53,85.47,82.66,40.53,35.49,7.41,3367.21,302.24,5.10,0.63,178.92,35.69,10.10,2.81,0.00,0.00,5.41,1.69,5.63,4.84,4.90,5.87,11.72,22.92,62.91,9.10,4.85,5.18
26.40,26.4,26/11/2025 15:53:31,13.086,10.183,,15.7,902930.0,606022.0,969516.46,3844.07,1735.72,6639.52,1134.65,13035.41,511.67,62.91,44.71,2191.09,81.62,381.40,106.01,1520.03,66.04,25.89,15.66,94.04,48.27,51.49,27.20,6.16,1.37,2391.23,214.84,3.73,0.48,131.25,24.40,9.23,2.34,0.00,0.00,3.91,1.42,6.04,3.67,2.81,4.42,19.89,20.82,57.88,8.67,5.55,4.62,59010.08,6374.53,2878.31,12545.13,2143.88,27887.10,1094.64,144.16,102.45,5470.94,203.80,459.44,127.70,2126.83,92.41,43.20,26.13,167.87,86.17,75.26,39.75,8.86,1.98,3418.84,307.16,4.75,0.62,164.30,30.54,11.49,2.91,0.00,0.00,4.63,1.68,8.16,4.96,3.74,5.89,22.20,23.25,62.34,9.34,6.30,5.25
26.50,26.5,26/11/2025 15:54:01,12.022,6.748,,15.7,905677.0,606272.0,968537.00,4193.33,1756.01,7062.89,1197.86,12823.93,505.17,76.07,52.24,2123.47,79.87,475.30,115.53,1554.79,66.81,27.23,15.62,113.43,48.32,77.00,31.35,113.34,20.26,2573.77,232.08,4.23,0.52,137.08,26.11,8.86,2.35,0.00,0.00,4.01,1.43,5.53,3.76,2.80,4.50,25.72,20.73,56.54,8.65,3.68,4.71,60458.78,6953.70,2911.95,13345.06,2263.30,27434.68,1080.72,174.31,119.70,5302.11,199.43,572.55,139.17,2175.48,93.48,45.43,26.06,202.49,86.27,112.54,45.82,162.85,29.10,3679.84,331.81,5.38,0.66,171.60,32.69,11.03,2.92,0.00,0.00,4.74,1.69,7.47,5.07,3.73,6.00,28.72,23.14,60.90,9.32,4.18,5.34
26.60,26.6,26/11/2025 15:54:21,12.022,8.728,1181241.158,15.7,903701.0,609523.0,969951.04,3862.47,1765.96,6521.04,1118.56,12312.76,488.27,14.39,13.23,2355.70,85.66,414.84,109.04,1514.56,66.00,32.28,15.65,123.22,48.38,71.38,30.28,111.27,19.93,2473.99,222.61,3.61,0.49,126.41,22.75,10.65,2.41,0.00,0.00,3.84,1.43,3.57,3.67,4.01,4.49,21.35,20.69,63.51,8.67,4.09,4.65,57964.18,6405.05,2928.45,12321.27,2113.48,26341.12,1044.58,32.98,30.32,5881.96,213.89,499.72,131.35,2119.19,92.35,53.86,26.10,219.98,86.37,104.33,44.25,159.88,28.64,3537.17,318.27,4.60,0.62,158.24,28.48,13.25,3.00,0.00,0.00,4.54,1.69,4.82,4.96,5.34,5.98,23.84,23.10,68.42,9.34,4.64,5.28
26.70,26.7,26/11/2025 15:54:21,11.355,8.329,,15.7,910361.0,610236.0,969491.79,3418.79,1737.47,6931.12,1180.04,13115.85,515.00,125.37,77.19,2040.81,77.80,424.27,109.85,1521.64,66.16,68.85,25.16,92.77,48.13,57.37,28.11,92.60,16.97,2414.82,217.10,4.57,0.53,96.83,14.11,7.40,2.24,0.00,0.00,5.26,1.47,2.49,3.65,2.85,4.41,19.58,20.82,60.48,8.55,4.49,4.59,59039.42,5669.30,2881.21,13096.09,2229.63,28059.21,1101.76,287.26,176.88,5095.72,194.27,511.08,132.33,2129.09,92.57,114.88,41.98,165.60,85.92,83.85,41.08,133.05,24.39,3452.58,310.40,5.81,0.67,121.21,17.66,9.21,2.79,0.00,0.00,6.22,1.73,3.37,4.93,3.80,5.88,21.86,23.24,65.15,9.21,5.09,5.20
26.80,26.8,26/11/2025 15:55:00,10.231,11.112,,15.7,911720.0,613339.0,966226.74,5606.77,1784.11,7818.82,1313.05,13330.76,522.84,37.42,54.86,2146.94,81.08,372.35,106.26,1583.67,67.59,65.32,24.75,76.78,48.71,93.58,34.85,108.94,19.62,2348.04,210.62,4.27,0.51,83.75,10.79,9.03,2.38,0.00,0.00,4.12,1.46,0.48,3.68,2.52,4.53,12.57,21.10,64.66,8.81,2.46,4.72,64814.10,9297.58,2958.54,14773.37,2480.97,28518.95,1118.54,85.74,125.70,5360.71,202.44,448.53,128.00,2215.89,94.58,108.98,41.29,137.07,86.95,136.77,50.93,156.54,28.18,3357.10,301.14,5.43,0.65,104.84,13.51,11.24,2.96,0.00,0.00,4.88,1.73,0.65,4.97,3.35,6.04,14.04,23.56,69.65,9.50,2.79,5.35
26.90,26.9,26/11/2025 15:55:20,10.232,7.871,,15.6,918172.0,617588.0,968321.90,3686.10,1714.50,6981.50,1187.58,13596.91,531.63,47.24,36.54,2150.25,81.24,370.00,105.77,1661.42,68.02,30.62,15.94,83.31,48.77,65.89,29.68,138.78,24.60,2649.26,239.35,4.31,0.52,109.00,17.27,10.79,2.39,0.00,0.00,4.88,1.47,2.12,3.73,2.68,4.61,16.10,21.10,62.01,8.76,4.95,4.78,61180.98,6112.56,2843.11,13191.28,2243.89,29088.34,1137.33,108.24,83.73,5368.97,202.86,445.71,127.41,2324.67,95.17,51.08,26.60,148.72,87.07,96.30,43.37,199.40,35.35,3787.76,342.21,5.48,0.67,136.44,21.62,13.43,2.97,0.00,0.00,5.77,1.74,2.86,5.04,3.58,6.14,17.97,23.55,66.80,9.44,5.62,5.42
27.00,27.0,26/11/2025 15:55:50,12.053,7.936,,15.6,919686.0,620841.0,967385.38,3971.19,1744.25,6985.14,1187.21,13657.50,532.89,91.20,59.73,2581.48,92.46,429.28,111.80,1711.11,68.69,46.27,20.18,92.70,49.30,60.59,29.00,95.90,17.64,2652.45,239.67,4.84,0.53,135.32,25.32,9.06,2.35,0.00,0.00,5.29,1.49,4.34,3.81,1.61,4.61,16.98,21.29,59.22,8.81,3.15,4.80,63116.23,6585.32,2892.45,13198.17,2243.19,29217.96,1140.03,208.97,136.86,6445.71,230.87,517.11,134.67,2394.20,96.11,77.20,33.66,165.49,88.02,88.55,42.39,137.79,25.35,3792.33,342.67,6.16,0.68,169.38,31.70,11.27,2.92,0.00,0.00,6.26,1.77,5.86,5.15,2.14,6.15,18.95,23.77,63.79,9.49,3.58,5.44
27.10,27.1,26/11/2025 15:56:10,12.391,11.377,1181241.817,15.6,913203.0,618954.0,970366.53,3393.57,1745.43,6398.68,1099.32,12846.27,505.47,141.00,84.60,2008.76,76.72,430.13,110.69,1574.28,66.71,54.39,22.17,66.03,48.23,62.23,28.98,67.99,12.99,2418.05,217.58,4.30,0.52,76.56,9.31,7.39,2.32,0.00,0.00,3.41,1.41,2.72,3.68,2.71,4.52,12.94,20.97,58.10,8.48,3.95,4.66,57317.47,5627.48,2894.41,12090.06,2077.12,27482.48,1081.37,323.07,193.84,5015.69,191.56,518.13,133.34,2202.74,93.35,90.75,36.98,117.87,86.10,90.95,42.35,97.69,18.67,3457.20,311.08,5.48,0.66,95.84,11.66,9.20,2.88,0.00,0.00,4.03,1.67,3.67,4.98,3.62,6.03,14.45,23.41,62.59,9.14,4.48,5.29
27.20,27.2,26/11/2025 15:56:30,11.977,9.657,,15.6,919043.0,622376.0,968679.60,3902.65,1728.56,6933.12,1180.21,12969.23,510.65,56.14,41.65,2286.61,85.00,443.58,113.66,1631.59,68.02,82.85,28.55,52.97,48.84,67.13,30.08,111.90,20.35,2608.11,235.61,4.25,0.52,83.30,10.70,8.47,2.36,0.00,0.00,3.07,1.45,2.84,3.77,3.70,4.61,5.75,21.32,59.33,8.72,3.81,4.73,60400.32,6471.67,2866.43,13099.87,2229.97,27745.52,1092.46,128.65,95.43,5709.44,212.24,534.34,136.92,2282.93,95.18,138.23,47.63,94.56,87.18,98.11,43.96,160.79,29.24,3728.94,336.86,5.41,0.66,104.27,13.40,10.54,2.93,0.00,0.00,3.63,1.71,3.84,5.09,4.94,6.15,6.43,23.80,63.91,9.40,4.33,5.37
27.30,27.3,26/11/2025 15:56:49,10.921,7.874,,15.5,929007.0,628935.0,968342.85,3240.18,1747.74,7075.04,1203.50,13655.52,533.96,58.63,43.24,2544.56,91.82,387.35,109.78,1591.54,68.66,73.67,26.80,58.39,49.11,58.17,28.73,89.90,16.79,2650.68,239.73,4.27,0.52,77.59,9.41,9.02,2.42,0.00,0.00,2.72,1.46,0.82,3.81,3.56,4.68,14.04,21.41,58.49,8.73,3.02,4.77,61572.32,5373.11,2898.23,13368.02,2273.96,29213.73,1142.31,134.34,99.08,6353.52,229.28,466.61,132.24,2226.89,96.07,122.92,44.72,104.24,87.67,85.02,41.99,129.17,24.13,3789.79,342.75,5.43,0.67,97.12,11.78,11.22,3.01,0.00,0.00,3.22,1.72,1.10,5.15,4.74,6.25,15.68,23.90,63.00,9.41,3.43,5.41
27.40,27.4,26/11/2025 15:57:09,11.519,13.427,,15.5,926668.0,626542.0,968504.51,3021.60,1691.25,7138.98,1211.10,13616.93,532.00,76.54,52.52,2439.53,88.86,467.38,116.27,1653.50,68.78,47.63,20.60,113.77,49.52,80.74,32.54,99.58,18.36,2564.92,231.49,4.15,0.51,69.15,7.67,7.87,2.34,0.00,0.00,2.91,1.44,4.03,3.84,1.86,4.65,17.75,21.27,61.84,8.88,4.84,4.73,61189.64,5010.64,2804.56,13488.84,2288.33,29131.16,1138.12,175.37,120.34,6091.27,221.88,563.01,140.06,2313.59,96.24,79.47,34.37,203.09,88.41,118.01,47.57,143.08,26.39,3667.18,330.97,5.28,0.65,86.56,9.61,9.80,2.92,0.00,0.00,3.44,1.70,5.45,5.18,2.48,6.20,19.82,23.74,66.62,9.57,5.49,5.36
27.50,27.5,26/11/2025 15:57:39,9.107,11.972,,15.5,925513.0,628700.0,969193.69,3700.91,1755.63,6663.13,1141.28,13406.43,525.62,59.19,43.61,2062.28,78.87,470.94,116.61,1559.29,67.58,22.08,15.96,91.20,48.99,82.20,32.61,61.22,11.87,2437.51,219.43,4.22,0.52,81.37,10.33,9.23,2.32,0.00,0.00,2.81,1.44,3.13,3.77,2.12,4.60,20.27,21.13,63.38,8.76,3.40,4.64,59558.34,6137.14,2911.32,12589.73,2156.40,28680.85,1124.47,135.63,99.92,5149.31,196.92,567.30,140.47,2181.76,94.56,36.85,26.63,162.81,87.45,120.14,47.67,87.97,17.05,3485.02,313.73,5.36,0.66,101.86,12.93,11.49,2.89,0.00,0.00,3.32,1.71,4.22,5.09,2.83,6.14,22.63,23.59,68.27,9.44,3.85,5.26
27.60,27.6,26/11/2025 15:57:59,11.549,8.000,1181240.759,15.6,919991.0,626758.0,968068.55,4229.64,1730.54,7164.66,1212.80,13170.16,516.33,2.74,2.74,2393.85,87.08,365.61,106.17,1582.58,68.08,68.44,25.66,109.59,49.33,84.83,33.21,126.82,22.71,2445.63,220.03,4.00,0.52,96.13,13.84,7.61,2.33,0.00,0.00,3.65,1.44,2.08,3.78,2.59,4.69,9.49,21.20,57.54,8.68,3.81,4.69,61699.94,7013.91,2869.71,13537.35,2291.53,28175.38,1104.61,6.29,6.27,5977.21,217.43,440.42,127.89,2214.36,95.26,114.20,42.81,195.64,88.06,123.98,48.53,182.22,32.63,3496.63,314.59,5.09,0.66,120.33,17.33,9.47,2.90,0.00,0.00,4.32,1.70,2.81,5.11,3.45,6.25,10.59,23.66,61.99,9.35,4.33,5.32
27.70,27.7,26/11/2025 15:58:19,10.945,7.940,,15.5,924787.0,628715.0,969907.02,2648.99,1720.09,6902.37,1177.02,13327.58,522.75,98.79,64.34,2246.73,83.70,453.37,113.98,1612.48,67.87,32.72,16.02,83.56,49.01,66.85,29.98,59.18,11.59,2358.02,211.95,4.01,0.50,102.07,15.53,7.52,2.26,0.00,0.00,4.94,1.46,1.68,3.70,3.54,4.63,18.78,21.21,55.47,8.44,4.36,4.73,58583.79,4392.75,2852.39,13041.77,2223.94,28512.15,1118.35,226.37,147.43,5609.87,208.98,546.13,137.30,2256.19,94.96,54.59,26.74,149.17,87.49,97.70,43.82,85.03,16.65,3371.36,303.04,5.10,0.64,127.77,19.44,9.36,2.81,0.00,0.00,5.84,1.73,2.27,4.99,4.72,6.18,20.96,23.69,59.76,9.09,4.94,5.36
27.80,27.8,26/11/2025 15:58:38,9.422,10.850,,15.5,933971.0,633514.0,965563.17,4977.69,1753.31,7416.18,1252.69,14104.29,549.15,55.90,41.90,2477.49,90.43,364.10,107.40,1717.67,69.92,83.41,28.91,141.24,50.69,57.92,28.92,89.06,16.72,2777.21,251.64,4.14,0.53,82.62,10.40,8.34,2.38,0.07,0.19,3.65,1.49,3.03,3.84,3.56,4.80,6.20,21.59,58.70,8.74,4.36,4.85,66378.93,8254.38,2907.47,14012.59,2366.91,30173.80,1174.82,128.08,96.01,6186.05,225.80,438.59,129.37,2403.38,97.83,139.17,48.23,252.15,90.48,84.65,42.26,127.97,24.02,3970.70,359.78,5.27,0.68,103.42,13.02,10.38,2.96,0.10,0.25,4.32,1.76,4.09,5.18,4.75,6.40,6.92,24.10,63.23,9.42,4.95,5.50
27.90,27.9,26/11/2025 15:58:58,10.251,11.307,,15.5,929720.0,629410.0,968171.92,2783.83,1799.52,6921.32,1182.08,13920.82,542.68,107.81,69.07,2729.92,97.05,380.35,109.53,1687.60,69.57,60.63,23.95,111.24,49.80,53.93,28.12,97.90,18.11,2774.34,251.49,4.37,0.53,100.87,14.95,9.80,2.38,0.22,0.19,2.67,1.46,2.51,3.84,3.51,4.74,13.86,21.41,56.92,8.54,3.66,4.80,62080.41,4616.35,2984.09,13077.57,2233.49,29781.30,1160.98,247.04,158.26,6816.35,242.32,458.17,131.94,2361.30,97.35,101.17,39.95,198.59,88.90,78.83,41.10,140.67,26.02,3966.59,359.57,5.56,0.67,126.27,18.71,12.20,2.96,0.28,0.25,3.15,1.73,3.40,5.19,4.68,6.32,15.48,23.90,61.31,9.20,4.16,5.45
28.00,28.0,26/11/2025 15:59:28,12.135,7.872,,15.6,919410.0,623883.0,968926.62,3113.01,1756.24,7084.83,1203.95,13250.85,519.69,48.72,54.85,2511.92,90.32,356.22,104.86,1634.24,67.94,69.35,25.88,137.47,49.76,59.34,28.67,90.19,16.73,2545.75,229.61,4.09,0.51,79.84,9.93,9.42,2.37,0.00,0.00,4.28,1.44,4.49,3.76,3.23,4.59,7.17,21.19,56.26,8.62,2.70,4.68,60417.36,5162.24,2912.33,13386.53,2274.81,28348.00,1111.80,111.65,125.69,6272.03,225.53,429.11,126.31,2286.65,95.07,115.72,43.17,245.40,88.83,86.73,41.91,129.59,24.04,3639.76,328.29,5.21,0.65,99.94,12.43,11.72,2.96,0.00,0.00,5.06,1.71,6.06,5.08,4.30,6.12,8.01,23.65,60.61,9.29,3.07,5.30
28.10,28.1,26/11/2025 15:59:48,10.335,6.085,1181242.017,15.6,910373.0,620714.0,970275.42,2649.42,1670.20,6340.68,1087.87,12629.30,497.57,88.84,57.26,2309.78,84.41,421.22,109.78,1593.04,66.88,89.79,29.24,68.90,48.04,81.00,32.26,115.62,20.80,3126.08,285.29,3.95,0.52,115.94,19.23,7.64,2.33,0.00,0.00,4.41,1.46,3.77,3.73,2.64,4.61,4.95,20.91,61.86,8.78,5.75,4.77,57378.52,4393.47,2769.65,11980.48,2055.49,27018.31,1064.47,203.56,131.21,5767.30,210.77,507.41,132.24,2228.99,93.58,149.82,48.79,123.00,85.76,118.39,47.15,166.12,29.89,4469.50,407.89,5.02,0.66,145.13,24.07,9.51,2.90,0.00,0.00,5.21,1.73,5.09,5.04,3.52,6.14,5.53,23.34,66.63,9.46,6.52,5.41
28.20,28.2,26/11/2025 16:00:08,9.785,7.738,,15.6,908134.0,619940.0,970896.60,2599.60,1721.82,6607.17,1129.46,12715.59,500.34,42.44,32.35,2055.47,77.16,425.44,109.61,1594.04,66.92,24.72,15.58,108.62,48.13,49.28,26.80,121.74,21.80,2551.26,230.18,4.17,0.50,96.70,14.08,8.07,2.28,0.00,0.00,3.45,1.42,2.10,3.66,2.06,4.56,29.75,20.72,59.15,8.49,2.60,4.57,56345.86,4310.85,2855.26,12484.00,2134.08,27202.90,1070.40,97.24,74.12,5132.32,192.65,512.49,132.04,2230.39,93.64,41.24,26.00,193.91,85.92,72.03,39.16,174.92,31.32,3647.65,329.10,5.30,0.64,121.04,17.63,10.04,2.83,0.00,0.00,4.08,1.68,2.84,4.95,2.74,6.08,33.22,23.14,63.72,9.15,2.95,5.19
28.30,28.3,26/11/2025 16:00:28,10.089,7.276,,15.7,905137.0,617654.0,971806.26,2366.50,1619.22,6304.09,1081.85,12614.23,497.03,74.80,50.66,1946.80,74.48,393.40,106.88,1531.81,66.25,30.97,15.57,113.38,48.04,74.62,30.78,122.90,21.83,2431.99,218.76,4.28,0.51,84.98,11.24,10.51,2.36,0.00,0.00,3.99,1.41,3.35,3.69,2.95,4.46,13.69,20.58,60.77,8.57,3.71,4.64,54711.21,3924.31,2685.11,11911.34,2044.11,26986.07,1063.32,171.40,116.09,4860.98,185.96,473.90,128.74,2143.31,92.70,51.68,25.97,202.40,85.76,109.06,44.99,176.59,31.37,3477.12,312.77,5.45,0.65,106.38,14.07,13.08,2.94,0.00,0.00,4.72,1.67,4.53,4.99,3.94,5.95,15.29,22.98,65.46,9.24,4.20,5.26
28.40,28.4,26/11/2025 16:00:48,9.856,7.141,,15.7,903744.0,617004.0,970189.94,3921.01,1730.96,6503.69,1112.48,12339.52,487.82,24.06,20.38,2080.43,78.19,474.05,114.62,1596.10,66.84,48.84,20.59,99.01,48.15,55.59,27.75,100.91,18.33,2374.20,213.28,3.95,0.50,98.69,14.66,7.68,2.33,0.00,0.00,3.94,1.40,3.16,3.65,3.82,4.54,8.21,20.75,59.64,8.58,3.57,4.60,57351.60,6502.12,2870.41,12288.47,2101.98,26398.37,1043.61,55.13,46.70,5194.62,195.24,571.05,138.08,2233.27,93.52,81.49,34.36,176.75,85.96,81.25,40.55,144.99,26.33,3394.49,304.94,5.02,0.64,123.54,18.35,9.56,2.90,0.00,0.00,4.66,1.66,4.27,4.93,5.10,6.05,9.16,23.17,64.25,9.24,4.05,5.22
28.50,28.5,26/11/2025 16:01:18,11.358,12.895,,15.7,901174.0,617115.0,970865.95,2855.90,1636.23,6903.22,1172.10,12552.99,495.27,105.68,66.45,2007.30,76.35,404.25,108.26,1584.82,66.59,27.83,15.57,73.16,47.82,79.01,31.68,40.30,8.05,2316.97,207.82,4.08,0.50,89.15,12.26,7.66,2.27,0.00,0.00,3.54,1.40,0.80,3.67,2.53,4.45,12.01,20.71,59.40,8.67,3.46,4.57,56472.28,4735.86,2713.31,13043.38,2214.65,26855.04,1059.55,242.14,152.25,5012.02,190.64,486.96,130.41,2217.49,93.17,46.43,25.97,130.60,85.36,115.48,46.30,57.90,11.57,3312.67,297.13,5.19,0.63,111.60,15.35,9.53,2.83,0.00,0.00,4.19,1.66,1.08,4.96,3.38,5.94,13.41,23.13,63.98,9.34,3.93,5.18
28.60,28.6,26/11/2025 16:01:38,11.621,8.465,1181241.424,15.7,897431.0,615529.0,971851.81,3437.32,1635.00,6202.34,1065.57,11776.32,469.29,39.34,30.53,1962.98,74.97,412.74,107.50,1498.86,65.29,31.60,15.51,94.05,47.47,57.44,27.70,111.02,19.84,2320.47,208.19,4.58,0.52,103.21,16.00,6.78,2.19,0.00,0.00,3.06,1.39,3.07,3.66,2.65,4.42,16.47,20.47,60.74,8.47,3.17,4.47,54222.44,5700.03,2711.27,11719.08,2013.35,25193.49,1003.96,90.13,69.95,4901.37,187.20,497.19,129.50,2097.22,91.35,52.73,25.88,167.90,84.75,83.95,40.48,159.51,28.50,3317.68,297.66,5.83,0.66,129.19,20.03,8.44,2.72,0.00,0.00,3.61,1.64,4.15,4.94,3.53,5.89,18.39,22.85,65.43,9.13,3.59,5.07
28.70,28.7,26/11/2025 16:01:57,10.515,8.464,,15.7,902324.0,615215.0,971381.01,3421.61,1647.76,6177.70,1061.52,12159.38,481.39,206.07,118.01,2012.69,76.06,143.14,81.06,1520.91,65.87,33.73,15.90,118.43,47.85,53.15,27.15,119.64,21.34,2474.21,222.81,4.06,0.50,76.52,9.33,8.13,2.26,0.00,0.00,2.47,1.39,3.37,3.67,2.44,4.46,19.00,20.49,58.62,8.50,3.72,4.52,55422.80,5673.97,2732.44,11672.53,2005.69,26012.98,1029.86,472.17,270.41,5025.50,189.91,172.43,97.64,2128.07,92.17,56.27,26.53,211.43,85.42,77.69,39.68,171.90,30.66,3537.48,318.56,5.16,0.64,95.79,11.68,10.12,2.81,0.00,0.00,2.93,1.64,4.55,4.96,3.25,5.94,21.21,22.88,63.15,9.16,4.22,5.13
28.80,28.8,26/11/2025 16:02:17,9.671,9.391,,15.6,908742.0,619397.0,970325.46,3187.93,1677.43,6463.13,1107.12,12497.54,493.83,56.13,40.51,2467.80,88.94,422.67,110.71,1561.83,66.95,27.34,15.71,94.64,48.56,62.89,29.07,130.02,23.20,2550.71,230.11,3.83,0.50,55.60,5.28,6.29,2.24,0.00,0.00,3.37,1.42,1.73,3.67,5.00,4.59,11.15,20.93,61.19,8.64,3.75,4.58,57537.76,5286.46,2781.65,12211.84,2091.85,26736.43,1056.47,128.62,92.82,6161.85,222.08,509.16,133.36,2185.32,93.68,45.62,26.21,168.95,86.70,91.92,42.49,186.82,33.33,3646.86,329.00,4.87,0.63,69.59,6.61,7.83,2.79,0.00,0.00,3.99,1.68,2.33,4.95,6.67,6.12,12.45,23.37,65.92,9.30,4.25,5.20
28.90,28.9,26/11/2025 16:02:37,11.667,7.540,,15.6,908484.0,619054.0,971460.31,2617.23,1697.51,6494.07,1111.83,12324.43,488.05,39.35,53.38,2189.53,81.66,375.11,105.32,1555.30,66.62,94.28,29.88,83.85,47.95,64.03,29.09,112.07,20.14,2421.31,217.82,4.10,0.50,77.86,9.61,7.34,2.27,0.00,0.00,3.52,1.42,2.83,3.67,4.66,4.50,8.62,20.79,57.42,8.56,2.76,4.50,55385.85,4340.09,2814.94,12270.31,2100.76,26366.09,1044.10,90.17,122.31,5467.05,203.89,451.86,126.87,2176.19,93.22,157.30,49.85,149.69,85.60,93.59,42.52,161.03,28.93,3461.85,311.43,5.22,0.64,97.46,12.03,9.13,2.83,0.00,0.00,4.17,1.68,3.83,4.96,6.21,6.00,9.63,23.21,61.86,9.22,3.14,5.11
29.00,29.0,26/11/2025 16:03:07,12.482,14.743,,15.6,911038.0,621868.0,971509.61,2591.90,1700.83,6359.24,1092.50,12187.74,483.30,23.46,20.29,2433.42,87.93,372.14,105.55,1519.69,66.24,21.55,15.64,58.82,47.91,52.33,27.30,57.04,11.05,2643.38,239.01,3.79,0.49,76.24,9.24,7.31,2.26,0.00,0.00,4.03,1.40,2.86,3.67,3.66,4.54,11.58,20.83,56.74,8.54,3.48,4.61,55371.30,4298.08,2820.44,12015.55,2064.24,26073.65,1033.94,53.75,46.50,6076.01,219.55,448.28,127.14,2126.36,92.68,35.95,26.09,105.00,85.53,76.48,39.90,81.95,15.88,3779.36,341.73,4.82,0.62,95.44,11.56,9.10,2.81,0.00,0.00,4.76,1.66,3.86,4.95,4.88,6.06,12.93,23.26,61.12,9.20,3.94,5.23
29.10,29.1,26/11/2025 16:03:27,11.875,8.460,1181241.557,15.6,919733.0,627288.0,969277.28,3804.12,1715.73,6805.77,1159.46,12557.51,496.32,34.87,28.03,2176.53,81.10,403.02,109.06,1575.13,67.45,51.38,21.53,59.13,48.32,83.38,32.76,99.50,18.22,2890.01,262.61,4.53,0.54,80.89,10.14,7.68,2.41,0.00,0.00,4.08,1.43,5.01,3.78,1.94,4.62,14.44,21.02,59.11,8.67,4.71,4.73,59040.10,6308.27,2845.15,12859.25,2190.76,26864.72,1061.80,79.90,64.22,5434.59,202.49,485.48,131.38,2203.93,94.38,85.73,35.93,105.56,86.25,121.86,47.89,142.96,26.18,4131.97,375.47,5.76,0.69,101.25,12.70,9.56,3.00,0.00,0.00,4.83,1.69,6.77,5.11,2.58,6.16,16.12,23.47,63.67,9.34,5.34,5.36
29.20,29.2,26/11/2025 16:03:47,10.268,12.562,,15.5,924090.0,630622.0,970020.61,2448.54,1730.81,6671.41,1142.84,13076.84,514.33,68.64,48.22,2211.73,82.09,486.80,117.07,1684.23,68.43,33.71,16.18,126.66,48.99,88.87,33.85,114.11,20.65,2759.64,250.11,4.02,0.52,86.52,11.44,9.15,2.36,0.00,0.00,4.50,1.49,3.11,3.85,3.47,4.67,29.80,20.97,63.49,8.89,4.16,4.83,58031.34,4060.36,2870.15,12605.38,2159.35,27975.74,1100.32,157.28,110.48,5522.49,204.97,586.40,141.03,2356.59,95.74,56.24,27.00,226.12,87.46,129.88,49.48,163.95,29.67,3945.58,357.60,5.12,0.66,108.31,14.32,11.39,2.94,0.00,0.00,5.33,1.76,4.19,5.19,4.62,6.23,33.28,23.42,68.39,9.57,4.72,5.48
29.30,29.3,26/11/2025 16:04:07,11.365,10.445,,15.5,929522.0,633847.0,966776.05,4846.71,1766.17,7065.44,1200.68,13488.41,528.66,29.43,25.17,2674.12,95.71,360.11,107.50,1667.91,69.51,115.43,33.86,54.37,49.52,74.93,31.73,51.53,10.34,2596.99,234.61,4.19,0.52,100.81,14.97,10.28,2.45,0.00,0.00,4.72,1.51,2.37,3.87,4.17,4.72,6.50,21.64,61.65,8.92,3.88,4.85,64178.27,8037.18,2928.80,13349.89,2268.65,28856.23,1130.98,67.43,57.66,6677.03,238.99,433.79,129.49,2333.75,97.26,192.60,56.49,97.06,88.40,109.51,46.38,74.04,14.86,3713.03,335.44,5.33,0.66,126.19,18.74,12.79,3.05,0.00,0.00,5.58,1.78,3.21,5.23,5.56,6.29,7.25,24.16,66.41,9.61,4.40,5.50
29.40,29.4,26/11/2025 16:04:27,11.292,7.339,,15.5,935260.0,637435.0,967868.60,4118.33,1770.22,7056.89,1200.68,13355.59,524.44,49.37,55.73,2570.54,92.82,440.18,115.06,1626.87,68.86,17.11,16.26,90.44,50.09,70.64,30.99,48.69,9.85,2481.05,223.70,4.34,0.52,90.15,12.33,9.88,2.42,0.00,0.00,3.26,1.48,1.99,3.79,5.01,4.69,24.77,21.65,62.31,8.89,3.99,4.80,62226.88,6829.33,2935.51,13333.72,2268.64,28572.08,1121.95,113.11,127.69,6418.40,231.76,530.25,138.60,2276.32,96.34,28.55,27.13,161.44,89.42,103.25,45.29,69.97,14.16,3547.27,319.84,5.53,0.67,112.85,15.43,12.30,3.01,0.00,0.00,3.85,1.75,2.68,5.13,6.68,6.26,27.66,24.17,67.12,9.58,4.53,5.45
29.50,29.5,26/11/2025 16:04:58,10.554,8.198,,15.5,933698.0,636727.0,967670.26,4687.30,1798.95,6783.44,1159.13,13309.05,522.69,30.75,25.91,2363.95,86.74,361.07,107.36,1658.50,69.27,107.78,32.94,90.68,49.75,82.84,33.06,93.77,17.42,2594.00,234.33,4.22,0.52,70.62,7.96,7.88,2.34,0.00,0.00,2.92,1.45,3.59,3.86,3.74,4.75,4.18,21.53,64.08,9.00,5.38,4.86,62293.90,7772.84,2983.15,12817.05,2190.14,28472.52,1118.20,70.46,59.37,5902.57,216.58,434.94,129.33,2320.58,96.92,179.83,54.97,161.89,88.81,121.07,48.32,134.73,25.03,3708.76,335.03,5.37,0.66,88.40,9.96,9.81,2.92,0.00,0.00,3.45,1.71,4.85,5.21,4.98,6.33,4.66,24.04,69.03,9.70,6.10,5.51
29.60,29.6,26/11/2025 16:05:18,9.754,8.594,1181241.756,15.5,931507.0,639446.0,967523.30,4039.88,1755.41,7325.84,1239.69,13442.29,526.49,2.66,2.69,2488.97,90.07,461.24,116.20,1660.54,68.87,42.19,19.39,62.22,49.82,74.79,31.70,99.08,18.41,2599.40,234.93,3.94,0.51,76.37,9.14,8.70,2.35,0.05,0.19,4.28,1.44,3.10,3.89,2.24,4.77,11.65,21.67,61.29,8.73,5.96,4.92,62757.74,6699.23,2910.96,13841.90,2342.36,28757.57,1126.34,6.09,6.16,6214.72,224.90,555.61,139.98,2323.44,96.37,70.40,32.35,111.08,88.93,109.31,46.33,142.37,26.45,3716.48,335.89,5.01,0.65,95.60,11.44,10.83,2.93,0.07,0.25,5.06,1.71,4.19,5.26,2.99,6.35,13.01,24.19,66.02,9.40,6.76,5.58
29.70,29.7,26/11/2025 16:05:38,10.088,6.410,,15.5,937518.0,639531.0,965966.34,5140.96,1793.55,7210.79,1223.12,13880.54,542.00,33.67,27.98,2359.15,87.33,465.65,117.18,1737.20,69.96,70.87,26.63,99.30,50.54,57.85,29.11,111.08,20.47,2663.33,240.95,4.25,0.53,96.97,13.90,8.59,2.40,0.00,0.00,4.45,1.50,3.45,3.88,4.47,4.79,11.95,21.81,64.84,9.08,4.32,4.92,65393.08,8525.13,2974.19,13624.52,2311.04,29695.11,1159.51,77.14,64.11,5890.56,218.06,560.93,141.15,2430.70,97.89,118.24,44.44,177.27,90.22,84.54,42.54,159.61,29.41,3807.88,344.49,5.41,0.68,121.38,17.40,10.70,2.99,0.00,0.00,5.26,1.77,4.66,5.24,5.95,6.39,13.35,24.35,69.84,9.78,4.90,5.58
29.80,29.8,26/11/2025 16:05:58,10.234,12.360,,15.4,944439.0,641336.0,965972.82,3966.53,1800.93,7235.18,1227.90,14499.94,562.12,39.80,55.38,2517.57,91.40,476.47,118.72,1759.36,70.69,32.85,16.62,106.04,51.10,71.06,31.37,134.78,24.48,3003.37,273.53,4.09,0.53,84.91,10.87,7.97,2.42,0.00,0.00,3.60,1.52,3.50,3.97,4.45,4.93,4.38,21.97,68.20,9.11,3.14,4.85,65735.33,6577.60,2986.45,13670.60,2320.07,31020.23,1202.57,91.21,126.90,6286.12,228.22,573.96,143.02,2461.70,98.91,54.80,27.73,189.30,91.23,103.86,45.85,193.66,35.18,4294.05,391.08,5.20,0.67,106.29,13.61,9.92,3.01,0.00,0.00,4.25,1.80,4.72,5.36,5.93,6.57,4.90,24.53,73.47,9.81,3.56,5.50
29.90,29.9,26/11/2025 16:06:18,11.185,11.902,,15.4,943035.0,641535.0,967266.35,2906.06,1802.77,7284.30,1238.10,13925.39,544.08,15.53,55.01,2648.12,94.76,545.47,125.16,1748.77,70.27,109.28,32.91,117.77,50.48,75.22,31.89,135.04,24.42,3037.11,276.80,4.72,0.56,77.46,9.24,8.22,2.45,0.00,0.00,4.44,1.51,1.60,3.92,5.04,4.91,17.29,21.69,62.90,8.93,3.92,4.88,63382.86,4819.05,2989.50,13763.42,2339.34,29791.07,1163.96,35.59,126.05,6612.09,236.61,657.08,150.77,2446.88,98.32,182.34,54.91,210.24,90.11,109.94,46.61,194.03,35.09,4342.29,395.75,6.01,0.71,96.96,11.57,10.23,3.05,0.00,0.00,5.25,1.78,2.16,5.30,6.72,6.55,19.30,24.22,67.76,9.62,4.44,5.53
30.00,30.0,26/11/2025 16:06:48,11.717,6.875,,15.5,940261.0,639051.0,967546.10,2546.98,1764.80,7583.72,1280.27,14062.85,547.18,36.24,29.70,2501.11,90.69,502.37,120.87,1733.91,70.01,36.14,17.33,146.26,50.68,68.01,30.47,129.49,23.40,2915.22,265.04,4.36,0.53,85.77,11.12,9.29,2.39,0.00,0.00,5.15,1.51,3.01,3.96,2.73,4.81,23.21,21.54,54.56,8.83,3.53,4.81,62999.05,4223.60,2926.53,14329.16,2419.02,30085.15,1170.60,83.04,68.06,6245.02,226.45,605.16,145.60,2426.10,97.95,60.30,28.92,261.11,90.47,99.40,44.54,186.06,33.63,4168.02,378.94,5.55,0.68,107.37,13.92,11.56,2.97,0.00,0.00,6.09,1.79,4.06,5.34,3.63,6.41,25.91,24.05,58.78,9.51,4.01,5.46
30.10,30.1,26/11/2025 16:07:08,11.681,7.272,1181246.778,15.5,935661.0,639645.0,968533.21,3234.71,1800.11,6499.54,1117.93,13752.61,536.46,50.02,37.82,2419.83,88.29,445.30,114.27,1694.46,69.05,55.81,22.83,132.48,50.17,69.35,30.61,108.27,19.89,2808.72,254.92,4.52,0.53,89.88,12.17,7.82,2.37,0.00,0.00,3.44,1.48,2.81,3.92,2.95,4.77,20.67,21.43,60.23,8.79,3.39,4.80,60963.98,5364.04,2985.08,12280.64,2112.28,29421.44,1147.67,114.61,86.67,6042.07,220.45,536.41,137.65,2370.89,96.62,93.12,38.10,236.49,89.56,101.36,44.73,155.56,28.59,4015.76,364.47,5.75,0.67,112.51,15.24,9.74,2.95,0.00,0.00,4.07,1.75,3.80,5.30,3.93,6.35,23.08,23.93,64.88,9.46,3.84,5.44
30.20,30.2,26/11/2025 16:07:28,8.814,4.032,,15.5,929777.0,634869.0,967688.71,4089.19,1747.14,6904.54,1176.31,13596.80,531.87,75.99,52.36,2327.36,86.04,424.09,112.39,1651.67,68.81,49.76,21.31,102.45,49.78,79.64,32.49,90.11,16.86,2708.26,245.23,4.42,0.54,105.24,16.18,7.81,2.38,0.00,0.00,3.84,1.48,1.55,3.80,3.39,4.70,17.46,21.45,63.40,8.99,4.32,4.73,62357.02,6781.00,2897.23,13045.88,2222.60,29088.11,1137.85,174.12,119.98,5811.19,214.84,510.86,135.39,2311.02,96.28,83.02,35.55,182.89,88.86,116.40,47.49,129.47,24.23,3872.12,350.62,5.63,0.69,131.74,20.25,9.72,2.96,0.00,0.00,4.54,1.75,2.09,5.14,4.52,6.26,19.49,23.94,68.29,9.69,4.90,5.37
30.30,30.3,26/11/2025 16:07:48,12.117,2.118,,15.5,928636.0,633112.0,966771.43,4761.06,1794.11,6685.86,1144.97,13569.00,531.57,43.50,55.15,2637.20,94.12,503.72,119.77,1655.77,68.80,72.48,26.53,108.36,49.71,82.91,32.99,112.51,20.42,2802.05,254.06,4.39,0.54,86.01,11.20,6.01,2.35,0.04,0.19,4.26,1.49,4.26,3.89,3.52,4.77,19.97,21.39,61.67,8.88,4.03,4.76,63997.51,7895.15,2975.12,12632.68,2163.38,29028.64,1137.20,99.67,126.37,6584.83,235.00,606.78,144.28,2316.77,96.26,120.93,44.27,193.44,88.74,121.18,48.21,161.66,29.34,4006.22,363.24,5.58,0.68,107.67,14.03,7.48,2.93,0.05,0.26,5.04,1.77,5.75,5.25,4.69,6.36,22.30,23.88,66.43,9.57,4.57,5.39
30.40,30.4,26/11/2025 16:08:08,9.571,2.578,,15.5,924903.0,632111.0,969356.25,3182.66,1711.42,6785.22,1158.96,13045.31,513.27,6.59,6.53,2309.31,85.23,494.45,118.21,1638.25,68.18,54.75,22.46,96.67,49.14,65.41,29.73,133.44,23.93,2635.66,238.32,4.09,0.51,92.62,12.94,6.88,2.34,0.00,0.00,4.64,1.49,2.53,3.79,3.09,4.68,12.19,21.20,64.59,8.87,5.38,4.82,59227.14,5277.72,2838.01,12820.43,2189.82,27908.29,1098.06,15.10,14.95,5766.13,212.80,595.62,142.40,2292.25,95.40,91.35,37.47,172.57,87.72,95.61,43.46,191.73,34.38,3768.32,340.74,5.21,0.65,115.94,16.20,8.56,2.91,0.00,0.00,5.49,1.76,3.42,5.12,4.13,6.24,13.62,23.67,69.57,9.56,6.10,5.47
30.50,30.5,26/11/2025 16:08:39,10.557,0.990,,15.5,925075.0,632159.0,969152.99,3311.66,1754.88,6618.25,1134.20,13282.56,521.04,135.05,82.20,2308.52,85.17,441.66,112.95,1603.56,67.96,29.79,16.01,130.50,49.77,74.26,31.27,131.52,23.62,2599.00,234.81,4.45,0.54,78.09,9.55,7.31,2.39,0.00,0.00,3.27,1.46,3.55,3.84,2.88,4.66,14.63,21.22,63.45,8.82,3.08,4.75,59771.00,5491.64,2910.07,12504.93,2143.03,28415.84,1114.67,309.45,188.35,5764.14,212.67,532.02,136.06,2243.71,95.08,49.71,26.71,232.96,88.85,108.54,45.71,188.97,33.93,3715.90,335.71,5.67,0.68,97.75,11.95,9.10,2.98,0.00,0.00,3.87,1.73,4.79,5.19,3.83,6.22,16.33,23.69,68.35,9.50,3.49,5.39
30.60,30.6,26/11/2025 16:08:59,11.058,11.508,1181240.625,15.6,917808.0,630858.0,970192.75,2732.62,1655.99,6654.26,1136.30,12839.79,505.44,68.74,47.89,2499.48,89.68,433.04,111.60,1665.77,67.87,88.88,29.18,85.91,48.50,71.32,30.62,68.24,13.10,2414.34,217.26,4.16,0.52,85.09,11.20,6.56,2.33,0.00,0.00,3.09,1.44,2.60,3.79,4.86,4.62,12.56,21.02,62.20,8.83,3.74,4.65,57998.61,4531.45,2746.08,12572.97,2147.00,27468.61,1081.30,157.52,109.72,6240.95,223.92,521.64,134.43,2330.76,94.96,148.29,48.69,153.36,86.58,104.24,44.75,98.05,18.82,3451.89,310.63,5.30,0.66,106.51,14.02,8.16,2.91,0.00,0.00,3.65,1.70,3.52,5.13,6.49,6.16,14.02,23.47,67.01,9.51,4.24,5.28
30.70,30.7,26/11/2025 16:09:19,10.421,7.805,,15.6,913290.0,626869.0,969932.99,3601.07,1741.82,6618.28,1131.63,12944.16,508.85,37.15,53.52,2101.44,79.23,399.71,107.65,1584.09,66.82,58.90,23.20,73.13,48.30,63.52,29.26,77.53,14.60,2314.49,207.75,3.91,0.50,88.09,11.96,8.83,2.34,0.00,0.00,3.97,1.44,2.55,3.70,3.10,4.58,15.09,20.99,64.64,8.74,3.37,4.63,58169.62,5971.56,2888.42,12504.99,2138.16,27691.90,1088.61,85.13,122.64,5247.08,197.83,481.49,129.68,2216.47,93.50,98.27,38.71,130.55,86.23,92.84,42.76,111.40,20.97,3309.12,297.03,4.97,0.64,110.26,14.97,10.99,2.91,0.00,0.00,4.69,1.70,3.45,5.00,4.14,6.11,16.85,23.44,69.63,9.41,3.82,5.25
30.80,30.8,26/11/2025 16:09:39,10.387,11.310,,15.6,919855.0,627679.0,970043.44,3652.59,1748.37,6707.91,1145.51,12624.16,498.45,54.44,39.88,2098.13,79.12,383.98,107.48,1525.51,67.00,40.59,18.55,72.44,48.37,87.07,33.48,59.79,11.60,2470.61,222.61,4.00,0.50,84.16,11.01,9.75,2.37,0.00,0.00,3.58,1.45,2.27,3.75,2.85,4.60,9.06,20.98,60.48,8.74,3.20,4.66,57854.38,6057.00,2899.28,12674.35,2164.40,27007.30,1066.35,124.75,91.38,5238.82,197.57,462.54,129.47,2134.50,93.75,67.73,30.94,129.32,86.35,127.26,48.93,85.90,16.67,3532.33,318.27,5.08,0.64,105.35,13.78,12.14,2.95,0.00,0.00,4.24,1.71,3.07,5.07,3.80,6.14,10.11,23.43,65.15,9.42,3.63,5.28
30.90,30.9,26/11/2025 16:09:59,10.387,10.583,,15.6,916538.0,628444.0,969943.61,3399.68,1737.74,6799.86,1159.34,12662.36,499.59,38.98,53.22,2267.03,83.77,392.50,107.86,1608.41,67.35,27.19,15.83,90.36,48.69,64.79,29.48,71.95,13.70,2423.70,218.11,3.92,0.50,101.08,15.27,8.16,2.40,0.00,0.00,4.30,1.45,4.29,3.72,3.96,4.60,16.44,21.02,59.11,8.67,8.34,4.75,58167.21,5637.61,2881.65,12848.09,2190.53,27089.03,1068.79,89.31,121.94,5660.56,209.16,472.80,129.93,2250.49,94.23,45.36,26.42,161.31,86.91,94.69,43.09,103.38,19.68,3465.27,311.84,4.99,0.64,126.53,19.12,10.15,2.98,0.00,0.00,5.09,1.71,5.79,5.03,5.28,6.13,18.35,23.47,63.68,9.34,9.46,5.39
31.00,31.0,26/11/2025 16:09:59,10.714,7.938,,15.5,921661.0,630406.0,969407.48,4233.47,1760.84,6480.98,1112.09,12686.34,500.87,14.05,12.96,2381.90,86.92,389.35,107.83,1607.85,67.63,24.05,15.93,80.48,48.96,80.28,32.31,106.44,19.43,2307.68,207.18,3.69,0.49,101.37,15.35,7.31,2.25,0.00,0.00,4.79,1.47,1.19,3.70,2.44,4.57,13.46,21.18,61.43,8.74,3.96,4.66,59094.83,7020.26,2919.97,12245.57,2101.25,27140.33,1071.53,32.18,29.70,5947.37,217.03,469.02,129.89,2249.71,94.63,40.12,26.59,143.67,87.40,117.33,47.23,152.94,27.91,3299.40,296.22,4.70,0.63,126.89,19.21,9.10,2.81,0.00,0.00,5.66,1.73,1.61,5.00,3.26,6.09,15.03,23.64,66.18,9.42,4.50,5.29
31.10,31.1,26/11/2025 16:10:49,8.555,11.044,1181241.885,15.6,911020.0,627232.0,970530.00,3805.65,1748.16,6586.60,1126.22,12608.79,497.50,79.88,53.21,2122.96,79.78,388.49,106.81,1514.81,66.36,18.50,15.69,90.59,48.52,70.74,30.39,30.64,6.38,1932.71,171.97,3.92,0.50,118.24,20.50,9.84,2.34,0.00,0.00,2.89,1.42,2.51,3.68,3.18,4.50,14.76,20.91,60.38,8.44,3.93,4.61,57167.29,6310.82,2898.92,12445.14,2127.94,26974.42,1064.31,183.04,121.93,5300.82,199.20,467.97,128.66,2119.53,92.85,30.86,26.19,161.72,86.61,103.39,44.42,44.02,9.17,2763.29,245.87,4.99,0.63,148.01,25.67,12.24,2.91,0.00,0.00,3.41,1.68,3.39,4.98,4.23,6.01,16.48,23.35,65.04,9.09,4.46,5.23
31.20,31.2,26/11/2025 16:11:09,10.053,9.719,,15.6,918920.0,630371.0,968413.14,4887.09,1784.09,6945.86,1181.66,12610.52,498.28,90.40,58.96,2299.41,84.62,420.09,111.05,1562.55,67.46,16.23,15.90,109.35,49.23,75.70,31.46,63.23,12.25,2296.59,206.10,3.87,0.50,102.80,15.72,7.43,2.36,0.00,0.00,3.79,1.44,2.51,3.72,3.88,4.61,24.64,21.16,56.27,8.54,4.64,4.77,60803.75,8104.14,2958.51,13123.95,2232.70,26978.12,1065.98,207.15,135.09,5741.41,211.30,506.05,133.77,2186.33,94.39,27.08,26.53,195.21,87.88,110.63,45.98,90.85,17.61,3283.54,294.67,4.92,0.64,128.69,19.68,9.25,2.94,0.00,0.00,4.49,1.71,3.39,5.03,5.18,6.15,27.51,23.62,60.62,9.20,5.26,5.41
31.30,31.3,26/11/2025 16:11:29,10.587,7.209,,15.6,913158.0,625842.0,969707.24,3678.61,1695.58,6845.37,1165.22,12619.22,498.24,38.99,30.74,2085.63,78.63,357.57,104.43,1638.81,67.71,51.60,21.41,109.25,48.51,56.57,27.98,145.13,25.63,2453.82,220.83,3.94,0.51,118.47,20.25,8.39,2.35,0.00,0.00,3.30,1.42,3.01,3.73,3.25,4.56,10.64,20.84,55.93,8.69,5.24,4.74,58386.51,6100.15,2811.74,12934.06,2201.63,26996.75,1065.91,89.34,70.43,5207.62,196.32,430.73,125.79,2293.04,94.74,86.10,35.72,195.03,86.59,82.68,40.90,208.53,36.83,3508.34,315.73,5.02,0.65,148.30,25.35,10.45,2.93,0.00,0.00,3.90,1.68,4.06,5.04,4.33,6.08,11.88,23.27,60.25,9.36,5.95,5.37
31.40,31.4,26/11/2025 16:11:49,11.890,7.144,,15.6,915613.0,628749.0,969581.38,3667.27,1765.34,6499.37,1115.18,12747.76,503.01,132.58,80.65,2404.75,87.42,361.97,104.50,1620.78,67.53,51.04,21.51,50.23,48.46,49.31,27.19,102.79,18.80,2521.24,227.39,4.67,0.54,113.41,18.71,8.45,2.39,0.00,0.00,3.36,1.44,4.41,3.77,3.23,4.63,7.24,21.16,61.81,8.83,2.95,4.71,58895.43,6081.34,2927.41,12280.32,2107.09,27271.74,1076.10,303.78,184.80,6004.43,218.29,436.03,125.88,2267.80,94.49,85.17,35.89,89.66,86.52,72.06,39.74,147.69,27.02,3604.73,325.11,5.95,0.69,141.97,23.42,10.52,2.98,0.00,0.00,3.97,1.70,5.95,5.10,4.31,6.18,8.08,23.63,66.59,9.51,3.34,5.35
31.50,31.5,26/11/2025 16:12:19,10.732,10.119,,15.6,911900.0,626757.0,969554.41,3940.40,1737.47,6908.76,1174.63,12436.81,491.97,74.21,50.45,2221.48,82.49,369.53,105.47,1554.00,66.86,32.69,15.79,99.94,48.67,66.51,29.70,93.30,17.15,2436.21,219.22,4.24,0.51,102.96,15.77,8.83,2.38,0.00,0.00,3.49,1.42,2.68,3.77,2.57,4.56,18.75,20.98,63.17,8.76,5.05,4.78,58729.54,6534.26,2881.21,13053.84,2219.42,26606.51,1052.48,170.05,115.59,5546.83,205.98,445.14,127.05,2174.37,93.55,54.55,26.35,178.41,86.88,97.21,43.41,134.06,24.64,3483.16,313.42,5.39,0.66,128.89,19.74,10.99,2.97,0.00,0.00,4.13,1.69,3.62,5.09,3.43,6.08,20.94,23.42,68.04,9.43,5.73,5.43
31.60,31.6,26/11/2025 16:12:39,11.684,7.671,1181240.102,15.6,909157.0,626571.0,971073.77,3279.91,1667.59,6429.33,1101.62,11816.28,471.44,120.77,74.32,2432.10,87.63,410.85,108.62,1598.18,66.79,64.11,24.44,110.64,48.38,74.61,30.94,94.18,17.28,2302.29,206.59,3.96,0.50,103.05,15.89,7.75,2.35,0.00,0.00,3.38,1.44,3.34,3.74,4.32,4.55,3.72,20.77,60.92,8.66,2.53,4.66,56017.64,5438.99,2765.32,12147.98,2081.47,25278.99,1008.57,276.73,170.28,6072.73,218.81,494.91,130.85,2236.18,93.46,106.97,40.78,197.51,86.37,109.05,45.22,135.32,24.83,3291.68,295.38,5.04,0.63,129.00,19.88,9.65,2.93,0.00,0.00,3.99,1.70,4.52,5.05,5.76,6.07,4.16,23.19,65.62,9.33,2.87,5.29
31.70,31.7,26/11/2025 16:12:59,8.420,8.797,,15.6,905262.0,621593.0,971543.29,3350.73,1666.32,6223.39,1070.74,12006.79,477.52,50.49,37.46,2142.00,80.05,404.21,107.73,1576.87,66.44,26.93,15.53,79.23,47.75,63.52,28.89,99.19,18.01,2262.77,202.81,3.96,0.50,66.57,7.32,7.23,2.28,0.00,0.00,3.19,1.39,2.60,3.60,3.41,4.50,21.44,20.68,57.77,8.52,4.43,4.57,55016.47,5556.43,2763.22,11758.86,2023.12,25686.54,1021.59,115.68,85.84,5348.37,199.87,486.91,129.77,2206.37,92.96,44.93,25.91,141.45,85.23,92.83,42.23,142.52,25.87,3235.18,289.96,5.04,0.64,83.33,9.16,9.00,2.84,0.00,0.00,3.78,1.65,3.52,4.86,4.55,6.00,23.94,23.09,62.23,9.18,5.02,5.19
31.80,31.8,26/11/2025 16:13:19,8.158,10.647,,15.7,901846.0,617881.0,972038.57,3106.76,1695.80,6479.64,1109.68,11720.24,467.54,39.84,30.71,1950.87,74.72,374.37,103.83,1568.03,65.89,31.82,15.47,111.91,47.83,71.23,30.13,63.87,12.17,2263.37,202.83,4.17,0.50,84.01,11.09,7.63,2.26,0.00,0.00,2.79,1.38,2.44,3.62,4.55,4.46,12.02,20.50,56.89,8.40,5.00,4.60,53973.58,5151.86,2812.10,12243.04,2096.69,25073.52,1000.23,91.30,70.36,4871.13,186.57,450.96,125.08,2194.00,92.20,53.09,25.81,199.78,85.39,104.10,44.04,91.77,17.49,3236.04,290.00,5.30,0.64,105.16,13.88,9.50,2.82,0.00,0.00,3.29,1.63,3.29,4.89,6.06,5.95,13.42,22.89,61.29,9.05,5.68,5.22
31.90,31.9,26/11/2025 16:13:39,9.195,8.991,,15.6,903988.0,619754.0,972043.97,3015.70,1623.99,6549.12,1118.24,11859.02,471.90,5.24,5.04,1895.39,73.13,439.79,110.49,1583.31,66.01,23.83,15.52,86.63,47.60,59.42,28.14,63.60,12.12,2191.21,196.06,4.21,0.51,77.11,9.53,5.87,2.13,0.00,0.00,3.59,1.39,2.76,3.63,2.54,4.44,27.42,20.60,57.24,8.41,3.03,4.54,53957.12,5000.87,2693.02,12374.32,2112.86,25370.40,1009.56,12.00,11.54,4732.60,182.60,529.78,133.09,2215.37,92.36,39.77,25.89,154.64,84.98,86.85,41.13,91.38,17.41,3132.87,280.32,5.36,0.64,96.52,11.92,7.31,2.65,0.00,0.00,4.24,1.64,3.73,4.91,3.39,5.93,30.62,23.00,61.66,9.06,3.44,5.15
32.00,32.0,26/11/2025 16:14:09,9.325,9.189,,15.7,898631.0,617617.0,972630.03,2740.89,1706.44,6034.13,1044.22,11826.24,470.94,98.37,62.20,1924.97,74.02,460.59,111.96,1532.02,65.33,52.70,21.39,117.86,47.58,80.28,31.67,110.08,19.67,2221.34,198.83,3.89,0.50,72.10,8.45,8.08,2.29,0.00,0.00,2.48,1.37,1.83,3.60,3.02,4.46,20.16,20.37,56.18,8.34,2.74,4.53,52927.64,4545.14,2829.75,11401.26,1973.02,25300.29,1007.50,225.41,142.53,4806.46,184.82,554.83,134.87,2143.61,91.41,87.93,35.68,210.40,84.93,117.33,46.28,158.17,28.27,3175.95,284.27,4.95,0.63,90.26,10.58,10.06,2.84,0.00,0.00,2.94,1.62,2.47,4.86,4.03,5.95,22.50,22.75,60.52,8.98,3.11,5.14
32.10,32.1,26/11/2025 16:14:29,9.768,8.007,1181240.559,15.7,889940.0,611890.0,973332.94,2840.18,1643.43,5838.36,1011.02,11513.51,459.96,57.64,40.80,1964.12,74.49,408.87,106.34,1520.35,64.77,68.73,24.89,93.74,47.08,66.90,29.21,47.59,9.31,2079.57,185.47,4.00,0.49,77.51,9.68,6.83,2.16,0.00,0.00,3.40,1.34,2.87,3.59,4.29,4.36,6.18,20.33,59.06,8.35,3.40,4.42,51648.51,4709.81,2725.26,11031.36,1910.29,24631.25,984.00,132.08,93.48,4904.21,186.00,492.52,128.09,2127.28,90.63,114.68,41.53,167.34,84.04,97.77,42.69,68.38,13.38,2973.25,265.18,5.08,0.62,97.02,12.11,8.50,2.69,0.00,0.00,4.02,1.59,3.87,4.85,5.72,5.82,6.90,22.70,63.62,8.99,3.85,5.01
32.20,32.2,26/11/2025 16:14:50,9.675,13.624,,15.7,887401.0,610157.0,974137.91,2503.94,1645.29,5891.16,1018.76,11341.74,453.67,99.04,61.71,1760.26,68.87,343.04,99.69,1490.67,64.29,23.42,15.10,117.60,47.01,67.70,29.13,31.34,6.36,2002.96,178.26,4.07,0.49,84.33,11.31,8.91,2.22,0.00,0.00,3.09,1.35,2.09,3.53,4.07,4.29,19.13,20.11,60.01,8.34,3.52,4.44,50148.69,4152.23,2728.34,11131.12,1924.92,24263.78,970.56,226.94,141.40,4395.20,171.95,413.23,120.09,2085.75,89.95,39.08,25.19,209.94,83.91,98.94,42.58,45.03,9.14,2863.72,254.87,5.18,0.62,105.57,14.16,11.09,2.76,0.00,0.00,3.65,1.59,2.82,4.77,5.43,5.73,21.35,22.45,64.64,8.98,3.99,5.03
32.30,32.3,26/11/2025 16:15:10,10.291,8.667,,15.8,878432.0,605475.0,974667.07,2477.36,1624.50,5665.69,985.02,11147.38,447.26,23.89,19.95,1776.10,69.07,398.02,103.87,1459.38,63.41,17.03,14.93,97.84,46.21,77.34,30.66,73.76,13.53,1933.55,171.61,4.09,0.49,89.88,12.72,7.97,2.15,0.00,0.00,3.85,1.36,1.36,3.47,2.41,4.29,15.51,19.85,56.43,8.11,4.09,4.40,49078.72,4108.14,2693.87,10705.11,1861.16,23847.97,956.84,54.74,45.72,4434.76,172.47,479.46,125.13,2041.98,88.73,28.42,24.91,174.66,82.49,113.04,44.81,105.98,19.44,2764.49,245.37,5.20,0.62,112.50,15.92,9.92,2.68,0.00,0.00,4.55,1.61,1.84,4.68,3.21,5.72,17.32,22.16,60.79,8.74,4.64,5.00
32.40,32.4,26/11/2025 16:15:30,11.014,9.391,,15.8,877572.0,603800.0,972780.32,3856.07,1661.76,6044.81,1041.40,11338.17,453.97,11.73,10.66,1952.78,73.99,147.89,78.78,1448.73,63.18,81.03,26.83,50.70,45.94,83.57,32.03,47.51,9.19,2002.41,178.03,3.79,0.47,65.92,7.28,7.96,2.22,0.00,0.00,3.07,1.33,1.66,3.48,1.55,4.25,9.32,20.05,56.64,8.16,4.37,4.44,52640.63,6394.44,2755.65,11421.45,1967.68,24256.14,971.20,26.89,24.43,4875.90,184.75,178.15,94.90,2027.07,88.40,135.20,44.76,90.50,82.01,122.15,46.81,68.27,13.21,2862.93,254.54,4.82,0.60,82.52,9.11,9.91,2.76,0.00,0.00,3.63,1.57,2.24,4.71,2.07,5.67,10.40,22.39,61.01,8.78,4.95,5.03
32.50,32.5,26/11/2025 16:16:00,11.200,8.399,,15.8,883195.0,605385.0,972217.73,3821.35,1686.77,5902.50,1019.93,11676.13,464.52,38.93,51.76,1724.09,67.53,416.81,106.47,1501.59,64.46,25.86,15.13,131.00,47.10,54.44,26.92,48.60,9.37,2241.85,200.56,4.06,0.49,98.66,14.82,8.14,2.20,0.00,0.00,2.96,1.36,1.48,3.58,1.51,4.33,19.05,20.06,60.21,8.36,3.05,4.46,53333.35,6336.84,2797.13,11152.56,1927.13,24979.14,993.77,89.21,118.60,4304.89,168.60,502.09,128.25,2101.04,90.20,43.15,25.25,233.86,84.09,79.57,39.34,69.83,13.47,3205.27,286.75,5.16,0.62,123.50,18.55,10.13,2.74,0.00,0.00,3.50,1.61,2.01,4.83,2.01,5.77,21.26,22.40,64.86,9.01,3.46,5.06
32.60,32.6,26/11/2025 16:16:20,10.269,8.069,1181240.561,15.8,880810.0,604669.0,973011.36,2991.19,1596.55,5885.33,1015.72,11365.89,454.04,71.69,47.71,1981.40,74.95,419.23,107.09,1497.25,64.57,51.64,20.79,81.98,46.48,73.94,30.26,114.12,20.15,2290.35,205.19,3.75,0.48,73.26,8.70,6.50,2.07,0.00,0.00,3.44,1.36,2.27,3.53,2.25,4.32,8.46,20.11,58.62,8.37,6.07,4.59,52080.73,4960.22,2647.53,11120.11,1919.16,24315.45,971.34,164.28,109.32,4947.36,187.13,505.00,129.00,2094.96,90.34,86.15,34.68,146.35,82.97,108.07,44.23,163.98,28.95,3274.61,293.36,4.77,0.61,91.71,10.89,8.09,2.57,0.00,0.00,4.07,1.61,3.07,4.77,3.00,5.76,9.44,22.46,63.15,9.01,6.89,5.20
32.70,32.7,26/11/2025 16:16:40,10.182,8.464,,15.8,884573.0,607710.0,972829.39,2938.44,1631.88,5738.79,996.60,11500.64,459.27,89.63,57.29,1986.27,74.83,430.41,107.55,1558.64,64.72,90.32,28.50,90.58,46.66,80.88,31.67,86.51,15.71,2398.14,215.40,3.86,0.49,92.88,13.25,7.95,2.31,0.00,0.00,3.98,1.39,1.52,3.60,1.90,4.37,9.88,20.18,56.25,8.31,3.12,4.48,52383.11,4872.74,2706.12,10843.24,1883.04,24603.71,982.53,205.37,131.28,4959.52,186.84,518.47,129.55,2180.86,90.55,150.70,47.54,161.71,83.29,118.21,46.28,124.30,22.57,3428.72,307.97,4.91,0.62,116.27,16.58,9.90,2.87,0.00,0.00,4.71,1.64,2.06,4.86,2.53,5.83,11.03,22.53,60.59,8.96,3.54,5.09
32.80,32.8,26/11/2025 16:17:00,10.770,10.713,,15.7,892342.0,612062.0,973284.33,2575.60,1649.30,5883.02,1018.70,11569.26,461.54,45.72,52.26,1814.16,70.38,388.67,103.97,1542.39,64.80,85.10,27.71,94.21,46.81,81.84,31.84,124.43,21.94,2321.96,208.30,4.34,0.51,85.26,11.40,8.67,2.23,0.00,0.00,3.73,1.38,6.29,3.64,3.02,4.41,15.92,20.21,59.61,8.37,2.45,4.51,51551.34,4271.05,2734.99,11115.75,1924.80,24750.53,987.38,104.76,119.76,4529.79,175.74,468.19,125.24,2158.13,90.66,142.00,46.23,168.17,83.56,119.62,46.54,178.78,31.52,3319.81,297.82,5.52,0.65,106.73,14.27,10.79,2.77,0.00,0.00,4.42,1.64,8.50,4.92,4.03,5.88,17.77,22.57,64.21,9.02,2.78,5.11
32.90,32.9,26/11/2025 16:17:20,10.485,10.781,,15.7,899047.0,614547.0,972456.06,2583.12,1634.12,6181.77,1064.37,12068.35,478.82,89.79,57.87,1853.23,72.12,332.13,100.38,1522.30,65.55,112.08,31.91,108.82,47.48,67.97,29.46,89.57,16.37,2361.15,212.06,4.01,0.50,81.38,10.46,7.62,2.24,0.00,0.00,3.27,1.40,3.88,3.64,3.32,4.47,10.58,20.43,56.09,8.30,3.51,4.57,53336.53,4283.52,2709.82,11680.23,2011.09,25818.24,1024.36,205.74,132.61,4627.35,180.07,400.08,120.91,2130.01,91.72,187.01,53.24,194.26,84.75,99.35,43.06,128.70,23.52,3375.85,303.19,5.10,0.64,101.87,13.09,9.48,2.79,0.00,0.00,3.86,1.65,5.25,4.91,4.42,5.96,11.82,22.81,60.42,8.94,3.98,5.18
33.00,33.0,26/11/2025 16:17:50,10.303,9.786,,15.6,903472.0,619307.0,970944.06,3193.32,1685.79,6535.28,1117.20,12237.26,484.79,62.68,44.04,1999.07,76.03,385.46,105.59,1566.55,66.33,30.68,15.48,123.67,47.99,62.23,28.60,152.72,26.80,2497.73,225.00,4.01,0.50,96.64,14.10,9.34,2.34,0.00,0.00,3.80,1.42,1.98,3.70,4.57,4.55,23.98,20.53,61.39,8.75,3.58,4.66,56015.93,5295.41,2795.51,12348.16,2110.90,26179.61,1037.13,143.62,100.91,4991.49,189.84,464.33,127.19,2191.93,92.81,51.19,25.83,220.78,85.67,90.95,41.80,219.44,38.51,3571.11,321.69,5.11,0.63,120.98,17.65,11.63,2.91,0.00,0.00,4.49,1.68,2.67,5.00,6.09,6.07,26.77,22.92,66.13,9.43,4.06,5.29
33.10,33.1,26/11/2025 16:18:10,11.076,7.276,1181241.816,15.6,901926.0,620542.0,971601.07,2763.65,1665.29,6464.40,1105.98,12231.33,484.11,6.54,6.25,2209.96,81.73,410.08,108.69,1556.56,66.37,107.94,31.87,42.12,47.40,72.00,30.41,98.29,17.85,2263.93,202.88,3.90,0.49,83.29,10.88,8.69,2.30,0.00,0.00,3.82,1.42,2.62,3.67,2.81,4.51,5.78,20.76,57.67,8.45,3.55,4.58,55112.06,4582.90,2761.51,12214.25,2089.71,26166.92,1035.67,14.98,14.32,5518.05,204.06,493.98,130.92,2177.94,92.86,180.10,53.18,75.20,84.61,105.24,44.44,141.23,25.64,3236.83,290.06,4.97,0.62,104.26,13.62,10.81,2.86,0.00,0.00,4.51,1.67,3.54,4.96,3.75,6.01,6.45,23.18,62.13,9.11,4.03,5.19
33.20,33.2,26/11/2025 16:18:30,11.362,8.470,,15.6,910986.0,624868.0,971445.07,2826.02,1707.15,6571.18,1124.81,12286.76,486.79,32.62,52.79,2024.13,76.87,417.97,109.20,1583.93,66.64,58.46,22.95,124.54,48.42,55.98,27.78,89.40,16.51,2295.31,205.97,3.93,0.50,89.51,12.37,7.77,2.28,0.00,0.00,3.69,1.44,1.45,3.69,6.15,4.55,16.78,20.71,56.29,8.48,3.05,4.63,55272.28,4686.32,2830.93,12416.01,2125.29,26285.50,1041.40,74.74,120.97,5054.05,191.93,503.49,131.54,2216.25,93.24,97.55,38.28,222.32,86.44,81.82,40.60,128.45,23.73,3281.71,294.48,5.00,0.63,112.04,15.48,9.67,2.83,0.00,0.00,4.37,1.70,1.96,4.99,8.20,6.07,18.74,23.13,60.63,9.13,3.45,5.26
33.30,33.3,26/11/2025 16:18:50,12.222,7.209,,15.6,909430.0,625602.0,971428.30,2982.06,1694.81,6436.64,1104.19,12172.31,482.98,42.75,32.99,2015.13,76.68,456.39,112.44,1527.25,66.06,46.17,19.85,95.18,48.17,51.10,27.10,157.03,27.65,2389.88,214.87,4.59,0.52,101.52,15.46,8.01,2.31,0.00,0.00,4.23,1.43,2.69,3.68,3.50,4.56,15.30,20.79,56.44,8.41,3.51,4.48,55166.04,4945.08,2810.46,12161.79,2086.32,26040.64,1033.26,97.96,75.60,5031.60,191.46,549.77,135.45,2136.94,92.42,77.03,33.12,169.92,86.00,74.69,39.60,225.63,39.73,3416.92,307.21,5.84,0.67,127.09,19.36,9.96,2.88,0.00,0.00,5.01,1.70,3.64,4.97,4.66,6.08,17.09,23.22,60.80,9.06,3.98,5.08
33.40,33.4,26/11/2025 16:19:10,12.623,6.949,,15.6,912214.0,626178.0,968498.89,4420.11,1794.27,7021.87,1193.00,12956.24,509.17,42.20,53.76,2063.32,78.08,449.96,112.78,1592.34,67.04,36.65,17.10,149.44,49.53,60.38,28.68,135.48,24.07,2385.19,214.29,4.06,0.51,92.10,12.86,7.41,2.30,0.00,0.00,2.69,1.41,1.97,3.75,3.06,4.59,11.73,20.97,60.97,8.77,3.92,4.69,60577.60,7329.77,2975.40,13267.56,2254.12,27717.73,1089.29,96.69,123.19,5151.92,194.96,542.03,135.85,2228.02,93.80,61.15,28.53,266.78,88.42,88.25,41.91,194.66,34.59,3410.20,306.37,5.16,0.65,115.29,16.10,9.23,2.87,0.00,0.00,3.19,1.67,2.67,5.06,4.08,6.12,13.10,23.41,65.68,9.44,4.45,5.32
33.50,33.5,26/11/2025 16:19:41,11.743,6.748,,15.6,912664.0,626107.0,970442.33,2939.05,1681.21,6966.19,1182.27,12879.01,505.94,113.45,70.20,2260.71,83.26,379.13,106.80,1515.33,66.85,57.47,22.96,89.39,48.37,40.56,25.89,65.08,12.50,2085.54,186.19,4.36,0.51,72.14,8.43,8.22,2.25,0.00,0.00,3.72,1.41,2.15,3.67,2.00,4.52,10.30,20.94,58.88,8.56,5.00,4.62,57657.00,4873.75,2787.91,13162.36,2233.86,27552.51,1082.38,259.95,160.86,5644.78,207.88,456.70,128.65,2120.25,93.54,95.89,38.31,159.57,86.35,59.28,37.84,93.51,17.96,2981.79,266.20,5.55,0.65,90.30,10.55,10.23,2.80,0.00,0.00,4.39,1.66,2.91,4.96,2.67,6.03,11.50,23.38,63.43,9.22,5.67,5.24
33.60,33.6,26/11/2025 16:20:01,10.568,0.857,1181247.837,15.6,913047.0,629092.0,971147.98,3180.86,1749.70,6422.99,1102.98,12743.66,501.93,16.15,14.52,1948.94,74.90,382.93,106.77,1536.84,66.78,54.68,22.16,83.92,48.08,69.06,29.98,89.71,16.57,2128.90,190.29,4.17,0.50,97.43,14.45,7.84,2.30,0.17,0.18,3.15,1.43,1.52,3.72,2.76,4.54,18.39,20.81,54.01,8.16,3.94,4.65,55933.22,5274.75,2901.49,12136.00,2084.03,27262.95,1073.79,37.02,33.26,4866.33,187.03,461.28,128.62,2150.35,93.44,91.24,36.97,149.81,85.83,100.93,43.81,128.90,23.81,3043.78,272.06,5.30,0.63,121.96,18.08,9.76,2.86,0.22,0.24,3.72,1.69,2.05,5.02,3.68,6.06,20.54,23.24,58.18,8.79,4.46,5.28
33.70,33.7,26/11/2025 16:20:21,10.397,1.320,,15.5,922365.0,633143.0,969536.71,2780.20,1717.64,6777.07,1157.04,13292.84,520.93,89.84,59.01,2543.77,91.10,437.14,112.72,1670.99,68.44,31.56,15.95,73.75,49.00,78.40,32.01,64.16,12.41,2458.52,221.42,4.28,0.53,66.36,7.19,8.10,2.34,0.00,0.00,3.90,1.45,1.30,3.76,2.59,4.66,13.34,21.24,60.97,8.64,4.22,4.65,59375.14,4610.35,2848.33,12805.02,2186.19,28437.83,1114.44,205.85,135.21,6351.55,227.47,526.58,135.78,2338.06,95.76,52.65,26.62,131.66,87.47,114.58,46.78,92.19,17.83,3515.05,316.57,5.45,0.67,83.06,9.00,10.08,2.91,0.00,0.00,4.61,1.72,1.75,5.08,3.45,6.22,14.90,23.71,65.68,9.31,4.79,5.27
33.80,33.8,26/11/2025 16:20:41,9.173,1.191,,15.6,917849.0,632376.0,969223.60,3585.92,1732.21,6845.18,1166.51,13045.43,512.61,49.19,37.14,2342.60,85.88,417.29,110.50,1622.19,67.77,70.28,25.97,68.35,48.65,50.81,27.44,89.27,16.60,2424.01,218.07,4.42,0.53,69.97,7.90,7.60,2.31,0.00,0.00,3.98,1.44,2.10,3.75,3.08,4.67,9.29,21.17,61.90,8.67,3.54,4.72,59626.03,5946.45,2872.48,12933.71,2204.08,27908.55,1096.65,112.72,85.10,5849.24,214.44,502.67,133.11,2269.78,94.82,117.26,43.33,122.02,86.84,74.26,40.10,128.26,23.86,3465.71,311.78,5.63,0.67,87.58,9.89,9.46,2.87,0.00,0.00,4.70,1.70,2.84,5.06,4.11,6.22,10.37,23.63,66.68,9.34,4.01,5.36
33.90,33.9,26/11/2025 16:21:01,10.299,6.810,,15.6,913599.0,628577.0,968705.40,4448.04,1747.17,6725.73,1147.26,13031.09,511.89,65.24,45.60,2243.16,83.12,439.69,112.86,1599.39,67.70,37.16,17.48,76.57,48.91,46.43,26.85,68.26,13.09,2326.75,208.83,4.24,0.51,87.56,11.79,9.34,2.37,0.00,0.00,3.49,1.44,3.08,3.77,3.78,4.64,13.03,21.21,59.05,8.65,3.53,4.66,60393.31,7376.07,2897.29,12708.01,2167.70,27877.87,1095.10,149.49,104.48,5600.94,207.53,529.65,135.95,2237.88,94.72,62.00,29.16,136.69,87.31,67.86,39.24,98.08,18.80,3326.65,298.58,5.40,0.65,109.61,14.76,11.62,2.95,0.00,0.00,4.12,1.71,4.16,5.10,5.05,6.18,14.55,23.68,63.61,9.31,4.00,5.29
34.00,34.0,26/11/2025 16:21:31,10.995,7.736,,15.6,916432.0,628431.0,968163.85,4673.74,1766.50,6716.67,1145.82,13053.44,512.61,172.19,100.67,2249.14,83.36,378.53,106.85,1663.00,68.42,90.00,29.70,87.19,49.11,59.75,28.86,93.39,17.29,2406.24,216.39,4.44,0.52,101.94,15.40,8.59,2.29,0.00,0.00,4.27,1.44,1.26,3.76,2.43,4.67,4.03,21.27,61.03,8.72,4.88,4.67,61357.57,7750.36,2929.34,12690.89,2164.98,27925.68,1096.65,394.56,230.66,5615.89,208.14,455.98,128.71,2326.88,95.73,150.17,49.56,155.66,87.66,87.32,42.18,134.19,24.85,3440.30,309.38,5.65,0.66,127.61,19.28,10.69,2.85,0.00,0.00,5.05,1.70,1.70,5.08,3.23,6.23,4.50,23.75,65.74,9.40,5.54,5.30
34.10,34.1,26/11/2025 16:21:51,10.667,13.095,1181240.829,15.6,912189.0,627374.0,969080.62,3665.73,1707.42,6781.41,1154.93,13037.79,511.83,12.56,11.63,2155.58,80.53,464.35,113.76,1686.74,67.73,64.54,24.46,116.33,48.84,79.91,32.07,114.79,20.65,2559.01,230.81,4.42,0.53,75.23,8.94,10.41,2.43,0.00,0.00,4.40,1.45,2.31,3.79,2.75,4.63,13.42,20.93,63.20,8.67,4.48,4.80,59583.45,6078.79,2831.38,12813.22,2182.20,27892.21,1094.97,28.77,26.65,5382.27,201.07,559.35,137.04,2360.10,94.77,107.69,40.80,207.68,87.18,116.79,46.87,164.94,29.67,3658.74,330.00,5.62,0.67,94.17,11.19,12.96,3.02,0.00,0.00,5.21,1.72,3.12,5.11,3.67,6.18,14.99,23.37,68.07,9.33,5.08,5.44
34.20,34.2,26/11/2025 16:22:11,10.127,14.612,,15.6,910016.0,626169.0,970167.84,3387.11,1752.41,6437.32,1105.19,12797.14,503.81,47.40,35.63,2095.79,78.67,420.38,109.71,1593.65,66.97,70.17,25.63,95.10,48.26,72.43,30.59,80.25,14.94,2525.74,227.64,4.38,0.52,110.49,17.87,10.48,2.34,0.00,0.00,3.55,1.44,1.90,3.75,2.49,4.55,13.66,20.83,59.48,8.63,3.24,4.63,57604.25,5616.76,2905.99,12163.08,2088.22,27377.37,1077.82,108.62,81.64,5232.99,196.42,506.39,132.15,2229.85,93.71,117.09,42.76,169.77,86.15,105.87,44.71,115.30,21.47,3611.16,325.47,5.57,0.66,138.30,22.37,13.05,2.92,0.00,0.00,4.20,1.70,2.57,5.07,3.32,6.07,15.25,23.25,64.08,9.30,3.68,5.25
34.30,34.3,26/11/2025 16:22:31,9.520,7.733,,15.7,898601.0,616696.0,972501.62,3099.67,1658.71,5881.56,1018.18,12048.99,477.69,14.57,13.09,1908.34,73.37,361.30,102.87,1495.39,65.32,81.64,27.42,104.49,47.46,65.56,29.04,75.78,14.10,2196.34,196.51,4.35,0.51,73.06,8.67,7.47,2.26,0.00,0.00,3.65,1.39,6.31,3.63,2.92,4.43,5.09,20.43,59.19,8.39,2.72,4.51,53219.03,5140.10,2750.59,11112.99,1923.81,25776.83,1021.93,33.39,29.99,4764.94,183.19,435.22,123.92,2092.35,91.39,136.21,45.76,186.53,84.73,95.82,42.44,108.88,20.25,3140.20,280.96,5.54,0.65,91.45,10.85,9.30,2.82,0.00,0.00,4.32,1.64,8.53,4.91,3.90,5.90,5.69,22.81,63.76,9.04,3.09,5.12
34.40,34.4,26/11/2025 16:22:51,9.941,11.108,,15.7,894476.0,612153.0,973113.94,2503.95,1668.90,6323.66,1085.84,11642.33,464.63,55.43,40.00,1838.07,71.31,411.32,106.65,1464.77,64.41,46.25,19.48,97.15,46.88,62.93,28.49,57.04,10.91,2220.20,198.66,4.14,0.48,61.71,6.44,8.12,2.25,0.00,0.00,4.54,1.38,2.82,3.55,3.34,4.36,15.78,20.22,59.05,8.40,3.46,4.48,52059.15,4152.24,2767.50,11948.33,2051.66,24906.84,994.00,127.01,91.66,4589.47,178.06,495.48,128.47,2049.51,90.13,77.17,32.51,173.43,83.68,91.98,41.63,81.95,15.68,3174.32,284.04,5.27,0.62,77.25,8.06,10.10,2.81,0.00,0.00,5.37,1.64,3.81,4.79,4.45,5.81,17.62,22.58,63.61,9.05,3.92,5.09
34.50,34.5,26/11/2025 16:23:21,9.457,8.531,,15.7,893936.0,613499.0,971379.95,3939.96,1708.12,5973.56,1033.16,11993.39,476.20,42.56,32.41,2117.86,78.94,342.61,100.67,1457.47,64.81,57.80,22.57,132.90,47.80,66.78,29.21,54.10,10.42,2281.31,204.41,4.05,0.50,69.77,7.95,8.15,2.21,0.00,0.00,4.25,1.38,3.01,3.61,3.73,4.41,8.59,20.36,54.50,8.29,3.68,4.52,55275.78,6533.54,2832.53,11286.82,1952.12,25657.89,1018.74,97.52,74.26,5288.10,197.11,412.71,121.27,2039.30,90.68,96.45,37.65,237.26,85.34,97.60,42.69,77.73,14.97,3261.70,292.26,5.16,0.63,87.34,9.95,10.14,2.75,0.00,0.00,5.03,1.64,4.07,4.88,4.98,5.88,9.59,22.73,58.71,8.93,4.17,5.13
34.60,34.6,26/11/2025 16:23:41,8.524,5.359,1181243.207,15.7,883840.0,609996.0,973128.96,3193.41,1631.96,5824.68,1007.90,11308.86,452.28,105.86,64.91,2008.73,75.19,333.93,98.99,1453.22,64.21,54.58,21.53,119.49,46.92,73.67,30.20,71.39,13.22,2148.69,191.83,4.55,0.52,74.75,9.06,7.55,2.20,0.00,0.00,2.49,1.35,2.59,3.56,2.38,4.34,16.10,20.07,61.24,8.41,2.86,4.35,51980.59,5295.56,2706.24,11005.51,1904.38,24193.44,967.59,242.57,148.73,5015.60,187.75,402.25,119.25,2033.36,89.85,91.07,35.92,213.32,83.77,107.67,44.13,102.57,19.00,3072.08,274.27,5.79,0.66,93.57,11.34,9.40,2.74,0.00,0.00,2.95,1.60,3.51,4.81,3.18,5.79,17.98,22.41,65.96,9.06,3.24,4.93
34.70,34.7,26/11/2025 16:24:02,9.054,5.951,,15.8,878238.0,605480.0,973637.02,2985.64,1636.92,5533.80,964.80,11660.84,464.10,42.78,51.61,1981.93,74.68,119.36,74.42,1449.28,63.46,70.23,24.62,115.72,46.42,72.64,29.81,49.00,9.39,2126.28,189.64,3.74,0.47,61.05,6.35,8.06,2.23,0.00,0.00,3.45,1.36,2.78,3.47,2.59,4.32,13.73,19.88,55.46,8.15,4.61,4.43,51294.89,4951.02,2714.47,10455.91,1822.96,24946.44,992.87,98.03,118.27,4948.69,186.47,143.78,89.65,2027.84,88.80,117.18,41.08,206.59,82.87,106.17,43.57,70.41,13.50,3040.04,271.14,4.76,0.59,76.42,7.95,10.04,2.77,0.00,0.00,4.08,1.61,3.75,4.68,3.45,5.76,15.33,22.19,59.74,8.78,5.23,5.03
34.80,34.8,26/11/2025 16:24:22,11.176,6.547,,15.8,877722.0,601885.0,972914.03,3479.96,1669.35,5942.20,1025.41,11432.58,456.10,58.15,40.08,1737.05,67.68,332.68,98.40,1413.58,63.72,33.08,15.34,88.93,46.18,69.72,29.38,103.15,18.31,2238.60,200.24,3.93,0.49,58.60,5.89,9.59,2.29,0.00,0.00,3.57,1.37,1.88,3.49,5.18,4.35,12.14,19.93,58.17,8.36,3.22,4.38,52154.07,5770.73,2768.24,11227.56,1937.47,24458.12,975.74,133.24,91.85,4337.25,168.98,400.75,118.53,1977.89,89.16,55.20,25.59,158.75,82.44,101.90,42.94,148.21,26.30,3200.63,286.30,5.00,0.62,73.35,7.37,11.94,2.85,0.00,0.00,4.22,1.61,2.54,4.72,6.91,5.80,13.56,22.25,62.66,9.01,3.66,4.97
34.90,34.9,26/11/2025 16:24:42,9.419,11.708,,15.8,876312.0,602737.0,974207.31,2956.09,1668.60,5679.07,987.25,11177.70,448.02,108.14,66.17,1568.58,63.52,381.75,102.42,1421.95,63.07,22.07,14.99,62.59,45.84,76.19,30.49,39.29,7.72,2117.65,188.91,3.85,0.48,80.73,10.46,9.51,2.23,0.00,0.00,3.81,1.34,1.46,3.50,2.71,4.26,15.24,19.91,60.61,8.33,3.70,4.42,49717.53,4902.01,2767.00,10730.40,1865.37,23912.85,958.46,247.79,151.62,3916.58,158.61,459.86,123.37,1989.59,88.24,36.83,25.02,111.73,81.83,111.36,44.56,56.45,11.09,3027.70,270.09,4.90,0.61,101.06,13.09,11.84,2.78,0.00,0.00,4.51,1.58,1.97,4.73,3.62,5.68,17.02,22.23,65.29,8.98,4.20,5.01
35.00,35.0,26/11/2025 16:25:12,9.108,12.701,,15.8,875538.0,603165.0,974228.90,2369.84,1590.12,5775.32,1000.23,11244.05,450.00,129.95,76.87,1832.18,70.44,401.67,104.22,1400.08,62.92,31.73,14.93,111.01,46.11,62.64,28.01,48.15,9.27,2180.27,194.79,4.05,0.48,78.64,9.95,8.45,2.24,0.00,0.00,2.75,1.34,2.82,3.51,1.95,4.23,23.80,19.79,58.27,8.29,3.48,4.38,49958.42,3929.84,2636.86,10912.25,1889.91,24054.79,962.71,297.76,176.14,4574.77,175.89,483.86,125.54,1958.99,88.03,52.94,24.91,198.18,82.31,91.55,40.93,69.19,13.32,3117.23,278.51,5.15,0.62,98.44,12.45,10.52,2.79,0.00,0.00,3.25,1.59,3.80,4.74,2.61,5.65,26.58,22.09,62.77,8.93,3.94,4.97
35.10,35.1,26/11/2025 16:25:32,9.062,13.950,1181241.027,15.8,876995.0,602909.0,975016.91,1967.48,1608.22,5596.24,974.59,10943.81,440.00,26.44,21.60,2181.81,79.82,188.05,83.84,1427.79,63.22,77.69,26.27,86.94,46.01,69.71,29.27,37.93,7.50,2228.59,199.41,3.91,0.48,64.53,7.02,8.66,2.23,0.00,0.00,3.78,1.35,3.07,3.48,1.11,4.25,5.90,19.89,56.18,8.20,3.49,4.35,48786.83,3262.62,2666.88,10573.89,1841.46,23412.47,941.31,60.59,49.48,5447.76,199.30,226.53,101.00,1997.77,88.46,129.62,43.82,155.20,82.14,101.88,42.78,54.50,10.77,3186.31,285.11,4.97,0.61,80.77,8.78,10.77,2.78,0.00,0.00,4.47,1.60,4.14,4.70,1.48,5.67,6.59,22.20,60.51,8.83,3.96,4.94
35.20,35.2,26/11/2025 16:25:52,9.055,14.484,,15.8,878350.0,602711.0,973428.06,2661.00,1539.94,6093.06,1044.76,11029.08,442.55,141.91,82.85,1999.76,75.04,396.70,104.40,1450.91,63.70,52.89,21.09,83.16,46.21,82.60,31.80,80.07,14.59,2298.15,205.90,4.13,0.49,110.28,18.12,9.06,2.20,0.00,0.00,3.73,1.36,3.23,3.52,1.67,4.30,10.97,19.97,55.80,8.27,3.77,4.38,51347.02,4412.67,2553.64,11512.61,1974.04,23594.90,946.76,325.16,189.85,4993.22,187.37,477.86,125.76,2030.12,89.12,88.24,35.19,148.46,82.49,120.73,46.48,115.05,20.96,3285.77,294.38,5.26,0.63,138.04,22.68,11.28,2.74,0.00,0.00,4.41,1.61,4.36,4.76,2.23,5.74,12.24,22.30,60.11,8.90,4.27,4.97
35.30,35.3,26/11/2025 16:26:12,9.314,13.820,,15.8,875330.0,602406.0,974544.83,2531.00,1656.38,5673.62,986.11,11167.70,447.09,31.03,50.18,1608.05,64.35,392.13,103.27,1415.98,62.88,79.93,26.34,104.06,45.87,76.65,30.49,76.74,14.00,2135.56,190.52,3.69,0.47,77.22,9.65,6.66,2.18,0.00,0.00,3.27,1.35,1.30,3.48,2.44,4.26,9.00,19.73,55.49,8.26,3.66,4.38,49135.71,4197.10,2746.73,10720.09,1863.21,23891.44,956.48,71.10,114.98,4015.15,160.68,472.36,124.40,1981.25,87.98,133.36,43.95,185.77,81.89,112.02,44.56,110.26,20.11,3053.30,272.39,4.69,0.60,96.66,12.08,8.29,2.71,0.00,0.00,3.87,1.60,1.75,4.71,3.25,5.68,10.05,22.03,59.77,8.90,4.15,4.97
35.40,35.4,26/11/2025 16:26:32,9.602,12.759,,15.8,875973.0,601295.0,974138.03,2683.22,1619.69,5737.08,994.42,11290.00,451.26,6.58,6.14,1707.52,67.15,428.67,106.76,1456.26,63.36,31.82,15.06,67.94,46.07,54.95,26.97,61.40,11.57,2140.81,191.11,3.95,0.48,102.55,16.03,9.16,2.22,0.00,0.00,4.00,1.35,2.60,3.45,2.23,4.30,7.79,20.01,59.25,8.31,4.19,4.40,49912.19,4449.52,2685.90,10840.00,1878.92,24153.10,965.40,15.07,14.07,4263.51,167.66,516.38,128.60,2037.61,88.66,53.10,25.12,121.29,82.24,80.31,39.42,88.22,16.63,3060.81,273.24,5.03,0.61,128.37,20.06,11.40,2.76,0.00,0.00,4.73,1.60,3.51,4.66,2.98,5.73,8.69,22.35,63.82,8.95,4.75,4.99
35.50,35.5,26/11/2025 16:27:02,9.321,8.923,,15.8,878213.0,603153.0,974631.33,2385.77,1589.29,5731.17,992.64,10927.13,439.18,51.91,37.08,1797.95,69.61,403.03,104.34,1456.40,63.21,25.86,14.96,90.04,46.09,61.39,27.86,77.59,14.21,2188.96,195.67,3.78,0.48,77.03,9.61,8.22,2.27,0.00,0.00,3.72,1.36,1.47,3.48,2.93,4.30,8.25,19.86,61.36,8.36,4.69,4.47,49030.60,3956.26,2635.48,10828.83,1875.56,23376.79,939.56,118.95,84.96,4489.30,173.82,485.49,125.69,2037.81,88.44,43.15,24.96,160.74,82.29,89.73,40.71,111.49,20.41,3129.65,279.76,4.81,0.61,96.43,12.02,10.23,2.82,0.00,0.00,4.40,1.61,1.99,4.70,3.91,5.73,9.21,22.18,66.10,9.01,5.32,5.07
35.60,35.6,26/11/2025 16:27:23,9.938,5.294,1181243.272,15.8,875054.0,603040.0,973404.05,3696.84,1650.30,5536.06,965.57,10873.22,438.19,59.72,41.32,1926.10,73.05,136.64,76.91,1467.85,63.48,25.25,14.98,92.50,46.09,74.88,30.25,54.18,10.30,2479.25,223.12,3.79,0.48,78.07,9.76,8.19,2.22,0.00,0.00,3.62,1.34,1.75,3.53,4.33,4.33,14.08,19.85,56.83,8.28,2.78,4.35,51161.09,6130.38,2736.66,10460.18,1824.41,23261.47,937.43,136.84,94.69,4809.30,182.40,164.60,92.65,2053.83,88.82,42.13,24.99,165.12,82.27,109.44,44.21,77.85,14.79,3544.70,319.01,4.83,0.62,97.73,12.22,10.19,2.76,0.00,0.00,4.28,1.59,2.36,4.77,5.77,5.78,15.72,22.17,61.22,8.91,3.16,4.93
35.70,35.7,26/11/2025 16:27:43,9.562,12.038,,15.8,875554.0,603742.0,972937.57,3890.66,1644.52,5749.11,995.42,11040.83,443.18,18.83,49.70,1768.75,68.39,343.77,98.76,1416.83,63.45,73.07,25.42,92.98,46.31,54.54,26.85,53.92,10.27,2365.79,212.30,3.77,0.48,98.23,14.73,9.17,2.21,0.00,0.00,2.56,1.34,3.28,3.56,2.93,4.34,7.48,19.99,63.03,8.33,2.89,4.49,51848.28,6451.78,2727.06,10862.73,1880.82,23620.03,948.12,43.15,113.88,4416.40,170.77,414.11,118.97,1982.44,88.77,121.91,42.42,165.99,82.68,79.71,39.24,77.47,14.76,3382.47,303.53,4.80,0.61,122.97,18.44,11.42,2.75,0.00,0.00,3.03,1.58,4.43,4.81,3.91,5.79,8.35,22.32,67.90,8.98,3.28,5.10
35.80,35.8,26/11/2025 16:28:03,9.824,9.393,,15.8,874147.0,602243.0,976093.59,1509.84,1562.25,5415.67,945.85,10695.74,431.09,11.06,9.95,1803.23,69.75,356.20,99.65,1425.52,62.79,91.34,28.34,74.89,45.51,76.70,30.47,42.91,8.35,2229.78,199.57,3.86,0.48,84.76,11.43,8.65,2.20,0.00,0.00,4.02,1.36,2.75,3.49,3.16,4.22,6.30,19.76,56.84,8.22,3.20,4.38,46423.93,2503.73,2590.64,10232.71,1787.15,22881.77,922.25,25.34,22.80,4502.50,174.15,429.08,120.04,1994.59,87.86,152.39,47.29,133.70,81.24,112.11,44.53,61.65,12.00,3188.02,285.33,4.91,0.61,106.10,14.31,10.77,2.73,0.00,0.00,4.76,1.61,3.71,4.71,4.21,5.62,7.03,22.07,61.23,8.85,3.63,4.97
35.90,35.9,26/11/2025 16:28:23,9.824,8.600,,15.8,878178.0,603970.0,974620.74,2090.50,1600.77,5554.19,966.23,11123.10,445.27,36.57,27.99,1930.71,73.17,354.30,100.34,1448.40,63.26,50.20,20.11,120.05,46.28,61.38,27.81,86.88,15.72,2326.46,208.67,3.67,0.47,89.75,12.56,9.19,2.23,0.00,0.00,3.11,1.35,3.25,3.52,1.90,4.30,21.18,19.80,59.05,8.30,5.43,4.52,49186.41,3466.63,2654.52,10494.44,1825.65,23796.04,952.58,83.80,64.14,4820.79,182.71,426.80,120.87,2026.61,88.51,83.75,33.56,214.31,82.62,89.71,40.65,124.84,22.58,3326.24,298.35,4.67,0.60,112.34,15.72,11.44,2.78,0.00,0.00,3.68,1.60,4.39,4.76,2.53,5.73,23.65,22.10,63.61,8.94,6.16,5.13
36.00,36.0,26/11/2025 16:28:23,9.788,8.135,,15.8,879624.0,604946.0,974187.25,2664.22,1606.13,5624.28,976.73,11116.13,445.31,42.50,50.96,1803.38,69.65,306.87,95.64,1438.36,63.40,62.09,23.07,60.76,45.72,75.34,30.37,78.71,14.34,2374.66,213.21,3.81,0.48,76.85,9.52,7.14,2.16,0.00,0.00,3.34,1.35,1.52,3.55,2.65,4.28,9.50,19.91,55.57,8.19,5.08,4.49,49834.59,4418.01,2663.40,10626.86,1845.50,23781.12,952.66,97.39,116.78,4502.86,173.90,369.66,115.20,2012.56,88.70,103.59,38.50,108.46,81.62,110.12,44.39,113.10,20.60,3395.15,304.83,4.84,0.61,96.21,11.91,8.89,2.68,0.00,0.00,3.95,1.60,2.06,4.79,3.54,5.70,10.60,22.23,59.86,8.82,5.76,5.09
36.10,36.1,26/11/2025 16:29:13,10.507,10.520,1181242.941,15.8,878659.0,605100.0,974028.69,2771.53,1652.64,5726.64,993.64,10934.11,439.36,32.75,25.53,1822.10,69.90,359.29,100.45,1418.33,63.25,57.99,22.00,153.84,46.85,71.56,29.60,116.68,20.53,2318.32,207.85,3.74,0.48,89.63,12.51,9.95,2.27,0.00,0.00,3.28,1.36,2.37,3.53,2.07,4.33,16.59,19.79,57.53,8.33,3.00,4.42,50031.27,4595.97,2740.53,10820.28,1877.45,23391.72,939.94,75.04,58.50,4549.61,174.54,432.80,121.00,1984.53,88.50,96.75,36.70,274.64,83.64,104.59,43.26,167.65,29.50,3314.61,297.17,4.76,0.61,112.20,15.66,12.39,2.82,0.00,0.00,3.88,1.60,3.21,4.77,2.75,5.77,18.52,22.10,61.98,8.97,3.40,5.01
36.20,36.2,26/11/2025 16:29:33,9.789,11.838,,15.8,880267.0,604283.0,974048.08,2909.58,1548.43,5809.85,1003.21,11042.01,443.37,117.50,70.83,1980.91,74.68,122.37,74.99,1442.94,63.62,27.33,15.02,74.12,46.18,58.17,27.49,85.38,15.53,2128.52,190.03,3.75,0.48,60.13,6.21,7.47,2.22,0.00,0.00,3.68,1.34,2.41,3.51,1.27,4.27,12.65,20.02,56.21,8.28,5.67,4.40,50415.30,4824.89,2567.73,10977.49,1895.54,23622.57,948.53,269.23,162.30,4946.14,186.46,147.40,90.34,2018.97,89.01,45.61,25.06,132.31,82.43,85.02,40.17,122.67,22.32,3043.24,271.70,4.77,0.61,75.27,7.77,9.30,2.77,0.00,0.00,4.35,1.58,3.26,4.74,1.69,5.69,14.13,22.36,60.55,8.92,6.44,4.99
36.30,36.3,26/11/2025 16:29:53,8.865,11.110,,15.8,877616.0,605090.0,975284.09,1992.03,1636.87,5623.72,979.75,10997.55,442.03,47.24,51.61,1736.90,67.93,366.32,101.03,1400.91,62.95,35.45,16.14,118.61,46.38,59.71,27.53,74.23,13.66,2077.45,185.17,4.29,0.49,91.16,13.04,8.15,2.17,0.00,0.00,3.70,1.35,2.76,3.50,2.36,4.26,11.66,19.81,58.50,8.19,3.20,4.36,47958.83,3303.33,2714.39,10625.82,1851.20,23527.44,945.65,108.25,118.27,4336.88,169.62,441.28,121.70,1960.17,88.07,59.15,26.92,211.74,82.79,87.27,40.23,106.66,19.63,2970.21,264.74,5.46,0.63,114.12,16.32,10.15,2.70,0.00,0.00,4.38,1.59,3.73,4.73,3.14,5.69,13.02,22.12,63.02,8.82,3.63,4.95
36.40,36.4,26/11/2025 16:30:13,9.383,8.400,,15.8,876641.0,605213.0,974440.84,3037.28,1598.25,5500.58,959.34,11071.53,444.71,23.02,50.87,1754.78,68.76,411.33,105.82,1401.99,63.26,40.68,17.85,102.66,46.39,54.32,26.79,27.24,5.57,1959.31,174.07,3.85,0.47,86.75,11.95,7.99,2.24,0.00,0.00,4.49,1.34,1.48,3.48,2.55,4.25,4.31,19.94,59.31,8.20,3.72,4.40,49384.97,5036.64,2650.34,10393.13,1812.64,23685.70,951.38,52.74,116.57,4381.52,171.68,495.48,127.47,1961.67,88.51,67.88,29.78,183.27,82.82,79.39,39.15,39.14,8.01,2801.31,248.87,4.90,0.60,108.59,14.95,9.95,2.79,0.00,0.00,5.31,1.59,2.00,4.70,3.41,5.66,4.81,22.26,63.89,8.83,4.22,5.00
36.50,36.5,26/11/2025 16:30:44,9.206,7.871,,15.8,881672.0,608009.0,972338.66,3965.71,1649.03,5903.28,1018.87,11308.21,452.80,48.76,52.27,1865.43,71.74,434.92,108.56,1447.19,64.05,34.97,16.10,80.75,46.47,78.27,31.10,135.06,23.55,2163.05,193.11,3.63,0.48,103.74,16.24,8.91,2.33,0.00,0.00,3.56,1.36,2.99,3.60,2.28,4.37,12.04,20.11,55.10,8.34,3.50,4.48,53077.86,6576.24,2734.54,11154.04,1925.12,24192.04,968.68,111.74,119.77,4657.81,179.13,523.91,130.77,2024.91,89.62,58.35,26.87,144.15,82.96,114.39,45.46,194.07,33.84,3092.61,276.10,4.62,0.61,129.85,20.33,11.09,2.90,0.00,0.00,4.21,1.60,4.04,4.86,3.04,5.83,13.44,22.45,59.35,8.99,3.97,5.09
36.60,36.6,26/11/2025 16:31:04,9.230,9.854,1181244.926,15.7,884852.0,609866.0,974429.09,2140.51,1555.91,5695.28,988.37,11002.83,442.32,20.35,17.33,1867.42,71.97,425.70,106.51,1507.48,63.99,43.63,18.66,124.80,46.86,52.44,26.57,102.60,18.34,2395.59,215.28,3.74,0.49,98.56,14.83,9.11,2.34,0.00,0.00,3.83,1.39,1.61,3.60,4.55,4.39,12.91,20.01,55.26,8.34,2.72,4.46,49354.78,3549.56,2580.13,10761.03,1867.49,23538.73,946.27,46.62,39.70,4662.77,179.69,512.80,128.30,2109.27,89.54,72.80,31.14,222.79,83.65,76.64,38.83,147.42,26.35,3425.08,307.80,4.76,0.62,123.37,18.57,11.34,2.91,0.00,0.00,4.53,1.64,2.17,4.86,6.07,5.86,14.41,22.34,59.52,8.98,3.09,5.06
36.70,36.7,26/11/2025 16:31:24,8.843,2.714,,15.7,886879.0,610230.0,973847.52,2314.91,1625.84,5732.10,994.89,11380.76,454.99,71.97,48.13,1872.06,71.71,332.75,99.26,1469.77,64.06,76.01,25.96,112.14,46.64,82.55,31.81,148.09,25.77,2339.95,209.97,4.10,0.50,117.83,20.38,9.59,2.28,0.00,0.00,4.78,1.41,2.67,3.55,2.67,4.40,15.11,20.00,57.49,8.22,5.17,4.64,50581.34,3838.77,2696.10,10830.59,1879.82,24347.26,973.39,164.90,110.28,4674.36,179.06,400.84,119.57,2056.51,89.64,126.82,43.31,200.20,83.26,120.64,46.49,212.79,37.03,3345.54,300.21,5.22,0.63,147.49,25.51,11.94,2.84,0.00,0.00,5.65,1.67,3.60,4.79,3.56,5.87,16.88,22.34,61.93,8.86,5.87,5.27
36.80,36.8,26/11/2025 16:31:44,8.520,4.764,,15.7,885833.0,609191.0,972308.19,3863.30,1677.18,5912.76,1021.65,11208.78,449.71,58.64,41.38,1984.09,75.16,346.70,100.26,1454.50,64.13,29.73,15.16,97.38,46.83,64.48,28.72,112.64,19.99,2317.41,207.78,3.75,0.48,135.81,26.22,9.35,2.30,0.00,0.00,3.76,1.39,1.48,3.58,3.12,4.40,18.04,20.20,62.21,8.53,3.87,4.50,53180.33,6406.42,2781.23,11171.94,1930.37,23979.34,962.08,134.35,94.83,4954.09,187.67,417.63,120.77,2035.15,89.74,49.61,25.29,173.85,83.60,94.24,41.98,161.84,28.72,3313.30,297.07,4.77,0.62,170.01,32.82,11.63,2.87,0.00,0.00,4.45,1.64,2.00,4.83,4.16,5.87,20.14,22.55,67.02,9.19,4.39,5.11
36.90,36.9,26/11/2025 16:32:04,7.990,4.363,,15.7,886567.0,608384.0,973989.55,1990.45,1567.40,5952.12,1026.17,11456.99,457.24,33.41,26.16,2014.70,75.68,417.67,106.33,1463.75,64.07,54.20,21.63,95.78,46.91,61.21,28.09,110.33,19.61,2158.55,192.85,3.99,0.48,115.34,19.70,8.45,2.21,0.00,0.00,3.05,1.37,2.53,3.55,3.05,4.32,10.60,20.22,51.50,8.18,2.80,4.42,50552.76,3300.72,2599.17,11246.31,1938.90,24510.34,978.20,76.55,59.94,5030.52,188.98,503.13,128.08,2048.09,89.65,90.44,36.08,170.99,83.74,89.46,41.06,158.52,28.18,3086.17,275.73,5.07,0.61,144.38,24.67,10.51,2.75,0.00,0.00,3.60,1.62,3.41,4.80,4.07,5.76,11.83,22.57,55.48,8.81,3.17,5.01
37.00,37.0,26/11/2025 16:32:47,8.095,9.789,,15.7,887910.0,608458.0,973421.03,3051.61,1701.59,5706.24,992.90,11211.64,449.60,112.46,68.50,1853.36,71.45,381.12,103.46,1532.16,64.72,41.10,17.97,89.27,46.70,85.52,32.53,106.04,18.90,2209.80,197.64,3.88,0.48,103.05,16.07,8.16,2.25,0.00,0.00,2.43,1.36,3.55,3.57,3.55,4.35,12.27,20.16,57.69,8.42,4.08,4.51,51217.55,5060.41,2821.71,10781.74,1876.05,23985.45,961.84,257.69,156.95,4627.67,178.41,459.10,124.63,2143.81,90.55,68.58,29.98,159.36,83.37,124.99,47.55,152.36,27.16,3159.45,282.57,4.94,0.61,128.99,20.12,10.16,2.80,0.00,0.00,2.88,1.61,4.79,4.83,4.73,5.80,13.70,22.51,62.14,9.07,4.62,5.11
37.10,37.1,26/11/2025 16:33:21,8.058,7.475,1181240.561,15.7,882862.0,611021.0,974748.21,2388.82,1598.18,5802.02,1003.68,11086.41,444.66,31.55,50.23,1597.13,64.03,498.29,114.20,1447.52,63.70,28.66,15.24,72.02,46.56,51.83,26.61,74.64,13.84,1977.90,175.94,4.00,0.49,112.24,18.95,6.97,2.19,0.00,0.00,2.95,1.36,1.98,3.54,2.55,4.29,5.40,20.18,55.18,8.14,3.71,4.49,48748.17,3961.32,2650.23,10962.69,1896.42,23717.55,951.27,72.29,115.10,3987.89,159.88,600.25,137.56,2025.38,89.13,47.82,25.42,128.57,83.11,75.76,38.89,107.24,19.89,2827.90,251.55,5.08,0.62,140.50,23.72,8.68,2.73,0.00,0.00,3.49,1.61,2.68,4.78,3.40,5.72,6.03,22.54,59.44,8.77,4.21,5.09
37.20,37.2,26/11/2025 16:33:54,10.300,14.351,,15.7,885448.0,608464.0,973430.24,3119.22,1635.43,5909.90,1021.70,11185.18,448.55,7.42,7.00,1891.36,72.64,397.02,104.88,1512.73,64.38,37.81,17.05,82.11,46.76,55.47,27.24,78.80,14.58,2102.40,187.60,4.14,0.49,95.68,14.12,8.09,2.27,0.00,0.00,3.53,1.35,2.71,3.51,2.99,4.39,10.26,20.23,59.03,8.39,3.90,4.51,51238.59,5172.53,2712.00,11166.54,1930.46,23928.84,959.59,17.00,16.04,4722.53,181.36,478.25,126.34,2116.63,90.08,63.09,28.45,146.59,83.47,81.08,39.82,113.22,20.95,3005.89,268.23,5.27,0.62,119.77,17.68,10.07,2.83,0.00,0.00,4.17,1.60,3.66,4.74,3.99,5.86,11.45,22.59,63.59,9.04,4.42,5.11
37.30,37.3,26/11/2025 16:34:27,10.379,14.155,,15.7,884283.0,607494.0,973381.97,2997.58,1636.73,5854.34,1012.41,11401.59,455.62,12.96,11.69,1938.82,73.79,336.82,99.30,1502.41,64.29,55.04,21.75,85.24,46.57,57.66,27.51,82.05,15.04,2102.68,187.57,4.13,0.50,100.96,15.54,7.80,2.19,0.00,0.00,3.17,1.35,2.20,3.50,2.59,4.34,8.83,20.15,56.96,8.28,4.21,4.46,51482.81,4970.81,2714.16,11061.55,1912.91,24391.82,974.71,29.70,26.78,4841.05,184.26,405.73,119.61,2102.19,89.96,91.84,36.29,152.17,83.14,84.28,40.21,117.89,21.62,3006.29,268.17,5.25,0.63,126.38,19.46,9.71,2.72,0.00,0.00,3.75,1.60,2.97,4.73,3.45,5.78,9.86,22.50,61.36,8.92,4.78,5.06
37.40,37.4,26/11/2025 16:35:00,9.913,7.540,,15.8,883166.0,605192.0,973897.56,3221.09,1643.78,5380.36,942.91,11297.38,452.30,25.86,21.45,1854.65,71.25,317.01,97.20,1412.01,63.42,47.18,19.68,52.29,46.10,52.63,26.70,80.38,14.76,2159.40,192.98,4.20,0.50,105.48,16.86,7.69,2.22,0.00,0.00,3.78,1.36,1.98,3.51,3.88,4.27,12.26,20.12,58.72,8.25,4.21,4.51,50416.89,5341.46,2725.84,10165.98,1781.59,24168.87,967.62,59.26,49.15,4630.88,177.90,381.88,117.08,1975.70,88.73,78.71,32.83,93.35,82.30,76.93,39.03,115.49,21.21,3087.39,275.92,5.35,0.63,132.04,21.10,9.57,2.77,0.00,0.00,4.47,1.61,2.67,4.74,5.17,5.69,13.68,22.47,63.25,8.89,4.78,5.11
37.50,37.5,26/11/2025 16:35:43,10.193,7.738,,15.8,882700.0,606180.0,974044.22,3281.73,1652.40,5479.54,957.39,10858.10,437.62,25.05,20.59,1902.58,73.00,366.56,101.74,1491.16,64.13,31.97,15.26,72.54,46.54,48.20,26.11,134.08,23.58,2061.21,183.71,3.83,0.48,109.16,17.94,9.07,2.31,0.00,0.00,3.00,1.36,2.16,3.52,2.82,4.34,8.15,20.19,61.13,8.36,3.72,4.45,49995.64,5442.02,2740.13,10353.39,1808.95,23229.11,936.22,57.40,47.17,4750.55,182.26,441.56,122.56,2086.44,89.73,53.35,25.46,129.50,83.08,70.44,38.17,192.65,33.88,2947.00,262.65,4.88,0.61,136.65,22.46,11.29,2.88,0.00,0.00,3.55,1.61,2.92,4.75,3.76,5.79,9.10,22.55,65.85,9.00,4.22,5.05
37.60,37.6,26/11/2025 16:36:17,9.868,8.067,1181244.993,15.8,877905.0,606026.0,975458.68,1519.27,1585.67,5909.67,1020.15,10980.71,440.65,48.54,50.98,1667.05,65.60,387.74,102.65,1431.41,63.11,15.06,14.88,117.00,46.35,67.09,28.76,116.29,20.44,2059.09,183.41,4.19,0.49,125.47,23.10,7.47,2.18,0.04,0.18,3.68,1.36,1.11,3.52,2.32,4.28,15.95,19.80,57.59,8.19,4.57,4.40,47629.33,2519.37,2629.48,11166.11,1927.54,23491.42,942.70,111.23,116.81,4162.47,163.79,467.07,123.66,2002.83,88.30,25.14,24.82,208.87,82.74,98.06,42.04,167.08,29.37,2943.97,262.24,5.34,0.63,157.06,28.91,9.29,2.71,0.06,0.24,4.35,1.60,1.50,4.76,3.09,5.71,17.81,22.11,62.04,8.83,5.18,4.99
37.70,37.7,26/11/2025 16:36:50,9.508,5.491,,15.8,879036.0,605439.0,974487.06,2509.10,1635.81,5395.14,945.27,11089.71,445.27,88.28,56.39,1988.26,74.67,174.54,82.18,1477.07,63.34,30.57,14.95,107.41,46.20,38.58,24.55,145.84,25.40,2245.03,200.99,3.74,0.48,125.26,22.89,8.65,2.30,0.00,0.00,2.66,1.34,2.90,3.56,3.66,4.34,12.96,19.84,59.92,8.37,3.65,4.48,49508.99,4160.78,2712.62,10193.92,1786.05,23724.60,952.59,202.28,129.22,4964.50,186.45,210.26,98.99,2066.73,88.63,51.01,24.95,191.74,82.48,56.39,35.88,209.54,36.50,3209.82,287.37,4.76,0.61,156.80,28.65,10.77,2.86,0.00,0.00,3.15,1.59,3.92,4.81,4.88,5.78,14.47,22.15,64.55,9.02,4.14,5.09
37.80,37.8,26/11/2025 16:37:24,9.482,9.919,,15.8,878202.0,604168.0,974902.14,1958.26,1619.78,5739.39,994.69,10887.94,437.98,87.57,55.82,1922.76,73.01,291.11,94.19,1443.61,63.42,72.30,25.11,93.16,45.97,58.53,27.35,75.12,13.78,2260.81,202.43,3.60,0.48,116.53,20.13,7.01,2.17,0.00,0.00,3.39,1.35,3.05,3.51,2.55,4.33,9.85,19.84,57.04,8.23,4.27,4.40,48717.63,3247.33,2686.03,10844.35,1879.42,23292.95,936.98,200.65,127.90,4800.96,182.31,350.67,113.46,2019.91,88.73,120.64,41.90,166.30,82.07,85.55,39.97,107.94,19.81,3232.38,289.42,4.58,0.61,145.87,25.20,8.73,2.70,0.00,0.00,4.01,1.59,4.12,4.74,3.41,5.77,11.00,22.15,61.45,8.87,4.85,4.99
37.90,37.9,26/11/2025 16:37:56,9.215,9.654,,15.8,874438.0,603107.0,974962.99,2806.16,1641.26,5372.99,940.86,10642.50,430.05,99.00,61.45,1798.58,69.35,338.18,98.40,1391.40,62.92,41.74,17.93,105.30,45.95,56.81,27.00,56.04,10.62,2144.42,191.44,4.23,0.50,84.67,11.41,8.23,2.23,0.00,0.00,2.29,1.32,3.55,3.46,3.85,4.25,15.59,19.75,58.32,8.30,3.16,4.36,48350.49,4653.40,2721.66,10152.06,1777.72,22767.88,920.01,226.84,140.80,4490.88,173.16,407.37,118.53,1946.86,88.04,69.65,29.91,187.98,82.02,83.02,39.47,80.52,15.26,3065.97,273.71,5.38,0.64,105.99,14.28,10.24,2.77,0.00,0.00,2.71,1.56,4.79,4.67,5.13,5.67,17.40,22.05,62.83,8.94,3.58,4.94
38.00,38.0,26/11/2025 16:38:40,7.935,3.372,,15.8,876861.0,603006.0,975539.15,2170.60,1635.89,5342.90,937.12,10926.84,439.06,58.64,40.30,1571.29,63.34,323.44,96.88,1434.61,63.09,37.63,16.88,75.30,45.73,79.02,30.95,112.52,19.84,2150.29,192.00,4.27,0.49,85.37,11.58,7.84,2.14,0.00,0.00,2.93,1.34,2.92,3.48,2.17,4.28,10.24,19.80,57.82,8.23,4.20,4.40,47285.09,3599.46,2712.76,10095.21,1770.65,23376.18,939.30,134.36,92.35,3923.36,158.17,389.62,116.70,2007.31,88.27,62.78,28.17,134.42,81.64,115.49,45.24,161.67,28.51,3074.36,274.51,5.43,0.63,106.87,14.50,9.75,2.67,0.00,0.00,3.46,1.59,3.95,4.71,2.90,5.71,11.43,22.11,62.28,8.87,4.77,5.00
38.10,38.1,26/11/2025 16:39:13,8.507,9.987,1181241.618,15.8,874968.0,602503.0,975204.22,1981.43,1595.57,5543.31,965.56,10978.02,440.81,43.49,31.88,1706.42,66.53,292.79,94.67,1456.60,63.56,82.66,27.00,88.31,45.85,65.60,28.59,75.68,13.90,2314.96,207.62,3.88,0.48,81.99,10.73,9.01,2.23,0.00,0.00,3.51,1.34,1.35,3.49,3.98,4.28,3.76,19.84,55.31,8.21,3.72,4.38,48004.55,3285.77,2645.89,10473.88,1824.39,23485.66,943.03,99.65,73.04,4260.76,166.12,352.70,114.04,2038.09,88.93,137.91,45.04,157.65,81.85,95.88,41.79,108.74,19.97,3309.81,296.84,4.94,0.61,102.64,13.43,11.21,2.78,0.00,0.00,4.15,1.58,1.83,4.72,5.30,5.70,4.20,22.16,59.58,8.84,4.22,4.97
38.20,38.2,26/11/2025 16:39:47,9.555,8.266,,15.8,876775.0,602565.0,974000.16,3111.06,1657.47,5470.40,956.15,11006.00,442.31,46.65,51.61,1852.23,70.99,374.68,101.72,1459.26,63.70,27.67,14.93,98.10,46.15,82.38,31.72,52.08,9.97,2227.55,199.26,3.87,0.49,98.77,14.95,6.59,2.13,0.00,0.00,3.72,1.35,1.98,3.50,3.68,4.27,13.93,19.85,55.39,8.17,3.85,4.51,50095.20,5158.99,2748.53,10336.12,1806.62,23545.52,946.24,106.89,118.25,4624.85,177.24,451.34,122.53,2041.80,89.13,46.16,24.92,175.12,82.38,120.41,46.37,74.83,14.33,3184.83,284.89,4.92,0.62,123.64,18.71,8.20,2.65,0.00,0.00,4.40,1.60,2.68,4.72,4.91,5.70,15.55,22.16,59.67,8.80,4.36,5.12
38.30,38.3,26/11/2025 16:40:20,10.001,8.270,,15.8,879968.0,602416.0,972852.87,3379.92,1651.75,5837.39,1009.37,11370.52,454.20,20.68,50.22,1867.89,71.56,354.51,100.25,1519.08,64.50,33.72,15.67,93.05,46.56,61.47,27.98,134.59,23.45,2272.89,203.49,4.10,0.50,101.20,15.51,8.41,2.23,0.00,0.00,3.25,1.37,2.81,3.56,3.29,4.34,15.13,20.06,59.65,8.35,3.58,4.53,52218.45,5604.84,2739.05,11029.53,1907.16,24325.35,971.68,47.39,115.06,4663.95,178.68,427.04,120.76,2125.50,90.25,56.26,26.15,166.11,83.11,89.84,40.90,193.38,33.69,3249.65,290.93,5.22,0.63,126.67,19.42,10.46,2.77,0.00,0.00,3.85,1.62,3.80,4.81,4.39,5.79,16.89,22.39,64.26,8.99,4.06,5.14
38.40,38.4,26/11/2025 16:40:53,9.488,13.032,,15.8,878031.0,603921.0,973262.94,3543.44,1653.75,5842.56,1010.49,10919.62,439.26,86.36,55.17,1915.31,73.11,215.24,87.89,1491.09,64.05,41.74,18.03,129.80,46.80,62.16,28.06,102.16,18.16,2230.58,199.45,3.80,0.48,71.20,8.31,7.42,2.21,0.00,0.00,3.24,1.36,3.49,3.54,2.07,4.31,9.84,19.93,51.73,8.22,4.21,4.46,51516.01,5876.01,2742.37,11039.30,1909.28,23360.72,939.72,197.87,126.42,4782.34,182.56,259.28,105.87,2086.34,89.61,69.64,30.08,231.72,83.55,90.86,41.01,146.79,26.09,3189.15,285.16,4.84,0.61,89.13,10.40,9.24,2.75,0.00,0.00,3.83,1.60,4.72,4.78,2.76,5.74,10.99,22.25,55.72,8.85,4.77,5.06
38.50,38.5,26/11/2025 16:41:36,8.810,10.052,,15.8,878777.0,604485.0,973215.57,3564.82,1628.42,5926.46,1021.03,11082.03,444.08,86.23,54.79,1689.35,66.73,350.64,100.47,1468.93,64.01,41.57,18.02,112.86,46.70,39.60,24.88,98.68,17.70,2099.97,187.27,4.11,0.49,125.19,22.86,9.11,2.26,0.00,0.00,4.04,1.38,1.85,3.53,4.67,4.36,15.36,20.04,56.85,8.30,2.08,4.42,51451.40,5911.46,2700.38,11197.83,1929.19,23708.17,950.03,197.59,125.55,4218.15,166.63,422.38,121.02,2055.34,89.56,69.36,30.07,201.48,83.37,57.88,36.36,141.79,25.44,3002.41,267.75,5.23,0.63,156.71,28.62,11.33,2.81,0.00,0.00,4.78,1.64,2.50,4.77,6.23,5.81,17.15,22.37,61.24,8.95,2.36,5.02
38.60,38.6,26/11/2025 16:42:10,8.464,9.126,1181242.350,15.8,877807.0,605771.0,974456.85,2809.56,1585.01,5575.34,968.25,11031.59,442.36,85.59,54.47,1745.07,68.02,330.47,97.83,1497.89,64.05,57.28,22.02,70.70,46.09,69.80,29.37,48.91,9.42,2037.65,181.45,3.18,0.45,96.91,14.53,7.03,2.17,0.00,0.00,3.06,1.35,2.35,3.48,2.17,4.27,12.71,20.00,52.44,8.07,3.47,4.45,49366.80,4659.02,2628.38,10534.40,1829.47,23600.26,946.36,196.12,124.82,4357.28,169.85,398.08,117.85,2095.85,89.62,95.57,36.74,126.21,82.28,102.02,42.93,70.28,13.54,2913.32,259.43,4.05,0.58,121.31,18.19,8.75,2.70,0.00,0.00,3.62,1.60,3.18,4.70,2.89,5.70,14.19,22.33,56.49,8.70,3.93,5.05
38.70,38.7,26/11/2025 16:42:42,8.464,12.103,,15.8,881028.0,607681.0,974876.39,2155.91,1614.27,5745.59,996.49,10979.16,441.68,46.57,51.99,1913.78,72.76,314.28,96.73,1474.38,63.79,60.50,22.97,77.75,46.23,74.76,30.36,101.02,18.08,2012.23,179.09,4.11,0.49,81.65,10.69,7.27,2.21,0.00,0.00,3.67,1.37,1.70,3.49,2.28,4.29,3.96,20.04,58.51,8.24,4.52,4.39,48815.93,3575.09,2676.90,10856.08,1882.84,23488.11,944.91,106.71,119.13,4778.51,181.67,378.59,116.53,2062.95,89.25,100.94,38.33,138.80,82.53,109.27,44.37,145.16,25.97,2876.97,256.05,5.24,0.62,102.21,13.38,9.05,2.75,0.00,0.00,4.34,1.61,2.29,4.72,3.04,5.72,4.42,22.38,63.03,8.88,5.13,4.98
38.80,38.8,26/11/2025 16:42:42,7.977,12.229,,15.7,886946.0,608910.0,972849.30,3271.41,1649.46,5983.19,1031.70,11551.04,460.41,30.14,24.12,1846.12,71.04,306.78,96.96,1487.53,64.63,69.69,24.86,114.35,47.06,68.73,29.39,49.41,9.59,2209.24,197.60,4.08,0.49,69.93,8.04,8.03,2.24,0.00,0.00,3.62,1.36,1.81,3.57,5.06,4.36,10.32,20.18,56.94,8.34,3.30,4.44,52414.28,5424.89,2735.26,11305.01,1949.36,24711.53,984.97,69.05,55.27,4609.59,177.37,369.55,116.80,2081.37,90.44,116.27,41.47,204.13,84.00,100.45,42.95,70.99,13.78,3158.65,282.52,5.20,0.62,87.53,10.06,10.00,2.79,0.00,0.00,4.28,1.61,2.44,4.82,6.75,5.82,11.52,22.53,61.33,8.98,3.74,5.03
38.90,38.9,26/11/2025 16:43:49,8.775,12.366,,15.7,885877.0,608682.0,973219.56,3231.96,1621.51,5726.57,993.14,11384.62,455.10,56.19,39.87,1867.45,71.76,309.14,96.91,1498.79,64.44,54.47,21.52,90.93,46.69,73.22,30.24,89.84,22.64,2222.40,198.89,4.01,0.49,80.37,10.30,7.50,2.16,0.00,0.00,3.36,1.38,1.72,3.54,2.13,4.33,18.47,20.18,55.12,8.31,2.16,4.43,51669.67,5359.48,2688.91,10820.15,1876.50,24355.52,973.62,128.74,91.36,4662.85,179.18,372.40,116.73,2097.11,90.17,90.89,35.90,162.32,83.35,107.02,44.20,129.08,32.53,3177.47,284.36,5.10,0.63,100.60,12.89,9.34,2.69,0.00,0.00,3.98,1.63,2.33,4.79,2.85,5.77,20.62,22.53,59.37,8.95,2.46,5.03
39.00,39.0,26/11/2025 16:44:32,8.434,8.397,,15.7,888738.0,610069.0,971939.13,4069.89,1693.22,5962.10,1029.12,11645.40,464.37,129.51,77.04,1659.47,66.33,430.54,108.51,1479.47,64.64,30.14,15.39,75.28,46.94,82.11,31.93,99.70,17.84,2213.81,197.97,3.80,0.48,94.87,13.82,7.46,2.24,0.00,0.00,4.41,1.38,3.23,3.54,2.89,4.39,6.15,20.31,56.69,8.33,3.93,4.49,53788.44,6749.00,2807.83,11265.17,1944.48,24913.42,993.45,296.76,176.53,4143.53,165.62,518.63,130.71,2070.08,90.45,50.29,25.68,134.40,83.79,120.01,46.67,143.25,25.63,3165.18,283.05,4.83,0.61,118.75,17.29,9.29,2.79,0.00,0.00,5.21,1.63,4.37,4.78,3.86,5.85,6.87,22.68,61.06,8.97,4.46,5.10
39.10,39.1,26/11/2025 16:45:06,8.992,10.650,1181241.421,15.7,881553.0,609218.0,973135.56,3727.87,1631.84,5657.52,982.24,11224.67,449.60,92.27,58.21,1734.42,68.01,424.03,107.48,1471.52,64.27,48.44,20.02,87.21,46.55,73.57,30.21,71.60,13.27,2052.14,182.78,3.95,0.49,100.59,15.46,6.35,2.21,0.00,0.00,3.80,1.36,1.73,3.55,2.17,4.37,15.02,20.12,61.21,8.54,4.35,4.45,51613.88,6181.83,2706.04,10689.68,1855.90,24013.33,961.84,211.43,133.39,4330.69,169.81,510.78,129.47,2058.96,89.93,80.83,33.41,155.68,83.10,107.53,44.15,102.88,19.06,2934.04,261.33,5.02,0.62,125.92,19.35,7.90,2.75,0.00,0.00,4.49,1.61,2.34,4.79,2.89,5.83,16.77,22.46,65.94,9.20,4.94,5.05
39.20,39.2,26/11/2025 16:45:39,8.623,9.852,,15.8,878939.0,607679.0,973725.31,3781.01,1674.50,5481.50,958.56,10899.82,439.46,40.26,51.55,1839.65,70.76,349.31,99.92,1468.62,63.89,42.43,18.33,90.97,46.47,70.87,29.66,68.96,12.85,1955.65,173.74,3.43,0.46,97.74,14.75,8.00,2.19,0.00,0.00,2.85,1.36,1.99,3.47,2.66,4.29,6.48,20.04,58.28,8.43,4.21,4.39,50559.78,6269.96,2776.78,10357.10,1811.16,23318.36,940.15,92.24,118.11,4593.43,176.68,420.78,120.37,2054.90,89.39,70.79,30.59,162.40,82.95,103.58,43.34,99.08,18.46,2796.08,248.41,4.37,0.59,122.35,18.47,9.95,2.72,0.00,0.00,3.37,1.61,2.69,4.68,3.55,5.72,7.24,22.37,62.78,9.08,4.77,4.98
39.30,39.3,26/11/2025 16:46:13,7.851,13.623,,15.8,877631.0,606151.0,975386.85,2562.49,1658.91,5646.51,982.98,10773.31,434.41,73.70,48.40,1622.27,64.52,342.15,98.87,1373.39,62.81,29.86,15.05,67.14,45.88,76.32,30.56,44.53,8.70,1797.86,159.11,4.08,0.48,110.74,18.64,9.04,2.20,0.00,0.00,3.62,1.35,1.89,3.44,2.38,4.23,6.95,19.92,59.89,8.20,5.04,4.47,47677.97,4249.32,2750.94,10668.87,1857.30,23047.72,929.35,168.86,110.90,4050.66,161.09,412.15,119.10,1921.66,87.89,49.82,25.11,119.85,81.91,111.55,44.66,63.99,12.50,2570.47,227.48,5.20,0.62,138.62,23.33,11.26,2.74,0.00,0.00,4.28,1.60,2.56,4.64,3.17,5.64,7.76,22.24,64.51,8.83,5.71,5.07
39.40,39.4,26/11/2025 16:46:46,8.233,7.074,,15.8,877807.0,603905.0,975193.06,2215.63,1576.32,5791.39,1001.99,10837.02,436.55,82.45,53.55,1852.72,70.92,293.05,94.37,1426.79,63.24,29.83,15.01,65.78,45.82,54.90,26.83,97.09,17.39,1872.55,165.99,3.91,0.47,87.81,12.24,8.14,2.19,0.00,0.00,3.11,1.35,2.09,3.47,2.57,4.23,14.86,19.92,60.77,8.35,4.48,4.41,48251.42,3674.13,2613.97,10942.61,1893.22,23184.01,933.92,188.92,122.69,4626.05,177.08,353.01,113.68,1996.38,88.49,49.77,25.05,117.43,81.80,80.24,39.21,139.51,24.98,2677.27,237.33,4.98,0.60,109.92,15.33,10.14,2.73,0.00,0.00,3.67,1.59,2.82,4.69,3.43,5.64,16.59,22.24,65.46,8.99,5.08,5.01
39.50,39.5,26/11/2025 16:47:29,8.279,9.854,,15.8,879878.0,604429.0,973742.25,2865.70,1625.56,6122.65,1051.97,11084.23,444.90,46.98,51.67,2015.45,75.45,151.39,79.54,1420.62,63.14,61.35,23.01,63.57,45.90,74.25,30.21,118.66,20.85,2024.92,180.17,3.58,0.46,113.53,19.25,7.35,2.17,0.00,0.00,4.37,1.38,2.68,3.46,2.87,4.32,12.30,19.97,58.39,8.21,2.90,4.38,50982.01,4752.13,2695.63,11568.52,1987.66,23712.87,951.79,107.65,118.40,5032.39,188.39,182.37,95.81,1987.74,88.34,102.37,38.39,113.48,81.94,108.52,44.16,170.49,29.96,2895.11,257.60,4.56,0.59,142.11,24.10,9.15,2.70,0.00,0.00,5.17,1.63,3.62,4.68,3.83,5.76,13.73,22.30,62.90,8.85,3.29,4.97
39.60,39.6,26/11/2025 16:48:03,8.686,7.210,1181247.970,15.8,874215.0,604415.0,974915.98,2534.50,1643.13,5308.69,931.00,10859.55,437.03,167.32,96.13,1880.56,71.40,335.26,98.04,1470.21,63.75,29.22,14.93,86.35,45.91,64.85,28.46,12.46,2.68,2124.11,189.63,4.22,0.49,110.31,18.32,7.75,2.15,0.00,0.00,4.63,1.39,2.20,3.49,2.96,4.27,19.01,19.84,56.61,8.20,3.25,4.38,48609.54,4202.90,2724.77,10030.58,1759.09,23232.21,934.95,383.38,220.28,4695.57,178.27,403.86,118.10,2057.12,89.19,48.76,24.91,154.15,81.96,94.78,41.59,17.90,3.85,3036.93,271.12,5.37,0.63,138.08,22.94,9.65,2.67,0.00,0.00,5.47,1.64,2.97,4.71,3.95,5.69,21.23,22.15,60.98,8.83,3.69,4.97
39.70,39.7,26/11/2025 16:48:35,9.113,3.440,,15.8,877296.0,603943.0,974292.20,3005.89,1592.20,5670.05,982.72,10950.62,439.80,24.92,20.32,1692.87,66.48,375.45,102.15,1462.21,63.75,22.95,14.88,103.41,46.11,73.96,30.09,47.91,9.27,2073.44,184.80,3.77,0.47,103.41,16.30,8.06,2.20,0.00,0.00,2.85,1.36,3.82,3.52,2.94,4.25,23.85,19.83,52.94,8.24,2.46,4.44,49514.75,4984.59,2640.31,10713.35,1856.81,23427.05,940.88,57.10,46.55,4226.95,165.99,452.26,123.05,2045.94,89.20,38.30,24.82,184.61,82.32,108.10,43.98,68.84,13.32,2964.49,264.22,4.80,0.60,129.44,20.41,10.03,2.73,0.00,0.00,3.37,1.61,5.15,4.76,3.92,5.67,26.63,22.14,57.03,8.88,2.79,5.04
39.80,39.8,26/11/2025 16:49:09,10.394,2.185,,15.8,878074.0,605227.0,974171.62,2830.50,1584.37,5745.93,993.75,10868.52,436.88,93.26,57.97,1790.91,68.95,350.99,99.90,1464.66,63.99,17.34,14.94,99.01,46.24,74.60,30.19,117.04,20.52,2175.03,194.26,3.95,0.49,103.33,16.22,9.83,2.26,0.00,0.00,3.01,1.36,2.38,3.52,3.14,4.33,18.23,19.88,52.21,8.18,4.52,4.48,49791.35,4693.75,2627.32,10856.72,1877.65,23251.40,934.64,213.68,132.83,4471.72,172.15,422.80,120.34,2049.36,89.54,28.93,24.93,176.75,82.55,109.04,44.12,168.16,29.49,3109.74,277.75,5.03,0.62,129.34,20.30,12.24,2.81,0.00,0.00,3.57,1.61,3.21,4.75,4.19,5.77,20.35,22.19,56.24,8.82,5.13,5.09
39.90,39.9,26/11/2025 16:49:42,10.176,6.742,,15.8,878928.0,602865.0,974763.86,2715.20,1651.66,5436.10,951.90,10775.75,434.68,8.62,50.08,1786.23,69.07,463.07,109.94,1479.64,63.58,27.60,15.03,102.52,46.34,48.28,25.84,38.82,7.67,2176.63,194.52,3.57,0.47,89.72,12.64,7.16,2.24,0.00,0.00,3.88,1.35,2.10,3.45,2.69,4.28,10.28,19.90,55.67,8.22,2.61,4.36,48613.35,4502.56,2738.91,10271.31,1798.58,23052.93,929.92,19.76,114.75,4460.04,172.47,557.82,132.43,2070.32,88.96,46.04,25.07,183.01,82.73,70.56,37.77,55.78,11.02,3112.03,278.12,4.54,0.60,112.31,15.82,8.91,2.79,0.00,0.00,4.59,1.60,2.84,4.66,3.59,5.70,11.48,22.22,59.96,8.85,2.96,4.95
40.00,40.0,26/11/2025 16:50:26,8.745,2.645,,15.8,879157.0,602110.0,974966.35,2031.65,1598.70,5732.60,994.32,10938.97,440.02,40.76,51.13,1778.56,68.90,319.22,97.08,1495.51,64.18,30.96,14.91,125.60,46.24,79.70,31.09,99.91,17.75,2155.84,192.49,3.70,0.48,98.33,14.87,7.02,2.14,0.00,0.00,4.31,1.36,1.37,3.49,2.75,4.28,26.62,19.75,56.13,8.17,4.13,4.41,48474.29,3369.03,2651.09,10831.53,1878.74,23402.12,941.36,93.39,117.17,4440.90,172.03,384.53,116.95,2092.52,89.80,51.66,24.88,224.23,82.55,116.49,45.43,143.56,25.51,3082.31,275.22,4.71,0.61,123.09,18.61,8.73,2.67,0.00,0.00,5.10,1.61,1.85,4.71,3.67,5.70,29.72,22.06,60.46,8.80,4.69,5.00
40.10,40.1,26/11/2025 16:50:59,9.493,6.810,1181248.433,15.8,875755.0,602068.0,974158.47,3316.94,1591.28,5488.10,956.18,10979.06,441.12,5.56,5.20,1819.13,69.89,292.40,94.47,1445.92,63.35,27.18,14.97,105.99,46.29,69.16,29.21,41.89,8.23,2087.00,186.12,3.43,0.46,71.71,8.47,9.33,2.27,0.00,0.00,3.49,1.35,2.59,3.47,3.45,4.28,10.13,19.85,56.14,8.17,2.91,4.34,49860.93,5500.41,2638.79,10369.55,1806.66,23487.88,943.70,12.75,11.91,4542.20,174.51,352.23,113.80,2023.14,88.64,45.34,24.98,189.20,82.64,101.09,42.70,60.19,11.83,2983.88,266.11,4.37,0.59,89.76,10.61,11.62,2.83,0.00,0.00,4.12,1.60,3.50,4.69,4.60,5.71,11.32,22.16,60.48,8.80,3.30,4.92
40.20,40.2,26/11/2025 16:51:32,9.406,5.951,,15.8,876965.0,602626.0,973109.74,3533.03,1612.84,5830.37,1006.89,10915.14,438.53,146.01,84.52,2078.40,76.84,328.50,97.89,1488.01,64.13,25.93,15.09,69.39,46.22,70.74,29.58,100.07,17.82,2115.87,188.65,4.01,0.48,103.07,16.11,8.68,2.17,0.00,0.00,3.68,1.38,1.86,3.47,1.89,4.28,6.51,20.02,55.91,8.32,3.19,4.39,51892.90,5858.74,2674.53,11016.26,1902.49,23351.15,938.16,334.55,193.67,5189.56,191.86,395.72,117.91,2082.03,89.73,43.27,25.18,123.87,82.52,103.39,43.24,143.79,25.60,3025.15,269.72,5.10,0.61,129.02,20.17,10.81,2.71,0.00,0.00,4.36,1.63,2.51,4.68,2.52,5.71,7.27,22.36,60.23,8.96,3.61,4.98
40.30,40.3,26/11/2025 16:52:06,7.995,6.878,,15.8,878567.0,601820.0,973503.53,3014.25,1634.70,5941.24,1024.91,11094.97,445.41,48.39,51.56,1801.48,69.70,392.27,103.83,1439.79,63.67,60.84,22.76,120.60,46.51,63.56,28.29,96.38,17.25,2246.51,200.99,3.76,0.47,85.06,11.40,6.17,2.13,0.00,0.00,4.80,1.37,1.17,3.51,1.79,4.28,15.18,19.90,55.78,8.24,2.49,4.38,51024.69,4998.45,2710.78,11225.74,1936.53,23735.86,952.89,110.88,118.14,4498.11,174.04,472.53,125.07,2014.56,89.09,101.51,37.98,215.29,83.04,92.89,41.35,138.48,24.78,3211.94,287.36,4.78,0.60,106.48,14.27,7.67,2.65,0.00,0.00,5.67,1.62,1.58,4.74,2.38,5.71,16.95,22.22,60.09,8.88,2.83,4.97
40.40,40.4,26/11/2025 16:52:39,7.735,-0.596,,15.8,875316.0,599256.0,973884.81,3405.75,1625.67,5540.63,965.27,10976.38,441.56,69.03,46.38,1931.58,73.17,141.51,77.71,1453.94,63.55,50.91,20.52,95.76,46.19,67.84,28.99,46.37,9.00,2161.55,193.07,4.01,0.48,90.48,12.81,6.56,2.19,0.00,0.00,2.58,1.34,4.58,3.51,3.58,4.23,8.02,19.90,50.31,8.09,3.83,4.39,50504.75,5647.67,2695.80,10468.81,1823.85,23482.16,944.64,158.17,106.26,4822.96,182.70,170.46,93.61,2034.36,88.92,84.94,34.23,170.95,82.45,99.15,42.38,66.63,12.94,3090.46,276.04,5.10,0.61,113.26,16.03,8.16,2.72,0.00,0.00,3.06,1.58,6.18,4.75,4.77,5.64,8.96,22.22,54.20,8.72,4.34,4.98
40.50,40.5,26/11/2025 16:53:22,5.655,6.876,,15.8,876373.0,599360.0,973886.57,2652.60,1611.18,5986.43,1031.89,11185.30,447.95,23.11,19.01,1835.19,70.18,300.56,95.01,1494.29,63.94,27.68,15.06,41.99,45.79,63.82,28.32,80.40,14.63,2228.67,199.33,3.83,0.47,91.49,13.02,8.84,2.20,0.00,0.00,3.86,1.37,3.98,3.51,2.83,4.26,12.01,19.98,63.56,8.37,2.99,4.45,50472.85,4398.74,2671.78,11311.14,1949.71,23929.10,958.32,52.96,43.57,4582.29,175.22,362.06,114.44,2090.82,89.46,46.18,25.12,74.95,81.74,93.28,41.40,115.52,21.03,3186.42,284.99,4.87,0.59,114.52,16.30,11.01,2.74,0.00,0.00,4.57,1.62,5.37,4.74,3.77,5.68,13.41,22.31,68.47,9.02,3.39,5.05
40.60,40.6,26/11/2025 16:53:55,5.793,6.814,1181247.835,15.8,874212.0,598788.0,975119.34,2515.54,1641.13,5271.05,924.35,10779.26,433.59,51.42,36.16,1739.39,67.86,434.18,107.50,1386.76,62.74,56.22,21.68,80.66,45.78,67.17,28.86,138.67,24.18,2169.53,193.83,4.04,0.49,93.92,13.70,8.96,2.18,0.00,0.00,3.64,1.36,2.58,3.49,2.20,4.23,14.49,19.83,56.67,8.24,4.32,4.39,47979.44,4171.46,2721.45,9959.44,1746.52,23060.45,927.59,117.83,82.85,4343.08,169.44,523.02,129.50,1940.36,87.79,93.81,36.17,143.99,81.72,98.18,42.17,199.24,34.74,3101.87,277.13,5.15,0.62,117.56,17.15,11.15,2.72,0.00,0.00,4.30,1.61,3.49,4.71,2.94,5.64,16.17,22.14,61.04,8.88,4.90,4.98
40.70,40.7,26/11/2025 16:54:29,5.430,7.344,,15.8,876410.0,600004.0,973035.09,3487.51,1656.36,5926.57,1022.83,10917.38,439.43,51.77,36.94,1941.10,73.21,337.46,98.81,1519.51,64.31,28.07,15.01,100.64,46.38,59.90,27.73,38.28,7.59,2358.69,211.69,3.56,0.47,99.65,15.10,7.35,2.16,0.00,0.00,3.42,1.35,4.15,3.59,2.13,4.31,16.73,19.95,55.99,8.35,5.03,4.45,51812.18,5783.25,2746.70,11198.03,1932.59,23355.92,940.10,118.63,84.64,4846.73,182.81,406.51,119.03,2126.11,89.98,46.83,25.05,179.66,82.79,87.55,40.53,55.00,10.90,3372.33,302.67,4.54,0.60,124.74,18.91,9.15,2.69,0.00,0.00,4.04,1.60,5.61,4.85,2.84,5.75,18.68,22.28,60.32,9.00,5.71,5.05
40.80,40.8,26/11/2025 16:55:02,6.048,6.352,,15.8,877836.0,601373.0,975715.00,1339.50,1552.26,5643.56,979.82,11071.16,443.39,131.44,77.02,1498.52,61.16,385.54,102.32,1462.88,63.42,30.78,14.94,102.20,45.92,77.90,30.67,125.40,21.88,2262.94,202.63,3.65,0.48,58.61,5.93,8.91,2.22,0.00,0.00,4.10,1.37,2.12,3.46,1.54,4.24,11.39,19.71,59.43,8.31,3.43,4.37,47066.36,2221.26,2574.07,10663.30,1851.34,23684.92,948.55,301.17,176.49,3741.66,152.72,464.42,123.26,2046.87,88.74,51.36,24.92,182.44,81.97,113.86,44.83,180.18,31.43,3235.43,289.71,4.64,0.61,73.36,7.42,11.09,2.76,0.00,0.00,4.84,1.62,2.87,4.68,2.05,5.65,12.72,22.01,64.02,8.96,3.90,4.95
40.90,40.9,26/11/2025 16:55:35,6.851,8.139,,15.8,877956.0,601890.0,973653.87,2833.09,1612.47,5798.82,1003.67,11156.13,447.19,35.58,27.63,1905.59,72.53,352.57,99.87,1482.34,63.71,25.16,14.95,134.00,46.55,77.46,30.67,82.69,14.96,2270.09,203.23,3.67,0.47,89.83,12.56,7.35,2.22,0.00,0.00,3.95,1.37,2.29,3.55,0.76,4.27,25.04,19.80,55.89,8.32,3.86,4.38,50846.22,4698.04,2673.91,10956.65,1896.40,23866.69,956.68,81.53,63.32,4758.08,181.10,424.70,120.30,2074.10,89.14,41.98,24.94,239.21,83.10,113.22,44.83,118.81,21.50,3245.65,290.57,4.67,0.60,112.45,15.72,9.15,2.76,0.00,0.00,4.67,1.62,3.10,4.79,1.01,5.69,27.95,22.11,60.21,8.96,4.38,4.97
41.00,41.0,26/11/2025 16:56:19,7.394,1.458,,15.8,876851.0,601163.0,975038.54,1618.19,1597.87,5602.88,974.91,11217.02,449.42,38.28,51.53,1866.74,71.39,393.71,103.65,1464.55,63.58,20.76,14.91,94.57,46.04,69.42,29.23,104.92,18.61,2253.82,201.74,4.05,0.49,106.13,17.01,8.33,2.19,0.00,0.00,2.67,1.34,4.00,3.53,1.98,4.31,22.57,19.85,63.27,8.43,3.62,4.44,48474.13,2683.40,2649.70,10586.43,1842.05,23996.96,961.46,87.72,118.07,4661.07,178.25,474.26,124.86,2049.20,88.96,34.63,24.88,168.83,82.19,101.45,42.71,150.75,26.74,3222.39,288.43,5.15,0.62,132.86,21.29,10.37,2.72,0.00,0.00,3.16,1.59,5.40,4.77,2.64,5.74,25.20,22.16,68.16,9.08,4.11,5.03
41.10,41.1,26/11/2025 16:56:52,9.507,8.930,1181240.034,15.8,871453.0,600664.0,971939.79,5102.04,1649.67,5751.66,992.45,11094.94,444.47,35.60,27.24,1781.41,68.93,297.26,94.57,1477.29,63.71,26.81,15.04,55.85,46.01,71.79,29.80,130.17,22.72,2035.21,181.02,4.08,0.49,103.01,16.09,7.21,2.17,0.00,0.00,3.70,1.37,1.57,3.48,1.60,4.27,14.41,20.02,60.87,8.40,3.73,4.46,53602.48,8460.58,2735.61,10867.54,1875.19,23735.79,950.88,81.57,62.41,4448.01,172.12,358.08,113.92,2067.03,89.14,44.73,25.09,99.70,82.13,104.93,43.56,187.03,32.65,2909.83,258.81,5.20,0.62,128.95,20.15,8.98,2.70,0.00,0.00,4.38,1.63,2.12,4.70,2.13,5.69,16.09,22.35,65.57,9.05,4.24,5.06
41.20,41.2,26/11/2025 16:57:26,11.120,15.206,,15.8,876311.0,601479.0,973888.47,3253.63,1627.64,5639.49,980.35,10796.54,436.02,16.83,14.80,1823.45,70.56,342.50,98.80,1495.97,64.01,70.21,24.70,93.36,46.15,74.29,30.18,118.28,20.76,2225.40,199.04,3.97,0.48,65.26,7.12,9.63,2.26,0.00,0.00,3.66,1.36,1.70,3.51,3.10,4.30,10.72,19.92,59.86,8.34,3.70,4.48,50179.92,5395.41,2699.07,10655.61,1852.33,23097.41,932.79,38.56,33.91,4552.98,176.18,412.58,119.01,2093.17,89.57,117.14,41.21,166.66,82.38,108.58,44.11,169.95,29.84,3181.75,284.58,5.05,0.62,81.69,8.91,11.99,2.82,0.00,0.00,4.33,1.61,2.30,4.74,4.13,5.74,11.97,22.24,64.48,8.98,4.19,5.08
41.30,41.3,26/11/2025 16:57:59,11.348,10.580,,15.8,878140.0,599543.0,974438.05,2484.91,1619.56,5673.29,984.44,10947.15,440.02,63.15,43.40,1920.18,72.87,389.33,103.78,1451.91,63.68,21.59,14.95,112.58,46.24,71.86,29.67,12.82,2.74,2245.63,201.01,3.44,0.47,72.32,8.57,6.20,2.21,0.00,0.00,3.16,1.35,2.11,3.50,2.80,4.23,21.54,19.82,53.03,8.09,2.94,4.35,49468.07,4120.67,2685.68,10719.48,1860.07,23419.62,941.36,144.71,99.44,4794.50,181.96,468.99,125.02,2031.52,89.11,36.03,24.94,200.98,82.54,105.03,43.36,18.42,3.93,3210.67,287.40,4.38,0.60,90.53,10.73,7.71,2.75,0.00,0.00,3.74,1.60,2.86,4.73,3.73,5.64,24.05,22.13,57.13,8.72,3.33,4.93
41.40,41.4,26/11/2025 16:58:32,11.570,16.661,,15.8,877667.0,600646.0,972992.92,3297.07,1637.39,5870.29,1014.51,11212.34,449.21,47.66,51.72,1759.89,68.36,412.71,105.56,1561.40,64.47,80.84,26.73,108.20,46.46,70.72,29.54,91.38,16.36,2317.68,207.68,4.09,0.49,87.55,11.95,7.22,2.19,0.00,0.00,3.04,1.36,0.87,3.56,2.87,4.29,7.01,19.96,60.46,8.43,3.78,4.46,51817.47,5467.45,2715.24,11091.70,1916.88,23986.95,961.02,109.21,118.51,4394.27,170.69,497.16,127.16,2184.71,90.21,134.88,44.60,193.16,82.94,103.36,43.17,131.30,23.50,3313.69,296.93,5.20,0.62,109.59,14.96,8.98,2.72,0.00,0.00,3.60,1.60,1.18,4.81,3.83,5.73,7.83,22.28,65.13,9.08,4.28,5.06
41.50,41.5,26/11/2025 16:59:16,9.421,8.661,,15.8,880270.0,600418.0,973663.85,2705.20,1642.46,5818.94,1008.68,11251.73,451.08,31.43,25.22,1874.01,71.87,374.50,102.07,1498.26,63.92,22.13,15.03,116.80,46.63,66.46,28.82,107.50,19.04,2264.78,202.74,3.66,0.47,95.45,14.00,6.76,2.19,0.00,0.00,3.70,1.37,3.92,3.54,3.14,4.33,16.99,19.94,66.80,8.45,3.98,4.44,50827.55,4485.97,2723.65,10994.67,1905.87,24071.22,965.01,72.01,57.79,4679.24,179.44,451.12,122.96,2096.38,89.44,36.93,25.08,208.51,83.25,97.14,42.12,154.46,27.35,3238.05,289.87,4.66,0.60,119.49,17.53,8.41,2.73,0.00,0.00,4.37,1.62,5.29,4.79,4.19,5.78,18.97,22.26,71.96,9.10,4.51,5.04
41.60,41.6,26/11/2025 16:59:50,8.758,12.766,1181242.745,15.8,875276.0,601467.0,972562.80,3948.46,1600.00,5913.74,1019.10,11178.40,447.92,81.37,52.47,1726.80,67.37,368.71,101.43,1521.76,64.15,41.32,17.99,95.31,46.52,50.30,26.29,70.27,13.05,2245.35,200.93,4.03,0.49,103.59,16.21,8.06,2.20,0.16,0.18,3.95,1.38,2.77,3.50,2.76,4.31,8.84,20.05,56.53,8.11,4.73,4.50,52564.38,6547.64,2653.24,11173.79,1925.56,23914.33,958.25,186.44,120.23,4311.66,168.21,444.15,122.18,2129.25,89.76,68.94,30.01,170.14,83.05,73.52,38.42,100.96,18.75,3210.27,287.27,5.13,0.63,129.67,20.29,10.04,2.73,0.21,0.24,4.67,1.63,3.74,4.72,3.68,5.75,9.87,22.39,60.89,8.74,5.36,5.10
41.70,41.7,26/11/2025 17:00:23,8.758,11.311,,15.8,879056.0,600660.0,974500.50,2627.18,1609.60,5404.54,945.14,11025.79,442.93,23.67,19.70,1805.05,69.82,390.08,103.47,1508.31,64.12,34.04,15.72,57.85,45.92,60.14,27.73,60.24,11.34,2301.56,206.31,3.71,0.48,112.33,18.83,7.97,2.23,0.00,0.00,5.04,1.37,3.02,3.56,2.39,4.21,10.60,19.99,52.98,8.14,3.00,4.44,49163.69,4356.59,2669.16,10211.69,1785.81,23587.85,947.57,54.25,45.14,4507.04,174.32,469.90,124.65,2110.43,89.72,56.80,26.23,103.27,81.98,87.90,40.53,86.56,16.29,3290.64,294.97,4.72,0.61,140.62,23.57,9.92,2.77,0.00,0.00,5.96,1.62,4.08,4.81,3.19,5.61,11.84,22.32,57.07,8.77,3.40,5.04
41.80,41.8,26/11/2025 17:00:56,8.870,10.317,,15.8,883637.0,603644.0,973621.73,2375.91,1590.40,6014.00,1035.92,11383.90,454.76,32.79,25.61,2069.12,76.93,182.36,83.91,1550.93,64.55,40.18,17.67,95.16,46.50,65.91,28.77,107.92,19.13,2238.32,200.32,3.96,0.49,127.28,23.47,8.68,2.28,0.00,0.00,3.17,1.38,4.93,3.62,2.44,4.29,13.07,20.04,54.37,8.30,3.87,4.45,51243.32,3939.91,2637.33,11363.22,1957.34,24353.98,972.89,75.13,58.69,5166.40,192.08,219.67,101.08,2170.08,90.32,67.05,29.48,169.88,83.01,96.32,42.04,155.06,27.49,3200.22,286.41,5.04,0.62,159.33,29.37,10.80,2.84,0.00,0.00,3.75,1.63,6.66,4.90,3.26,5.72,14.59,22.38,58.56,8.94,4.39,5.05
41.90,41.9,26/11/2025 17:01:30,9.501,13.092,,15.8,882214.0,603485.0,973625.66,2943.35,1636.76,5887.85,1018.04,11115.78,445.92,83.39,53.46,1726.78,67.33,418.85,106.64,1509.09,64.24,38.79,17.28,90.14,46.38,78.08,31.00,100.04,17.92,2195.83,196.31,3.52,0.47,81.93,10.67,7.96,2.20,0.00,0.00,3.53,1.37,2.12,3.54,2.50,4.29,20.33,20.04,61.25,8.49,3.23,4.36,50747.53,4880.89,2714.20,11124.87,1923.55,23780.38,953.98,191.08,122.50,4311.60,168.11,504.54,128.46,2111.53,89.88,64.72,28.83,160.92,82.80,114.12,45.31,143.74,25.74,3139.48,280.68,4.48,0.59,102.56,13.36,9.91,2.74,0.00,0.00,4.17,1.62,2.87,4.78,3.34,5.72,22.69,22.37,65.98,9.15,3.66,4.95
42.00,42.0,26/11/2025 17:02:13,9.153,10.976,,15.8,883003.0,602789.0,972261.15,3656.88,1667.86,6283.00,1076.48,11479.04,458.49,35.46,51.44,1812.78,70.09,419.81,107.17,1442.32,64.15,29.57,15.19,122.53,47.14,71.99,29.97,77.95,14.33,2126.15,189.73,4.17,0.50,91.71,13.04,7.28,2.22,0.00,0.00,4.87,1.39,3.01,3.54,3.20,4.31,9.33,20.12,53.50,8.28,4.28,4.48,53365.85,6064.11,2765.77,11871.50,2033.97,24557.52,980.85,81.24,117.87,4526.34,175.01,505.71,129.10,2018.11,89.76,49.34,25.34,218.73,84.16,105.22,43.80,112.01,20.59,3039.86,271.27,5.31,0.64,114.80,16.32,9.06,2.77,0.00,0.00,5.76,1.64,4.07,4.79,4.27,5.75,10.42,22.46,57.63,8.92,4.85,5.08
42.10,42.1,26/11/2025 17:02:47,7.315,13.556,1181240.163,15.8,878709.0,599541.0,975935.12,2092.50,1638.68,5421.06,948.11,10693.63,431.46,84.59,54.16,1541.49,62.60,236.24,88.91,1440.92,63.31,46.45,19.29,80.68,45.60,73.81,29.99,3.52,0.78,2122.33,189.50,3.85,0.47,131.77,25.31,7.54,2.14,0.00,0.00,4.81,1.36,3.01,3.47,1.14,4.23,14.17,19.75,57.41,8.25,3.98,4.36,46575.08,3469.94,2717.38,10242.88,1791.43,22877.25,923.04,193.82,124.10,3848.95,156.31,284.57,107.10,2016.15,88.58,77.50,32.19,144.03,81.41,107.87,43.83,5.05,1.12,3034.39,270.93,4.90,0.60,164.94,31.68,9.39,2.67,0.00,0.00,5.68,1.61,4.07,4.69,1.51,5.64,15.83,22.05,61.84,8.88,4.52,4.95
42.20,42.2,26/11/2025 17:03:20,7.757,14.482,,15.8,879578.0,596083.0,974274.65,2250.89,1577.89,5980.02,1029.65,10831.97,436.09,19.15,16.30,1989.44,74.58,329.74,97.61,1501.03,63.67,36.14,16.30,114.63,46.33,66.13,28.68,80.81,14.71,2345.22,210.41,3.79,0.47,80.80,10.40,6.78,2.18,0.00,0.00,4.72,1.39,2.34,3.52,2.36,4.26,18.11,19.85,58.73,8.27,2.51,4.35,49757.06,3732.60,2616.58,11299.03,1945.48,23173.22,932.95,43.89,37.35,4967.45,186.23,397.21,117.58,2100.25,89.09,60.29,27.20,204.63,82.71,96.66,41.91,116.12,21.13,3353.07,300.83,4.82,0.60,101.15,13.01,8.44,2.71,0.00,0.00,5.58,1.65,3.16,4.76,3.14,5.68,20.23,22.16,63.27,8.91,2.85,4.93
42.30,42.3,26/11/2025 17:03:54,9.145,18.516,,15.8,880196.0,598056.0,975090.95,1880.63,1644.01,5583.59,973.49,10941.04,440.03,3.74,3.57,1753.96,68.66,373.04,102.00,1496.93,63.93,65.89,23.86,132.00,46.56,68.67,29.10,89.89,16.27,2324.87,208.61,3.79,0.48,100.05,15.29,8.51,2.20,0.00,0.00,4.87,1.42,3.57,3.52,1.11,4.26,10.06,19.82,59.23,8.33,3.61,4.47,48137.97,3118.60,2726.23,10549.99,1839.38,23406.56,941.38,8.57,8.18,4379.46,171.45,449.37,122.87,2094.52,89.45,109.93,39.82,235.64,83.12,100.36,42.53,129.16,23.37,3323.97,298.25,4.83,0.61,125.25,19.13,10.59,2.74,0.00,0.00,5.76,1.68,4.83,4.75,1.48,5.68,11.23,22.13,63.80,8.98,4.09,5.07
42.40,42.4,26/11/2025 17:04:27,9.938,11.706,,15.8,879858.0,596407.0,974096.59,2794.18,1623.36,5462.45,955.08,11090.39,445.53,86.88,55.83,2075.10,77.38,151.55,79.31,1498.27,63.99,20.86,15.02,57.30,46.13,71.15,29.68,121.36,21.32,2282.77,204.52,3.78,0.48,91.76,13.08,7.71,2.16,0.00,0.00,7.13,1.67,2.54,3.52,2.97,4.23,13.43,20.05,56.91,8.18,4.89,4.37,50246.24,4633.52,2691.98,10321.09,1804.59,23726.07,953.13,199.07,127.94,5181.34,193.22,182.56,95.53,2096.39,89.53,34.80,25.06,102.30,82.36,103.99,43.37,174.38,30.64,3263.78,292.41,4.82,0.61,114.86,16.37,9.60,2.69,0.00,0.00,8.43,1.97,3.44,4.76,3.96,5.64,15.00,22.39,61.30,8.81,5.55,4.96
42.50,42.5,26/11/2025 17:05:10,10.248,11.179,,15.8,879052.0,592857.0,972186.70,2648.74,1641.62,6208.99,1066.02,12080.63,477.95,16.50,50.60,1898.61,72.40,535.97,117.90,1579.21,64.91,40.24,17.69,78.00,46.39,74.22,30.33,47.94,9.25,2441.49,219.40,3.86,0.49,65.05,7.00,8.84,2.30,0.00,0.00,4.75,1.40,3.06,3.54,1.27,4.23,17.13,20.09,54.69,8.26,4.11,4.48,53668.17,4392.34,2722.27,11731.66,2014.20,25844.51,1022.50,37.81,115.94,4740.64,180.78,645.64,142.03,2209.64,90.82,67.14,29.52,139.25,82.81,108.48,44.33,68.89,13.30,3490.70,313.68,4.91,0.62,81.42,8.77,11.00,2.86,0.00,0.00,5.62,1.66,4.14,4.78,1.69,5.64,19.12,22.43,58.91,8.89,4.66,5.09
42.60,42.6,26/11/2025 17:05:44,10.248,16.868,1181239.833,15.8,872626.0,593337.0,975300.16,2476.22,1617.81,5414.95,944.19,10841.66,435.72,40.11,50.32,1730.60,67.29,300.33,94.37,1392.42,62.67,40.83,17.57,97.66,45.59,74.24,30.00,69.22,12.82,2052.90,182.88,3.81,0.47,68.45,7.83,5.43,2.09,0.00,0.00,4.90,1.36,3.03,3.45,2.35,4.15,16.65,19.64,61.00,8.25,3.08,4.40,47838.31,4106.25,2682.77,10231.35,1784.00,23193.95,932.16,91.91,115.30,4321.14,168.01,361.78,113.68,1948.28,87.69,68.13,29.32,174.35,81.39,108.51,43.84,99.45,18.42,2935.12,261.47,4.85,0.60,85.68,9.80,6.76,2.60,0.00,0.00,5.80,1.61,4.09,4.65,3.13,5.53,18.59,21.93,65.71,8.89,3.49,4.99
42.70,42.7,26/11/2025 17:05:44,10.110,15.148,,15.8,874024.0,595734.0,973387.29,3678.84,1637.70,5818.12,1006.35,10975.80,441.03,55.88,38.94,1761.52,68.42,337.97,98.34,1460.73,63.62,51.80,20.67,112.50,46.41,85.98,32.39,86.70,15.61,1982.51,176.15,4.02,0.48,117.04,20.32,7.88,2.13,0.00,0.00,4.75,1.37,2.36,3.49,3.06,4.17,8.20,19.87,54.47,8.02,2.58,4.32,51168.99,6100.54,2715.75,10993.11,1901.46,23480.91,943.52,128.05,89.22,4398.35,170.85,407.12,118.46,2043.86,89.02,86.43,34.49,200.84,82.84,125.67,47.34,124.58,22.43,2834.47,251.84,5.11,0.61,146.51,25.43,9.81,2.66,0.00,0.00,5.61,1.62,3.18,4.72,4.08,5.56,9.15,22.19,58.68,8.64,2.92,4.90
42.80,42.8,26/11/2025 17:06:50,9.795,16.270,,15.8,873762.0,599721.0,972794.97,3795.84,1662.91,6082.04,1046.28,10977.59,441.57,82.49,53.25,1886.60,72.05,319.37,97.14,1394.54,63.40,26.88,15.07,81.55,46.23,78.55,30.99,92.94,16.65,2181.15,194.82,3.84,0.48,114.90,19.56,7.28,2.16,0.00,0.00,3.53,1.37,1.14,3.53,1.66,4.26,12.47,19.97,57.61,8.21,3.06,4.40,52309.12,6294.55,2757.56,11491.79,1976.91,23484.73,944.66,189.01,122.02,4710.65,179.89,384.71,117.01,1951.24,88.71,44.86,25.15,145.58,82.52,114.81,45.30,133.54,23.92,3118.48,278.54,4.89,0.61,143.82,24.48,9.07,2.69,0.00,0.00,4.18,1.62,1.55,4.77,2.22,5.68,13.92,22.29,62.06,8.85,3.47,4.99
42.90,42.9,26/11/2025 17:06:50,9.968,16.135,,15.8,875960.0,597009.0,974220.27,3582.30,1678.88,5367.63,941.81,10824.82,436.18,50.22,35.98,1871.71,71.40,90.44,66.59,1520.28,63.81,30.04,15.04,79.78,45.95,72.36,29.71,69.74,12.85,2027.75,180.42,3.75,0.46,92.17,13.29,7.40,2.19,0.00,0.00,4.27,1.35,3.18,3.47,1.99,4.20,15.63,19.87,60.55,8.31,3.73,4.43,49790.89,5940.44,2784.05,10141.94,1779.52,23157.91,933.14,115.07,82.44,4673.47,178.29,108.94,80.22,2127.18,89.28,50.11,25.09,142.43,82.03,105.75,43.42,100.20,18.46,2899.17,257.95,4.77,0.59,115.38,16.64,9.21,2.72,0.00,0.00,5.05,1.60,4.29,4.69,2.66,5.61,17.46,22.19,65.23,8.95,4.23,5.02
43.00,43.0,26/11/2025 17:08:07,8.627,14.746,,15.8,874933.0,591779.0,973432.55,3444.58,1630.02,5585.77,972.33,10935.62,440.30,79.63,52.16,2056.01,76.23,436.89,107.64,1535.21,64.12,30.38,15.06,95.04,46.44,53.69,26.79,24.30,5.00,2078.00,185.15,4.13,0.48,107.24,17.33,9.18,2.19,0.00,0.00,7.56,1.72,4.36,3.50,2.17,4.19,18.80,20.03,55.25,8.16,3.65,4.43,51209.62,5712.07,2703.02,10554.11,1837.18,23394.95,941.94,182.47,119.52,5133.65,190.34,526.28,129.67,2148.07,89.72,50.68,25.13,169.66,82.90,78.47,39.16,34.91,7.19,2971.00,264.72,5.25,0.62,134.24,21.69,11.42,2.73,0.00,0.00,8.95,2.03,5.89,4.73,2.89,5.59,21.00,22.36,59.52,8.79,4.14,5.02
43.10,43.1,26/11/2025 17:08:41,8.253,6.880,1181243.800,15.8,873154.0,594891.0,976987.63,1158.00,1582.06,5313.36,931.91,10533.67,425.87,89.80,56.57,1771.36,68.44,282.11,92.01,1435.03,62.72,15.30,14.83,83.46,45.79,64.55,28.25,55.47,10.53,2030.12,180.76,3.34,0.46,96.11,14.44,8.03,2.15,0.00,0.00,4.35,1.36,2.60,3.44,1.39,4.11,9.61,19.74,51.91,7.78,2.82,4.33,44937.13,1920.29,2623.50,10039.39,1760.80,22535.04,911.08,205.76,129.62,4422.91,170.88,339.83,110.84,2007.90,87.76,25.53,24.75,148.99,81.74,94.34,41.29,79.70,15.14,2902.54,258.45,4.25,0.58,120.31,18.07,10.00,2.67,0.00,0.00,5.15,1.60,3.51,4.64,1.86,5.48,10.73,22.04,55.92,8.38,3.19,4.91
43.20,43.2,26/11/2025 17:09:14,7.651,5.825,,15.8,877737.0,600342.0,974013.51,3046.20,1625.45,5559.10,969.03,10759.61,434.35,45.94,33.79,1971.94,74.13,392.17,103.40,1489.38,63.60,23.45,15.00,100.22,46.33,64.00,28.35,93.88,16.85,2230.91,199.60,4.16,0.49,108.29,17.61,8.12,2.19,0.00,0.00,4.22,1.37,2.82,3.48,2.31,4.25,16.48,19.92,58.86,8.35,4.42,4.35,50044.70,5051.44,2695.45,10503.71,1830.94,23018.41,929.21,105.26,77.43,4923.75,185.10,472.41,124.55,2083.95,88.98,39.13,25.02,178.91,82.71,93.54,41.44,134.90,24.21,3189.63,285.38,5.30,0.63,135.56,22.04,10.11,2.72,0.00,0.00,4.99,1.62,3.81,4.70,3.08,5.67,18.40,22.24,63.40,9.00,5.01,4.93
43.30,43.3,26/11/2025 17:09:48,8.293,5.626,,15.8,875610.0,601896.0,974507.31,2462.37,1631.99,5448.19,951.17,10948.76,439.92,68.86,46.11,2188.53,80.02,192.52,84.64,1460.34,63.40,44.97,18.81,98.50,45.88,62.18,27.94,72.86,13.41,2255.82,201.97,3.80,0.48,94.24,13.75,5.99,2.19,0.00,0.00,3.93,1.36,2.95,3.53,1.90,4.28,16.61,19.77,57.44,8.17,1.93,4.37,49593.79,4083.29,2706.29,10294.15,1797.20,23423.06,941.13,157.79,105.64,5464.56,199.81,231.91,101.96,2043.31,88.71,75.03,31.38,175.84,81.91,90.88,40.83,104.69,19.27,3225.25,288.76,4.83,0.61,117.96,17.21,7.46,2.72,0.00,0.00,4.65,1.61,3.99,4.77,2.54,5.71,18.55,22.07,61.87,8.80,2.18,4.96
43.40,43.4,26/11/2025 17:10:21,6.566,9.790,,15.8,876871.0,602605.0,973605.31,3178.74,1619.07,5748.96,995.58,10971.76,440.97,22.65,18.83,1889.81,71.84,347.96,99.28,1461.66,63.61,30.16,15.02,84.98,46.16,70.12,29.43,83.33,15.08,2308.54,206.88,3.78,0.48,103.44,16.19,7.78,2.22,0.00,0.00,2.51,1.35,2.83,3.53,1.81,4.34,12.33,19.94,58.27,8.32,3.28,4.39,50799.13,5271.23,2684.87,10862.45,1881.10,23472.26,943.39,51.91,43.14,4718.68,179.38,419.15,119.59,2045.16,89.01,50.32,25.07,151.70,82.41,102.49,43.01,119.74,21.67,3300.62,295.78,4.81,0.61,129.49,20.27,9.68,2.77,0.00,0.00,2.97,1.59,3.82,4.76,2.41,5.78,13.76,22.27,62.77,8.96,3.72,4.98
43.50,43.5,26/11/2025 17:11:04,6.774,11.378,,15.8,877976.0,601864.0,972938.18,3444.27,1582.83,5969.11,1027.33,11134.67,446.25,54.46,38.43,1915.89,72.55,399.14,104.70,1448.48,63.86,28.34,15.14,101.47,46.69,57.67,27.46,90.90,22.58,2211.09,197.76,4.04,0.50,108.51,17.63,8.13,2.22,0.00,0.00,3.17,1.38,1.86,3.53,3.90,4.33,10.57,20.06,63.27,8.51,2.90,4.41,52077.24,5711.55,2624.77,11278.42,1941.09,23820.78,954.67,124.79,88.06,4783.78,181.16,480.80,126.12,2026.73,89.36,47.28,25.26,181.14,83.35,84.29,40.13,130.60,32.45,3161.29,282.74,5.14,0.63,135.83,22.07,10.12,2.77,0.00,0.00,3.75,1.63,2.51,4.77,5.20,5.78,11.80,22.40,68.15,9.17,3.29,5.00
43.60,43.6,26/11/2025 17:11:38,8.337,8.600,1181241.487,15.8,876654.0,603232.0,973250.50,3384.63,1623.53,5507.92,958.54,11183.02,447.68,110.32,67.16,1827.96,70.55,406.97,105.21,1501.92,64.07,32.86,15.25,72.16,46.08,67.50,29.02,42.20,8.27,2419.03,217.41,3.73,0.48,106.67,17.05,7.61,2.19,0.00,0.00,2.94,1.36,2.22,3.58,3.10,4.32,11.28,19.98,52.81,8.30,2.66,4.46,51385.01,5612.64,2692.27,10407.01,1811.12,23924.22,957.73,252.79,153.88,4564.24,176.16,490.24,126.73,2101.50,89.64,54.82,25.45,128.82,82.26,98.66,42.41,60.64,11.88,3458.60,310.85,4.74,0.61,133.52,21.35,9.47,2.72,0.00,0.00,3.47,1.61,3.00,4.84,4.13,5.76,12.59,22.30,56.89,8.94,3.02,5.06
43.70,43.7,26/11/2025 17:12:11,8.239,13.096,,15.8,876154.0,602163.0,973009.02,3792.28,1590.23,5844.89,1008.29,11053.26,443.89,33.39,26.23,1772.78,68.80,298.75,94.86,1457.25,63.61,53.86,21.20,73.44,45.98,45.49,25.56,81.54,14.85,2305.72,206.64,3.97,0.49,89.78,12.55,8.54,2.21,0.00,0.00,3.81,1.35,1.09,3.54,2.08,4.30,11.14,19.97,53.94,8.18,3.99,4.41,51793.88,6288.64,2637.04,11043.70,1905.13,23646.63,949.62,76.50,60.11,4426.46,171.79,359.87,114.27,2038.99,89.01,89.86,35.38,131.10,82.09,66.49,37.36,117.16,21.34,3296.59,295.44,5.05,0.62,112.39,15.71,10.63,2.76,0.00,0.00,4.50,1.60,1.47,4.78,2.78,5.74,12.44,22.30,58.10,8.81,4.52,5.00
43.80,43.8,26/11/2025 17:12:45,9.064,8.865,,15.8,874549.0,601540.0,973145.72,3644.46,1637.04,5639.34,978.90,10999.14,441.36,143.28,83.05,1769.07,68.27,396.70,104.14,1432.93,63.66,79.55,26.66,77.67,46.06,68.80,29.19,115.82,20.33,2318.32,207.77,3.69,0.48,86.13,11.64,8.03,2.21,0.00,0.00,3.49,1.36,1.57,3.49,3.83,4.29,3.52,19.97,56.30,8.31,2.65,4.41,51512.40,6043.52,2714.66,10655.31,1849.60,23530.83,944.21,328.30,190.31,4417.20,170.47,477.87,125.44,2004.97,89.08,132.73,44.48,138.65,82.22,100.55,42.66,166.42,29.22,3314.60,297.06,4.70,0.61,107.81,14.57,9.99,2.74,0.00,0.00,4.13,1.60,2.12,4.72,5.11,5.73,3.93,22.29,60.65,8.95,3.01,5.00
43.90,43.9,26/11/2025 17:13:18,9.703,7.673,,15.8,874613.0,602234.0,973023.79,3752.54,1650.04,5739.05,993.08,10877.37,437.31,120.93,71.90,1814.54,69.61,358.44,100.15,1490.51,64.11,30.20,14.98,114.34,46.49,66.80,28.79,40.83,7.99,2379.66,213.63,3.84,0.49,89.68,12.50,8.55,2.26,0.00,0.00,2.87,1.35,3.76,3.54,1.94,4.30,12.94,19.89,63.93,8.53,3.50,4.39,51701.17,6222.74,2736.23,10843.73,1876.38,23270.34,935.55,277.09,164.75,4530.73,173.82,431.78,120.64,2085.54,89.71,50.39,25.00,204.11,82.99,97.64,42.08,58.67,11.48,3402.30,305.44,4.89,0.62,112.26,15.65,10.64,2.81,0.00,0.00,3.39,1.60,5.08,4.78,2.59,5.74,14.44,22.20,68.86,9.18,3.97,4.98
44.00,44.0,26/11/2025 17:14:02,10.388,12.899,,15.8,876317.0,602422.0,974507.32,2362.14,1651.29,5685.77,987.81,10981.76,440.87,35.09,26.92,1815.11,69.83,324.37,96.85,1477.21,63.61,47.47,19.59,89.18,45.99,76.45,30.52,86.12,15.54,2354.03,211.25,4.05,0.49,62.57,6.62,5.97,2.15,0.00,0.00,3.33,1.37,3.45,3.51,1.29,4.26,13.17,19.84,60.19,8.23,3.96,4.52,49248.82,3917.08,2738.30,10743.05,1866.42,23493.67,943.16,80.39,61.68,4532.16,174.36,390.74,116.67,2066.92,89.00,79.21,32.69,159.20,82.09,111.74,44.61,123.74,22.33,3365.65,302.04,5.16,0.62,78.32,8.28,7.43,2.68,0.00,0.00,3.93,1.62,4.66,4.74,1.72,5.68,14.71,22.16,64.84,8.87,4.49,5.13
44.10,44.1,26/11/2025 17:14:35,9.114,11.770,1181240.826,15.8,875988.0,601234.0,974520.54,2298.23,1600.57,5519.63,962.32,10693.41,431.80,14.23,49.91,2038.12,76.22,395.95,103.72,1481.61,63.60,62.90,23.09,120.21,46.23,73.63,29.93,103.37,18.31,2482.11,223.42,3.84,0.49,99.01,14.92,8.76,2.25,0.00,0.00,3.27,1.36,2.09,3.55,2.70,4.30,15.84,19.76,56.94,8.32,3.64,4.43,49146.25,3811.10,2654.18,10429.13,1818.27,22876.79,923.76,32.60,114.37,5088.99,190.31,476.96,124.94,2073.07,88.99,104.94,38.52,214.60,82.53,107.62,43.74,148.52,26.31,3548.78,319.43,4.88,0.62,123.93,18.67,10.91,2.81,0.00,0.00,3.87,1.61,2.82,4.79,3.60,5.74,17.68,22.07,61.33,8.96,4.13,5.03
44.20,44.2,26/11/2025 17:15:09,8.777,13.824,,15.8,876401.0,600892.0,973900.04,2604.45,1537.35,5638.36,977.20,11109.77,445.16,54.70,38.48,2048.66,76.45,145.45,78.24,1481.81,63.65,78.48,26.28,73.75,45.79,52.20,26.46,63.99,11.98,2572.45,232.09,3.64,0.48,81.28,10.47,8.49,2.31,0.00,0.00,4.13,1.38,2.30,3.55,4.81,4.35,5.43,19.91,61.67,8.39,4.15,4.47,50546.42,4318.90,2549.35,10653.46,1846.39,23767.52,952.35,125.33,88.17,5115.31,190.88,175.20,94.25,2073.35,89.06,130.95,43.85,131.66,81.74,76.29,38.67,91.94,17.21,3677.94,331.83,4.63,0.61,101.75,13.11,10.57,2.87,0.00,0.00,4.88,1.64,3.10,4.79,6.42,5.80,6.06,22.22,66.44,9.04,4.70,5.07
44.30,44.3,26/11/2025 17:15:42,8.045,13.820,,15.8,874842.0,600993.0,973568.01,3210.10,1664.59,5642.59,980.01,11011.60,442.48,48.47,51.60,1915.99,72.79,225.01,87.91,1460.17,63.28,52.24,20.90,106.91,46.44,83.11,31.86,129.92,22.67,2348.03,210.65,3.78,0.49,110.05,18.06,8.20,2.23,0.00,0.00,2.82,1.35,2.14,3.56,3.47,4.29,3.36,19.92,59.18,8.29,4.85,4.46,50931.29,5323.24,2760.35,10661.46,1851.69,23557.51,946.62,111.06,118.24,4784.04,181.74,271.05,105.90,2043.08,88.54,87.17,34.87,190.85,82.90,121.47,46.56,186.67,32.57,3357.08,301.18,4.81,0.62,137.76,22.61,10.21,2.78,0.00,0.00,3.34,1.59,2.89,4.80,4.63,5.72,3.75,22.24,63.75,8.93,5.50,5.06
44.40,44.4,26/11/2025 17:16:16,8.084,8.001,,15.8,875543.0,601471.0,974517.21,2474.63,1616.20,5483.06,957.35,10833.66,436.32,16.19,14.13,2003.77,75.42,367.88,101.22,1509.99,63.73,28.67,14.91,98.03,46.17,67.07,28.94,79.84,14.60,2312.78,207.36,4.05,0.49,96.19,14.23,7.81,2.22,0.00,0.00,4.24,1.37,1.97,3.53,3.62,4.29,24.90,19.92,59.40,8.34,5.03,4.39,49224.29,4103.62,2680.11,10360.03,1808.88,23176.83,933.43,37.10,32.38,5003.23,188.31,443.15,121.93,2112.79,89.18,47.84,24.88,175.00,82.42,98.03,42.30,114.72,20.97,3306.68,296.47,5.16,0.62,120.41,17.81,9.72,2.76,0.00,0.00,5.01,1.63,2.66,4.77,4.82,5.72,27.80,22.25,63.99,8.98,5.71,4.98
44.50,44.5,26/11/2025 17:17:00,7.527,8.134,,15.8,878942.0,602261.0,973395.43,2351.87,1621.36,6004.55,1035.25,11286.41,451.76,34.25,26.88,2176.70,80.37,386.83,103.78,1528.96,64.46,72.56,25.41,74.96,46.44,42.52,25.27,51.56,9.91,2418.65,217.37,3.98,0.49,88.80,12.26,9.11,2.28,0.00,0.00,3.52,1.36,3.56,3.52,2.58,4.32,3.77,20.16,56.92,8.34,2.49,4.37,51567.15,3900.05,2688.66,11345.37,1956.06,24145.42,966.47,78.48,61.60,5435.01,200.68,465.98,125.01,2139.33,90.20,121.07,42.40,133.82,82.90,62.14,36.94,74.09,14.23,3458.05,310.79,5.06,0.62,111.16,15.34,11.34,2.84,0.00,0.00,4.17,1.61,4.81,4.75,3.45,5.77,4.21,22.51,61.32,8.98,2.82,4.96
44.60,44.6,26/11/2025 17:17:33,7.066,8.726,1181246.649,15.8,876622.0,604455.0,974103.58,2468.87,1606.57,5775.80,999.59,11088.60,444.44,106.79,65.05,1800.66,69.60,408.63,105.28,1510.12,64.01,29.58,15.00,78.98,46.04,68.41,29.10,12.34,2.64,2330.21,209.05,4.41,0.51,111.77,18.62,8.30,2.21,0.00,0.00,4.92,1.39,1.79,3.51,4.55,4.30,16.18,19.93,61.52,8.46,3.99,4.40,49974.12,4094.07,2664.13,10913.16,1888.69,23722.24,950.81,244.69,149.06,4496.08,173.79,492.24,126.82,2112.97,89.57,49.36,25.03,140.99,82.20,99.99,42.54,17.73,3.79,3331.60,298.89,5.61,0.64,139.92,23.31,10.33,2.75,0.00,0.00,5.81,1.65,2.42,4.74,6.07,5.73,18.07,22.25,66.27,9.12,4.53,4.99
44.70,44.7,26/11/2025 17:18:06,6.295,3.434,,15.8,875773.0,603261.0,973310.77,3353.78,1637.62,5793.89,1000.86,11212.48,448.50,52.33,36.99,1756.90,68.11,340.22,98.90,1425.24,63.54,27.03,15.05,83.82,46.27,78.38,30.96,35.22,7.01,2322.12,208.21,4.07,0.49,114.86,19.53,9.21,2.25,0.00,0.00,3.66,1.36,1.34,3.51,2.01,4.31,13.24,19.96,56.04,8.22,3.41,4.45,51335.00,5561.49,2715.62,10947.34,1891.08,23987.24,959.48,119.90,84.75,4386.81,170.06,409.83,119.13,1994.21,88.91,45.10,25.11,149.63,82.60,114.56,45.25,50.61,10.08,3320.04,297.69,5.17,0.62,143.78,24.45,11.46,2.80,0.00,0.00,4.33,1.61,1.81,4.74,2.68,5.74,14.78,22.29,60.37,8.86,3.86,5.05
44.80,44.8,26/11/2025 17:18:40,5.779,9.784,,15.8,874476.0,601608.0,974010.90,2773.65,1567.66,5924.66,1020.93,10867.38,437.33,94.64,59.28,1886.49,71.92,391.49,103.46,1506.84,63.86,58.75,22.43,52.80,45.85,61.96,27.99,93.97,16.81,2076.65,185.00,4.12,0.49,111.84,18.72,8.92,2.19,0.00,0.00,3.67,1.36,3.31,3.51,2.90,4.24,8.54,19.99,53.36,8.17,3.15,4.43,50176.65,4599.48,2599.62,11194.42,1929.00,23248.97,935.59,216.86,135.82,4710.39,179.58,471.60,124.63,2108.38,89.35,98.03,37.42,94.26,81.85,90.56,40.91,135.02,24.16,2969.08,264.50,5.25,0.62,139.99,23.43,11.10,2.72,0.00,0.00,4.34,1.61,4.47,4.75,3.86,5.65,9.54,22.32,57.48,8.80,3.57,5.02
44.90,44.9,26/11/2025 17:19:14,8.588,8.727,,15.8,877347.0,602602.0,974347.97,2860.28,1637.02,5322.74,932.53,11054.00,443.51,45.97,51.66,1985.21,74.48,144.69,78.44,1501.32,63.96,54.72,21.35,58.06,45.62,100.66,35.40,65.95,12.22,2278.78,204.10,4.30,0.50,84.94,11.41,6.98,2.20,0.00,0.00,3.92,1.37,1.51,3.52,2.72,4.30,12.86,19.86,58.94,8.23,3.51,4.46,49693.10,4743.13,2714.63,10057.13,1761.98,23648.20,948.83,105.33,118.38,4956.88,185.97,174.29,94.49,2100.66,89.49,91.29,35.62,103.64,81.45,147.12,51.75,94.75,17.55,3258.07,291.81,5.47,0.64,106.33,14.28,8.69,2.74,0.00,0.00,4.63,1.62,2.04,4.75,3.63,5.74,14.35,22.18,63.49,8.87,3.98,5.06
45.00,45.0,26/11/2025 17:19:57,9.576,7.801,,15.8,877043.0,600624.0,974873.27,2027.01,1580.68,5609.27,975.08,11093.81,444.77,21.64,18.14,1724.49,67.43,344.66,99.01,1481.46,63.81,74.93,25.45,102.86,45.88,52.73,26.42,85.61,15.48,2303.40,206.46,3.98,0.49,111.80,18.67,8.59,2.26,0.00,0.00,4.26,1.36,3.81,3.52,1.33,4.26,12.21,19.76,55.84,8.23,3.03,4.42,48583.63,3361.34,2621.20,10598.51,1842.38,23733.38,951.50,49.59,41.57,4305.88,168.36,415.17,119.26,2072.87,89.29,125.02,42.47,183.63,81.90,77.07,38.62,123.01,22.25,3293.27,295.19,5.06,0.63,139.94,23.37,10.70,2.82,0.00,0.00,5.04,1.61,5.14,4.75,1.78,5.68,13.63,22.06,60.15,8.86,3.44,5.01
45.10,45.1,26/11/2025 17:20:31,8.685,10.247,1181241.027,15.8,876968.0,600757.0,973266.39,3260.37,1620.55,5659.68,982.74,11173.73,447.78,49.62,51.56,2011.01,75.22,163.26,81.42,1514.27,64.11,60.07,22.61,108.14,46.29,43.20,25.27,87.63,15.86,2401.64,215.76,4.32,0.50,82.37,10.73,8.46,2.23,0.00,0.00,4.61,1.38,3.37,3.59,4.80,4.32,23.55,19.94,66.06,8.55,3.46,4.43,51608.08,5406.60,2687.31,10693.75,1856.85,23904.35,957.95,113.69,118.15,5021.29,187.82,196.66,98.08,2118.78,89.71,100.23,37.73,193.04,82.64,63.14,36.93,125.91,22.78,3433.73,308.49,5.50,0.64,103.11,13.43,10.53,2.78,0.00,0.00,5.45,1.63,4.55,4.85,6.40,5.76,26.29,22.26,71.16,9.21,3.93,5.03
45.20,45.2,26/11/2025 17:21:04,9.668,7.734,,15.8,879044.0,600528.0,972348.52,3918.54,1649.42,5601.88,974.56,11335.25,453.80,29.29,23.60,1700.50,67.17,456.91,110.09,1542.02,64.63,112.74,31.59,71.48,46.19,83.31,32.02,62.76,11.75,2548.46,229.66,4.21,0.50,97.20,14.33,8.69,2.20,0.00,0.00,3.85,1.38,4.66,3.56,1.33,4.33,10.56,20.09,53.67,8.22,4.16,4.55,52749.65,6498.02,2735.19,10584.55,1841.39,24249.89,970.84,67.11,54.09,4245.99,167.72,550.39,132.62,2157.61,90.43,188.11,52.71,127.60,82.46,121.76,46.80,90.18,16.89,3643.65,328.36,5.36,0.63,121.68,17.94,10.81,2.74,0.00,0.00,4.56,1.64,6.29,4.81,1.77,5.77,11.79,22.43,57.82,8.86,4.72,5.16
45.30,45.3,26/11/2025 17:21:37,10.119,9.784,,15.8,879133.0,601615.0,973994.90,2648.06,1580.10,5507.30,959.31,10982.79,441.51,63.93,43.76,2099.19,77.91,174.85,82.70,1520.74,64.16,122.06,32.62,117.93,46.30,77.91,30.87,35.81,7.12,2458.56,221.22,3.90,0.49,108.96,17.72,8.22,2.23,0.00,0.00,3.44,1.40,2.65,3.56,4.11,4.34,4.73,19.87,57.36,8.35,2.62,4.46,50348.68,4391.21,2620.24,10405.84,1812.57,23495.86,944.53,146.48,100.27,5241.47,194.53,210.62,99.62,2127.83,89.77,203.65,54.43,210.53,82.66,113.87,45.12,51.45,10.23,3515.11,316.29,4.97,0.63,136.39,22.18,10.23,2.78,0.00,0.00,4.06,1.65,3.58,4.81,5.48,5.78,5.29,22.18,61.79,8.99,2.97,5.06
45.40,45.4,26/11/2025 17:22:11,8.129,7.474,,15.8,877829.0,602292.0,973821.03,3014.02,1642.60,5755.57,997.44,10834.45,436.62,131.04,77.89,1566.09,63.29,460.85,109.97,1461.03,63.34,64.99,23.55,76.59,45.80,61.75,27.95,85.50,15.48,2482.95,223.56,3.69,0.48,81.12,10.44,7.85,2.24,0.00,0.00,3.31,1.39,3.47,3.51,3.44,4.34,16.68,19.88,61.30,8.47,3.30,4.43,50087.40,4998.07,2723.88,10874.94,1884.63,23178.51,934.07,300.25,178.47,3910.38,158.03,555.14,132.47,2044.29,88.63,108.43,39.29,136.73,81.76,90.25,40.86,122.84,22.25,3549.98,319.63,4.70,0.61,101.54,13.07,9.78,2.79,0.00,0.00,3.91,1.64,4.69,4.75,4.59,5.78,18.62,22.19,66.03,9.12,3.75,5.02
45.50,45.5,26/11/2025 17:22:55,9.033,9.260,,15.8,876248.0,602553.0,973391.64,3192.18,1645.84,5573.21,969.77,11112.13,445.34,75.58,49.33,1957.34,73.85,397.25,103.70,1537.62,64.07,25.61,14.97,101.52,46.40,51.94,26.47,181.68,31.47,2213.84,197.89,3.83,0.48,87.20,11.89,9.69,2.28,0.00,0.00,3.66,1.37,1.89,3.57,1.31,4.31,18.10,19.96,58.60,8.47,4.19,4.36,51235.84,5293.52,2729.26,10530.38,1832.34,23772.58,952.74,173.17,113.04,4887.29,184.41,478.53,124.92,2151.44,89.65,42.72,24.98,181.23,82.83,75.91,38.69,261.05,45.22,3165.23,282.93,4.87,0.61,109.15,14.89,12.07,2.84,0.00,0.00,4.32,1.62,2.56,4.82,1.75,5.74,20.21,22.28,63.12,9.12,4.75,4.94
45.60,45.6,26/11/2025 17:23:28,9.690,12.766,1181238.776,15.8,872464.0,601326.0,974382.91,3041.79,1584.41,5513.75,959.75,10681.63,431.01,51.28,36.52,1876.80,71.42,374.89,101.01,1443.62,63.06,24.90,14.90,81.26,45.87,74.36,30.09,76.40,13.96,2197.27,196.40,3.97,0.48,78.74,9.98,9.92,2.28,0.00,0.00,3.23,1.33,2.26,3.52,3.43,4.29,20.18,19.82,54.35,8.17,3.06,4.36,49347.50,5044.13,2627.38,10418.02,1813.41,22851.58,922.07,117.51,83.67,4686.18,178.33,451.60,121.67,2019.93,88.23,41.54,24.86,145.06,81.88,108.68,43.97,109.77,20.05,3141.54,280.80,5.06,0.62,98.57,12.49,12.35,2.84,0.00,0.00,3.82,1.58,3.05,4.76,4.57,5.73,22.54,22.13,58.55,8.80,3.47,4.95
45.70,45.7,26/11/2025 17:24:01,10.226,10.317,,15.8,874723.0,602103.0,974493.15,3401.24,1615.71,5397.89,942.15,10483.16,424.21,29.68,23.40,1786.13,68.79,330.84,97.54,1445.87,63.45,34.55,15.86,93.06,46.03,80.51,31.34,99.91,17.79,2133.09,190.36,3.65,0.46,103.63,16.35,8.70,2.18,0.00,0.00,3.58,1.34,2.46,3.49,3.08,4.23,11.69,19.85,51.77,8.15,2.36,4.28,48978.82,5640.19,2679.30,10199.10,1780.17,22426.99,907.54,68.02,53.62,4459.78,171.75,398.53,117.50,2023.07,88.78,57.65,26.46,166.12,82.18,117.67,45.80,143.55,25.56,3049.77,272.17,4.65,0.59,129.72,20.47,10.83,2.71,0.00,0.00,4.24,1.59,3.32,4.71,4.10,5.65,13.05,22.17,55.77,8.77,2.68,4.86
45.80,45.8,26/11/2025 17:24:35,11.346,8.994,,15.8,873013.0,602516.0,976702.91,1400.81,1576.76,5292.51,928.01,10662.32,430.08,2.19,2.11,1586.25,63.48,389.02,102.13,1445.59,62.81,21.09,14.74,94.57,45.76,84.30,31.91,47.74,9.18,2089.83,186.37,3.87,0.47,91.30,13.13,8.24,2.22,0.00,0.00,2.53,1.32,2.17,3.41,1.94,4.20,9.90,19.67,57.52,8.17,3.39,4.34,45188.82,2322.93,2614.70,9999.99,1753.44,22810.28,920.08,5.01,4.83,3960.72,158.51,468.61,123.02,2022.68,87.89,35.19,24.60,168.83,81.70,123.21,46.63,68.60,13.19,2987.92,266.47,4.93,0.60,114.29,16.44,10.25,2.76,0.00,0.00,2.99,1.56,2.93,4.61,2.59,5.60,11.06,21.97,61.96,8.80,3.85,4.93
45.90,45.9,26/11/2025 17:25:09,9.194,15.674,,15.8,872940.0,600107.0,974764.03,2741.21,1622.68,5951.57,1025.94,10417.19,422.15,91.24,57.18,1809.82,69.69,392.22,102.79,1442.27,62.92,19.56,14.89,88.20,45.99,60.95,27.80,40.95,8.05,2033.27,181.06,3.63,0.47,57.12,5.69,7.20,2.20,0.00,0.00,3.36,1.34,1.70,3.46,2.43,4.23,12.63,19.84,57.55,8.11,1.91,4.33,48713.23,4545.69,2690.85,11245.27,1938.48,22285.85,903.12,209.07,131.03,4518.94,174.01,472.47,123.82,2018.04,88.04,32.63,24.85,157.45,82.11,89.09,40.63,58.84,11.57,2907.05,258.86,4.62,0.60,71.50,7.13,8.96,2.73,0.00,0.00,3.97,1.59,2.29,4.67,3.24,5.63,14.10,22.15,61.99,8.74,2.17,4.91
46.00,46.0,26/11/2025 17:25:52,8.421,11.110,,15.8,877403.0,602682.0,974209.98,3194.14,1642.62,5396.38,943.74,10763.07,434.54,160.94,93.47,2235.11,81.83,89.97,66.94,1398.06,62.85,46.07,19.38,93.29,46.39,51.03,26.36,47.53,9.23,2124.28,189.61,3.87,0.48,107.99,17.62,7.53,2.12,0.00,0.00,3.42,1.34,1.91,3.48,2.49,4.25,5.05,20.01,52.97,8.09,4.92,4.39,50184.16,5296.76,2723.92,10196.25,1783.16,23025.80,929.62,368.76,214.18,5580.85,204.32,108.38,80.63,1956.18,87.95,76.87,32.33,166.55,82.82,74.59,38.53,68.29,13.26,3037.17,271.09,4.92,0.61,135.17,22.06,9.37,2.64,0.00,0.00,4.05,1.58,2.59,4.69,3.32,5.67,5.64,22.35,57.06,8.71,5.59,4.99
46.10,46.1,26/11/2025 17:26:26,8.162,11.838,1181242.213,15.8,875710.0,602631.0,975182.71,2290.78,1624.62,5351.70,938.96,10657.03,430.85,40.58,51.10,1958.92,73.71,358.77,100.01,1474.09,63.54,82.31,26.97,66.82,45.70,78.31,30.89,101.13,17.99,2181.04,194.89,3.88,0.48,84.73,11.39,7.44,2.17,0.00,0.00,3.27,1.37,1.51,3.44,3.87,4.30,7.71,19.89,59.06,8.28,4.32,4.39,48031.67,3798.74,2694.06,10111.84,1774.13,22798.95,921.74,92.98,117.09,4891.23,184.04,432.18,120.47,2062.56,88.90,137.33,45.01,119.29,81.58,114.46,45.15,145.31,25.86,3118.33,278.64,4.94,0.61,106.07,14.26,9.27,2.71,0.00,0.00,3.87,1.62,2.04,4.65,5.17,5.73,8.61,22.20,63.62,8.92,4.90,4.98
46.20,46.2,26/11/2025 17:26:59,8.705,5.823,,15.8,876704.0,600978.0,973744.41,3520.61,1639.52,5533.05,963.83,10992.98,442.06,37.64,28.71,1820.51,70.22,255.37,91.30,1428.95,63.75,29.99,14.97,108.43,46.26,57.56,27.31,52.38,10.04,2209.31,197.56,3.88,0.47,109.77,18.08,7.68,2.16,0.00,0.00,3.10,1.33,2.22,3.48,3.55,4.28,19.39,19.88,55.51,8.22,3.70,4.43,50559.90,5838.15,2718.78,10454.49,1821.13,23517.67,945.72,86.25,65.79,4545.64,175.35,307.62,109.98,1999.39,89.20,50.05,24.98,193.56,82.58,84.12,39.91,75.27,14.43,3158.75,282.46,4.94,0.60,137.41,22.63,9.56,2.69,0.00,0.00,3.67,1.58,3.00,4.71,4.73,5.71,21.65,22.19,59.79,8.86,4.20,5.03
46.30,46.3,26/11/2025 17:27:33,8.705,11.840,,15.8,874694.0,602460.0,974168.12,2970.87,1579.47,5725.59,990.61,11067.58,443.82,74.44,48.80,1559.13,62.83,432.42,106.92,1427.12,63.05,18.48,14.91,117.02,46.47,75.14,30.27,28.49,5.77,2146.61,191.66,3.58,0.47,87.86,12.16,6.98,2.21,0.00,0.00,3.59,1.36,3.38,3.53,3.18,4.28,20.43,19.85,57.06,8.24,2.90,4.39,49686.85,4926.53,2619.19,10818.29,1871.71,23677.27,949.48,170.57,111.81,3893.00,156.89,520.90,128.79,1996.84,88.22,30.83,24.88,208.90,82.95,109.82,44.24,40.94,8.29,3069.11,274.02,4.56,0.60,109.99,15.22,8.69,2.75,0.00,0.00,4.24,1.60,4.56,4.77,4.24,5.71,22.81,22.17,61.46,8.88,3.29,4.98
46.40,46.4,26/11/2025 17:27:33,8.746,5.225,,15.8,872168.0,600715.0,973987.77,3569.04,1653.25,5726.58,991.83,10950.98,439.78,18.23,15.46,1601.24,64.12,289.36,93.79,1383.22,62.89,28.98,14.90,79.56,45.75,62.61,28.04,70.48,13.02,2042.14,181.80,3.52,0.46,91.09,13.01,8.34,2.18,0.00,0.00,3.01,1.33,1.24,3.47,2.68,4.24,20.30,19.82,56.42,8.14,3.23,4.33,50017.99,5918.46,2741.54,10820.16,1874.03,23427.82,940.83,41.77,35.42,3998.14,160.09,348.57,112.98,1935.41,88.00,48.35,24.86,142.03,81.68,91.50,40.99,101.26,18.71,2919.73,259.93,4.48,0.59,114.02,16.28,10.38,2.72,0.00,0.00,3.55,1.57,1.67,4.68,3.57,5.65,22.67,22.13,60.78,8.77,3.66,4.91
46.50,46.5,26/11/2025 17:28:50,11.381,6.482,,15.8,873672.0,601789.0,974785.17,2444.46,1646.84,5732.25,994.73,10849.47,437.21,54.76,38.63,1759.22,68.10,345.46,98.76,1419.77,63.00,15.44,14.86,111.20,46.14,68.57,29.02,59.99,11.25,2143.02,191.25,3.88,0.47,105.49,16.89,8.80,2.27,0.00,0.00,3.69,1.36,1.31,3.45,2.30,4.25,29.16,19.82,53.63,8.09,2.94,4.34,48741.38,4053.60,2730.92,10830.86,1879.51,23210.64,935.34,125.49,88.52,4392.61,170.05,416.15,118.96,1986.55,88.15,25.76,24.79,198.52,82.38,100.22,42.42,86.20,16.16,3063.97,273.44,4.94,0.60,132.05,21.15,10.95,2.82,0.00,0.00,4.37,1.61,1.77,4.67,3.06,5.67,32.56,22.13,57.77,8.71,3.34,4.93
46.60,46.6,26/11/2025 17:29:23,8.749,11.435,1181240.896,15.8,870732.0,602010.0,974841.76,2530.57,1590.88,5726.99,992.09,10645.03,429.80,3.97,3.77,2012.39,74.96,171.45,81.85,1432.79,62.99,35.48,15.96,93.10,45.66,65.23,28.35,82.60,14.90,2139.27,190.91,4.04,0.48,112.91,19.10,9.55,2.26,0.00,0.00,3.93,1.36,3.28,3.49,2.33,4.23,19.38,19.69,60.30,8.33,3.64,4.41,48795.06,4196.38,2638.13,10820.93,1874.51,22773.29,919.50,9.10,8.63,5024.75,187.16,206.53,98.59,2004.77,88.13,59.20,26.62,166.20,81.51,95.34,41.44,118.68,21.41,3058.60,272.95,5.15,0.62,141.34,23.90,11.89,2.81,0.00,0.00,4.65,1.60,4.43,4.72,3.11,5.64,21.64,21.99,64.95,8.98,4.13,5.00
46.70,46.7,26/11/2025 17:29:57,7.898,10.512,,15.8,873115.0,602031.0,974229.01,3588.60,1646.98,5109.89,901.11,10669.80,430.51,158.98,91.36,1751.94,67.99,282.61,92.96,1460.25,63.51,40.84,17.80,109.00,46.22,85.33,32.23,32.44,6.50,2309.97,207.09,4.01,0.49,81.06,10.50,8.42,2.22,0.00,0.00,3.95,1.36,2.82,3.49,3.44,4.28,6.41,19.80,56.93,8.10,4.31,4.42,49494.64,5950.89,2731.15,9654.95,1702.62,22826.28,921.01,364.27,209.33,4374.44,169.76,340.43,111.98,2043.19,88.87,68.14,29.70,194.58,82.51,124.72,47.11,46.61,9.33,3302.67,296.09,5.10,0.62,101.46,13.14,10.48,2.76,0.00,0.00,4.67,1.61,3.81,4.71,4.59,5.71,7.16,22.11,61.32,8.72,4.89,5.01
46.80,46.8,26/11/2025 17:30:31,9.640,11.176,,15.8,873673.0,600782.0,974582.34,2876.03,1594.98,5205.16,915.47,10698.88,432.03,52.69,37.58,1978.05,74.21,425.46,106.04,1465.36,63.37,30.64,14.95,97.70,46.17,56.78,27.11,80.23,14.61,2259.11,202.25,3.90,0.48,101.68,15.75,7.92,2.21,0.00,0.00,3.51,1.35,2.18,3.51,2.66,4.25,9.86,19.87,57.22,8.24,2.66,4.30,48997.40,4769.25,2644.92,9834.96,1729.75,22888.50,924.26,120.73,86.10,4938.99,185.30,512.51,127.73,2050.34,88.66,51.12,24.94,174.40,82.42,82.98,39.62,115.27,21.00,3229.94,289.17,4.97,0.61,127.29,19.72,9.86,2.75,0.00,0.00,4.15,1.60,2.94,4.74,3.55,5.67,11.01,22.18,61.64,8.88,3.01,4.88
46.90,46.9,26/11/2025 17:31:04,9.234,9.121,,15.8,872750.0,601635.0,974385.93,3158.68,1634.72,5527.27,963.91,10729.31,433.28,43.13,51.36,1984.43,74.86,119.30,73.54,1455.86,63.15,11.82,14.86,95.02,45.91,74.27,30.05,56.32,10.66,2169.43,193.80,4.29,0.49,92.45,13.33,8.68,2.19,0.00,0.00,3.88,1.36,3.62,3.50,2.88,4.29,14.76,19.74,54.86,8.23,3.81,4.43,49575.39,5237.97,2710.82,10443.57,1821.27,22953.58,926.93,98.83,117.69,4954.92,186.92,143.71,88.59,2037.05,88.36,19.72,24.79,169.64,81.96,108.55,43.92,80.92,15.32,3101.74,277.09,5.45,0.63,115.72,16.69,10.81,2.73,0.00,0.00,4.58,1.61,4.90,4.73,3.84,5.72,16.48,22.04,59.10,8.86,4.32,5.03
47.00,47.0,26/11/2025 17:31:47,8.704,13.816,,15.8,873043.0,601160.0,974874.62,3136.42,1664.97,5167.31,910.97,10596.00,428.35,92.46,58.03,1663.59,65.90,368.99,101.34,1462.39,63.26,22.73,14.86,81.38,45.61,65.16,28.40,46.29,8.95,2220.31,198.64,3.90,0.48,110.74,18.43,7.34,2.14,0.00,0.00,3.86,1.34,1.48,3.48,1.81,4.28,12.43,19.72,57.91,8.20,2.87,4.38,48249.90,5201.06,2760.98,9763.44,1721.24,22668.40,916.38,211.86,132.97,4153.83,164.54,444.48,122.07,2046.19,88.52,37.92,24.79,145.28,81.43,95.24,41.51,66.51,12.86,3174.48,284.00,4.96,0.61,138.62,23.07,9.13,2.67,0.00,0.00,4.57,1.59,2.00,4.70,2.41,5.71,13.88,22.02,62.38,8.83,3.26,4.97
47.10,47.1,26/11/2025 17:32:21,8.967,11.907,1181241.684,15.8,870739.0,602619.0,977088.69,1198.39,1618.98,5108.93,901.57,10367.73,420.27,39.51,29.47,1848.96,70.46,281.16,92.18,1443.22,62.76,23.56,14.77,49.27,45.17,46.70,25.41,42.72,8.32,2257.86,202.24,3.86,0.48,104.11,16.61,7.55,2.18,0.00,0.00,4.01,1.34,2.11,3.45,0.96,4.22,14.43,19.71,62.64,8.22,3.64,4.39,44611.97,1987.26,2684.72,9653.12,1703.48,22180.06,899.09,90.53,67.54,4616.68,175.92,338.69,111.04,2019.36,87.82,39.30,24.65,87.96,80.65,68.25,37.13,61.38,11.96,3228.16,289.14,4.91,0.61,130.33,20.79,9.40,2.71,0.00,0.00,4.74,1.58,2.86,4.66,1.28,5.62,16.11,22.00,67.48,8.85,4.14,4.98
47.20,47.2,26/11/2025 17:32:54,11.049,11.644,,15.8,872791.0,600758.0,975128.45,2523.90,1635.81,5231.39,921.10,10617.07,429.33,76.20,49.82,1969.68,73.73,332.90,97.24,1472.95,63.41,67.24,24.22,82.46,45.76,52.04,26.32,7.86,1.70,2259.62,202.32,3.77,0.47,90.99,12.95,7.48,2.20,0.00,0.00,3.49,1.33,1.43,3.48,1.89,4.25,4.32,19.82,62.20,8.29,2.67,4.29,48126.86,4185.33,2712.62,9884.52,1740.39,22713.48,918.47,174.61,114.15,4918.10,184.11,401.01,117.14,2060.96,88.72,112.19,40.42,147.20,81.70,76.06,38.46,11.29,2.45,3230.67,289.27,4.80,0.60,113.90,16.21,9.32,2.73,0.00,0.00,4.13,1.58,1.93,4.70,2.51,5.67,4.82,22.13,67.01,8.94,3.03,4.87
47.30,47.3,26/11/2025 17:33:28,10.668,9.923,,15.8,874210.0,597651.0,973798.54,2832.76,1596.77,5839.10,1008.00,11199.00,448.34,46.28,33.88,2076.31,77.08,124.64,74.53,1429.79,63.29,75.86,25.87,76.22,45.99,70.80,29.55,69.33,12.84,2180.11,194.80,3.88,0.48,93.37,13.52,8.82,2.19,0.00,0.00,4.41,1.36,2.48,3.49,2.87,4.20,6.56,19.95,54.74,8.14,4.11,4.38,50928.68,4697.50,2647.88,11032.77,1904.58,23958.41,959.14,106.04,77.63,5184.35,192.46,150.15,89.78,2000.57,88.55,126.58,43.17,136.07,82.09,103.48,43.18,99.62,18.45,3117.00,278.51,4.94,0.61,116.88,16.93,10.97,2.72,0.00,0.00,5.22,1.61,3.35,4.71,3.83,5.60,7.32,22.27,58.97,8.77,4.66,4.97
47.40,47.4,26/11/2025 17:34:02,9.195,8.597,,15.8,872291.0,598791.0,974055.90,3483.79,1629.02,5639.11,977.67,10759.28,433.62,19.29,50.16,1848.14,70.66,275.57,92.26,1449.01,63.26,92.03,28.38,97.88,46.03,67.50,28.85,19.95,4.14,1998.49,177.68,3.87,0.48,101.00,15.65,8.11,2.19,0.00,0.00,4.26,1.36,1.05,3.47,2.17,4.19,13.15,19.84,58.45,8.16,2.01,4.27,50011.57,5777.09,2701.37,10654.89,1847.28,23017.70,927.65,44.20,114.94,4614.63,176.43,331.96,111.14,2027.46,88.51,153.55,47.35,174.73,82.17,98.66,42.17,28.67,5.96,2857.32,254.04,4.92,0.61,126.43,19.60,10.09,2.72,0.00,0.00,5.04,1.61,1.42,4.69,2.89,5.59,14.69,22.16,62.96,8.79,2.28,4.84
47.50,47.5,26/11/2025 17:34:46,8.678,13.228,,15.8,875868.0,598156.0,975042.73,2723.04,1654.86,5278.21,926.64,10382.07,421.02,108.96,66.22,1957.77,73.72,427.48,106.31,1443.53,63.12,28.20,14.95,107.47,46.19,72.83,29.82,38.04,7.50,2195.61,196.24,3.79,0.47,95.15,14.03,7.91,2.22,0.00,0.00,4.29,1.36,4.69,3.48,3.10,4.26,15.73,19.82,55.60,8.25,3.80,4.40,48142.29,4515.55,2744.22,9972.98,1750.85,22210.73,900.70,249.67,151.73,4888.36,184.08,514.94,128.06,2019.79,88.32,47.05,24.94,191.85,82.45,106.45,43.59,54.66,10.77,3139.16,280.58,4.82,0.60,119.11,17.57,9.85,2.76,0.00,0.00,5.08,1.61,6.34,4.71,4.14,5.68,17.56,22.13,59.89,8.89,4.31,4.99
47.60,47.6,26/11/2025 17:35:19,7.903,10.052,1181243.735,15.8,873364.0,598941.0,976420.95,1460.60,1631.66,5061.63,894.15,10397.43,421.45,92.07,57.79,2030.32,75.70,425.80,106.45,1467.47,63.09,23.31,14.88,98.90,45.99,67.92,28.87,93.16,16.67,2168.71,193.70,3.56,0.46,90.80,12.94,9.07,2.21,0.00,0.00,3.21,1.34,2.57,3.42,2.85,4.21,20.40,19.79,55.71,8.03,3.55,4.32,45852.77,2422.08,2705.73,9563.76,1689.45,22243.59,901.61,210.97,132.42,5069.52,189.02,512.93,128.23,2053.29,88.28,38.89,24.82,176.55,82.10,99.27,42.19,133.85,23.95,3100.70,276.94,4.53,0.59,113.66,16.19,11.29,2.75,0.00,0.00,3.79,1.58,3.47,4.62,3.80,5.61,22.78,22.09,60.01,8.65,4.03,4.90
47.70,47.7,26/11/2025 17:35:52,8.592,8.337,,15.8,872648.0,601478.0,975454.52,2657.63,1608.15,5277.27,924.41,10428.72,422.46,92.12,57.72,1649.47,65.31,354.39,99.09,1479.05,63.26,24.77,14.82,119.27,46.10,68.18,28.87,57.67,10.88,2160.79,193.02,4.16,0.49,79.29,10.15,9.51,2.24,0.00,0.00,2.91,1.33,2.75,3.45,2.74,4.27,13.87,19.68,56.39,8.08,4.53,4.41,47249.57,4407.08,2666.76,9971.21,1746.64,22310.52,903.78,211.09,132.25,4118.56,163.07,426.89,119.36,2069.50,88.52,41.33,24.72,212.92,82.29,99.65,42.20,82.86,15.63,3089.38,275.97,5.29,0.62,99.25,12.71,11.83,2.78,0.00,0.00,3.44,1.57,3.72,4.65,3.66,5.69,15.49,21.97,60.75,8.71,5.14,5.00
47.80,47.8,26/11/2025 17:36:25,9.305,3.575,,15.8,874233.0,600839.0,974869.01,2545.21,1622.20,5387.16,942.30,10811.70,435.27,95.83,59.59,1882.39,71.70,186.93,83.58,1467.63,63.05,46.63,19.28,84.49,45.84,57.64,27.24,80.47,14.64,2300.86,206.21,3.79,0.48,96.50,14.37,8.02,2.19,0.00,0.00,3.98,1.38,2.52,3.52,2.37,4.31,3.53,19.83,59.42,8.35,3.92,4.48,48665.18,4220.66,2690.05,10178.83,1780.43,23129.84,931.19,219.58,136.55,4700.14,179.03,225.18,100.68,2053.52,88.22,77.81,32.16,150.84,81.83,84.25,39.81,115.62,21.04,3289.64,294.83,4.83,0.61,120.80,17.98,9.98,2.73,0.00,0.00,4.71,1.63,3.40,4.76,3.17,5.75,3.94,22.14,64.01,9.00,4.44,5.09
47.90,47.9,26/11/2025 17:36:59,9.703,6.149,,15.8,869951.0,598637.0,976200.06,2485.21,1617.45,5297.82,929.39,10248.87,416.26,45.64,50.62,1739.73,67.37,303.00,94.65,1424.40,62.87,12.77,14.67,122.85,45.83,62.00,27.69,43.45,8.44,1823.25,161.36,3.99,0.48,89.10,12.64,6.34,2.10,0.00,0.00,4.21,1.33,1.60,3.41,3.51,4.18,22.18,19.57,57.17,8.21,2.83,4.30,46089.86,4121.17,2682.18,10010.04,1756.04,21925.76,890.53,104.58,115.99,4343.94,168.21,365.00,114.01,1993.03,87.96,21.31,24.47,219.31,81.82,90.62,40.47,62.44,12.12,2606.78,230.70,5.08,0.61,111.53,15.82,7.89,2.61,0.00,0.00,4.98,1.57,2.16,4.61,4.68,5.58,24.76,21.85,61.59,8.84,3.21,4.88
48.00,48.0,26/11/2025 17:37:43,10.172,4.563,,15.8,864510.0,595837.0,974521.61,3773.31,1618.03,5491.71,955.29,10570.83,426.56,119.77,70.89,1723.15,67.24,375.61,101.58,1374.33,62.59,17.69,14.66,95.18,45.63,67.57,28.76,87.73,22.02,1600.66,140.66,3.66,0.46,82.48,11.00,8.27,2.16,0.00,0.00,3.35,1.32,0.60,3.39,2.98,4.20,18.44,19.64,57.57,8.02,3.46,4.23,49126.83,6257.19,2683.14,10376.38,1804.98,22614.55,912.56,274.44,162.43,4302.55,167.90,452.46,122.37,1922.98,87.58,29.51,24.46,169.92,81.45,98.76,42.03,126.06,31.64,2288.53,201.10,4.65,0.59,103.25,13.77,10.30,2.69,0.00,0.00,3.96,1.56,0.81,4.58,3.98,5.60,20.59,21.93,62.02,8.64,3.93,4.80
48.10,48.1,26/11/2025 17:38:16,9.157,12.963,1181240.035,15.8,870990.0,600152.0,975808.83,2333.02,1588.16,5385.83,941.07,10231.14,415.92,41.87,50.54,1673.56,65.51,349.39,98.36,1412.89,62.39,26.81,14.84,106.33,45.75,68.84,28.91,111.98,19.62,2289.68,205.14,3.89,0.49,63.40,6.82,8.10,2.23,0.00,0.00,3.26,1.34,2.66,3.48,3.49,4.21,11.38,19.61,59.69,8.24,3.97,4.42,46563.11,3868.79,2633.61,10176.32,1778.12,21887.84,889.79,95.93,115.81,4178.71,163.58,420.88,118.48,1976.92,87.29,44.72,24.75,189.82,81.67,100.61,42.25,160.89,28.19,3273.65,293.29,4.95,0.62,79.36,8.53,10.09,2.78,0.00,0.00,3.85,1.59,3.59,4.70,4.65,5.62,12.71,21.89,64.30,8.87,4.51,5.01
48.20,48.2,26/11/2025 17:38:50,8.946,14.283,,15.8,875508.0,600531.0,975868.11,2472.15,1608.69,5077.47,895.81,10461.76,423.42,52.11,37.03,1586.66,63.52,312.04,95.50,1419.55,62.71,25.94,14.84,87.90,45.69,70.59,29.32,34.69,6.90,2320.64,208.22,3.67,0.48,114.86,19.72,7.62,2.17,0.00,0.00,3.34,1.35,2.33,3.49,4.42,4.22,12.16,19.71,59.59,8.28,2.38,4.32,46440.22,4099.50,2667.65,9593.69,1692.60,22381.20,905.83,119.41,84.85,3961.73,158.62,375.88,115.03,1986.25,87.75,43.29,24.76,156.91,81.56,103.18,42.85,49.85,9.92,3317.92,297.71,4.67,0.61,143.78,24.69,9.49,2.70,0.00,0.00,3.95,1.59,3.15,4.71,5.89,5.63,13.57,22.01,64.19,8.92,2.70,4.90
48.30,48.3,26/11/2025 17:39:24,9.186,15.407,,15.8,876533.0,599896.0,973888.59,3000.77,1595.06,5651.94,980.79,10585.10,427.84,151.26,87.55,1752.57,68.20,374.49,101.72,1509.42,64.24,31.96,14.96,131.79,46.58,59.39,27.50,59.51,11.18,2616.51,236.24,3.86,0.49,87.18,11.85,6.76,2.21,0.00,0.00,4.10,1.38,3.56,3.51,2.27,4.30,14.79,19.82,61.19,8.37,3.01,4.44,50008.79,4976.10,2645.05,10679.13,1853.16,22645.07,915.30,346.60,200.62,4375.99,170.28,451.11,122.53,2111.99,89.88,53.33,24.97,235.27,83.15,86.80,40.19,85.50,16.06,3740.93,337.76,4.91,0.62,109.13,14.83,8.41,2.75,0.00,0.00,4.85,1.63,4.81,4.74,3.03,5.74,16.51,22.13,65.92,9.01,3.41,5.04
48.40,48.4,26/11/2025 17:39:57,8.921,14.281,,15.8,873818.0,598886.0,974907.69,2251.98,1580.67,5599.71,973.23,10546.18,426.74,38.00,50.88,1807.41,69.96,302.64,94.74,1451.30,63.31,42.79,18.28,77.71,45.62,72.51,29.71,104.77,18.55,2597.93,234.58,3.46,0.47,106.63,17.06,8.86,2.14,0.00,0.00,5.86,1.50,3.27,3.48,2.57,4.24,7.67,19.75,57.86,8.29,3.20,4.42,48291.10,3734.41,2621.19,10580.45,1838.88,22561.80,912.94,87.06,116.58,4512.94,174.70,364.56,114.12,2030.67,88.58,71.40,30.49,138.73,81.43,105.97,43.43,150.53,26.65,3714.38,335.39,4.40,0.60,133.48,21.36,11.03,2.67,0.00,0.00,6.92,1.77,4.42,4.70,3.42,5.66,8.57,22.05,62.33,8.93,3.63,5.01
48.50,48.5,26/11/2025 17:40:41,10.819,13.360,,15.8,876140.0,599086.0,974450.98,2393.60,1624.10,5335.78,935.39,11215.46,449.03,10.08,9.22,1755.14,68.23,322.30,96.55,1452.90,63.28,26.66,14.89,113.00,46.33,56.00,26.94,53.73,10.22,2628.74,237.47,4.04,0.49,90.51,12.69,6.45,2.18,0.00,0.00,4.32,1.37,2.18,3.50,1.58,4.32,14.19,19.83,57.90,8.38,4.48,4.40,49254.86,3969.25,2693.21,10081.76,1767.38,23993.62,960.62,23.09,21.12,4382.40,170.37,388.24,116.31,2032.90,88.55,44.48,24.85,201.72,82.71,81.84,39.37,77.20,14.68,3758.43,339.52,5.14,0.62,113.30,15.89,8.03,2.71,0.00,0.00,5.10,1.62,2.94,4.73,2.11,5.76,15.85,22.14,62.37,9.02,5.08,4.99
48.60,48.6,26/11/2025 17:41:14,8.316,5.752,1181242.215,15.8,871063.0,601427.0,976331.33,1371.69,1534.52,5444.81,947.88,10387.28,420.25,84.59,53.57,1930.67,72.84,155.25,78.71,1480.28,62.73,29.70,14.78,71.48,45.29,52.18,26.17,15.89,3.34,2456.45,221.15,3.71,0.47,86.08,11.74,7.71,2.16,0.00,0.00,3.90,1.35,3.45,3.43,4.30,4.28,17.22,19.65,59.10,8.33,2.91,4.31,46068.68,2274.64,2544.65,10287.77,1790.98,22221.87,899.06,193.83,122.76,4820.69,181.87,187.01,94.81,2071.22,87.77,49.56,24.67,127.61,80.85,76.27,38.26,22.82,4.80,3512.10,316.19,4.73,0.60,107.76,14.69,9.60,2.69,0.00,0.00,4.61,1.59,4.66,4.64,5.74,5.70,19.23,21.94,63.66,8.97,3.30,4.89
48.70,48.7,26/11/2025 17:41:48,8.430,11.706,,15.8,874156.0,602130.0,973992.65,3223.47,1595.66,5794.49,1001.63,10471.74,424.49,87.83,55.50,1749.90,67.99,307.89,95.33,1417.23,63.12,33.77,15.51,74.53,45.66,60.35,27.61,31.06,6.25,2563.56,231.25,3.78,0.49,94.25,13.69,7.85,2.23,0.00,0.00,4.37,1.34,2.99,3.51,1.96,4.28,16.78,19.79,56.66,8.35,2.90,4.37,49835.78,5345.40,2646.04,10948.46,1892.54,22402.55,908.12,201.25,127.18,4369.32,169.76,370.89,114.84,1983.00,88.31,56.35,25.89,133.05,81.51,88.21,40.35,44.64,8.97,3665.23,330.63,4.81,0.62,117.98,17.14,9.77,2.77,0.00,0.00,5.17,1.59,4.04,4.74,2.61,5.71,18.73,22.09,61.04,9.00,3.29,4.96
48.80,48.8,26/11/2025 17:42:21,9.931,10.581,,15.8,875583.0,601182.0,973817.23,3112.61,1671.43,5572.66,969.78,10630.97,429.40,54.59,38.51,1836.80,70.64,365.97,100.74,1452.55,63.58,27.10,14.97,89.22,46.08,86.60,32.49,73.62,13.46,2690.05,243.28,3.85,0.49,100.87,15.37,8.23,2.28,0.00,0.00,3.31,1.37,2.27,3.53,2.66,4.30,9.79,19.85,54.99,8.29,4.06,4.46,50128.41,5161.56,2771.69,10529.33,1832.35,22743.20,918.62,125.09,88.25,4586.32,176.37,440.85,121.35,2032.42,88.96,45.22,24.98,159.27,82.26,126.58,47.48,105.78,19.34,3846.08,347.83,4.90,0.62,126.26,19.25,10.25,2.83,0.00,0.00,3.91,1.62,3.07,4.77,3.55,5.74,10.94,22.16,59.23,8.93,4.60,5.05
48.90,48.9,26/11/2025 17:42:55,8.954,10.975,,15.8,874374.0,599760.0,975701.01,2236.46,1566.11,5357.75,936.07,10328.42,418.74,61.49,41.90,1727.82,67.18,280.90,92.63,1409.15,62.71,9.46,14.81,84.34,45.87,61.33,27.75,54.71,10.43,2499.39,225.27,3.58,0.48,102.18,15.92,8.08,2.21,0.00,0.00,2.69,1.31,1.78,3.42,1.08,4.20,12.43,19.79,51.66,8.18,4.29,4.40,46825.07,3708.66,2597.05,10123.26,1768.67,22095.96,895.82,140.90,96.00,4314.19,167.74,338.37,111.58,1971.69,87.75,15.78,24.70,150.57,81.89,89.64,40.56,78.62,14.99,3573.48,322.07,4.56,0.60,127.91,19.93,10.06,2.76,0.00,0.00,3.18,1.55,2.41,4.61,1.44,5.60,13.88,22.09,55.65,8.81,4.87,4.99
49.00,49.0,26/11/2025 17:43:38,8.581,6.348,,15.8,877135.0,601893.0,973848.56,2862.92,1599.44,5551.56,966.31,10805.55,435.11,102.14,62.79,1918.33,72.97,279.34,93.24,1452.59,63.51,19.56,14.94,102.98,46.24,65.75,28.55,54.48,10.36,2744.96,248.55,3.90,0.49,90.83,12.72,7.85,2.20,0.00,0.00,2.39,1.36,2.15,3.52,3.12,4.31,17.95,19.84,59.44,8.38,3.67,4.46,50288.52,4747.51,2652.32,10489.46,1825.81,23116.69,930.85,234.03,143.88,4789.88,182.20,336.49,112.31,2032.47,88.87,32.63,24.93,183.84,82.55,96.10,41.72,78.28,14.88,3924.59,355.37,4.96,0.62,113.69,15.93,9.78,2.74,0.00,0.00,2.83,1.61,2.90,4.76,4.15,5.75,20.04,22.15,64.03,9.03,4.16,5.06
49.10,49.1,26/11/2025 17:44:12,8.483,11.572,1181239.306,15.8,873015.0,600158.0,975168.28,2245.70,1582.65,5491.19,956.31,10353.52,420.22,110.91,67.34,1919.72,72.59,320.20,96.30,1399.13,62.95,21.94,14.89,80.02,45.63,46.83,25.50,60.55,11.37,2598.11,234.62,3.98,0.49,84.54,11.28,7.39,2.18,0.00,0.00,2.86,1.33,1.64,3.47,2.25,4.22,20.90,19.76,56.75,8.29,3.58,4.33,47906.67,3723.99,2624.47,10375.41,1806.92,22149.65,899.00,254.12,154.29,4793.35,181.25,385.72,116.00,1957.68,88.08,36.61,24.85,142.85,81.47,68.45,37.26,87.01,16.33,3714.63,335.44,5.07,0.63,105.82,14.12,9.19,2.71,0.00,0.00,3.38,1.57,2.21,4.69,3.01,5.63,23.34,22.06,61.14,8.93,4.06,4.91
49.20,49.2,26/11/2025 17:44:45,7.935,14.413,,15.8,874051.0,598542.0,974644.78,3096.47,1590.44,5248.95,919.30,10523.61,425.77,23.21,49.91,1660.81,65.77,374.53,101.39,1461.74,63.23,26.54,14.94,72.19,45.87,64.49,28.37,73.36,13.50,2548.20,229.81,3.80,0.48,89.24,12.42,9.11,2.24,0.00,0.00,3.05,1.33,2.49,3.45,2.44,4.25,13.71,19.88,52.58,8.10,4.71,4.43,48494.00,5134.80,2637.39,9917.69,1736.98,22513.52,910.87,53.19,114.36,4146.89,164.22,451.16,122.13,2045.27,88.47,44.28,24.93,128.87,81.89,94.25,41.47,105.41,19.40,3643.28,328.57,4.83,0.61,111.70,15.54,11.34,2.79,0.00,0.00,3.60,1.57,3.36,4.66,3.26,5.67,15.30,22.19,56.64,8.73,5.34,5.02
49.30,49.3,26/11/2025 17:45:19,9.487,15.207,,15.8,874700.0,598193.0,974671.51,2707.15,1634.97,5145.84,906.15,10593.86,427.51,122.35,72.23,1820.73,70.04,397.69,103.77,1443.16,63.16,52.88,20.76,109.77,45.89,62.64,27.97,55.19,10.47,2622.87,236.91,3.53,0.47,98.84,14.88,7.53,2.27,0.00,0.00,3.30,1.35,2.11,3.47,1.07,4.30,14.75,19.70,58.98,8.16,4.26,4.36,48636.42,4489.20,2711.23,9722.87,1712.13,22663.82,914.60,280.34,165.51,4546.18,174.87,479.05,125.01,2019.28,88.37,88.23,34.64,195.95,81.91,91.55,40.88,79.30,15.04,3750.03,338.72,4.49,0.60,123.73,18.62,9.37,2.82,0.00,0.00,3.90,1.60,2.84,4.69,1.43,5.74,16.47,21.99,63.53,8.79,4.83,4.94
49.40,49.4,26/11/2025 17:45:52,8.592,10.713,,15.8,874294.0,597002.0,975401.62,2405.37,1618.70,5274.90,925.03,10397.70,421.27,48.58,35.03,1810.46,69.40,356.06,99.35,1390.61,62.48,27.80,14.82,71.40,45.38,70.96,29.37,25.49,5.18,2517.10,226.88,3.62,0.47,96.43,14.32,9.57,2.27,0.00,0.00,3.70,1.35,1.69,3.44,2.14,4.25,24.68,19.71,56.86,8.22,3.30,4.34,47358.40,3988.76,2684.25,9966.72,1747.81,22244.16,901.24,111.32,80.27,4520.53,173.28,428.91,119.67,1945.75,87.42,46.38,24.73,127.47,81.02,103.71,42.92,36.62,7.45,3598.80,324.37,4.60,0.60,120.71,17.92,11.91,2.83,0.00,0.00,4.38,1.60,2.28,4.65,2.85,5.67,27.56,22.01,61.25,8.85,3.74,4.93
49.50,49.5,26/11/2025 17:46:36,8.782,8.532,,15.8,873857.0,595975.0,973239.12,3518.56,1584.20,5747.64,992.31,10987.91,440.94,56.88,39.45,1788.67,69.36,308.89,96.13,1373.56,62.75,29.17,15.02,54.74,45.85,65.82,28.70,49.47,9.52,2603.06,235.00,4.01,0.48,81.62,10.54,7.76,2.22,0.00,0.00,3.16,1.33,3.46,3.45,2.75,4.26,8.33,19.97,61.28,8.45,4.14,4.42,51336.37,5834.75,2627.04,10859.95,1874.93,23506.81,943.31,130.34,90.39,4466.13,173.18,372.10,115.80,1921.89,87.80,48.67,25.07,97.72,81.86,96.20,41.95,71.08,13.68,3721.71,335.99,5.11,0.62,102.17,13.19,9.66,2.76,0.00,0.00,3.74,1.57,4.68,4.66,3.66,5.68,9.30,22.30,66.02,9.10,4.70,5.01
49.60,49.6,26/11/2025 17:47:09,9.965,5.490,1181243.539,15.8,870407.0,595986.0,975108.00,2414.57,1583.62,5478.45,954.03,10353.04,419.45,21.51,17.73,1932.92,72.58,401.00,103.57,1386.34,62.21,19.46,14.85,103.06,46.01,59.09,27.35,61.83,11.54,2478.92,223.11,4.23,0.50,89.76,12.58,6.05,2.15,0.00,0.00,3.29,1.33,2.44,3.48,2.30,4.25,15.17,19.74,54.42,8.13,4.15,4.43,47954.06,4004.02,2626.08,10351.33,1802.61,22148.62,897.33,49.28,40.63,4826.32,181.22,483.05,124.77,1939.78,87.04,32.47,24.78,183.99,82.13,86.36,39.97,88.83,16.58,3544.22,318.99,5.38,0.63,112.36,15.74,7.54,2.68,0.00,0.00,3.89,1.58,3.29,4.71,3.07,5.66,16.94,22.04,58.63,8.76,4.70,5.02
49.70,49.7,26/11/2025 17:47:42,7.270,8.460,,15.8,872396.0,597253.0,974429.85,3202.80,1587.42,5309.15,928.04,10443.82,422.74,91.12,56.91,1846.91,70.52,251.63,89.64,1377.78,62.31,29.65,14.78,90.76,45.47,82.04,31.44,93.12,16.59,2537.50,228.69,3.90,0.48,110.66,18.25,8.92,2.23,0.00,0.00,4.75,1.35,1.40,3.46,2.47,4.23,19.05,19.62,59.66,8.29,3.06,4.34,49084.21,5311.12,2632.39,10031.45,1753.50,22342.82,904.37,208.78,130.41,4611.56,176.08,303.11,107.98,1927.80,87.19,49.47,24.66,162.03,81.18,119.91,45.96,133.79,23.84,3627.98,326.97,4.96,0.62,138.52,22.85,11.11,2.77,0.00,0.00,5.61,1.59,1.90,4.67,3.30,5.65,21.27,21.91,64.27,8.93,3.47,4.92
49.80,49.8,26/11/2025 17:48:15,8.616,6.609,,15.8,874094.0,596155.0,975387.13,2311.63,1602.40,5158.71,909.32,10620.48,429.77,111.31,67.65,1801.67,69.57,307.70,94.96,1445.16,62.93,21.11,14.87,64.97,45.60,75.32,30.23,53.43,10.14,2479.61,223.24,3.87,0.48,67.90,7.65,7.43,2.15,0.00,0.00,4.26,1.34,2.75,3.43,2.45,4.18,12.31,19.79,57.96,8.23,2.85,4.31,47521.50,3833.31,2657.22,9747.18,1718.12,22720.77,919.43,255.06,155.01,4498.59,173.71,370.65,114.38,2022.08,88.05,35.21,24.81,115.98,81.41,110.09,44.19,76.77,14.58,3545.21,319.18,4.93,0.61,85.00,9.58,9.24,2.68,0.00,0.00,5.04,1.59,3.71,4.63,3.26,5.57,13.75,22.09,62.43,8.86,3.23,4.89
49.90,49.9,26/11/2025 17:48:49,8.348,9.722,,15.8,875731.0,596677.0,974464.38,2710.49,1612.66,5249.30,920.92,10302.47,418.40,76.53,49.80,2103.44,77.66,381.16,102.32,1493.20,63.69,26.81,14.88,159.87,46.96,57.28,27.16,46.73,9.06,2724.58,246.65,3.95,0.49,97.61,14.48,8.57,2.23,0.00,0.00,4.36,1.35,2.93,3.45,4.20,4.30,14.95,19.76,61.38,8.32,5.82,4.39,49047.84,4494.73,2674.23,9918.35,1740.04,22040.43,895.10,175.36,114.12,5252.08,193.91,459.14,123.26,2089.29,89.11,44.73,24.82,285.39,83.84,83.71,39.70,67.14,13.01,3895.46,352.65,5.03,0.62,122.19,18.13,10.67,2.77,0.00,0.00,5.16,1.59,3.96,4.66,5.60,5.74,16.69,22.06,66.12,8.96,6.60,4.98
50.00,50.0,26/11/2025 17:49:33,8.704,12.762,,15.8,877707.0,595152.0,973807.01,3536.14,1609.30,5611.54,974.52,10174.11,414.37,48.50,51.95,2156.18,79.53,194.44,85.57,1422.36,63.22,40.61,17.56,114.84,46.09,72.26,29.77,44.16,8.63,2578.99,232.76,3.54,0.47,95.56,13.99,9.79,2.26,0.00,0.00,3.65,1.35,2.74,3.44,1.90,4.23,21.96,19.77,56.56,8.20,3.16,4.36,50316.83,5863.90,2668.66,10602.79,1841.32,21765.82,886.48,111.13,119.03,5383.76,198.58,234.22,103.08,1990.18,88.46,67.76,29.30,205.01,82.28,105.61,43.51,63.45,12.41,3687.30,332.79,4.51,0.59,119.62,17.51,12.19,2.81,0.00,0.00,4.32,1.60,3.70,4.64,2.53,5.64,24.51,22.07,60.93,8.83,3.59,4.94
50.10,50.1,26/11/2025 17:50:06,8.999,15.278,1181240.231,15.8,880099.0,597566.0,975319.04,1967.20,1620.37,5370.80,939.38,10526.22,426.16,73.30,48.61,1898.95,72.37,324.64,97.48,1479.51,63.91,31.16,15.03,62.33,45.87,67.63,28.99,42.73,8.40,2659.32,240.54,3.39,0.47,97.57,14.57,9.17,2.25,0.04,0.18,4.55,1.36,2.50,3.47,0.65,4.22,6.99,19.94,49.66,8.03,2.64,4.37,47637.36,3262.17,2687.02,10147.92,1774.93,22519.12,911.71,167.96,111.38,4741.51,180.71,391.07,117.42,2070.13,89.42,51.99,25.07,111.27,81.88,98.84,42.38,61.40,12.07,3802.15,343.90,4.31,0.60,122.14,18.23,11.42,2.80,0.05,0.23,5.38,1.61,3.37,4.69,0.86,5.62,7.81,22.26,53.49,8.65,2.99,4.95
50.20,50.2,26/11/2025 17:50:40,9.434,17.126,,15.8,886242.0,598084.0,974624.48,2119.57,1656.35,5350.26,938.32,10927.77,439.85,47.37,51.92,1883.19,71.90,366.54,101.46,1546.50,64.52,35.90,16.28,119.26,46.64,71.88,29.78,30.90,6.27,2694.31,243.85,3.83,0.48,73.83,8.80,7.98,2.18,0.00,0.00,6.71,1.59,7.12,3.57,4.44,4.29,14.55,19.95,58.96,8.37,4.65,4.42,48908.36,3514.83,2746.69,10109.11,1772.91,23378.16,940.99,108.55,118.98,4702.15,179.53,441.54,122.22,2163.87,90.28,59.91,27.16,212.90,83.27,105.06,43.53,44.40,9.01,3852.18,348.64,4.87,0.61,92.41,11.02,9.93,2.72,0.00,0.00,7.94,1.88,9.62,4.83,5.92,5.72,16.25,22.27,63.51,9.01,5.27,5.01
50.30,50.3,26/11/2025 17:51:13,9.543,13.888,,15.8,886835.0,597238.0,973618.88,2758.31,1684.83,5359.07,941.35,11037.53,444.01,104.60,64.68,1984.00,74.77,393.05,103.85,1581.07,65.02,55.26,21.75,97.51,46.71,58.65,27.65,45.93,8.98,2715.54,245.80,3.72,0.49,90.25,12.55,7.25,2.22,0.00,0.00,7.27,1.67,5.34,3.53,0.91,4.28,11.09,20.12,60.72,8.49,4.05,4.35,50718.67,4574.04,2793.91,10125.76,1778.64,23612.98,949.89,239.68,148.21,4953.86,186.70,473.47,125.10,2212.24,90.97,92.19,36.29,174.07,83.39,85.72,40.41,65.99,12.90,3882.53,351.43,4.73,0.62,112.97,15.71,9.03,2.76,0.00,0.00,8.60,1.98,7.22,4.76,1.21,5.70,12.38,22.47,65.41,9.14,4.60,4.94
50.40,50.4,26/11/2025 17:51:46,9.418,18.252,,15.8,885173.0,593270.0,974088.44,2149.41,1587.72,5581.59,971.24,10960.95,440.40,33.97,26.50,2090.41,77.44,437.11,108.70,1508.48,64.35,98.89,29.80,79.01,46.33,55.77,27.13,62.03,11.70,2680.50,242.42,3.69,0.48,72.57,8.52,8.20,2.23,0.00,0.00,7.81,1.75,6.48,3.51,2.25,4.24,9.75,20.11,59.32,8.25,3.38,4.37,50008.72,3564.32,2632.88,10546.20,1835.11,23449.13,942.16,77.83,60.73,5219.55,193.35,526.55,130.94,2110.67,90.04,165.00,49.72,141.04,82.71,81.52,39.65,89.13,16.81,3832.43,346.60,4.70,0.61,90.85,10.66,10.21,2.77,0.00,0.00,9.23,2.07,8.75,4.74,3.00,5.65,10.89,22.45,63.90,8.89,3.84,4.96
50.50,50.5,26/11/2025 17:52:30,10.023,16.271,,15.8,886472.0,591094.0,973444.89,2341.12,1630.11,5674.89,987.15,11377.15,455.26,61.89,43.10,1974.56,74.86,383.01,103.57,1552.65,65.04,79.95,26.79,116.86,47.18,49.17,26.26,48.40,9.41,2700.05,244.30,3.65,0.48,88.21,12.03,7.48,2.20,0.00,0.00,11.79,2.07,8.05,3.52,2.71,4.20,11.64,20.22,57.98,8.28,3.90,4.41,51226.68,3882.22,2703.17,10722.49,1865.18,24339.53,973.96,141.81,98.75,4930.30,186.93,461.38,124.76,2172.47,91.00,133.39,44.70,208.61,84.22,71.86,38.38,69.54,13.52,3860.37,349.29,4.65,0.61,110.42,15.06,9.32,2.73,0.00,0.00,13.95,2.45,10.87,4.76,3.61,5.60,13.00,22.58,62.46,8.92,4.42,5.01
50.60,50.6,26/11/2025 17:53:04,10.170,18.584,1181242.610,15.8,883879.0,587536.0,974874.98,1485.65,1573.64,5465.10,954.25,10969.47,441.16,21.76,18.46,2082.63,77.57,305.17,96.89,1603.19,65.51,80.78,26.95,102.50,46.70,50.82,26.39,76.41,21.94,2659.71,240.54,3.78,0.48,120.48,21.14,9.65,2.26,0.00,0.00,14.58,2.32,7.33,3.50,2.04,4.15,4.26,20.10,55.82,8.19,3.91,4.31,48689.22,2463.62,2609.54,10326.10,1803.01,23467.37,943.80,49.86,42.30,5200.13,193.69,367.61,116.71,2243.19,91.67,134.78,44.97,182.98,83.37,74.27,38.56,109.79,31.52,3802.70,343.91,4.81,0.61,150.82,26.47,12.01,2.81,0.00,0.00,17.24,2.75,9.90,4.72,2.72,5.53,4.76,22.45,60.13,8.82,4.43,4.89
50.70,50.7,26/11/2025 17:53:38,11.275,17.927,,15.9,880221.0,582107.0,972267.00,3533.83,1651.88,5538.60,965.69,11265.13,451.22,84.30,54.59,2166.21,80.09,409.67,106.43,1612.96,65.28,83.93,27.22,65.26,46.17,76.23,30.70,69.72,12.93,2614.13,235.92,3.89,0.48,96.79,14.17,7.41,2.17,0.05,0.18,15.15,2.34,7.16,3.49,0.23,4.09,18.97,20.10,59.13,8.30,4.26,4.45,53235.91,5860.07,2739.27,10464.98,1824.64,24099.88,965.30,193.16,125.09,5408.81,199.98,493.49,128.21,2256.86,91.33,140.04,45.41,116.49,82.43,111.42,44.88,100.18,18.58,3737.54,337.31,4.95,0.61,121.15,17.73,9.22,2.70,0.06,0.24,17.92,2.77,9.67,4.71,0.31,5.46,21.18,22.44,63.69,8.94,4.84,5.05
50.80,50.8,26/11/2025 17:54:11,9.598,13.429,,15.9,884131.0,579107.0,974000.87,2364.80,1586.57,5483.71,957.06,10843.97,437.01,30.80,50.46,2034.97,76.33,371.41,102.21,1599.13,65.13,62.70,23.37,97.42,46.49,65.56,28.76,89.96,22.56,2757.91,249.90,3.62,0.47,89.88,12.44,9.53,2.25,0.00,0.00,15.92,2.41,5.23,3.45,0.66,4.12,11.66,20.04,56.15,8.31,4.13,4.35,49998.93,3921.50,2630.97,10361.26,1808.32,23198.89,934.91,70.58,115.63,5081.13,190.58,447.41,123.12,2237.51,91.13,104.61,39.00,173.92,82.99,95.82,42.03,129.25,32.41,3943.10,357.29,4.61,0.60,112.51,15.57,11.86,2.80,0.00,0.00,18.83,2.85,7.06,4.66,0.88,5.50,13.02,22.38,60.48,8.95,4.69,4.94
50.90,50.9,26/11/2025 17:54:45,8.866,15.078,,15.9,881780.0,579421.0,972187.42,3167.85,1653.59,5922.23,1021.81,11460.42,457.46,76.94,50.40,2221.69,81.18,374.12,103.12,1626.41,65.98,82.43,27.56,54.60,46.88,63.64,28.69,36.49,7.28,2521.67,227.17,3.61,0.47,97.71,14.45,8.90,2.27,0.00,0.00,17.66,2.52,8.50,3.49,2.08,4.10,1.71,20.46,60.27,8.34,3.66,4.39,53640.55,5253.17,2742.11,11189.83,1930.67,24517.68,978.66,176.29,115.48,5547.35,202.70,450.66,124.21,2275.68,92.32,137.53,45.99,97.46,83.69,93.02,41.93,52.42,10.47,3605.34,324.80,4.60,0.60,122.31,18.09,11.08,2.82,0.00,0.00,20.89,2.97,11.48,4.71,2.78,5.47,1.91,22.84,64.93,8.98,4.15,4.98
51.00,51.0,26/11/2025 17:55:28,9.788,12.765,,15.9,882787.0,573633.0,971163.67,4078.25,1654.50,6010.32,1034.93,11438.37,457.00,131.82,78.09,2133.09,78.93,404.92,106.20,1659.89,66.20,69.51,24.87,111.61,47.19,79.49,31.42,62.67,11.76,2426.37,217.98,3.20,0.46,102.62,15.73,7.82,2.18,0.00,0.00,21.98,2.73,8.54,3.54,0.69,4.06,22.89,20.26,58.06,8.25,4.23,4.42,55292.24,6762.87,2743.61,11356.27,1955.45,24470.50,977.68,302.04,178.94,5326.13,197.08,487.77,127.93,2322.53,92.63,115.97,41.49,199.24,84.25,116.18,45.93,90.05,16.90,3469.08,311.66,4.08,0.59,128.46,19.70,9.74,2.71,0.00,0.00,25.99,3.23,11.54,4.78,0.93,5.41,25.56,22.62,62.54,8.89,4.80,5.01
51.10,51.1,26/11/2025 17:56:02,9.055,22.947,1181239.636,15.9,879536.0,575131.0,974998.98,1975.34,1634.65,5392.55,943.37,10979.64,441.10,28.71,23.30,2001.27,75.55,392.77,105.61,1488.66,64.37,61.74,23.19,81.24,46.15,59.68,27.63,35.66,7.10,2260.78,202.46,3.42,0.46,122.01,21.85,7.34,2.20,0.00,0.00,19.57,2.57,6.92,3.43,2.70,3.99,15.00,19.99,61.87,8.11,4.14,4.34,48481.90,3275.66,2710.70,10189.01,1782.46,23489.14,943.65,65.79,53.38,4996.98,188.63,473.14,127.22,2082.95,90.06,103.02,38.70,145.03,82.39,87.22,40.38,51.24,10.20,3232.33,289.46,4.35,0.59,152.73,27.36,9.14,2.74,0.00,0.00,23.14,3.04,9.35,4.63,3.60,5.32,16.75,22.32,66.65,8.73,4.69,4.92
51.20,51.2,26/11/2025 17:56:36,10.536,21.160,,15.9,882927.0,574841.0,972574.57,2303.76,1613.43,5631.22,980.27,11895.10,472.16,87.14,56.27,1974.53,74.86,456.63,111.32,1813.98,67.71,182.66,39.32,123.13,47.27,64.11,28.63,8.77,1.90,2672.06,241.42,3.42,0.47,102.38,15.62,7.24,2.22,0.00,0.00,21.31,2.71,12.87,3.49,0.22,4.06,3.16,20.29,56.25,8.18,5.48,4.50,52831.91,3820.28,2675.51,10639.98,1852.19,25447.60,1010.11,199.67,128.93,4930.20,186.93,550.06,134.10,2538.13,94.74,304.77,65.60,219.81,84.38,93.70,41.85,12.60,2.73,3820.36,345.18,4.35,0.60,128.16,19.56,9.01,2.77,0.00,0.00,25.21,3.20,17.38,4.72,0.30,5.41,3.53,22.65,60.60,8.81,6.21,5.10
51.30,51.3,26/11/2025 17:57:10,9.658,22.422,,15.9,881595.0,574521.0,972442.42,2874.08,1628.78,5555.96,968.38,11764.19,467.88,33.62,51.34,2040.38,76.49,475.54,113.22,1682.58,66.68,68.32,24.70,129.90,47.38,55.49,27.21,56.90,10.82,2630.01,237.42,3.09,0.46,75.08,8.98,10.47,2.29,0.00,0.00,18.02,2.52,8.34,3.49,2.67,4.11,7.87,20.20,60.14,8.29,4.92,4.40,53025.35,4766.02,2700.96,10497.78,1829.71,25167.53,1000.94,77.03,117.63,5094.64,190.98,572.84,136.39,2354.28,93.29,113.98,41.20,231.90,84.58,81.11,39.77,81.75,15.54,3760.25,339.45,3.94,0.58,93.98,11.25,13.03,2.85,0.00,0.00,21.31,2.98,11.26,4.72,3.56,5.48,8.79,22.56,64.78,8.93,5.58,4.99
51.40,51.4,26/11/2025 17:57:44,9.658,28.369,,15.9,879943.0,569217.0,973112.42,2327.13,1606.36,5609.04,975.99,11361.45,454.13,46.31,51.93,2018.15,75.58,498.68,114.18,1784.47,66.80,97.06,29.33,95.36,46.35,64.19,28.47,30.46,6.14,2719.63,245.96,3.87,0.49,111.48,18.23,8.29,2.21,0.00,0.00,23.16,2.79,8.11,3.45,0.89,4.03,19.67,20.02,54.79,8.24,5.39,4.47,51645.40,3859.03,2663.79,10598.08,1844.09,24305.96,971.54,106.12,118.99,5039.12,188.71,600.71,137.55,2496.84,93.47,161.94,48.94,170.24,82.74,93.81,41.61,43.77,8.82,3888.38,351.66,4.93,0.62,139.54,22.82,10.32,2.75,0.00,0.00,27.39,3.30,10.95,4.65,1.18,5.37,21.96,22.35,59.02,8.88,6.11,5.08
51.50,51.5,26/11/2025 17:57:44,9.142,28.440,,15.9,884646.0,571265.0,972440.16,2780.58,1626.28,5433.82,949.99,11513.85,459.00,87.21,55.74,2189.57,80.51,480.65,113.75,1718.96,66.70,102.01,30.36,87.43,46.86,60.44,28.03,34.96,7.01,2863.77,259.86,3.59,0.48,82.57,10.59,10.57,2.26,0.00,0.00,22.67,2.78,8.61,3.49,2.05,4.09,10.12,20.28,60.92,8.33,5.50,4.49,52965.80,4610.97,2696.83,10267.00,1794.97,24631.99,981.96,199.82,127.71,5467.14,201.03,578.99,137.03,2405.18,93.33,170.20,50.66,156.09,83.66,88.33,40.97,50.23,10.07,4094.46,371.53,4.56,0.61,103.36,13.25,13.15,2.81,0.00,0.00,26.81,3.29,11.63,4.72,2.74,5.46,11.29,22.65,65.62,8.98,6.24,5.09
51.60,51.6,26/11/2025 17:59:01,9.955,26.717,1181244.335,15.9,889531.0,571541.0,971754.90,3073.17,1650.85,5346.39,936.58,11747.23,467.19,14.13,12.57,1966.60,74.82,462.59,112.14,1774.75,67.63,155.19,36.88,117.91,47.34,84.22,32.37,112.66,19.89,3193.67,291.53,4.01,0.50,75.71,8.98,9.25,2.35,0.00,0.00,23.47,2.85,15.12,3.59,0.20,4.18,2.49,20.33,61.53,8.42,4.80,4.57,53867.38,5096.16,2737.56,10101.80,1769.64,25131.27,999.47,32.37,28.80,4910.42,186.83,557.24,135.08,2483.25,94.62,258.93,61.54,210.50,84.51,123.09,47.32,161.88,28.58,4566.13,416.81,5.10,0.63,94.77,11.24,11.51,2.92,0.00,0.00,27.76,3.37,20.43,4.84,0.26,5.58,2.78,22.70,66.28,9.07,5.44,5.18
51.70,51.7,26/11/2025 17:59:35,8.506,30.949,,15.9,887067.0,567822.0,969981.46,3656.45,1707.08,5805.36,1006.79,12935.49,507.08,31.10,25.06,2126.26,78.50,377.49,105.54,1768.84,67.59,106.39,30.97,93.86,47.09,76.46,30.97,57.85,10.96,2781.96,251.80,3.69,0.47,66.35,7.13,8.97,2.23,0.00,0.00,30.35,3.12,12.02,3.53,0.91,4.07,12.33,20.35,59.71,8.49,6.70,4.37,57771.16,6063.40,2830.81,10969.02,1902.30,27673.34,1084.80,71.26,57.41,5309.07,196.01,454.73,127.14,2474.97,94.58,177.51,51.67,167.55,84.07,111.75,45.27,83.12,15.75,3977.49,360.01,4.69,0.60,83.05,8.92,11.17,2.77,0.00,0.00,35.89,3.69,16.24,4.77,1.22,5.42,13.76,22.73,64.32,9.14,7.61,4.96
51.80,51.8,26/11/2025 18:00:08,8.699,32.933,,15.9,887693.0,565831.0,970257.30,3099.41,1683.84,5981.77,1032.62,12451.50,491.00,42.69,32.13,2089.56,78.07,502.40,116.63,1749.03,67.58,232.04,43.06,132.21,47.40,87.47,33.04,51.48,9.88,3102.08,282.57,3.55,0.48,91.98,12.65,11.32,2.29,0.00,0.00,21.76,2.74,11.50,3.59,0.74,4.12,9.29,20.32,63.04,8.51,7.89,4.53,56971.02,5139.68,2792.28,11302.33,1951.09,26637.93,1050.41,97.83,73.62,5217.42,194.92,605.19,140.49,2447.25,94.56,387.15,71.84,236.01,84.62,127.84,48.29,73.98,14.19,4435.18,404.00,4.52,0.61,115.14,15.84,14.09,2.85,0.00,0.00,25.73,3.24,15.54,4.85,0.99,5.49,10.38,22.69,67.90,9.17,8.95,5.14
51.90,51.9,26/11/2025 18:00:42,9.235,30.419,,15.9,883940.0,562876.0,971709.13,2156.29,1619.60,5925.78,1023.10,12241.54,483.21,60.68,42.01,2058.45,76.87,507.94,116.12,1758.19,67.03,161.67,37.08,114.15,47.02,62.81,28.40,31.01,6.26,3031.37,275.83,3.63,0.47,48.45,4.13,7.60,2.20,0.00,0.00,28.22,3.03,11.20,3.54,1.29,4.03,15.49,20.24,59.06,8.35,6.05,4.44,54468.43,3575.72,2685.74,11196.54,1933.11,26188.76,1033.76,139.03,96.25,5139.76,191.95,611.87,139.88,2460.06,93.78,269.75,61.86,203.78,83.93,91.80,41.51,44.56,8.99,4334.08,394.36,4.61,0.60,60.65,5.17,9.46,2.74,0.00,0.00,33.37,3.58,15.13,4.78,1.72,5.37,17.30,22.60,63.62,8.99,6.86,5.03
52.00,52.0,26/11/2025 18:01:26,8.786,31.478,,16.0,884529.0,559362.0,970187.79,2956.38,1649.01,6140.92,1054.37,12261.00,483.53,69.15,46.38,2180.73,80.34,688.13,136.14,1841.88,68.38,193.20,39.99,126.60,47.47,64.77,28.94,14.75,3.13,3051.21,277.59,3.64,0.48,88.44,11.80,9.79,2.27,0.00,0.00,27.31,3.03,19.83,3.66,0.36,4.08,4.71,20.38,63.06,8.48,6.36,4.56,57039.68,4902.49,2734.52,11603.03,1992.19,26230.38,1034.44,158.45,106.27,5445.08,200.61,828.93,163.99,2577.17,95.67,322.36,66.73,226.00,84.75,94.67,42.29,21.19,4.50,4362.45,396.88,4.64,0.61,110.70,14.77,12.18,2.83,0.00,0.00,32.30,3.58,26.79,4.95,0.48,5.44,5.26,22.76,67.93,9.13,7.21,5.17
52.10,52.1,26/11/2025 18:02:00,8.982,26.848,1181247.640,16.0,881065.0,558473.0,971425.08,2762.11,1544.38,5947.17,1023.06,11787.68,468.48,56.37,40.14,2121.65,78.52,668.74,133.25,1820.58,67.88,97.94,29.66,110.30,47.17,47.43,26.09,62.94,11.77,2853.24,258.60,3.75,0.48,94.36,13.37,10.05,2.28,0.00,0.00,34.08,3.32,12.13,3.53,0.69,4.02,15.73,20.28,60.22,8.34,7.77,4.55,54698.46,4580.34,2561.01,11236.96,1933.04,25217.79,1002.23,129.16,91.98,5297.55,196.05,805.57,160.52,2547.36,94.98,163.41,49.48,196.91,84.20,69.32,38.13,90.44,16.91,4079.40,369.72,4.77,0.61,118.12,16.74,12.51,2.84,0.00,0.00,40.30,3.92,16.38,4.76,0.92,5.36,17.57,22.64,64.87,8.99,8.82,5.16
52.20,52.2,26/11/2025 18:02:34,8.982,22.020,,16.0,882279.0,563440.0,970144.65,3650.60,1657.97,5788.84,1001.99,12252.53,483.35,15.09,13.21,2092.14,77.83,609.16,127.84,1870.83,68.91,247.45,44.24,150.79,47.80,69.18,29.67,89.69,22.88,2830.05,256.31,3.70,0.49,69.49,7.70,8.55,2.25,0.00,0.00,26.42,2.99,13.65,3.58,0.40,4.12,6.03,20.38,53.56,8.37,7.18,4.46,56997.13,6053.71,2749.36,10937.81,1893.23,26212.27,1034.05,34.58,30.28,5223.88,194.32,733.80,154.00,2617.67,96.41,412.87,73.82,269.19,85.34,101.11,43.36,128.87,32.87,4046.25,366.46,4.71,0.62,86.99,9.64,10.64,2.81,0.00,0.00,31.24,3.53,18.44,4.84,0.54,5.49,6.73,22.76,57.70,9.02,8.14,5.06
52.30,52.3,26/11/2025 18:02:34,9.045,18.382,,16.0,875581.0,563222.0,971682.81,2912.08,1647.94,5931.40,1024.20,12046.15,476.92,34.65,51.35,1855.42,71.27,581.16,123.92,1705.97,66.77,118.40,32.08,102.16,46.51,63.80,28.44,48.53,9.29,2687.65,242.74,3.38,0.46,88.69,12.04,8.94,2.24,0.00,0.00,28.37,3.03,12.60,3.54,1.64,4.03,18.86,20.06,61.35,8.40,5.98,4.50,54264.91,4829.03,2732.75,11207.16,1935.18,25770.75,1020.29,79.41,117.67,4632.79,177.96,700.07,149.27,2387.00,93.43,197.55,53.53,182.38,83.03,93.25,41.56,69.72,13.35,3842.65,347.05,4.30,0.59,111.02,15.07,11.12,2.79,0.00,0.00,33.55,3.58,17.02,4.78,2.19,5.37,21.06,22.40,66.09,9.05,6.78,5.10
52.40,52.4,26/11/2025 18:03:42,8.271,18.515,,15.9,881426.0,570882.0,972516.43,2264.82,1592.49,5950.98,1026.75,11806.41,468.92,81.47,52.82,1728.94,67.95,529.98,117.82,1722.94,66.32,100.86,30.00,110.54,46.70,87.00,32.70,80.62,14.59,2819.25,255.40,3.81,0.48,80.84,10.20,9.22,2.27,0.00,0.00,21.73,2.73,12.67,3.54,1.66,4.08,7.97,20.05,55.33,8.17,6.55,4.45,52688.42,3755.69,2640.78,11244.16,1940.00,25257.85,1003.18,186.67,121.04,4316.99,169.65,638.41,141.92,2410.75,92.80,168.29,50.05,197.33,83.37,127.16,47.79,115.84,20.97,4030.80,365.16,4.85,0.61,101.19,12.77,11.48,2.83,0.00,0.00,25.70,3.22,17.11,4.78,2.21,5.44,8.90,22.38,59.60,8.80,7.43,5.05
52.50,52.5,26/11/2025 18:03:42,8.471,19.441,,15.9,886698.0,575288.0,971644.02,2698.82,1644.40,5375.63,943.35,12403.86,488.97,25.96,21.43,1746.30,68.76,536.53,119.85,1826.98,68.05,171.92,38.21,156.15,47.81,62.46,28.36,72.09,13.29,3097.05,282.12,3.78,0.49,59.69,5.91,10.62,2.35,0.00,0.00,21.13,2.71,11.73,3.62,1.48,4.22,4.66,20.27,61.98,8.60,7.17,4.52,54195.00,4475.38,2726.86,10157.04,1782.42,26536.01,1046.07,59.48,49.10,4360.34,171.69,646.31,144.37,2556.32,95.22,286.85,63.76,278.76,85.35,91.29,41.45,103.59,19.09,4427.99,403.35,4.81,0.63,74.72,7.40,13.22,2.93,0.00,0.00,24.99,3.21,15.85,4.89,1.97,5.63,5.20,22.63,66.76,9.27,8.13,5.13
52.60,52.6,26/11/2025 18:04:59,8.329,19.108,1181242.547,15.9,881479.0,578644.0,972216.53,2673.27,1627.29,5611.67,977.38,11815.42,469.49,13.22,11.87,2025.21,76.03,689.18,135.61,1666.33,66.40,138.54,35.09,66.26,46.43,83.11,32.08,59.91,11.26,2749.20,248.72,3.58,0.48,87.62,11.79,9.91,2.31,0.00,0.00,16.97,2.50,10.30,3.58,1.30,4.12,0.65,20.24,57.21,8.33,4.59,4.54,53279.48,4433.02,2698.50,10603.05,1846.73,25277.14,1004.41,30.28,27.19,5056.75,189.84,830.19,163.35,2331.54,92.91,231.16,58.54,118.28,82.89,121.48,46.88,86.07,16.17,3930.65,355.60,4.56,0.61,109.69,14.75,12.33,2.87,0.00,0.00,20.07,2.96,13.92,4.84,1.73,5.49,0.73,22.60,61.63,8.97,5.21,5.15
52.70,52.7,26/11/2025 18:05:33,8.617,21.820,,15.9,883594.0,578483.0,972550.79,2486.84,1628.80,5655.22,983.76,11449.47,457.34,41.72,52.01,2036.61,76.33,527.14,117.76,1732.95,66.67,155.32,36.12,125.15,46.79,70.57,29.61,73.14,13.44,2881.51,261.46,3.65,0.49,85.66,11.29,8.61,2.21,0.00,0.00,17.35,2.52,13.25,3.54,1.75,4.15,21.17,20.06,57.63,8.37,4.49,4.49,52608.80,4123.87,2701.00,10685.33,1858.79,24494.25,978.39,95.61,119.16,5085.22,190.58,634.99,141.85,2424.76,93.29,259.15,60.27,223.42,83.53,103.14,43.28,105.09,19.31,4119.83,373.82,4.64,0.62,107.23,14.13,10.72,2.75,0.00,0.00,20.52,2.98,17.89,4.78,2.34,5.54,23.63,22.40,62.09,9.02,5.09,5.09
52.80,52.8,26/11/2025 18:06:07,8.709,14.681,,15.9,885653.0,579836.0,970606.44,3130.79,1639.69,5808.28,1005.88,12243.97,484.13,38.57,52.14,2098.66,78.26,557.61,121.49,1769.69,67.55,124.56,33.18,101.63,46.97,81.56,31.87,41.55,8.14,3168.81,289.02,4.02,0.51,92.84,12.89,8.53,2.26,0.00,0.00,18.54,2.59,17.17,3.77,2.69,4.29,14.11,20.27,64.68,8.69,5.28,4.59,56207.44,5191.71,2719.06,10974.53,1900.58,26193.95,1035.71,88.38,119.47,5240.16,195.42,671.70,146.35,2476.16,94.51,207.84,55.36,181.44,83.84,119.21,46.58,59.70,11.70,4530.59,413.22,5.11,0.64,116.22,16.14,10.62,2.81,0.00,0.00,21.93,3.06,23.19,5.09,3.59,5.73,15.76,22.63,69.67,9.36,5.99,5.21
52.90,52.9,26/11/2025 18:06:41,9.022,11.967,,15.8,892815.0,587185.0,971396.65,1735.22,1655.28,6034.30,1041.65,12429.47,490.00,35.93,28.08,2133.68,79.29,628.21,130.00,1712.39,67.40,198.38,40.79,100.60,47.34,63.73,28.83,61.21,11.60,3269.23,298.85,3.63,0.49,91.06,12.44,8.75,2.32,0.00,0.00,19.62,2.66,6.80,3.65,3.27,4.28,3.62,20.52,59.70,8.55,4.56,4.64,55038.11,2877.47,2744.91,11401.58,1968.16,26590.80,1048.27,82.33,64.33,5327.60,197.98,756.75,156.60,2395.99,94.30,330.99,68.06,179.58,84.51,93.14,42.13,87.95,16.66,4674.16,427.27,4.61,0.63,113.99,15.57,10.89,2.89,0.00,0.00,23.20,3.15,9.18,4.94,4.36,5.71,4.04,22.91,64.31,9.22,5.17,5.26
53.00,53.0,26/11/2025 18:07:25,10.039,12.961,,15.8,891012.0,589500.0,970641.43,3702.39,1620.02,5882.70,1015.67,12170.07,481.61,7.87,7.34,2064.29,77.07,467.56,113.31,1558.00,65.90,77.62,26.57,112.86,47.59,68.22,29.52,24.10,5.01,3005.40,273.47,3.84,0.50,104.27,16.00,8.01,2.25,0.00,0.00,16.44,2.47,5.21,3.57,4.18,4.27,11.58,20.41,59.67,8.53,4.28,4.67,56227.92,6139.59,2686.44,11115.15,1919.06,26035.85,1030.33,18.03,16.82,5154.33,192.44,563.22,136.49,2179.97,92.21,129.51,44.33,201.48,84.96,99.70,43.14,34.63,7.20,4296.95,390.99,4.89,0.63,130.53,20.03,9.97,2.80,0.00,0.00,19.45,2.92,7.03,4.82,5.58,5.69,12.93,22.79,64.28,9.18,4.86,5.30
53.10,53.1,26/11/2025 18:07:59,10.274,21.361,1181236.857,15.8,890770.0,588280.0,972426.89,2782.23,1609.90,5833.63,1008.87,11524.56,459.78,41.35,31.14,1984.01,74.82,415.03,107.30,1519.47,65.16,49.81,20.36,124.75,47.25,60.31,27.99,130.79,22.95,2897.09,263.17,3.61,0.48,97.44,14.26,8.20,2.27,0.00,0.00,11.52,2.13,6.85,3.53,2.00,4.21,14.81,20.19,61.81,8.52,3.83,4.44,52939.42,4613.71,2669.66,11022.43,1906.23,24654.90,983.63,94.75,71.34,4953.88,186.83,499.94,129.25,2126.06,91.17,83.11,33.98,222.70,84.36,88.14,40.92,187.92,32.97,4142.09,376.27,4.59,0.61,121.97,17.85,10.21,2.83,0.00,0.00,13.62,2.52,9.26,4.76,2.67,5.62,16.54,22.54,66.59,9.18,4.35,5.04
53.20,53.2,26/11/2025 18:08:33,9.822,16.864,,15.8,889590.0,589130.0,971236.83,3572.07,1642.43,5848.20,1010.88,11657.68,464.44,12.60,50.83,1986.98,75.02,468.09,112.60,1605.98,65.74,98.72,29.91,69.44,46.68,66.19,29.09,95.33,17.17,3074.68,280.16,3.73,0.50,99.78,14.78,8.62,2.28,0.00,0.00,13.86,2.31,5.31,3.60,0.82,4.30,9.10,20.31,61.25,8.53,4.73,4.64,54879.20,5923.47,2723.60,11049.96,1910.02,24939.68,993.59,28.86,116.48,4961.30,187.31,563.86,135.64,2247.10,91.99,164.72,49.90,123.97,83.33,96.75,42.51,136.97,24.67,4396.01,400.56,4.75,0.63,124.90,18.50,10.73,2.83,0.00,0.00,16.39,2.74,7.17,4.86,1.10,5.73,10.16,22.68,65.98,9.19,5.37,5.26
53.30,53.3,26/11/2025 18:09:07,8.718,17.788,,15.8,891268.0,588910.0,971420.06,3480.66,1690.95,5695.03,989.60,11556.08,461.35,26.68,21.93,2134.05,79.04,411.47,106.69,1496.49,64.98,59.12,22.74,108.41,47.23,68.23,29.39,88.34,16.10,3269.87,299.07,3.56,0.48,75.30,8.91,8.65,2.30,0.00,0.00,12.74,2.21,2.94,3.60,2.55,4.26,12.17,20.27,63.10,8.54,4.50,4.63,54646.53,5771.89,2804.06,10760.54,1869.81,24722.32,986.99,61.13,50.25,5328.52,197.36,495.66,128.52,2093.89,90.93,98.64,37.94,193.52,84.32,99.72,42.96,126.93,23.13,4675.08,427.59,4.53,0.62,94.26,11.16,10.77,2.86,0.00,0.00,15.07,2.62,3.98,4.87,3.40,5.67,13.59,22.64,67.97,9.20,5.10,5.25
53.40,53.4,26/11/2025 18:09:41,8.802,17.196,,15.8,891836.0,586851.0,971952.22,3195.09,1685.37,5385.50,945.15,11586.55,462.29,15.37,13.67,2312.39,83.89,234.21,91.10,1451.66,64.46,28.62,15.34,85.60,47.02,81.48,31.81,68.71,12.83,3384.33,310.21,3.85,0.50,113.84,18.69,8.90,2.28,0.00,0.00,12.49,2.21,5.92,3.59,1.13,4.24,13.16,20.29,55.75,8.43,3.25,4.58,53902.14,5298.33,2794.80,10175.69,1785.82,24787.50,989.00,35.21,31.32,5773.81,209.48,282.13,109.74,2031.18,90.20,47.75,25.60,152.82,83.94,119.08,46.49,98.73,18.44,4838.73,443.52,4.90,0.63,142.50,23.40,11.08,2.83,0.00,0.00,14.77,2.62,7.99,4.85,1.51,5.65,14.69,22.66,60.06,9.08,3.69,5.20
53.50,53.5,26/11/2025 18:10:25,8.976,16.535,,15.8,889858.0,590034.0,972538.09,2906.63,1635.19,5570.50,971.07,11179.31,449.03,1.94,1.92,2192.79,80.77,481.18,113.75,1537.92,65.12,43.85,18.89,44.48,46.44,81.18,31.76,39.06,7.77,3190.72,291.50,3.66,0.50,86.71,11.54,7.77,2.26,0.00,0.00,14.38,2.33,5.82,3.60,0.57,4.29,7.64,20.27,62.21,8.62,3.57,4.51,52590.05,4820.00,2711.59,10525.25,1834.80,23916.30,960.64,4.45,4.40,5475.19,201.67,579.64,137.02,2151.87,91.11,73.17,31.52,79.41,82.91,118.65,46.41,56.13,11.16,4561.91,416.76,4.65,0.63,108.54,14.44,9.67,2.82,0.00,0.00,17.01,2.75,7.86,4.86,0.76,5.72,8.53,22.63,67.01,9.29,4.05,5.11
53.60,53.6,26/11/2025 18:10:58,6.922,11.970,1181239.573,15.8,892790.0,593780.0,972916.42,2343.53,1598.27,5472.72,955.12,11039.29,443.74,15.26,50.65,2024.10,76.31,425.20,107.76,1496.42,64.50,113.66,31.95,73.30,46.46,72.35,30.08,28.25,5.78,3742.61,345.05,3.76,0.49,136.54,25.75,6.78,2.26,0.00,0.00,9.08,1.92,3.22,3.66,1.03,4.32,10.08,20.21,61.67,8.68,4.72,4.69,51639.86,3886.22,2650.37,10340.50,1804.67,23616.73,949.31,34.97,116.05,5053.97,190.53,512.19,129.81,2093.80,90.24,189.65,53.30,130.86,82.95,105.75,43.96,40.60,8.31,5350.97,493.33,4.79,0.62,170.91,32.24,8.44,2.81,0.00,0.00,10.74,2.27,4.35,4.95,1.38,5.75,11.26,22.57,66.43,9.35,5.35,5.32
53.70,53.7,26/11/2025 18:11:32,6.116,16.200,,15.8,894150.0,595188.0,971105.72,4033.56,1656.09,5675.98,986.14,10748.41,434.86,24.19,20.19,2042.49,76.85,201.74,87.75,1513.27,64.86,36.99,16.82,129.75,47.41,48.05,26.15,70.87,13.23,4114.71,381.21,3.39,0.49,147.74,29.34,8.03,2.31,0.00,0.00,11.41,2.15,2.34,3.69,1.84,4.45,12.02,20.20,64.25,8.88,3.22,4.60,54576.54,6688.76,2746.26,10724.56,1863.27,22994.44,930.32,55.42,46.25,5099.91,191.89,243.02,105.70,2117.37,90.75,61.73,28.06,231.63,84.64,70.23,38.23,101.83,19.01,5882.99,545.03,4.32,0.63,184.94,36.73,9.99,2.87,0.00,0.00,13.50,2.55,3.16,4.98,2.46,5.93,13.42,22.55,69.22,9.56,3.66,5.22
53.80,53.8,26/11/2025 18:12:06,7.788,17.851,,15.8,892085.0,592632.0,972021.26,3183.67,1604.80,5375.39,941.27,10718.41,433.65,32.75,25.84,1893.33,72.60,410.65,106.41,1464.98,64.05,67.34,24.17,126.95,46.78,63.95,28.45,35.92,7.15,4357.90,404.94,3.62,0.50,144.08,27.97,8.19,2.29,0.00,0.00,7.45,1.72,2.72,3.74,1.31,4.42,16.01,19.98,59.73,8.84,4.39,4.69,52724.59,5279.41,2661.21,10156.60,1778.50,22930.27,927.73,75.05,59.21,4727.46,181.28,494.67,128.18,2049.80,89.62,112.35,40.32,226.63,83.52,93.47,41.57,51.60,10.27,6230.68,578.96,4.61,0.64,180.36,35.01,10.19,2.85,0.00,0.00,8.81,2.04,3.68,5.05,1.75,5.89,17.88,22.31,64.34,9.52,4.98,5.32
53.90,53.9,26/11/2025 18:12:39,7.788,15.403,,15.8,900487.0,594677.0,971222.91,2849.58,1632.54,5675.77,986.99,10573.20,429.50,11.61,10.58,2075.65,77.63,108.46,72.39,1392.32,63.50,38.45,17.38,62.75,46.52,58.17,27.68,42.97,8.50,5668.92,533.51,3.58,0.52,122.12,20.32,10.60,2.48,0.00,0.00,7.04,1.72,4.75,3.75,1.47,4.53,1.63,20.22,64.95,8.99,3.12,4.78,54047.90,4725.39,2707.20,10724.16,1864.89,22619.61,918.85,26.60,24.24,5182.71,193.84,130.65,87.20,1948.14,88.85,64.15,28.99,112.01,83.04,85.01,40.46,61.74,12.21,8105.10,762.78,4.55,0.66,152.87,25.44,13.19,3.08,0.00,0.00,8.32,2.03,6.42,5.07,1.96,6.05,1.82,22.58,69.97,9.69,3.54,5.42
54.00,54.0,26/11/2025 18:12:39,8.300,15.539,,15.8,892855.0,590651.0,971818.79,2639.51,1643.96,5566.03,970.73,10885.31,439.10,64.84,44.38,1909.87,72.80,433.68,108.00,1394.33,63.36,48.92,20.02,80.37,46.38,61.44,28.09,28.01,5.72,4882.84,456.33,3.82,0.52,82.84,10.29,7.35,2.32,0.00,0.00,9.31,1.96,3.07,3.67,1.56,4.41,12.37,20.09,62.93,8.86,2.79,4.61,53127.96,4377.04,2726.14,10516.80,1834.16,23287.33,939.38,148.58,101.70,4768.77,181.77,522.41,130.10,1950.95,88.66,81.62,33.41,143.48,82.80,89.79,41.06,40.25,8.22,6981.22,652.43,4.87,0.66,103.70,12.88,9.15,2.89,0.00,0.00,11.01,2.31,4.15,4.96,2.08,5.89,13.81,22.43,67.79,9.54,3.17,5.23
54.10,54.1,26/11/2025 18:13:57,10.712,17.993,1181243.072,15.9,881359.0,585380.0,973680.69,2453.18,1613.09,5065.99,894.55,10771.36,433.82,14.96,12.87,1988.00,74.28,404.75,104.55,1390.07,63.11,42.65,18.26,72.16,45.75,79.35,31.06,38.47,7.57,3806.21,351.24,3.82,0.50,85.98,11.28,7.64,2.25,0.00,0.00,7.63,1.73,4.65,3.57,1.46,4.30,15.35,19.84,60.52,8.54,5.12,4.54,50154.78,4068.06,2674.96,9571.99,1690.23,23043.54,928.09,34.28,29.50,4963.85,185.47,487.57,125.94,1944.99,88.30,71.16,30.47,128.82,81.66,115.97,45.40,55.28,10.88,5441.90,502.18,4.87,0.63,107.63,14.12,9.51,2.80,0.00,0.00,9.03,2.05,6.28,4.82,1.94,5.74,17.14,22.16,65.19,9.20,5.80,5.16
54.20,54.2,26/11/2025 18:14:31,9.062,12.835,,15.9,882245.0,583078.0,972942.67,2495.78,1582.03,5488.81,956.31,10937.83,440.11,44.36,51.31,1947.75,73.78,418.19,106.27,1427.26,63.44,70.29,24.69,114.58,46.39,70.16,29.44,24.22,4.97,3796.45,350.19,3.77,0.50,114.98,18.94,7.22,2.25,0.00,0.00,9.68,1.97,4.44,3.57,1.90,4.22,12.23,19.88,64.53,8.58,2.91,4.51,51526.30,4138.69,2623.44,10370.90,1806.91,23399.68,941.55,101.64,117.57,4863.33,184.22,503.75,128.01,1997.03,88.77,117.28,41.19,204.54,82.82,102.54,43.03,34.80,7.14,5427.95,500.69,4.79,0.63,143.94,23.71,8.99,2.80,0.00,0.00,11.45,2.33,6.00,4.83,2.53,5.63,13.65,22.20,69.52,9.24,3.30,5.11
54.30,54.3,26/11/2025 18:15:05,10.251,12.368,,15.9,881091.0,583290.0,973805.15,2120.54,1581.77,5220.17,918.56,10996.74,442.35,12.53,11.29,2118.87,78.56,188.16,84.71,1389.15,62.83,44.46,18.77,125.36,46.62,68.81,29.17,58.00,10.96,3634.37,334.53,3.33,0.48,113.86,18.73,8.29,2.28,0.00,0.00,10.10,1.97,4.37,3.57,2.24,4.25,10.58,19.87,60.83,8.55,4.09,4.54,50333.15,3516.44,2623.00,9863.32,1735.58,23525.71,946.33,28.70,25.87,5290.62,196.17,226.65,102.04,1943.71,87.92,74.19,31.32,223.79,83.22,100.58,42.63,83.34,15.74,5196.22,478.29,4.24,0.61,142.53,23.45,10.32,2.84,0.00,0.00,11.94,2.33,5.90,4.82,2.98,5.66,11.82,22.19,65.53,9.21,4.64,5.16
54.40,54.4,26/11/2025 18:15:40,8.646,10.851,,15.8,882952.0,586043.0,971743.56,3077.13,1560.13,5852.75,1010.47,11610.44,462.52,45.20,51.58,2044.57,76.66,347.42,100.74,1493.74,64.57,28.32,15.10,115.17,46.91,57.16,27.41,60.28,11.39,3300.55,301.99,4.15,0.50,116.49,19.49,7.37,2.26,0.00,0.00,11.22,2.10,6.78,3.60,3.28,4.24,12.46,20.08,58.36,8.42,3.60,4.46,54127.00,5102.74,2587.13,11058.56,1909.25,24838.62,989.49,103.56,118.18,5105.09,191.41,418.51,121.36,2090.04,90.35,47.26,25.19,205.60,83.75,83.54,40.06,86.61,16.36,4718.94,431.77,5.28,0.63,145.82,24.40,9.18,2.81,0.00,0.00,13.27,2.48,9.15,4.86,4.37,5.65,13.91,22.42,62.86,9.07,4.08,5.06
54.50,54.5,26/11/2025 18:16:24,6.865,11.377,,15.8,885670.0,588458.0,972719.64,3082.10,1596.31,5692.87,987.82,11042.93,443.85,135.74,80.25,1936.78,73.55,349.03,100.51,1404.81,63.77,44.64,18.94,110.85,46.66,70.69,29.58,21.08,4.37,3202.76,292.64,3.77,0.49,78.49,9.67,9.48,2.34,0.00,0.00,9.49,1.93,6.15,3.53,1.02,4.23,12.31,20.00,60.44,8.47,4.92,4.54,52230.31,5110.97,2647.13,10756.47,1866.45,23624.53,949.55,311.03,183.88,4835.96,183.65,420.45,121.08,1965.62,89.23,74.48,31.60,197.89,83.30,103.32,43.23,30.29,6.28,4579.12,418.40,4.80,0.62,98.25,12.11,11.81,2.91,0.00,0.00,11.22,2.28,8.31,4.77,1.36,5.64,13.74,22.33,65.11,9.12,5.59,5.15
54.60,54.6,26/11/2025 18:16:58,8.403,11.442,1181242.481,15.8,886350.0,590391.0,972986.04,2612.96,1608.34,5715.47,990.27,10918.54,439.14,46.39,51.20,2009.08,75.38,397.44,105.08,1437.38,63.69,28.88,15.10,101.89,46.65,81.49,31.67,64.65,12.13,3394.12,311.23,3.86,0.51,93.85,13.27,7.96,2.29,0.00,0.00,10.88,2.05,4.42,3.55,2.54,4.33,19.62,20.06,57.47,8.55,5.08,4.51,51642.20,4333.00,2667.07,10799.17,1871.08,23358.42,939.48,106.29,117.32,5016.48,188.23,478.76,126.58,2011.19,89.11,48.19,25.20,181.89,83.28,119.10,46.29,92.89,17.43,4852.72,444.98,4.91,0.64,117.48,16.61,9.91,2.85,0.00,0.00,12.87,2.42,5.98,4.79,3.38,5.78,21.90,22.40,61.90,9.21,5.76,5.12
54.70,54.7,26/11/2025 18:17:32,8.584,7.871,,15.8,892292.0,592474.0,972960.75,2510.75,1617.97,5701.79,989.96,10548.61,427.73,3.92,3.76,2312.14,83.53,397.07,105.62,1401.78,63.96,25.55,15.12,103.27,46.75,74.17,30.31,60.19,11.41,3670.32,338.02,3.84,0.51,110.20,17.58,10.54,2.39,0.00,0.00,9.05,1.92,3.37,3.60,1.83,4.29,23.46,20.11,64.01,8.64,3.37,4.51,51667.85,4163.51,2683.05,10773.33,1870.49,22567.02,915.07,8.98,8.62,5773.20,208.56,478.31,127.22,1961.38,89.49,42.63,25.23,184.36,83.45,108.40,44.31,86.48,16.40,5247.62,483.29,4.89,0.64,137.95,22.01,13.12,2.97,0.00,0.00,10.70,2.27,4.56,4.86,2.44,5.72,26.20,22.45,68.96,9.31,3.82,5.12
54.80,54.8,26/11/2025 18:18:06,9.606,5.753,,15.8,900320.0,596511.0,972593.32,2285.38,1623.71,5540.78,967.40,10798.28,436.73,104.22,64.75,2308.27,83.90,74.06,63.30,1449.56,64.43,52.09,21.09,102.60,47.08,52.52,26.84,44.16,8.72,4371.79,406.49,3.95,0.52,116.64,19.22,10.39,2.38,0.05,0.19,9.88,2.01,9.03,3.73,2.81,4.45,8.05,20.26,58.36,8.60,3.81,4.66,52408.49,3789.79,2692.56,10469.10,1827.86,23101.15,934.30,238.81,148.36,5763.54,209.49,89.22,76.25,2028.23,90.16,86.91,35.19,183.17,84.05,76.75,39.22,63.45,12.53,6250.54,581.17,5.03,0.66,146.00,24.06,12.93,2.96,0.07,0.25,11.69,2.37,12.20,5.04,3.74,5.93,8.98,22.62,62.87,9.26,4.32,5.29
54.90,54.9,26/11/2025 18:18:40,7.710,15.076,,15.7,899865.0,602006.0,971394.46,3303.45,1688.13,5527.54,966.17,11336.34,454.66,80.19,52.64,2130.97,79.09,383.49,104.81,1472.17,64.97,48.44,20.22,87.96,47.22,75.99,30.95,63.46,12.05,3877.18,358.12,3.96,0.52,111.30,17.74,10.06,2.40,0.01,0.19,6.65,1.67,3.83,3.73,3.46,4.46,13.27,20.41,62.40,8.72,3.40,4.60,54444.68,5478.03,2799.39,10444.08,1825.55,24252.23,972.67,183.75,120.62,5320.82,197.49,461.95,126.25,2059.87,90.91,80.82,33.74,157.03,84.30,111.07,45.23,91.19,17.32,5543.38,512.03,5.04,0.66,139.33,22.21,12.53,2.99,0.02,0.25,7.86,1.98,5.18,5.04,4.62,5.95,14.81,22.79,67.21,9.40,3.86,5.22
55.00,55.0,26/11/2025 18:19:24,8.480,10.577,,15.7,906487.0,605635.0,971080.37,2956.44,1657.30,6209.64,1067.10,11374.01,455.75,112.17,68.63,2192.54,80.95,366.70,103.71,1456.09,65.43,23.48,15.45,92.77,47.49,69.47,29.81,40.97,8.21,3762.78,347.04,3.68,0.49,140.22,26.86,9.41,2.39,0.00,0.00,8.27,1.87,2.86,3.73,3.29,4.48,23.42,20.50,67.89,8.97,3.53,4.71,55237.21,4902.59,2748.27,11732.88,2016.25,24332.82,975.01,257.02,157.25,5474.57,202.12,441.73,124.93,2037.37,91.54,39.17,25.78,165.62,84.78,101.54,43.58,58.86,11.80,5379.81,496.17,4.68,0.63,175.52,33.62,11.71,2.97,0.00,0.00,9.77,2.22,3.87,5.04,4.39,5.97,26.15,22.89,73.13,9.66,4.01,5.34
55.10,55.1,26/11/2025 18:19:58,8.130,10.913,1181247.176,15.7,901087.0,600694.0,972893.38,2671.52,1636.01,5444.11,952.11,11068.78,445.65,31.16,51.70,2221.26,82.00,323.70,100.11,1503.02,65.42,92.69,29.43,103.06,47.65,57.92,27.82,34.42,7.01,3330.29,305.19,3.68,0.49,114.98,19.10,8.99,2.25,0.00,0.00,12.12,2.22,5.51,3.64,2.85,4.36,9.36,20.53,62.85,8.59,4.34,4.62,52009.70,4430.11,2712.95,10286.45,1798.97,23679.84,953.39,71.40,118.46,5546.28,204.75,389.93,120.59,2103.04,91.54,154.65,49.10,183.99,85.07,84.65,40.66,49.46,10.07,4761.46,436.34,4.68,0.62,143.94,23.90,11.19,2.80,0.00,0.00,14.34,2.63,7.44,4.91,3.80,5.81,10.45,22.92,67.71,9.26,4.92,5.24
55.20,55.2,26/11/2025 18:20:32,9.079,2.445,,15.8,897610.0,594851.0,972785.08,2991.94,1636.95,5835.18,1009.98,11078.97,445.75,2.36,2.32,1956.16,74.73,408.16,107.37,1471.94,64.78,48.17,20.36,108.23,47.62,62.20,28.44,53.86,10.45,2982.83,271.60,3.91,0.50,104.00,16.07,8.14,2.30,0.00,0.00,13.72,2.29,7.60,3.58,1.41,4.28,7.96,20.43,62.32,8.47,5.85,4.52,52092.30,4961.46,2714.51,11025.36,1908.33,23701.62,953.60,5.40,5.31,4884.34,186.60,491.68,129.34,2059.55,90.64,80.37,33.97,193.22,85.01,90.91,41.57,77.38,15.01,4264.68,388.31,4.98,0.63,130.19,20.12,10.13,2.86,0.00,0.00,16.22,2.71,10.27,4.84,1.88,5.71,8.89,22.81,67.13,9.12,6.64,5.13
55.30,55.3,26/11/2025 18:21:06,8.704,11.506,,15.8,893409.0,590438.0,971652.84,3285.99,1638.54,5698.42,988.24,11521.56,459.58,161.98,93.29,1791.27,69.51,415.80,107.43,1531.31,65.11,23.72,15.33,101.85,47.22,59.53,27.95,89.61,16.31,3409.10,312.60,3.85,0.50,134.67,25.20,7.79,2.25,0.00,0.00,16.46,2.48,8.35,3.64,1.52,4.30,21.46,20.32,57.81,8.56,5.11,4.61,53971.05,5449.08,2717.14,10766.95,1867.24,24648.48,983.20,371.15,213.77,4472.63,173.55,500.87,129.41,2142.62,91.10,39.57,25.58,181.82,84.30,87.01,40.85,128.75,23.43,4874.14,446.93,4.91,0.63,168.58,31.54,9.69,2.80,0.00,0.00,19.47,2.93,11.27,4.92,2.03,5.74,23.96,22.69,62.28,9.22,5.80,5.23
55.40,55.4,26/11/2025 18:21:40,10.840,4.562,,15.8,894970.0,590268.0,970103.28,3161.73,1614.57,5894.66,1019.59,12148.65,481.48,87.01,56.11,2225.07,81.53,396.79,106.04,1474.60,65.08,34.26,16.00,76.21,47.24,61.52,28.44,65.65,12.39,4023.42,372.17,3.89,0.51,129.68,23.15,9.05,2.39,0.00,0.00,11.72,2.22,9.43,3.72,1.47,4.36,16.11,20.48,61.55,8.68,4.24,4.80,57093.33,5243.02,2677.40,11137.74,1926.48,25990.03,1030.05,199.36,128.58,5555.80,203.57,477.98,127.73,2063.27,91.05,57.17,26.70,136.04,84.34,89.92,41.56,94.33,17.80,5752.45,532.11,4.95,0.65,162.33,28.98,11.26,2.98,0.00,0.00,13.86,2.62,12.74,5.02,1.97,5.81,17.99,22.86,66.31,9.35,4.81,5.45
55.50,55.5,26/11/2025 18:22:24,8.905,9.257,,15.8,896251.0,596058.0,973055.64,1914.81,1617.46,5867.61,1015.81,11437.71,457.11,50.05,52.62,2006.98,75.96,393.45,105.71,1387.45,63.69,28.94,15.26,92.21,46.95,64.96,28.77,93.29,16.89,3378.85,309.86,3.88,0.50,115.43,19.22,10.16,2.34,0.00,0.00,12.20,2.17,9.15,3.67,2.05,4.32,15.22,20.24,56.45,8.53,3.53,4.54,51818.35,3175.28,2682.19,11086.63,1919.34,24469.10,977.92,114.67,120.56,5011.24,189.67,473.96,127.34,1941.33,89.11,48.29,25.46,164.61,83.81,94.94,42.04,134.04,24.27,4830.88,443.02,4.93,0.63,144.49,24.06,12.65,2.91,0.00,0.00,14.43,2.57,12.35,4.96,2.73,5.76,17.00,22.60,60.81,9.19,4.00,5.15
55.60,55.6,26/11/2025 18:22:58,9.364,11.510,1181241.286,15.8,897201.0,600500.0,971498.80,4027.95,1662.92,5491.41,958.38,10922.09,440.75,65.41,45.08,2114.15,78.55,410.07,107.18,1445.47,64.72,20.00,15.24,133.67,47.66,65.76,29.05,39.16,7.84,3504.99,321.97,3.92,0.51,141.79,27.59,8.68,2.29,0.00,0.00,11.31,2.11,4.58,3.68,2.53,4.40,22.03,20.30,60.93,8.70,5.31,4.65,54114.54,6679.45,2757.58,10375.81,1810.82,23366.02,942.91,149.88,103.29,5278.83,196.14,493.97,129.11,2022.50,90.56,33.37,25.42,238.63,85.09,96.11,42.45,56.26,11.27,5011.23,460.34,4.99,0.64,177.48,34.54,10.80,2.85,0.00,0.00,13.38,2.49,6.18,4.97,3.37,5.87,24.59,22.67,65.64,9.37,6.03,5.28
55.70,55.7,26/11/2025 18:23:32,8.682,11.111,,15.7,902141.0,602890.0,971731.18,2972.69,1596.02,5919.55,1021.72,11022.34,443.87,46.29,52.05,2187.98,80.47,360.63,102.60,1381.35,64.19,27.86,15.36,121.19,47.78,62.72,28.59,63.17,12.03,3882.58,358.72,4.16,0.52,116.20,19.20,8.11,2.36,0.00,0.00,7.04,1.72,1.86,3.68,2.70,4.42,15.45,20.42,61.47,8.80,3.52,4.71,53890.28,4929.54,2646.64,11184.77,1930.50,23580.47,949.60,106.06,119.27,5463.17,200.94,434.41,123.60,1932.79,89.81,46.49,25.63,216.35,85.30,91.67,41.79,90.76,17.28,5551.09,512.88,5.29,0.66,145.45,24.04,10.09,2.94,0.00,0.00,8.32,2.03,2.51,4.96,3.60,5.89,17.25,22.80,66.21,9.47,3.99,5.34
55.80,55.8,26/11/2025 18:24:06,8.121,15.411,,15.7,897062.0,601489.0,972819.86,3201.19,1661.28,5202.11,917.38,10815.63,437.16,25.59,21.23,2141.71,79.27,346.15,100.61,1444.53,64.11,33.26,15.77,84.68,47.06,59.22,27.88,122.87,21.78,3471.13,318.76,3.67,0.50,127.89,23.05,10.16,2.32,0.00,0.00,7.90,1.80,4.82,3.68,2.02,4.33,8.71,20.33,62.83,8.76,4.08,4.63,51830.91,5308.45,2754.86,9829.18,1733.36,23138.25,935.24,58.65,48.66,5347.65,197.93,416.97,121.19,2021.19,89.70,55.49,26.30,151.16,84.02,86.56,40.75,176.54,31.29,4962.83,455.75,4.67,0.63,160.09,28.85,12.65,2.89,0.00,0.00,9.34,2.13,6.50,4.97,2.70,5.77,9.73,22.70,67.69,9.43,4.63,5.25
55.90,55.9,26/11/2025 18:24:40,7.540,10.057,,15.7,898584.0,602777.0,972908.25,2574.69,1612.69,5730.72,995.54,10806.71,436.86,43.42,52.50,2169.77,80.47,391.76,105.75,1462.99,64.87,76.56,26.41,69.32,46.82,62.24,28.45,106.55,19.15,3381.74,310.14,3.92,0.51,116.35,19.49,8.26,2.36,0.00,0.00,7.50,1.78,5.62,3.69,2.45,4.40,9.13,20.36,58.74,8.62,3.32,4.60,51841.28,4269.55,2674.28,10827.98,1881.03,23119.17,934.59,99.50,120.29,5417.71,200.93,471.91,127.39,2047.03,90.76,127.73,44.07,123.74,83.58,90.97,41.58,153.09,27.51,4835.02,443.43,4.98,0.64,145.65,24.39,10.28,2.93,0.00,0.00,8.87,2.10,7.59,4.99,3.27,5.87,10.19,22.74,63.28,9.29,3.77,5.21
56.00,56.0,26/11/2025 18:25:24,7.622,13.292,,15.7,901728.0,603285.0,972210.20,2203.46,1589.41,6234.11,1069.15,10996.68,442.95,34.89,27.48,2165.68,80.39,389.99,105.74,1474.21,64.85,28.69,15.34,107.07,47.41,46.39,26.08,87.91,16.11,3785.60,349.26,3.45,0.49,128.53,23.05,7.07,2.37,0.00,0.00,5.55,1.49,3.79,3.70,1.53,4.44,22.63,20.38,58.28,8.66,4.29,4.60,53104.88,3653.95,2635.69,11779.12,2020.13,23525.58,947.62,79.95,62.98,5407.49,200.71,469.78,127.38,2062.72,90.74,47.87,25.60,191.14,84.64,67.81,38.12,126.32,23.15,5412.44,499.35,4.39,0.62,160.89,28.85,8.80,2.94,0.00,0.00,6.56,1.76,5.12,5.00,2.04,5.92,25.27,22.76,62.78,9.33,4.87,5.22
56.10,56.1,26/11/2025 18:25:58,9.303,11.179,1181241.883,15.8,897296.0,602173.0,973419.59,2086.10,1578.34,5460.39,953.90,10711.05,433.42,35.07,27.53,2050.15,76.73,370.31,102.50,1450.77,64.04,44.22,18.99,113.45,47.11,61.11,28.12,44.86,8.87,3917.80,362.24,3.61,0.50,134.21,24.96,6.95,2.33,0.00,0.00,5.77,1.53,2.14,3.68,3.33,4.41,10.97,20.18,64.53,8.76,3.62,4.59,50679.24,3459.33,2617.33,10317.19,1802.37,22914.53,927.23,80.35,63.09,5119.03,191.60,446.08,123.48,2029.92,89.60,73.78,31.69,202.52,84.09,89.32,41.10,64.46,12.74,5601.45,517.91,4.60,0.64,167.99,31.24,8.66,2.91,0.00,0.00,6.83,1.81,2.90,4.97,4.45,5.88,12.25,22.53,69.51,9.44,4.10,5.21
56.20,56.2,26/11/2025 18:26:32,9.818,6.745,,15.7,898515.0,603692.0,972269.96,3300.37,1703.32,5666.31,986.16,10526.07,427.67,67.51,46.01,2396.50,86.06,174.68,84.01,1429.59,64.20,55.41,21.93,102.96,47.22,64.64,28.78,81.87,15.06,3610.22,332.27,3.69,0.50,146.02,29.09,5.78,2.27,0.00,0.00,8.05,1.82,4.29,3.68,1.71,4.40,12.73,20.31,67.64,8.89,4.03,4.66,53001.14,5472.92,2824.57,10706.28,1863.31,22518.79,914.92,154.69,105.42,5983.82,214.88,210.42,101.20,2000.29,89.83,92.44,36.59,183.80,84.30,94.47,42.06,117.64,21.63,5161.69,475.06,4.70,0.64,182.78,36.42,7.19,2.82,0.00,0.00,9.52,2.16,5.80,4.97,2.28,5.87,14.21,22.68,72.86,9.58,4.57,5.28
56.30,56.3,26/11/2025 18:27:06,9.082,10.184,,15.7,898073.0,602280.0,970848.40,4554.40,1682.32,5779.54,1000.25,10768.60,435.14,54.56,38.94,1958.68,74.49,438.09,110.03,1464.09,64.94,34.66,16.19,124.33,47.81,74.98,30.74,88.64,16.23,3602.51,331.39,3.57,0.51,107.13,16.65,8.50,2.38,0.00,0.00,8.04,1.82,1.85,3.68,2.05,4.47,14.32,20.41,58.69,8.58,4.37,4.61,55017.78,7552.44,2789.75,10920.22,1889.93,23037.64,930.90,125.02,89.22,4890.63,185.98,527.73,132.54,2048.56,90.87,57.83,27.02,221.95,85.35,109.58,44.93,127.37,23.31,5150.67,473.80,4.54,0.65,134.10,20.85,10.59,2.97,0.00,0.00,9.50,2.15,2.51,4.97,2.73,5.96,15.99,22.79,63.23,9.24,4.95,5.23
56.40,56.4,26/11/2025 18:27:41,8.876,13.098,,15.8,897353.0,601069.0,972314.35,2898.63,1675.92,5663.94,986.19,11138.54,447.85,100.46,63.09,2037.95,76.73,374.07,103.76,1436.22,64.48,78.39,26.72,107.39,47.20,76.26,30.88,97.56,17.63,3462.83,317.91,3.72,0.49,110.15,17.59,9.68,2.36,0.00,0.00,6.21,1.59,3.01,3.63,1.11,4.41,12.29,20.30,63.02,8.68,4.21,4.60,52895.58,4806.74,2779.13,10701.80,1863.37,23829.08,958.09,230.20,144.57,5088.55,191.59,450.60,124.99,2009.57,90.22,130.79,44.58,191.71,84.26,111.46,45.13,140.18,25.34,4950.96,454.53,4.74,0.63,137.88,22.02,12.05,2.93,0.00,0.00,7.34,1.88,4.06,4.91,1.48,5.88,13.72,22.66,67.89,9.35,4.78,5.22
56.50,56.5,26/11/2025 18:28:24,9.014,7.474,,15.8,896315.0,596194.0,972131.15,2822.97,1617.69,5936.71,1024.48,11269.37,452.01,98.78,62.30,2042.85,77.11,358.85,102.61,1442.45,64.62,47.15,19.78,94.87,47.16,59.87,28.06,7.69,1.70,3485.57,320.15,4.12,0.51,84.61,10.97,7.71,2.23,0.00,0.00,9.33,1.90,5.01,3.60,1.29,4.33,23.66,20.36,63.50,8.69,2.49,4.48,53353.08,4681.26,2682.57,11217.20,1935.71,24108.96,966.99,226.33,142.76,5100.80,192.54,432.28,123.61,2018.28,90.41,78.67,33.01,169.36,84.19,87.51,41.01,11.06,2.44,4983.47,457.73,5.24,0.65,105.91,13.74,9.60,2.78,0.00,0.00,11.04,2.25,6.77,4.86,1.71,5.78,26.41,22.74,68.41,9.36,2.82,5.08
56.60,56.6,26/11/2025 18:28:59,8.287,9.988,1181242.281,15.8,891034.0,595496.0,974802.48,1921.93,1647.98,5329.38,935.61,10605.56,429.56,40.38,30.70,1820.46,70.32,305.53,96.60,1412.43,63.69,60.47,23.01,131.48,46.91,69.05,29.27,63.22,11.91,3280.73,300.41,3.89,0.50,51.00,4.56,7.03,2.20,0.00,0.00,10.87,2.05,4.71,3.54,1.48,4.31,16.33,19.99,57.14,8.34,4.45,4.40,48329.49,3187.09,2732.81,10069.66,1767.81,22688.84,918.98,92.52,70.35,4545.52,175.58,368.05,116.36,1976.28,89.11,100.90,38.39,234.72,83.74,100.92,42.78,90.83,17.12,4690.60,429.51,4.95,0.63,63.84,5.71,8.74,2.74,0.00,0.00,12.86,2.42,6.36,4.78,1.98,5.74,18.23,22.32,61.56,8.98,5.05,4.99
56.70,56.7,26/11/2025 18:29:33,8.297,12.966,,15.8,887941.0,592714.0,973881.39,1992.57,1621.75,5521.93,961.72,10916.82,439.09,43.50,51.21,2103.01,77.66,330.81,98.64,1390.60,63.23,22.43,15.14,77.79,46.53,83.34,32.01,67.79,12.65,3388.43,310.74,3.59,0.48,79.74,9.94,7.99,2.29,0.00,0.00,8.23,1.80,4.43,3.52,0.91,4.29,13.12,20.11,57.19,8.38,4.38,4.53,50239.95,3304.22,2689.31,10433.47,1817.13,23354.74,939.37,99.68,117.34,5251.02,193.91,398.49,118.83,1945.74,88.47,37.43,25.26,138.86,83.07,121.81,46.79,97.40,18.17,4844.59,444.27,4.57,0.62,99.81,12.45,9.95,2.84,0.00,0.00,9.74,2.13,5.99,4.75,1.22,5.72,14.65,22.45,61.61,9.03,4.97,5.13
56.80,56.8,26/11/2025 18:30:06,8.232,11.045,,15.8,887364.0,592268.0,974058.21,2940.33,1609.86,5221.58,917.74,10558.44,427.54,68.48,45.87,1761.21,68.46,383.53,103.62,1371.01,63.21,38.52,17.14,114.45,46.54,65.46,28.60,74.81,13.80,3110.67,283.93,3.90,0.50,126.75,22.97,8.45,2.27,0.00,0.00,8.84,1.86,2.28,3.52,2.51,4.26,21.33,19.94,55.41,8.35,3.82,4.49,49462.80,4875.88,2669.59,9865.99,1734.04,22588.04,914.64,156.92,105.11,4397.57,170.94,462.00,124.82,1918.32,88.45,64.28,28.60,204.31,83.09,95.68,41.79,107.49,19.84,4447.46,405.94,4.97,0.63,158.66,28.75,10.52,2.83,0.00,0.00,10.45,2.20,3.09,4.75,3.35,5.68,23.81,22.27,59.69,8.99,4.33,5.09
56.90,56.9,26/11/2025 18:30:40,9.153,15.345,,15.8,892460.0,596362.0,973448.46,2583.76,1632.97,5502.18,959.34,10745.00,433.59,38.52,50.85,1998.55,75.16,479.71,112.87,1404.33,63.66,50.64,20.92,70.63,46.84,57.36,27.55,60.29,11.49,3348.83,306.93,3.86,0.49,121.19,21.04,8.82,2.30,0.11,0.18,8.90,1.89,3.08,3.59,2.77,4.33,5.56,20.33,54.25,8.18,3.18,4.55,50712.56,4284.59,2707.91,10396.16,1812.63,22987.16,927.59,88.25,116.51,4990.18,187.66,577.87,135.96,1964.95,89.08,84.48,34.91,126.09,83.63,83.84,40.27,86.63,16.51,4787.97,438.83,4.91,0.62,151.71,26.34,10.98,2.86,0.15,0.24,10.53,2.24,4.16,4.85,3.70,5.77,6.21,22.70,58.44,8.81,3.61,5.17
57.00,57.0,26/11/2025 18:31:25,8.514,11.375,,15.7,901056.0,602134.0,970495.28,4243.79,1672.25,5583.87,970.81,11536.21,460.95,34.18,27.20,2249.28,82.46,395.05,106.45,1478.06,65.29,32.36,15.55,71.37,47.71,46.84,26.42,48.86,9.62,3569.82,328.24,3.69,0.50,109.77,17.39,7.96,2.33,0.00,0.00,8.08,1.85,5.54,3.67,2.08,4.44,10.47,20.71,64.27,8.86,3.20,4.68,56186.57,7037.38,2773.05,10550.51,1834.30,24679.81,986.13,78.31,62.33,5616.22,205.90,475.88,128.23,2068.11,91.35,53.99,25.95,127.40,85.17,68.45,38.61,70.20,13.83,5103.93,469.30,4.69,0.64,137.41,21.77,9.91,2.89,0.00,0.00,9.56,2.19,7.48,4.95,2.77,5.92,11.68,23.12,69.23,9.54,3.63,5.31
57.10,57.1,26/11/2025 18:31:59,8.767,15.941,1181240.430,15.7,900002.0,600643.0,970560.78,4342.10,1664.66,6000.77,1034.26,11222.43,450.50,59.33,41.48,2111.67,78.68,320.55,99.39,1452.88,65.08,44.11,19.03,58.85,47.18,62.92,28.74,49.48,9.69,3485.02,320.05,3.68,0.49,122.99,21.38,7.44,2.28,0.00,0.00,8.69,1.86,3.30,3.68,1.85,4.35,14.62,20.55,61.44,8.64,5.10,4.58,55972.56,7200.40,2760.47,11338.24,1954.19,24008.54,963.77,135.95,95.05,5272.63,196.45,386.14,119.73,2032.88,91.06,73.61,31.75,105.06,84.23,91.96,42.01,71.09,13.92,4982.68,457.59,4.68,0.63,153.95,26.76,9.26,2.84,0.00,0.00,10.28,2.20,4.46,4.98,2.47,5.80,16.32,22.94,66.18,9.30,5.79,5.19
57.20,57.2,26/11/2025 18:32:33,10.626,16.204,,15.7,899006.0,599906.0,973278.09,2400.09,1624.19,5558.74,969.74,10690.37,432.96,24.91,20.77,2193.54,80.54,348.96,100.98,1490.39,64.74,74.58,26.10,100.80,47.10,72.65,30.19,83.52,15.41,3439.65,315.75,4.09,0.51,131.52,24.25,8.46,2.27,0.00,0.00,11.66,2.14,6.47,3.69,2.19,4.39,10.79,20.29,65.18,8.71,3.35,4.54,51133.43,3980.01,2693.35,10503.02,1832.29,22870.27,926.26,57.07,47.59,5477.05,201.09,420.36,121.64,2085.37,90.58,124.44,43.55,179.94,84.07,106.18,44.12,120.01,22.13,4917.82,451.44,5.21,0.65,164.63,30.35,10.53,2.82,0.00,0.00,13.79,2.53,8.74,4.98,2.93,5.85,12.05,22.65,70.21,9.38,3.80,5.15
57.30,57.3,26/11/2025 18:33:06,9.153,20.105,,15.8,892634.0,591277.0,972462.89,3112.96,1634.87,5685.91,986.57,10557.73,427.91,48.13,35.18,2275.20,82.90,399.32,105.76,1437.97,64.24,48.61,20.13,140.29,47.46,58.77,27.75,65.65,12.39,3455.63,317.15,3.49,0.49,126.04,22.42,8.93,2.31,0.00,0.00,10.16,2.01,12.47,3.72,0.79,4.30,19.81,20.18,64.67,8.78,4.60,4.57,52528.91,5162.14,2711.06,10743.31,1864.08,22586.51,915.44,110.27,80.61,5680.96,207.00,481.02,127.40,2012.01,89.89,81.11,33.59,250.45,84.72,85.89,40.56,94.32,17.80,4940.67,453.44,4.44,0.62,157.77,28.07,11.12,2.87,0.00,0.00,12.01,2.37,16.85,5.03,1.05,5.74,22.12,22.53,69.67,9.45,5.21,5.18
57.40,57.4,26/11/2025 18:33:40,8.773,19.045,,15.9,884847.0,582731.0,972406.57,3937.07,1653.65,5390.76,941.33,10504.00,426.00,88.76,56.57,2109.52,77.85,312.24,96.70,1517.47,64.50,42.43,18.29,135.35,47.13,84.29,32.18,35.43,7.06,3205.69,292.87,3.67,0.49,108.97,17.38,7.78,2.27,0.00,0.00,15.32,2.40,10.01,3.60,1.07,4.20,18.88,20.03,60.66,8.51,4.06,4.51,52500.68,6528.76,2742.21,10185.64,1778.62,22471.57,911.37,203.39,129.62,5267.26,194.40,376.12,116.48,2123.25,90.25,70.79,30.52,241.63,84.13,123.19,47.03,50.90,10.14,4583.31,418.73,4.67,0.62,136.41,21.76,9.68,2.82,0.00,0.00,18.11,2.83,13.52,4.86,1.43,5.60,21.08,22.36,65.34,9.16,4.61,5.12
57.50,57.5,26/11/2025 18:34:24,9.685,18.450,,15.8,885174.0,584814.0,974154.16,2770.58,1594.74,5210.38,912.84,10332.89,419.27,88.94,56.29,2156.01,79.48,123.99,75.70,1383.48,63.13,53.69,21.30,69.49,46.02,57.37,27.28,60.86,11.51,3340.42,306.16,4.00,0.50,85.39,11.28,9.65,2.31,0.00,0.00,13.32,2.22,4.47,3.54,1.66,4.21,8.81,19.99,66.01,8.62,4.45,4.41,49611.82,4594.39,2644.51,9844.81,1724.77,22105.50,896.95,203.80,128.98,5383.35,198.44,149.35,91.18,1935.77,88.34,89.58,35.54,124.06,82.15,83.85,39.88,87.44,16.54,4775.94,437.73,5.10,0.63,106.89,14.12,12.01,2.87,0.00,0.00,15.75,2.62,6.03,4.78,2.21,5.61,9.83,22.32,71.11,9.29,5.05,5.00
57.60,57.6,26/11/2025 18:34:58,9.568,16.336,1181241.819,15.8,880718.0,589092.0,974255.37,2610.11,1560.44,5174.90,906.26,10001.25,407.81,129.88,76.38,2041.77,76.00,445.99,109.11,1412.47,63.16,87.02,27.92,76.94,46.29,53.86,26.87,81.46,22.20,3404.21,312.32,3.71,0.49,120.49,20.84,8.16,2.23,0.00,0.00,9.81,1.95,7.43,3.61,1.59,4.24,6.81,20.10,62.14,8.56,4.63,4.56,49026.08,4328.29,2587.64,9777.78,1712.34,21396.03,872.44,297.61,175.01,5098.09,189.77,537.24,131.43,1976.33,88.37,145.20,46.58,137.35,82.64,78.72,39.27,117.04,31.90,4867.14,446.54,4.73,0.62,150.83,26.09,10.16,2.77,0.00,0.00,11.60,2.31,10.04,4.88,2.12,5.65,7.60,22.44,66.94,9.22,5.25,5.17
57.70,57.7,26/11/2025 18:35:32,9.484,11.636,,15.8,882120.0,589836.0,974611.41,2550.53,1566.67,5220.99,912.70,10062.97,409.86,139.22,81.13,1896.82,71.90,433.79,107.84,1353.94,62.75,29.11,15.08,45.83,45.94,66.00,28.76,20.24,4.23,3383.85,310.37,3.37,0.48,88.10,11.94,9.58,2.26,0.00,0.00,9.75,1.94,3.03,3.56,3.08,4.24,9.66,20.04,54.85,8.14,3.87,4.44,48409.04,4229.48,2597.98,9864.86,1724.51,21528.06,876.83,319.01,185.90,4736.18,179.52,522.54,129.90,1894.44,87.81,48.57,25.17,81.82,82.00,96.47,42.04,29.08,6.08,4838.03,443.74,4.29,0.61,110.28,14.95,11.92,2.82,0.00,0.00,11.53,2.29,4.10,4.81,4.11,5.66,10.79,22.37,59.09,8.77,4.39,5.04
57.80,57.8,26/11/2025 18:36:06,8.852,12.695,,15.8,879400.0,589849.0,976454.90,1594.55,1545.60,5063.66,890.40,9796.41,400.98,72.76,47.80,1648.27,65.17,357.70,99.96,1363.56,62.31,29.09,14.94,87.81,45.86,70.07,29.24,120.59,21.14,3134.64,286.33,3.64,0.48,106.70,16.99,10.19,2.25,0.00,0.00,9.48,1.91,3.63,3.52,1.71,4.15,5.49,19.77,62.05,8.39,3.08,4.32,44999.17,2644.21,2563.03,9567.59,1682.37,20957.80,857.82,166.73,109.52,4115.58,162.72,430.88,120.41,1907.90,87.19,48.54,24.93,156.76,81.86,102.41,42.73,173.27,30.38,4481.74,409.38,4.64,0.61,133.57,21.27,12.68,2.80,0.00,0.00,11.21,2.26,4.90,4.75,2.28,5.53,6.13,22.07,66.84,9.04,3.50,4.90
57.90,57.9,26/11/2025 18:36:40,8.688,12.033,,15.9,876830.0,586732.0,976442.44,1648.84,1538.30,5405.93,938.84,9678.51,396.16,5.19,4.84,1942.37,73.05,330.53,97.39,1342.82,61.95,19.41,14.84,34.16,45.39,47.13,25.66,34.02,6.84,2888.46,262.67,3.44,0.47,76.40,9.41,8.18,2.24,0.00,0.00,6.41,1.56,4.10,3.43,2.35,4.11,13.10,19.87,61.45,8.35,4.77,4.29,45346.50,2734.24,2550.92,10214.29,1773.90,20705.57,847.52,11.89,11.08,4849.91,182.41,398.16,117.31,1878.88,86.69,32.38,24.76,60.97,81.03,68.88,37.51,48.88,9.83,4129.75,375.56,4.38,0.60,95.64,11.79,10.18,2.78,0.00,0.00,7.58,1.85,5.54,4.64,3.13,5.48,14.62,22.18,66.20,9.00,5.41,4.87
58.00,58.0,26/11/2025 18:37:24,9.243,15.273,,15.9,874249.0,583167.0,974286.54,3659.17,1601.46,5487.35,950.67,9570.67,393.45,27.41,49.71,1801.88,69.27,343.55,98.75,1372.70,62.44,67.06,24.01,119.88,46.25,65.41,28.46,45.31,8.81,2959.33,269.24,3.39,0.46,89.48,12.37,9.69,2.24,0.00,0.00,9.08,1.84,8.87,3.51,1.13,4.12,8.97,19.77,58.72,8.29,4.41,4.42,48755.94,6067.91,2655.66,10368.14,1796.26,20474.86,841.71,62.80,113.91,4499.13,172.95,413.84,118.95,1920.69,87.36,111.90,40.07,214.00,82.56,95.61,41.59,65.10,12.65,4231.09,384.95,4.31,0.59,112.00,15.49,12.06,2.79,0.00,0.00,10.74,2.17,11.98,4.74,1.51,5.49,10.02,22.07,63.26,8.93,5.00,5.01
58.10,58.1,26/11/2025 18:37:59,7.956,20.565,1181238.383,15.9,872589.0,583973.0,975911.62,2187.50,1554.34,5372.86,936.07,9824.11,401.74,110.11,66.04,1784.92,68.61,358.19,100.08,1329.16,62.00,29.12,14.95,70.76,45.76,56.05,26.89,15.12,3.20,2770.41,251.20,3.93,0.47,83.30,10.99,9.76,2.23,0.00,0.00,8.09,1.74,4.65,3.44,3.60,4.15,7.06,19.84,56.31,8.15,3.37,4.23,46250.64,3627.47,2577.53,10151.82,1768.67,21017.07,859.45,252.31,151.32,4456.78,171.31,431.47,120.56,1859.77,86.75,48.58,24.94,126.31,81.70,81.92,39.30,21.72,4.59,3960.97,359.15,5.00,0.60,104.28,13.75,12.14,2.78,0.00,0.00,9.57,2.06,6.28,4.65,4.80,5.53,7.88,22.15,60.66,8.78,3.83,4.79
58.20,58.2,26/11/2025 18:38:33,8.963,20.300,,15.9,875425.0,583013.0,974498.40,2784.06,1540.57,5247.30,916.12,10260.75,416.45,136.78,79.95,1930.59,72.68,353.50,99.74,1345.34,62.40,30.69,14.96,105.26,46.19,67.79,28.90,52.85,10.08,2990.91,272.30,3.82,0.49,93.06,13.26,8.25,2.23,0.00,0.00,7.17,1.65,5.08,3.48,2.75,4.13,12.92,19.82,57.71,8.28,5.00,4.39,48847.93,4616.74,2554.68,9914.58,1730.97,21951.19,890.93,313.40,183.20,4820.51,181.48,425.83,120.14,1882.40,87.31,51.21,24.97,187.92,82.46,99.08,42.24,75.94,14.49,4276.24,389.32,4.87,0.62,116.49,16.59,10.26,2.78,0.00,0.00,8.48,1.95,6.86,4.70,3.67,5.50,14.43,22.13,62.17,8.92,5.68,4.98
58.30,58.3,26/11/2025 18:39:07,7.630,16.794,,15.9,870907.0,577978.0,975298.69,2612.66,1601.06,5233.35,913.56,9879.79,403.16,45.54,33.08,1930.61,72.78,353.27,100.08,1343.09,62.27,52.35,20.64,75.41,45.43,51.36,26.16,59.83,11.23,2859.16,259.63,3.48,0.47,97.77,14.57,7.51,2.17,0.00,0.00,8.92,1.82,7.88,3.48,0.86,4.05,17.43,19.72,57.57,8.15,3.47,4.26,47301.39,4332.52,2655.00,9888.21,1726.14,21136.19,862.49,104.35,75.81,4820.54,181.74,425.55,120.56,1879.26,87.13,87.34,34.44,134.63,81.11,75.07,38.23,85.96,16.14,4087.86,371.20,4.42,0.60,122.39,18.24,9.34,2.70,0.00,0.00,10.55,2.16,10.65,4.70,1.15,5.40,19.46,22.02,62.01,8.78,3.94,4.84
58.40,58.4,26/11/2025 18:39:41,7.685,18.516,,15.9,871747.0,581305.0,975287.58,2690.04,1585.92,5163.99,902.31,9614.35,394.21,30.32,23.84,2070.78,76.40,180.34,82.72,1267.79,61.15,28.85,14.77,85.66,45.41,72.96,29.69,59.72,11.18,3239.64,296.41,3.66,0.48,96.46,14.13,7.35,2.17,0.00,0.00,10.31,1.96,5.92,3.47,1.01,4.09,16.57,19.61,62.24,8.31,4.46,4.38,47289.52,4460.84,2629.89,9757.17,1704.89,20568.31,843.35,69.48,54.63,5170.55,190.75,217.23,99.64,1773.89,85.57,48.13,24.65,152.92,81.06,106.64,43.39,85.81,16.06,4631.86,423.79,4.66,0.62,120.74,17.69,9.15,2.70,0.00,0.00,12.20,2.32,8.00,4.69,1.35,5.46,18.51,21.90,67.05,8.96,5.06,4.97
58.50,58.5,26/11/2025 18:40:25,7.232,20.035,,15.9,867571.0,579342.0,976088.60,2164.50,1496.53,5001.08,873.69,9670.96,394.87,129.86,75.35,1897.08,71.03,183.79,82.17,1396.66,62.01,73.71,25.19,115.32,45.75,52.97,26.25,57.06,10.71,2989.69,272.22,3.51,0.46,71.50,8.32,7.89,2.23,0.00,0.00,9.86,1.92,8.15,3.46,1.35,4.04,14.66,19.62,57.52,8.12,4.28,4.43,45912.30,3589.33,2481.67,9449.35,1650.80,20689.42,844.77,297.56,172.66,4736.83,177.35,221.39,98.98,1954.21,86.76,122.99,42.04,205.87,81.67,77.42,38.37,81.98,15.39,4274.50,389.21,4.47,0.59,89.51,10.42,9.82,2.77,0.00,0.00,11.67,2.27,11.01,4.67,1.80,5.39,16.36,21.90,61.96,8.75,4.85,5.03
58.60,58.6,26/11/2025 18:40:59,6.608,11.107,1181246.253,15.9,866333.0,579376.0,976686.56,1779.16,1588.49,4978.75,874.46,9563.70,392.27,110.30,66.71,2085.90,77.21,104.07,70.02,1289.24,61.21,63.80,23.17,94.75,45.21,60.98,27.42,54.32,10.23,2931.66,266.68,3.69,0.48,90.16,12.65,10.74,2.27,0.00,0.00,13.05,2.15,7.05,3.41,0.74,4.02,9.20,19.49,59.21,8.16,2.96,4.32,45076.34,2950.33,2634.16,9407.16,1652.26,20459.96,839.19,252.73,152.85,5208.29,192.79,125.36,84.34,1803.92,85.65,106.46,38.67,169.15,80.72,89.13,40.07,78.05,14.71,4191.52,381.28,4.70,0.61,112.87,15.83,13.37,2.83,0.00,0.00,15.43,2.54,9.53,4.61,0.98,5.35,10.28,21.76,63.78,8.79,3.36,4.90
58.70,58.7,26/11/2025 18:41:33,6.550,13.487,,15.9,869085.0,582154.0,976448.26,1969.80,1559.22,4870.98,858.77,9599.97,393.38,78.61,50.55,1808.48,69.30,323.50,96.16,1347.49,61.87,59.80,22.39,94.17,45.42,59.11,27.15,88.36,15.85,3066.33,279.66,3.58,0.47,78.13,9.74,8.05,2.17,0.00,0.00,9.05,1.84,8.10,3.44,1.22,4.10,13.98,19.58,57.36,8.14,5.68,4.35,45063.17,3266.47,2585.62,9203.53,1622.62,20537.56,841.57,180.13,115.83,4515.61,173.04,389.69,115.83,1885.42,86.57,99.78,37.36,168.10,81.08,86.39,39.69,126.96,22.78,4384.07,399.84,4.55,0.60,97.80,12.19,10.01,2.70,0.00,0.00,10.70,2.17,10.94,4.65,1.63,5.46,15.61,21.86,61.79,8.77,6.45,4.93
58.80,58.8,26/11/2025 18:42:07,7.021,13.821,,15.9,868048.0,583115.0,975821.59,2360.46,1598.82,5104.10,893.80,9734.51,398.14,40.80,50.40,1828.45,69.82,259.77,90.13,1295.38,61.53,30.21,14.83,97.87,45.61,67.16,28.62,27.85,5.63,3113.52,284.19,3.43,0.47,109.67,17.87,9.44,2.25,0.00,0.00,7.30,1.67,5.28,3.42,3.43,4.11,16.19,19.63,59.85,8.29,3.73,4.36,46243.41,3914.30,2651.28,9644.00,1688.80,20825.38,851.75,93.48,115.48,4565.45,174.33,312.93,108.57,1812.50,86.09,50.41,24.75,174.72,81.43,98.15,41.83,40.02,8.09,4451.53,406.31,4.37,0.60,137.29,22.37,11.75,2.80,0.00,0.00,8.64,1.97,7.14,4.62,4.57,5.48,18.08,21.91,64.47,8.93,4.24,4.94
58.90,58.9,26/11/2025 18:42:41,7.233,13.753,,15.9,868004.0,580566.0,974702.55,2746.60,1537.04,5481.97,948.33,9637.46,395.07,141.62,82.32,1924.43,72.32,429.32,106.64,1356.64,62.19,60.31,22.55,127.64,46.21,47.47,25.54,65.31,12.13,3091.30,281.89,3.34,0.47,88.50,12.09,9.45,2.27,0.00,0.00,7.94,1.75,5.76,3.45,2.27,4.12,7.07,19.70,59.70,8.31,3.35,4.34,48209.82,4554.61,2548.84,10357.98,1791.83,20617.76,845.19,324.50,188.64,4805.12,180.59,517.16,128.46,1898.21,87.02,100.62,37.63,227.86,82.50,69.38,37.34,93.84,17.42,4419.77,403.03,4.25,0.59,110.79,15.14,11.76,2.83,0.00,0.00,9.39,2.06,7.78,4.66,3.03,5.50,7.89,22.00,64.31,8.95,3.80,4.92
59.00,59.0,26/11/2025 18:43:24,7.320,13.684,,15.9,866749.0,576254.0,976611.30,1361.45,1517.40,5146.43,896.49,9802.92,399.41,21.14,17.33,1917.00,72.03,346.45,97.81,1275.77,61.03,68.78,24.40,48.04,45.09,43.69,24.95,25.08,5.11,3145.43,287.32,3.63,0.47,87.20,11.86,8.34,2.18,0.00,0.00,12.69,2.13,5.38,3.40,0.50,4.03,1.78,19.72,60.88,8.28,6.11,4.39,45009.97,2257.67,2516.27,9724.00,1693.88,20971.74,854.47,48.44,39.72,4786.58,179.86,417.33,117.82,1785.06,85.40,114.76,40.71,85.76,80.50,63.86,36.47,36.04,7.34,4497.15,410.79,4.61,0.60,109.16,14.84,10.38,2.71,0.00,0.00,15.00,2.51,7.26,4.59,0.67,5.38,1.99,22.02,65.58,8.92,6.93,4.98
59.10,59.1,26/11/2025 18:43:58,7.580,15.740,1181241.622,15.9,866627.0,577648.0,975131.27,3077.25,1605.22,5033.07,883.42,9683.57,396.72,62.25,42.26,1776.10,68.78,315.88,96.12,1479.74,63.35,31.62,14.89,74.50,45.63,55.60,26.77,18.08,3.75,3079.60,280.81,3.78,0.48,82.09,10.61,9.52,2.25,0.00,0.00,10.94,2.00,5.25,3.39,2.60,4.03,5.92,19.76,57.35,8.17,4.01,4.29,47269.38,5102.94,2661.90,9509.79,1669.20,20716.39,848.72,142.63,96.83,4434.75,171.75,380.51,115.78,2070.46,88.63,52.77,24.85,132.99,81.45,81.27,39.12,25.98,5.39,4403.05,401.49,4.82,0.61,102.76,13.28,11.85,2.81,0.00,0.00,12.94,2.36,7.09,4.58,3.47,5.38,6.61,22.06,61.78,8.80,4.54,4.87
59.20,59.2,26/11/2025 18:44:32,8.067,17.988,,15.9,865675.0,574964.0,974946.65,2182.86,1530.41,5425.64,940.74,10398.00,420.34,20.03,16.95,1836.39,70.08,165.12,80.13,1448.14,62.63,67.55,24.00,126.30,46.02,68.90,28.95,68.29,12.57,3062.69,279.12,3.52,0.47,78.67,9.81,8.32,2.23,0.00,0.00,11.71,2.08,4.64,3.39,2.25,4.05,10.85,19.62,59.06,8.20,4.42,4.38,48105.51,3619.78,2537.85,10251.55,1777.50,22244.81,899.26,45.90,38.84,4585.29,174.99,198.91,96.52,2026.24,87.64,112.71,40.04,225.47,82.15,100.70,42.31,98.12,18.07,4378.87,399.06,4.47,0.60,98.48,12.27,10.36,2.78,0.00,0.00,13.84,2.46,6.27,4.58,3.00,5.40,12.12,21.91,63.62,8.83,5.01,4.97
59.30,59.3,26/11/2025 18:45:06,7.121,20.166,,15.9,869833.0,575937.0,974246.14,2695.55,1604.11,5303.13,924.51,10515.92,424.08,107.13,64.53,1730.26,67.18,393.42,102.79,1465.98,63.36,81.98,26.77,64.74,45.55,75.40,30.31,18.76,3.92,3096.03,282.36,3.70,0.48,101.21,15.36,7.21,2.15,0.00,0.00,10.96,2.01,4.73,3.42,1.97,4.05,12.23,19.82,58.53,8.25,5.01,4.27,49138.79,4469.96,2660.05,10020.07,1746.83,22497.07,907.25,245.47,147.86,4320.29,167.75,473.92,123.83,2051.21,88.65,136.79,44.66,115.58,81.32,110.21,44.30,26.96,5.63,4426.53,403.70,4.70,0.61,126.69,19.22,8.98,2.68,0.00,0.00,12.97,2.37,6.39,4.62,2.63,5.41,13.65,22.13,63.05,8.89,5.68,4.85
59.40,59.4,26/11/2025 18:45:40,6.841,20.236,,15.9,866373.0,574645.0,973183.03,3255.06,1579.03,5548.05,960.86,10785.44,433.97,15.19,13.24,2008.07,74.94,267.80,92.26,1435.25,62.92,83.40,27.04,98.32,46.05,52.08,26.32,90.33,22.26,2967.78,269.85,3.74,0.48,97.79,14.41,7.67,2.21,0.00,0.00,11.64,2.06,5.55,3.45,2.03,4.10,10.49,19.85,66.63,8.55,4.66,4.34,51347.06,5397.79,2618.47,10482.83,1815.52,23073.67,928.41,34.81,30.34,5013.95,187.12,322.60,111.14,2008.22,88.04,139.15,45.12,175.53,82.21,76.12,38.47,129.79,31.99,4243.17,385.82,4.75,0.61,122.41,18.04,9.55,2.75,0.00,0.00,13.77,2.44,7.49,4.66,2.71,5.47,11.71,22.16,71.77,9.21,5.28,4.93
59.50,59.5,26/11/2025 18:46:24,7.743,21.027,,15.9,867142.0,573345.0,973168.32,3342.13,1528.62,5416.17,938.55,10373.21,419.56,51.21,36.24,1951.58,73.29,293.75,94.86,1424.58,62.80,50.62,20.24,89.71,45.64,75.47,30.18,4.99,1.08,3557.14,326.90,3.50,0.48,91.41,12.65,9.49,2.29,0.00,0.00,11.65,2.10,6.02,3.46,1.26,4.14,9.87,19.68,63.00,8.38,4.92,4.51,50991.60,5542.17,2534.87,10233.65,1773.35,22191.77,897.59,117.34,83.04,4872.92,183.00,353.86,114.27,1993.28,87.86,84.46,33.77,160.15,81.48,110.30,44.12,7.17,1.56,5085.81,467.38,4.45,0.61,114.42,15.83,11.81,2.84,0.00,0.00,13.78,2.49,8.13,4.67,1.68,5.53,11.02,21.97,67.87,9.03,5.58,5.12
59.60,59.6,26/11/2025 18:46:59,6.415,23.017,1181242.744,15.9,874880.0,579287.0,971136.03,2926.43,1555.61,5943.79,1019.25,11076.31,443.50,9.69,8.86,2161.17,79.36,291.11,95.78,1539.82,64.68,101.77,29.82,143.31,46.78,60.84,27.78,20.06,4.13,4413.93,410.14,3.37,0.49,67.97,7.27,9.06,2.35,0.00,0.00,12.35,2.18,8.17,3.65,1.50,4.28,5.07,19.85,63.55,8.57,4.68,4.57,54764.89,4852.82,2579.62,11230.57,1925.84,23695.94,948.80,22.21,20.30,5396.23,198.16,350.67,115.38,2154.52,90.50,169.80,49.76,255.84,83.51,88.93,40.61,28.83,5.94,6310.79,586.40,4.29,0.62,85.08,9.10,11.28,2.92,0.00,0.00,14.60,2.58,11.04,4.93,2.01,5.70,5.66,22.16,68.46,9.23,5.31,5.18
59.70,59.7,26/11/2025 18:47:33,7.086,24.605,,15.9,882869.0,580862.0,970796.54,3783.68,1639.96,5434.84,944.35,11357.17,452.96,90.85,56.97,2030.72,75.58,421.58,106.71,1547.90,64.76,83.64,27.33,91.00,46.63,58.44,27.62,59.58,11.25,4054.92,375.17,4.19,0.51,79.88,9.74,7.59,2.24,0.00,0.00,14.66,2.30,6.61,3.61,0.74,4.29,11.05,20.14,60.93,8.51,3.52,4.48,55286.94,6274.38,2719.51,10268.92,1784.31,24296.79,969.03,208.17,130.54,5070.52,188.72,507.83,128.55,2165.83,90.62,139.55,45.61,162.45,83.24,85.41,40.37,85.61,16.17,5797.49,536.40,5.33,0.65,99.99,12.19,9.44,2.79,0.00,0.00,17.34,2.72,8.93,4.87,0.99,5.72,12.33,22.48,65.63,9.17,3.99,5.09
59.80,59.8,26/11/2025 18:48:07,7.600,28.900,,15.9,876527.0,575465.0,971441.91,3839.98,1623.61,5596.68,970.08,11503.26,458.55,43.41,32.50,1888.00,72.19,451.97,110.27,1514.23,64.58,83.98,27.29,119.02,46.71,75.03,30.42,44.61,8.68,3189.99,291.19,3.65,0.48,89.64,12.19,8.15,2.21,0.00,0.00,18.48,2.52,9.51,3.53,1.24,4.16,12.13,19.99,61.33,8.46,3.80,4.37,54363.06,6367.74,2692.40,10574.72,1832.93,24609.32,980.99,99.47,74.47,4714.16,180.24,544.44,132.83,2118.72,90.36,140.11,45.53,212.48,83.39,109.66,44.45,64.10,12.47,4560.88,416.32,4.65,0.61,112.21,15.26,10.14,2.75,0.00,0.00,21.85,2.98,12.85,4.77,1.66,5.55,13.54,22.32,66.07,9.12,4.31,4.96
59.90,59.9,26/11/2025 18:48:41,7.486,30.617,,15.9,876103.0,573686.0,973353.90,2029.36,1598.78,5825.30,1005.23,11271.17,449.90,113.39,68.18,1947.24,73.25,551.12,119.92,1480.26,64.13,38.64,17.22,125.20,46.85,72.62,29.84,86.15,15.49,2910.67,264.27,3.95,0.48,70.70,8.05,9.17,2.22,0.00,0.00,20.90,2.66,7.45,3.49,2.13,4.08,14.57,19.96,58.04,8.22,8.08,4.42,51251.60,3365.23,2651.21,11006.68,1899.35,24112.81,962.50,259.81,156.22,4862.07,182.91,663.88,144.46,2071.19,89.73,64.46,28.74,223.50,83.64,106.14,43.62,123.79,22.25,4161.51,377.84,5.03,0.61,88.50,10.08,11.41,2.76,0.00,0.00,24.71,3.15,10.06,4.71,2.84,5.43,16.27,22.29,62.52,8.85,9.17,5.01
60.00,60.0,26/11/2025 18:49:26,7.340,28.439,,15.9,878397.0,570181.0,972716.87,2930.04,1635.10,5476.72,954.07,11167.75,446.96,78.60,51.23,1989.80,74.74,585.97,123.57,1527.27,64.45,56.75,21.81,115.79,46.56,60.15,27.76,33.29,6.64,3078.72,280.53,3.77,0.48,64.86,6.89,8.09,2.25,0.00,0.00,19.39,2.58,8.68,3.49,1.99,4.08,14.40,19.95,56.36,8.21,4.76,4.39,52144.15,4858.81,2711.44,10348.05,1802.68,23891.55,956.19,180.10,117.39,4968.34,186.62,705.86,148.86,2136.96,90.18,94.69,36.39,206.71,83.12,87.91,40.57,47.83,9.54,4401.78,401.09,4.80,0.61,81.19,8.62,10.07,2.80,0.00,0.00,22.93,3.05,11.73,4.71,2.65,5.44,16.07,22.27,60.71,8.84,5.40,4.98
60.10,60.1,26/11/2025 18:50:00,7.622,31.279,1181243.078,15.9,872402.0,573489.0,974800.29,1702.98,1581.83,5427.08,945.26,11191.26,447.36,31.20,24.72,1898.91,71.92,433.69,107.54,1498.80,63.76,53.80,21.21,77.44,45.98,58.23,27.35,45.28,8.77,2610.72,235.69,3.59,0.47,59.77,6.07,8.88,2.19,0.00,0.00,17.41,2.42,6.52,3.37,1.43,4.00,11.59,19.93,57.45,8.12,3.68,4.25,48764.14,2824.01,2623.11,10254.26,1786.03,23941.84,957.05,71.50,56.65,4741.39,179.57,522.43,129.55,2097.13,89.21,89.76,35.39,138.24,82.08,85.10,39.97,65.06,12.60,3732.67,336.97,4.57,0.60,74.82,7.59,11.05,2.73,0.00,0.00,20.59,2.87,8.81,4.55,1.91,5.33,12.94,22.25,61.89,8.75,4.18,4.83
60.20,60.2,26/11/2025 18:50:34,5.207,32.002,,15.9,872569.0,578240.0,972912.87,2530.11,1643.91,5648.88,978.38,11682.48,463.49,107.24,65.69,2197.29,80.24,410.38,107.29,1485.13,64.16,125.20,33.18,85.42,46.25,64.93,28.59,23.80,4.86,2571.34,231.70,3.56,0.47,45.15,3.73,7.20,2.15,0.00,0.00,16.57,2.40,8.49,3.44,1.91,4.06,8.93,20.05,59.39,8.18,3.73,4.29,52514.83,4195.62,2726.06,10673.36,1848.62,24992.73,991.56,245.72,150.53,5486.41,200.35,494.35,129.24,2078.00,89.78,208.90,55.36,152.48,82.57,94.90,41.79,34.20,6.98,3676.36,331.27,4.53,0.60,56.52,4.66,8.97,2.68,0.00,0.00,19.59,2.84,11.46,4.64,2.55,5.42,9.97,22.39,63.98,8.82,4.23,4.87
60.30,60.3,26/11/2025 18:51:08,6.828,34.916,,15.9,875023.0,575124.0,971453.69,2278.07,1583.65,5949.37,1024.30,12650.62,496.32,37.63,28.78,2107.81,77.89,588.44,124.78,1829.26,68.08,100.70,30.10,119.52,47.04,73.17,30.13,19.43,4.02,2605.78,234.86,4.13,0.50,64.04,6.74,7.39,2.21,0.00,0.00,21.51,2.70,8.59,3.50,0.93,4.12,13.59,20.14,60.38,8.32,5.95,4.33,55161.98,3777.67,2626.13,11241.12,1935.38,27063.92,1061.80,86.22,65.94,5263.01,194.49,708.84,150.31,2559.51,95.26,168.01,50.23,213.36,83.98,106.94,44.03,27.92,5.78,3725.60,335.78,5.25,0.63,80.17,8.44,9.20,2.75,0.00,0.00,25.43,3.19,11.60,4.72,1.24,5.49,15.17,22.48,65.05,8.97,6.75,4.91
60.40,60.4,26/11/2025 18:51:42,5.930,38.285,,15.9,876547.0,571633.0,972080.85,2797.80,1628.74,5736.57,992.00,11725.90,465.72,27.57,22.46,1977.68,74.57,596.27,124.85,1635.99,65.74,159.74,37.02,88.93,46.56,72.60,30.04,92.66,22.69,2779.14,251.55,4.05,0.50,100.87,15.15,10.97,2.32,0.05,0.18,23.32,2.83,11.79,3.54,2.24,4.06,8.76,20.19,61.35,8.40,4.89,4.50,53483.84,4639.52,2700.89,10839.03,1874.35,25085.63,996.33,63.17,51.47,4938.08,186.19,718.27,150.39,2289.09,91.98,266.53,61.76,158.76,83.12,106.10,43.91,133.13,32.60,3973.46,359.66,5.16,0.64,126.27,18.97,13.66,2.88,0.07,0.24,27.58,3.35,15.93,4.79,2.98,5.41,9.78,22.54,66.09,9.05,5.55,5.11
60.50,60.5,26/11/2025 18:52:26,7.382,35.706,,15.9,874445.0,570537.0,974196.64,2889.24,1630.09,5418.01,945.50,10597.52,428.23,86.43,55.19,2024.94,75.41,435.64,108.99,1515.18,64.67,85.86,27.58,87.96,46.14,66.55,28.75,7.31,1.58,2371.31,212.83,3.12,0.45,97.98,14.68,8.38,2.24,0.00,0.00,21.75,2.68,8.77,3.42,2.37,3.91,11.77,19.95,58.57,8.17,4.69,4.28,49656.65,4791.16,2703.14,10237.12,1786.49,22671.65,916.13,198.04,126.47,5056.08,188.28,524.78,131.30,2120.05,90.48,143.26,46.02,157.02,82.36,97.26,42.01,10.51,2.27,3390.36,304.29,3.98,0.57,122.65,18.38,10.43,2.79,0.00,0.00,25.72,3.17,11.85,4.62,3.16,5.21,13.14,22.27,63.09,8.80,5.32,4.86
60.60,60.6,26/11/2025 18:53:00,8.126,40.534,1181242.945,15.9,876898.0,569322.0,974407.14,2410.67,1553.57,5494.21,954.17,10658.33,429.57,27.31,22.10,2042.14,76.32,291.32,95.98,1670.07,65.59,99.78,29.82,97.75,46.30,67.46,28.96,46.84,9.03,2443.58,219.68,3.35,0.47,124.14,22.38,9.27,2.24,0.00,0.00,21.73,2.69,11.56,3.45,0.88,3.99,8.71,19.97,59.31,8.22,4.46,4.32,49322.63,3997.56,2576.25,10381.10,1802.87,22801.74,918.99,62.58,50.64,5099.02,190.56,350.93,115.62,2336.78,91.77,166.48,49.76,174.50,82.65,98.59,42.32,67.29,12.98,3493.70,314.08,4.26,0.60,155.39,28.02,11.54,2.78,0.00,0.00,25.69,3.18,15.62,4.66,1.18,5.32,9.73,22.30,63.89,8.86,5.06,4.90
60.70,60.7,26/11/2025 18:53:34,7.461,39.347,,16.0,869430.0,565876.0,974992.03,2564.98,1585.14,5278.91,919.91,10388.82,420.05,72.38,47.72,1900.32,71.84,421.09,107.08,1593.29,64.46,63.80,23.37,93.35,45.89,71.24,29.45,45.91,8.81,2277.33,203.86,3.75,0.48,116.95,20.24,8.86,2.24,0.00,0.00,22.39,2.70,12.96,3.44,1.61,3.91,14.00,19.78,50.21,8.02,5.80,4.26,48084.09,4253.45,2628.60,9974.30,1738.14,22225.17,898.64,165.85,109.35,4744.91,179.38,507.25,128.98,2229.34,90.19,106.45,39.00,166.65,81.93,104.13,43.04,65.97,12.65,3256.00,291.46,4.77,0.61,146.39,25.34,11.03,2.79,0.00,0.00,26.48,3.19,17.51,4.65,2.15,5.21,15.63,22.09,54.09,8.64,6.58,4.84
60.80,60.8,26/11/2025 18:54:08,8.398,38.754,,16.0,855886.0,555189.0,971363.76,2455.06,1580.57,5884.14,1012.00,12919.50,503.73,57.31,39.95,1958.96,73.54,533.86,117.97,1717.80,65.54,153.16,35.29,134.02,46.11,80.15,31.09,45.64,8.62,2469.81,221.57,3.76,0.48,86.48,11.52,9.03,2.22,0.00,0.00,26.69,2.92,13.92,3.52,0.34,3.98,13.01,19.66,66.59,8.43,7.02,4.40,55375.49,4071.17,2621.03,11117.87,1912.13,27639.13,1077.65,131.32,91.54,4891.34,183.63,643.08,142.10,2403.56,91.70,255.55,58.88,239.24,82.31,117.15,45.44,65.57,12.39,3531.19,316.79,4.78,0.62,108.25,14.42,11.23,2.76,0.00,0.00,31.57,3.45,18.80,4.76,0.45,5.30,14.53,21.95,71.73,9.08,7.97,4.99
60.90,60.9,26/11/2025 18:54:42,10.092,45.166,,16.0,862041.0,553256.0,964886.56,2217.97,1583.43,6526.78,1111.92,18093.16,675.88,10.34,9.43,1854.45,71.13,1005.91,173.59,2046.67,70.52,201.35,40.18,135.29,47.63,63.82,28.78,50.97,9.58,2676.21,240.74,3.74,0.50,90.57,12.09,8.54,2.35,0.00,0.00,28.10,3.07,14.99,3.60,0.21,4.09,22.05,20.37,55.44,8.49,6.88,4.68,68291.89,3678.01,2625.77,12332.12,2100.93,38707.32,1445.93,23.69,21.61,4630.38,177.60,1211.72,209.11,2863.72,98.67,335.96,67.03,241.51,85.02,93.28,42.06,73.24,13.77,3826.30,344.19,4.75,0.63,113.37,15.13,10.63,2.92,0.00,0.00,33.23,3.63,20.24,4.86,0.27,5.46,24.62,22.74,59.72,9.14,7.81,5.31
61.00,61.0,26/11/2025 18:55:27,8.121,44.702,,16.1,850240.0,553559.0,968374.82,1899.98,1567.24,6140.45,1051.55,16057.80,607.52,48.53,52.14,1896.98,72.04,665.36,132.13,1873.76,67.62,190.70,38.76,147.81,46.74,78.36,30.96,90.70,22.46,2331.77,208.09,3.82,0.49,71.29,8.06,8.86,2.29,0.00,0.00,24.23,2.84,15.06,3.52,0.32,4.02,7.60,19.87,62.87,8.43,8.94,4.45,61778.52,3150.69,2598.92,11602.14,1986.87,34353.01,1299.68,111.19,119.46,4736.58,179.89,801.50,159.16,2621.77,94.61,318.19,64.67,263.86,83.44,114.52,45.25,130.32,32.28,3333.84,297.52,4.86,0.62,89.24,10.09,11.03,2.85,0.00,0.00,28.65,3.35,20.34,4.75,0.43,5.36,8.48,22.18,67.73,9.08,10.15,5.05
61.10,61.1,26/11/2025 18:56:02,8.169,40.939,1181248.298,16.0,858442.0,555915.0,967835.34,2328.82,1592.84,6173.65,1056.02,15929.80,603.65,134.86,79.55,1786.70,68.91,741.11,140.94,1902.50,68.40,192.71,39.75,101.40,46.83,44.37,25.66,4.83,1.04,2607.11,234.51,3.62,0.48,91.82,12.60,8.92,2.27,0.00,0.00,28.72,3.09,14.01,3.55,1.55,4.03,0.00,0.00,63.39,8.50,4.75,4.53,62492.00,3861.82,2641.36,11664.89,1995.31,34079.17,1291.40,309.02,182.27,4461.22,172.07,892.74,169.78,2661.98,95.71,321.53,66.32,181.02,83.59,64.86,37.50,6.94,1.49,3727.50,335.29,4.61,0.61,114.94,15.78,11.11,2.83,0.00,0.00,33.96,3.66,18.93,4.80,2.07,5.37,0.00,0.00,68.29,9.16,5.39,5.14
61.20,61.2,26/11/2025 18:56:36,7.627,40.075,,16.1,854796.0,552441.0,968598.71,2894.77,1584.35,6075.00,1039.37,15009.01,572.92,31.58,24.94,1780.01,68.64,557.86,121.22,1817.11,67.40,160.23,36.32,125.66,46.58,77.00,30.70,48.66,9.15,2606.89,234.43,3.97,0.50,80.65,10.04,7.56,2.25,0.00,0.00,26.40,2.97,14.05,3.50,1.26,4.01,15.38,19.93,62.48,8.39,5.76,4.48,60779.12,4800.33,2627.30,11478.49,1963.86,32109.29,1225.66,72.36,57.14,4444.52,171.39,672.00,146.02,2542.51,94.31,267.34,60.61,224.32,83.15,112.54,44.86,69.92,13.14,3727.18,335.18,5.05,0.63,100.96,12.56,9.41,2.80,0.00,0.00,31.22,3.51,18.98,4.73,1.68,5.35,17.17,22.25,67.30,9.04,6.54,5.08
61.30,61.3,26/11/2025 18:57:11,7.282,39.878,,16.1,855092.0,546616.0,966272.48,2327.48,1541.18,6720.28,1136.90,16364.76,617.74,21.49,18.02,2021.89,75.36,693.18,135.63,2093.45,70.12,246.44,43.41,157.44,47.34,75.12,30.54,12.06,2.50,2759.70,248.73,3.72,0.49,91.84,12.46,9.05,2.28,0.00,0.00,32.06,3.27,16.89,3.63,1.77,4.06,9.59,20.11,63.32,8.61,5.98,4.51,65473.71,3859.61,2555.70,12697.72,2148.14,35009.71,1321.55,49.23,41.30,5048.48,188.17,835.01,163.38,2929.17,98.12,411.18,72.43,281.07,84.51,109.80,44.63,17.33,3.59,3945.67,355.62,4.74,0.62,114.96,15.59,11.26,2.84,0.00,0.00,37.91,3.86,22.81,4.90,2.36,5.41,10.71,22.45,68.21,9.27,6.78,5.12
61.40,61.4,26/11/2025 18:57:45,7.354,39.419,,16.1,853657.0,546166.0,964304.93,2557.80,1530.81,6629.73,1124.63,18671.85,694.77,6.70,6.32,1647.59,65.66,1084.66,183.12,2037.00,70.09,160.41,37.09,101.38,47.57,76.78,31.09,59.15,10.84,2422.66,216.40,3.89,0.48,98.14,14.01,9.84,2.29,0.00,0.00,28.71,3.10,21.76,3.74,0.47,4.10,5.88,20.51,64.71,8.65,5.98,4.58,69396.15,4241.54,2538.50,12526.62,2124.95,39945.33,1486.34,15.34,14.48,4113.87,163.94,1306.59,220.59,2850.18,98.06,267.64,61.89,180.98,84.92,112.22,45.44,84.98,15.58,3463.78,309.40,4.95,0.61,122.85,17.53,12.24,2.85,0.00,0.00,33.96,3.66,29.39,5.05,0.62,5.47,6.56,22.90,69.70,9.31,6.79,5.20
61.50,61.5,26/11/2025 18:58:30,5.857,39.479,,16.1,855470.0,545377.0,964633.37,2745.93,1563.29,6433.21,1094.54,17820.06,666.15,11.49,51.73,1828.55,70.48,1224.65,200.55,2004.29,69.57,319.51,49.09,130.70,47.55,68.86,29.66,6.70,1.42,2549.65,228.57,3.80,0.49,92.59,12.58,10.69,2.34,0.00,0.00,29.88,3.15,19.87,3.71,0.78,4.03,0.00,0.00,58.47,8.53,6.95,4.57,68493.73,4553.51,2592.36,12155.31,2068.10,38123.08,1425.11,26.33,118.54,4565.71,175.98,1475.22,241.58,2804.42,97.35,533.09,81.90,233.32,84.89,100.64,43.34,9.62,2.03,3645.35,326.79,4.83,0.63,115.90,15.75,13.31,2.91,0.00,0.00,35.33,3.73,26.84,5.01,1.05,5.37,0.00,0.00,62.98,9.19,7.89,5.19
61.60,61.6,26/11/2025 18:59:04,4.457,43.845,1181239.438,16.1,861723.0,544395.0,962492.03,2386.56,1556.33,7056.10,1189.04,19175.81,711.65,30.54,24.47,1950.80,73.78,915.43,162.14,2372.45,73.81,197.02,40.22,171.00,48.81,101.60,36.21,20.86,4.21,2890.58,260.97,3.85,0.49,95.50,13.09,9.10,2.40,0.00,0.00,26.88,3.07,16.90,3.74,0.84,4.17,15.05,20.59,63.23,8.74,7.87,4.67,72907.11,3957.58,2580.83,13332.24,2246.65,41023.47,1522.45,69.97,56.08,4870.96,184.21,1102.73,195.31,3319.55,103.28,328.73,67.10,305.27,87.13,148.50,52.92,29.97,6.05,4132.79,373.12,4.90,0.63,119.54,16.39,11.32,2.98,0.00,0.00,31.79,3.63,22.83,5.05,1.12,5.56,16.80,22.99,68.11,9.42,8.93,5.29
61.70,61.7,26/11/2025 18:59:38,5.995,44.310,,16.1,865457.0,546023.0,961367.91,2735.62,1553.13,7056.33,1190.55,19758.94,731.36,135.71,80.68,2050.88,76.96,873.24,158.18,2208.50,72.77,291.06,47.72,141.10,48.62,69.79,30.18,35.89,7.04,3056.25,276.95,3.76,0.50,90.50,11.83,9.46,2.43,0.00,0.00,28.98,3.21,15.45,3.77,2.43,4.21,2.42,20.83,59.22,8.75,6.57,4.84,75236.85,4536.42,2575.52,13332.68,2249.50,42270.99,1564.61,310.97,184.88,5120.84,192.16,1051.90,190.54,3090.15,101.82,485.63,79.62,251.89,86.79,102.00,44.12,51.56,10.11,4369.65,395.97,4.78,0.63,113.29,14.80,11.78,3.02,0.00,0.00,34.28,3.80,20.87,5.09,3.24,5.61,2.71,23.26,63.79,9.42,7.46,5.49
61.80,61.8,26/11/2025 19:00:12,8.345,37.560,,16.1,863285.0,547976.0,964917.93,3164.88,1575.70,6337.04,1079.77,16988.07,639.09,31.56,24.92,1904.08,72.29,790.17,147.54,2073.57,70.96,217.51,42.16,157.07,48.28,71.52,30.11,87.05,15.46,3046.71,276.32,3.67,0.49,93.60,12.76,7.71,2.33,0.00,0.00,28.48,3.14,14.61,3.62,0.39,4.15,1.23,20.46,56.28,8.58,6.86,4.66,67728.93,5248.24,2612.94,11973.59,2040.19,36343.17,1367.22,72.32,57.11,4754.31,180.50,951.84,177.73,2901.36,99.29,362.91,70.34,280.41,86.19,104.54,44.00,125.08,22.21,4356.02,395.07,4.67,0.63,117.17,15.97,9.60,2.90,0.00,0.00,33.69,3.72,19.73,4.89,0.53,5.53,1.37,22.85,60.63,9.24,7.78,5.28
61.90,61.9,26/11/2025 19:00:46,7.658,33.724,,16.1,861266.0,548528.0,967316.87,2034.15,1507.59,6474.98,1099.83,16743.19,630.68,43.14,32.15,1793.95,69.43,766.32,144.63,1846.02,68.24,133.68,33.83,117.48,47.14,77.91,31.19,30.79,6.10,2431.84,217.74,3.57,0.48,53.98,4.93,10.81,2.37,0.00,0.00,25.16,2.92,15.89,3.56,1.27,4.02,16.77,20.25,58.30,8.24,3.93,4.50,63803.20,3373.19,2500.00,12234.24,2078.08,35819.29,1349.23,98.84,73.67,4479.31,173.35,923.12,174.22,2582.96,95.49,223.05,56.45,209.72,84.15,113.87,45.58,44.24,8.76,3476.90,311.32,4.55,0.61,67.57,6.17,13.46,2.95,0.00,0.00,29.75,3.46,21.46,4.81,1.69,5.36,18.72,22.60,62.80,8.88,4.46,5.10
62.00,62.0,26/11/2025 19:01:31,7.875,35.052,,16.0,864987.0,553664.0,966601.05,3034.11,1603.28,6488.73,1104.52,15922.30,604.43,45.41,33.83,2081.24,77.54,645.55,132.07,1817.21,68.24,155.81,36.45,156.65,48.00,76.84,30.99,2.50,0.54,2737.05,246.89,3.83,0.48,96.69,13.74,8.75,2.26,0.00,0.00,26.76,3.00,15.58,3.61,0.56,4.05,11.27,20.32,66.91,8.60,5.23,4.57,64825.32,5031.39,2658.68,12260.22,2086.95,34063.13,1293.08,104.04,77.52,5196.65,193.62,777.63,159.10,2542.65,95.49,259.97,60.82,279.66,85.69,112.31,45.29,3.60,0.78,3913.27,352.98,4.87,0.61,121.04,17.20,10.89,2.81,0.00,0.00,31.64,3.55,21.04,4.87,0.74,5.40,12.59,22.68,72.07,9.26,5.93,5.18
62.10,62.1,26/11/2025 19:02:05,7.671,34.124,1181239.505,16.0,864604.0,556369.0,971586.62,3045.50,1586.61,5513.94,955.97,12619.81,494.30,83.22,53.51,1854.63,70.74,568.71,121.18,1554.28,64.65,72.97,25.17,154.81,47.09,49.63,26.00,71.42,13.02,2626.67,236.79,3.53,0.47,70.32,7.97,9.99,2.29,0.00,0.00,20.16,2.59,15.03,3.55,0.96,4.02,13.63,19.88,57.82,8.21,6.35,4.39,54711.83,5050.27,2631.04,10418.39,1806.27,26998.00,1057.46,190.68,122.62,4630.83,176.62,685.07,145.97,2174.76,90.46,121.76,41.99,276.36,84.06,72.54,38.00,102.62,18.71,3755.47,338.54,4.50,0.60,88.02,9.97,12.44,2.85,0.00,0.00,23.84,3.07,20.30,4.79,1.28,5.36,15.22,22.20,62.29,8.84,7.20,4.98
62.20,62.2,26/11/2025 19:02:39,7.707,30.224,,16.0,868168.0,557213.0,970978.80,2177.93,1624.94,5984.63,1029.15,13174.16,512.66,29.32,50.92,2090.73,77.50,562.05,121.99,1629.17,65.74,108.79,30.64,130.67,46.77,55.21,27.03,0.35,0.08,2875.56,260.67,3.43,0.47,70.67,7.97,8.79,2.24,0.00,0.00,21.10,2.68,8.81,3.47,1.01,4.04,19.32,19.98,64.44,8.52,5.07,4.48,56193.40,3611.61,2694.60,11307.73,1944.54,28183.95,1096.76,67.18,116.69,5220.36,193.51,677.05,146.95,2279.55,91.98,181.52,51.12,233.26,83.49,80.70,39.51,0.50,0.11,4111.31,372.69,4.36,0.60,88.46,9.98,10.95,2.79,0.00,0.00,24.95,3.17,11.90,4.69,1.35,5.39,21.57,22.30,69.41,9.18,5.75,5.08
62.30,62.3,26/11/2025 19:03:13,7.737,32.273,,16.0,864337.0,559132.0,970011.26,1543.47,1536.14,6013.89,1031.71,14658.51,561.72,25.77,20.94,1966.32,73.82,771.30,144.20,1632.14,65.58,77.97,26.17,101.93,46.63,75.62,30.56,22.58,4.60,2900.01,262.83,3.71,0.48,85.79,11.20,8.20,2.21,0.00,0.00,21.89,2.74,8.27,3.51,1.62,4.07,10.98,20.05,56.11,8.31,2.65,4.49,58302.11,2559.50,2547.34,11363.02,1949.38,31359.46,1201.71,59.04,47.98,4909.70,184.32,929.11,173.70,2283.70,91.76,130.10,43.67,181.97,83.24,110.53,44.67,32.45,6.61,4146.27,375.79,4.72,0.62,107.39,14.02,10.21,2.75,0.00,0.00,25.89,3.24,11.18,4.74,2.16,5.43,12.26,22.39,60.44,8.95,3.00,5.09
62.40,62.4,26/11/2025 19:03:47,7.737,27.511,,16.0,866149.0,558643.0,970992.03,1820.00,1608.38,5586.66,969.21,14311.54,550.48,74.73,49.30,1808.46,69.77,515.27,115.82,1641.82,65.68,106.06,30.48,128.19,46.95,60.98,27.99,18.58,3.85,2731.47,246.83,3.49,0.47,81.76,10.36,9.25,2.24,0.00,0.00,19.52,2.57,11.78,3.49,1.59,4.03,12.22,20.05,58.83,8.34,5.79,4.39,56465.65,3018.06,2667.15,10555.79,1831.29,30617.17,1177.67,171.23,112.96,4515.55,174.20,620.69,139.52,2297.25,91.89,176.96,50.85,228.84,83.81,89.12,40.91,26.69,5.53,3905.30,352.90,4.45,0.59,102.34,12.97,11.51,2.79,0.00,0.00,23.08,3.04,15.92,4.71,2.12,5.37,13.64,22.38,63.37,8.98,6.57,4.98
62.50,62.5,26/11/2025 19:03:47,7.099,22.550,,16.0,857546.0,554720.0,972631.66,1669.97,1479.33,5566.96,962.76,12907.00,503.42,114.64,69.30,2150.03,78.78,451.98,109.87,1467.92,63.39,105.92,30.05,133.94,46.26,81.12,31.27,58.32,10.81,2416.41,216.71,3.59,0.46,113.92,19.01,10.30,2.22,0.00,0.00,21.32,2.67,13.05,3.46,1.03,3.95,13.23,19.69,61.36,8.27,6.34,4.43,53495.01,2769.26,2453.14,10518.57,1819.10,27612.40,1076.98,262.68,158.78,5368.43,196.71,544.45,132.35,2053.92,88.70,176.72,50.14,239.11,82.58,118.57,45.71,83.79,15.53,3454.85,309.83,4.57,0.59,142.61,23.80,12.83,2.76,0.00,0.00,25.21,3.15,17.62,4.68,1.37,5.27,14.77,21.98,66.10,8.91,7.19,5.02
62.60,62.6,26/11/2025 19:05:06,5.724,16.401,1181247.702,16.1,855634.0,551833.0,969492.71,2880.83,1607.54,6161.31,1054.44,14332.54,550.94,110.38,67.15,2124.94,77.97,443.19,109.69,1641.23,65.46,93.16,28.29,117.54,46.43,79.21,31.12,92.85,22.60,2190.47,195.08,3.65,0.46,105.71,16.50,10.33,2.22,0.00,0.00,22.79,2.74,12.44,3.47,0.31,3.93,17.67,19.88,59.91,8.30,6.81,4.43,59502.14,4777.22,2665.75,11641.57,1992.32,30662.10,1178.64,252.93,153.87,5305.76,194.69,533.87,132.14,2296.42,91.59,155.44,47.21,209.84,82.89,115.77,45.48,133.41,32.47,3131.81,278.92,4.64,0.59,132.33,20.66,12.86,2.76,0.00,0.00,26.95,3.24,16.81,4.69,0.41,5.24,19.73,22.20,64.53,8.95,7.73,5.03
62.70,62.7,26/11/2025 19:05:06,6.557,19.045,,16.0,862901.0,555015.0,968960.09,2769.67,1571.33,6245.94,1066.98,14109.75,543.64,103.32,63.34,2080.77,76.90,655.00,131.29,1911.87,68.32,156.19,36.01,115.09,46.78,61.05,28.12,15.17,3.17,2598.20,233.80,3.84,0.48,98.36,14.33,6.94,2.23,0.00,0.00,19.04,2.56,11.21,3.50,3.98,4.06,13.25,20.12,56.99,8.39,4.27,4.40,60028.67,4592.88,2605.69,11801.47,2016.01,30185.48,1163.02,236.73,145.13,5195.49,192.02,789.02,158.15,2675.09,95.60,260.60,60.09,205.46,83.50,89.24,41.10,21.80,4.55,3714.76,334.28,4.89,0.61,123.12,17.94,8.64,2.78,0.00,0.00,22.52,3.03,15.14,4.73,5.30,5.41,14.79,22.47,61.39,9.03,4.85,4.99
62.80,62.8,26/11/2025 19:06:14,8.028,19.643,,16.0,857408.0,555109.0,967598.10,3413.01,1546.66,6591.06,1117.03,15109.21,576.57,88.75,56.19,1805.11,69.58,743.07,141.19,1589.32,65.48,113.00,31.23,115.39,46.81,57.23,27.44,75.03,21.99,2477.72,222.20,3.80,0.48,105.75,16.32,8.59,2.25,0.00,0.00,16.09,2.40,8.96,3.45,3.10,4.01,14.14,20.09,59.87,8.31,3.70,4.44,62662.50,5659.71,2564.80,12453.56,2110.59,32323.67,1233.47,203.35,128.75,4507.18,173.75,895.11,170.07,2223.79,91.62,188.53,52.11,205.99,83.57,83.65,40.10,107.81,31.60,3542.51,317.69,4.83,0.61,132.38,20.43,10.70,2.80,0.00,0.00,19.02,2.84,12.11,4.67,4.14,5.35,15.79,22.43,64.49,8.95,4.19,5.04
62.90,62.9,26/11/2025 19:06:48,7.988,18.452,,16.0,858549.0,558065.0,970017.16,3404.85,1613.42,5757.98,994.48,13645.88,528.73,45.72,52.17,2093.54,77.55,523.99,116.74,1510.37,63.99,52.66,20.52,142.28,46.76,65.15,28.53,15.12,3.14,2536.28,228.01,3.86,0.48,75.58,9.03,9.01,2.24,0.00,0.00,12.58,2.13,9.88,3.42,0.92,4.00,13.57,19.82,57.53,8.08,6.08,4.30,58104.67,5646.17,2675.50,10879.48,1879.03,29193.11,1131.13,104.77,119.55,5227.36,193.65,631.20,140.63,2113.31,89.53,87.86,34.24,254.00,83.47,95.22,41.70,21.72,4.51,3626.24,325.99,4.92,0.61,94.61,11.31,11.21,2.79,0.00,0.00,14.87,2.52,13.35,4.63,1.23,5.33,15.15,22.13,61.97,8.71,6.90,4.88
63.00,63.0,26/11/2025 19:07:33,8.360,21.826,,16.0,865788.0,562324.0,967923.15,4063.59,1641.08,6202.24,1062.47,14138.05,545.32,16.81,14.55,2101.68,77.60,639.40,130.13,1715.07,66.78,116.18,31.54,160.99,47.43,73.86,30.26,89.86,22.69,2539.89,228.25,3.58,0.48,92.37,12.79,8.89,2.25,0.00,0.00,15.28,2.32,6.37,3.50,3.77,4.09,21.72,20.02,62.84,8.42,4.40,4.41,61769.26,6738.55,2721.37,11718.90,2007.49,30246.02,1166.61,38.53,33.34,5247.70,193.75,770.22,156.75,2399.74,93.43,193.85,52.62,287.39,84.66,107.95,44.22,129.11,32.60,3631.39,326.33,4.55,0.61,115.63,16.01,11.06,2.81,0.00,0.00,18.07,2.74,8.60,4.73,5.03,5.46,24.25,22.36,67.69,9.07,4.99,5.00
63.10,63.1,26/11/2025 19:08:07,8.130,30.423,1181244.861,16.0,867608.0,560499.0,965019.41,2860.28,1627.11,6689.89,1136.49,17194.05,646.35,47.82,35.20,1939.21,73.64,796.96,148.06,1944.80,69.55,167.28,37.72,117.71,47.82,61.34,28.50,92.22,23.11,2832.74,255.90,3.64,0.49,115.26,18.64,10.33,2.30,0.00,0.00,21.01,2.74,10.63,3.63,1.23,4.20,5.95,20.56,64.01,8.65,4.24,4.68,67844.54,4743.14,2698.20,12640.29,2147.35,36783.83,1382.77,109.57,80.65,4842.01,183.87,960.02,178.36,2721.17,97.31,279.11,62.94,210.13,85.37,89.65,41.66,132.50,33.21,4050.10,365.87,4.63,0.62,144.28,23.33,12.86,2.86,0.00,0.00,24.84,3.24,14.36,4.90,1.64,5.60,6.65,22.95,68.95,9.32,4.81,5.31
63.20,63.2,26/11/2025 19:08:42,8.704,28.106,,15.9,880935.0,568532.0,964806.27,2994.00,1646.60,7068.67,1194.93,16679.78,630.55,104.72,65.79,1971.42,75.11,867.47,156.77,1916.61,69.75,216.06,42.12,125.37,48.25,73.36,30.71,71.65,13.19,2886.91,261.23,4.18,0.51,92.70,12.59,8.38,2.29,0.00,0.00,25.89,2.98,10.35,3.63,0.59,4.23,10.50,20.73,60.36,8.65,4.76,4.63,68074.93,4964.87,2730.51,13355.98,2257.78,35683.64,1348.97,239.96,150.76,4922.45,187.54,1044.96,188.85,2681.73,97.59,360.50,70.28,223.81,86.14,107.22,44.88,102.95,18.95,4127.54,373.49,5.32,0.65,116.04,15.76,10.43,2.85,0.00,0.00,30.62,3.53,13.98,4.90,0.79,5.64,11.72,23.14,65.02,9.32,5.40,5.26
63.30,63.3,26/11/2025 19:09:16,7.964,28.702,,15.9,879212.0,566586.0,967316.63,4691.32,1687.07,6475.44,1103.66,13371.09,520.63,44.09,33.00,2378.62,85.36,614.69,128.32,1858.55,68.68,118.51,32.89,101.55,47.76,79.29,31.66,16.61,3.48,2758.27,249.21,3.93,0.50,46.29,3.80,8.69,2.30,0.00,0.00,23.46,2.82,11.55,3.60,1.35,4.13,7.54,20.59,67.96,8.69,4.55,4.46,62669.12,7779.51,2797.62,12235.10,2085.32,28605.23,1113.81,101.04,75.62,5939.18,213.13,740.46,154.58,2600.49,96.10,197.74,54.88,181.28,85.26,115.89,46.28,23.86,5.01,3943.62,356.31,5.00,0.63,57.95,4.75,10.81,2.87,0.00,0.00,27.75,3.33,15.61,4.86,1.80,5.50,8.42,22.99,73.21,9.36,5.17,5.06
63.40,63.4,26/11/2025 19:09:50,7.852,28.704,,15.9,895803.0,570373.0,968406.08,3083.43,1660.55,6665.14,1134.08,13450.82,524.55,11.85,52.61,2239.88,82.51,673.37,134.61,1714.38,67.41,117.83,32.67,156.23,48.66,59.55,28.30,27.20,5.60,3189.20,290.91,3.83,0.50,84.73,10.85,7.75,2.24,0.00,0.00,22.23,2.78,10.32,3.60,0.00,0.00,13.76,20.61,56.88,8.44,5.52,4.55,60717.44,5113.18,2753.65,12593.54,2142.81,28775.80,1122.18,27.16,120.54,5592.77,206.02,811.14,162.15,2398.77,94.32,196.59,54.52,278.91,86.87,87.04,41.36,39.08,8.05,4559.74,415.93,4.88,0.64,106.06,13.58,9.65,2.78,0.00,0.00,26.29,3.29,13.94,4.87,0.00,0.00,15.37,23.01,61.28,9.09,6.26,5.17
63.50,63.5,26/11/2025 19:10:35,6.367,30.421,,15.7,929582.0,587745.0,966238.37,2820.83,1790.44,6758.99,1155.87,14445.49,559.78,67.09,48.32,2980.52,103.32,704.94,142.13,1673.81,69.67,76.59,27.36,151.54,50.51,85.62,33.61,109.92,20.02,3691.34,339.55,3.77,0.51,62.83,6.26,9.23,2.33,0.00,0.00,23.07,2.92,10.50,3.81,0.80,4.46,19.90,21.44,60.60,8.83,4.25,4.78,65328.13,4677.71,2969.04,12770.86,2183.97,30903.74,1197.55,153.72,110.72,7442.06,257.97,849.17,171.21,2342.01,97.48,127.79,45.66,270.52,90.16,125.14,49.13,157.94,28.76,5277.67,485.47,4.80,0.64,78.65,7.84,11.49,2.90,0.00,0.00,27.28,3.46,14.19,5.14,1.06,5.95,22.22,23.93,65.28,9.52,4.82,5.42
63.60,63.6,26/11/2025 19:11:09,6.007,28.373,1181248.364,15.6,951487.0,597011.0,959814.25,5796.31,1908.63,7789.64,1315.10,15778.11,606.48,66.90,49.46,3459.79,117.04,575.32,131.63,1902.44,73.79,147.84,38.62,112.79,52.07,73.54,32.18,131.15,23.76,4192.63,387.90,4.34,0.55,19.15,0.99,8.30,2.45,0.07,0.20,26.68,3.19,14.05,3.97,0.12,4.67,13.87,22.43,66.30,9.23,6.42,4.97,77154.88,9611.88,3165.03,14718.24,2484.82,33754.66,1297.47,153.28,113.33,8638.76,292.24,693.04,158.57,2661.91,103.24,246.67,64.44,201.35,92.96,107.48,47.04,188.44,34.14,5994.38,554.59,5.52,0.70,23.97,1.24,10.33,3.05,0.09,0.27,31.56,3.77,18.98,5.36,0.15,6.22,15.49,25.04,71.42,9.95,7.28,5.64
63.70,63.7,26/11/2025 19:11:43,7.863,29.231,,15.5,970492.0,601835.0,961023.09,4266.69,1925.04,8107.45,1366.97,16088.99,617.88,62.46,47.71,3418.88,116.80,628.38,138.56,1876.90,74.24,124.92,36.66,94.11,52.62,67.43,31.51,50.08,10.29,3998.51,369.33,3.99,0.53,60.88,5.81,7.39,2.33,0.05,0.20,31.09,3.36,14.57,3.98,0.00,0.00,7.31,22.78,59.26,8.98,7.57,4.94,75368.04,7075.36,3192.25,15318.72,2582.83,34419.74,1321.85,143.13,109.31,8536.61,291.65,756.95,166.91,2626.17,103.88,208.43,61.17,168.01,93.93,98.55,46.06,71.96,14.79,5716.84,528.05,5.08,0.67,76.21,7.28,9.20,2.90,0.07,0.26,36.77,3.97,19.68,5.38,0.00,0.00,8.16,25.43,63.83,9.67,8.59,5.60
63.80,63.8,26/11/2025 19:12:17,7.725,28.969,,15.6,970273.0,602516.0,958812.92,4697.13,1885.42,8784.74,1466.96,17159.07,652.78,28.42,25.56,3644.98,122.58,646.47,141.73,1935.22,75.32,151.94,40.12,143.85,53.87,77.95,33.43,85.08,16.44,3644.52,334.84,3.74,0.53,42.89,3.22,7.73,2.43,0.00,0.00,32.15,3.43,17.66,4.07,1.59,4.66,3.50,23.00,70.85,9.24,7.61,4.95,79927.49,7789.13,3126.54,16598.43,2771.76,36709.00,1396.51,65.11,58.57,9101.15,306.06,778.74,170.72,2707.78,105.39,253.51,66.94,256.80,96.17,113.92,48.86,122.24,23.62,5210.73,478.73,4.76,0.67,53.69,4.03,9.62,3.02,0.00,0.00,38.02,4.06,23.86,5.50,2.12,6.22,3.91,25.68,76.33,9.95,8.63,5.62
63.90,63.9,26/11/2025 19:12:51,7.817,25.661,,15.4,1000388.0,610762.0,952534.24,5441.68,2032.25,9985.34,1655.20,19493.41,732.79,148.88,95.16,4148.00,137.72,905.73,174.52,2336.02,81.60,266.26,51.50,115.02,55.70,90.09,36.56,102.43,19.57,4257.79,393.78,4.10,0.56,6.68,0.30,10.89,2.64,0.00,0.00,46.01,4.22,21.46,4.35,0.00,0.00,10.92,24.09,67.14,9.72,7.91,5.31,91871.59,9023.81,3370.04,18866.92,3127.44,41702.94,1567.69,341.15,218.04,10357.17,343.89,1091.04,210.23,3268.57,114.18,444.25,85.93,205.32,99.43,131.67,53.43,147.18,28.12,6087.55,563.01,5.22,0.71,8.36,0.38,13.56,3.29,0.00,0.00,54.42,4.99,28.99,5.88,0.00,0.00,12.19,26.90,72.32,10.47,8.98,6.03
64.00,64.0,26/11/2025 19:13:35,8.059,33.264,,15.3,1016527.0,623912.0,949659.52,5493.56,2088.74,9907.42,1646.67,20771.14,776.68,172.97,109.07,4636.14,150.92,1001.17,186.33,2627.56,85.38,205.97,47.63,162.05,57.97,73.55,34.29,132.14,24.84,4946.90,460.66,4.62,0.60,21.61,1.14,11.49,2.73,0.00,0.00,44.05,4.21,24.02,4.58,1.93,5.20,17.53,24.73,73.35,10.14,11.31,5.61,97369.67,9109.84,3463.71,18719.71,3111.33,44436.43,1661.58,396.33,249.92,11575.99,376.84,1206.01,224.46,3676.49,119.47,343.66,79.47,289.28,103.49,107.50,50.11,189.87,35.68,7072.80,658.63,5.88,0.76,27.05,1.43,14.30,3.40,0.00,0.00,52.09,4.98,32.45,6.19,2.58,6.94,19.57,27.62,79.01,10.92,12.83,6.37
64.10,64.1,26/11/2025 19:14:09,8.837,34.390,1181247.838,15.3,1023216.0,621373.0,942759.51,8672.99,2142.23,10804.02,1781.78,22792.24,844.49,80.26,61.09,4386.71,145.14,1365.86,232.04,2860.05,88.82,301.58,55.84,153.83,59.20,85.93,36.96,132.93,25.07,5373.04,501.65,4.46,0.61,37.85,2.48,9.73,2.79,0.00,0.00,51.91,4.66,23.82,4.78,2.80,5.41,15.73,25.38,75.22,10.62,9.52,5.77,109388.79,14382.22,3552.41,20413.80,3366.61,48760.23,1806.65,183.91,139.98,10953.19,362.41,1645.32,279.52,4001.80,124.28,503.19,93.17,274.61,105.68,125.60,54.02,191.00,36.02,7682.07,717.23,5.67,0.78,47.39,3.10,12.11,3.47,0.00,0.00,61.39,5.51,32.17,6.45,3.73,7.21,17.57,28.34,81.02,11.44,10.80,6.55
64.20,64.2,26/11/2025 19:14:44,8.070,36.236,,15.4,1018650.0,615348.0,946710.10,5767.30,2086.87,10756.56,1775.20,22056.00,819.19,183.88,114.95,4586.80,150.27,1506.44,249.96,2622.87,86.75,289.84,55.12,144.02,58.52,110.07,41.20,200.20,36.32,4854.08,451.19,4.94,0.61,21.05,1.09,14.96,2.88,0.00,0.00,52.63,4.60,27.07,4.66,0.54,5.28,3.12,25.11,73.98,10.29,13.54,5.66,102810.44,9563.77,3460.61,20324.12,3354.18,47185.17,1752.52,421.33,263.39,11452.80,375.21,1814.67,301.10,3669.93,121.38,483.59,91.97,257.10,104.48,160.88,60.21,287.65,52.18,6940.09,645.09,6.29,0.78,26.35,1.37,18.63,3.59,0.00,0.00,62.24,5.43,36.57,6.29,0.72,7.04,3.48,28.04,79.69,11.09,15.36,6.42
64.30,64.3,26/11/2025 19:15:19,7.737,37.959,,15.3,1021007.0,622246.0,948364.31,7172.37,2079.32,10504.32,1735.49,20349.39,763.06,32.92,63.30,4134.26,137.85,1081.35,197.24,2466.62,84.67,211.76,48.30,114.44,57.34,99.47,38.81,201.38,36.58,5083.15,473.96,4.53,0.60,6.85,0.31,9.81,2.74,0.00,0.00,42.09,4.14,19.01,4.53,0.55,5.25,13.38,24.73,77.91,10.47,10.13,5.50,98900.68,11893.77,3448.09,19847.52,3279.14,43534.15,1632.44,75.43,145.04,10322.86,344.19,1302.60,237.60,3451.31,118.47,353.31,80.58,204.30,102.36,145.38,56.73,289.35,52.55,7267.60,677.64,5.76,0.77,8.58,0.39,12.21,3.41,0.00,0.00,49.78,4.89,25.67,6.12,0.74,7.00,14.94,27.61,83.92,11.28,11.49,6.24
64.40,64.4,26/11/2025 19:15:52,8.617,43.909,,15.3,1023822.0,621111.0,949890.50,5953.56,2101.51,10002.65,1661.84,20262.78,760.30,23.44,22.91,4479.60,147.23,1137.75,204.31,2535.97,85.30,255.91,51.61,106.41,57.14,71.82,34.05,125.13,23.73,4965.45,462.61,4.43,0.60,6.57,0.31,9.01,2.71,0.00,0.00,45.41,4.26,20.22,4.50,0.74,5.18,16.85,24.78,75.17,10.23,10.65,5.52,96498.83,9872.64,3484.89,18899.63,3139.98,43348.87,1626.54,53.72,52.50,11185.13,367.61,1370.54,246.12,3548.35,119.35,426.99,86.11,189.96,102.01,104.97,49.77,179.79,34.10,7099.33,661.42,5.64,0.77,8.22,0.39,11.22,3.38,0.00,0.00,53.70,5.03,27.31,6.08,0.98,6.90,18.81,27.66,80.97,11.02,12.08,6.26
64.50,64.5,26/11/2025 19:16:37,7.113,41.662,,15.4,1013135.0,617098.0,951486.17,5847.05,2091.84,9503.53,1584.82,19894.16,747.41,82.39,61.52,4466.31,146.42,868.37,171.54,2366.99,82.72,195.96,46.15,160.88,57.29,82.16,35.44,191.06,34.80,4640.92,431.09,4.35,0.58,27.79,1.61,12.09,2.75,0.00,0.00,46.71,4.30,22.22,4.44,4.52,5.10,17.39,24.43,72.81,10.02,6.17,5.40,93807.12,9696.02,3468.84,17956.57,2994.45,42560.27,1598.97,188.79,140.96,11151.94,365.59,1046.04,206.64,3311.91,115.74,326.95,76.99,287.20,102.27,120.08,51.79,274.52,50.00,6635.33,616.34,5.54,0.74,34.79,2.02,15.04,3.42,0.00,0.00,55.24,5.08,30.01,6.00,6.03,6.80,19.42,27.27,78.43,10.80,7.00,6.12
64.60,64.6,26/11/2025 19:17:11,8.149,46.888,1181247.839,15.5,1001911.0,606330.0,949610.24,6876.45,2086.84,9563.31,1591.86,20146.20,755.27,159.97,101.96,4262.33,141.50,1237.08,213.43,2499.52,83.56,281.07,53.12,182.90,57.46,87.04,36.25,186.52,33.79,4688.14,435.28,4.89,0.60,46.32,3.48,11.48,2.74,0.00,0.00,46.58,4.30,21.63,4.43,0.00,0.00,13.33,24.38,66.53,9.83,8.44,5.42,96721.25,11403.06,3460.55,18069.52,3007.76,43099.47,1615.77,366.56,233.63,10642.64,353.31,1490.20,257.10,3497.34,116.92,468.97,88.64,326.51,102.57,127.21,52.99,268.00,48.56,6702.84,622.34,6.23,0.77,57.98,4.36,14.29,3.41,0.00,0.00,55.09,5.08,29.22,5.98,0.00,0.00,14.89,27.22,71.67,10.59,9.57,6.14
64.70,64.7,26/11/2025 19:17:45,8.150,56.737,,15.5,990388.0,597748.0,951091.41,6301.76,2014.12,10108.88,1671.81,19887.15,745.20,67.50,51.86,3868.56,129.85,1252.58,214.44,2617.71,83.74,323.27,55.25,124.44,55.63,102.34,38.92,89.07,17.19,3905.47,359.25,4.34,0.57,81.26,9.27,9.11,2.60,0.00,0.00,43.88,4.12,27.57,4.42,0.15,4.91,10.04,24.04,70.57,9.81,12.95,5.42,94014.07,10450.05,3339.96,19100.35,3158.83,42545.28,1594.23,154.68,118.82,9659.42,324.23,1508.86,258.32,3662.71,117.17,539.37,92.19,222.15,99.30,149.57,56.88,127.97,24.71,5583.82,513.64,5.53,0.73,101.72,11.60,11.33,3.24,0.00,0.00,51.89,4.87,37.24,5.97,0.20,6.54,11.21,26.84,76.02,10.57,14.69,6.15
64.80,64.8,26/11/2025 19:18:20,7.717,59.053,,15.5,991529.0,597394.0,950152.27,6518.97,2094.13,10032.91,1662.79,21113.20,786.30,67.14,52.39,3894.13,130.99,1270.35,217.44,2730.44,85.20,236.44,49.24,159.09,56.70,72.88,33.68,61.49,12.42,3432.34,313.51,4.51,0.57,62.53,5.88,11.41,2.65,0.00,0.00,55.13,4.60,26.75,4.39,0.69,4.84,13.72,24.21,70.63,9.64,12.97,5.42,96250.44,10810.25,3472.65,18956.81,3141.79,45168.20,1682.15,153.85,120.04,9723.27,327.06,1530.27,261.93,3820.45,119.21,394.51,82.15,284.01,101.21,106.52,49.23,88.35,17.84,4907.37,448.24,5.74,0.72,78.27,7.36,14.20,3.30,0.00,0.00,65.20,5.44,36.14,5.93,0.92,6.46,15.32,27.03,76.08,10.38,14.71,6.14
64.90,64.9,26/11/2025 19:18:55,7.758,56.673,,15.6,979747.0,591889.0,952569.21,6764.21,1981.22,9481.95,1574.47,19160.03,720.52,67.55,51.58,3565.73,121.81,1233.36,211.71,2714.17,84.30,335.29,55.50,135.29,55.09,75.14,33.70,91.84,17.60,3572.37,327.10,4.14,0.55,53.52,4.53,11.61,2.64,0.00,0.00,50.65,4.35,28.72,4.36,0.50,4.76,12.28,23.78,62.56,9.51,9.90,5.23,90892.58,11216.93,3285.42,17915.79,2974.90,40989.73,1541.44,154.78,118.20,8903.29,304.14,1485.71,255.02,3797.68,117.96,559.42,92.61,241.52,98.34,109.82,49.26,131.96,25.29,5107.57,467.68,5.27,0.70,66.99,5.68,14.45,3.29,0.00,0.00,59.89,5.14,38.80,5.89,0.66,6.34,13.71,26.55,67.39,10.25,11.23,5.93
65.00,65.0,26/11/2025 19:19:40,8.214,62.224,,15.7,960638.0,581491.0,954520.41,5730.20,1942.05,9160.91,1525.35,19269.72,723.23,74.47,55.04,3488.35,118.97,1273.48,215.05,2317.73,79.70,252.10,48.85,130.30,54.07,70.22,32.36,125.20,22.81,3315.94,302.30,4.28,0.55,89.99,11.37,12.88,2.68,0.00,0.00,46.99,4.15,25.84,4.16,0.00,0.00,12.70,23.27,66.06,9.43,12.24,5.23,87694.08,9502.25,3220.45,17309.19,2882.10,41224.37,1547.23,170.64,126.12,8710.08,297.05,1534.04,259.05,3242.98,111.51,420.63,81.51,232.61,96.52,102.63,47.30,179.89,32.78,4740.94,432.21,5.45,0.70,112.65,14.23,16.03,3.33,0.00,0.00,55.57,4.91,34.90,5.62,0.00,0.00,14.18,25.98,71.16,10.16,13.89,5.93
65.10,65.1,26/11/2025 19:20:15,8.452,62.357,1181240.829,15.7,962017.0,579333.0,954773.04,4179.32,1896.31,9233.69,1535.70,19177.91,719.60,133.90,85.66,3540.18,120.54,1343.00,223.43,2823.56,83.67,297.12,51.87,188.75,54.71,90.53,35.92,99.66,18.58,3802.87,349.16,4.49,0.56,132.59,22.45,10.65,2.62,0.12,0.20,54.29,4.50,17.22,4.14,2.07,4.67,13.95,23.15,71.44,9.37,9.65,5.16,87044.12,6930.47,3144.61,17446.71,2901.65,41027.97,1539.47,306.82,196.27,8839.48,300.98,1617.78,269.15,3950.75,117.07,495.74,86.55,336.95,97.66,132.32,52.50,143.19,26.69,5437.13,499.21,5.71,0.71,165.97,28.10,13.26,3.27,0.16,0.27,64.21,5.32,23.25,5.60,2.76,6.23,15.57,25.85,76.96,10.10,10.95,5.85
65.20,65.2,26/11/2025 19:20:48,9.059,69.302,,15.8,938367.0,567926.0,957809.00,5147.16,1842.91,8333.49,1394.58,18185.60,684.81,42.50,58.29,2845.52,100.62,1212.80,204.41,2518.64,79.18,298.55,50.72,150.67,52.32,85.46,34.29,45.49,9.11,3065.67,278.21,4.37,0.54,86.48,10.75,9.80,2.54,0.00,0.00,38.33,3.71,28.28,4.05,0.00,0.00,17.56,22.40,62.87,9.04,11.77,5.05,81024.42,8535.41,3056.06,15745.82,2635.00,38905.08,1465.04,97.39,133.57,7104.98,251.25,1460.94,246.23,3524.09,110.80,498.13,84.63,268.97,93.41,124.91,50.12,65.37,13.09,4383.13,397.77,5.56,0.69,108.26,13.46,12.19,3.16,0.00,0.00,45.33,4.39,38.20,5.47,0.00,0.00,19.60,25.01,67.72,9.74,13.35,5.73
65.30,65.3,26/11/2025 19:21:23,8.247,63.090,,15.7,951725.0,576727.0,953946.81,5301.12,1900.62,9324.45,1548.26,20215.58,753.68,66.35,50.31,3327.90,114.68,1111.84,193.86,2495.06,80.46,215.64,45.46,125.98,53.38,89.64,35.61,61.30,12.04,3454.10,315.51,4.36,0.56,77.73,8.73,12.42,2.65,0.00,0.00,46.10,4.08,25.48,4.14,0.00,0.00,21.75,22.96,65.68,9.37,10.70,5.15,89005.40,8790.72,3151.76,17618.20,2925.38,43247.89,1612.37,152.02,115.28,8309.44,286.34,1339.33,233.53,3491.11,112.58,359.80,75.84,224.90,95.30,131.01,52.04,88.08,17.30,4938.48,451.10,5.55,0.71,97.30,10.93,15.46,3.30,0.00,0.00,54.51,4.83,34.42,5.59,0.00,0.00,24.29,25.64,70.76,10.10,12.14,5.85
65.40,65.4,26/11/2025 19:21:57,6.365,67.782,,15.7,946882.0,572803.0,953275.69,4789.67,1864.32,9345.44,1551.85,20789.62,772.53,20.28,19.38,3143.01,109.76,1511.40,244.44,2563.23,80.83,423.17,60.17,100.22,52.98,87.75,35.28,91.75,17.06,3549.26,324.35,4.38,0.55,138.88,24.42,12.85,2.69,0.00,0.00,42.67,4.01,23.75,4.23,0.81,4.64,6.18,23.10,70.94,9.56,9.05,5.26,89970.01,7942.60,3091.56,17657.86,2932.16,44475.96,1652.69,46.48,44.41,7847.78,274.07,1820.65,294.45,3586.48,113.09,706.06,100.39,178.91,94.57,128.25,51.57,131.84,24.51,5074.54,463.74,5.57,0.70,173.84,30.57,15.99,3.35,0.00,0.00,50.46,4.74,32.08,5.72,1.09,6.19,6.90,25.79,76.42,10.30,10.27,5.97
65.50,65.5,26/11/2025 19:22:42,6.406,70.954,,15.9,913621.0,558006.0,961582.00,3951.90,1725.92,7639.94,1286.58,16608.96,630.92,71.20,50.70,2918.85,101.76,1050.69,182.54,2286.50,75.38,286.77,49.11,111.59,50.07,69.37,30.76,69.40,13.05,3062.07,277.96,4.03,0.51,152.72,30.20,11.07,2.49,0.00,0.00,34.34,3.47,18.58,3.90,0.70,4.30,0.00,0.00,62.08,8.92,7.25,4.81,74045.61,6553.34,2862.05,14435.39,2430.94,35532.12,1349.76,163.15,116.17,7288.09,254.09,1265.67,219.88,3199.28,105.47,478.48,81.94,199.21,89.38,101.38,44.95,99.72,18.74,4377.98,397.41,5.13,0.65,191.18,37.80,13.78,3.10,0.00,0.00,40.61,4.11,25.10,5.27,0.93,5.73,0.00,0.00,66.87,9.60,8.22,5.46
65.60,65.6,26/11/2025 19:23:16,7.149,75.594,1181241.419,15.9,913298.0,556098.0,962447.24,3486.74,1794.69,7375.79,1249.79,16809.18,637.96,24.98,22.05,2683.17,95.68,1356.28,221.27,2209.86,74.62,271.64,47.89,125.30,50.19,78.73,32.39,17.41,3.70,2851.11,257.71,4.02,0.51,109.43,16.73,8.00,2.38,0.00,0.00,37.98,3.58,22.55,3.83,0.00,0.00,7.13,21.62,64.57,8.92,8.87,4.75,72369.80,5781.97,2976.09,13936.27,2361.44,35960.47,1364.81,57.24,50.53,6699.63,238.91,1633.79,266.55,3092.05,104.41,453.23,79.91,223.69,89.61,115.07,47.34,25.01,5.31,4076.36,368.46,5.12,0.65,136.99,20.94,9.96,2.96,0.00,0.00,44.92,4.24,30.46,5.17,0.00,0.00,7.97,24.14,69.56,9.61,10.06,5.39
65.70,65.7,26/11/2025 19:23:51,7.520,77.573,,16.0,897812.0,551840.0,962651.17,5335.43,1782.67,7284.48,1231.74,15826.59,604.56,65.00,46.74,2543.80,91.77,933.08,167.52,2076.34,72.92,181.09,40.05,100.46,49.19,62.02,29.22,96.92,23.93,2553.97,229.41,3.56,0.48,128.97,22.75,7.85,2.34,0.00,0.00,38.56,3.59,21.20,3.73,2.72,4.14,17.74,21.28,58.46,8.57,10.59,4.69,71710.84,8847.62,2956.16,13763.76,2327.32,33858.38,1293.36,148.93,107.09,6351.62,229.15,1123.99,201.79,2905.23,102.04,302.15,66.82,179.34,87.82,90.64,42.70,139.26,34.38,3651.53,328.00,4.52,0.62,161.44,28.47,9.77,2.92,0.00,0.00,45.61,4.25,28.64,5.04,3.63,5.52,19.81,23.76,62.97,9.23,12.01,5.32
65.80,65.8,26/11/2025 19:24:25,8.272,78.768,,15.9,900676.0,554013.0,960064.87,4543.49,1762.37,7915.99,1328.03,17976.44,675.76,104.12,67.51,2377.77,87.45,1041.20,181.38,2266.07,75.09,357.83,53.38,165.38,50.50,99.45,36.35,47.91,9.28,2774.41,250.08,4.08,0.51,107.52,16.12,10.08,2.50,0.00,0.00,39.72,3.69,21.27,3.84,0.28,4.29,5.36,21.52,65.75,9.00,10.99,4.88,76940.40,7534.36,2922.50,14956.97,2509.27,38457.63,1445.67,238.58,154.70,5937.06,218.36,1254.23,218.49,3170.69,105.07,597.05,89.07,295.24,90.16,145.36,53.13,68.85,13.33,3966.70,357.55,5.19,0.65,134.59,20.18,12.55,3.11,0.00,0.00,46.98,4.36,28.73,5.19,0.38,5.72,5.99,24.03,70.82,9.69,12.47,5.54
65.90,65.9,26/11/2025 19:25:00,7.633,77.113,,16.0,893180.0,547279.0,960225.16,5341.97,1759.22,8129.24,1359.13,16942.32,641.51,46.71,56.72,2542.64,91.58,954.64,169.84,2281.97,74.57,262.72,46.67,137.10,49.72,81.72,32.74,41.33,8.10,2743.00,247.07,3.64,0.49,126.10,21.54,10.77,2.39,0.00,0.00,37.68,3.56,16.02,3.75,0.81,4.16,3.58,21.32,61.21,8.80,9.68,4.75,76370.08,8858.46,2917.28,15359.90,2568.02,36245.30,1372.41,107.03,129.97,6348.72,228.68,1149.96,204.59,3192.95,104.33,438.35,77.87,244.75,88.76,119.44,47.85,59.38,11.64,3921.78,353.24,4.63,0.63,157.85,26.96,13.40,2.98,0.00,0.00,44.56,4.21,21.64,5.06,1.08,5.55,3.99,23.81,65.93,9.48,10.98,5.39
66.00,66.0,26/11/2025 19:25:44,7.270,76.583,,16.0,889573.0,546221.0,963996.87,4707.19,1752.19,6735.64,1147.85,15430.02,590.42,30.51,25.47,2377.15,86.65,989.89,173.00,2180.70,72.95,253.27,45.89,118.02,48.97,80.43,32.23,43.26,8.40,2788.55,251.69,3.71,0.49,126.13,21.82,10.57,2.38,0.00,0.00,34.19,3.40,16.15,3.68,0.74,4.08,0.00,0.00,69.73,8.87,7.28,4.60,68913.91,7805.82,2905.62,12726.74,2168.81,33009.98,1263.12,69.90,58.36,5935.53,216.37,1192.43,208.40,3051.24,102.07,422.59,76.57,210.69,87.42,117.55,47.11,62.15,12.07,3986.91,359.85,4.72,0.63,157.89,27.32,13.15,2.96,0.00,0.00,40.44,4.02,21.81,4.97,0.99,5.44,0.00,0.00,75.11,9.56,8.26,5.22
66.10,66.1,26/11/2025 19:26:18,7.050,65.606,1181247.834,16.0,879566.0,544479.0,966313.67,4632.39,1711.90,6938.56,1174.84,13870.08,537.84,12.60,11.69,2485.47,88.66,832.74,153.21,1983.91,70.54,183.47,39.46,143.91,48.32,52.94,27.21,81.73,22.74,2254.00,201.03,3.76,0.48,86.04,11.22,7.97,2.24,0.00,0.00,31.48,3.20,16.63,3.53,0.00,0.00,5.00,20.60,55.40,8.29,8.24,4.54,64715.75,7681.78,2838.81,13110.16,2219.82,29672.75,1150.63,28.86,26.79,6205.99,221.39,1003.12,184.56,2775.91,98.71,306.11,65.84,256.91,86.26,77.38,39.77,117.44,32.68,3222.65,287.42,4.78,0.61,107.70,14.05,9.92,2.79,0.00,0.00,37.23,3.78,22.46,4.77,0.00,0.00,5.58,23.00,59.68,8.93,9.35,5.15
66.20,66.2,26/11/2025 19:26:53,7.098,63.226,,16.1,876692.0,542855.0,966926.46,4288.40,1729.43,6782.60,1155.06,13999.14,542.81,45.41,54.06,2051.96,77.41,959.70,168.57,1902.15,69.44,176.80,38.93,118.07,47.82,65.79,29.18,93.21,23.09,2368.47,211.84,3.83,0.47,79.88,9.82,10.17,2.23,0.00,0.00,31.41,3.20,19.83,3.57,0.82,3.95,8.86,20.55,60.87,8.40,6.17,4.57,63308.01,7111.35,2867.87,12815.48,2182.44,29948.85,1161.26,104.05,123.88,5123.55,193.29,1156.06,203.06,2661.50,97.17,295.00,64.96,210.78,85.37,96.16,42.64,133.93,33.17,3386.30,302.88,4.88,0.60,99.99,12.29,12.65,2.78,0.00,0.00,37.14,3.78,26.78,4.82,1.10,5.26,9.89,22.95,65.57,9.05,7.00,5.18
66.30,66.3,26/11/2025 19:27:27,7.282,61.242,,16.1,875925.0,541185.0,967656.82,3999.59,1710.96,6337.52,1087.31,13601.30,529.04,99.23,62.73,1977.39,75.16,976.81,170.08,2060.10,70.67,218.81,41.94,130.29,47.66,65.44,29.03,95.72,23.12,2516.33,225.86,3.62,0.47,115.19,18.90,9.94,2.31,0.00,0.00,34.36,3.36,18.67,3.56,3.41,3.97,13.36,20.43,57.81,8.40,8.30,4.46,61675.28,6632.42,2837.25,11974.50,2054.44,29097.74,1131.80,227.37,143.75,4937.35,187.67,1176.66,204.88,2882.51,98.88,365.09,69.98,232.59,85.07,95.64,42.43,137.53,33.23,3597.71,322.92,4.61,0.60,144.19,23.65,12.37,2.88,0.00,0.00,40.63,3.97,25.21,4.81,4.55,5.29,14.92,22.81,62.28,9.05,9.41,5.06
66.40,66.4,26/11/2025 19:28:03,7.628,63.091,,16.1,872415.0,540825.0,965870.39,4234.86,1650.13,6596.59,1123.43,14592.16,561.44,96.49,61.53,2098.27,78.46,1143.68,190.98,2115.01,71.24,236.61,43.33,177.41,48.38,82.30,32.11,41.36,7.97,2462.82,220.53,3.45,0.47,107.27,16.52,9.04,2.33,0.00,0.00,31.61,3.23,17.48,3.59,1.51,4.01,6.76,20.38,67.78,8.67,7.16,4.45,65215.39,7022.56,2736.37,12464.02,2122.67,31217.51,1201.12,221.10,140.99,5239.19,195.90,1377.68,230.05,2959.33,99.67,394.78,72.30,316.72,86.36,120.29,46.93,59.43,11.45,3521.20,315.30,4.38,0.60,134.28,20.67,11.25,2.91,0.00,0.00,37.38,3.82,23.61,4.84,2.02,5.35,7.55,22.76,73.01,9.34,8.12,5.05
66.50,66.5,26/11/2025 19:28:47,7.208,72.813,,16.1,862687.0,537764.0,969095.69,3309.99,1667.29,6395.40,1092.59,13959.78,539.45,32.75,51.43,1762.12,68.40,850.03,153.75,1794.17,67.21,174.68,37.75,135.11,46.82,79.52,31.23,17.38,3.55,2157.74,191.84,3.43,0.46,92.58,12.97,9.63,2.19,0.00,0.00,26.98,2.95,17.98,3.48,0.64,3.85,14.65,20.00,62.70,8.25,7.07,4.37,59486.67,5488.87,2764.82,12083.88,2064.41,29864.64,1154.07,75.03,117.85,4399.84,170.78,1023.95,185.21,2510.41,94.04,291.45,62.99,241.20,83.58,116.22,45.64,24.97,5.11,3085.02,274.28,4.37,0.59,115.88,16.23,11.98,2.73,0.00,0.00,31.90,3.49,24.28,4.70,0.85,5.13,16.36,22.32,67.54,8.89,8.02,4.96
66.60,66.6,26/11/2025 19:29:21,7.474,81.737,1181239.769,16.1,865252.0,539798.0,966097.80,5248.62,1653.92,6781.35,1149.17,13722.63,532.11,92.47,58.92,2081.52,77.69,1072.03,181.96,1810.53,68.24,223.68,42.00,124.03,47.20,73.77,30.38,86.07,22.56,2350.48,209.92,3.64,0.48,91.63,12.54,8.61,2.31,0.00,0.00,25.59,2.91,19.47,3.63,0.34,3.93,16.65,20.27,61.23,8.35,7.87,4.54,64575.21,8703.66,2742.65,12813.11,2171.32,29357.30,1138.37,211.89,135.00,5197.35,193.99,1291.37,219.19,2533.30,95.48,373.21,70.08,221.41,84.26,107.82,44.40,123.66,32.42,3360.58,300.13,4.63,0.61,114.70,15.70,10.72,2.87,0.00,0.00,30.27,3.44,26.30,4.90,0.45,5.24,18.59,22.63,65.96,8.99,8.93,5.15
66.70,66.7,26/11/2025 19:29:56,7.474,80.015,,16.1,862264.0,538049.0,969531.82,2736.87,1615.92,6020.81,1035.94,13962.80,539.21,3.72,3.55,2051.86,76.24,964.54,167.74,1859.05,68.01,215.69,41.21,109.27,46.36,86.27,32.57,85.18,22.22,2160.77,192.13,3.53,0.46,77.23,9.35,9.31,2.28,0.00,0.00,27.61,2.97,17.95,3.49,0.03,3.89,9.22,20.01,55.98,8.22,10.52,4.53,58825.54,4538.48,2679.64,11376.09,1957.37,29871.11,1153.56,8.51,8.13,5123.29,190.37,1161.89,202.06,2601.19,95.15,359.87,68.76,195.06,82.76,126.08,47.61,122.39,31.93,3089.35,274.69,4.49,0.59,96.68,11.71,11.59,2.84,0.00,0.00,32.65,3.51,24.25,4.72,0.03,5.19,10.29,22.34,60.31,8.85,11.94,5.14
66.80,66.8,26/11/2025 19:29:56,7.803,76.378,,16.1,862569.0,539614.0,968192.06,2990.44,1620.82,6526.88,1111.93,14120.75,544.93,52.65,37.84,2107.06,78.12,1050.95,178.81,1994.66,69.51,151.15,35.77,125.19,47.07,64.45,28.63,82.73,22.31,2281.84,203.51,3.77,0.48,113.91,18.63,10.79,2.25,0.00,0.00,31.95,3.20,19.15,3.58,0.19,3.96,11.49,20.16,61.36,8.46,6.59,4.42,61201.28,4958.97,2687.76,12332.30,2100.95,30209.02,1165.78,120.63,86.70,5261.13,195.05,1265.98,215.40,2790.94,97.26,252.20,59.68,223.48,84.03,94.20,41.84,118.87,32.06,3262.44,290.96,4.80,0.61,142.58,23.32,13.43,2.80,0.00,0.00,37.78,3.79,25.87,4.83,0.26,5.28,12.83,22.51,66.10,9.11,7.47,5.02
66.90,66.9,26/11/2025 19:31:05,8.506,67.517,,16.1,865505.0,540560.0,967406.28,2643.90,1596.28,6221.07,1065.85,15228.35,581.45,22.72,19.03,1990.99,74.88,1186.21,195.81,2087.50,70.25,201.99,40.36,141.35,47.56,55.29,27.26,87.64,22.64,2482.72,222.44,3.57,0.47,91.89,12.55,10.67,2.32,0.00,0.00,32.80,3.25,20.00,3.62,0.00,0.00,14.47,20.29,62.52,8.46,8.05,4.50,62727.53,4384.32,2647.07,11754.49,2013.88,32578.54,1243.91,52.07,43.61,4971.32,186.97,1428.92,235.88,2920.84,98.29,337.01,67.34,252.34,84.91,80.82,39.84,125.93,32.54,3549.66,318.03,4.54,0.60,115.02,15.70,13.28,2.89,0.00,0.00,38.79,3.84,27.02,4.89,0.00,0.00,16.15,22.66,67.35,9.11,9.13,5.11
67.00,67.0,26/11/2025 19:31:50,8.522,63.153,,16.1,862996.0,539599.0,968703.59,3818.95,1618.08,5940.12,1024.46,13480.74,524.17,41.42,52.29,2022.56,75.82,874.10,157.30,1987.52,69.50,296.74,47.07,123.72,46.71,71.69,29.81,32.23,6.30,2365.80,211.45,3.51,0.47,112.33,18.21,8.00,2.22,0.00,0.00,25.09,2.87,19.26,3.57,0.13,3.92,4.66,20.13,60.32,8.32,7.54,4.45,59914.41,6332.87,2683.23,11223.63,1935.68,28839.81,1121.37,94.91,119.81,5050.13,189.32,1052.94,189.48,2780.95,97.25,495.10,78.54,220.87,83.39,104.78,43.57,46.30,9.05,3382.49,302.32,4.46,0.59,140.62,22.79,9.95,2.76,0.00,0.00,29.67,3.40,26.02,4.83,0.17,5.23,5.21,22.47,64.97,8.96,8.55,5.05
67.10,67.1,26/11/2025 19:32:25,8.493,46.424,1181247.967,16.1,863459.0,540680.0,968438.06,2415.93,1546.41,6427.96,1095.18,14797.64,566.71,51.57,36.78,1989.49,74.64,832.74,152.27,1882.73,68.37,230.83,42.44,114.88,46.75,81.87,31.82,91.37,22.64,2419.69,216.57,3.54,0.47,89.78,12.14,9.22,2.30,0.00,0.00,29.61,3.14,19.08,3.59,0.00,0.00,10.48,20.16,55.31,8.16,8.23,4.47,61102.41,4006.27,2564.37,12145.39,2069.31,31657.10,1212.38,118.15,84.29,4967.57,186.36,1003.12,183.42,2634.32,95.66,385.13,70.81,205.09,83.46,119.66,46.50,131.28,32.53,3459.54,309.65,4.51,0.60,112.39,15.19,11.47,2.86,0.00,0.00,35.02,3.71,25.78,4.85,0.00,0.00,11.70,22.51,59.58,8.80,9.34,5.07
67.20,67.2,26/11/2025 19:32:59,9.400,37.899,,16.1,867027.0,540791.0,967908.55,2707.68,1604.56,6132.06,1053.67,14401.51,554.38,27.15,51.86,1990.85,75.34,1141.74,190.46,2276.42,72.02,247.65,43.94,118.86,47.07,78.27,31.22,94.60,16.67,2646.21,238.03,3.38,0.47,89.36,11.91,8.24,2.30,0.00,0.00,38.64,3.56,18.31,3.56,0.19,4.01,6.89,20.28,55.71,8.45,7.73,4.57,61412.42,4490.09,2660.80,11586.30,1990.87,30809.65,1186.02,62.20,118.83,4970.97,188.13,1375.34,229.43,3185.19,100.78,413.21,73.31,212.19,84.03,114.39,45.63,135.93,23.96,3783.40,340.32,4.31,0.60,111.86,14.91,10.25,2.86,0.00,0.00,45.70,4.21,24.73,4.80,0.26,5.35,7.69,22.65,60.01,9.10,8.77,5.18
67.30,67.3,26/11/2025 19:33:34,9.348,34.918,,16.1,868070.0,541929.0,969430.65,2215.12,1596.29,5889.44,1017.32,13901.77,537.71,38.94,29.67,1981.48,74.57,1078.82,182.47,2092.00,70.75,256.07,44.66,121.91,47.05,65.82,28.89,48.90,9.27,2665.70,240.11,3.69,0.48,75.23,8.82,9.54,2.34,0.00,0.00,34.24,3.35,16.86,3.57,0.00,0.00,5.53,20.25,60.59,8.51,7.71,4.53,58681.97,3673.28,2647.09,11127.88,1922.19,29740.55,1150.34,89.22,68.00,4947.57,186.20,1299.55,219.81,2927.13,98.99,427.25,74.51,217.63,84.00,96.20,42.22,70.26,13.32,3811.27,343.29,4.70,0.61,94.17,11.04,11.88,2.91,0.00,0.00,40.50,3.96,22.77,4.82,0.00,0.00,6.18,22.61,65.27,9.17,8.75,5.14
67.40,67.4,26/11/2025 19:34:09,9.617,37.104,,16.1,866050.0,544118.0,970853.38,2314.52,1599.81,5849.37,1010.67,12689.27,497.24,66.92,45.15,2004.33,75.01,821.61,150.16,2142.11,70.40,326.77,49.03,108.49,46.42,72.77,30.04,43.38,8.30,2456.79,220.27,3.45,0.47,112.44,18.30,9.26,2.29,0.00,0.00,32.81,3.27,26.00,3.69,0.24,3.93,3.85,20.15,57.59,8.24,4.66,4.49,55904.48,3838.11,2652.92,11052.17,1909.62,27146.60,1063.75,153.34,103.45,5004.63,187.29,989.72,180.88,2997.25,98.51,545.21,81.81,193.67,82.86,106.36,43.91,62.34,11.93,3512.58,314.93,4.39,0.59,140.74,22.91,11.53,2.85,0.00,0.00,38.80,3.87,35.13,4.98,0.31,5.24,4.30,22.50,62.03,8.87,5.28,5.10
67.50,67.5,26/11/2025 19:34:54,9.470,34.392,,16.1,873039.0,544478.0,966666.85,3151.52,1582.83,6410.31,1093.61,14578.50,560.29,81.66,53.74,2190.02,80.49,1048.68,178.96,2273.42,72.43,199.68,40.45,128.36,47.73,62.03,28.50,64.54,11.89,2876.19,260.07,3.32,0.47,116.28,18.96,9.36,2.35,0.00,0.00,36.08,3.46,16.95,3.66,0.48,4.03,14.60,20.46,61.90,8.70,9.25,4.70,63805.08,5226.09,2624.77,12112.04,2066.33,31188.30,1198.64,187.10,123.13,5468.26,200.98,1263.25,215.58,3180.98,101.35,333.17,67.49,229.15,85.21,90.67,41.66,92.74,17.09,4112.22,371.83,4.22,0.59,145.56,23.74,11.66,2.92,0.00,0.00,42.67,4.09,22.90,4.95,0.65,5.37,16.30,22.85,66.68,9.37,10.49,5.33
67.60,67.6,26/11/2025 19:35:29,9.392,40.672,1181238.842,16.1,862622.0,543021.0,966437.69,1918.34,1616.92,6433.03,1099.35,16732.82,631.23,86.43,55.76,1947.00,73.88,1146.01,191.03,2078.18,70.58,193.71,39.84,143.09,47.72,88.11,33.20,93.48,22.94,2438.91,218.16,3.77,0.49,120.96,20.48,9.50,2.34,0.00,0.00,30.50,3.20,19.70,3.65,0.28,4.06,11.14,20.33,59.50,8.63,7.85,4.67,65126.30,3181.14,2681.29,12154.97,2077.18,35797.10,1350.41,198.04,127.76,4861.46,184.46,1380.49,230.12,2907.80,98.75,323.21,66.48,255.44,85.19,128.77,48.53,134.31,32.96,3487.01,311.92,4.80,0.63,151.42,25.63,11.83,2.91,0.00,0.00,36.07,3.78,26.61,4.93,0.38,5.42,12.44,22.70,64.09,9.29,8.91,5.29
67.70,67.7,26/11/2025 19:36:04,8.845,39.812,,16.1,863002.0,544851.0,970213.95,2239.02,1665.27,5915.16,1022.55,13470.17,523.09,26.41,51.27,2000.25,74.82,927.79,162.38,1990.78,68.71,235.64,42.40,149.11,46.72,82.65,31.76,40.50,7.75,2472.07,221.60,3.43,0.47,97.58,14.16,6.31,2.22,0.00,0.00,33.30,3.28,16.11,3.54,1.05,3.96,12.50,19.89,59.30,8.42,6.89,4.54,57320.03,3712.92,2761.48,11176.48,1932.06,28817.21,1119.06,60.50,117.48,4994.42,186.81,1117.62,195.61,2785.52,96.13,393.16,70.75,266.19,83.41,120.80,46.42,58.20,11.14,3534.43,316.84,4.37,0.60,122.14,17.72,7.86,2.77,0.00,0.00,39.38,3.88,21.77,4.78,1.39,5.28,13.96,22.21,63.88,9.08,7.81,5.16
67.80,67.8,26/11/2025 19:36:38,8.947,34.060,,16.0,870705.0,546501.0,969546.12,3184.45,1646.29,5797.36,1004.54,13079.52,510.90,10.56,50.59,1937.05,73.22,863.12,155.79,2031.05,69.70,350.09,51.11,122.21,46.88,79.61,31.39,82.78,14.80,2672.74,240.84,3.61,0.47,114.92,18.88,9.13,2.28,0.00,0.00,31.44,3.21,17.24,3.58,1.25,4.01,0.00,0.00,59.65,8.41,6.12,4.52,58110.50,5280.70,2730.00,10953.89,1898.04,27981.48,1092.99,24.19,115.92,4836.63,182.83,1039.72,187.67,2841.85,97.52,584.12,85.28,218.16,83.68,116.36,45.88,118.94,21.27,3821.33,344.34,4.59,0.60,143.86,23.63,11.36,2.84,0.00,0.00,37.18,3.80,23.29,4.83,1.67,5.35,0.00,0.00,64.26,9.06,6.94,5.12
67.90,67.9,26/11/2025 19:37:12,9.671,31.146,,16.0,883031.0,550882.0,967688.66,3100.36,1657.79,5817.48,1006.89,14140.85,546.25,72.44,48.76,2253.71,82.54,949.29,167.74,2204.09,72.50,321.00,49.80,102.80,47.63,68.07,29.68,83.46,22.80,2916.61,264.20,3.57,0.48,147.88,29.23,9.82,2.37,0.00,0.00,37.40,3.57,15.86,3.71,1.52,4.08,2.80,20.70,56.88,8.57,5.47,4.67,61854.61,5141.26,2749.07,10991.91,1902.48,30252.02,1168.62,165.98,111.73,5627.29,206.09,1143.51,202.06,3083.97,101.44,535.59,83.09,183.51,85.03,99.49,43.38,119.91,32.76,4170.01,377.74,4.54,0.62,185.11,36.59,12.22,2.95,0.00,0.00,44.23,4.22,21.42,5.01,2.03,5.44,3.12,23.11,61.27,9.24,6.20,5.30
68.00,68.0,26/11/2025 19:37:57,9.375,27.641,,16.0,879100.0,551126.0,966466.25,3266.77,1659.98,6598.89,1124.19,14806.20,567.94,21.12,17.86,2232.08,81.69,1037.54,178.33,2118.07,71.77,225.02,42.64,110.97,47.67,70.39,30.04,45.08,8.67,2728.61,246.02,3.49,0.48,122.01,20.75,9.65,2.37,0.00,0.00,30.68,3.25,19.93,3.72,0.28,4.14,11.06,20.58,66.65,8.81,9.24,4.70,64365.93,5417.21,2752.71,12468.36,2124.12,31675.43,1215.02,48.40,40.93,5573.29,203.97,1249.83,214.81,2963.61,100.43,375.44,71.15,198.10,85.10,102.88,43.90,64.78,12.46,3901.21,351.75,4.44,0.61,152.73,25.98,12.02,2.95,0.00,0.00,36.28,3.84,26.92,5.02,0.37,5.52,12.35,22.98,71.80,9.49,10.49,5.33
68.10,68.1,26/11/2025 19:38:31,8.844,17.526,1181242.082,16.0,880787.0,557017.0,969962.20,2819.33,1624.88,6011.48,1036.55,12729.03,499.68,108.62,66.92,2427.52,86.84,849.39,154.89,1673.15,67.05,135.37,34.40,133.21,47.46,58.50,27.71,26.18,5.30,2823.90,255.60,3.89,0.49,90.38,12.30,9.75,2.34,0.00,0.00,30.15,3.15,24.34,3.72,0.59,4.05,12.30,20.26,63.53,8.49,7.19,4.62,57853.89,4675.22,2694.50,11358.47,1958.53,27231.66,1068.98,248.90,153.33,6061.28,216.84,1023.18,186.58,2341.09,93.81,225.87,57.39,237.81,84.73,85.50,40.49,37.61,7.62,4037.45,365.44,4.96,0.62,113.13,15.40,12.13,2.91,0.00,0.00,35.66,3.73,32.87,5.03,0.79,5.40,13.73,22.62,68.44,9.15,8.16,5.24
68.20,68.2,26/11/2025 19:39:06,8.830,16.599,,16.0,878904.0,555439.0,969996.51,1921.36,1569.40,6216.73,1067.02,13362.26,520.65,25.56,21.39,2302.45,83.71,839.27,152.66,1817.74,67.56,188.27,39.23,155.42,47.67,68.19,29.38,94.06,22.95,2783.41,251.66,3.84,0.49,98.24,14.25,9.88,2.37,0.00,0.00,26.06,2.98,15.63,3.63,0.62,4.05,13.99,20.24,54.57,8.33,5.93,4.56,57960.74,3186.14,2602.49,11746.29,2016.10,28586.34,1113.85,58.57,49.02,5749.01,209.00,1010.99,183.89,2543.39,94.53,314.13,65.45,277.45,85.11,99.67,42.94,135.15,32.98,3979.57,359.81,4.89,0.62,122.97,17.83,12.30,2.94,0.00,0.00,30.81,3.52,21.12,4.91,0.82,5.40,15.62,22.60,58.78,8.98,6.72,5.17
68.30,68.3,26/11/2025 19:39:41,8.944,16.403,,16.0,876525.0,555920.0,969684.87,2931.22,1641.45,6236.29,1069.58,13495.38,524.76,14.32,12.74,2039.12,76.16,620.19,128.93,1718.24,67.31,169.59,37.93,111.57,47.18,86.55,32.82,31.89,6.35,2609.06,235.02,3.94,0.50,107.06,16.76,9.92,2.33,0.00,0.00,28.07,3.02,17.74,3.61,1.06,4.06,6.83,20.31,64.26,8.51,12.84,4.66,58476.78,4860.77,2721.98,11783.24,2020.93,28871.13,1122.63,32.82,29.18,5091.48,190.17,747.09,155.30,2404.17,94.18,282.95,63.29,199.17,84.22,126.49,47.97,45.83,9.12,3730.28,336.02,5.01,0.63,134.02,20.97,12.35,2.90,0.00,0.00,33.19,3.57,23.96,4.88,1.41,5.42,7.63,22.68,69.22,9.17,14.56,5.28
68.40,68.4,26/11/2025 19:40:15,8.944,12.168,,16.0,869023.0,560635.0,972597.91,2617.13,1648.08,5494.99,959.65,11945.08,473.04,50.64,36.53,2150.49,79.14,638.10,129.37,1571.11,64.96,70.12,24.51,111.67,46.33,55.03,26.87,20.21,4.15,2428.11,217.92,4.14,0.49,114.57,19.23,9.12,2.23,0.00,0.00,21.29,2.68,13.55,3.49,0.88,3.95,20.67,19.89,57.76,8.25,7.42,4.51,52925.40,4339.92,2732.97,10382.58,1813.23,25554.53,1012.00,116.04,83.70,5369.56,197.61,768.66,155.85,2198.31,90.89,116.99,40.90,199.35,82.71,80.44,39.27,29.03,5.96,3471.57,311.57,5.27,0.62,143.42,24.08,11.35,2.77,0.00,0.00,25.18,3.16,18.30,4.72,1.17,5.27,23.07,22.20,62.22,8.89,8.42,5.11
68.50,68.5,26/11/2025 19:40:15,8.934,11.112,,16.0,870759.0,566946.0,973806.28,1969.97,1588.40,5746.18,995.61,11652.35,463.59,107.26,66.20,2141.72,79.01,207.75,87.11,1446.82,63.41,78.93,26.15,111.28,45.89,80.33,31.13,13.36,2.80,2422.43,217.54,3.49,0.47,100.94,15.44,8.39,2.21,0.00,0.00,16.28,2.36,8.18,3.43,1.72,3.98,13.37,19.68,56.84,8.13,6.13,4.42,51107.68,3266.75,2634.00,10857.19,1881.17,24928.28,991.77,245.78,151.69,5347.66,197.27,250.26,104.94,2024.39,88.72,131.69,43.63,198.66,81.92,117.41,45.49,19.19,4.02,3463.45,311.03,4.44,0.59,126.36,19.33,10.45,2.74,0.00,0.00,19.25,2.79,11.05,4.63,2.29,5.31,14.93,21.97,61.23,8.75,6.96,5.01
68.60,68.6,26/11/2025 19:41:34,9.984,6.808,1181248.699,15.9,875447.0,571811.0,972563.18,2660.69,1605.83,5315.03,931.43,11775.12,467.77,32.30,51.15,2123.64,78.40,568.76,121.80,1410.63,63.38,78.83,26.27,85.99,46.08,82.72,31.75,28.30,5.67,3080.06,280.56,3.65,0.48,77.76,9.50,6.31,2.18,0.00,0.00,11.69,2.08,8.02,3.46,2.28,4.09,17.07,19.91,61.67,8.34,6.31,4.46,52761.53,4412.15,2662.91,10042.54,1759.91,25190.93,1000.71,74.01,117.20,5302.52,195.75,685.13,146.72,1973.76,88.68,131.53,43.83,153.51,82.26,120.90,46.40,40.66,8.14,4403.69,401.12,4.64,0.61,97.33,11.89,7.86,2.71,0.00,0.00,13.82,2.46,10.83,4.67,3.04,5.45,19.05,22.24,66.43,8.99,7.16,5.06
68.70,68.7,26/11/2025 19:42:09,8.469,5.685,,15.9,882661.0,581304.0,971588.21,2913.02,1628.84,5668.46,983.94,11163.45,447.92,107.89,66.39,2151.17,79.41,383.70,103.62,1359.23,62.78,43.08,18.32,136.92,46.98,39.42,24.80,90.61,22.66,4173.60,386.87,3.81,0.51,82.63,10.35,7.49,2.29,0.00,0.00,6.71,1.59,5.18,3.63,1.79,4.29,12.41,19.97,56.43,8.37,4.81,4.54,54092.11,4830.58,2701.07,10710.35,1859.12,23882.36,958.24,247.22,152.11,5371.26,198.27,462.21,124.82,1901.84,87.85,71.88,30.56,244.43,83.87,57.62,36.25,130.19,32.56,5967.18,553.12,4.84,0.65,103.43,12.96,9.32,2.85,0.00,0.00,7.93,1.88,7.00,4.91,2.39,5.72,13.85,22.30,60.78,9.02,5.45,5.15
68.80,68.8,26/11/2025 19:42:43,7.421,3.369,,15.9,886299.0,582807.0,970511.94,3568.33,1655.84,5739.84,995.05,11061.13,444.62,52.18,37.28,2145.55,78.77,445.73,109.21,1314.68,62.59,38.22,16.95,101.67,46.43,76.27,30.60,86.38,22.43,4649.29,433.26,4.20,0.53,95.24,13.18,10.38,2.40,0.00,0.00,5.67,1.49,5.02,3.67,1.10,4.37,18.01,19.96,64.70,8.84,4.47,4.72,55654.65,5917.28,2745.84,10845.22,1880.10,23663.46,951.19,119.57,85.41,5357.23,196.68,536.93,131.56,1839.51,87.58,63.77,28.27,181.50,82.89,111.47,44.73,124.12,32.23,6647.30,619.45,5.34,0.67,119.21,16.50,12.92,2.98,0.00,0.00,6.70,1.76,6.78,4.95,1.46,5.83,20.11,22.28,69.70,9.52,5.07,5.36
68.90,68.9,26/11/2025 19:43:17,8.078,6.416,,15.8,890033.0,586951.0,972788.11,1922.07,1649.89,5325.30,935.78,10935.90,440.44,62.58,42.82,2224.40,81.32,321.13,97.44,1327.94,62.54,37.20,16.74,81.96,46.22,57.04,27.25,88.77,22.55,4642.69,432.89,3.61,0.51,85.48,10.95,8.64,2.33,0.00,0.00,4.95,1.43,2.25,3.52,1.63,4.38,12.99,19.98,61.51,8.67,3.84,4.65,51862.94,3187.33,2735.97,10061.96,1768.12,23395.54,942.25,143.40,98.13,5554.12,203.05,386.84,117.38,1858.06,87.50,62.07,27.93,146.31,82.52,83.37,39.83,127.55,32.41,6637.86,618.92,4.59,0.65,107.00,13.70,10.76,2.90,0.00,0.00,5.85,1.69,3.04,4.75,2.17,5.84,14.51,22.31,66.26,9.34,4.36,5.28
69.00,69.0,26/11/2025 19:44:02,8.495,-0.071,,15.8,890623.0,588889.0,970858.53,3112.90,1669.75,5725.16,993.17,11041.63,443.72,115.23,69.37,1965.84,73.91,452.88,109.70,1347.69,63.00,48.79,20.02,84.43,46.26,72.61,29.99,32.92,6.61,4937.78,461.58,3.28,0.50,95.33,13.17,9.51,2.37,0.00,0.00,6.21,1.55,5.01,3.66,3.05,4.44,11.11,19.99,64.74,8.90,5.38,4.68,54892.13,5162.05,2768.91,10817.47,1876.56,23621.75,949.27,264.03,158.95,4908.52,184.54,545.54,132.15,1885.70,88.15,81.41,33.40,150.73,82.59,106.12,43.84,47.30,9.50,7059.76,659.93,4.17,0.64,119.33,16.48,11.84,2.95,0.00,0.00,7.34,1.83,6.76,4.94,4.07,5.92,12.40,22.32,69.74,9.58,6.10,5.31
69.10,69.1,26/11/2025 19:44:37,8.400,10.183,1181242.678,15.8,896244.0,593698.0,969796.11,3289.96,1647.24,5915.90,1022.06,10640.83,431.47,43.00,51.90,2359.21,85.09,448.25,109.82,1363.77,63.11,27.62,15.30,90.63,46.97,79.12,31.38,39.08,7.74,5700.86,536.37,4.45,0.55,98.38,13.68,8.81,2.48,0.00,0.00,5.26,1.49,5.25,3.80,2.42,4.59,12.34,20.23,64.98,9.13,3.78,4.88,56610.03,5455.65,2731.57,11177.87,1931.15,22764.30,923.05,98.53,118.93,5890.72,212.47,539.96,132.29,1908.19,88.30,46.08,25.53,161.79,83.85,115.64,45.87,56.16,11.12,8150.77,766.87,5.67,0.70,123.15,17.13,10.96,3.09,0.00,0.00,6.22,1.76,7.09,5.14,3.22,6.12,13.78,22.59,70.00,9.84,4.29,5.53
69.20,69.2,26/11/2025 19:45:11,8.312,13.291,,15.8,894263.0,589762.0,971331.89,2754.15,1627.89,5449.85,953.41,10705.14,433.79,56.16,39.76,2160.44,79.78,264.30,92.56,1270.17,62.62,55.81,21.68,104.43,46.55,63.03,28.30,51.08,9.83,5561.23,522.87,4.07,0.54,77.50,9.02,9.43,2.47,0.11,0.19,4.53,1.46,6.28,3.69,1.57,4.53,7.40,20.00,56.73,8.68,4.69,4.77,53985.93,4567.14,2699.49,10297.29,1801.43,22901.88,928.02,128.67,91.09,5394.42,199.20,318.38,111.50,1777.23,87.62,93.12,36.18,186.43,83.10,92.12,41.36,73.39,14.12,7951.13,747.57,5.18,0.69,97.02,11.29,11.73,3.07,0.15,0.25,5.36,1.72,8.49,4.98,2.09,6.04,8.26,22.33,61.11,9.35,5.32,5.41
69.30,69.3,26/11/2025 19:45:45,8.323,9.851,,15.8,893847.0,592469.0,970247.11,2734.53,1599.15,5819.02,1005.53,10825.92,437.03,57.06,39.91,2362.60,85.01,413.91,106.38,1339.51,62.62,32.21,15.10,96.05,46.65,69.51,29.50,4.15,0.92,5807.20,546.87,3.90,0.53,97.01,13.34,10.03,2.41,0.00,0.00,3.04,1.42,3.98,3.70,1.86,4.55,10.46,20.07,56.74,8.91,4.21,4.84,55955.94,4534.60,2651.83,10994.83,1899.91,23160.27,934.95,130.73,91.45,5899.18,212.25,498.60,128.14,1874.25,87.63,53.74,25.19,171.47,83.27,101.59,43.12,5.96,1.32,8302.80,781.88,4.96,0.68,121.44,16.70,12.49,3.01,0.00,0.00,3.60,1.68,5.38,4.99,2.48,6.07,11.68,22.41,61.12,9.60,4.77,5.49
69.40,69.4,26/11/2025 19:46:20,8.215,10.649,,15.8,891913.0,591749.0,970206.34,2670.15,1629.36,5746.72,995.61,10835.59,436.71,63.71,43.31,2354.38,85.12,319.13,97.61,1368.49,63.06,67.41,24.29,105.01,46.76,54.36,27.03,38.66,7.68,5987.06,564.53,3.90,0.55,89.46,11.50,10.48,2.46,0.05,0.20,5.42,1.49,2.55,3.74,0.85,4.55,3.91,20.10,59.65,8.90,6.74,4.88,56003.07,4427.84,2701.93,10858.21,1881.16,23180.96,934.26,145.99,99.24,5878.65,212.54,384.42,117.59,1914.80,88.23,112.48,40.52,187.45,83.48,79.45,39.51,55.55,11.03,8559.96,807.13,4.97,0.69,111.98,14.39,13.04,3.07,0.06,0.26,6.41,1.76,3.45,5.06,1.13,6.06,4.36,22.45,64.26,9.59,7.64,5.54
69.50,69.5,26/11/2025 19:47:05,6.781,13.161,,15.8,899999.0,593221.0,970020.16,2618.46,1627.84,5547.39,966.60,10797.42,435.91,13.94,12.18,2242.69,81.35,274.89,93.25,1292.18,62.41,34.44,15.82,107.62,46.74,59.25,27.70,12.84,2.75,6814.16,646.01,3.56,0.55,67.35,6.87,7.81,2.48,0.00,0.00,4.02,1.49,4.54,3.84,2.71,4.64,9.62,20.03,60.03,9.16,4.93,4.99,55985.07,4342.13,2699.41,10481.59,1826.36,23099.29,932.56,31.95,27.92,5599.77,203.13,331.13,112.33,1808.03,87.32,57.46,26.39,192.12,83.44,86.60,40.49,18.44,3.95,9742.51,923.63,4.53,0.69,84.31,8.60,9.72,3.09,0.00,0.00,4.75,1.77,6.14,5.18,3.61,6.19,10.74,22.37,64.66,9.87,5.59,5.66
69.60,69.6,26/11/2025 19:47:39,8.780,10.383,1181241.287,15.8,898613.0,591432.0,970070.53,2951.86,1611.75,5696.77,987.30,10506.42,426.60,13.03,11.57,2133.99,78.80,349.30,99.86,1355.35,62.94,22.64,15.10,131.58,47.18,64.77,28.63,52.46,10.08,6458.32,610.92,3.92,0.55,94.25,12.51,10.55,2.47,0.05,0.20,4.86,1.48,3.11,3.80,1.16,4.55,10.48,20.03,60.22,8.99,4.40,4.96,55716.64,4894.99,2672.72,10763.83,1865.47,22476.75,912.64,29.85,26.51,5328.38,196.75,420.77,120.29,1896.41,88.07,37.77,25.19,234.89,84.22,94.67,41.84,75.37,14.48,9233.74,873.46,4.99,0.70,117.98,15.66,13.13,3.07,0.07,0.26,5.74,1.76,4.20,5.13,1.54,6.07,11.70,22.36,64.87,9.68,5.00,5.63
69.70,69.7,26/11/2025 19:48:14,10.285,10.780,,15.8,887570.0,587838.0,969743.95,4188.25,1658.47,5781.75,999.97,10692.07,432.10,50.67,51.86,2092.56,77.53,406.93,105.58,1359.09,62.84,70.34,24.77,96.00,46.49,68.94,29.32,41.78,8.16,5219.79,489.10,3.93,0.54,90.56,11.91,7.97,2.30,0.24,0.19,3.77,1.44,5.07,3.71,1.71,4.42,8.75,20.04,62.05,8.59,3.81,4.88,56612.10,6945.28,2750.19,10924.40,1889.41,22873.92,924.41,116.11,118.83,5224.93,193.59,490.19,127.18,1901.64,87.93,117.36,41.33,171.37,82.99,100.76,42.85,60.03,11.72,7462.96,699.28,5.00,0.69,113.36,14.91,9.92,2.87,0.32,0.25,4.46,1.70,6.85,5.01,2.28,5.90,9.77,22.37,66.85,9.26,4.33,5.53
69.80,69.8,26/11/2025 19:48:49,8.624,12.500,,15.8,892263.0,590261.0,970241.61,2900.64,1615.23,5652.92,982.55,10622.16,430.39,81.32,52.46,2060.79,76.54,363.29,100.74,1341.07,62.59,34.37,15.74,74.98,45.95,63.43,28.26,96.01,17.13,6273.06,592.67,3.37,0.53,81.83,9.76,9.25,2.43,0.00,0.00,5.12,1.50,5.80,3.77,2.70,4.57,17.56,19.90,63.27,9.06,5.48,4.88,55481.77,4810.06,2678.49,10680.98,1856.49,22724.35,920.75,186.33,120.20,5145.59,191.10,437.63,121.35,1876.43,87.58,57.34,26.27,133.85,82.02,92.71,41.30,137.95,24.62,8968.86,847.36,4.28,0.67,102.43,12.22,11.52,3.02,0.00,0.00,6.05,1.77,7.83,5.10,3.60,6.09,19.61,22.22,68.15,9.76,6.21,5.54
69.90,69.9,26/11/2025 19:49:23,8.624,14.288,,15.8,892160.0,587534.0,971401.47,2193.89,1656.51,5615.12,976.68,10794.39,435.61,105.36,64.59,2246.77,81.79,328.38,98.29,1329.58,62.71,32.01,15.11,103.15,46.63,59.93,27.77,10.58,2.28,5586.86,525.32,3.85,0.53,88.00,11.30,8.94,2.38,0.00,0.00,9.13,1.92,5.28,3.71,1.65,4.44,8.20,20.01,62.05,8.98,5.40,4.83,54004.35,3638.07,2746.95,10609.56,1845.41,23092.81,931.91,241.42,148.00,5609.98,204.23,395.56,118.40,1860.35,87.75,53.42,25.20,184.15,83.24,87.59,40.59,15.20,3.28,7987.78,751.08,4.90,0.68,110.15,14.14,11.13,2.96,0.00,0.00,10.79,2.27,7.13,5.01,2.21,5.92,9.15,22.35,66.84,9.67,6.13,5.48
70.00,70.0,26/11/2025 19:49:23,8.705,13.889,,15.8,894049.0,587063.0,970692.76,2410.34,1581.84,5459.25,951.87,10801.98,436.26,111.26,68.01,2082.47,77.46,460.98,110.92,1329.16,62.74,31.67,14.94,147.58,46.97,79.30,31.16,35.91,7.14,6160.58,581.60,3.90,0.53,81.60,9.73,8.70,2.46,0.00,0.00,7.26,1.75,6.75,3.85,1.13,4.51,26.73,19.89,57.49,8.96,3.20,4.90,54815.24,3997.02,2623.12,10315.05,1798.53,23109.04,933.30,254.93,155.83,5199.72,193.42,555.30,133.62,1859.77,87.79,52.85,24.94,263.47,83.84,115.90,45.55,51.59,10.25,8808.05,831.54,4.96,0.68,102.14,12.18,10.83,3.07,0.00,0.00,8.58,2.08,9.12,5.21,1.51,6.02,29.84,22.21,61.93,9.65,3.63,5.55
70.10,70.1,26/11/2025 19:50:42,7.974,16.863,1181239.701,15.8,892902.0,591533.0,970521.82,2178.87,1585.39,5590.37,972.93,10835.56,437.63,41.57,51.61,2152.43,79.40,372.05,101.78,1343.05,62.62,24.90,14.91,149.51,46.95,70.10,29.42,18.53,3.87,6501.49,615.14,3.72,0.54,87.57,10.97,10.42,2.57,0.00,0.00,5.11,1.54,4.10,3.90,1.36,4.59,19.35,19.83,63.80,9.24,4.35,4.92,55122.81,3613.16,2629.01,10562.79,1838.31,23180.89,936.24,95.25,118.27,5374.40,198.25,448.18,122.60,1879.20,87.62,41.54,24.87,266.90,83.81,102.45,43.00,26.62,5.56,9295.46,879.49,4.74,0.69,109.61,13.74,12.97,3.20,0.00,0.00,6.04,1.82,5.53,5.27,1.82,6.13,21.60,22.14,68.72,9.95,4.94,5.58
70.20,70.2,26/11/2025 19:51:17,7.896,16.734,,15.8,896823.0,587735.0,969252.56,2879.26,1575.71,5981.68,1027.75,10752.65,433.80,106.80,64.77,2307.69,83.11,346.78,99.83,1315.55,62.89,59.01,22.45,64.98,46.39,80.73,31.64,20.35,4.25,6618.33,626.58,4.02,0.55,102.28,14.41,9.51,2.47,0.00,0.00,6.42,1.64,3.39,3.93,0.90,4.60,13.15,20.15,67.70,9.31,6.27,5.08,57422.82,4774.61,2612.96,11302.15,1941.90,23003.53,928.04,244.72,148.42,5762.07,207.52,417.73,120.26,1840.73,88.00,98.45,37.45,116.00,82.82,117.99,46.24,29.24,6.11,9462.52,895.85,5.12,0.71,128.04,18.04,11.84,3.07,0.00,0.00,7.60,1.94,4.58,5.31,1.20,6.14,14.68,22.50,72.93,10.03,7.11,5.76
70.30,70.3,26/11/2025 19:51:52,7.649,11.573,,15.9,882394.0,574611.0,969067.24,3336.20,1600.20,5901.30,1015.98,11905.40,471.73,142.88,83.23,2162.74,79.39,482.92,113.32,1361.72,63.18,50.91,20.44,74.18,46.32,74.53,30.40,22.41,4.61,5205.47,487.52,3.64,0.51,103.39,15.05,11.78,2.45,0.00,0.00,10.01,2.01,7.88,3.77,0.63,4.40,10.02,20.08,58.20,8.80,6.54,4.83,58421.19,5532.34,2653.57,11150.28,1919.66,25469.64,1009.18,327.39,190.71,5400.16,198.22,581.73,136.50,1905.33,88.41,84.94,34.10,132.42,82.69,108.93,44.43,32.20,6.62,7442.49,697.03,4.64,0.65,129.42,18.83,14.66,3.05,0.00,0.00,11.84,2.38,10.65,5.09,0.85,5.86,11.18,22.42,62.69,9.48,7.42,5.48
70.40,70.4,26/11/2025 19:52:27,6.077,17.066,,15.9,879790.0,568868.0,970982.23,1986.69,1578.80,5778.24,997.05,11502.06,458.19,39.08,51.36,2296.20,82.92,291.24,94.92,1405.29,62.97,77.43,25.63,150.39,46.69,71.08,29.54,19.82,4.09,5147.15,481.93,3.22,0.49,117.33,18.98,8.30,2.29,0.00,0.00,14.41,2.38,8.83,3.76,2.30,4.34,22.96,19.76,68.92,9.07,6.84,4.90,55149.14,3294.49,2618.09,10917.76,1883.89,24606.76,980.23,89.54,117.69,5733.38,207.04,350.83,114.34,1966.29,88.10,129.19,42.77,268.47,83.35,103.89,43.17,28.48,5.88,7359.10,689.04,4.09,0.62,146.88,23.76,10.33,2.86,0.00,0.00,17.04,2.81,11.93,5.08,3.06,5.78,25.63,22.07,74.24,9.77,7.76,5.56
70.50,70.5,26/11/2025 19:53:11,7.869,15.347,,15.9,878876.0,569542.0,971389.19,2822.70,1602.40,5802.66,1000.61,11188.68,448.13,102.43,63.42,2094.12,77.60,353.77,100.97,1364.95,62.57,100.16,29.66,93.64,46.12,62.56,28.14,26.21,5.33,4378.53,406.81,3.47,0.49,98.72,14.18,10.21,2.44,0.00,0.00,18.20,2.58,10.75,3.71,0.87,4.21,6.66,19.93,60.32,8.76,11.19,4.76,54367.16,4680.82,2657.23,10963.91,1890.62,23936.34,958.69,234.71,145.31,5228.82,193.77,426.15,121.63,1909.85,87.55,167.12,49.49,167.16,82.33,91.43,41.12,37.66,7.66,6260.17,581.63,4.42,0.63,123.58,17.75,12.71,3.03,0.00,0.00,21.52,3.05,14.52,5.01,1.16,5.61,7.44,22.25,64.98,9.43,12.70,5.40
70.60,70.6,26/11/2025 19:53:46,8.344,8.204,1181244.660,15.9,888282.0,582876.0,971160.26,2816.35,1565.43,5342.63,930.96,10193.22,415.22,44.09,32.56,2164.88,79.15,378.58,102.45,1323.38,62.49,57.50,21.88,117.06,46.30,65.97,28.70,3.52,0.78,6104.23,576.16,3.79,0.53,113.53,17.65,10.31,2.46,0.05,0.20,9.40,1.98,4.95,3.80,2.28,4.50,13.52,19.82,63.88,9.10,6.62,4.98,53791.91,4670.29,2595.92,10094.69,1759.01,21806.71,888.29,101.02,74.60,5405.51,197.63,456.03,123.42,1851.68,87.43,95.95,36.50,208.97,82.66,96.42,41.94,5.05,1.12,8727.49,823.77,4.83,0.67,142.12,22.09,12.83,3.07,0.07,0.26,11.11,2.34,6.68,5.13,3.04,6.00,15.10,22.12,68.81,9.80,7.51,5.65
70.70,70.7,26/11/2025 19:54:21,8.524,10.914,,15.9,887876.0,585735.0,971261.01,2883.22,1544.67,5492.10,952.21,10176.95,414.39,29.95,23.98,1995.77,74.90,426.06,107.35,1294.19,62.03,45.38,18.94,76.81,46.06,74.44,30.30,61.28,11.53,5992.87,565.23,3.80,0.53,86.41,10.85,8.30,2.39,0.00,0.00,4.89,1.49,2.11,3.74,3.16,4.53,14.67,19.97,61.93,9.03,4.71,4.81,53508.70,4781.17,2561.48,10377.12,1799.16,21771.90,886.53,68.63,54.94,4983.25,187.01,513.23,129.31,1810.84,86.79,75.71,31.61,137.12,82.22,108.80,44.28,88.05,16.56,8568.27,808.13,4.84,0.68,108.16,13.58,10.33,2.97,0.00,0.00,5.78,1.76,2.85,5.06,4.21,6.04,16.38,22.29,66.72,9.72,5.34,5.46
70.80,70.8,26/11/2025 19:54:55,7.999,5.429,,15.8,888647.0,588139.0,970901.68,2609.31,1636.56,5615.22,973.46,10831.42,436.26,13.25,11.69,1820.04,70.07,364.40,101.19,1293.03,62.15,49.42,19.99,88.14,46.07,61.07,27.91,4.38,0.96,6153.65,581.03,3.66,0.53,93.54,12.47,9.42,2.48,0.00,0.20,4.63,1.48,1.82,3.79,2.84,4.51,15.93,19.91,57.53,8.98,5.64,4.91,54296.55,4326.95,2713.87,10609.74,1839.31,23172.03,933.32,30.35,26.80,4544.46,174.97,438.96,121.90,1809.21,86.96,82.45,33.36,157.35,82.25,89.26,40.78,6.30,1.38,8798.14,830.72,4.66,0.68,117.09,15.61,11.72,3.08,0.01,0.26,5.48,1.75,2.45,5.12,3.79,6.01,17.78,22.22,61.97,9.67,6.40,5.57
70.90,70.9,26/11/2025 19:55:29,7.886,8.338,,15.8,899733.0,592859.0,969538.55,2918.26,1681.98,5709.89,991.43,11022.80,443.97,43.26,52.58,2150.17,79.52,424.73,107.48,1398.61,63.44,44.34,18.85,92.81,46.85,61.11,28.17,47.62,9.27,6340.40,599.23,3.82,0.54,97.91,13.40,8.38,2.49,0.00,0.00,6.33,1.64,3.53,3.83,1.88,4.63,17.04,20.21,64.45,9.26,4.11,4.88,56854.10,4839.27,2789.19,10788.62,1873.28,23581.45,949.81,99.12,120.49,5368.76,198.55,511.63,129.47,1956.94,88.76,73.97,31.45,165.68,83.63,89.32,41.17,68.42,13.32,9065.15,856.75,4.86,0.69,122.57,16.77,10.43,3.10,0.00,0.00,7.49,1.94,4.77,5.17,2.51,6.18,19.03,22.56,69.43,9.97,4.66,5.53
71.00,71.0,26/11/2025 19:56:13,7.743,3.903,,15.6,945081.0,613079.0,963406.96,4148.80,1776.02,6812.05,1164.34,12447.81,495.19,41.75,32.90,2696.66,95.43,414.22,111.62,1474.84,67.38,81.15,28.12,93.97,49.53,74.33,31.49,73.12,13.97,8033.23,765.55,3.98,0.58,81.69,9.24,10.17,2.67,0.00,0.00,7.21,1.84,4.44,4.25,2.10,5.08,18.27,21.38,69.96,9.99,3.30,5.32,68011.66,6879.86,2945.13,12871.12,2199.98,26630.04,1059.37,95.67,75.39,6733.30,238.28,498.97,134.46,2063.60,94.28,135.39,46.92,167.75,88.41,108.63,46.02,105.05,20.08,11485.46,1094.53,5.07,0.74,102.26,11.57,12.66,3.33,0.00,0.00,8.53,2.17,6.00,5.73,2.80,6.77,20.40,23.87,75.36,10.77,3.74,6.03
71.10,71.1,26/11/2025 19:56:47,8.189,12.169,1181241.884,15.0,1059031.0,668892.0,946285.12,5093.22,2109.20,9570.44,1598.43,19012.57,721.00,48.85,63.49,4532.14,148.95,568.07,143.11,2053.14,80.99,164.00,43.98,139.27,58.30,68.77,33.84,105.06,20.73,12206.76,1175.83,5.03,0.74,7.87,0.37,13.04,3.30,0.00,0.00,9.43,2.39,12.34,5.32,3.22,6.50,6.92,24.98,83.89,12.04,10.86,6.72,100589.78,8445.96,3497.64,18082.98,3020.18,40674.25,1542.46,111.93,145.48,11316.33,371.90,684.29,172.39,2872.76,113.32,273.63,73.37,248.63,104.08,100.51,49.47,150.96,29.79,17452.54,1681.14,6.41,0.94,9.85,0.46,16.24,4.11,0.00,0.00,11.15,2.82,16.67,7.18,4.29,8.67,7.73,27.89,90.37,12.97,12.32,7.62
71.20,71.2,26/11/2025 19:57:21,6.801,10.780,,15.1,1049719.0,667264.0,947020.00,5637.69,2112.34,10329.79,1713.22,18646.92,709.24,100.26,71.27,4459.09,147.35,608.68,147.27,1922.47,79.91,154.26,42.82,113.78,57.65,69.67,33.89,95.39,19.01,10703.90,1027.47,4.95,0.72,7.35,0.35,9.88,3.14,0.00,0.00,12.66,2.68,7.82,5.15,2.59,6.31,1.94,24.87,82.45,11.57,8.48,6.40,99705.99,9348.84,3502.85,19517.75,3237.07,39892.02,1517.31,229.74,163.30,11133.92,367.93,733.22,177.40,2689.93,111.81,257.38,71.44,203.12,102.92,101.82,49.53,137.05,27.32,15303.84,1469.02,6.29,0.91,9.20,0.44,12.29,3.90,0.00,0.00,14.98,3.17,10.56,6.95,3.45,8.42,2.16,27.76,88.82,12.46,9.62,7.26
71.30,71.3,26/11/2025 19:57:56,8.742,12.100,,15.1,1053326.0,669786.0,946266.09,6309.29,2133.21,10232.45,1697.78,18219.88,694.72,50.65,63.57,4561.92,149.51,596.34,145.48,1973.34,79.94,83.00,31.61,145.54,57.86,70.73,33.89,112.12,21.79,11200.55,1076.41,4.81,0.72,7.74,0.36,9.22,3.07,0.00,0.00,17.12,3.03,15.51,5.25,2.40,6.37,25.72,24.70,83.49,11.97,12.10,6.40,100641.74,10462.54,3537.45,19333.84,3207.90,38978.42,1486.24,116.06,145.66,11390.68,373.31,718.35,175.24,2761.11,111.86,138.48,52.74,259.81,103.28,103.37,49.53,161.09,31.30,16013.92,1539.00,6.12,0.91,9.69,0.46,11.47,3.82,0.00,0.00,20.25,3.59,20.95,7.10,3.20,8.50,28.72,27.58,89.94,12.89,13.72,7.26
71.40,71.4,26/11/2025 19:58:31,8.613,10.320,,15.2,1023544.0,653390.0,954464.01,4074.63,1960.23,9100.16,1521.62,16384.59,631.54,28.09,25.99,3874.36,130.35,608.79,142.22,1746.74,75.01,83.78,30.85,109.17,54.80,77.48,33.94,36.97,8.02,9269.42,886.61,4.96,0.67,7.02,0.33,9.76,2.82,0.00,0.00,11.28,2.40,3.36,4.69,3.02,5.83,15.40,23.59,78.62,11.01,8.39,5.91,85833.56,6756.86,3250.61,17194.41,2875.04,35052.12,1351.09,64.37,59.56,9673.91,325.48,733.35,171.32,2444.05,104.96,139.78,51.47,194.89,97.83,113.25,49.61,53.12,11.53,13252.90,1267.63,6.31,0.85,8.79,0.41,12.14,3.51,0.00,0.00,13.34,2.84,4.54,6.33,4.03,7.78,17.20,26.33,84.69,11.86,9.51,6.70
71.50,71.5,26/11/2025 19:59:15,8.494,10.250,,15.2,1021343.0,658148.0,955451.79,3617.37,1972.82,8967.66,1501.52,16034.93,619.49,108.79,73.65,4014.17,133.59,625.58,143.39,1846.17,75.80,27.07,17.76,123.85,54.72,82.69,34.77,89.02,17.44,8836.44,843.95,4.52,0.66,6.99,0.33,8.88,2.82,0.00,0.00,8.21,2.03,5.78,4.67,5.03,5.79,57.22,40.41,72.50,10.67,5.34,5.80,84202.45,5998.60,3271.47,16944.06,2837.06,34304.09,1325.29,249.27,168.76,10022.99,333.55,753.58,172.73,2583.17,106.06,45.17,29.63,221.09,97.68,120.86,50.81,127.91,25.06,12633.85,1206.63,5.76,0.83,8.75,0.41,11.05,3.51,0.00,0.00,9.71,2.40,7.81,6.31,6.71,7.73,63.89,45.12,78.09,11.50,6.06,6.58
71.60,71.6,26/11/2025 19:59:49,8.419,15.743,1181235.799,15.2,1021226.0,662462.0,953603.10,5998.42,2053.54,9079.21,1519.71,16311.51,629.95,6.65,7.19,4087.42,136.04,578.53,139.60,1830.24,76.05,76.81,29.72,113.17,55.43,81.15,34.76,84.18,16.72,8018.09,763.16,5.30,0.67,6.80,0.32,11.98,2.92,0.00,0.00,5.17,1.75,5.15,4.66,4.79,5.82,8.42,23.82,77.69,10.57,6.20,5.81,87659.91,9947.04,3405.33,17154.83,2871.43,34895.78,1347.67,15.25,16.47,10205.89,339.68,696.90,168.16,2560.88,106.41,128.16,49.60,202.04,98.96,118.60,50.81,120.95,24.03,11463.82,1091.13,6.74,0.86,8.51,0.40,14.91,3.63,0.00,0.00,6.12,2.07,6.96,6.30,6.39,7.76,9.40,26.59,83.69,11.39,7.04,6.59
71.70,71.7,26/11/2025 20:00:24,9.110,10.784,,15.2,1015742.0,657571.0,956276.75,4723.61,1954.80,8594.58,1444.01,15891.52,614.97,70.45,53.55,3902.04,130.90,559.52,136.75,1739.85,74.64,43.81,20.85,94.45,54.26,80.48,34.39,48.90,10.36,7851.00,746.99,5.11,0.66,6.69,0.32,9.89,2.77,0.05,0.23,5.62,1.73,2.37,4.56,4.53,5.73,12.12,23.43,71.39,10.46,5.27,5.61,82876.38,7833.05,3241.59,16239.13,2728.39,33997.28,1315.63,161.43,122.70,9743.02,326.85,674.00,164.73,2434.40,104.44,73.09,34.79,168.62,96.87,117.63,50.27,70.26,14.88,11224.91,1068.00,6.50,0.84,8.37,0.40,12.32,3.45,0.07,0.30,6.65,2.04,3.21,6.16,6.04,7.65,13.53,26.16,76.91,11.27,5.98,6.36
71.80,71.8,26/11/2025 20:00:58,8.540,17.723,,15.2,1011249.0,654988.0,958026.49,4265.91,1955.51,8265.17,1394.46,15355.52,596.71,77.75,57.63,3882.00,130.36,477.41,128.78,1671.27,73.56,65.75,26.76,116.71,53.98,91.03,36.10,98.99,26.30,7476.48,710.26,4.90,0.65,6.65,0.31,9.99,2.72,0.00,0.00,4.33,1.67,3.02,4.44,3.55,5.63,20.87,23.19,69.53,10.23,6.67,5.59,79755.55,7074.06,3242.78,15616.74,2634.78,32850.59,1276.57,178.16,132.06,9692.97,325.50,575.10,155.13,2338.45,102.92,109.71,44.65,208.35,96.36,133.04,52.77,142.23,37.79,10689.46,1015.48,6.24,0.82,8.32,0.39,12.43,3.39,0.00,0.00,5.12,1.97,4.08,5.99,4.74,7.51,23.31,25.89,74.89,11.02,7.57,6.34
71.90,71.9,26/11/2025 20:01:33,9.013,17.261,,15.3,999801.0,648552.0,958060.04,5010.45,2007.71,8431.21,1419.14,15351.65,596.37,131.54,85.13,3826.95,128.27,500.70,130.39,1699.87,73.28,70.67,27.43,137.61,53.71,68.16,31.88,45.51,9.60,6534.61,617.54,4.90,0.63,6.57,0.31,9.65,2.66,0.00,0.00,4.07,1.65,3.58,4.33,3.88,5.40,22.87,22.97,70.90,10.01,4.62,5.36,79939.87,8308.71,3329.34,15930.46,2681.42,32842.32,1275.84,301.40,195.07,9555.54,320.28,603.14,157.06,2378.47,102.54,117.92,45.77,245.66,95.88,99.62,46.60,65.39,13.80,9342.82,882.93,6.23,0.80,8.22,0.39,12.01,3.31,0.00,0.00,4.81,1.96,4.83,5.84,5.18,7.20,25.53,25.64,76.37,10.79,5.24,6.08
72.00,72.0,26/11/2025 20:02:18,9.803,11.708,,15.4,986116.0,640820.0,961899.44,2749.77,1874.52,7901.70,1335.65,14938.70,580.24,53.26,42.23,3722.86,124.57,544.49,131.60,1686.84,71.52,33.19,16.98,133.13,52.61,90.08,35.30,29.54,6.40,6102.78,575.29,4.72,0.60,6.52,0.30,9.00,2.60,0.00,0.00,3.02,1.57,4.65,4.21,3.92,5.22,15.50,22.45,59.42,9.58,7.47,5.30,73205.31,4559.87,3108.47,14929.97,2523.67,31958.89,1241.33,122.03,96.77,9295.63,311.04,655.90,158.53,2360.23,100.07,55.37,28.33,237.67,93.93,131.65,51.59,42.44,9.20,8725.41,822.51,6.01,0.76,8.16,0.38,11.20,3.24,0.00,0.00,3.57,1.85,6.29,5.69,5.22,6.95,17.31,25.07,64.01,10.31,8.47,6.01
72.10,72.1,26/11/2025 20:02:52,11.287,10.449,1181242.415,15.4,974735.0,634931.0,963167.49,3650.99,1891.74,7792.04,1318.78,14403.68,562.47,123.06,79.21,3270.21,112.57,476.22,125.49,1565.91,70.50,43.76,20.00,154.68,52.15,91.60,35.32,59.05,11.84,5076.44,474.82,4.47,0.57,6.19,0.29,8.81,2.56,0.00,0.00,3.67,1.53,2.55,4.06,3.32,5.04,17.49,22.11,72.98,9.66,5.38,5.07,70770.23,6054.35,3137.02,14722.77,2491.79,30814.29,1203.31,281.98,181.50,8165.40,281.08,573.66,151.17,2191.03,98.64,73.02,33.36,276.13,93.09,133.88,51.63,84.84,17.02,7258.01,678.88,5.69,0.72,7.75,0.36,10.96,3.18,0.00,0.00,4.34,1.81,3.44,5.49,4.43,6.72,19.53,24.69,78.62,10.40,6.11,5.75
72.20,72.2,26/11/2025 20:03:27,11.716,9.192,,15.4,969685.0,630284.0,963682.55,3768.61,1857.50,7879.55,1329.55,14120.63,552.19,20.01,56.77,3487.93,118.26,516.98,128.95,1620.38,70.39,42.07,19.51,126.49,51.87,67.67,31.02,52.40,10.64,4503.00,418.78,4.72,0.57,6.22,0.29,9.66,2.50,0.00,0.00,3.23,1.51,3.80,3.97,2.55,4.96,14.70,22.19,63.14,9.29,3.73,5.06,70026.28,6249.40,3080.25,14888.12,2512.14,30208.75,1181.31,45.84,130.08,8709.03,295.29,622.76,155.33,2267.24,98.49,70.19,32.55,225.80,92.59,98.91,45.33,75.29,15.29,6438.13,598.75,6.00,0.73,7.79,0.36,12.03,3.11,0.00,0.00,3.82,1.79,5.13,5.37,3.40,6.62,16.41,24.77,68.01,10.00,4.23,5.74
72.30,72.3,26/11/2025 20:04:03,13.000,7.937,,15.5,954349.0,621066.0,964534.21,4219.38,1854.58,7723.62,1304.29,14007.10,547.35,102.77,68.03,3178.78,109.58,499.60,126.03,1575.03,69.04,57.68,23.54,118.54,50.84,92.12,35.15,95.71,24.56,3682.03,338.89,4.35,0.55,6.17,0.28,7.87,2.38,0.00,0.00,2.55,1.44,3.90,3.87,3.47,4.77,20.04,21.80,61.13,9.00,3.94,4.79,68507.53,6996.90,3075.40,14593.50,2464.42,29965.87,1170.97,235.49,155.88,7937.12,273.61,601.82,151.82,2203.80,96.59,96.24,39.27,211.62,90.76,134.64,51.38,137.52,35.29,5264.36,484.53,5.54,0.70,7.72,0.35,9.79,2.96,0.00,0.00,3.01,1.70,5.27,5.22,4.62,6.35,22.38,24.34,65.85,9.69,4.46,5.44
72.40,72.4,26/11/2025 20:04:38,15.089,5.159,,15.6,948295.0,613690.0,966891.60,3290.02,1808.01,7106.62,1211.34,13408.10,527.23,67.11,49.27,3331.27,113.30,549.14,129.68,1539.70,68.31,29.67,16.26,111.97,50.24,99.84,36.49,91.36,24.04,3370.83,308.84,4.48,0.54,6.06,0.28,7.93,2.34,0.00,0.00,4.21,1.44,2.67,3.79,4.02,4.62,17.29,21.54,61.16,8.91,4.96,4.65,64329.25,5455.75,2998.17,13427.69,2288.78,28684.41,1127.93,153.78,112.89,8317.86,282.91,661.50,156.22,2154.35,95.57,49.50,27.14,199.88,89.68,145.92,53.33,131.27,34.54,4819.42,441.56,5.71,0.69,7.59,0.35,9.88,2.91,0.00,0.00,4.97,1.70,3.60,5.11,5.36,6.16,19.31,24.05,65.88,9.60,5.62,5.28
72.50,72.5,26/11/2025 20:05:22,12.263,5.952,,15.6,944125.0,608843.0,964747.91,5263.66,1855.71,7141.12,1214.77,13781.03,539.03,127.98,79.74,3102.89,107.06,544.49,129.42,1562.16,68.84,32.77,16.29,136.21,50.51,91.96,34.91,96.17,24.30,3248.54,296.84,4.18,0.53,6.14,0.28,7.32,2.35,0.00,0.00,4.58,1.46,5.11,3.78,2.37,4.58,30.67,21.55,57.84,8.79,4.92,4.79,67940.96,8728.61,3077.28,13492.88,2295.26,29482.24,1153.16,293.24,182.72,7747.61,267.33,655.89,155.90,2185.78,96.33,54.68,27.17,243.15,90.17,134.40,51.02,138.18,34.91,4644.58,424.40,5.33,0.67,7.68,0.35,9.11,2.92,0.00,0.00,5.41,1.72,6.90,5.10,3.16,6.10,34.24,24.06,62.30,9.47,5.58,5.44
72.60,72.6,26/11/2025 20:05:56,8.749,11.244,1181240.165,15.6,939519.0,603054.0,965893.68,4354.56,1865.74,7397.42,1254.59,13771.61,539.24,51.86,40.33,3134.13,108.09,544.19,129.49,1626.44,69.28,31.66,16.31,113.15,50.36,79.65,32.63,75.02,23.41,2805.32,254.31,4.53,0.53,5.85,0.27,7.77,2.29,0.00,0.00,7.89,1.77,2.10,3.67,2.51,4.48,22.29,21.62,63.46,8.69,4.93,4.55,66162.99,7221.06,3093.92,13977.14,2370.50,29462.08,1153.61,118.82,92.42,7825.61,269.89,655.54,155.99,2275.72,96.94,52.83,27.21,201.99,89.90,116.41,47.69,107.79,33.64,4010.89,363.60,5.77,0.67,7.32,0.34,9.67,2.85,0.00,0.00,9.33,2.09,2.83,4.96,3.35,5.97,24.89,24.14,68.36,9.36,5.60,5.16
72.70,72.7,26/11/2025 20:06:32,12.346,9.789,,15.7,930318.0,594501.0,967732.80,3609.38,1819.31,6727.59,1151.83,13850.49,540.30,81.98,56.40,3004.94,104.63,527.45,127.10,1566.33,68.06,89.36,29.56,157.13,50.27,70.66,30.63,4.06,0.92,2456.14,221.01,4.20,0.51,13.53,0.66,7.92,2.25,0.00,0.00,9.89,1.92,7.75,3.55,2.19,4.30,8.60,21.27,62.27,8.54,5.34,4.50,63035.91,5985.34,3016.92,12711.53,2176.34,29630.84,1155.89,187.84,129.24,7503.04,261.26,635.37,153.10,2191.62,95.23,149.10,49.33,280.50,89.73,103.28,44.77,5.83,1.32,3511.65,315.99,5.34,0.64,16.94,0.82,9.86,2.81,0.00,0.00,11.69,2.27,10.47,4.79,2.92,5.74,9.61,23.75,67.07,9.20,6.06,5.10
72.80,72.8,26/11/2025 20:07:06,18.184,8.462,,15.7,926360.0,587982.0,968289.67,3836.57,1792.53,6618.65,1135.60,13534.75,530.05,118.06,74.85,2885.35,100.92,524.52,126.11,1566.69,67.67,41.00,18.33,147.32,49.25,87.50,33.56,87.20,23.31,2132.13,190.33,4.33,0.50,5.82,0.26,8.82,2.26,0.00,0.00,5.05,1.40,6.45,3.56,2.47,4.22,27.50,20.92,64.39,8.47,5.78,4.45,61903.39,6362.09,2972.50,12505.68,2145.68,28955.36,1133.95,270.51,171.51,7204.44,251.99,631.83,151.92,2192.12,94.68,68.41,30.58,263.00,87.92,127.88,49.06,125.29,33.49,3048.40,272.12,5.51,0.64,7.28,0.33,10.98,2.81,0.00,0.00,5.97,1.65,8.72,4.80,3.29,5.63,30.70,23.36,69.36,9.12,6.56,5.05
72.90,72.9,26/11/2025 20:07:41,17.003,3.905,,15.8,916064.0,579227.0,969850.38,2757.61,1706.98,7053.70,1197.88,13240.59,518.94,86.82,58.57,3058.66,105.75,549.95,127.58,1487.11,66.19,20.84,15.74,150.72,49.26,71.38,30.49,64.54,22.26,1467.10,128.88,4.24,0.50,20.93,1.15,8.68,2.19,0.00,0.00,3.94,1.34,5.09,3.39,4.77,4.12,26.46,20.89,63.57,8.34,2.92,4.24,59566.10,4572.87,2830.65,13327.70,2263.35,28326.07,1110.18,198.93,134.21,7637.19,264.05,662.47,153.68,2080.77,92.61,34.76,26.26,269.06,87.95,104.32,44.57,92.73,31.98,2097.58,184.26,5.39,0.63,26.20,1.44,10.80,2.73,0.00,0.00,4.67,1.58,6.88,4.58,6.37,5.49,29.55,23.33,68.47,8.99,3.31,4.81
73.00,73.0,26/11/2025 20:08:26,13.816,11.243,,15.8,913545.0,575406.0,970902.08,1695.92,1725.49,6749.83,1154.04,13477.37,526.61,39.15,54.97,3095.36,106.53,495.44,122.46,1516.97,66.54,29.02,15.68,174.28,49.39,71.10,30.32,67.84,22.29,1569.66,138.16,3.59,0.47,7.38,0.33,8.14,2.17,0.00,0.00,4.09,1.33,5.23,3.39,0.80,4.08,22.55,20.74,60.10,8.17,4.09,4.33,57872.98,2812.30,2861.33,12753.55,2180.52,28832.62,1126.60,89.72,125.95,7728.83,266.01,596.81,147.52,2122.56,93.10,48.42,26.16,311.12,88.17,103.92,44.32,97.47,32.03,2244.21,197.53,4.57,0.59,9.24,0.42,10.14,2.70,0.00,0.00,4.83,1.57,7.06,4.59,1.06,5.45,25.17,23.16,64.75,8.80,4.64,4.91
73.10,73.1,26/11/2025 20:09:00,13.868,14.018,1181236.332,15.8,909807.0,569162.0,970161.23,2126.77,1710.51,6767.81,1155.51,13610.49,530.63,50.69,55.27,3097.11,106.38,513.65,123.87,1571.32,66.72,26.78,15.56,188.58,49.51,71.63,30.37,80.04,22.65,1594.97,140.26,4.24,0.49,29.05,1.84,7.64,2.14,0.00,0.00,4.28,1.33,3.90,3.43,0.65,3.99,22.78,20.67,62.69,8.31,3.71,4.25,59139.41,3526.77,2836.50,12787.52,2183.30,29117.40,1135.20,116.14,126.63,7733.17,265.62,618.75,149.21,2198.60,93.35,44.68,25.97,336.65,88.38,104.69,44.39,115.00,32.54,2280.40,200.54,5.39,0.63,36.37,2.30,9.51,2.66,0.00,0.00,5.06,1.57,5.26,4.64,0.87,5.32,25.43,23.08,67.53,8.95,4.21,4.82
73.20,73.2,26/11/2025 20:09:35,13.217,18.382,,15.9,906247.0,558522.0,969989.84,3158.44,1712.20,6695.80,1144.38,13196.82,517.68,42.31,55.28,2740.02,96.85,620.09,133.50,1579.81,66.55,119.94,33.04,147.06,48.54,98.28,35.49,92.44,23.10,1388.80,121.60,4.23,0.48,23.56,1.35,9.15,2.20,0.00,0.00,6.29,1.50,4.79,3.30,3.14,3.98,17.24,20.63,58.72,8.21,3.24,4.10,58892.67,5237.57,2839.30,12651.46,2162.27,28232.41,1107.48,96.95,126.66,6841.58,241.81,746.96,160.81,2210.48,93.12,200.11,55.13,262.52,86.66,143.64,51.87,132.82,33.19,1985.63,173.85,5.38,0.61,29.50,1.69,11.39,2.74,0.00,0.00,7.44,1.77,6.48,4.45,4.18,5.31,19.24,23.03,63.26,8.85,3.68,4.65
73.30,73.3,26/11/2025 20:10:11,13.161,20.168,,15.9,902721.0,557098.0,971770.10,2286.13,1719.53,6351.95,1092.33,12943.78,508.93,92.54,61.39,2806.66,98.31,554.70,126.67,1505.89,65.60,48.59,20.22,158.98,48.45,81.56,31.98,70.91,22.03,1204.20,105.22,3.78,0.46,13.45,0.65,8.00,2.12,0.00,0.00,5.54,1.35,6.41,3.24,1.76,3.86,19.79,20.44,61.12,8.12,4.15,4.16,55928.63,3791.04,2851.45,12001.78,2063.92,27691.08,1088.76,212.05,140.66,7007.97,245.48,668.19,152.59,2107.05,91.79,81.07,33.73,283.82,86.48,119.21,46.74,101.89,31.65,1721.69,150.44,4.81,0.59,16.84,0.82,9.96,2.63,0.00,0.00,6.55,1.60,8.66,4.38,2.35,5.15,22.09,22.82,65.84,8.75,4.70,4.72
73.40,73.4,26/11/2025 20:10:45,13.391,21.025,,15.9,905262.0,556512.0,969502.05,3102.89,1724.17,6460.45,1109.78,14203.56,550.77,26.07,22.80,2870.21,100.64,570.48,129.15,1582.68,66.73,59.24,23.02,154.01,48.95,67.53,29.72,65.89,22.24,1145.71,100.20,3.68,0.46,5.70,0.25,10.47,2.18,0.00,0.00,3.62,1.30,4.21,3.32,1.32,3.89,91.88,57.01,64.48,8.36,3.87,4.20,60284.71,5145.44,2859.14,12206.77,2096.89,30386.17,1178.27,59.73,52.25,7166.65,251.29,687.20,155.57,2214.49,93.37,98.84,38.41,274.94,87.39,98.70,43.44,94.68,31.96,1638.07,143.27,4.68,0.59,7.13,0.32,13.04,2.71,0.00,0.00,4.28,1.54,5.69,4.49,1.76,5.18,102.59,63.65,69.46,9.01,4.39,4.76
73.50,73.5,26/11/2025 20:11:30,8.189,20.233,,15.9,907745.0,555889.0,970751.77,1454.49,1712.31,6437.29,1107.85,14289.58,553.39,147.98,89.95,3173.75,108.59,413.72,115.65,1600.89,66.95,51.05,20.94,156.04,48.79,86.14,33.07,56.29,21.67,1252.79,109.51,3.95,0.47,18.07,0.94,7.12,2.08,0.00,0.00,4.70,1.30,5.41,3.29,0.72,3.90,24.59,20.65,60.08,8.18,3.54,4.17,58655.39,2411.95,2839.48,12163.02,2093.23,30570.20,1183.89,339.08,206.12,7924.55,271.15,498.37,139.32,2239.98,93.68,85.18,34.94,278.57,87.10,125.90,48.33,80.88,31.14,1791.17,156.56,5.03,0.59,22.62,1.18,8.87,2.59,0.00,0.00,5.56,1.54,7.31,4.45,0.95,5.20,27.46,23.05,64.72,8.81,4.02,4.73
73.60,73.6,26/11/2025 20:12:05,8.966,11.112,1181241.025,15.9,907132.0,550866.0,969479.93,2884.86,1711.77,6511.65,1116.07,13930.49,541.36,119.41,75.00,3000.77,103.90,595.65,131.85,1620.28,67.28,90.71,29.07,168.75,49.28,88.72,33.64,75.20,22.45,1321.94,115.61,4.06,0.48,5.77,0.25,8.56,2.16,0.00,0.00,9.48,1.83,4.21,3.29,1.42,3.91,16.95,20.76,57.87,8.09,3.32,4.25,60347.49,4783.89,2838.59,12303.51,2108.78,29801.98,1158.14,273.62,171.86,7492.64,259.44,717.52,158.82,2267.10,94.14,151.35,48.50,301.25,87.97,129.67,49.16,108.05,32.25,1890.03,165.29,5.16,0.61,7.23,0.32,10.66,2.68,0.00,0.00,11.22,2.17,5.68,4.45,1.90,5.22,18.92,23.18,62.34,8.72,3.77,4.82
73.70,73.7,26/11/2025 20:12:40,8.737,18.118,,15.9,908831.0,547637.0,970102.51,2793.73,1713.68,6832.35,1163.88,13766.05,535.68,43.75,34.20,2803.64,98.37,388.01,112.54,1543.18,66.30,76.73,26.66,139.19,48.59,82.12,32.26,57.71,21.70,1239.79,108.38,3.67,0.46,16.91,0.86,6.56,2.09,0.00,0.00,11.73,2.01,7.88,3.27,1.57,3.77,18.53,20.66,61.59,8.14,2.80,4.05,59222.58,4632.77,2841.76,12909.47,2199.11,29450.18,1146.01,100.26,78.37,7000.42,245.61,467.40,135.56,2159.23,92.76,128.02,44.49,248.49,86.74,120.03,47.14,82.92,31.18,1772.58,154.96,4.66,0.59,21.16,1.08,8.17,2.60,0.00,0.00,13.87,2.37,10.65,4.42,2.09,5.03,20.69,23.07,66.35,8.76,3.17,4.59
73.80,73.8,26/11/2025 20:13:14,11.352,19.643,,15.9,905325.0,551095.0,969701.27,2729.85,1730.23,6877.66,1171.67,13907.49,540.91,68.72,48.92,2615.59,93.39,700.27,142.54,1549.00,66.48,54.82,22.01,165.62,49.13,79.69,31.86,74.92,22.43,1342.25,117.44,3.88,0.47,5.59,0.25,8.15,2.18,0.00,0.00,14.36,2.19,10.29,3.36,0.00,0.00,20.48,20.70,65.17,8.18,4.95,4.22,59655.90,4526.84,2869.19,12995.07,2213.82,29752.78,1157.19,157.47,112.08,6530.87,233.17,843.55,171.71,2167.37,93.01,91.46,36.73,295.65,87.71,116.48,46.57,107.65,32.23,1919.07,167.91,4.94,0.60,7.00,0.31,10.14,2.71,0.00,0.00,16.98,2.59,13.90,4.53,0.00,0.00,22.87,23.12,70.21,8.81,5.61,4.79
73.90,73.9,26/11/2025 20:13:50,7.752,20.961,,15.9,910043.0,554024.0,967324.77,3711.45,1795.09,6730.23,1150.35,14598.65,563.58,67.51,47.98,2981.89,102.96,726.39,145.14,1678.03,68.21,140.86,35.96,152.41,49.41,86.51,33.38,72.06,22.63,1594.88,140.23,4.01,0.47,20.79,1.12,9.60,2.20,0.00,0.00,13.85,2.22,7.72,3.42,1.09,3.98,13.54,20.97,59.79,8.31,3.96,4.41,64098.36,6154.61,2976.76,12716.52,2173.55,31231.40,1205.69,154.70,109.95,7445.50,257.07,875.01,174.84,2347.90,95.44,235.03,60.01,272.08,88.20,126.44,48.78,103.54,32.51,2280.26,200.49,5.10,0.59,26.03,1.40,11.95,2.74,0.00,0.00,16.38,2.62,10.43,4.61,1.46,5.30,15.12,23.41,64.41,8.95,4.50,5.00
74.00,74.0,26/11/2025 20:14:34,2.767,23.545,,15.9,914023.0,555664.0,966628.19,3070.65,1755.08,7179.79,1217.59,15500.20,593.97,32.01,55.28,2753.27,97.22,796.82,153.67,1788.29,69.59,193.08,41.18,133.98,49.44,83.22,32.87,82.86,23.16,1613.72,141.90,4.53,0.51,14.11,0.69,7.41,2.24,0.00,0.00,15.12,2.29,16.23,3.52,0.53,4.00,17.78,21.17,61.02,8.40,7.19,4.41,65504.20,5091.98,2910.41,13565.95,2300.59,33160.11,1270.70,73.35,126.66,6874.64,242.76,959.85,185.11,2502.18,97.37,322.16,68.71,239.18,88.26,121.63,48.05,119.06,33.28,2307.20,202.89,5.77,0.65,17.66,0.86,9.22,2.78,0.00,0.00,17.88,2.71,21.92,4.75,0.71,5.34,19.85,23.64,65.74,9.05,8.16,5.01
74.10,74.1,26/11/2025 20:15:09,2.410,18.918,1181244.330,15.9,913372.0,554974.0,967145.31,2527.88,1762.81,6723.49,1150.73,15710.88,600.62,29.70,25.32,2785.30,98.25,968.10,173.10,1898.28,70.60,165.86,38.73,165.76,50.04,78.07,31.94,69.81,22.77,1588.91,139.72,3.67,0.47,18.75,0.98,9.26,2.24,0.00,0.00,12.70,2.15,12.73,3.52,1.40,3.96,15.49,21.18,63.72,8.47,4.92,4.39,64575.55,4191.93,2923.22,12703.78,2174.26,33610.83,1284.93,68.06,58.01,6954.62,245.32,1166.18,208.52,2656.08,98.78,276.73,64.62,295.92,89.33,114.10,46.69,100.31,32.71,2271.73,199.77,4.68,0.60,23.47,1.23,11.53,2.78,0.00,0.00,15.02,2.54,17.20,4.75,1.86,5.28,17.30,23.64,68.64,9.13,5.58,4.98
74.20,74.2,26/11/2025 20:15:44,1.723,26.254,,15.9,910210.0,551297.0,967139.52,1931.60,1692.06,6966.52,1185.29,16038.00,611.26,80.79,55.04,2626.90,93.93,857.00,160.42,1957.43,71.11,276.87,47.43,180.93,50.01,84.27,33.02,89.44,23.43,1639.87,144.20,4.01,0.47,11.83,0.55,7.61,2.14,0.00,0.00,11.68,2.07,13.44,3.53,1.48,3.95,10.57,21.13,64.84,8.49,5.42,4.42,64724.49,3203.13,2805.90,13162.98,2239.57,34310.66,1307.68,185.11,126.12,6559.11,234.54,1032.35,193.24,2738.85,99.50,461.95,79.14,323.00,89.28,123.16,48.26,128.51,33.66,2344.59,206.17,5.10,0.60,14.80,0.69,9.47,2.66,0.00,0.00,13.81,2.45,18.16,4.76,1.97,5.27,11.80,23.59,69.84,9.14,6.14,5.01
74.30,74.3,26/11/2025 20:16:19,1.486,29.560,,15.9,912183.0,552087.0,967199.66,2569.28,1666.21,6817.82,1160.90,15186.64,582.89,46.48,35.91,2892.41,100.80,914.55,167.16,1944.00,71.25,269.74,46.99,171.61,49.88,84.99,33.20,86.54,23.33,1682.65,148.13,4.30,0.49,12.80,0.61,8.94,2.27,0.00,0.00,16.97,2.40,11.68,3.51,1.81,4.01,9.93,21.15,60.10,8.36,7.11,4.36,64347.70,4260.57,2763.04,12882.02,2193.47,32489.30,1247.01,106.50,82.29,7222.07,251.69,1101.67,201.36,2720.06,99.70,450.06,78.40,306.36,89.05,124.22,48.53,124.35,33.53,2405.76,211.79,5.47,0.63,16.02,0.76,11.13,2.82,0.00,0.00,20.07,2.84,15.78,4.74,2.41,5.34,11.08,23.61,64.74,9.00,8.07,4.94
74.40,74.4,26/11/2025 20:16:54,1.607,36.904,,15.9,913991.0,553905.0,967563.69,2757.19,1681.58,6677.20,1140.60,14936.46,574.90,99.09,64.66,3019.78,104.49,659.40,140.27,1904.08,70.49,269.81,46.69,139.65,49.29,87.69,33.70,4.10,0.92,1740.27,153.55,4.01,0.48,11.03,0.51,7.66,2.22,0.00,0.00,17.30,2.45,13.84,3.55,0.81,3.96,20.68,21.13,61.58,8.40,4.68,4.43,63853.33,4572.19,2788.52,12616.33,2155.13,31954.08,1229.90,227.05,148.16,7540.09,260.90,794.31,168.97,2664.19,98.64,450.17,77.89,249.31,87.99,128.17,49.26,5.90,1.32,2488.14,219.54,5.10,0.61,13.80,0.64,9.53,2.76,0.00,0.00,20.46,2.90,18.70,4.79,1.08,5.28,23.09,23.60,66.33,9.05,5.31,5.03
74.50,74.5,26/11/2025 20:17:39,1.959,43.580,,15.9,912713.0,552431.0,968459.65,2801.09,1677.16,6611.99,1129.76,14074.58,546.31,66.62,47.74,3343.54,112.60,577.18,131.54,1888.23,70.40,191.68,40.83,142.29,49.33,76.77,31.60,70.41,22.62,1540.04,135.37,3.80,0.48,22.52,1.26,9.13,2.20,0.00,0.00,16.96,2.43,10.23,3.45,0.00,0.00,27.15,21.08,61.90,8.30,4.23,4.30,62255.90,4644.98,2781.19,12493.11,2134.64,30110.23,1168.75,152.65,109.40,8348.50,281.16,695.27,158.46,2642.02,98.50,319.82,68.12,254.01,88.06,112.20,46.19,101.17,32.50,2201.87,193.54,4.83,0.61,28.20,1.58,11.37,2.73,0.00,0.00,20.06,2.87,13.81,4.67,0.00,0.00,30.32,23.53,66.68,8.94,4.80,4.88
74.60,74.6,26/11/2025 20:18:14,2.029,63.551,1181248.498,15.9,912044.0,554007.0,968415.85,3563.29,1701.99,6251.45,1075.61,13743.68,535.28,84.29,56.50,3006.52,103.14,702.69,143.72,1899.84,70.09,214.73,42.58,167.97,49.58,75.91,31.43,80.99,22.99,1648.20,145.19,3.82,0.47,15.47,0.77,9.23,2.24,0.00,0.00,14.02,2.24,11.43,3.48,1.32,3.91,23.36,21.02,61.87,8.34,4.06,4.38,61736.79,5908.92,2822.37,11811.87,2032.33,29402.34,1145.15,193.14,129.46,7506.98,257.53,846.47,173.13,2658.27,98.07,358.28,71.04,299.85,88.51,110.95,45.94,116.38,33.04,2356.51,207.58,4.86,0.60,19.36,0.96,11.49,2.78,0.00,0.00,16.58,2.65,15.44,4.71,1.76,5.21,26.08,23.47,66.65,8.98,4.61,4.96
74.70,74.7,26/11/2025 20:18:49,2.450,104.819,,15.9,906263.0,551617.0,970562.32,3141.25,1692.52,6021.12,1039.78,12807.65,503.33,99.17,63.64,2998.11,103.47,509.57,124.33,1740.68,68.12,216.23,42.51,134.53,48.47,81.44,32.23,70.78,22.32,1490.24,130.85,4.03,0.47,7.88,0.35,8.18,2.12,0.00,0.00,16.41,2.37,11.57,3.40,0.93,3.85,15.39,20.78,59.15,8.12,3.36,4.27,57846.72,5209.06,2806.66,11376.68,1964.62,27399.85,1076.80,227.23,145.81,7486.00,258.36,613.83,149.77,2435.57,95.31,360.77,70.93,240.16,86.53,119.03,47.10,101.70,32.07,2130.67,187.08,5.13,0.60,9.87,0.44,10.19,2.64,0.00,0.00,19.41,2.81,15.63,4.59,1.24,5.13,17.18,23.20,63.72,8.75,3.81,4.84
74.80,74.8,26/11/2025 20:19:26,2.158,132.926,,15.9,906574.0,554255.0,969902.48,2990.61,1651.47,6193.36,1064.68,13035.27,511.04,133.09,81.32,3019.02,103.76,756.88,148.58,1741.11,68.40,151.25,36.76,178.95,49.40,94.41,34.79,92.86,23.28,1538.65,135.13,4.10,0.48,36.11,2.57,8.40,2.17,0.00,0.00,18.30,2.46,10.56,3.43,0.94,3.92,23.16,20.78,66.01,8.35,4.48,4.23,58982.45,4959.26,2738.59,11702.12,2011.67,27886.82,1093.29,304.95,186.33,7538.21,259.08,911.74,178.99,2436.18,95.70,252.37,61.33,319.45,88.19,137.98,50.85,133.43,33.44,2199.88,193.20,5.22,0.61,45.20,3.21,10.46,2.70,0.00,0.00,21.64,2.91,14.26,4.63,1.26,5.23,25.86,23.20,71.11,8.99,5.08,4.79
74.90,74.9,26/11/2025 20:20:00,1.272,150.780,,15.9,910202.0,554872.0,969990.89,2867.23,1721.09,6423.61,1101.19,13219.91,517.27,203.94,118.36,2619.47,93.26,888.39,163.37,1706.79,68.22,171.11,39.02,155.76,49.29,75.57,31.20,90.75,23.25,1449.64,127.14,3.74,0.47,17.28,0.89,9.31,2.18,0.00,0.00,18.10,2.46,11.62,3.38,0.24,3.92,12.27,20.92,59.95,8.24,4.41,4.31,58675.55,4754.67,2854.04,12137.18,2080.67,28281.81,1106.61,467.31,271.20,6540.57,232.87,1070.15,196.79,2388.15,95.46,285.50,65.11,278.06,87.99,110.46,45.60,130.40,33.40,2072.61,181.78,4.76,0.60,21.63,1.11,11.58,2.72,0.00,0.00,21.41,2.91,15.70,4.57,0.32,5.23,13.70,23.36,64.58,8.87,5.00,4.88
75.00,75.0,26/11/2025 20:20:45,1.092,143.372,,15.9,913492.0,557137.0,969929.66,2571.15,1694.15,6241.82,1075.47,13745.91,535.29,16.38,15.03,2554.78,91.61,828.16,156.72,1790.22,69.29,182.62,40.04,156.23,49.32,79.44,31.98,91.37,23.38,1663.14,146.61,3.66,0.46,15.73,0.78,9.40,2.18,0.00,0.00,24.46,2.83,13.56,3.47,0.77,3.93,15.12,20.95,60.34,8.32,6.11,4.31,58765.48,4263.67,2809.37,11793.69,2032.06,29407.11,1145.17,37.52,34.44,6379.04,228.75,997.60,188.79,2504.88,96.95,304.70,66.81,278.90,88.05,116.10,46.74,131.29,33.59,2377.87,209.61,4.65,0.59,19.70,0.98,11.70,2.71,0.00,0.00,28.92,3.35,18.31,4.69,1.02,5.24,16.88,23.39,65.00,8.96,6.93,4.89
75.10,75.1,26/11/2025 20:21:20,0.786,163.537,1181239.507,15.9,919673.0,560375.0,968929.52,2568.35,1719.15,6255.58,1078.62,13918.62,541.46,154.46,92.77,2941.54,102.25,623.95,136.28,1862.54,69.93,202.15,41.87,153.31,49.58,104.31,37.08,6.34,1.41,2133.90,190.33,3.78,0.49,5.88,0.26,8.06,2.25,0.00,0.00,27.56,3.00,12.46,3.50,1.36,4.05,17.40,21.10,63.52,8.51,5.41,4.39,60902.56,4259.04,2850.82,11819.69,2038.01,29776.59,1158.37,353.92,212.56,7344.74,255.30,751.61,164.17,2606.08,97.85,337.28,69.86,273.68,88.50,152.46,54.20,9.12,2.03,3050.93,272.12,4.80,0.62,7.36,0.33,10.03,2.80,0.00,0.00,32.60,3.55,16.83,4.73,1.81,5.40,19.42,23.55,68.43,9.17,6.14,4.98
75.20,75.2,26/11/2025 20:21:55,1.261,178.488,,15.8,923800.0,562594.0,966755.63,2762.46,1711.54,7078.13,1202.09,14734.53,569.02,0.01,0.02,2955.23,102.54,833.89,158.17,1918.74,71.26,240.39,45.13,174.34,50.48,95.87,35.54,95.19,23.98,2192.63,195.82,3.67,0.48,29.05,1.80,8.81,2.28,0.00,0.00,24.50,2.86,13.30,3.59,1.65,4.10,17.35,21.37,58.48,8.47,6.17,4.52,64859.63,4580.91,2838.21,13373.86,2271.30,31522.09,1217.32,0.03,0.03,7378.92,256.02,1004.50,190.53,2684.71,99.70,401.09,75.30,311.23,90.12,140.12,51.94,136.77,34.46,3134.90,279.97,4.66,0.61,36.36,2.26,10.96,2.83,0.00,0.00,28.98,3.38,17.97,4.85,2.20,5.47,19.37,23.86,62.99,9.12,7.00,5.13
75.30,75.3,26/11/2025 20:22:31,2.141,194.356,,15.8,925911.0,562698.0,967662.59,1747.34,1658.70,6870.63,1170.76,15054.80,579.55,25.19,22.15,3159.83,108.27,576.90,132.60,1992.97,72.18,228.02,44.13,147.08,49.95,97.05,35.74,41.90,8.41,2222.06,198.63,4.09,0.49,36.13,2.53,8.10,2.24,0.00,0.00,23.14,2.79,14.18,3.61,0.41,4.11,21.89,21.34,60.61,8.59,5.08,4.47,63742.78,2897.58,2750.58,12981.80,2212.11,32207.26,1239.84,57.72,50.76,7889.80,270.34,694.93,159.73,2788.58,100.99,380.44,73.63,262.57,89.16,141.85,52.24,60.21,12.08,3176.97,283.99,5.20,0.63,45.22,3.16,10.08,2.79,0.00,0.00,27.36,3.30,19.15,4.88,0.55,5.48,24.44,23.82,65.29,9.25,5.76,5.07
75.40,75.4,26/11/2025 20:23:07,0.680,196.410,,15.8,929625.0,557114.0,964528.23,2868.03,1745.51,7129.06,1210.13,15969.66,609.79,28.81,24.80,3043.43,105.06,830.91,158.13,2426.99,76.38,244.33,45.93,133.47,50.54,87.66,34.21,21.66,4.60,2544.13,228.86,3.87,0.50,6.13,0.27,8.32,2.31,0.00,0.00,23.37,2.84,10.66,3.63,0.75,4.17,18.42,21.71,66.43,8.80,5.68,4.48,69059.66,4755.98,2894.55,13470.10,2286.49,34164.46,1304.55,66.01,56.84,7599.16,262.32,1000.92,190.49,3395.86,106.86,407.66,76.63,238.28,90.22,128.12,50.00,31.13,6.62,3637.45,327.21,4.93,0.63,7.67,0.34,10.35,2.88,0.00,0.00,27.63,3.36,14.40,4.91,0.99,5.56,20.57,24.24,71.56,9.48,6.44,5.09
75.50,75.5,26/11/2025 20:23:51,0.354,192.045,,15.8,940093.0,559358.0,961066.14,4089.22,1768.48,7595.91,1281.80,16912.11,642.25,142.44,88.22,2975.11,104.16,822.56,159.30,2542.50,78.71,366.88,55.13,173.06,52.07,90.97,35.18,3.38,0.77,3079.21,279.83,4.73,0.54,9.31,0.42,9.84,2.37,0.00,0.00,31.34,3.30,9.19,3.75,0.58,4.32,5.23,22.18,63.61,8.90,6.67,4.78,75240.70,6781.06,2932.63,14352.20,2421.91,36180.67,1373.98,326.39,202.15,7428.57,260.08,990.86,191.89,3557.47,110.13,612.14,91.99,308.95,92.95,132.96,51.41,4.85,1.10,4402.48,400.08,6.02,0.69,11.65,0.53,12.25,2.95,0.00,0.00,37.06,3.91,12.42,5.07,0.77,5.76,5.84,24.76,68.52,9.58,7.56,5.42
75.60,75.6,26/11/2025 20:24:26,0.737,163.542,1181246.382,15.8,942783.0,564257.0,958238.00,4734.94,1829.54,8390.91,1403.69,17596.62,665.24,130.77,82.15,3290.81,112.49,1044.79,185.53,2263.61,76.69,412.87,58.02,197.75,52.91,84.62,34.22,96.13,25.15,3371.56,307.78,3.71,0.52,6.36,0.29,8.34,2.41,0.00,0.00,24.13,3.00,15.53,3.92,3.14,4.42,12.95,22.40,66.36,9.23,6.08,4.81,80587.29,7851.84,3033.89,15854.31,2652.22,37645.07,1423.16,299.65,188.24,8216.83,280.88,1258.56,223.48,3167.25,107.30,688.86,96.81,353.02,94.46,123.68,50.01,138.12,36.14,4820.47,440.04,4.72,0.66,7.96,0.36,10.38,3.00,0.00,0.00,28.54,3.54,20.98,5.30,4.19,5.89,14.46,25.01,71.49,9.94,6.90,5.46
75.70,75.7,26/11/2025 20:25:01,1.017,139.605,,15.8,945644.0,563335.0,958415.02,2578.87,1786.62,8591.85,1435.61,19331.77,722.92,86.01,60.39,3482.21,118.24,1237.49,209.43,2351.57,77.77,413.82,58.90,173.86,53.15,87.41,34.87,6.25,1.41,3103.74,281.95,3.76,0.51,6.87,0.31,10.41,2.48,0.00,0.00,26.36,3.09,16.57,3.94,0.91,4.35,2.77,22.67,68.14,9.22,4.34,4.87,81278.07,4276.47,2962.70,16233.97,2712.53,41357.14,1546.58,197.08,138.37,8694.74,295.24,1490.69,252.27,3290.33,108.81,690.46,98.28,310.37,94.88,127.75,50.96,8.98,2.03,4437.55,403.12,4.79,0.65,8.60,0.38,12.96,3.09,0.00,0.00,31.17,3.65,22.39,5.32,1.22,5.80,3.10,25.31,73.40,9.93,4.92,5.52
75.80,75.8,26/11/2025 20:25:36,2.251,118.968,,15.8,953995.0,565213.0,950278.73,4740.82,1872.27,9700.05,1604.54,23268.13,853.79,82.35,58.58,3600.61,121.50,1339.72,223.74,2490.16,80.87,493.29,65.00,221.92,55.53,100.23,37.93,62.95,12.28,3453.95,314.95,4.39,0.56,25.18,1.40,8.34,2.49,0.00,0.00,28.47,3.30,19.00,4.12,0.87,4.65,1.60,23.38,72.87,9.70,6.39,5.12,96834.85,7861.59,3104.75,18327.88,3031.71,49778.31,1826.53,188.69,134.22,8990.38,303.37,1613.83,269.52,3484.25,113.16,823.04,108.46,396.17,99.14,146.49,55.44,90.45,17.65,4938.26,450.30,5.58,0.71,31.52,1.75,10.38,3.10,0.00,0.00,33.66,3.90,25.67,5.57,1.16,6.20,1.78,26.10,78.49,10.45,7.25,5.81
75.90,75.9,26/11/2025 20:26:11,1.474,92.583,,15.7,956421.0,568179.0,945378.73,5803.63,1939.37,10615.28,1745.17,25406.31,925.46,47.81,61.96,4052.43,134.32,1607.39,259.92,2728.31,84.54,480.53,64.66,165.37,55.76,116.94,41.84,92.32,17.28,3313.88,301.01,4.50,0.57,22.40,1.19,9.15,2.60,0.00,0.00,37.63,3.79,18.35,4.21,1.80,4.78,17.90,23.94,70.87,9.77,8.47,5.34,106376.93,9624.01,3216.01,20057.18,3297.44,54352.60,1979.86,109.55,141.98,10118.53,335.39,1936.27,313.10,3817.47,118.29,801.76,107.89,295.21,99.54,170.91,61.15,132.65,24.83,4738.00,430.36,5.73,0.72,28.05,1.48,11.39,3.24,0.00,0.00,44.51,4.48,24.78,5.69,2.40,6.38,19.98,26.73,76.34,10.52,9.61,6.06
76.00,76.0,26/11/2025 20:26:56,0.843,70.228,,15.7,966525.0,573068.0,948827.20,3858.70,1834.62,10222.53,1685.56,23628.21,866.73,74.11,55.12,4064.25,134.07,1643.28,263.97,2918.84,85.60,456.29,63.01,203.27,56.23,101.28,38.55,43.63,8.93,3772.88,345.61,4.21,0.56,6.87,0.31,8.39,2.64,0.00,0.00,36.55,3.75,26.08,4.38,2.79,4.82,18.36,23.83,73.87,9.96,8.39,5.35,99589.31,6398.79,3042.31,19315.09,3184.81,50548.66,1854.23,169.82,126.31,10148.04,334.75,1979.51,317.98,4084.06,119.77,761.32,105.14,362.88,100.38,148.03,56.35,62.69,12.84,5394.25,494.14,5.36,0.72,8.60,0.39,10.44,3.29,0.00,0.00,43.22,4.43,35.23,5.91,3.73,6.43,20.50,26.61,79.57,10.73,9.52,6.07
76.10,76.1,26/11/2025 20:27:31,0.692,59.453,1181242.015,15.7,975420.0,577539.0,947226.97,4210.73,1940.21,10504.21,1730.66,23738.21,871.04,118.04,78.02,4266.84,139.32,1523.61,248.54,2824.65,85.23,665.79,77.15,226.82,56.95,86.63,35.95,102.55,19.15,4332.47,399.76,4.06,0.55,12.11,0.56,10.01,2.72,0.00,0.00,38.44,3.93,23.39,4.42,0.00,0.00,1.33,24.13,73.99,10.20,9.15,5.40,102511.29,6982.55,3217.41,19847.31,3270.01,50783.98,1863.45,270.47,178.77,10653.90,347.88,1835.35,299.39,3952.26,119.25,1110.86,128.73,404.91,101.66,126.61,52.54,147.35,27.52,6194.33,571.56,5.17,0.71,15.16,0.71,12.46,3.39,0.00,0.00,45.46,4.64,31.60,5.97,0.00,0.00,1.49,26.94,79.70,10.99,10.38,6.13
76.20,76.2,26/11/2025 20:28:06,0.572,48.738,,15.6,977135.0,577902.0,947629.02,5205.92,1918.74,10762.99,1769.57,22417.42,828.11,58.94,46.49,4587.85,148.41,1589.64,257.07,2893.67,85.65,423.48,61.70,196.25,56.80,96.83,37.89,58.91,11.79,3898.89,357.85,4.71,0.58,6.89,0.31,10.58,2.67,0.00,0.00,41.94,4.04,22.87,4.34,1.59,4.90,11.14,24.11,73.75,10.04,6.71,5.34,101549.11,8632.85,3181.80,20336.28,3343.53,47958.37,1771.61,135.06,106.52,11455.42,370.56,1914.88,309.66,4048.84,119.84,706.57,102.94,350.35,101.39,141.52,55.38,84.65,16.93,5574.41,511.63,6.00,0.74,8.62,0.39,13.17,3.32,0.00,0.00,49.60,4.78,30.89,5.86,2.12,6.54,12.44,26.92,79.44,10.82,7.61,6.06
76.30,76.3,26/11/2025 20:28:41,0.634,41.402,,15.6,977763.0,580472.0,946669.39,5499.32,1954.75,10749.92,1768.82,22995.92,847.60,77.71,57.82,4639.14,150.16,1479.66,243.78,2923.43,86.67,505.22,66.87,171.02,56.48,87.58,36.27,78.09,15.16,3934.84,361.29,4.84,0.59,8.17,0.37,10.67,2.69,0.00,0.00,43.99,4.16,21.16,4.35,1.56,4.90,9.05,24.25,80.02,10.21,9.30,5.44,103494.85,9119.39,3241.51,20311.57,3342.11,49195.98,1813.29,178.06,132.50,11583.49,374.93,1782.41,293.66,4090.48,121.26,842.95,111.58,305.30,100.82,128.00,53.01,112.21,21.78,5625.81,516.55,6.16,0.75,10.23,0.46,13.29,3.35,0.00,0.00,52.02,4.92,28.59,5.87,2.07,6.54,10.10,27.07,86.20,11.00,10.55,6.17
76.40,76.4,26/11/2025 20:29:17,0.651,37.430,,15.6,988296.0,582520.0,939809.54,6992.07,2044.73,11552.09,1891.97,26704.18,970.93,40.88,63.74,4940.81,158.24,1559.64,255.50,2937.61,88.59,516.89,68.54,232.70,59.22,114.23,41.95,127.21,23.40,4272.46,393.45,4.89,0.61,15.20,0.73,10.48,2.82,0.00,0.00,37.36,3.93,25.49,4.65,0.00,0.00,16.85,24.92,79.67,10.60,9.75,5.65,116939.38,11594.77,3390.73,21827.25,3574.80,57129.19,2077.14,93.68,146.06,12336.72,395.10,1878.74,307.77,4110.33,123.96,862.43,114.36,415.41,105.72,166.96,61.31,182.78,33.62,6108.52,562.54,6.22,0.78,19.02,0.91,13.05,3.51,0.00,0.00,44.18,4.65,34.44,6.28,0.00,0.00,18.82,27.82,85.82,11.42,11.06,6.40
76.50,76.5,26/11/2025 20:30:03,0.178,30.422,,15.6,989412.0,584539.0,944340.66,5270.10,2024.39,11162.99,1833.70,24487.18,897.42,316.56,186.81,4883.59,156.86,1517.90,250.06,2764.65,86.48,543.74,70.13,207.68,57.98,92.35,37.46,101.76,19.17,4136.92,380.68,4.78,0.59,7.00,0.31,11.98,2.83,0.00,0.00,36.36,3.83,23.08,4.48,1.39,5.04,3.84,24.65,75.23,10.31,10.24,5.50,108510.25,8739.29,3356.99,21092.05,3464.72,52386.28,1919.89,725.35,428.05,12193.85,391.68,1828.47,301.22,3868.32,121.00,907.22,117.01,370.75,103.51,134.98,54.75,146.22,27.54,5914.74,544.27,6.08,0.75,8.76,0.39,14.91,3.52,0.00,0.00,43.00,4.52,31.17,6.05,1.86,6.71,4.29,27.52,81.04,11.10,11.62,6.24
76.60,76.6,26/11/2025 20:30:38,0.216,34.260,1181244.000,15.6,991414.0,582478.0,941201.98,6233.01,2055.78,11580.26,1897.91,25462.54,930.23,116.00,78.80,5460.88,172.58,1536.59,253.14,3275.98,91.70,604.90,74.81,198.92,58.80,119.71,43.19,76.95,15.03,3947.30,361.95,4.57,0.59,7.04,0.32,10.47,2.79,0.00,0.00,45.56,4.26,28.08,4.51,0.00,0.00,0.00,0.00,80.35,10.44,8.92,5.50,114534.93,10336.05,3409.05,21880.46,3586.02,54472.90,1990.08,265.80,180.56,13635.29,430.93,1850.98,304.94,4583.77,128.31,1009.28,124.82,355.10,104.96,174.96,63.13,110.57,21.59,5643.63,517.50,5.81,0.75,8.81,0.40,13.03,3.47,0.00,0.00,53.88,5.04,37.93,6.09,0.00,0.00,0.00,0.00,86.55,11.25,10.11,6.24
76.70,76.7,26/11/2025 20:31:13,0.210,27.977,,15.6,990425.0,582811.0,944047.21,5684.00,2025.24,11355.57,1862.65,24147.59,886.41,47.76,40.33,5406.70,170.68,1438.48,239.62,3010.87,88.54,530.61,69.47,154.52,57.36,86.17,36.43,41.36,8.64,3874.91,355.28,4.40,0.58,6.90,0.31,8.96,2.69,0.00,0.00,42.57,4.12,23.03,4.49,0.47,4.99,7.15,24.77,72.76,10.16,8.01,5.38,109186.00,9425.63,3358.41,21455.93,3519.42,51659.78,1896.32,109.43,92.41,13500.00,426.16,1732.80,288.65,4212.83,123.88,885.32,115.91,275.84,102.40,125.95,53.24,59.43,12.41,5540.13,507.96,5.60,0.74,8.64,0.39,11.15,3.35,0.00,0.00,50.34,4.87,31.11,6.06,0.63,6.65,7.98,27.65,78.38,10.94,9.08,6.10
76.80,76.8,26/11/2025 20:31:48,-0.100,28.766,,15.6,988269.0,587028.0,938580.94,6206.40,2061.39,12366.36,2018.58,27444.93,996.02,63.49,50.55,5094.95,162.99,1889.84,299.60,3198.28,91.54,618.92,76.02,174.31,58.82,128.62,45.19,84.71,16.30,3960.74,362.96,4.65,0.61,6.99,0.32,10.61,2.71,0.00,0.00,40.31,4.06,24.59,4.62,0.00,0.00,6.30,25.30,82.13,10.64,11.93,5.69,119524.43,10291.92,3418.35,23365.77,3814.02,58713.90,2130.82,145.49,115.82,12721.59,406.97,2276.52,360.90,4475.05,128.08,1032.67,126.84,311.18,105.01,187.99,66.05,121.71,23.41,5662.84,518.95,5.92,0.77,8.75,0.40,13.20,3.37,0.00,0.00,47.67,4.80,33.21,6.24,0.00,0.00,7.04,28.25,88.47,11.46,13.54,6.46
76.90,76.9,26/11/2025 20:32:24,-0.105,30.884,,15.6,991567.0,587855.0,939596.22,7764.09,2087.07,11753.63,1923.60,25502.61,931.74,75.57,57.24,5148.16,164.05,1713.62,276.05,3249.00,91.58,564.89,72.30,190.83,59.04,110.38,41.44,66.65,13.30,4056.69,372.56,4.51,0.59,16.12,0.78,11.79,2.79,0.00,0.00,45.16,4.28,28.52,4.65,0.00,0.00,8.19,25.26,79.41,10.64,13.94,5.72,116862.89,12875.00,3460.94,22208.04,3634.57,54558.62,1993.30,173.16,131.16,12854.46,409.62,2064.23,332.53,4546.02,128.14,942.52,120.64,340.67,105.39,161.33,60.57,95.76,19.10,5800.03,532.67,5.74,0.75,20.18,0.98,14.68,3.48,0.00,0.00,53.41,5.07,38.53,6.29,0.00,0.00,9.14,28.20,85.54,11.46,15.82,6.48
77.00,77.0,26/11/2025 20:33:09,0.040,28.173,,15.6,991155.0,586226.0,942763.53,5898.72,1997.47,11466.58,1879.81,24815.01,908.70,68.64,53.70,5257.23,167.14,1763.96,281.93,3140.15,90.00,544.69,71.08,159.49,58.18,76.83,35.04,90.94,17.43,3759.49,344.06,4.55,0.59,10.19,0.47,10.18,2.66,0.00,0.00,44.25,4.21,28.18,4.60,0.51,5.09,0.00,0.00,85.24,10.49,11.65,5.62,111376.58,9781.71,3312.35,21665.67,3551.84,53087.62,1944.01,157.27,123.06,13126.80,417.33,2124.87,339.62,4393.72,125.93,908.81,118.60,284.73,103.87,112.30,51.22,130.67,25.04,5375.10,491.91,5.79,0.74,12.76,0.58,12.67,3.31,0.00,0.00,52.33,4.98,38.07,6.21,0.68,6.78,0.00,0.00,91.83,11.30,13.21,6.38
77.10,77.1,26/11/2025 20:33:44,0.125,24.799,1181243.207,15.5,1000274.0,589261.0,940938.86,6484.68,2067.94,12178.34,1990.80,24872.86,911.93,179.77,113.13,5649.68,178.33,1483.69,247.15,3107.50,90.94,622.97,76.44,178.42,59.03,85.89,36.96,42.49,9.02,3983.87,365.79,4.28,0.59,7.13,0.32,11.80,2.79,0.00,0.00,48.97,4.43,30.82,4.67,0.00,0.00,0.00,0.00,75.36,10.26,12.63,5.66,115093.73,10753.39,3429.22,23010.51,3761.54,53211.37,1950.92,411.92,259.22,14106.70,445.26,1787.26,297.72,4348.03,127.24,1039.43,127.55,318.51,105.39,125.53,54.02,61.06,12.96,5695.91,522.98,5.44,0.75,8.93,0.40,14.68,3.47,0.00,0.00,57.91,5.23,41.63,6.31,0.00,0.00,0.00,0.00,81.17,11.06,14.33,6.42
77.20,77.2,26/11/2025 20:34:18,-0.111,27.314,,15.5,1003433.0,591307.0,937065.41,6681.85,2092.78,12661.94,2065.68,27200.34,989.13,140.94,93.07,5454.16,172.94,1856.27,296.25,3374.47,94.18,704.35,82.24,211.52,60.52,88.07,37.69,92.61,17.88,4241.01,390.07,4.92,0.62,27.13,1.51,11.44,2.84,0.00,0.00,55.64,4.83,29.88,4.78,1.56,5.26,0.72,25.86,86.59,11.01,9.16,5.84,122239.71,11080.36,3470.40,23924.26,3903.02,58190.65,2116.09,322.94,213.25,13618.51,431.81,2236.07,356.86,4721.58,131.77,1175.21,137.21,377.60,108.05,128.73,55.09,133.07,25.69,6063.56,557.70,6.26,0.79,33.97,1.89,14.24,3.53,0.00,0.00,65.79,5.71,40.36,6.45,2.08,7.01,0.80,28.87,93.28,11.86,10.39,6.62
77.30,77.3,26/11/2025 20:34:53,-0.209,26.851,,15.5,1013009.0,595706.0,934974.92,6648.80,2107.64,12938.78,2108.33,28006.14,1016.35,110.03,77.36,5485.07,173.89,1756.02,283.49,3618.32,98.02,813.62,90.21,216.92,61.53,74.46,35.76,198.76,35.82,4939.48,457.80,5.05,0.64,10.56,0.48,11.76,2.91,0.00,0.00,60.21,5.12,31.13,4.92,0.58,5.53,0.00,0.00,87.19,11.22,12.20,5.99,125970.72,11025.54,3495.04,24447.35,3983.60,59914.50,2174.31,252.11,177.25,13695.70,434.20,2115.30,341.50,5062.77,137.16,1357.51,150.52,387.24,109.85,108.83,52.27,285.59,51.47,7062.19,654.54,6.43,0.82,13.22,0.60,14.64,3.62,0.00,0.00,71.20,6.06,42.06,6.64,0.78,7.37,0.00,0.00,93.93,12.08,13.84,6.80
77.40,77.4,26/11/2025 20:35:28,0.041,30.092,,15.5,1008435.0,598237.0,936854.24,6094.63,2089.03,12877.43,2099.34,26606.01,969.92,175.13,111.12,6074.67,189.48,1913.51,303.50,3406.45,94.32,766.82,86.61,200.50,60.72,109.62,41.84,123.89,23.20,4530.67,418.21,5.42,0.64,63.83,5.67,11.60,2.87,0.00,0.00,56.48,4.88,34.52,4.93,0.00,0.00,0.00,0.00,82.35,10.88,12.24,5.98,122768.19,10106.58,3464.19,24331.43,3966.63,56919.16,2074.99,401.28,254.63,15167.87,473.12,2305.02,365.60,4766.32,131.97,1279.43,144.50,357.92,108.40,160.21,61.15,178.02,33.33,6477.70,597.93,6.90,0.82,79.90,7.10,14.44,3.57,0.00,0.00,66.80,5.77,46.63,6.66,0.00,0.00,0.00,0.00,88.70,11.72,13.89,6.78
77.50,77.5,26/11/2025 20:36:13,0.431,32.404,,15.5,994608.0,593492.0,939539.74,7037.34,2025.33,12074.07,1972.83,25599.11,935.22,129.44,86.19,5032.42,161.49,1745.78,280.31,3137.55,91.10,731.76,83.43,134.23,58.30,90.58,37.80,105.03,19.96,4421.84,407.99,4.92,0.62,42.11,2.90,12.71,2.87,0.00,0.00,52.90,4.70,26.32,4.67,0.00,0.00,0.00,0.00,70.69,10.43,11.46,5.85,116931.56,11669.85,3358.56,22813.51,3727.58,54765.07,2000.74,296.59,197.50,12565.47,403.22,2102.97,337.66,4390.08,127.46,1220.93,139.20,239.63,104.07,132.39,55.25,150.91,28.68,6322.10,583.32,6.26,0.79,52.72,3.63,15.82,3.57,0.00,0.00,62.56,5.56,35.55,6.31,0.00,0.00,0.00,0.00,76.15,11.24,13.00,6.63
77.60,77.6,26/11/2025 20:36:48,1.373,39.544,1181240.165,15.6,974715.0,585112.0,944931.44,6961.87,2049.57,11022.92,1810.81,22423.15,828.97,52.43,42.78,4749.50,152.70,1374.98,229.83,2979.40,87.50,633.30,75.81,185.87,57.18,108.35,40.41,82.94,15.97,4229.32,389.68,4.72,0.60,86.45,10.02,11.46,2.78,0.00,0.00,50.94,4.53,27.93,4.58,0.23,5.02,0.00,0.00,73.95,10.19,8.85,5.58,106176.31,11544.70,3398.76,20827.39,3421.45,47970.62,1773.44,120.13,98.03,11859.05,381.29,1656.30,276.85,4168.80,122.43,1056.65,126.48,331.81,102.07,158.36,59.07,119.18,22.95,6046.84,557.14,6.01,0.77,108.22,12.54,14.26,3.46,0.00,0.00,60.24,5.36,37.72,6.18,0.31,6.69,0.00,0.00,79.66,10.98,10.04,6.33
77.70,77.7,26/11/2025 20:37:23,0.771,40.536,,15.7,968457.0,581728.0,943742.62,6790.96,1972.52,11409.70,1867.21,23209.91,854.09,112.52,75.56,4802.47,153.61,1373.55,229.49,3041.50,88.02,666.44,77.70,181.56,56.88,90.59,36.89,130.30,23.69,4210.62,387.58,4.36,0.59,59.23,5.15,11.85,2.77,0.00,0.00,50.17,4.51,25.95,4.54,0.89,5.05,0.00,0.00,71.94,10.17,12.85,5.66,108690.57,11261.29,3270.98,21558.20,3528.03,49653.77,1827.18,257.83,173.13,11991.30,383.55,1654.59,276.44,4255.68,123.16,1111.96,129.65,324.12,101.54,132.40,53.91,187.23,34.04,6020.11,554.15,5.55,0.75,74.14,6.45,14.76,3.45,0.00,0.00,59.33,5.34,35.05,6.13,1.19,6.73,0.00,0.00,77.50,10.96,14.58,6.42
77.80,77.8,26/11/2025 20:37:57,0.152,46.819,,15.5,1007367.0,601666.0,944340.92,4930.96,1983.17,11696.19,1916.67,23221.35,857.42,15.33,15.91,5584.54,176.05,1577.64,258.69,2937.50,89.22,578.83,73.52,168.13,58.57,95.03,38.37,130.38,24.23,4493.80,415.50,5.06,0.62,41.91,2.91,12.89,2.89,0.00,0.00,47.59,4.48,28.17,4.72,2.53,5.27,5.98,25.22,71.65,10.33,13.63,5.96,108233.52,8176.89,3288.64,22099.52,3621.49,49678.25,1834.32,35.12,36.46,13944.06,439.57,1900.43,311.61,4110.17,124.83,965.77,122.67,300.14,104.56,138.89,56.08,187.33,34.81,6424.98,594.06,6.44,0.79,52.47,3.65,16.04,3.60,0.00,0.00,56.28,5.29,38.06,6.38,3.37,7.02,6.67,28.15,77.18,11.13,15.47,6.76
77.90,77.9,26/11/2025 20:38:32,0.322,54.357,,15.5,1001757.0,599791.0,950581.49,5167.28,2001.97,10040.76,1663.02,19323.44,727.35,100.74,70.37,5597.08,175.47,1312.47,223.36,2684.38,85.42,565.76,71.27,222.76,57.64,95.03,37.73,171.58,31.14,3903.82,358.90,4.95,0.59,41.75,2.96,12.17,2.75,0.00,0.00,55.79,4.75,25.25,4.52,0.00,0.00,5.86,24.39,78.50,10.18,9.13,5.57,96006.72,8568.77,3319.81,18971.64,3142.21,41339.30,1556.05,230.84,161.24,13975.37,438.14,1581.01,269.06,3756.00,119.52,943.97,118.91,397.66,102.90,138.89,55.14,246.53,44.75,5581.46,513.14,6.30,0.76,52.26,3.70,15.15,3.42,0.00,0.00,65.97,5.62,34.11,6.11,0.00,0.00,6.54,27.23,84.56,10.97,10.36,6.32
78.00,78.0,,,51.382,,15.5,995615.0,596545.0,952910.70,4565.65,1952.80,9956.90,1648.53,18400.26,696.07,52.78,43.00,5382.92,169.54,1206.32,209.74,2616.32,83.97,488.10,66.46,155.95,56.31,81.48,35.12,88.86,17.18,3903.99,359.09,4.69,0.59,12.63,0.60,10.47,2.66,0.00,0.00,53.59,4.57,24.90,4.40,2.13,4.91,0.00,0.00,71.60,9.98,9.78,5.52,91568.21,7571.10,3238.27,18813.19,3114.83,39364.31,1489.14,120.93,98.53,13440.63,423.32,1453.13,252.65,3660.77,117.49,814.39,110.89,278.40,100.53,119.08,51.33,127.68,24.69,5581.70,513.40,5.97,0.75,15.81,0.75,13.03,3.31,0.00,0.00,63.37,5.40,33.64,5.95,2.84,6.55,0.00,0.00,77.13,10.75,11.09,6.26
