Exported at 26/11/2025 09:22:47, , , , , , , , , , , , , , , , , , , , , , , , , , , , , , , , , , , , , , , , , , , , , , , , , , , , , , , , , , , , , , , , , , , , , , , , , , , , , , , , , , , , , , , , , , , , , , , , , , 
Core ID:,Archive TL09-C-30m, , , , , , , , , , , , , , , , , , , , , , , , , , , , , , , , , , , , , , , , , , , , , , , , , , , , , , , , , , , , , , , , , , , , , , , , , , , , , , , , , , , , , , , , , , , , , , , , , 
Comments:,, , , , , , , , , , , , , , , , , , , , , , , , , , , , , , , , , , , , , , , , , , , , , , , , , , , , , , , , , , , , , , , , , , , , , , , , , , , , , , , , , , , , , , , , , , , , , , , , , 
XRF Measurement Mode:,He - 15x1mm, , , , , , , , , , , , , , , , , , , , , , , , , , , , , , , , , , , , , , , , , , , , , , , , , , , , , , , , , , , , , , , , , , , , , , , , , , , , , , , , , , , , , , , , , , , , , , , , , 
Depth,Depth In Core,Time Stamp,Laser Profiler,Magnetic Susceptibility,Mag Sus in Air,XRF Total Live Time,XRF Total Counts,,XRF Elements(ppm), , , , , , , , , , , , , , , , , , , , , , , , , , , , , , , , , , , , , , , , , , , , ,XRF Oxides(ppm), , , , , , , , , , , , , , , , , , , , , , , , , , , , , , , , , , , , , , , , , , , , 
cm,cm,,mm,x10^-5 SI,x10^-5 SI,Seconds,Beam 1,Beam 2,LE (Value),Mg (Value),Mg (Error),Al (Value),Al (Error),Si (Value),Si (Error),P (Value),P (Error),S (Value),S (Error),K (Value),K (Error),Ca (Value),Ca (Error),Ti (Value),Ti (Error),V (Value),V (Error),Cr (Value),Cr (Error),Mn (Value),Mn (Error),Fe (Value),Fe (Error),Ni (Value),Ni (Error),Cu (Value),Cu (Error),Zn (Value),Zn (Error),As (Value),As (Error),Sr (Value),Sr (Error),Zr (Value),Zr (Error),Mo (Value),Mo (Error),Ba (Value),Ba (Error),Pb (Value),Pb (Error),U (Value),U (Error),LE (Value),MgO (Value),MgO (Error),Al2O3 (Value),Al2O3 (Error),SiO2 (Value),SiO2 (Error),P2O5 (Value),P2O5 (Error),SO3 (Value),SO3 (Error),K2O (Value),K2O (Error),CaO (Value),CaO (Error),TiO2 (Value),TiO2 (Error),V2O5 (Value),V2O5 (Error),Cr2O3 (Value),Cr2O3 (Error),Mn2O3 (Value),Mn2O3 (Error),Fe2O3 (Value),Fe2O3 (Error),NiO (Value),NiO (Error),CuO (Value),CuO (Error),ZnO (Value),ZnO (Error),As2O3 (Value),As2O3 (Error),SrO (Value),SrO (Error),ZrO2 (Value),ZrO2 (Error),MoO2 (Value),MoO2 (Error),BaO (Value),BaO (Error),PbO (Value),PbO (Error),UO2 (Value),UO2 (Error)
0.00,0.0,25/11/2025 10:24:36*,-8.945, , , , , , , , , , , , , , , , , , , , , , , , , , , , , , , , , , , , , , , , , , , , , , , , , , , , , , , , , , , , , , , , , , , , , , , , , , , , , , , , , , , , , , , , , , , , , , , 
0.11,0.1,25/11/2025 10:24:36*,-9.140, , , , , , , , , , , , , , , , , , , , , , , , , , , , , , , , , , , , , , , , , , , , , , , , , , , , , , , , , , , , , , , , , , , , , , , , , , , , , , , , , , , , , , , , , , , , , , , 
0.20,0.2,25/11/2025 10:24:36*,-9.326, , , , , , , , , , , , , , , , , , , , , , , , , , , , , , , , , , , , , , , , , , , , , , , , , , , , , , , , , , , , , , , , , , , , , , , , , , , , , , , , , , , , , , , , , , , , , , , 
0.30,0.3,25/11/2025 10:24:36*,-9.306, , , , , , , , , , , , , , , , , , , , , , , , , , , , , , , , , , , , , , , , , , , , , , , , , , , , , , , , , , , , , , , , , , , , , , , , , , , , , , , , , , , , , , , , , , , , , , , 
0.40,0.4,25/11/2025 10:24:36*,-9.120, , , , , , , , , , , , , , , , , , , , , , , , , , , , , , , , , , , , , , , , , , , , , , , , , , , , , , , , , , , , , , , , , , , , , , , , , , , , , , , , , , , , , , , , , , , , , , , 
0.50,0.5,25/11/2025 10:24:36*,-8.927, , , , , , , , , , , , , , , , , , , , , , , , , , , , , , , , , , , , , , , , , , , , , , , , , , , , , , , , , , , , , , , , , , , , , , , , , , , , , , , , , , , , , , , , , , , , , , , 
0.60,0.6,25/11/2025 10:24:36*,-8.734, , , , , , , , , , , , , , , , , , , , , , , , , , , , , , , , , , , , , , , , , , , , , , , , , , , , , , , , , , , , , , , , , , , , , , , , , , , , , , , , , , , , , , , , , , , , , , , 
0.70,0.7,25/11/2025 10:24:36*,-8.512, , , , , , , , , , , , , , , , , , , , , , , , , , , , , , , , , , , , , , , , , , , , , , , , , , , , , , , , , , , , , , , , , , , , , , , , , , , , , , , , , , , , , , , , , , , , , , , 
0.80,0.8,25/11/2025 10:24:36*,-8.307, , , , , , , , , , , , , , , , , , , , , , , , , , , , , , , , , , , , , , , , , , , , , , , , , , , , , , , , , , , , , , , , , , , , , , , , , , , , , , , , , , , , , , , , , , , , , , , 
0.90,0.9,25/11/2025 10:24:36*,-8.176, , , , , , , , , , , , , , , , , , , , , , , , , , , , , , , , , , , , , , , , , , , , , , , , , , , , , , , , , , , , , , , , , , , , , , , , , , , , , , , , , , , , , , , , , , , , , , , 
1.00,1.0,25/11/2025 10:24:36*,-7.960, , , , , , , , , , , , , , , , , , , , , , , , , , , , , , , , , , , , , , , , , , , , , , , , , , , , , , , , , , , , , , , , , , , , , , , , , , , , , , , , , , , , , , , , , , , , , , , 
1.10,1.1,25/11/2025 10:24:36*,-7.842, , , , , , , , , , , , , , , , , , , , , , , , , , , , , , , , , , , , , , , , , , , , , , , , , , , , , , , , , , , , , , , , , , , , , , , , , , , , , , , , , , , , , , , , , , , , , , , 
1.20,1.2,25/11/2025 10:24:36*,-7.551, , , , , , , , , , , , , , , , , , , , , , , , , , , , , , , , , , , , , , , , , , , , , , , , , , , , , , , , , , , , , , , , , , , , , , , , , , , , , , , , , , , , , , , , , , , , , , , 
1.30,1.3,25/11/2025 10:24:36*,-7.421, , , , , , , , , , , , , , , , , , , , , , , , , , , , , , , , , , , , , , , , , , , , , , , , , , , , , , , , , , , , , , , , , , , , , , , , , , , , , , , , , , , , , , , , , , , , , , , 
1.40,1.4,25/11/2025 10:24:36*,-7.286, , , , , , , , , , , , , , , , , , , , , , , , , , , , , , , , , , , , , , , , , , , , , , , , , , , , , , , , , , , , , , , , , , , , , , , , , , , , , , , , , , , , , , , , , , , , , , , 
1.50,1.5,25/11/2025 10:24:36*,-7.286, , , , , , , , , , , , , , , , , , , , , , , , , , , , , , , , , , , , , , , , , , , , , , , , , , , , , , , , , , , , , , , , , , , , , , , , , , , , , , , , , , , , , , , , , , , , , , , 
1.60,1.6,25/11/2025 10:24:36*,-6.835, , , , , , , , , , , , , , , , , , , , , , , , , , , , , , , , , , , , , , , , , , , , , , , , , , , , , , , , , , , , , , , , , , , , , , , , , , , , , , , , , , , , , , , , , , , , , , , 
1.70,1.7,25/11/2025 10:24:36*,-6.698, , , , , , , , , , , , , , , , , , , , , , , , , , , , , , , , , , , , , , , , , , , , , , , , , , , , , , , , , , , , , , , , , , , , , , , , , , , , , , , , , , , , , , , , , , , , , , , 
1.80,1.8,25/11/2025 10:24:36*,-6.580, , , , , , , , , , , , , , , , , , , , , , , , , , , , , , , , , , , , , , , , , , , , , , , , , , , , , , , , , , , , , , , , , , , , , , , , , , , , , , , , , , , , , , , , , , , , , , , 
1.90,1.9,25/11/2025 10:24:36*,-6.562, , , , , , , , , , , , , , , , , , , , , , , , , , , , , , , , , , , , , , , , , , , , , , , , , , , , , , , , , , , , , , , , , , , , , , , , , , , , , , , , , , , , , , , , , , , , , , , 
2.00,2.0,25/11/2025 10:24:36*,-6.496, , , , , , , , , , , , , , , , , , , , , , , , , , , , , , , , , , , , , , , , , , , , , , , , , , , , , , , , , , , , , , , , , , , , , , , , , , , , , , , , , , , , , , , , , , , , , , , 
2.11,2.1,25/11/2025 10:24:36*,-6.474, , , , , , , , , , , , , , , , , , , , , , , , , , , , , , , , , , , , , , , , , , , , , , , , , , , , , , , , , , , , , , , , , , , , , , , , , , , , , , , , , , , , , , , , , , , , , , , 
2.21,2.2,25/11/2025 10:24:36*,-6.429, , , , , , , , , , , , , , , , , , , , , , , , , , , , , , , , , , , , , , , , , , , , , , , , , , , , , , , , , , , , , , , , , , , , , , , , , , , , , , , , , , , , , , , , , , , , , , , 
2.31,2.3,25/11/2025 10:24:36*,-6.403, , , , , , , , , , , , , , , , , , , , , , , , , , , , , , , , , , , , , , , , , , , , , , , , , , , , , , , , , , , , , , , , , , , , , , , , , , , , , , , , , , , , , , , , , , , , , , , 
2.41,2.4,25/11/2025 10:24:36*,-6.396, , , , , , , , , , , , , , , , , , , , , , , , , , , , , , , , , , , , , , , , , , , , , , , , , , , , , , , , , , , , , , , , , , , , , , , , , , , , , , , , , , , , , , , , , , , , , , , 
2.51,2.5,25/11/2025 10:24:36*,-6.322, , , , , , , , , , , , , , , , , , , , , , , , , , , , , , , , , , , , , , , , , , , , , , , , , , , , , , , , , , , , , , , , , , , , , , , , , , , , , , , , , , , , , , , , , , , , , , , 
2.61,2.6,25/11/2025 10:24:36*,-6.274, , , , , , , , , , , , , , , , , , , , , , , , , , , , , , , , , , , , , , , , , , , , , , , , , , , , , , , , , , , , , , , , , , , , , , , , , , , , , , , , , , , , , , , , , , , , , , , 
2.71,2.7,25/11/2025 10:24:36*,-6.360, , , , , , , , , , , , , , , , , , , , , , , , , , , , , , , , , , , , , , , , , , , , , , , , , , , , , , , , , , , , , , , , , , , , , , , , , , , , , , , , , , , , , , , , , , , , , , , 
2.81,2.8,25/11/2025 10:24:36*,-6.283, , , , , , , , , , , , , , , , , , , , , , , , , , , , , , , , , , , , , , , , , , , , , , , , , , , , , , , , , , , , , , , , , , , , , , , , , , , , , , , , , , , , , , , , , , , , , , , 
2.91,2.9,25/11/2025 10:24:36*,-6.187, , , , , , , , , , , , , , , , , , , , , , , , , , , , , , , , , , , , , , , , , , , , , , , , , , , , , , , , , , , , , , , , , , , , , , , , , , , , , , , , , , , , , , , , , , , , , , , 
3.01,3.0,25/11/2025 10:24:36*,-6.192, , , , , , , , , , , , , , , , , , , , , , , , , , , , , , , , , , , , , , , , , , , , , , , , , , , , , , , , , , , , , , , , , , , , , , , , , , , , , , , , , , , , , , , , , , , , , , , 
3.11,3.1,25/11/2025 10:24:36*,-6.080, , , , , , , , , , , , , , , , , , , , , , , , , , , , , , , , , , , , , , , , , , , , , , , , , , , , , , , , , , , , , , , , , , , , , , , , , , , , , , , , , , , , , , , , , , , , , , , 
3.21,3.2,25/11/2025 10:24:36*,-6.181, , , , , , , , , , , , , , , , , , , , , , , , , , , , , , , , , , , , , , , , , , , , , , , , , , , , , , , , , , , , , , , , , , , , , , , , , , , , , , , , , , , , , , , , , , , , , , , 
3.31,3.3,25/11/2025 10:24:36*,-6.123, , , , , , , , , , , , , , , , , , , , , , , , , , , , , , , , , , , , , , , , , , , , , , , , , , , , , , , , , , , , , , , , , , , , , , , , , , , , , , , , , , , , , , , , , , , , , , , 
3.41,3.4,25/11/2025 10:24:36*,-6.113, , , , , , , , , , , , , , , , , , , , , , , , , , , , , , , , , , , , , , , , , , , , , , , , , , , , , , , , , , , , , , , , , , , , , , , , , , , , , , , , , , , , , , , , , , , , , , , 
3.51,3.5,25/11/2025 10:24:36*,-6.179, , , , , , , , , , , , , , , , , , , , , , , , , , , , , , , , , , , , , , , , , , , , , , , , , , , , , , , , , , , , , , , , , , , , , , , , , , , , , , , , , , , , , , , , , , , , , , , 
3.61,3.6,25/11/2025 10:24:36*,-6.079, , , , , , , , , , , , , , , , , , , , , , , , , , , , , , , , , , , , , , , , , , , , , , , , , , , , , , , , , , , , , , , , , , , , , , , , , , , , , , , , , , , , , , , , , , , , , , , 
3.71,3.7,25/11/2025 10:24:36*,-5.917, , , , , , , , , , , , , , , , , , , , , , , , , , , , , , , , , , , , , , , , , , , , , , , , , , , , , , , , , , , , , , , , , , , , , , , , , , , , , , , , , , , , , , , , , , , , , , , 
3.81,3.8,25/11/2025 10:24:36*,-5.814, , , , , , , , , , , , , , , , , , , , , , , , , , , , , , , , , , , , , , , , , , , , , , , , , , , , , , , , , , , , , , , , , , , , , , , , , , , , , , , , , , , , , , , , , , , , , , , 
3.91,3.9,25/11/2025 10:24:36*,-5.634, , , , , , , , , , , , , , , , , , , , , , , , , , , , , , , , , , , , , , , , , , , , , , , , , , , , , , , , , , , , , , , , , , , , , , , , , , , , , , , , , , , , , , , , , , , , , , , 
4.01,4.0,25/11/2025 10:24:36*,-5.377, , , , , , , , , , , , , , , , , , , , , , , , , , , , , , , , , , , , , , , , , , , , , , , , , , , , , , , , , , , , , , , , , , , , , , , , , , , , , , , , , , , , , , , , , , , , , , , 
4.11,4.1,25/11/2025 10:24:36*,-5.186, , , , , , , , , , , , , , , , , , , , , , , , , , , , , , , , , , , , , , , , , , , , , , , , , , , , , , , , , , , , , , , , , , , , , , , , , , , , , , , , , , , , , , , , , , , , , , , 
4.21,4.2,25/11/2025 10:24:36*,-5.001, , , , , , , , , , , , , , , , , , , , , , , , , , , , , , , , , , , , , , , , , , , , , , , , , , , , , , , , , , , , , , , , , , , , , , , , , , , , , , , , , , , , , , , , , , , , , , , 
4.31,4.3,25/11/2025 10:24:36*,-4.916, , , , , , , , , , , , , , , , , , , , , , , , , , , , , , , , , , , , , , , , , , , , , , , , , , , , , , , , , , , , , , , , , , , , , , , , , , , , , , , , , , , , , , , , , , , , , , , 
4.41,4.4,25/11/2025 10:24:36*,-4.744, , , , , , , , , , , , , , , , , , , , , , , , , , , , , , , , , , , , , , , , , , , , , , , , , , , , , , , , , , , , , , , , , , , , , , , , , , , , , , , , , , , , , , , , , , , , , , , 
4.51,4.5,25/11/2025 10:24:36*,-4.534, , , , , , , , , , , , , , , , , , , , , , , , , , , , , , , , , , , , , , , , , , , , , , , , , , , , , , , , , , , , , , , , , , , , , , , , , , , , , , , , , , , , , , , , , , , , , , , 
4.61,4.6,25/11/2025 10:24:36*,-5.809, , , , , , , , , , , , , , , , , , , , , , , , , , , , , , , , , , , , , , , , , , , , , , , , , , , , , , , , , , , , , , , , , , , , , , , , , , , , , , , , , , , , , , , , , , , , , , , 
4.71,4.7,25/11/2025 10:24:36*,-5.582, , , , , , , , , , , , , , , , , , , , , , , , , , , , , , , , , , , , , , , , , , , , , , , , , , , , , , , , , , , , , , , , , , , , , , , , , , , , , , , , , , , , , , , , , , , , , , , 
4.81,4.8,25/11/2025 10:24:36*,-5.152, , , , , , , , , , , , , , , , , , , , , , , , , , , , , , , , , , , , , , , , , , , , , , , , , , , , , , , , , , , , , , , , , , , , , , , , , , , , , , , , , , , , , , , , , , , , , , , 
4.91,4.9,25/11/2025 10:24:36*,-5.185, , , , , , , , , , , , , , , , , , , , , , , , , , , , , , , , , , , , , , , , , , , , , , , , , , , , , , , , , , , , , , , , , , , , , , , , , , , , , , , , , , , , , , , , , , , , , , , 
5.01,5.0,25/11/2025 10:24:36*,-5.091, , , , , , , , , , , , , , , , , , , , , , , , , , , , , , , , , , , , , , , , , , , , , , , , , , , , , , , , , , , , , , , , , , , , , , , , , , , , , , , , , , , , , , , , , , , , , , , 
5.11,5.1,25/11/2025 10:24:36*,-4.633, , , , , , , , , , , , , , , , , , , , , , , , , , , , , , , , , , , , , , , , , , , , , , , , , , , , , , , , , , , , , , , , , , , , , , , , , , , , , , , , , , , , , , , , , , , , , , , 
5.21,5.2,25/11/2025 10:24:36*,-4.025, , , , , , , , , , , , , , , , , , , , , , , , , , , , , , , , , , , , , , , , , , , , , , , , , , , , , , , , , , , , , , , , , , , , , , , , , , , , , , , , , , , , , , , , , , , , , , , 
5.31,5.3,25/11/2025 10:24:36*,-3.520, , , , , , , , , , , , , , , , , , , , , , , , , , , , , , , , , , , , , , , , , , , , , , , , , , , , , , , , , , , , , , , , , , , , , , , , , , , , , , , , , , , , , , , , , , , , , , , 
5.41,5.4,25/11/2025 10:24:36*,-3.257, , , , , , , , , , , , , , , , , , , , , , , , , , , , , , , , , , , , , , , , , , , , , , , , , , , , , , , , , , , , , , , , , , , , , , , , , , , , , , , , , , , , , , , , , , , , , , , 
5.51,5.5,25/11/2025 10:24:36*,-2.988, , , , , , , , , , , , , , , , , , , , , , , , , , , , , , , , , , , , , , , , , , , , , , , , , , , , , , , , , , , , , , , , , , , , , , , , , , , , , , , , , , , , , , , , , , , , , , , 
5.61,5.6,25/11/2025 10:24:36*,-2.276, , , , , , , , , , , , , , , , , , , , , , , , , , , , , , , , , , , , , , , , , , , , , , , , , , , , , , , , , , , , , , , , , , , , , , , , , , , , , , , , , , , , , , , , , , , , , , , 
5.71,5.7,25/11/2025 10:24:36*,-1.760, , , , , , , , , , , , , , , , , , , , , , , , , , , , , , , , , , , , , , , , , , , , , , , , , , , , , , , , , , , , , , , , , , , , , , , , , , , , , , , , , , , , , , , , , , , , , , , 
5.81,5.8,25/11/2025 10:24:36*,-1.354, , , , , , , , , , , , , , , , , , , , , , , , , , , , , , , , , , , , , , , , , , , , , , , , , , , , , , , , , , , , , , , , , , , , , , , , , , , , , , , , , , , , , , , , , , , , , , , 
5.91,5.9,25/11/2025 10:24:36*,-1.372, , , , , , , , , , , , , , , , , , , , , , , , , , , , , , , , , , , , , , , , , , , , , , , , , , , , , , , , , , , , , , , , , , , , , , , , , , , , , , , , , , , , , , , , , , , , , , , 
6.01,6.0,25/11/2025 10:24:36*,-0.643, , , , , , , , , , , , , , , , , , , , , , , , , , , , , , , , , , , , , , , , , , , , , , , , , , , , , , , , , , , , , , , , , , , , , , , , , , , , , , , , , , , , , , , , , , , , , , , 
6.11,6.1,25/11/2025 10:24:36*,0.394, , , , , , , , , , , , , , , , , , , , , , , , , , , , , , , , , , , , , , , , , , , , , , , , , , , , , , , , , , , , , , , , , , , , , , , , , , , , , , , , , , , , , , , , , , , , , , , 
6.21,6.2,25/11/2025 10:24:36*,0.399, , , , , , , , , , , , , , , , , , , , , , , , , , , , , , , , , , , , , , , , , , , , , , , , , , , , , , , , , , , , , , , , , , , , , , , , , , , , , , , , , , , , , , , , , , , , , , , 
6.31,6.3,25/11/2025 10:24:36*,0.792, , , , , , , , , , , , , , , , , , , , , , , , , , , , , , , , , , , , , , , , , , , , , , , , , , , , , , , , , , , , , , , , , , , , , , , , , , , , , , , , , , , , , , , , , , , , , , , 
6.41,6.4,25/11/2025 10:24:36*,0.758, , , , , , , , , , , , , , , , , , , , , , , , , , , , , , , , , , , , , , , , , , , , , , , , , , , , , , , , , , , , , , , , , , , , , , , , , , , , , , , , , , , , , , , , , , , , , , , 
6.51,6.5,25/11/2025 10:24:36*,1.422, , , , , , , , , , , , , , , , , , , , , , , , , , , , , , , , , , , , , , , , , , , , , , , , , , , , , , , , , , , , , , , , , , , , , , , , , , , , , , , , , , , , , , , , , , , , , , , 
6.61,6.6,25/11/2025 10:24:36*,1.618, , , , , , , , , , , , , , , , , , , , , , , , , , , , , , , , , , , , , , , , , , , , , , , , , , , , , , , , , , , , , , , , , , , , , , , , , , , , , , , , , , , , , , , , , , , , , , , 
6.71,6.7,25/11/2025 10:24:36*,1.507, , , , , , , , , , , , , , , , , , , , , , , , , , , , , , , , , , , , , , , , , , , , , , , , , , , , , , , , , , , , , , , , , , , , , , , , , , , , , , , , , , , , , , , , , , , , , , , 
6.81,6.8,25/11/2025 10:24:36*,1.490, , , , , , , , , , , , , , , , , , , , , , , , , , , , , , , , , , , , , , , , , , , , , , , , , , , , , , , , , , , , , , , , , , , , , , , , , , , , , , , , , , , , , , , , , , , , , , , 
6.91,6.9,25/11/2025 10:24:36*,2.229, , , , , , , , , , , , , , , , , , , , , , , , , , , , , , , , , , , , , , , , , , , , , , , , , , , , , , , , , , , , , , , , , , , , , , , , , , , , , , , , , , , , , , , , , , , , , , , 
7.01,7.0,25/11/2025 10:24:36*,2.224, , , , , , , , , , , , , , , , , , , , , , , , , , , , , , , , , , , , , , , , , , , , , , , , , , , , , , , , , , , , , , , , , , , , , , , , , , , , , , , , , , , , , , , , , , , , , , , 
7.11,7.1,25/11/2025 10:24:36*,2.942, , , , , , , , , , , , , , , , , , , , , , , , , , , , , , , , , , , , , , , , , , , , , , , , , , , , , , , , , , , , , , , , , , , , , , , , , , , , , , , , , , , , , , , , , , , , , , , 
7.21,7.2,25/11/2025 10:24:36*,2.318, , , , , , , , , , , , , , , , , , , , , , , , , , , , , , , , , , , , , , , , , , , , , , , , , , , , , , , , , , , , , , , , , , , , , , , , , , , , , , , , , , , , , , , , , , , , , , , 
7.31,7.3,25/11/2025 10:24:36*,3.279, , , , , , , , , , , , , , , , , , , , , , , , , , , , , , , , , , , , , , , , , , , , , , , , , , , , , , , , , , , , , , , , , , , , , , , , , , , , , , , , , , , , , , , , , , , , , , , 
7.41,7.4,25/11/2025 10:24:36*,3.050, , , , , , , , , , , , , , , , , , , , , , , , , , , , , , , , , , , , , , , , , , , , , , , , , , , , , , , , , , , , , , , , , , , , , , , , , , , , , , , , , , , , , , , , , , , , , , , 
7.51,7.5,25/11/2025 10:24:36*,3.632, , , , , , , , , , , , , , , , , , , , , , , , , , , , , , , , , , , , , , , , , , , , , , , , , , , , , , , , , , , , , , , , , , , , , , , , , , , , , , , , , , , , , , , , , , , , , , , 
7.61,7.6,25/11/2025 10:24:36*,3.362, , , , , , , , , , , , , , , , , , , , , , , , , , , , , , , , , , , , , , , , , , , , , , , , , , , , , , , , , , , , , , , , , , , , , , , , , , , , , , , , , , , , , , , , , , , , , , , 
7.71,7.7,25/11/2025 10:24:36*,4.710, , , , , , , , , , , , , , , , , , , , , , , , , , , , , , , , , , , , , , , , , , , , , , , , , , , , , , , , , , , , , , , , , , , , , , , , , , , , , , , , , , , , , , , , , , , , , , , 
7.81,7.8,25/11/2025 10:24:36*,5.365, , , , , , , , , , , , , , , , , , , , , , , , , , , , , , , , , , , , , , , , , , , , , , , , , , , , , , , , , , , , , , , , , , , , , , , , , , , , , , , , , , , , , , , , , , , , , , , 
7.91,7.9,25/11/2025 10:24:36*,4.896, , , , , , , , , , , , , , , , , , , , , , , , , , , , , , , , , , , , , , , , , , , , , , , , , , , , , , , , , , , , , , , , , , , , , , , , , , , , , , , , , , , , , , , , , , , , , , , 
8.01,8.0,25/11/2025 10:24:36*,4.528, , , , , , , , , , , , , , , , , , , , , , , , , , , , , , , , , , , , , , , , , , , , , , , , , , , , , , , , , , , , , , , , , , , , , , , , , , , , , , , , , , , , , , , , , , , , , , , 
8.10,8.1,25/11/2025 10:24:36,4.653,4.696,1181244.930,15.7,911277.0,611810.0,989843.05,407.21,1619.80,2110.02,492.30,4077.25,214.10,67.39,48.62,534.00,36.90,120.62,77.58,795.95,55.24,22.86,14.36,111.26,44.37,80.41,30.56,274.77,49.84,1447.79,127.79,3.85,0.45,6.09,0.28,9.05,2.05,0.00,0.00,4.25,1.22,1.66,3.14,2.05,3.81,25.36,19.06,52.26,7.48,2.85,3.86,19072.12,675.27,2686.07,3986.80,930.18,8722.60,458.03,154.42,111.40,1333.34,92.13,145.30,93.46,1113.69,77.29,38.15,23.96,198.61,79.21,117.52,44.66,394.79,71.61,2069.97,182.71,4.90,0.57,7.62,0.35,11.27,2.56,0.00,0.00,5.02,1.44,2.24,4.24,2.74,5.08,28.32,21.28,56.29,8.06,3.23,4.37
8.20,8.2,25/11/2025 10:24:36,4.937,6.150,,15.7,905316.0,608014.0,989812.12,341.86,1631.69,2207.29,507.04,4605.91,232.60,105.84,68.69,403.19,37.55,72.36,64.86,744.43,54.56,24.59,14.31,117.23,44.32,74.67,29.39,150.30,26.54,1234.37,108.49,3.78,0.45,4.94,0.23,5.51,1.98,0.00,0.00,4.22,1.21,3.42,3.12,3.85,3.77,22.74,18.99,54.67,7.45,2.71,3.85,19429.26,566.90,2705.79,4170.60,958.04,9853.58,497.60,242.51,157.39,1006.72,93.75,87.17,78.13,1041.61,76.34,41.03,23.88,209.27,79.12,109.13,42.96,215.96,38.13,1764.83,155.12,4.81,0.57,6.19,0.29,6.86,2.46,0.00,0.00,4.99,1.43,4.62,4.21,5.14,5.02,25.39,21.20,58.89,8.02,3.08,4.37
8.30,8.3,25/11/2025 10:24:36,5.776,11.435,,15.7,901749.0,600035.0,990044.77,216.20,1631.23,2358.07,527.64,4391.55,225.20,88.16,59.99,431.03,37.28,132.43,79.23,818.59,55.25,18.21,14.25,134.05,44.40,70.91,28.58,9.42,2.08,1177.99,103.34,3.44,0.43,4.87,0.22,7.41,2.00,0.00,0.00,7.89,1.62,6.24,3.06,2.06,3.68,20.98,18.88,52.47,7.32,3.27,3.76,18987.07,358.52,2705.02,4455.49,996.96,9394.99,481.78,202.00,137.45,1076.24,93.09,159.52,95.45,1145.38,77.31,30.39,23.78,239.30,79.27,103.64,41.78,13.54,2.98,1684.23,147.75,4.38,0.54,6.09,0.28,9.22,2.49,0.00,0.00,9.33,1.92,8.43,4.13,2.75,4.91,23.42,21.08,56.52,7.88,3.71,4.27
8.40,8.4,25/11/2025 10:24:36,6.279,8.131,,15.8,901953.0,593728.0,988106.57,1156.74,1593.13,2639.03,558.18,4866.74,240.49,97.24,64.46,417.59,37.47,160.34,83.86,776.59,55.09,28.90,14.44,108.58,44.44,67.32,28.05,61.80,11.74,1392.29,122.59,3.69,0.44,11.98,0.58,7.26,1.98,0.08,0.16,10.57,1.89,7.12,3.09,1.77,3.67,20.19,19.08,54.81,7.45,2.80,3.87,22419.32,1918.19,2641.86,4986.35,1054.66,10411.59,514.50,222.82,147.70,1042.69,93.55,193.14,101.01,1086.61,77.08,48.22,24.09,193.84,79.34,98.40,41.00,88.80,16.87,1990.62,175.27,4.69,0.56,15.00,0.73,9.03,2.46,0.10,0.22,12.50,2.24,9.61,4.17,2.36,4.89,22.55,21.30,59.04,8.03,3.17,4.39
8.50,8.5,25/11/2025 10:24:36,6.103,6.942,,15.8,904147.0,590089.0,989365.20,410.68,1614.56,2331.73,521.38,4414.82,224.80,214.10,124.94,401.07,37.48,129.96,78.78,742.15,54.57,41.78,18.15,127.89,44.42,62.85,27.19,28.35,5.86,1609.07,142.55,3.50,0.44,13.09,0.65,8.60,2.04,0.00,0.00,11.39,1.93,8.51,3.10,1.54,3.65,11.69,18.93,58.03,7.56,4.01,3.90,20088.32,681.02,2677.38,4405.72,985.12,9444.77,480.93,490.57,286.27,1001.42,93.58,156.55,94.90,1038.43,76.35,69.71,30.28,228.30,79.30,91.86,39.74,40.74,8.42,2300.56,203.80,4.45,0.56,16.39,0.82,10.70,2.54,0.00,0.00,13.47,2.28,11.50,4.19,2.06,4.87,13.05,21.13,62.51,8.14,4.55,4.42
8.60,8.6,25/11/2025 10:24:36,6.038,8.201,1181242.280,15.8,905000.0,590338.0,988678.09,491.13,1581.96,2559.30,548.91,4691.89,234.71,37.32,30.86,496.42,37.15,117.40,76.39,845.84,55.83,57.26,22.03,79.68,43.93,74.58,29.43,34.99,7.12,1718.50,152.70,3.31,0.43,8.91,0.42,9.03,2.04,0.00,0.00,12.11,1.98,6.93,3.12,1.17,3.68,15.38,19.05,56.87,7.59,3.89,3.85,21326.38,814.43,2623.33,4835.70,1037.15,10037.52,502.12,85.52,70.72,1239.52,92.77,141.42,92.01,1183.50,78.12,95.54,36.76,142.24,78.42,109.01,43.02,50.27,10.24,2457.01,218.33,4.22,0.55,11.15,0.52,11.24,2.54,0.00,0.00,14.32,2.34,9.35,4.21,1.56,4.90,17.17,21.27,61.26,8.17,4.42,4.37
8.70,8.7,25/11/2025 10:24:36,6.148,9.260,,15.7,921120.0,597830.0,986970.76,1119.14,1639.90,2642.81,566.50,4869.45,242.78,163.42,98.92,478.99,37.84,138.65,81.68,871.86,56.84,27.15,14.65,108.19,45.16,79.15,30.56,224.90,40.05,2184.70,196.55,3.44,0.44,19.14,1.05,8.00,2.06,0.00,0.00,7.18,1.60,5.95,3.26,2.12,3.84,19.42,19.39,51.64,7.57,3.92,4.06,24164.35,1855.85,2719.41,4993.50,1070.38,10417.39,519.39,374.46,226.67,1195.99,94.49,167.02,98.39,1219.92,79.53,45.30,24.45,193.13,80.61,115.68,44.66,323.15,57.55,3123.56,281.02,4.38,0.56,23.96,1.32,9.96,2.57,0.00,0.00,8.50,1.89,8.04,4.40,2.83,5.11,21.68,21.65,55.63,8.16,4.44,4.61
8.80,8.8,25/11/2025 10:24:36,6.724,9.257,,15.6,931569.0,613040.0,986534.46,671.09,1649.63,2597.21,559.12,5206.42,254.16,182.76,109.58,512.40,38.35,114.19,78.01,940.75,57.98,77.53,26.72,75.25,45.33,73.98,29.84,323.73,59.98,2587.10,234.99,3.79,0.47,5.27,0.24,6.87,2.09,0.00,0.00,7.77,1.68,4.51,3.34,3.47,4.05,11.26,19.69,56.44,7.82,3.76,4.16,24963.86,1112.85,2735.54,4907.33,1056.43,11138.27,543.74,418.77,251.09,1279.42,95.75,137.55,93.98,1316.31,81.13,129.35,44.58,134.34,80.92,108.12,43.61,465.14,86.18,3698.89,335.98,4.83,0.60,6.60,0.30,8.55,2.61,0.00,0.00,9.19,1.99,6.09,4.52,4.63,5.41,12.57,21.99,60.80,8.42,4.26,4.72
8.90,8.9,25/11/2025 10:24:36,7.715,9.063,,15.6,932977.0,616485.0,986844.56,584.42,1600.98,2814.95,587.01,4987.05,246.99,185.12,110.76,425.19,38.68,126.94,80.47,916.16,57.60,23.62,14.76,101.40,45.59,53.25,26.24,289.50,53.02,2544.31,231.00,3.89,0.47,5.22,0.24,6.89,2.08,0.00,0.00,5.99,1.48,3.44,3.33,1.90,4.03,13.47,19.62,60.01,7.90,2.76,4.06,24346.50,969.12,2654.87,5318.74,1109.13,10668.97,528.39,424.17,253.78,1061.65,96.58,152.91,96.93,1281.89,80.60,39.41,24.63,181.01,81.39,77.83,38.35,415.97,76.18,3637.71,330.27,4.95,0.60,6.53,0.30,8.57,2.59,0.00,0.00,7.08,1.75,4.64,4.49,2.53,5.37,15.04,21.91,64.64,8.51,3.13,4.60
9.00,9.0,25/11/2025 10:24:36,8.207,9.654,,15.6,934835.0,618397.0,985802.21,1023.23,1625.55,2527.51,550.97,5461.25,263.76,149.35,92.40,637.99,38.51,145.82,83.83,978.43,58.67,72.01,25.70,88.24,45.67,60.05,27.50,214.58,38.44,2729.36,248.74,4.05,0.49,5.36,0.25,7.70,2.13,0.00,0.00,8.29,1.72,2.98,3.32,1.27,4.06,15.04,19.79,61.97,8.12,3.32,4.08,26336.09,1696.79,2695.60,4775.64,1041.03,11683.45,564.27,342.22,211.72,1592.99,96.15,175.65,100.99,1369.02,82.09,120.14,42.88,157.52,81.53,87.77,40.20,308.32,55.22,3902.28,355.64,5.16,0.63,6.71,0.31,9.59,2.66,0.00,0.00,9.81,2.04,4.02,4.48,1.69,5.41,16.79,22.10,66.75,8.75,3.77,4.63
9.10,9.1,25/11/2025 10:24:36,8.617,10.049,1181241.425,15.6,934590.0,618665.0,986241.58,585.27,1635.08,2725.92,577.59,5064.91,249.82,133.87,83.90,550.06,38.37,168.56,86.87,955.87,58.26,31.05,15.22,129.82,45.94,64.29,28.01,340.77,63.55,2897.09,264.83,3.95,0.49,5.41,0.25,9.86,2.18,0.00,0.00,7.31,1.65,3.95,3.38,2.70,4.09,16.98,19.59,57.94,8.01,2.84,4.07,25312.79,970.54,2711.41,5150.52,1091.33,10835.53,534.45,306.75,192.24,1373.45,95.81,203.04,104.65,1337.46,81.52,51.82,25.40,231.74,82.02,93.96,40.94,489.64,91.31,4142.09,378.64,5.02,0.62,6.77,0.31,12.28,2.71,0.00,0.00,8.64,1.95,5.33,4.57,3.60,5.46,18.96,21.88,62.41,8.63,3.22,4.61
9.20,9.2,25/11/2025 10:24:36,7.699,10.577,,15.6,937268.0,616260.0,986120.07,223.45,1707.28,2685.52,577.74,5591.16,269.32,119.06,77.09,556.88,38.51,163.56,86.05,996.00,58.80,62.98,23.94,112.11,45.99,79.06,30.90,329.74,61.28,2852.66,260.55,3.76,0.48,5.46,0.25,5.91,2.11,0.00,0.00,9.55,1.87,3.30,3.36,2.85,4.09,15.05,19.76,58.70,7.98,3.18,4.07,25755.30,370.54,2831.15,5074.18,1091.61,11961.37,576.16,272.82,176.65,1390.47,96.15,197.03,103.65,1393.61,82.28,105.08,39.94,200.14,82.11,115.56,45.16,473.78,88.05,4078.57,372.52,4.78,0.61,6.83,0.31,7.36,2.63,0.00,0.00,11.29,2.21,4.46,4.54,3.79,5.45,16.80,22.07,63.24,8.59,3.61,4.62
9.30,9.3,25/11/2025 10:24:36,6.781,11.374,,15.6,938760.0,614456.0,984278.70,1256.26,1677.61,2819.64,594.02,6249.38,291.23,100.72,68.48,568.61,38.85,296.32,102.20,1042.30,59.83,39.16,18.01,86.63,46.16,83.46,31.86,291.62,53.31,2761.80,251.63,3.55,0.47,6.46,0.29,9.58,2.17,0.00,0.00,10.55,1.94,4.33,3.36,3.85,4.10,18.72,19.97,63.25,8.25,5.10,4.17,29098.71,2083.23,2781.93,5327.60,1122.38,13369.51,623.04,230.80,156.92,1419.76,97.02,356.95,123.11,1458.40,83.71,65.34,30.05,154.64,82.41,121.98,46.57,419.01,76.60,3948.67,359.77,4.52,0.60,8.08,0.37,11.93,2.70,0.00,0.00,12.48,2.30,5.85,4.54,5.14,5.47,20.90,22.29,68.13,8.89,5.78,4.73
9.40,9.4,25/11/2025 10:24:36,3.519,10.579,,15.5,944772.0,619691.0,985238.94,394.00,1637.33,2936.97,609.01,5786.67,275.86,60.88,46.89,580.67,38.77,209.50,93.43,1051.71,59.93,96.66,29.93,105.78,46.07,77.56,30.70,413.74,79.43,2936.04,268.58,3.44,0.46,5.42,0.25,7.45,2.16,0.00,0.00,12.34,2.11,5.08,3.42,2.19,4.15,14.10,19.86,57.62,8.12,3.25,4.22,27277.62,653.36,2715.15,5549.30,1150.70,12379.63,590.15,139.50,107.45,1449.88,96.79,252.37,112.55,1471.56,83.85,161.27,49.94,188.84,82.25,113.36,44.87,594.47,114.13,4197.78,384.00,4.37,0.59,6.79,0.31,9.27,2.69,0.00,0.00,14.59,2.49,6.87,4.63,2.91,5.54,15.74,22.18,62.07,8.74,3.69,4.79
9.50,9.5,25/11/2025 10:24:36,6.687,10.314,,15.5,949303.0,622800.0,983657.59,1222.08,1675.59,2770.31,587.07,6594.03,302.71,20.02,19.29,530.06,39.50,260.26,98.87,1085.56,60.41,125.37,33.82,140.42,47.13,77.35,30.85,463.44,90.47,2942.75,269.09,3.77,0.49,5.56,0.25,7.78,2.15,0.00,0.00,9.06,1.87,4.87,3.49,2.13,4.22,13.27,20.10,61.06,8.35,3.23,4.28,30141.64,2026.54,2778.60,5234.39,1109.25,14106.85,647.60,45.88,44.20,1323.50,98.62,313.51,119.10,1518.93,84.52,209.19,56.43,250.67,84.13,113.06,45.08,665.90,130.00,4207.38,384.72,4.80,0.62,6.96,0.32,9.69,2.68,0.00,0.00,10.72,2.21,6.57,4.71,2.84,5.63,14.82,22.44,65.78,8.99,3.67,4.85
9.60,9.6,25/11/2025 10:24:36,8.445,10.642,1181240.896,15.5,949301.0,626503.0,984907.64,301.42,1655.84,2639.73,570.18,6464.37,297.76,94.75,64.80,579.71,39.13,218.18,94.59,1059.88,60.12,35.37,16.87,96.02,46.46,77.03,30.74,373.25,70.64,3032.40,277.92,3.71,0.49,5.40,0.25,7.72,2.12,0.00,0.00,8.88,1.84,5.51,3.47,2.25,4.22,18.30,20.06,63.59,8.18,4.90,4.28,28078.74,499.83,2745.85,4987.67,1077.33,13829.45,637.02,217.11,148.48,1447.49,97.70,262.82,113.94,1482.98,84.12,59.01,28.15,171.42,82.94,112.59,44.93,536.29,101.49,4335.55,397.35,4.72,0.62,6.76,0.31,9.61,2.64,0.00,0.00,10.51,2.18,7.45,4.68,3.00,5.63,20.43,22.39,68.50,8.81,5.56,4.85
9.70,9.7,25/11/2025 10:24:36,8.338,12.889,,15.5,953849.0,629725.0,983697.91,1124.30,1703.31,2694.98,581.33,6364.95,295.93,75.56,54.91,462.09,39.84,244.04,97.98,1104.43,60.83,101.15,30.99,79.59,46.45,72.99,30.07,455.58,88.73,3414.46,314.78,3.77,0.49,5.53,0.25,6.59,2.13,0.00,0.00,10.43,2.00,5.55,3.52,2.11,4.32,10.62,20.18,59.45,8.44,3.92,4.33,29816.28,1864.39,2824.55,5092.06,1098.40,13616.76,633.10,173.13,125.81,1153.80,99.48,293.97,118.02,1545.32,85.11,168.77,51.70,142.09,82.93,106.67,43.95,654.60,127.49,4881.80,450.06,4.80,0.63,6.92,0.32,8.20,2.66,0.00,0.00,12.34,2.37,7.49,4.76,2.82,5.76,11.86,22.54,64.04,9.09,4.45,4.91
9.80,9.8,25/11/2025 10:24:36,8.049,10.911,,15.4,959736.0,635039.0,983022.37,234.57,1712.68,3040.91,629.16,7181.24,323.09,43.51,56.57,549.33,39.52,252.90,99.28,1121.03,61.56,91.77,29.53,140.36,47.55,65.74,28.91,310.02,57.26,3830.69,355.21,3.82,0.51,5.63,0.26,7.87,2.26,0.00,0.00,8.90,1.89,6.12,3.61,2.90,4.40,17.05,20.27,58.63,8.32,4.63,4.46,31396.20,388.99,2840.10,5745.70,1188.77,15363.07,691.21,99.69,129.61,1371.63,98.69,304.65,119.60,1568.55,86.14,153.11,49.27,250.57,84.88,96.08,42.25,445.45,82.27,5476.90,507.86,4.86,0.65,7.05,0.33,9.80,2.82,0.00,0.00,10.53,2.23,8.26,4.87,3.87,5.87,19.04,22.63,63.16,8.96,5.25,5.06
9.90,9.9,25/11/2025 10:24:36,8.444,14.479,,15.4,967438.0,641452.0,982205.09,414.04,1750.07,3001.14,626.78,6971.01,316.53,139.98,88.59,530.11,40.13,289.75,103.81,1125.69,62.06,121.20,33.51,161.90,47.94,77.59,31.14,210.68,37.97,4627.09,433.02,4.44,0.55,5.70,0.26,8.17,2.31,0.00,0.00,11.17,2.13,5.50,3.75,3.40,4.59,18.19,20.30,62.87,8.66,5.29,4.73,32504.02,686.60,2902.10,5670.55,1184.28,14913.33,677.17,320.74,203.00,1323.63,100.21,349.04,125.04,1575.08,86.84,202.21,55.91,289.02,85.57,113.40,45.51,302.71,54.56,6615.55,619.11,5.65,0.69,7.14,0.33,10.17,2.88,0.00,0.00,13.21,2.52,7.43,5.07,4.53,6.12,20.31,22.67,67.73,9.33,6.00,5.37
10.00,10.0,25/11/2025 10:24:36,8.594,12.295,,15.4,973945.0,644626.0,978089.41,498.42,1720.91,3314.62,667.87,9767.99,408.77,185.60,112.80,520.74,40.90,377.50,112.72,1419.61,65.80,113.25,33.22,157.72,49.12,88.11,33.50,329.09,60.98,5011.46,470.11,4.23,0.55,5.74,0.27,8.80,2.38,0.00,0.00,11.29,2.19,6.60,3.92,3.28,4.77,19.73,20.82,61.05,8.81,5.76,4.89,40534.70,826.52,2853.74,6262.86,1261.91,20897.01,874.49,425.29,258.48,1300.24,102.13,454.73,135.79,1986.33,92.07,188.96,55.43,281.56,87.70,128.78,48.97,472.86,87.62,7165.10,672.13,5.38,0.71,7.18,0.34,10.96,2.96,0.00,0.00,13.35,2.59,8.91,5.29,4.38,6.36,22.03,23.25,65.76,9.49,6.53,5.55
10.10,10.1,25/11/2025 10:24:36,8.231,16.794,1181241.489,15.4,970724.0,644659.0,976722.09,324.49,1714.08,3563.96,702.90,11084.55,452.17,203.79,122.77,534.89,40.50,536.78,127.91,1386.73,66.14,139.27,36.83,121.79,49.23,55.18,27.99,442.24,85.27,4751.80,444.47,4.13,0.55,5.93,0.27,9.57,2.41,0.00,0.00,18.88,2.73,8.91,3.93,1.20,4.75,11.41,21.16,66.66,9.19,5.76,4.90,43486.42,538.10,2842.41,6733.96,1328.11,23713.57,967.35,466.95,281.32,1335.57,101.13,646.61,154.08,1940.32,92.54,232.36,61.45,217.43,87.88,80.65,40.92,635.42,122.52,6793.86,635.48,5.26,0.70,7.42,0.34,11.91,3.00,0.00,0.00,22.33,3.23,12.03,5.31,1.60,6.34,12.73,23.62,71.81,9.90,6.54,5.56
10.20,10.2,25/11/2025 10:24:36,8.201,14.684,,15.3,983743.0,644072.0,973362.73,462.76,1730.37,3733.05,726.18,12866.28,510.85,45.31,38.04,677.19,41.16,600.88,136.30,1400.28,67.28,140.16,37.20,118.16,49.98,80.31,32.60,639.34,130.33,5712.11,538.24,4.59,0.58,6.17,0.29,9.69,2.49,0.00,0.00,18.75,2.82,11.36,4.16,3.32,4.96,26.08,21.51,75.79,9.64,5.67,5.13,49656.37,767.39,2869.43,7053.46,1372.09,27525.27,1092.88,103.83,87.15,1690.89,102.77,723.83,164.19,1959.29,94.15,233.86,62.07,210.94,89.23,117.38,47.64,918.63,187.26,8166.85,769.55,5.84,0.73,7.73,0.36,12.07,3.09,0.00,0.00,22.18,3.34,15.34,5.62,4.43,6.62,29.12,24.02,81.64,10.39,6.43,5.81
10.30,10.3,25/11/2025 10:24:36,8.045,14.683,,15.3,985012.0,643294.0,971901.24,418.63,1736.38,4302.54,807.69,13855.01,544.11,45.67,38.70,683.29,41.66,634.67,140.23,1508.08,68.46,214.77,44.25,144.21,50.75,81.63,33.00,238.02,43.01,5813.65,548.08,4.23,0.58,6.20,0.29,9.29,2.53,0.00,0.00,26.74,3.27,19.04,4.31,4.02,4.89,10.66,21.72,69.64,9.50,8.78,5.24,52722.99,694.20,2879.40,8129.49,1526.10,29640.50,1164.03,104.64,88.68,1706.12,104.02,764.53,168.92,2110.11,95.79,358.35,73.84,257.44,90.60,119.30,48.23,342.00,61.80,8312.03,783.62,5.38,0.73,7.77,0.36,11.57,3.15,0.00,0.00,31.62,3.87,25.71,5.82,5.36,6.52,11.91,24.25,75.01,10.24,9.96,5.94
10.40,10.4,25/11/2025 10:24:36,8.003,15.273,,15.4,977444.0,637386.0,975595.89,278.39,1759.68,3765.94,733.86,12231.84,490.36,135.35,87.52,698.90,41.19,662.73,141.37,1454.40,67.36,190.24,42.04,149.48,50.25,66.78,30.13,247.03,44.85,4382.54,408.31,4.23,0.54,5.96,0.28,8.34,2.40,0.00,0.00,28.41,3.27,14.41,4.00,1.17,4.62,7.33,21.44,63.44,9.01,7.21,4.87,46099.07,461.65,2918.04,7115.60,1386.60,26168.00,1049.05,310.14,200.53,1745.09,102.85,798.33,170.29,2035.00,94.25,317.42,70.14,266.85,89.71,97.61,44.03,354.94,64.44,6265.91,583.78,5.39,0.69,7.45,0.34,10.38,2.99,0.00,0.00,33.60,3.86,19.46,5.40,1.56,6.16,8.18,23.94,68.34,9.70,8.18,5.53
10.50,10.5,25/11/2025 10:24:36,8.859,16.072,,15.4,975285.0,636519.0,980517.36,350.83,1742.54,3245.53,659.81,9364.69,395.82,5.40,5.87,618.55,40.23,425.98,117.98,1191.36,64.09,115.47,34.16,72.13,48.51,77.79,31.67,149.38,27.21,3723.13,344.62,3.75,0.51,5.52,0.26,6.58,2.26,0.00,0.00,26.41,3.05,15.00,3.79,1.88,4.44,10.31,21.11,64.57,8.68,8.38,4.63,36622.54,581.77,2889.62,6132.30,1246.69,20034.21,846.80,12.37,13.45,1544.46,100.46,513.14,142.11,1666.95,89.67,192.66,57.00,128.77,86.60,113.70,46.29,214.63,39.10,5323.12,492.72,4.77,0.65,6.91,0.33,8.19,2.82,0.00,0.00,31.23,3.60,20.27,5.12,2.51,5.92,11.51,23.57,69.56,9.35,9.50,5.26
10.60,10.6,25/11/2025 10:24:36,8.288,22.483,1181239.242,15.3,979475.0,643545.0,979617.91,319.46,1715.06,3073.42,637.11,9561.47,402.49,47.35,58.09,530.55,40.48,516.41,125.97,1273.14,65.01,142.91,37.14,100.03,48.74,71.88,30.66,230.57,41.83,4369.04,407.56,3.90,0.53,9.99,0.48,8.73,2.40,0.00,0.00,27.05,3.14,10.45,3.87,1.57,4.59,14.93,21.09,62.48,8.90,6.79,4.76,37896.87,529.75,2844.04,5807.11,1203.79,20455.19,861.06,108.49,133.11,1324.72,101.08,622.08,151.75,1781.38,90.96,238.45,61.97,178.57,87.01,105.06,44.81,331.29,60.11,6246.61,582.70,4.96,0.68,12.51,0.60,10.86,2.99,0.00,0.00,31.98,3.71,14.11,5.23,2.09,6.12,16.67,23.54,67.30,9.59,7.70,5.40
10.70,10.7,25/11/2025 10:24:36,7.633,22.880,,15.3,983303.0,642894.0,977522.51,449.09,1727.02,3565.51,702.75,10620.40,436.80,138.74,88.36,584.03,40.61,404.53,116.29,1379.39,66.29,155.31,39.02,113.76,49.77,58.77,28.83,259.69,47.51,4592.68,429.20,3.75,0.53,16.99,0.88,8.47,2.35,0.00,0.00,27.84,3.20,14.62,3.95,3.24,4.68,7.97,21.47,65.92,8.96,6.81,4.87,42064.51,744.72,2863.88,6736.89,1327.82,22720.60,934.47,317.91,202.47,1458.26,101.40,487.30,140.08,1930.05,92.75,259.13,65.10,203.08,88.84,85.89,42.14,373.14,68.27,6566.35,613.65,4.77,0.67,21.26,1.10,10.54,2.93,0.00,0.00,32.92,3.78,19.74,5.33,4.31,6.24,8.90,23.97,71.01,9.66,7.73,5.53
10.80,10.8,25/11/2025 10:24:36,6.785,20.101,,15.4,970563.0,634044.0,985692.90,672.67,1701.55,2530.23,561.17,5696.68,274.39,30.80,27.78,564.08,39.17,111.30,79.70,994.26,60.75,67.08,25.81,93.47,47.44,59.00,27.92,195.07,35.36,3140.80,288.82,3.97,0.50,24.66,1.50,9.07,2.17,0.00,0.00,28.74,3.07,11.31,3.57,1.89,4.16,5.10,20.52,59.61,8.14,7.32,4.45,26400.67,1115.48,2821.64,4780.78,1060.31,12187.12,587.01,70.58,63.66,1408.44,97.80,134.07,96.00,1391.17,85.00,111.92,43.07,166.87,84.69,86.23,40.81,280.28,50.80,4490.54,412.94,5.05,0.63,30.87,1.87,11.29,2.70,0.00,0.00,33.99,3.63,15.27,4.83,2.51,5.54,5.69,22.92,64.22,8.77,8.30,5.05
10.90,10.9,25/11/2025 10:24:36,7.015,19.638,,15.5,958926.0,623342.0,988572.45,315.94,1681.59,2561.41,561.58,4382.68,228.27,3.10,3.36,438.28,38.82,78.27,69.25,830.97,58.81,25.71,15.22,91.25,46.46,71.47,29.64,192.39,34.75,2266.68,205.04,3.58,0.46,37.74,2.96,7.09,2.09,0.00,0.00,29.41,3.02,14.68,3.41,0.70,3.98,15.20,20.07,54.24,7.65,6.76,4.25,21124.73,523.92,2788.54,4839.68,1061.09,9376.01,488.34,7.09,7.69,1094.33,96.94,94.28,83.42,1162.69,82.29,42.90,25.40,162.91,82.94,104.46,43.32,276.43,49.94,3240.78,293.16,4.56,0.58,47.24,3.71,8.82,2.61,0.00,0.00,34.78,3.57,19.83,4.61,0.94,5.31,16.97,22.41,58.43,8.24,7.67,4.82
11.00,11.0,25/11/2025 10:24:36,7.004,17.722,,15.6,951488.0,611071.0,986551.75,648.03,1654.25,2724.55,577.43,5271.54,257.05,118.48,75.91,493.12,38.35,182.53,88.66,929.94,59.53,35.06,17.11,85.64,46.72,42.06,25.25,130.83,24.05,2593.82,236.12,3.98,0.48,55.48,5.62,8.55,2.19,0.00,0.00,30.05,3.06,14.89,3.44,0.18,3.92,17.70,20.26,52.65,7.81,9.17,4.28,24921.20,1074.62,2743.21,5147.94,1091.03,11277.59,549.92,271.48,173.93,1231.26,95.77,219.87,106.80,1301.18,83.29,58.50,28.54,152.89,83.40,61.47,36.91,187.99,34.56,3708.50,337.59,5.07,0.61,69.45,7.04,10.64,2.72,0.00,0.00,35.54,3.62,20.11,4.64,0.24,5.22,19.77,22.62,56.72,8.41,10.40,4.85
11.10,11.1,25/11/2025 10:24:36,7.299,19.509,1181238.710,15.6,937895.0,607127.0,985075.24,413.69,1624.14,2583.99,559.56,7113.67,317.81,45.91,36.87,388.71,38.16,327.37,102.00,972.54,59.56,58.00,23.31,64.88,46.35,61.21,28.05,88.98,16.82,2621.97,238.52,3.13,0.45,65.34,7.44,8.92,2.16,0.00,0.00,24.95,2.87,15.97,3.49,1.34,3.95,10.09,20.20,50.50,7.77,3.58,4.29,28015.95,686.01,2693.27,4882.36,1057.27,15218.52,679.89,105.21,84.49,970.56,95.28,394.35,122.87,1360.78,83.34,96.78,38.89,115.83,82.75,89.47,40.99,127.85,24.16,3748.74,341.02,3.98,0.57,81.79,9.31,11.10,2.69,0.00,0.00,29.51,3.39,21.57,4.72,1.79,5.26,11.27,22.56,54.40,8.36,4.06,4.87
11.20,11.2,25/11/2025 10:24:36,7.987,19.378,,15.6,930463.0,605019.0,986634.67,820.40,1600.03,2504.10,544.61,5506.41,264.57,72.08,51.81,400.76,37.73,159.87,82.79,888.60,57.97,89.18,29.00,106.80,46.14,60.20,27.57,162.85,29.21,2388.60,216.25,3.81,0.46,84.86,11.99,8.99,2.11,0.00,0.00,24.01,2.77,12.55,3.35,1.31,3.92,8.63,19.88,56.50,7.78,4.83,4.23,24795.47,1360.45,2653.29,4731.40,1029.02,11780.05,566.01,165.16,118.72,1000.65,94.20,192.58,99.72,1243.34,81.11,148.79,48.39,190.66,82.37,87.99,40.29,233.99,41.97,3415.08,309.18,4.85,0.59,106.23,15.00,11.19,2.62,0.00,0.00,28.39,3.28,16.95,4.52,1.75,5.23,9.63,22.20,60.86,8.38,5.48,4.80
11.30,11.3,25/11/2025 10:24:36,7.527,14.750,,15.6,925393.0,608602.0,989206.27,520.28,1555.96,2107.62,486.82,4137.72,215.42,48.25,37.29,335.26,37.25,99.58,70.23,840.40,56.83,28.89,14.82,89.66,45.24,60.70,27.31,104.47,19.22,2223.61,200.71,3.48,0.45,81.14,11.25,7.41,2.02,0.00,0.00,19.74,2.53,10.86,3.33,1.05,3.85,12.16,19.55,57.26,7.66,4.21,4.14,19801.45,862.77,2580.22,3982.27,919.82,8851.97,460.86,110.55,85.45,837.11,93.02,119.95,84.60,1175.90,79.52,48.20,24.73,160.05,80.75,88.72,39.92,150.11,27.61,3179.19,286.96,4.42,0.57,101.57,14.09,9.22,2.52,0.00,0.00,23.34,2.99,14.67,4.50,1.40,5.13,13.57,21.83,61.68,8.25,4.77,4.70
11.40,11.4,25/11/2025 10:24:36,7.096,14.879,,15.7,913744.0,609631.0,988497.70,328.05,1633.08,2142.03,495.48,4547.07,229.81,66.68,47.48,344.80,36.99,122.55,74.23,851.50,56.54,83.22,27.50,119.98,45.22,70.72,28.98,253.49,45.76,2378.45,215.18,3.44,0.45,98.02,15.62,6.73,2.06,0.00,0.00,12.20,2.07,9.23,3.35,1.59,3.89,4.92,19.37,52.20,7.73,5.43,4.25,21125.32,544.00,2708.09,4047.29,936.18,9727.71,491.65,152.80,108.80,860.93,92.37,147.63,89.41,1191.42,79.12,138.85,45.88,214.19,80.72,103.35,42.35,364.23,65.75,3400.58,307.66,4.37,0.57,122.70,19.55,8.37,2.56,0.00,0.00,14.42,2.45,12.47,4.53,2.12,5.19,5.49,21.63,56.23,8.33,6.16,4.82
11.50,11.5,25/11/2025 10:24:36,7.827,13.489,,15.7,908277.0,612320.0,987699.02,351.07,1568.21,2176.26,498.46,4983.93,244.62,229.37,133.02,397.77,36.71,175.39,81.98,946.02,57.27,51.03,20.97,67.29,44.65,61.50,27.36,135.08,24.10,2469.62,223.76,3.65,0.47,148.16,32.51,7.94,2.16,0.00,0.00,16.11,2.37,8.12,3.38,2.56,3.96,10.40,19.43,55.44,7.89,4.28,4.24,22739.92,582.17,2600.53,4111.95,941.83,10662.30,523.33,525.58,304.80,993.20,91.67,211.28,98.75,1323.67,80.14,85.15,34.99,120.13,79.71,89.88,39.98,194.09,34.62,3530.92,319.92,4.65,0.59,185.46,40.70,9.88,2.69,0.00,0.00,19.05,2.81,10.97,4.57,3.41,5.28,11.61,21.69,59.72,8.50,4.85,4.81
11.60,11.6,25/11/2025 10:24:36,8.026,13.165,1181237.981,15.7,898775.0,609112.0,987522.41,327.98,1560.14,2326.13,515.52,5468.65,259.73,50.98,38.17,339.50,36.75,208.02,85.27,996.61,57.62,128.21,33.38,109.29,44.94,66.43,28.12,65.24,12.40,2143.90,192.60,3.52,0.46,139.54,29.41,9.23,2.19,0.00,0.00,17.05,2.37,11.99,3.36,2.04,3.90,5.08,19.35,54.19,7.66,4.01,4.21,23211.24,543.88,2587.14,4395.13,974.06,11699.27,555.64,116.81,87.47,847.69,91.76,250.59,102.72,1394.46,80.63,213.92,55.70,195.10,80.22,97.10,41.10,93.74,17.82,3065.23,275.37,4.48,0.58,174.68,36.81,11.49,2.72,0.00,0.00,20.17,2.81,16.19,4.53,2.71,5.21,5.68,21.60,58.38,8.26,4.55,4.77
11.70,11.7,25/11/2025 10:24:36,7.378,13.625,,15.7,895129.0,601720.0,988016.19,776.57,1523.24,2294.56,509.64,4796.57,237.85,45.31,52.71,322.58,36.93,278.19,92.28,862.55,56.10,36.22,16.65,77.02,44.27,63.55,27.48,52.22,10.16,2174.97,195.62,3.46,0.45,96.94,15.43,6.43,2.03,0.00,0.00,16.54,2.33,9.76,3.28,2.64,3.82,10.10,19.18,54.01,7.64,3.63,4.09,22055.07,1287.77,2525.94,4335.49,962.95,10261.46,508.84,103.82,120.79,805.46,92.22,335.11,111.16,1206.89,78.50,60.44,27.79,137.49,79.04,92.88,40.16,75.03,14.60,3109.64,279.68,4.40,0.57,121.35,19.31,8.00,2.53,0.00,0.00,19.56,2.75,13.19,4.43,3.52,5.09,11.28,21.42,58.18,8.24,4.11,4.64
11.80,11.8,25/11/2025 10:24:36,7.070,13.426,,15.8,884709.0,594760.0,987801.20,577.24,1525.00,2409.95,524.61,5295.18,253.76,29.13,24.55,376.04,36.28,157.82,78.53,834.85,55.25,61.55,22.83,97.99,43.94,54.86,25.85,63.31,11.94,2071.32,185.62,3.35,0.44,72.12,9.09,8.29,2.06,0.00,0.00,12.29,2.06,6.57,3.19,1.46,3.77,9.54,18.94,52.56,7.58,3.36,4.05,22814.37,957.23,2528.87,4553.51,991.23,11328.16,542.88,66.75,56.26,938.94,90.59,190.11,94.60,1168.13,77.31,102.70,38.09,174.93,78.44,80.19,37.78,90.97,17.16,2961.46,265.39,4.26,0.56,90.28,11.37,10.32,2.57,0.00,0.00,14.53,2.44,8.88,4.32,1.95,5.03,10.66,21.15,56.61,8.16,3.81,4.60
11.90,11.9,25/11/2025 10:24:36,7.383,13.296,,15.9,870303.0,580968.0,988163.53,421.22,1492.22,2373.13,513.46,5362.93,253.97,62.06,43.72,374.18,35.47,184.17,80.57,899.18,55.42,14.48,14.12,58.86,43.22,68.15,27.99,69.62,12.85,1826.49,162.35,3.47,0.43,27.83,1.82,8.39,2.01,0.00,0.00,9.89,1.81,5.46,3.11,2.19,3.68,8.85,18.78,52.66,7.43,3.28,3.88,22294.29,698.49,2474.51,4483.94,970.17,11473.10,543.32,142.19,100.17,934.28,88.58,221.85,97.05,1258.14,77.55,24.16,23.56,105.07,77.15,99.61,40.91,100.03,18.46,2611.41,232.12,4.42,0.54,34.84,2.28,10.44,2.50,0.00,0.00,11.70,2.15,7.37,4.20,2.92,4.91,9.88,20.97,56.73,8.00,3.72,4.41
12.00,12.0,25/11/2025 10:24:36,7.607,14.019,,15.9,872141.0,583988.0,987842.55,276.85,1552.69,2388.96,518.25,5336.13,253.39,3.99,3.93,169.21,36.33,352.23,96.86,956.45,56.09,32.17,14.92,86.95,43.24,62.37,26.89,96.27,17.14,2219.45,199.40,3.48,0.43,64.38,7.37,7.73,1.99,0.00,0.00,15.06,2.18,7.03,3.20,2.12,3.74,18.14,18.69,55.09,7.57,3.38,3.96,22402.77,459.10,2574.80,4513.86,979.21,11415.77,542.09,9.15,9.01,422.50,90.72,424.29,116.68,1338.27,78.49,53.68,24.90,155.21,77.19,91.16,39.30,138.33,24.63,3173.24,285.09,4.43,0.55,80.59,9.23,9.62,2.48,0.00,0.00,17.81,2.58,9.50,4.33,2.83,4.99,20.25,20.87,59.35,8.15,3.83,4.49
12.10,12.1,25/11/2025 10:24:36,7.384,17.926,1181239.303,15.9,867569.0,585471.0,989345.35,721.43,1493.47,1853.99,442.82,4360.69,219.41,83.87,54.32,352.12,35.26,186.64,80.56,807.08,54.33,46.32,19.06,74.88,42.76,65.71,27.38,205.95,36.10,1744.87,154.77,3.25,0.42,48.35,4.54,9.47,2.05,0.00,0.00,13.89,2.09,10.07,3.15,1.99,3.66,10.18,18.55,48.53,7.31,5.34,3.91,19730.34,1196.33,2476.58,3503.05,836.68,9328.97,469.40,192.18,124.47,879.21,88.05,224.83,97.05,1129.27,76.02,77.29,31.80,133.67,76.33,96.05,40.02,295.92,51.87,2494.72,221.28,4.14,0.53,60.53,5.68,11.79,2.55,0.00,0.00,16.42,2.47,13.61,4.26,2.65,4.88,11.37,20.72,52.28,7.88,6.06,4.44
12.20,12.2,25/11/2025 10:24:36,7.256,12.499,,15.9,871119.0,588371.0,989648.58,517.15,1518.56,1707.50,432.54,4162.34,215.09,44.06,51.11,393.97,35.27,173.86,78.99,891.82,55.21,28.50,14.12,101.57,43.36,46.08,24.22,43.32,8.43,2089.14,187.20,3.52,0.44,53.59,5.40,8.50,1.96,0.00,0.00,12.10,1.97,5.44,3.10,1.68,3.70,8.48,18.64,53.25,7.39,5.55,3.94,19054.97,857.57,2518.20,3226.27,817.27,8904.64,460.15,100.96,117.12,983.71,88.07,209.43,95.15,1247.84,77.26,47.55,23.55,181.31,77.41,67.34,35.40,62.24,12.11,2986.94,267.64,4.48,0.55,67.08,6.76,10.58,2.43,0.00,0.00,14.31,2.33,7.35,4.19,2.24,4.94,9.47,20.81,57.36,7.96,6.29,4.46
12.30,12.3,25/11/2025 10:24:36,7.432,13.098,,15.8,875426.0,591824.0,989324.22,322.84,1484.10,2016.94,467.07,4511.69,225.36,28.99,23.98,301.87,35.52,190.36,81.18,830.08,54.74,28.09,14.12,45.39,42.84,72.66,28.82,84.17,15.31,2075.30,186.02,3.54,0.44,72.84,9.30,9.60,2.08,0.00,0.00,9.97,1.80,4.30,3.07,0.83,3.77,11.70,18.73,49.90,7.46,4.70,3.91,19729.93,535.36,2461.05,3810.94,882.52,9652.01,482.12,66.42,54.95,753.74,88.68,229.31,97.79,1161.45,76.59,46.87,23.57,81.03,76.48,106.20,42.12,120.94,22.00,2967.15,265.96,4.51,0.56,91.18,11.65,11.95,2.59,0.00,0.00,11.79,2.13,5.80,4.15,1.11,5.02,13.07,20.92,53.76,8.04,5.33,4.43
12.40,12.4,25/11/2025 10:24:36,7.521,13.496,,15.8,877691.0,594103.0,988925.48,682.78,1457.17,1793.25,438.40,4390.77,222.26,31.49,25.74,332.54,35.49,117.26,70.93,1018.74,56.88,24.34,14.21,78.81,43.45,44.59,24.18,78.08,14.34,2268.99,204.33,3.68,0.45,106.73,18.33,7.35,2.05,0.00,0.00,12.83,2.06,4.80,3.18,1.39,3.79,11.83,18.82,57.87,7.83,6.42,4.00,20239.48,1132.23,2416.39,3388.29,828.34,9393.32,475.48,72.15,58.98,830.32,88.62,141.25,85.45,1425.42,79.59,40.61,23.72,140.69,77.57,65.17,35.34,112.19,20.60,3244.07,292.14,4.69,0.57,133.60,22.95,9.15,2.55,0.00,0.00,15.17,2.44,6.49,4.30,1.86,5.06,13.20,21.01,62.34,8.43,7.28,4.54
12.50,12.5,25/11/2025 10:24:36,7.726,13.689,,15.8,871669.0,591281.0,990334.76,560.74,1427.93,1833.45,435.50,3708.69,196.16,34.54,49.39,319.74,35.13,13.61,25.32,699.84,53.45,38.82,16.93,107.25,42.99,55.03,25.50,240.07,42.69,1811.86,161.23,3.66,0.44,139.34,29.94,8.90,2.03,0.00,0.00,12.28,2.00,5.46,3.09,1.49,3.70,14.76,18.47,50.61,7.44,5.11,3.97,17764.27,929.86,2367.90,3464.23,822.86,7934.12,419.65,79.13,113.17,798.36,87.71,16.39,30.50,979.22,74.78,64.77,28.24,191.46,76.74,80.43,37.28,344.94,61.34,2590.50,230.51,4.66,0.56,174.42,37.47,11.08,2.53,0.00,0.00,14.53,2.37,7.37,4.17,1.99,4.93,16.47,20.62,54.52,8.01,5.79,4.51
12.60,12.6,25/11/2025 10:24:36,7.681,12.303,1181239.437,15.9,854788.0,584936.0,992370.01,267.44,1417.84,1597.84,404.36,3042.69,170.74,24.21,47.64,319.32,34.15,72.52,58.36,607.29,51.11,19.14,13.64,73.57,41.93,53.49,24.93,23.89,4.89,1321.43,115.87,3.49,0.43,111.84,20.76,7.11,1.98,0.00,0.00,10.92,1.88,4.47,3.00,1.35,3.52,16.90,18.19,47.68,7.08,3.41,3.82,14174.95,443.50,2351.17,3019.05,764.03,6509.33,365.27,55.48,109.17,797.30,85.27,87.36,70.30,849.72,71.51,31.93,22.76,131.33,74.85,78.18,36.43,34.33,7.03,1889.30,165.67,4.44,0.54,140.00,25.98,8.84,2.46,0.00,0.00,12.92,2.22,6.04,4.06,1.80,4.69,18.87,20.31,51.36,7.63,3.87,4.33
12.70,12.7,25/11/2025 10:24:36,7.530,12.762,,15.9,856720.0,582745.0,992168.99,238.16,1466.77,1418.82,386.93,3075.58,173.36,172.29,99.00,283.57,34.61,39.67,44.40,657.09,51.81,5.86,13.68,105.45,42.54,60.06,26.06,12.81,2.73,1553.88,137.19,3.39,0.42,106.68,18.94,8.46,1.93,0.00,0.00,11.09,1.88,6.01,3.00,2.92,3.63,17.19,18.25,48.72,7.05,3.29,3.81,14500.28,394.94,2432.31,2680.82,731.09,6579.70,370.88,394.78,226.84,708.06,86.42,47.79,53.49,919.40,72.50,9.78,22.82,188.24,75.95,87.79,38.09,18.40,3.92,2221.65,196.15,4.32,0.54,133.55,23.71,10.54,2.40,0.00,0.00,13.11,2.22,8.12,4.05,3.89,4.83,19.20,20.38,52.48,7.60,3.73,4.32
12.80,12.8,25/11/2025 10:24:36,8.032,10.781,,15.9,858139.0,584358.0,992172.11,322.50,1445.79,1567.19,402.59,3187.37,176.76,43.31,32.13,259.10,34.62,47.62,48.30,647.60,51.38,6.63,13.72,43.77,42.01,56.13,25.44,70.24,19.65,1408.48,123.80,3.46,0.42,83.12,12.16,5.50,1.88,0.00,0.00,11.61,1.92,7.89,3.04,1.47,3.51,10.78,18.34,41.13,6.91,3.01,3.74,14511.78,534.79,2397.51,2961.14,760.67,6818.86,378.15,99.25,73.61,646.95,86.45,57.36,58.18,906.12,71.88,11.06,22.90,78.14,74.99,82.03,37.19,100.93,28.24,2013.77,177.00,4.40,0.54,104.04,15.22,6.84,2.34,0.00,0.00,13.73,2.27,10.66,4.11,1.96,4.68,12.04,20.47,44.30,7.44,3.41,4.24
12.90,12.9,25/11/2025 10:24:36,8.385,11.704,,15.8,876040.0,592216.0,991450.71,371.16,1461.34,1719.17,427.21,3430.14,188.16,18.18,16.28,328.87,35.31,46.23,48.83,689.19,53.19,15.98,13.92,86.20,43.05,42.72,23.71,82.11,20.58,1554.50,137.47,2.90,0.41,70.21,8.92,5.45,1.89,0.00,0.00,12.95,2.02,8.75,3.07,1.31,3.64,6.95,18.58,50.89,7.27,5.43,3.86,15864.30,615.49,2423.31,3248.30,807.20,7338.22,402.54,41.65,37.30,821.15,88.16,55.69,58.83,964.32,74.42,26.66,23.22,153.88,76.85,62.43,34.66,117.98,29.56,2222.54,196.54,3.69,0.52,87.89,11.17,6.78,2.35,0.00,0.00,15.32,2.39,11.82,4.14,1.75,4.85,7.76,20.75,54.82,7.84,6.16,4.37
13.00,13.0,25/11/2025 10:24:36,8.908,11.509,,15.8,884828.0,594235.0,990498.22,385.15,1499.84,1753.32,435.99,3775.96,200.54,170.06,99.45,411.40,35.36,181.64,81.34,800.12,54.58,17.94,14.11,64.79,43.24,72.28,28.80,71.31,20.30,1615.85,143.18,3.49,0.43,75.43,10.05,7.20,1.96,0.07,0.16,11.51,1.94,7.80,3.08,1.37,3.68,17.52,18.81,53.92,7.28,3.66,3.85,17664.42,638.68,2487.15,3312.83,823.79,8078.04,429.03,389.66,227.88,1027.23,88.29,218.80,97.98,1119.53,76.37,29.93,23.55,115.66,77.19,105.65,42.09,102.46,29.17,2310.25,204.72,4.44,0.55,94.42,12.59,8.96,2.44,0.09,0.21,13.61,2.29,10.54,4.16,1.83,4.91,19.56,21.00,58.08,7.85,4.16,4.36
13.10,13.1,25/11/2025 10:24:36,8.663,9.656,1181241.355,15.8,878295.0,588348.0,989363.52,371.73,1471.48,2006.37,465.96,4853.08,237.63,47.66,51.55,325.49,35.71,125.53,73.43,787.39,54.35,44.48,18.60,105.28,43.57,58.84,26.32,76.27,20.52,1676.47,148.70,3.37,0.43,58.71,6.40,7.33,1.92,0.00,0.00,13.16,2.04,9.15,3.13,3.03,3.66,8.18,18.72,49.27,7.28,5.69,3.93,20006.83,616.43,2440.13,3790.97,880.41,10382.37,508.38,109.22,118.13,812.72,89.17,151.21,88.45,1101.72,76.05,74.21,31.03,187.95,77.79,86.00,38.47,109.58,29.48,2396.92,212.60,4.28,0.55,73.49,8.01,9.12,2.40,0.00,0.00,15.57,2.41,12.36,4.23,4.04,4.89,9.13,20.90,53.07,7.84,6.46,4.45
13.20,13.2,25/11/2025 10:24:36,8.142,17.128,,15.9,880885.0,584594.0,989657.21,282.44,1499.04,2210.46,492.85,4296.97,218.45,49.74,36.80,334.71,35.63,159.63,78.37,723.45,53.71,27.89,14.18,96.02,43.53,45.37,24.32,74.70,13.85,1866.23,166.42,3.33,0.43,62.52,7.13,7.29,1.95,0.00,0.00,14.01,2.12,10.12,3.14,1.44,3.64,22.28,18.80,49.73,7.22,4.47,3.91,19258.92,468.37,2485.82,4176.57,931.23,9192.67,467.35,113.98,84.32,835.74,88.96,192.29,94.41,1012.26,75.15,46.54,23.65,171.42,77.71,66.30,35.55,107.33,19.90,2668.23,237.93,4.24,0.55,78.26,8.93,9.07,2.43,0.00,0.00,16.57,2.50,13.67,4.24,1.92,4.85,24.87,21.00,53.57,7.78,5.07,4.44
13.30,13.3,25/11/2025 10:24:36,8.160,11.510,,15.9,874949.0,580888.0,989054.92,439.53,1495.58,2190.37,489.28,4909.11,239.51,166.92,97.77,296.18,35.75,217.66,85.52,724.25,54.07,35.88,16.28,72.62,43.36,63.33,27.16,12.46,2.69,1665.73,147.57,3.48,0.44,50.76,4.96,6.23,1.91,0.00,0.00,15.63,2.20,9.22,3.08,1.67,3.61,11.47,18.82,49.63,7.22,2.95,3.81,20627.33,728.86,2480.08,4138.62,924.48,10502.24,512.39,382.46,224.02,739.52,89.27,262.19,103.01,1013.37,75.66,59.87,27.17,129.65,77.40,92.56,39.70,17.91,3.86,2381.56,210.99,4.43,0.55,63.54,6.21,7.76,2.38,0.00,0.00,18.48,2.60,12.45,4.16,2.23,4.81,12.80,21.01,53.46,7.78,3.35,4.32
13.40,13.4,25/11/2025 10:24:36,7.941,12.831,,15.9,866487.0,576682.0,988419.04,947.63,1519.77,2395.95,517.26,4755.57,234.15,43.00,51.06,286.91,35.59,176.59,79.47,766.12,53.59,26.02,14.04,88.82,43.09,53.95,25.44,76.91,20.41,1832.38,162.99,3.19,0.42,22.60,1.34,8.06,2.01,0.00,0.00,14.55,2.13,6.86,3.06,2.04,3.61,15.82,18.61,53.76,7.33,4.24,3.88,21534.96,1571.44,2520.21,4527.05,977.35,10173.76,500.92,98.52,117.00,716.39,88.86,212.72,95.73,1071.96,74.98,43.42,23.42,158.56,76.92,78.85,37.18,110.51,29.32,2619.84,233.03,4.05,0.53,28.29,1.67,10.04,2.50,0.00,0.00,17.21,2.52,9.26,4.13,2.72,4.81,17.66,20.78,57.91,7.89,4.82,4.40
13.50,13.5,25/11/2025 10:24:36,7.980,17.325,,15.9,866713.0,577815.0,988915.32,478.72,1473.17,2258.62,497.30,5012.12,241.88,150.52,88.26,254.77,35.81,215.23,84.48,851.47,54.77,27.50,14.06,89.77,43.17,67.96,27.85,6.31,1.38,1521.62,134.07,3.44,0.42,44.67,3.98,7.18,1.94,0.00,0.00,14.66,2.11,11.53,3.09,1.48,3.57,12.95,18.63,48.77,7.14,5.38,3.84,20883.00,793.85,2442.93,4267.58,939.63,10722.61,517.46,344.90,202.24,636.13,89.41,259.26,101.77,1191.38,76.64,45.89,23.46,160.26,77.06,99.32,40.70,9.06,1.98,2175.52,191.68,4.38,0.54,55.92,4.98,8.94,2.41,0.00,0.00,17.34,2.49,15.58,4.18,1.98,4.75,14.46,20.80,52.54,7.69,6.11,4.35
13.60,13.6,25/11/2025 10:24:36,7.565,15.408,1181239.042,16.0,862125.0,569659.0,987765.73,1164.44,1477.76,2028.11,464.13,5426.45,255.53,124.28,74.68,444.32,34.57,64.63,57.76,844.36,54.89,104.95,29.36,129.02,43.51,52.26,25.10,15.41,3.24,1705.48,150.95,3.42,0.43,23.57,1.42,6.90,1.99,0.00,0.00,19.45,2.40,10.11,3.05,0.89,3.56,12.08,18.57,49.85,7.17,4.27,3.88,23120.18,1930.97,2450.53,3832.04,876.96,11609.00,546.66,284.77,171.11,1109.42,86.33,77.86,69.58,1181.43,76.80,175.10,48.98,230.33,77.67,76.38,36.69,22.15,4.66,2438.40,215.82,4.36,0.55,29.51,1.78,8.59,2.47,0.00,0.00,23.00,2.84,13.65,4.12,1.18,4.74,13.49,20.74,53.70,7.72,4.85,4.40
13.70,13.7,25/11/2025 10:24:36,7.448,16.530,,16.0,860828.0,568634.0,990291.84,549.51,1445.71,1578.38,401.72,3888.01,202.20,59.92,41.69,326.10,34.55,237.57,85.11,794.89,53.59,21.57,13.89,84.82,42.58,59.45,26.14,145.01,25.17,1791.34,159.11,3.74,0.43,62.47,7.13,7.32,1.90,0.00,0.00,19.33,2.36,11.96,3.09,0.33,3.56,11.72,18.39,47.90,7.07,6.80,3.82,17808.97,911.24,2397.39,2982.29,759.03,8317.75,432.57,137.30,95.52,814.23,86.28,286.18,102.52,1112.22,74.98,35.99,23.17,151.43,76.01,86.90,38.20,208.35,36.17,2561.16,227.48,4.75,0.55,78.20,8.93,9.11,2.36,0.00,0.00,22.86,2.79,16.16,4.17,0.45,4.75,13.09,20.54,51.60,7.62,7.72,4.34
13.80,13.8,25/11/2025 10:24:36,7.527,23.410,,15.9,863221.0,579808.0,990965.52,254.67,1441.14,1625.78,408.61,3733.57,196.41,24.03,20.10,272.25,34.93,98.00,65.76,882.67,54.46,22.57,13.85,127.69,43.16,53.32,25.07,72.09,19.93,1735.29,153.97,3.12,0.41,40.49,3.38,6.03,1.93,0.03,0.16,10.80,1.87,9.39,3.08,0.53,3.56,9.53,18.34,48.69,7.14,3.95,3.87,16653.52,422.31,2389.80,3071.84,772.05,7987.36,420.19,55.06,46.06,679.78,87.21,118.05,79.21,1235.04,76.20,37.66,23.10,227.95,77.05,77.93,36.64,103.59,28.63,2481.03,220.13,3.98,0.53,50.69,4.23,7.51,2.40,0.03,0.21,12.77,2.21,12.68,4.15,0.70,4.75,10.64,20.47,52.45,7.69,4.48,4.39
13.90,13.9,25/11/2025 10:24:36,7.698,18.119,,15.9,862273.0,585422.0,990173.06,303.63,1489.81,1817.41,438.99,3915.90,204.27,32.35,25.97,349.84,34.83,180.59,79.20,827.78,54.07,64.63,23.01,65.96,42.41,60.40,26.37,83.51,20.53,1970.04,175.99,3.26,0.43,62.87,7.20,6.69,1.99,0.00,0.00,8.84,1.71,8.75,3.10,1.42,3.67,8.84,18.47,49.34,7.31,4.89,3.85,18072.69,503.50,2470.51,3433.93,829.46,8377.42,437.00,74.14,59.51,873.51,86.95,217.54,95.41,1158.24,75.66,107.84,38.39,117.74,75.71,88.28,38.54,119.99,29.49,2816.66,251.62,4.15,0.54,78.69,9.01,8.32,2.48,0.00,0.00,10.45,2.03,11.82,4.19,1.90,4.90,9.87,20.62,53.15,7.88,5.54,4.36
14.00,14.0,25/11/2025 10:24:36,7.905,20.166,,15.8,875334.0,589668.0,989955.88,246.46,1543.40,1323.12,385.24,4203.31,215.69,152.38,89.39,339.53,35.12,155.62,76.19,862.66,54.76,72.65,24.63,106.15,43.15,53.21,25.25,100.43,17.89,2269.58,204.39,3.51,0.44,59.72,6.51,7.05,1.99,0.00,0.00,10.53,1.86,6.49,3.17,1.55,3.70,14.46,18.56,53.03,7.51,2.67,3.96,18457.70,408.70,2559.39,2499.99,727.89,8992.29,461.43,349.15,204.82,847.78,87.70,187.46,91.78,1207.04,76.62,121.21,41.09,189.49,77.03,77.78,36.90,144.31,25.71,3244.92,292.23,4.47,0.56,74.76,8.16,8.77,2.47,0.00,0.00,12.45,2.20,8.77,4.28,2.07,4.94,16.14,20.73,57.12,8.09,3.03,4.49
14.10,14.1,25/11/2025 10:24:36,7.933,18.120,1181239.308,15.9,876915.0,582673.0,988374.77,282.92,1486.02,2119.69,479.55,5175.60,248.48,51.82,38.15,356.03,35.43,166.62,79.07,939.23,56.22,61.15,22.60,94.31,43.58,56.45,26.01,95.11,17.11,2063.39,184.79,2.91,0.41,54.69,5.57,7.56,2.01,0.00,0.00,12.72,2.06,11.13,3.20,1.61,3.68,12.78,18.81,55.38,7.49,4.12,3.92,21701.26,469.17,2464.23,4005.07,906.09,11072.34,531.59,118.74,87.41,888.98,88.46,200.71,95.24,1314.18,78.67,102.03,37.71,168.37,77.79,82.51,38.02,136.65,24.59,2950.13,264.21,3.71,0.53,68.46,6.97,9.41,2.50,0.00,0.00,15.04,2.43,15.04,4.32,2.15,4.90,14.27,21.00,59.65,8.07,4.67,4.45
14.20,14.2,25/11/2025 10:24:36,7.585,17.789,,15.9,879722.0,575814.0,988483.99,316.40,1460.54,1939.32,455.63,5263.11,251.02,28.67,49.97,316.40,36.02,220.00,85.55,911.54,56.04,43.80,18.49,90.42,43.53,65.80,27.61,20.45,4.28,2126.57,190.76,3.28,0.43,50.61,4.86,7.13,2.00,0.00,0.00,20.89,2.48,10.33,3.17,1.45,3.64,18.05,18.81,56.00,7.44,5.80,3.99,21449.20,524.67,2421.98,3664.27,860.90,11259.55,537.01,65.70,114.51,790.02,89.95,265.01,103.05,1275.44,78.40,73.08,30.85,161.42,77.71,96.17,40.36,29.38,6.15,3040.45,272.73,4.17,0.54,63.35,6.09,8.88,2.49,0.00,0.00,24.70,2.93,13.96,4.28,1.94,4.85,20.15,21.00,60.33,8.01,6.58,4.53
14.30,14.3,25/11/2025 10:24:36,7.533,16.862,,15.9,875229.0,565657.0,986827.01,347.18,1480.31,2321.57,507.85,6225.47,283.61,43.04,51.52,221.10,36.28,300.66,93.34,1056.56,57.75,119.84,31.63,98.54,43.83,81.73,30.71,78.65,20.75,2113.54,189.33,3.41,0.44,43.45,3.70,8.35,2.04,0.00,0.00,22.53,2.62,11.03,3.18,0.44,3.62,15.49,18.92,54.53,7.47,5.88,4.03,24595.93,575.73,2454.76,4386.52,959.56,13318.36,606.74,98.62,118.04,552.07,90.59,362.18,112.44,1478.35,80.80,199.95,52.77,175.92,78.24,119.45,44.88,113.01,29.82,3021.82,270.70,4.33,0.56,54.40,4.64,10.39,2.54,0.00,0.00,26.64,3.10,14.90,4.30,0.59,4.83,17.29,21.12,58.74,8.05,6.67,4.57
14.40,14.4,25/11/2025 10:24:36,7.469,16.660,,15.9,872754.0,566522.0,986396.22,438.86,1518.30,2109.23,483.52,7039.58,311.63,31.62,51.28,308.16,35.93,224.32,86.49,944.27,56.83,92.68,28.20,134.00,44.40,54.27,25.72,75.55,20.62,2004.41,179.01,3.37,0.44,38.98,3.09,7.44,2.00,0.00,0.00,21.59,2.57,12.87,3.18,1.47,3.64,4.48,18.89,51.00,7.36,5.64,4.08,25827.48,727.74,2517.76,3985.30,913.59,15060.02,666.67,72.45,117.50,769.46,89.71,270.22,104.18,1321.22,79.52,154.63,47.06,239.21,79.26,79.32,37.59,108.55,29.63,2865.79,255.94,4.29,0.55,48.79,3.87,9.26,2.49,0.00,0.00,25.53,3.04,17.39,4.30,1.96,4.85,5.00,21.09,54.94,7.93,6.40,4.63
14.50,14.5,25/11/2025 10:24:36,7.580,15.672,,16.0,866174.0,564243.0,989795.47,466.22,1486.49,1529.95,406.53,4394.23,221.30,23.17,49.49,283.30,35.24,249.54,87.35,878.10,54.80,56.28,21.13,114.71,42.95,55.34,25.46,82.82,20.54,1893.27,168.70,3.10,0.42,55.94,5.84,9.62,2.03,0.00,0.00,17.56,2.30,12.55,3.11,2.24,3.53,23.51,18.42,48.96,7.18,4.13,3.96,18770.10,773.13,2465.00,2890.79,768.12,9400.73,473.44,53.08,113.39,707.37,88.00,300.59,105.22,1228.65,76.68,93.90,35.26,204.78,76.68,80.88,37.21,118.99,29.52,2706.89,241.19,3.94,0.53,70.02,7.31,11.97,2.53,0.00,0.00,20.77,2.72,16.95,4.21,2.99,4.71,26.25,20.56,52.74,7.73,4.68,4.49
14.60,14.6,25/11/2025 10:24:36,7.533,16.601,1181238.245,16.0,844294.0,561954.0,991054.03,235.22,1471.82,1564.63,403.23,3952.43,204.08,127.12,75.46,235.40,34.82,165.80,76.09,829.59,53.42,41.46,17.20,111.23,42.04,68.30,27.44,75.21,19.78,1361.15,119.16,3.17,0.41,74.69,9.94,7.03,1.97,0.00,0.00,15.45,2.18,9.70,3.00,1.27,3.42,16.61,18.01,47.00,7.11,3.52,3.84,16675.71,390.07,2440.68,2956.32,761.88,8455.56,436.60,291.28,172.90,587.76,86.94,199.72,91.66,1160.77,74.74,69.17,28.69,198.57,75.06,99.82,40.11,108.06,28.42,1946.10,170.37,4.04,0.52,93.49,12.45,8.76,2.45,0.00,0.00,18.27,2.58,13.10,4.05,1.69,4.56,18.54,20.11,50.63,7.66,3.99,4.36
14.70,14.7,25/11/2025 10:24:36,7.704,17.725,,16.1,842337.0,560483.0,991290.66,291.33,1457.03,1424.91,384.05,3978.98,203.55,39.48,29.32,176.40,34.88,198.71,79.73,772.84,52.59,20.64,13.56,88.79,41.77,64.50,26.69,80.07,19.97,1357.57,118.84,3.32,0.41,112.57,20.79,6.84,1.89,0.00,0.00,12.99,1.98,8.35,2.98,0.31,3.44,16.78,18.01,48.97,7.13,4.97,3.74,16140.53,483.11,2416.15,2692.32,725.64,8512.37,435.46,90.46,67.18,440.45,87.09,239.37,96.04,1081.37,73.59,34.43,22.62,158.51,74.57,94.28,39.01,115.05,28.69,1940.98,169.91,4.22,0.53,140.92,26.02,8.52,2.36,0.00,0.00,15.36,2.34,11.28,4.02,0.41,4.58,18.74,20.11,52.75,7.68,5.64,4.24
14.80,14.8,25/11/2025 10:24:36,6.899,19.377,,16.1,837940.0,562244.0,988940.82,499.62,1451.69,1850.55,435.74,5417.62,252.95,154.99,88.99,336.50,34.10,15.52,25.09,808.75,52.94,27.36,13.63,68.03,41.68,47.55,23.99,74.28,19.86,1537.33,135.18,3.29,0.41,110.55,19.86,7.92,2.00,0.00,0.00,14.89,2.15,7.48,3.05,1.11,3.52,16.94,18.12,53.78,7.34,5.11,3.97,21066.40,828.51,2407.30,3496.55,823.31,11590.09,541.16,355.14,203.92,840.20,85.15,18.70,30.22,1131.61,74.08,45.66,22.74,121.44,74.41,69.50,35.06,106.73,28.54,2198.00,193.27,4.19,0.52,138.38,24.86,9.86,2.49,0.00,0.00,17.61,2.54,10.10,4.11,1.49,4.69,18.92,20.23,57.94,7.90,5.79,4.50
14.90,14.9,25/11/2025 10:24:36,8.190,22.026,,16.0,848497.0,568818.0,990933.79,256.55,1432.54,1478.93,392.79,3977.76,205.65,9.54,8.87,379.70,33.99,55.28,52.55,729.79,52.00,82.57,25.98,46.92,41.57,46.03,23.76,76.44,13.78,1770.43,157.07,3.30,0.42,63.11,7.31,8.00,1.95,0.00,0.00,12.76,2.03,9.09,3.05,2.48,3.56,0.39,18.22,53.41,7.30,3.71,3.87,16903.17,425.43,2375.54,2794.39,742.16,8509.77,439.96,21.87,20.32,948.08,84.87,66.59,63.30,1021.13,72.75,137.77,43.35,83.76,74.21,67.28,34.73,109.84,19.79,2531.26,224.57,4.20,0.54,79.00,9.15,9.96,2.43,0.00,0.00,15.09,2.40,12.28,4.12,3.31,4.75,0.44,20.34,57.53,7.86,4.21,4.39
15.00,15.0,25/11/2025 10:24:36,9.574,22.556,,16.0,853477.0,573715.0,989450.96,835.66,1424.49,1654.36,410.97,4203.92,212.84,97.91,60.50,277.91,34.50,284.59,89.12,804.31,53.51,77.35,25.09,83.06,42.32,60.11,26.19,56.03,10.47,1918.64,170.88,3.55,0.43,84.34,12.13,8.34,1.97,0.00,0.00,12.14,1.98,9.87,3.11,0.88,3.61,12.14,18.33,57.41,7.48,6.50,3.92,19312.66,1385.75,2362.19,3125.85,776.51,8993.59,455.34,224.35,138.62,693.92,86.14,342.82,107.35,1125.39,74.88,129.06,41.86,148.27,75.54,87.86,38.27,80.50,15.04,2743.16,244.32,4.51,0.55,105.58,15.19,10.39,2.45,0.00,0.00,14.36,2.34,13.33,4.21,1.18,4.81,13.56,20.46,61.85,8.06,7.37,4.44
15.10,15.1,25/11/2025 10:24:36,9.021,27.377,1181238.379,16.0,845600.0,570057.0,988646.77,255.27,1408.84,1754.10,424.81,5281.79,249.96,102.19,62.72,299.40,34.37,314.84,91.45,875.31,54.09,57.51,21.02,119.99,42.49,52.53,24.86,83.62,20.42,1977.65,176.31,3.52,0.43,65.88,7.74,7.19,2.04,0.00,0.00,14.51,2.15,9.32,3.13,0.86,3.65,17.15,18.18,54.39,7.49,6.21,3.93,21169.05,423.30,2336.24,3314.31,802.66,11299.51,534.74,234.17,143.71,747.57,85.81,379.25,110.16,1224.73,75.68,95.96,35.07,214.20,75.86,76.78,36.33,120.15,29.34,2827.53,252.08,4.48,0.54,82.47,9.69,8.95,2.54,0.00,0.00,17.16,2.54,12.59,4.23,1.15,4.87,19.15,20.29,58.59,8.07,7.04,4.46
15.20,15.2,25/11/2025 10:24:36,7.745,25.790,,16.0,853386.0,572006.0,987800.22,398.94,1382.48,1874.41,440.02,5486.74,256.96,41.93,49.45,234.08,34.89,308.77,91.81,935.44,55.12,46.64,18.71,92.34,42.40,73.25,28.61,78.43,20.23,2451.00,221.32,3.46,0.45,69.37,8.38,7.44,2.05,0.00,0.00,15.04,2.22,7.94,3.18,1.90,3.70,20.37,18.30,48.31,7.37,3.98,4.10,22480.07,661.56,2292.53,3541.63,831.40,11737.96,549.72,96.07,113.32,584.46,87.12,371.95,110.60,1308.88,77.13,77.82,31.22,164.85,75.70,107.06,41.81,112.70,29.07,3504.30,316.44,4.41,0.57,86.84,10.49,9.25,2.56,0.00,0.00,17.78,2.62,10.72,4.29,2.53,4.94,22.75,20.43,52.04,7.94,4.52,4.65
15.30,15.3,25/11/2025 10:24:36,7.981,28.107,,16.0,857102.0,569446.0,988080.25,467.69,1475.27,1806.23,432.74,4997.24,240.50,39.44,29.67,299.57,34.65,395.61,100.04,1027.34,56.05,101.71,28.54,128.89,43.20,35.46,22.63,56.13,10.51,2380.18,214.64,3.36,0.43,79.59,10.72,8.92,2.03,0.00,0.00,15.95,2.27,9.77,3.21,1.02,3.67,14.47,18.44,46.65,7.34,4.54,4.02,21786.81,775.56,2446.41,3412.80,817.64,10690.77,514.50,90.37,67.98,748.00,86.53,476.56,120.51,1437.46,78.42,169.71,47.63,230.10,77.12,51.83,33.08,80.65,15.10,3403.04,306.88,4.27,0.55,99.63,13.42,11.11,2.52,0.00,0.00,18.87,2.69,13.19,4.34,1.36,4.89,16.15,20.59,50.25,7.91,5.15,4.56
15.40,15.4,25/11/2025 10:24:36,7.246,18.915,,16.0,853068.0,562926.0,985943.06,306.19,1426.53,2194.24,484.47,6812.51,301.03,44.34,49.69,338.38,34.73,492.98,110.39,1191.90,58.35,106.98,29.34,104.20,43.16,67.19,27.73,27.04,5.41,2176.85,194.97,3.38,0.44,71.32,8.75,9.51,2.10,0.00,0.00,20.33,2.50,11.16,3.26,2.10,3.66,15.63,18.59,56.06,7.72,4.62,4.07,26280.35,507.74,2365.58,4145.93,915.39,14574.24,644.00,101.61,113.85,844.91,86.71,593.85,132.97,1667.72,81.64,178.50,48.96,186.01,77.05,98.21,40.53,38.85,7.77,3112.34,278.75,4.31,0.56,89.28,10.95,11.84,2.61,0.00,0.00,24.05,2.95,15.07,4.40,2.80,4.88,17.45,20.76,60.39,8.31,5.24,4.61
15.50,15.5,25/11/2025 10:24:36,5.864,15.344,,16.1,853737.0,553440.0,982140.03,287.73,1465.86,2556.32,537.98,9991.40,407.22,62.27,43.18,333.40,35.15,793.16,145.28,1221.10,59.47,96.20,28.40,114.11,44.38,41.29,24.02,81.41,21.06,2068.25,184.33,3.74,0.46,83.83,11.49,10.15,2.14,0.00,0.00,27.29,2.88,15.24,3.31,0.86,3.72,11.40,19.04,53.89,7.66,6.93,4.24,34074.89,477.13,2430.80,4830.07,1016.50,21374.95,871.19,142.68,98.94,832.46,87.76,955.44,175.01,1708.56,83.21,160.52,47.39,203.72,79.22,60.34,35.10,116.97,30.26,2957.07,263.55,4.76,0.58,104.93,14.38,12.64,2.66,0.00,0.00,32.27,3.40,20.59,4.47,1.15,4.95,12.73,21.26,58.06,8.25,7.87,4.81
15.60,15.6,25/11/2025 10:24:36,8.262,12.430,1181239.438,16.1,852373.0,556121.0,985669.60,153.41,1467.85,2078.33,473.10,7375.80,319.98,88.19,55.67,271.50,34.84,478.39,108.50,1192.29,58.00,185.43,37.50,97.20,43.30,60.03,26.50,2.79,0.61,2153.06,192.65,3.50,0.44,86.58,12.37,7.94,2.03,0.00,0.00,20.80,2.53,9.56,3.20,0.16,3.64,6.76,18.75,53.10,7.53,5.58,4.07,26969.64,254.40,2434.10,3926.93,893.90,15779.30,684.55,202.08,127.56,677.91,87.00,576.27,130.70,1668.26,81.16,309.39,62.56,173.53,77.30,87.73,38.74,4.01,0.87,3078.32,275.44,4.45,0.56,108.38,15.48,9.88,2.53,0.00,0.00,24.59,2.99,12.92,4.32,0.21,4.85,7.55,20.94,57.20,8.11,6.33,4.62
15.70,15.7,25/11/2025 10:24:36,8.371,10.379,,16.0,855666.0,568497.0,989052.31,325.24,1450.10,1772.94,428.48,4909.46,236.77,9.34,8.56,254.23,34.94,207.56,82.35,925.37,55.24,76.06,24.91,52.94,42.15,71.41,28.29,33.12,6.53,2119.36,189.90,3.48,0.43,87.55,12.89,6.73,1.97,0.00,0.00,12.98,2.04,9.40,3.16,0.61,3.63,12.13,18.41,50.54,7.34,7.25,4.02,20224.19,539.35,2404.66,3349.91,809.59,10502.98,506.54,21.41,19.61,634.78,87.24,250.03,99.20,1294.78,77.29,126.91,41.56,94.50,75.24,104.36,41.35,47.59,9.38,3030.14,271.51,4.42,0.55,109.60,16.14,8.38,2.45,0.00,0.00,15.35,2.41,12.69,4.27,0.81,4.85,13.55,20.56,54.45,7.91,8.22,4.56
15.80,15.8,25/11/2025 10:24:36,8.370,8.594,,15.9,858921.0,579830.0,988996.01,336.07,1450.16,1733.36,424.66,4485.22,222.57,128.16,75.55,347.14,34.45,256.68,86.72,813.07,53.71,46.44,18.95,88.31,42.80,53.49,25.22,79.75,20.41,2477.93,224.16,3.22,0.43,66.16,7.75,9.77,2.09,0.00,0.00,5.47,1.37,7.45,3.20,2.49,3.76,5.72,18.48,53.61,7.59,4.48,3.99,20193.94,557.30,2404.76,3275.12,802.37,9595.38,476.16,293.66,173.12,866.77,86.03,309.19,104.47,1137.65,75.16,77.49,31.62,157.65,76.41,78.17,36.86,114.59,29.32,3542.81,320.49,4.10,0.55,82.81,9.70,12.17,2.60,0.00,0.00,6.46,1.62,10.06,4.33,3.32,5.02,6.39,20.64,57.75,8.17,5.08,4.52
15.90,15.9,25/11/2025 10:24:36,8.495,9.917,,15.9,861996.0,585952.0,989120.80,916.19,1437.64,1818.00,434.57,4099.47,209.95,8.30,7.74,414.37,34.23,4.71,25.17,805.74,53.57,19.75,13.82,113.86,42.84,54.67,25.24,14.38,3.04,2416.02,218.33,3.38,0.43,92.47,14.19,6.81,2.01,0.00,0.00,3.81,1.24,5.12,3.13,3.05,3.80,21.08,18.32,55.47,7.57,2.56,3.97,19932.46,1519.30,2384.01,3435.04,821.11,8770.14,449.14,19.02,17.73,1034.63,85.47,5.67,30.33,1127.39,74.96,32.95,23.06,203.26,76.47,79.90,36.89,20.66,4.36,3454.30,312.15,4.30,0.55,115.75,17.76,8.48,2.51,0.00,0.00,4.51,1.46,6.91,4.23,4.06,5.07,23.53,20.46,59.75,8.15,2.91,4.51
16.00,16.0,25/11/2025 10:24:36,8.778,12.760,,15.9,866440.0,587517.0,988768.90,234.46,1453.56,1825.72,440.01,4569.55,226.55,66.94,45.37,278.41,34.99,117.79,69.92,839.96,54.59,78.21,25.33,74.39,42.42,72.20,28.48,87.94,15.71,2809.11,256.03,3.46,0.44,85.66,12.20,8.44,2.09,0.00,0.00,2.41,1.23,4.26,3.25,3.05,3.86,6.86,18.43,57.91,7.77,4.38,4.05,20501.24,388.80,2410.40,3449.64,831.37,9775.80,484.67,153.39,103.96,695.17,87.36,141.89,84.23,1175.28,76.38,130.50,42.26,132.80,75.72,105.53,41.63,126.35,22.57,4016.31,366.05,4.40,0.56,107.23,15.28,10.50,2.60,0.00,0.00,2.85,1.46,5.75,4.39,4.07,5.15,7.66,20.58,62.38,8.36,4.97,4.59
16.10,16.1,25/11/2025 10:24:36,8.456,10.249,1181237.920,15.9,861213.0,590455.0,990294.55,389.73,1459.49,1583.60,406.06,3776.75,198.55,16.31,14.27,306.73,34.39,69.09,57.33,785.54,53.35,27.18,13.77,88.05,42.17,47.11,24.02,82.34,20.32,2363.53,213.35,3.61,0.44,78.30,10.58,8.99,2.10,0.00,0.00,3.25,1.19,2.26,3.18,3.39,3.83,16.59,18.22,49.87,7.49,3.21,3.99,17673.85,646.27,2420.23,2992.15,767.24,8079.74,424.76,37.37,32.71,765.88,85.86,83.23,69.06,1099.13,74.65,45.35,22.98,157.19,75.29,68.86,35.11,118.31,29.20,3379.24,305.03,4.60,0.57,98.02,13.24,11.20,2.62,0.00,0.00,3.84,1.41,3.05,4.30,4.52,5.10,18.53,20.35,53.72,8.07,3.64,4.53
16.20,16.2,25/11/2025 10:24:36,7.915,8.530,,15.9,858736.0,589634.0,989118.60,742.71,1438.57,1814.00,436.34,4392.00,220.04,32.26,25.29,238.94,34.98,149.38,74.67,765.73,53.35,43.50,18.09,77.59,42.44,54.40,25.31,27.86,5.64,2381.56,215.04,3.32,0.44,77.63,10.37,9.89,2.05,0.00,0.00,3.04,1.22,3.42,3.17,1.77,3.81,10.14,18.40,49.70,7.36,2.55,3.99,19904.64,1231.61,2385.54,3427.48,824.44,9395.95,470.74,73.91,57.96,596.62,87.33,179.94,89.94,1071.41,74.64,72.57,30.18,138.51,75.76,79.52,36.99,40.04,8.10,3405.02,307.46,4.23,0.55,97.18,12.98,12.32,2.55,0.00,0.00,3.59,1.44,4.63,4.28,2.36,5.08,11.32,20.54,53.54,7.93,2.90,4.53
16.30,16.3,25/11/2025 10:24:36,7.085,10.841,,15.9,860955.0,588967.0,989151.74,596.25,1447.09,1672.42,417.76,4462.25,222.60,60.40,41.91,333.97,34.87,35.60,42.21,779.30,53.18,55.61,20.84,99.85,42.49,59.96,26.18,51.21,9.71,2470.77,223.53,3.29,0.44,77.20,10.24,7.82,2.01,0.00,0.00,3.65,1.24,4.14,3.20,1.41,3.82,15.37,18.30,53.38,7.56,4.41,4.03,19967.37,988.75,2399.67,3159.97,789.33,9546.24,476.21,138.41,96.03,833.89,87.07,42.88,50.84,1090.40,74.41,92.78,34.77,178.25,75.85,87.64,38.26,73.58,13.96,3532.57,319.60,4.19,0.55,96.63,12.82,9.73,2.50,0.00,0.00,4.32,1.47,5.59,4.32,1.88,5.10,17.16,20.43,57.50,8.14,5.00,4.57
16.40,16.4,25/11/2025 10:24:36,6.505,8.728,,15.9,862341.0,591145.0,988908.71,660.97,1401.19,1695.08,416.53,4503.85,223.65,48.65,35.38,302.44,35.01,188.44,79.89,746.02,53.21,51.89,20.19,81.77,42.55,56.85,25.73,3.23,0.71,2575.66,233.61,3.62,0.45,88.40,13.02,7.20,2.06,0.00,0.00,3.56,1.22,3.64,3.18,1.68,3.86,13.22,18.43,51.00,7.55,4.12,3.95,20284.35,1096.08,2323.56,3202.79,787.02,9635.24,478.46,111.47,81.06,755.16,87.41,226.99,96.24,1043.83,74.45,86.58,33.69,145.97,75.97,83.09,37.61,4.64,1.03,3682.54,334.00,4.60,0.57,110.66,16.30,8.96,2.56,0.00,0.00,4.21,1.45,4.91,4.29,2.24,5.14,14.76,20.57,54.94,8.13,4.68,4.49
16.50,16.5,25/11/2025 10:24:36,7.300,9.124,,15.8,870349.0,592774.0,988102.61,704.67,1454.27,2031.23,466.90,4808.76,235.58,37.03,28.98,253.97,35.61,204.20,81.93,821.81,54.30,41.19,17.64,73.48,42.98,63.38,27.04,22.66,4.67,2676.90,243.30,3.45,0.44,57.49,6.01,9.86,2.10,0.00,0.00,5.69,1.42,3.13,3.28,1.32,3.87,15.44,18.65,56.27,7.67,5.45,4.09,21746.64,1168.54,2411.58,3837.93,882.19,10287.54,503.98,84.86,66.40,634.14,88.92,245.98,98.69,1149.88,75.97,68.72,29.43,131.18,76.73,92.63,39.52,32.56,6.71,3827.28,347.86,4.39,0.56,71.96,7.52,12.27,2.62,0.00,0.00,6.73,1.68,4.23,4.42,1.76,5.16,17.24,20.83,60.62,8.27,6.18,4.64
16.60,16.6,25/11/2025 10:24:36,8.557,9.788,1181238.444,15.8,869298.0,597898.0,988569.31,1012.19,1454.80,1730.32,423.44,4345.56,217.91,51.18,36.49,339.51,34.72,199.78,81.55,790.85,53.86,28.36,13.99,100.85,43.15,58.61,26.15,75.82,20.45,2544.25,230.71,3.76,0.46,66.63,7.84,9.11,2.06,0.00,0.00,3.36,1.24,4.01,3.24,1.70,3.88,10.12,18.54,52.00,7.61,2.71,4.01,20797.86,1678.49,2412.46,3269.38,800.08,9296.61,466.18,117.26,83.60,847.73,86.68,240.65,98.23,1106.57,75.36,47.32,23.34,180.03,77.03,85.66,38.22,108.94,29.38,3637.63,329.85,4.78,0.59,83.41,9.82,11.35,2.57,0.00,0.00,3.97,1.46,5.42,4.38,2.26,5.18,11.29,20.70,56.01,8.19,3.07,4.55
16.70,16.7,25/11/2025 10:24:36,9.083,8.797,,15.8,877367.0,607354.0,989157.98,491.03,1496.03,1694.08,422.49,4122.97,210.98,87.93,56.06,305.38,35.32,129.74,72.59,823.06,54.23,79.41,25.83,53.80,42.78,39.14,23.37,28.73,5.90,2845.27,259.80,3.73,0.46,53.94,5.39,7.98,2.10,0.00,0.00,1.77,1.24,3.73,3.29,2.75,4.00,6.35,18.72,58.19,7.80,3.06,4.11,19668.72,814.26,2480.83,3200.90,798.28,8820.41,451.36,201.47,128.45,762.50,88.19,156.29,87.44,1151.63,75.88,132.50,43.10,96.05,76.37,57.20,34.15,41.28,8.47,4068.00,371.45,4.74,0.58,67.53,6.75,9.93,2.62,0.00,0.00,2.09,1.46,5.04,4.45,3.67,5.34,7.09,20.90,62.68,8.40,3.47,4.66
16.80,16.8,25/11/2025 10:24:36,9.092,7.937,,15.7,884137.0,611943.0,988511.37,513.93,1506.91,1301.44,379.33,4487.13,225.49,87.14,56.51,375.35,35.28,186.31,80.38,856.75,55.00,42.57,18.20,73.75,43.25,73.36,28.99,52.43,10.05,3279.58,301.74,3.74,0.47,69.84,8.39,7.60,2.11,0.00,0.00,2.54,1.26,3.54,3.34,2.61,4.06,10.67,18.77,55.57,7.88,2.77,4.15,20732.85,852.23,2498.87,2459.02,716.74,9599.48,482.40,199.67,129.49,937.20,88.10,224.43,96.83,1198.77,76.96,71.03,30.37,131.66,77.20,107.22,42.36,75.34,14.44,4688.95,431.41,4.76,0.59,87.42,10.50,9.46,2.62,0.00,0.00,3.01,1.50,4.78,4.51,3.48,5.42,11.92,20.95,59.86,8.49,3.15,4.71
16.90,16.9,25/11/2025 10:24:36,8.733,10.188,,15.7,882612.0,612089.0,989670.80,228.85,1537.47,1429.00,397.21,4135.28,212.56,23.51,19.86,307.97,35.30,77.35,61.57,769.60,53.90,28.43,14.09,85.76,43.21,40.71,23.58,82.50,20.83,2962.09,271.15,3.32,0.44,70.68,8.68,6.98,2.03,0.00,0.00,3.44,1.24,1.83,3.27,2.26,4.02,12.63,18.70,54.07,7.66,2.93,4.03,18719.36,379.50,2549.54,2700.05,750.51,8846.75,454.73,53.86,45.51,768.97,88.14,93.18,74.17,1076.83,75.41,47.44,23.51,153.09,77.14,59.50,34.46,118.54,29.93,4235.03,387.68,4.23,0.57,88.48,10.86,8.69,2.53,0.00,0.00,4.07,1.47,2.48,4.42,3.02,5.36,14.10,20.87,58.25,8.25,3.32,4.57
17.00,17.0,25/11/2025 10:24:36,9.012,9.129,,15.7,887155.0,613567.0,989550.56,244.30,1544.89,1613.08,419.63,3808.84,201.08,47.21,50.87,382.10,35.34,0.00,0.00,753.27,54.04,40.96,17.89,44.31,42.98,51.52,25.18,60.40,11.49,3252.29,299.32,3.50,0.46,72.70,9.08,8.38,2.06,0.00,0.00,2.43,1.25,3.08,3.29,1.85,4.03,3.14,18.81,52.57,7.76,3.51,4.11,18856.55,405.12,2561.85,3047.86,792.88,8148.38,430.18,108.17,116.56,954.07,88.24,0.00,0.00,1053.98,75.61,68.35,29.85,79.11,76.73,75.30,36.81,86.79,16.51,4649.94,427.94,4.45,0.58,91.00,11.36,10.43,2.56,0.00,0.00,2.87,1.48,4.16,4.45,2.46,5.38,3.51,21.01,56.63,8.36,3.98,4.67
17.10,17.1,25/11/2025 10:24:36,9.390,8.469,1181238.510,15.7,883754.0,613148.0,989709.86,328.40,1504.48,1432.81,394.07,3658.84,196.08,95.00,59.92,246.84,35.59,135.25,73.42,690.07,53.15,23.29,14.06,77.75,43.12,40.29,23.49,79.85,20.70,3335.16,307.38,3.97,0.48,51.52,4.94,8.20,2.09,0.00,0.00,2.18,1.25,1.27,3.28,2.77,4.02,9.19,18.68,63.34,7.99,4.13,4.06,18332.43,544.58,2494.85,2707.25,744.58,7827.48,419.49,217.67,137.29,616.33,88.86,162.93,88.44,965.55,74.36,38.86,23.47,138.80,76.99,58.89,34.34,114.74,29.75,4768.43,439.47,5.05,0.60,64.50,6.18,10.20,2.60,0.00,0.00,2.58,1.48,1.71,4.42,3.70,5.36,10.26,20.85,68.23,8.60,4.69,4.60
17.20,17.2,25/11/2025 10:24:36,8.978,7.675,,15.7,890128.0,614561.0,989252.95,237.97,1516.51,1728.53,431.19,3511.45,191.07,65.28,44.62,256.98,35.78,101.09,67.28,777.65,54.10,31.21,14.84,66.45,43.19,41.82,23.81,63.47,12.02,3747.08,347.47,3.61,0.47,37.51,2.87,5.97,2.08,0.00,0.00,1.59,1.25,2.93,3.34,1.98,4.09,6.35,18.79,55.25,7.95,2.87,4.20,18991.60,394.62,2514.80,3265.99,814.72,7512.18,408.76,149.58,102.24,641.66,89.35,121.77,81.05,1088.09,75.70,52.08,24.77,118.63,77.11,61.12,34.80,91.20,17.27,5357.36,496.79,4.59,0.60,46.95,3.59,7.43,2.59,0.00,0.00,1.88,1.48,3.96,4.51,2.64,5.45,7.09,20.98,59.52,8.56,3.25,4.76
17.30,17.3,25/11/2025 10:24:36,8.697,7.804,,15.7,896370.0,619067.0,988569.96,479.21,1513.37,1614.78,417.86,3702.73,198.11,42.12,50.50,408.29,35.30,161.11,78.52,722.54,54.09,6.93,14.19,66.13,43.62,46.85,24.65,136.29,24.14,3902.83,362.61,3.42,0.47,44.20,3.75,8.94,2.16,0.00,0.00,2.23,1.25,3.99,3.40,1.75,4.12,18.19,18.97,54.43,7.89,3.07,4.26,20225.72,794.67,2509.58,3051.07,789.53,7921.37,423.83,96.52,115.71,1019.47,88.15,194.07,94.58,1010.98,75.68,11.57,23.67,118.05,77.87,68.47,36.02,195.83,34.68,5580.05,518.43,4.36,0.60,55.32,4.69,11.13,2.69,0.00,0.00,2.64,1.48,5.39,4.59,2.33,5.50,20.31,21.18,58.63,8.50,3.49,4.84
17.40,17.4,25/11/2025 10:24:36,8.700,16.206,,15.7,896710.0,616314.0,988416.64,226.12,1518.06,1604.82,422.17,3854.45,204.46,60.32,42.76,326.47,35.66,130.75,73.63,782.85,54.41,29.38,14.33,71.17,43.68,43.86,24.24,108.60,19.51,4193.33,390.98,3.63,0.48,57.53,5.86,7.09,2.17,0.00,0.00,2.25,1.29,5.74,3.49,3.29,4.17,10.13,18.98,58.51,8.13,3.07,4.22,20429.11,374.97,2517.36,3032.25,797.68,8245.95,437.40,138.22,97.98,815.17,89.03,157.51,88.69,1095.37,76.14,49.01,23.91,127.06,77.98,64.10,35.42,156.03,28.04,5995.38,559.01,4.62,0.61,72.01,7.33,8.83,2.70,0.00,0.00,2.66,1.52,7.75,4.71,4.39,5.57,11.32,21.19,63.03,8.76,3.48,4.79
17.50,17.5,25/11/2025 10:24:36,8.832,8.468,,15.7,889577.0,616727.0,988741.49,639.93,1545.43,1552.30,409.14,3892.01,203.89,33.02,26.57,361.55,35.45,226.67,85.70,770.28,54.14,47.47,19.57,65.03,43.34,48.16,24.73,139.66,24.56,3319.28,305.70,3.57,0.47,72.04,8.87,8.67,2.19,0.00,0.00,2.44,1.27,2.64,3.34,1.99,4.10,8.00,18.86,59.31,7.98,4.47,4.29,20054.37,1061.18,2562.74,2933.01,773.06,8326.32,436.20,75.65,60.88,902.77,88.51,273.05,103.23,1077.78,75.75,79.21,32.64,116.10,77.37,70.40,36.14,200.68,35.29,4745.71,437.07,4.54,0.59,90.17,11.10,10.79,2.72,0.00,0.00,2.88,1.50,3.57,4.51,2.65,5.47,8.94,21.06,63.89,8.60,5.07,4.86
17.60,17.6,25/11/2025 10:24:36,9.149,5.688,1181239.571,15.7,886859.0,616905.0,989104.53,845.69,1437.37,1835.60,437.68,3852.33,202.32,89.25,57.34,278.91,35.68,82.42,63.53,743.96,54.19,19.06,14.13,64.22,43.28,60.10,26.67,8.69,1.93,2820.75,257.57,3.48,0.46,103.81,17.34,7.10,2.11,0.00,0.00,3.07,1.24,3.40,3.33,1.71,4.01,14.73,18.84,52.44,7.75,4.73,4.13,19665.02,1402.39,2383.55,3468.30,826.98,8241.42,432.82,204.50,131.39,696.41,89.10,99.29,76.53,1040.96,75.82,31.80,23.58,114.64,77.27,87.83,38.97,12.49,2.77,4032.95,368.26,4.43,0.58,129.94,21.71,8.84,2.63,0.00,0.00,3.63,1.47,4.60,4.50,2.28,5.35,16.45,21.03,56.49,8.35,5.37,4.69
17.70,17.7,25/11/2025 10:24:36,8.873,12.033,,15.7,889294.0,617852.0,989547.58,410.55,1489.81,1625.51,418.81,3923.15,206.38,16.55,14.94,370.71,35.30,26.14,35.54,796.71,54.53,26.01,14.09,99.92,43.43,63.10,27.08,68.19,12.81,2820.27,257.50,3.26,0.45,115.32,20.91,7.66,2.11,0.00,0.00,2.17,1.25,6.08,3.32,1.59,4.03,17.52,18.70,47.67,7.66,4.34,4.19,18945.89,680.81,2470.51,3071.35,791.32,8392.93,441.51,37.93,34.22,925.62,88.15,31.48,42.81,1114.76,76.30,43.40,23.50,178.38,77.53,92.22,39.57,97.98,18.41,4032.27,368.16,4.15,0.57,144.36,26.17,9.53,2.63,0.00,0.00,2.56,1.48,8.22,4.48,2.13,5.38,19.56,20.88,51.36,8.25,4.92,4.76
17.80,17.8,25/11/2025 10:24:36,8.536,6.679,,15.7,892740.0,615649.0,989332.39,420.39,1525.91,1681.90,428.97,4181.84,215.16,54.66,39.65,144.68,36.32,64.64,57.15,759.43,54.38,44.12,18.67,125.51,43.80,84.47,31.10,86.69,15.78,2817.96,257.24,2.99,0.44,108.83,18.82,7.38,2.09,0.00,0.00,2.81,1.27,5.10,3.30,1.79,3.99,15.61,18.68,53.69,7.82,3.11,4.21,19263.61,697.13,2530.38,3177.89,810.52,8946.36,460.30,125.24,90.84,361.25,90.70,77.86,68.85,1062.60,76.09,73.62,31.15,224.06,78.19,123.46,45.45,124.56,22.67,4028.97,367.79,3.80,0.56,136.23,23.56,9.18,2.61,0.00,0.00,3.33,1.51,6.89,4.46,2.39,5.33,17.43,20.86,57.84,8.42,3.53,4.78
17.90,17.9,25/11/2025 10:24:36,8.700,7.470,,15.7,893593.0,615400.0,989339.60,356.39,1492.67,1730.32,432.65,3878.80,204.55,26.46,22.37,326.00,35.70,113.62,71.05,715.49,54.08,40.62,17.81,82.10,43.63,46.38,24.49,103.64,18.62,3036.87,278.45,3.33,0.46,118.71,21.90,7.67,2.16,0.00,0.00,2.39,1.26,3.81,3.35,4.14,4.05,6.67,18.90,53.25,7.82,3.74,4.12,19188.95,591.00,2475.26,3269.37,817.48,8298.05,437.61,60.63,51.27,814.00,89.14,136.86,85.58,1001.11,75.67,67.77,29.71,146.57,77.89,67.79,35.79,148.91,26.76,4341.95,398.11,4.24,0.59,148.60,27.42,9.55,2.69,0.00,0.00,2.83,1.49,5.15,4.52,5.52,5.40,7.45,21.10,57.36,8.43,4.24,4.68
18.00,18.0,25/11/2025 10:24:36,8.800,7.671,,15.7,893118.0,614510.0,989289.85,419.17,1483.77,1663.55,421.14,3799.50,200.90,7.45,7.15,271.81,35.72,122.25,72.05,788.90,54.39,27.02,14.27,51.66,43.17,63.32,27.18,143.46,25.22,3164.70,290.78,3.41,0.46,99.83,16.00,8.87,2.16,0.00,0.00,2.58,1.25,3.46,3.35,1.82,4.01,5.33,18.84,57.86,7.93,4.18,4.18,19097.81,695.11,2460.50,3143.22,795.73,8128.40,429.79,17.06,16.37,678.69,89.18,147.27,86.79,1103.83,76.11,45.09,23.80,92.23,77.07,92.54,39.72,206.12,36.24,4524.72,415.74,4.35,0.58,124.97,20.03,11.04,2.69,0.00,0.00,3.05,1.47,4.68,4.53,2.43,5.35,5.95,21.04,62.33,8.54,4.74,4.74
18.10,18.1,25/11/2025 10:24:36,9.000,7.402,1181240.431,15.7,892881.0,615162.0,988211.60,513.89,1533.26,1793.99,441.12,3907.94,204.75,53.04,38.47,298.37,35.62,134.74,74.59,764.71,54.54,24.93,14.16,67.95,43.32,51.38,25.22,151.61,26.61,3822.60,354.69,3.57,0.48,106.78,17.73,7.03,2.17,0.00,0.00,3.00,1.32,5.45,3.43,2.84,4.19,14.40,18.83,56.42,8.04,3.77,4.29,20865.02,852.16,2542.57,3389.68,833.49,8360.40,438.02,121.53,88.14,744.99,88.95,162.30,89.86,1069.99,76.31,41.59,23.63,121.31,77.33,75.09,36.86,217.84,38.23,5465.34,507.12,4.54,0.61,133.66,22.19,8.75,2.70,0.00,0.00,3.55,1.56,7.37,4.63,3.79,5.59,16.07,21.02,60.77,8.66,4.28,4.87
18.20,18.2,25/11/2025 10:24:36,9.229,5.950,,15.7,894200.0,613966.0,988388.37,490.89,1560.10,1528.04,407.73,3890.24,205.27,137.01,82.18,353.67,35.60,187.24,81.80,694.37,53.64,23.66,14.17,86.35,43.56,63.03,27.13,219.84,38.93,3737.34,346.40,3.50,0.48,101.91,16.31,8.39,2.16,0.00,0.00,3.12,1.30,3.55,3.38,2.28,4.10,14.52,18.82,58.77,8.08,3.90,4.26,20600.89,814.03,2587.08,2887.18,770.39,8322.53,439.14,313.95,188.30,883.09,88.88,225.55,98.53,971.56,75.06,39.48,23.65,154.15,77.76,92.12,39.66,315.87,55.94,5343.43,495.27,4.46,0.60,127.57,20.42,10.45,2.69,0.00,0.00,3.69,1.54,4.79,4.57,3.04,5.46,16.21,21.01,63.30,8.71,4.42,4.83
18.30,18.3,25/11/2025 10:24:36,9.123,7.338,,15.7,894438.0,614101.0,988418.67,429.79,1495.64,1795.93,438.78,3812.27,202.16,107.65,66.81,307.44,35.69,112.26,69.63,741.43,53.74,29.06,14.14,101.59,43.57,69.37,28.16,222.28,39.32,3681.87,340.96,3.46,0.48,74.09,9.23,7.41,2.17,0.00,0.00,2.32,1.29,2.18,3.42,2.62,4.15,17.14,18.72,57.28,8.05,3.90,4.36,20564.27,712.71,2480.19,3393.34,829.05,8155.71,432.49,246.66,153.08,767.65,89.11,135.22,83.88,1037.41,75.19,48.48,23.60,181.36,77.77,101.39,41.16,319.38,56.50,5264.14,487.49,4.40,0.61,92.75,11.56,9.22,2.70,0.00,0.00,2.74,1.53,2.95,4.62,3.50,5.54,19.13,20.91,61.71,8.67,4.42,4.95
18.40,18.4,25/11/2025 10:24:36,9.015,0.859,,15.7,894422.0,614202.0,989822.72,354.21,1508.34,1828.96,444.91,3510.11,191.56,27.53,22.98,316.83,35.74,86.45,64.53,694.93,53.32,24.07,14.18,41.67,43.38,27.94,22.37,145.86,25.81,2956.10,270.77,3.81,0.47,84.33,11.92,7.62,2.05,0.00,0.00,2.81,1.24,2.18,3.31,1.27,4.01,5.73,19.00,50.47,7.62,4.42,4.14,18268.14,587.38,2501.25,3455.76,840.64,7509.31,409.80,63.08,52.66,791.10,89.24,104.13,77.74,972.35,74.60,40.16,23.67,74.38,77.44,40.83,32.69,209.57,37.09,4226.46,387.13,4.85,0.60,105.57,14.93,9.48,2.55,0.00,0.00,3.32,1.47,2.94,4.47,1.69,5.35,6.39,21.22,54.36,8.21,5.02,4.70
18.50,18.5,25/11/2025 10:49:09,11.382,6.676,,15.7,900643.0,615880.0,988531.35,526.55,1440.70,1713.61,427.50,3937.44,207.19,60.60,43.51,300.71,36.31,111.73,71.21,730.01,54.20,26.76,14.23,101.53,43.79,54.80,25.82,177.82,31.33,3563.62,329.55,3.98,0.49,64.21,7.18,9.07,2.15,0.00,0.00,2.30,1.27,3.36,3.41,2.23,4.12,15.94,18.85,58.64,8.01,3.73,4.24,20428.92,873.17,2389.08,3237.81,807.74,8423.50,443.25,138.86,99.69,750.84,90.66,134.59,85.78,1021.43,75.84,44.65,23.74,181.25,78.18,80.09,37.74,255.50,45.02,5095.07,471.17,5.07,0.62,80.37,8.99,11.29,2.68,0.00,0.00,2.72,1.50,4.54,4.60,2.97,5.49,17.79,21.05,63.17,8.63,4.23,4.81
18.60,18.6,25/11/2025 10:49:28,10.255,6.806,1181239.375,15.7,893998.0,615719.0,989621.83,266.35,1528.54,1239.05,372.29,3562.45,193.59,102.26,64.64,337.75,35.58,96.36,67.17,690.33,53.56,27.27,14.12,105.00,43.53,59.98,26.52,251.22,45.05,3486.98,322.14,3.44,0.46,54.65,5.44,6.72,2.09,0.00,0.00,2.67,1.27,2.34,3.39,3.48,4.10,13.85,18.69,60.65,8.02,5.37,4.25,18409.79,441.68,2534.73,2341.14,703.43,7621.27,414.16,234.31,148.12,843.34,88.85,116.07,80.91,965.91,74.95,45.50,23.56,187.45,77.71,87.67,38.75,360.97,64.73,4985.49,460.58,4.38,0.59,68.41,6.81,8.37,2.60,0.00,0.00,3.15,1.50,3.16,4.58,4.63,5.47,15.46,20.87,65.33,8.64,6.09,4.82
18.70,18.7,25/11/2025 10:49:48,9.088,7.275,,15.7,894613.0,616114.0,988829.27,938.44,1521.45,1501.32,400.81,3588.09,193.79,86.43,56.27,395.27,35.45,136.99,75.11,699.43,53.85,22.27,14.20,78.80,43.62,53.80,25.66,258.03,46.40,3231.19,297.23,3.53,0.47,80.18,10.75,8.59,2.20,0.00,0.00,2.80,1.26,4.11,3.35,2.90,4.07,17.87,18.90,56.92,7.95,3.76,4.16,19858.48,1556.20,2522.98,2836.69,757.31,7676.12,414.59,198.04,128.93,986.95,88.52,165.02,90.47,978.65,75.35,37.16,23.69,140.68,77.87,78.64,37.51,370.75,66.67,4619.77,424.96,4.50,0.59,100.37,13.46,10.69,2.74,0.00,0.00,3.32,1.49,5.55,4.53,3.86,5.43,19.95,21.11,61.31,8.57,4.27,4.72
18.80,18.8,25/11/2025 10:50:07,7.458,9.521,,15.7,893264.0,615285.0,989514.45,346.80,1502.64,1588.93,413.78,3728.44,198.55,98.95,62.32,384.65,35.37,92.62,66.28,737.53,53.97,23.76,14.16,83.50,43.57,53.58,25.64,213.49,37.90,2966.24,271.62,3.76,0.47,80.64,10.96,8.40,2.14,0.00,0.00,3.17,1.26,1.79,3.30,2.27,4.04,9.15,18.85,54.89,7.87,2.98,4.10,18897.24,575.09,2491.79,3002.23,781.82,7976.37,424.77,226.74,142.79,960.42,88.31,111.57,79.84,1031.95,75.52,39.65,23.63,149.07,77.77,78.30,37.47,306.75,54.46,4240.97,388.34,4.79,0.60,100.95,13.72,10.46,2.67,0.00,0.00,3.74,1.49,2.42,4.45,3.03,5.38,10.21,21.04,59.13,8.47,3.38,4.65
18.90,18.9,25/11/2025 10:50:26,6.363,6.609,,15.7,889253.0,618020.0,989701.54,278.90,1470.53,1923.41,455.14,3632.80,194.76,44.44,33.45,324.83,35.46,32.19,40.37,694.74,53.33,24.29,14.11,100.43,43.42,64.60,27.32,192.68,33.96,2810.42,256.56,3.25,0.44,89.39,13.24,7.99,2.13,0.10,0.17,2.90,1.25,3.86,3.28,1.70,3.99,6.96,18.66,55.41,7.65,3.15,4.06,18609.57,462.50,2438.55,3634.21,859.97,7771.77,416.66,101.82,76.66,811.06,88.54,38.78,48.63,972.08,74.63,40.53,23.54,179.29,77.51,94.42,39.93,276.85,48.80,4018.18,366.81,4.14,0.57,111.90,16.58,9.95,2.65,0.13,0.22,3.43,1.47,5.22,4.44,2.27,5.32,7.78,20.83,59.68,8.24,3.57,4.61
19.00,19.0,25/11/2025 10:50:56,6.975,7.402,,15.7,887181.0,616313.0,990007.83,875.81,1517.95,1513.68,403.49,3445.16,188.44,91.08,58.60,331.63,35.50,98.29,67.02,684.10,53.14,20.50,14.11,68.25,43.19,60.65,26.64,158.68,27.88,2483.31,225.15,3.50,0.46,72.92,9.29,7.65,2.08,0.00,0.00,2.42,1.22,4.67,3.32,3.51,3.95,8.95,18.75,54.82,7.64,2.61,4.01,18009.33,1452.33,2517.18,2860.03,762.38,7370.36,403.14,208.70,134.28,828.05,88.64,118.40,80.74,957.19,74.35,34.20,23.54,121.84,77.11,88.64,38.93,228.00,40.05,3550.50,321.91,4.46,0.58,91.28,11.63,9.52,2.58,0.00,0.00,2.86,1.44,6.31,4.48,4.68,5.26,9.99,20.94,59.05,8.23,2.96,4.54
19.10,19.1,25/11/2025 10:51:15,8.597,8.531,1181239.043,15.7,879714.0,610691.0,989984.81,637.79,1504.36,1438.27,392.88,3599.94,193.94,43.00,50.21,313.78,35.12,103.62,67.93,700.15,52.95,26.56,13.95,111.92,43.26,45.98,24.19,173.62,30.44,2628.07,238.93,3.60,0.45,97.94,15.68,7.09,2.11,0.00,0.00,3.38,1.24,2.86,3.23,2.22,3.95,16.78,18.56,54.14,7.72,4.46,4.10,18010.37,1057.64,2494.65,2717.56,742.33,7701.48,414.91,98.53,115.06,783.49,87.70,124.82,81.83,979.65,74.09,44.32,23.28,199.80,77.23,67.21,35.35,249.46,43.73,3757.46,341.61,4.58,0.58,122.60,19.63,8.82,2.62,0.00,0.00,4.00,1.46,3.87,4.36,2.96,5.26,18.73,20.72,58.32,8.32,5.07,4.65
19.20,19.2,25/11/2025 10:51:35,9.994,7.602,,15.7,883091.0,610312.0,989738.24,349.48,1465.33,1617.17,415.09,3635.50,194.44,161.93,93.91,291.72,34.90,114.58,69.94,689.81,53.24,55.38,21.28,88.65,42.93,65.95,27.49,198.91,35.02,2824.08,257.82,3.57,0.45,85.03,12.09,8.46,2.07,0.00,0.00,1.66,1.23,1.68,3.28,2.58,3.98,8.55,18.57,54.03,7.66,3.06,4.15,18486.25,579.54,2429.92,3055.57,784.29,7777.56,415.98,371.04,215.17,728.39,87.14,138.02,84.25,965.19,74.49,92.39,35.50,158.25,76.65,96.39,40.17,285.80,50.32,4037.71,368.61,4.54,0.57,106.44,15.13,10.53,2.57,0.00,0.00,1.97,1.46,2.26,4.44,3.44,5.30,9.55,20.73,58.20,8.25,3.47,4.71
19.30,19.3,25/11/2025 10:51:54,10.977,6.942,,15.7,884004.0,608503.0,989683.09,425.28,1493.72,1775.06,433.51,3770.21,198.46,146.48,85.73,251.19,35.47,160.45,77.48,693.22,53.13,20.22,14.06,61.59,43.20,56.42,25.95,174.63,30.63,2610.87,237.30,3.38,0.44,86.56,12.55,8.27,2.02,0.00,0.00,3.11,1.23,1.55,3.24,2.06,3.92,8.11,18.78,52.63,7.52,5.62,4.08,18664.48,705.23,2477.00,3353.91,819.09,8065.73,424.58,335.64,196.44,627.21,88.58,193.28,93.34,969.95,74.34,33.73,23.46,109.95,77.12,82.46,37.92,250.91,44.01,3732.88,339.28,4.30,0.56,108.35,15.71,10.29,2.52,0.00,0.00,3.68,1.45,2.10,4.38,2.75,5.23,9.06,20.97,56.70,8.10,6.37,4.63
19.40,19.4,25/11/2025 10:52:14,10.215,7.469,,15.8,874467.0,601284.0,989844.62,805.31,1411.64,1682.40,417.45,3524.61,190.05,89.23,56.62,304.37,34.81,124.83,71.59,696.06,52.94,22.08,13.94,92.66,42.95,62.07,26.71,136.03,23.86,2456.16,222.39,3.44,0.44,66.56,7.88,8.22,2.03,0.06,0.16,3.68,1.22,2.95,3.17,1.84,3.84,15.80,18.51,53.47,7.46,3.55,3.98,18331.51,1335.43,2340.88,3178.84,788.76,7540.33,406.57,204.47,129.74,759.98,86.93,150.37,86.23,973.93,74.07,36.84,23.25,165.41,76.67,90.72,39.03,195.46,34.28,3511.68,317.96,4.38,0.56,83.32,9.87,10.23,2.53,0.08,0.22,4.35,1.44,3.98,4.28,2.45,5.12,17.64,20.67,57.59,8.04,4.03,4.52
19.50,19.5,25/11/2025 10:52:43,9.874,6.483,,15.8,868373.0,598901.0,990736.32,307.57,1443.91,1640.27,415.06,3677.56,195.53,57.86,40.67,363.57,34.46,0.00,0.00,646.27,51.95,40.33,17.23,83.42,42.42,64.37,26.96,38.12,7.52,2206.63,198.54,3.55,0.44,50.72,4.94,8.27,2.03,0.00,0.00,2.61,1.19,3.41,3.15,1.97,3.75,12.19,18.35,51.03,7.35,3.96,3.94,17103.11,510.04,2394.41,3099.24,784.25,7867.54,418.31,132.58,93.19,907.79,86.05,0.00,0.00,904.27,72.69,67.29,28.75,148.91,75.73,94.08,39.41,54.77,10.80,3154.91,283.86,4.52,0.56,63.49,6.18,10.30,2.52,0.00,0.00,3.09,1.40,4.61,4.25,2.63,5.00,13.61,20.49,54.97,7.92,4.50,4.47
19.60,19.6,25/11/2025 10:53:03,9.523,11.509,1181239.172,15.8,869542.0,601693.0,991160.26,412.74,1469.76,1448.23,392.08,3236.19,180.26,6.81,6.47,257.52,34.90,181.74,79.00,659.19,52.17,28.15,13.95,98.64,42.77,61.57,26.48,28.49,5.78,2265.05,204.14,3.74,0.44,68.73,8.44,8.05,2.03,0.03,0.16,3.12,1.19,3.40,3.15,0.99,3.81,11.04,18.39,52.18,7.46,4.12,3.89,15920.09,684.44,2437.26,2736.37,740.82,6923.30,385.63,15.60,14.83,642.99,87.13,218.93,95.17,922.34,72.99,46.97,23.28,176.08,76.36,89.99,38.70,40.94,8.30,3238.44,291.87,4.76,0.56,86.04,10.57,10.02,2.53,0.05,0.22,3.69,1.40,4.59,4.26,1.32,5.08,12.33,20.54,56.21,8.03,4.67,4.42
19.70,19.7,25/11/2025 10:53:22,10.262,7.804,,15.8,875890.0,604599.0,990798.19,281.60,1486.68,1620.55,413.39,3459.94,187.45,44.76,50.00,284.03,34.90,143.57,74.55,694.26,52.69,41.15,17.69,86.54,42.85,62.56,26.82,54.60,10.44,2264.79,204.15,3.59,0.44,66.80,8.01,7.99,2.04,0.00,0.00,4.37,1.23,7.28,3.23,1.87,3.79,13.87,18.54,52.61,7.59,5.09,4.08,16711.68,466.97,2465.32,3061.97,781.09,7401.98,401.03,102.56,114.56,709.19,87.14,172.94,89.80,971.41,73.73,68.67,29.51,154.48,76.50,91.44,39.20,78.44,15.00,3238.07,291.89,4.57,0.56,83.62,10.02,9.94,2.54,0.00,0.00,5.17,1.46,9.83,4.36,2.49,5.06,15.49,20.70,56.67,8.17,5.77,4.62
19.80,19.8,25/11/2025 10:53:42,8.613,7.341,,15.8,878613.0,603617.0,989839.31,390.75,1475.09,1716.68,426.43,3792.00,200.64,102.68,64.07,312.16,35.36,179.14,79.78,708.08,53.29,60.38,22.30,88.86,43.15,64.66,27.23,78.73,14.38,2494.54,226.03,3.45,0.44,83.40,11.78,8.30,2.03,0.00,0.00,2.94,1.23,3.63,3.20,1.34,3.90,9.66,18.64,53.74,7.63,5.59,4.10,18463.01,647.96,2446.10,3243.60,805.72,8112.35,429.24,235.28,146.80,779.42,88.30,215.80,96.10,990.75,74.56,100.74,37.20,158.62,77.03,94.51,39.80,113.12,20.67,3566.56,323.16,4.38,0.56,104.39,14.75,10.33,2.53,0.00,0.00,3.47,1.46,4.90,4.32,1.79,5.20,10.78,20.81,57.89,8.22,6.35,4.65
19.90,19.9,25/11/2025 10:54:01,9.052,8.466,,15.8,878899.0,604449.0,990807.94,326.27,1538.39,1410.36,394.83,3494.00,190.94,26.07,49.41,220.98,35.78,171.67,78.96,719.71,53.29,71.12,24.31,114.65,43.23,48.49,24.51,56.11,10.74,2351.02,212.46,3.34,0.43,92.84,14.39,8.92,2.06,0.00,0.00,3.30,1.21,5.80,3.27,1.67,3.83,8.85,18.53,53.57,7.54,3.34,4.07,16559.08,541.05,2551.07,2664.83,746.02,7474.85,408.49,59.73,113.21,551.76,89.33,206.79,95.11,1007.02,74.57,118.66,40.57,204.66,77.17,70.87,35.83,80.62,15.44,3361.35,303.77,4.25,0.55,116.21,18.01,11.10,2.57,0.00,0.00,3.90,1.43,7.84,4.42,2.22,5.11,9.88,20.69,57.71,8.12,3.79,4.62
20.00,20.0,25/11/2025 10:54:31,8.789,7.472,,15.8,880295.0,603976.0,989858.50,459.94,1472.31,1529.90,406.56,3853.68,203.59,30.50,25.06,369.43,35.02,177.74,80.01,782.98,54.14,78.53,25.85,83.11,43.32,55.11,25.73,4.34,0.97,2521.37,228.65,3.41,0.45,105.12,17.85,9.38,2.12,0.00,0.00,2.98,1.24,3.72,3.25,1.80,3.88,6.43,18.77,56.98,7.79,5.04,4.18,18403.61,762.70,2441.50,2890.69,768.19,8244.32,435.55,69.90,57.41,922.43,87.44,214.11,96.38,1095.55,75.75,131.03,43.13,148.36,77.33,80.54,37.60,6.24,1.40,3604.91,326.92,4.34,0.57,131.59,22.34,11.67,2.63,0.00,0.00,3.53,1.47,5.03,4.39,2.40,5.17,7.18,20.96,61.38,8.39,5.71,4.74
20.10,20.1,25/11/2025 10:54:50,8.902,5.421,1181240.496,15.8,871911.0,602776.0,990956.81,439.07,1492.06,1455.35,388.21,3247.91,179.89,44.14,33.09,274.57,35.07,184.58,79.94,716.10,53.19,56.25,21.55,69.57,42.65,55.43,25.55,11.68,2.53,2283.85,206.02,3.36,0.44,119.10,22.56,8.25,2.05,0.00,0.00,4.07,1.23,2.49,3.23,1.49,3.85,4.59,18.55,57.38,7.69,3.95,4.09,16263.72,728.09,2474.25,2749.84,733.50,6948.36,384.85,101.15,75.83,685.57,87.56,222.34,96.30,1001.96,74.43,93.85,35.96,124.20,76.15,81.01,37.34,16.78,3.64,3265.32,294.56,4.28,0.56,149.09,28.24,10.27,2.55,0.00,0.00,4.81,1.46,3.37,4.36,1.99,5.13,5.13,20.71,61.81,8.29,4.49,4.64
20.20,20.2,25/11/2025 10:55:09,9.045,6.280,,15.8,874162.0,603425.0,990710.00,574.07,1431.22,1598.08,400.94,3478.22,186.36,33.07,48.70,207.40,35.25,152.46,76.10,675.98,52.90,93.90,28.13,53.31,42.37,73.28,28.77,25.55,5.26,2145.73,192.84,3.83,0.46,95.02,15.09,7.78,2.03,0.00,0.00,3.31,1.21,5.32,3.22,2.44,3.81,2.82,18.55,55.45,7.59,2.96,4.02,16813.30,951.97,2373.36,3019.51,757.56,7441.08,398.69,75.78,111.60,517.85,88.01,183.66,91.67,945.84,74.01,156.67,46.93,95.18,75.64,107.10,42.05,36.72,7.56,3067.85,275.71,4.87,0.58,118.95,18.89,9.68,2.53,0.00,0.00,3.92,1.43,7.19,4.36,3.26,5.08,3.15,20.71,59.73,8.18,3.36,4.56
20.30,20.3,25/11/2025 10:55:29,9.066,6.747,,15.7,883111.0,608218.0,990043.04,467.45,1479.12,1661.34,419.70,3650.94,194.92,149.69,87.63,323.63,35.16,179.83,80.56,728.78,53.78,38.90,17.28,79.40,43.34,63.05,27.08,78.54,20.65,2384.25,215.65,3.23,0.43,67.59,8.12,7.43,2.03,0.00,0.00,3.73,1.25,2.77,3.23,1.86,3.90,6.67,18.78,53.69,7.68,4.21,4.11,18111.33,775.15,2452.80,3139.04,793.01,7810.59,417.00,342.99,200.80,808.06,87.80,216.62,97.04,1019.71,75.25,64.90,28.83,141.74,77.38,92.15,39.59,112.85,29.68,3408.87,308.32,4.11,0.55,84.61,10.17,9.25,2.53,0.00,0.00,4.42,1.48,3.74,4.37,2.48,5.21,7.45,20.97,57.83,8.27,4.77,4.67
20.40,20.4,25/11/2025 10:55:48,11.233,6.014,,15.7,894297.0,614969.0,989910.10,405.22,1509.02,1673.22,427.37,3777.25,202.03,60.43,43.35,418.34,35.44,226.36,86.22,760.82,54.55,79.81,26.56,71.29,43.80,36.41,23.32,34.91,7.11,2388.46,216.12,4.04,0.48,68.87,8.40,7.14,2.08,0.00,0.00,4.17,1.25,3.92,3.28,2.40,3.91,7.86,19.08,53.82,7.71,5.16,4.14,18399.47,671.97,2502.37,3161.49,807.51,8080.81,432.22,138.47,99.33,1044.56,88.50,272.67,103.86,1064.54,76.33,133.16,44.31,127.27,78.19,53.22,34.08,50.15,10.22,3414.88,309.00,5.15,0.60,86.21,10.51,8.89,2.59,0.00,0.00,4.93,1.48,5.30,4.43,3.20,5.22,8.77,21.30,57.98,8.31,5.85,4.70
20.50,20.5,25/11/2025 10:56:17,9.395,5.620,,15.7,894413.0,615454.0,990240.83,329.26,1539.08,1638.39,423.46,3733.31,200.05,10.69,10.22,314.71,36.12,211.68,85.46,804.02,54.96,38.82,17.33,85.28,43.71,67.34,27.98,57.21,11.02,2316.80,209.27,3.73,0.46,54.94,5.65,8.31,2.10,0.00,0.00,3.76,1.25,6.01,3.30,1.32,3.93,14.20,18.92,55.47,7.72,3.92,4.04,17707.06,546.00,2552.21,3095.68,800.12,7986.80,427.97,24.49,23.42,785.79,90.18,254.99,102.95,1124.99,76.91,64.77,28.91,152.24,78.03,98.43,40.90,82.20,15.83,3312.43,299.20,4.75,0.58,68.77,7.07,10.35,2.62,0.00,0.00,4.45,1.48,8.11,4.46,1.77,5.24,15.86,21.12,59.75,8.32,4.45,4.59
20.60,20.6,25/11/2025 10:56:37,8.262,7.800,1181240.365,15.7,893584.0,619157.0,990564.57,250.79,1517.35,1747.50,433.36,3487.37,190.22,78.79,52.28,316.81,35.66,208.78,83.94,785.04,54.23,46.95,19.63,101.91,44.24,58.35,26.44,55.28,10.70,2133.98,191.91,3.61,0.44,68.85,8.45,8.61,2.08,0.00,0.00,3.08,1.24,2.12,3.26,2.13,3.95,15.21,19.04,55.46,7.72,4.80,4.12,17168.93,415.89,2516.18,3301.84,818.81,7460.66,406.94,180.53,119.79,791.04,89.05,251.50,101.12,1098.44,75.88,78.33,32.75,181.93,78.98,85.28,38.65,79.42,15.37,3051.04,274.38,4.59,0.56,86.19,10.58,10.71,2.59,0.00,0.00,3.65,1.46,2.86,4.40,2.84,5.27,16.99,21.26,59.74,8.32,5.45,4.68
20.70,20.7,25/11/2025 10:56:56,6.888,5.619,,15.7,892890.0,617058.0,990867.11,326.92,1536.19,1696.89,425.32,3358.86,184.58,83.61,54.60,324.54,35.58,190.41,82.81,728.26,54.16,43.54,18.63,118.57,43.98,65.32,27.49,26.74,5.55,2018.07,180.94,3.28,0.43,60.11,6.68,7.01,2.03,0.00,0.00,3.53,1.23,4.03,3.23,1.37,3.88,16.49,18.82,51.26,7.55,4.07,3.97,16665.71,542.12,2547.42,3206.20,803.62,7185.73,394.89,191.57,125.10,810.34,88.85,229.37,99.76,1018.99,75.78,72.65,31.08,211.67,78.51,95.47,40.18,38.42,7.98,2885.32,258.70,4.18,0.55,75.24,8.36,8.72,2.53,0.00,0.00,4.18,1.46,5.44,4.37,1.82,5.18,18.41,21.01,55.21,8.14,4.62,4.50
20.80,20.8,25/11/2025 10:57:15,9.573,6.017,,15.7,893319.0,619970.0,990963.18,319.90,1507.96,1554.78,410.03,3552.92,192.71,151.55,89.31,371.07,35.62,64.60,58.61,709.44,54.14,54.81,21.43,92.66,43.69,45.28,24.36,18.51,3.98,1942.52,173.88,3.47,0.44,65.85,7.88,7.13,2.01,0.00,0.00,2.91,1.21,5.65,3.23,2.70,3.90,17.00,18.90,51.46,7.46,2.61,4.00,16728.04,530.48,2500.61,2937.70,774.74,7600.89,412.27,347.27,204.64,926.53,88.94,77.82,70.60,992.66,75.75,91.46,35.76,165.41,78.00,66.17,35.60,26.60,5.72,2777.30,248.61,4.42,0.56,82.42,9.86,8.87,2.51,0.00,0.00,3.44,1.43,7.63,4.36,3.60,5.20,18.98,21.10,55.44,8.03,2.96,4.53
20.90,20.9,25/11/2025 10:57:34,9.917,14.876,,15.7,881465.0,611400.0,990116.20,1180.29,1496.89,1795.86,434.39,3275.69,182.34,110.96,68.56,376.55,35.24,141.45,75.41,748.75,53.71,60.05,22.38,129.70,44.04,65.62,27.55,67.44,20.21,1767.16,157.29,3.53,0.44,75.22,9.97,8.79,2.02,0.00,0.00,4.59,1.25,5.04,3.20,1.54,3.85,10.60,18.76,50.04,7.40,4.91,3.96,18017.11,1957.25,2482.26,3393.22,820.76,7007.80,390.09,254.26,157.10,940.20,87.99,170.39,90.84,1047.66,75.15,100.20,37.35,231.54,78.62,95.91,40.27,96.90,29.04,2526.59,224.89,4.49,0.56,94.16,12.48,10.94,2.51,0.00,0.00,5.43,1.48,6.81,4.32,2.05,5.14,11.84,20.95,53.90,7.98,5.57,4.49
21.00,21.0,25/11/2025 10:58:04,9.410,8.069,,15.7,878841.0,611960.0,991551.94,303.01,1480.62,1680.82,422.19,3313.06,182.56,102.40,63.59,365.09,35.08,150.16,76.56,659.17,52.86,24.60,14.01,119.72,43.48,75.22,29.19,65.65,19.93,1464.40,129.30,3.47,0.43,26.15,1.69,7.11,1.98,0.00,0.00,4.34,1.20,3.53,3.12,1.38,3.78,18.85,18.58,55.05,7.43,4.86,3.96,15711.87,502.48,2455.28,3175.85,797.71,7087.75,390.56,234.63,145.72,911.59,87.60,180.88,92.23,922.32,73.97,41.05,23.37,213.72,77.62,109.94,42.67,94.32,28.64,2093.72,184.86,4.42,0.55,32.74,2.12,8.86,2.47,0.00,0.00,5.13,1.42,4.77,4.21,1.84,5.05,21.05,20.75,59.30,8.00,5.52,4.50
21.10,21.1,25/11/2025 10:58:23,9.390,7.537,1181239.703,15.7,876538.0,612114.0,991544.61,489.89,1501.11,1596.57,411.06,3341.56,183.66,136.27,80.70,341.67,34.86,101.44,67.20,693.14,52.59,30.41,14.54,63.10,42.97,38.08,23.21,59.94,19.70,1398.50,123.23,3.23,0.42,76.43,10.43,8.31,2.01,0.00,0.00,3.63,1.19,2.63,3.15,4.09,3.80,13.12,18.73,48.70,7.26,4.70,3.82,15735.65,812.37,2489.26,3016.66,776.69,7148.71,392.91,312.24,184.91,853.11,87.05,122.19,80.95,969.84,73.59,50.74,24.25,112.64,76.70,55.65,33.92,86.12,28.30,1999.49,176.19,4.11,0.54,95.67,13.05,10.34,2.50,0.00,0.00,4.29,1.41,3.56,4.26,5.45,5.06,14.65,20.91,52.46,7.82,5.33,4.34
21.20,21.2,25/11/2025 10:58:43,9.030,12.564,,15.7,878356.0,609883.0,991454.41,535.90,1512.91,1561.57,407.78,3468.82,188.11,116.99,70.58,335.12,34.91,121.69,71.77,698.81,53.22,22.99,14.15,74.78,43.25,34.07,22.73,78.52,20.46,1341.00,118.00,3.46,0.42,76.27,10.39,7.07,1.97,0.00,0.00,3.35,1.22,5.99,3.12,3.09,3.77,6.18,18.76,47.66,7.24,2.25,3.94,15926.78,888.66,2508.83,2950.54,770.48,7420.97,402.43,268.06,161.74,836.77,87.16,146.59,86.46,977.78,74.47,38.36,23.62,133.49,77.21,49.80,33.22,112.83,29.40,1917.29,168.71,4.40,0.54,95.47,13.01,8.81,2.46,0.00,0.00,3.96,1.44,8.09,4.22,4.12,5.03,6.90,20.94,51.34,7.80,2.56,4.48
21.30,21.3,25/11/2025 10:59:02,8.848,3.771,,15.8,868927.0,602027.0,990688.92,1169.12,1485.41,1752.37,427.02,3289.83,181.20,39.96,49.59,423.59,34.55,0.00,0.00,681.44,52.68,65.78,23.41,77.62,42.65,54.15,25.35,71.62,20.06,1532.47,135.35,3.75,0.44,70.17,8.89,7.51,1.98,0.00,0.00,2.64,1.18,3.02,3.07,2.94,3.73,5.58,18.51,54.63,7.34,2.88,3.81,17193.37,1938.73,2463.22,3311.05,806.84,7038.04,387.65,91.57,113.64,1057.67,86.27,0.00,0.00,953.48,73.71,109.76,39.07,138.57,76.14,79.15,37.05,102.91,28.82,2191.04,193.52,4.77,0.56,87.83,11.13,9.34,2.47,0.00,0.00,3.12,1.40,4.09,4.15,3.92,4.97,6.23,20.67,58.85,7.91,3.27,4.32
21.40,21.4,25/11/2025 10:59:21,8.556,5.224,,15.8,875568.0,604686.0,991302.78,343.46,1512.56,1560.37,407.27,3625.23,194.20,20.26,17.47,262.29,35.23,123.64,71.67,774.53,53.67,41.68,17.94,130.69,43.75,43.39,23.79,64.16,19.84,1557.80,137.77,3.83,0.44,62.26,7.18,8.14,1.99,0.00,0.00,3.92,1.21,6.51,3.13,2.18,3.76,7.24,18.62,51.71,7.24,3.94,3.87,16070.62,569.55,2508.24,2948.26,769.52,7755.57,415.46,46.43,40.03,654.91,87.96,148.94,86.34,1083.73,75.10,69.55,29.93,233.30,78.10,63.41,34.77,92.19,28.51,2227.26,196.98,4.87,0.56,77.94,8.99,10.14,2.48,0.00,0.00,4.64,1.43,8.79,4.23,2.91,5.01,8.08,20.79,55.71,7.80,4.46,4.39
21.50,21.5,25/11/2025 10:59:51,9.095,6.743,,15.8,878343.0,604952.0,990070.69,966.75,1498.57,1807.82,436.97,3836.07,201.70,4.68,4.56,337.94,35.20,115.94,71.05,746.02,54.13,36.47,16.43,70.55,43.12,80.72,30.36,23.29,4.85,1728.63,153.57,3.39,0.44,82.91,11.90,6.88,2.06,0.00,0.00,3.96,1.21,3.60,3.12,2.90,3.81,12.61,18.73,54.70,7.49,3.50,3.95,18280.36,1603.13,2485.04,3415.81,825.63,8206.63,431.51,10.73,10.44,843.81,87.88,139.66,85.58,1043.83,75.74,60.85,27.41,125.94,76.97,117.98,44.37,33.46,6.97,2471.49,219.57,4.32,0.55,103.78,14.90,8.57,2.56,0.00,0.00,4.68,1.43,4.86,4.21,3.87,5.08,14.08,20.91,58.92,8.06,3.97,4.48
21.60,21.6,25/11/2025 11:00:10,10.542,4.431,1181242.148,15.8,880212.0,607189.0,991313.46,236.22,1520.76,1513.84,404.00,3498.81,189.66,146.35,86.16,258.80,35.45,209.86,83.29,761.73,53.72,20.68,14.06,117.64,43.57,56.90,25.96,74.00,20.36,1634.25,144.94,3.44,0.42,63.35,7.39,7.78,2.00,0.00,0.00,3.78,1.23,5.37,3.16,1.38,3.75,22.83,18.66,46.95,7.22,2.57,3.93,15993.84,391.72,2521.83,2860.34,763.35,7485.13,405.75,335.35,197.42,646.20,88.53,252.80,100.34,1065.81,75.17,34.51,23.47,210.01,77.78,83.16,37.94,106.33,29.25,2336.56,207.23,4.38,0.54,79.30,9.25,9.68,2.49,0.00,0.00,4.47,1.45,7.25,4.27,1.85,5.00,25.49,20.84,50.57,7.78,2.91,4.46
21.70,21.7,25/11/2025 11:00:29,10.732,5.555,,15.7,884301.0,608128.0,990294.13,290.96,1466.27,1804.86,439.49,3908.57,204.83,123.05,74.92,348.23,35.57,159.45,78.87,795.18,54.47,93.83,28.28,59.67,43.12,53.90,25.59,75.54,20.48,1833.48,163.43,3.32,0.43,73.70,9.60,7.55,2.05,0.00,0.00,4.02,1.24,4.53,3.19,2.05,3.84,9.42,18.84,51.18,7.46,3.37,4.01,17971.37,482.49,2431.48,3410.22,830.41,8361.75,438.21,281.96,171.66,869.50,88.80,192.07,95.01,1112.62,76.21,156.56,47.18,106.53,76.98,78.77,37.40,108.53,29.43,2621.41,233.66,4.22,0.54,92.26,12.01,9.40,2.56,0.00,0.00,4.75,1.47,6.12,4.31,2.73,5.12,10.51,21.04,55.13,8.04,3.82,4.55
21.80,21.8,25/11/2025 11:00:49,9.837,4.501,,15.7,881472.0,608304.0,990362.22,134.17,1477.40,1806.40,441.26,3989.21,207.32,23.48,20.07,314.65,35.50,275.10,90.51,783.50,54.29,62.58,22.81,107.62,43.32,53.98,25.46,78.82,20.56,1836.74,163.66,3.90,0.46,70.58,8.87,9.03,2.10,0.00,0.00,5.82,1.44,2.66,3.18,1.86,3.84,17.38,18.63,55.11,7.44,5.19,4.04,17753.91,222.49,2449.94,3413.13,833.74,8534.26,443.52,53.81,45.99,785.65,88.63,331.39,109.03,1096.28,75.97,104.41,38.05,192.12,77.33,78.90,37.21,113.26,29.55,2626.07,233.99,4.96,0.58,88.35,11.11,11.24,2.61,0.00,0.00,6.88,1.70,3.60,4.29,2.48,5.11,19.41,20.80,59.36,8.01,5.88,4.59
21.90,21.9,25/11/2025 11:01:08,8.672,4.762,,15.8,876802.0,605136.0,990047.71,630.46,1507.81,2080.86,473.14,3970.68,205.62,19.78,17.25,356.70,35.26,133.74,73.35,756.91,53.54,41.21,17.63,109.55,43.40,47.06,24.41,1.34,0.30,1629.05,144.24,3.64,0.44,78.19,10.73,9.23,2.04,0.00,0.00,4.24,1.23,4.41,3.16,1.65,3.74,13.83,18.65,55.74,7.45,4.02,3.95,18499.31,1045.48,2500.36,3931.71,893.98,8494.61,439.89,45.32,39.53,890.65,88.04,161.10,88.35,1059.08,74.91,68.76,29.42,195.57,77.48,68.78,35.68,1.93,0.44,2329.12,206.22,4.63,0.56,97.88,13.43,11.49,2.54,0.00,0.00,5.01,1.45,5.95,4.27,2.21,4.99,15.44,20.82,60.04,8.03,4.56,4.49
22.00,22.0,25/11/2025 11:01:38,8.453,6.285,,15.8,876872.0,605478.0,991057.08,269.74,1441.61,1744.77,430.27,3776.62,199.64,17.84,15.85,299.68,35.55,138.94,73.89,831.32,54.13,39.35,17.30,66.17,42.90,66.18,27.51,70.08,20.02,1461.95,128.85,3.56,0.44,76.75,10.45,6.77,2.01,0.00,0.00,6.36,1.47,5.26,3.12,1.50,3.73,6.86,18.66,49.28,7.34,3.95,3.89,16605.43,447.31,2390.59,3296.68,812.99,8079.45,427.10,40.89,36.31,748.27,88.77,167.37,89.01,1163.19,75.74,65.65,28.87,118.13,76.59,96.72,40.20,100.70,28.77,2090.22,184.22,4.53,0.55,96.08,13.08,8.42,2.50,0.00,0.00,7.52,1.73,7.10,4.21,2.00,4.97,7.66,20.83,53.09,7.90,4.48,4.42
22.10,22.1,25/11/2025 11:01:57,8.640,12.961,1181236.661,15.8,871015.0,605758.0,990726.73,383.83,1449.40,1881.08,444.25,3842.76,201.03,108.36,66.52,291.45,35.41,163.98,78.00,781.14,53.81,36.94,16.51,74.49,42.90,43.57,23.87,62.19,19.73,1414.29,124.50,3.59,0.44,103.18,17.76,7.88,2.05,0.00,0.00,5.53,1.37,5.96,3.09,1.45,3.75,6.90,18.64,50.20,7.27,4.51,3.90,17274.87,636.49,2403.51,3554.23,839.39,8220.95,430.08,248.29,152.43,727.73,88.42,197.53,93.96,1092.98,75.29,61.63,27.54,132.97,76.59,63.67,34.89,89.36,28.35,2022.07,178.00,4.57,0.56,129.16,22.23,9.81,2.55,0.00,0.00,6.54,1.62,8.05,4.18,1.94,5.00,7.70,20.81,54.08,7.83,5.12,4.43
22.20,22.2,25/11/2025 11:02:16,8.894,11.507,,15.8,872577.0,605490.0,991459.34,175.85,1499.46,1712.25,429.74,3535.90,191.52,61.12,42.91,286.55,35.24,187.60,79.79,724.31,53.03,24.73,13.88,120.89,43.08,71.70,28.38,63.48,19.71,1402.07,123.40,3.44,0.42,75.33,10.13,6.18,1.95,0.00,0.00,3.66,1.19,5.71,3.13,4.04,3.72,14.98,18.39,57.39,7.45,3.48,3.83,15850.26,291.61,2486.52,3235.22,811.98,7564.47,409.73,140.06,98.32,715.50,88.00,225.98,96.12,1013.46,74.20,41.26,23.16,215.81,76.91,104.79,41.49,91.22,28.33,2004.60,176.44,4.38,0.54,94.29,12.67,7.69,2.43,0.00,0.00,4.33,1.41,7.71,4.22,5.38,4.96,16.73,20.53,61.82,8.03,3.94,4.35
22.30,22.3,25/11/2025 11:02:36,8.152,10.980,,15.8,864057.0,601589.0,991131.80,296.87,1497.84,1769.64,436.90,3693.14,196.90,30.02,24.37,282.14,35.24,117.48,70.23,811.36,53.94,70.12,24.03,104.30,42.73,68.79,27.82,75.89,20.10,1393.51,122.42,4.12,0.45,63.52,7.45,7.85,2.00,0.00,0.00,5.25,1.33,3.96,3.10,1.65,3.72,12.10,18.39,53.72,7.26,2.73,3.83,16474.81,492.29,2483.83,3343.67,825.51,7900.86,421.24,68.79,55.84,704.49,88.00,141.52,84.60,1135.26,75.47,117.00,40.09,186.20,76.28,100.55,40.66,109.05,28.88,1992.37,175.03,5.24,0.57,79.52,9.33,9.77,2.49,0.00,0.00,6.21,1.58,5.35,4.19,2.20,4.96,13.51,20.53,57.87,7.82,3.10,4.35
22.40,22.4,25/11/2025 11:02:55,8.331,12.368,,15.8,857113.0,599031.0,991134.86,257.16,1473.00,1701.80,425.40,3898.81,203.29,65.05,44.69,330.21,34.64,134.62,72.85,782.14,53.10,65.29,22.88,115.93,42.56,60.18,26.16,61.98,19.49,1211.45,105.91,3.24,0.42,90.66,14.14,7.83,1.95,0.00,0.00,4.85,1.26,3.99,3.09,1.76,3.70,9.00,18.22,54.77,7.40,4.40,3.84,16652.74,426.45,2442.64,3215.49,803.78,8340.87,434.90,149.06,102.39,824.50,86.48,162.17,87.76,1094.37,74.30,108.94,38.18,206.95,75.98,87.96,38.24,89.06,28.01,1732.07,151.42,4.12,0.53,113.48,17.71,9.75,2.42,0.00,0.00,5.74,1.50,5.39,4.17,2.35,4.93,10.05,20.34,59.00,7.97,4.99,4.36
22.50,22.5,25/11/2025 11:03:24,8.449,15.937,,15.8,861012.0,600799.0,990351.71,903.41,1489.63,1660.17,421.25,3813.85,201.57,31.52,25.43,326.68,34.75,199.09,80.28,807.95,53.59,41.02,17.54,76.55,42.51,56.25,25.55,4.44,0.97,1522.52,134.17,3.54,0.43,107.74,19.12,9.90,2.03,0.00,0.00,7.74,1.62,5.84,3.11,1.92,3.73,13.02,18.42,51.54,7.30,3.61,3.96,17768.21,1498.10,2470.21,3136.84,795.94,8159.11,431.23,72.23,58.27,815.68,86.78,239.83,96.71,1130.49,74.99,68.44,29.27,136.66,75.89,82.21,37.34,6.38,1.40,2176.81,191.83,4.51,0.55,134.87,23.93,12.32,2.53,0.00,0.00,9.15,1.92,7.88,4.20,2.56,4.97,14.53,20.57,55.52,7.86,4.09,4.49
22.60,22.6,25/11/2025 11:03:43,8.155,6.940,1181242.681,15.8,859340.0,599189.0,990705.04,791.46,1435.87,1628.05,412.06,3615.72,193.41,78.93,51.84,324.29,34.66,108.77,68.08,788.96,53.38,75.83,24.95,99.31,42.61,57.56,25.73,79.67,20.21,1460.63,128.51,3.65,0.43,96.05,15.59,7.73,2.00,0.00,0.00,8.00,1.65,6.48,3.09,2.12,3.71,10.65,18.36,47.36,7.27,3.75,3.84,17162.78,1312.47,2381.07,3076.15,778.58,7735.23,413.77,180.85,118.79,809.72,86.54,131.02,82.01,1103.92,74.69,126.52,41.63,177.28,76.07,84.13,37.61,114.47,29.04,2088.32,183.74,4.65,0.55,120.23,19.51,9.62,2.48,0.00,0.00,9.46,1.95,8.76,4.18,2.83,4.94,11.89,20.50,51.02,7.83,4.25,4.36
22.70,22.7,25/11/2025 11:04:03,8.730,8.265,,15.9,856881.0,597438.0,991320.12,443.87,1434.04,1464.61,392.43,3683.05,195.86,80.65,52.46,248.95,35.30,125.68,70.48,830.16,53.45,40.80,17.27,90.42,42.12,47.03,23.95,0.15,0.03,1428.95,125.61,3.30,0.42,104.21,18.13,6.84,1.95,0.00,0.00,6.89,1.54,3.98,3.08,3.47,3.71,13.31,18.19,50.22,7.26,3.34,3.79,16077.55,736.06,2378.03,2767.32,741.49,7879.28,419.02,184.79,120.21,621.61,88.15,151.40,84.90,1161.57,74.79,68.08,28.82,161.41,75.20,68.73,35.00,0.21,0.05,2043.04,179.58,4.19,0.54,130.45,22.69,8.51,2.43,0.00,0.00,8.15,1.82,5.38,4.16,4.63,4.94,14.86,20.31,54.10,7.82,3.79,4.30
22.80,22.8,25/11/2025 11:04:22,8.316,13.552,,15.9,851030.0,591184.0,990164.55,922.25,1491.19,1781.77,433.72,3932.32,204.92,46.48,34.63,314.64,34.80,141.34,72.85,878.89,54.08,42.06,17.58,69.85,42.02,67.75,27.48,67.24,19.60,1398.45,122.62,3.44,0.43,84.88,12.48,7.21,1.99,0.00,0.00,5.70,1.39,4.79,3.08,1.23,3.66,8.73,18.25,52.24,7.32,4.20,3.83,18195.78,1529.34,2472.81,3366.59,819.51,8412.56,438.39,106.50,79.34,785.62,86.88,170.25,87.75,1229.75,75.67,70.17,29.34,124.69,75.01,99.02,40.16,96.61,28.17,1999.42,175.31,4.38,0.54,106.26,15.62,8.97,2.48,0.00,0.00,6.74,1.64,6.47,4.15,1.64,4.89,9.74,20.37,56.27,7.89,4.76,4.35
22.90,22.9,25/11/2025 11:04:41,7.795,11.043,,15.9,850679.0,593106.0,991279.74,408.25,1435.42,1525.95,393.05,3605.53,190.66,45.05,49.05,341.28,34.37,137.43,72.44,821.73,53.47,47.22,18.92,101.29,42.31,75.93,29.00,12.12,2.56,1388.43,121.69,3.53,0.42,120.72,23.55,6.09,1.93,0.00,0.00,7.76,1.61,6.34,3.06,0.83,3.68,8.43,18.18,52.18,7.24,4.16,3.84,16169.82,676.99,2380.33,2883.22,742.65,7713.43,407.89,103.22,112.40,852.14,85.83,165.55,87.27,1149.77,74.82,78.79,31.56,180.82,75.53,110.98,42.39,17.41,3.68,1985.10,173.99,4.50,0.54,151.11,29.49,7.58,2.40,0.00,0.00,9.18,1.90,8.56,4.14,1.11,4.91,9.41,20.30,56.21,7.80,4.72,4.36
23.00,23.0,25/11/2025 11:05:10,7.590,7.603,,15.9,854731.0,593056.0,990478.86,800.67,1463.96,1498.37,392.93,3751.00,196.65,89.72,56.70,277.38,34.83,201.50,80.52,860.99,53.90,49.81,19.57,92.57,42.44,54.97,25.31,143.26,24.82,1505.41,132.50,3.41,0.42,94.09,14.95,8.96,2.00,0.00,0.00,6.48,1.49,6.53,3.05,2.98,3.67,17.23,18.32,51.49,7.39,4.34,3.92,17449.32,1327.74,2427.66,2831.12,742.43,8024.64,420.70,205.57,129.92,692.59,86.97,242.72,96.99,1204.70,75.42,83.10,32.65,165.26,75.77,80.34,36.99,205.84,35.66,2152.35,189.45,4.34,0.54,117.78,18.72,11.15,2.49,0.00,0.00,7.66,1.77,8.82,4.12,3.97,4.90,19.23,20.45,55.47,7.96,4.93,4.44
23.10,23.1,25/11/2025 11:05:29,7.640,8.064,1181242.153,15.9,851540.0,591969.0,990997.98,493.12,1440.70,1669.62,413.70,3497.38,188.35,148.63,86.61,334.20,34.33,150.04,74.34,789.98,53.23,32.38,14.79,93.58,42.23,46.51,23.91,69.54,19.77,1508.89,132.87,3.57,0.43,67.34,8.25,7.91,1.99,0.00,0.00,7.68,1.62,5.71,3.08,2.26,3.64,18.13,18.22,51.61,7.26,3.91,3.80,16660.70,817.73,2389.07,3154.68,781.67,7482.07,402.95,340.57,198.46,834.47,85.71,180.74,89.55,1105.35,74.48,54.03,24.68,167.06,75.39,67.98,34.94,99.92,28.40,2157.33,189.97,4.55,0.55,84.30,10.33,9.85,2.48,0.00,0.00,9.08,1.91,7.71,4.16,3.01,4.86,20.25,20.35,55.60,7.83,4.44,4.31
23.20,23.2,25/11/2025 11:05:49,7.200,10.250,,15.9,854632.0,588478.0,990363.32,264.62,1444.26,1831.03,436.63,3932.92,202.76,62.09,42.45,312.87,34.49,211.98,81.92,921.36,54.75,89.80,27.07,95.41,42.42,44.52,23.77,74.89,20.11,1642.90,145.30,3.46,0.43,57.67,6.22,8.26,2.00,0.00,0.00,10.05,1.82,6.43,3.08,0.94,3.67,10.31,18.34,49.98,7.23,5.18,3.98,17801.99,438.81,2394.98,3459.67,824.99,8413.82,433.78,142.27,97.27,781.20,86.11,255.36,98.68,1289.18,76.61,149.84,45.16,170.32,75.74,65.07,34.73,107.61,28.90,2348.93,207.74,4.41,0.54,72.20,7.78,10.28,2.49,0.00,0.00,11.88,2.15,8.69,4.16,1.25,4.89,11.52,20.48,53.83,7.79,5.88,4.52
23.30,23.3,25/11/2025 11:06:08,7.390,9.980,,15.9,856516.0,586612.0,991399.40,351.04,1474.81,1373.09,382.41,3498.52,189.34,176.41,101.50,328.74,34.48,91.03,64.36,814.65,53.68,36.13,16.05,61.31,42.11,63.97,26.88,70.68,19.82,1567.94,138.41,3.53,0.42,72.58,9.44,6.66,1.94,0.00,0.00,13.05,2.04,6.62,3.03,1.61,3.64,5.93,18.34,53.40,7.25,3.68,3.87,15940.67,582.13,2445.64,2594.40,722.54,7484.51,405.05,404.22,232.58,820.84,86.10,109.66,77.52,1139.87,75.10,60.29,26.79,109.46,75.18,93.50,39.28,101.56,28.47,2241.76,197.90,4.49,0.54,90.86,11.81,8.29,2.42,0.00,0.00,15.43,2.42,8.94,4.09,2.15,4.86,6.62,20.47,57.52,7.81,4.18,4.39
23.40,23.4,25/11/2025 11:06:27,7.325,7.207,,15.9,854911.0,586789.0,990969.65,432.63,1501.12,1359.04,378.35,3872.23,201.78,32.51,25.79,337.44,34.49,177.67,78.35,898.70,54.52,41.08,17.41,101.46,42.51,35.18,22.45,81.27,20.30,1490.09,131.18,3.45,0.43,78.71,10.89,6.72,1.94,0.00,0.00,9.98,1.82,5.54,3.05,1.68,3.65,16.32,18.30,45.51,7.03,3.11,3.85,16709.74,717.43,2489.26,2567.86,714.88,8284.00,431.67,74.49,59.09,842.55,86.13,214.03,94.38,1257.47,76.28,68.55,29.04,181.12,75.89,51.42,32.81,116.77,29.17,2130.45,187.56,4.40,0.55,98.52,13.63,8.37,2.41,0.00,0.00,11.81,2.15,7.49,4.13,2.24,4.87,18.22,20.44,49.03,7.57,3.53,4.37
23.50,23.5,25/11/2025 11:06:56,7.058,8.199,,15.9,850654.0,582549.0,990539.19,909.63,1459.04,1692.88,419.65,3614.24,192.89,42.42,49.64,361.89,34.52,8.03,24.96,930.45,54.57,64.96,22.59,91.14,42.07,57.71,25.68,69.34,19.67,1430.58,125.63,3.25,0.42,88.29,13.39,8.61,1.96,0.00,0.00,13.86,2.08,6.85,3.04,0.91,3.58,15.20,18.18,46.88,7.08,3.69,3.85,17475.80,1508.42,2419.48,3198.64,792.92,7732.06,412.66,97.21,113.74,903.61,86.19,9.68,30.06,1301.89,76.35,108.38,37.69,162.71,75.09,84.34,37.54,99.63,28.26,2045.37,179.62,4.14,0.53,110.52,16.77,10.72,2.44,0.00,0.00,16.39,2.47,9.25,4.10,1.21,4.78,16.97,20.30,50.50,7.63,4.18,4.37
23.60,23.6,25/11/2025 11:07:15,6.947,10.713,1181239.701,15.9,846841.0,582406.0,991405.79,404.14,1411.18,1506.77,394.86,3276.13,179.88,40.18,48.64,262.02,34.49,208.18,80.82,901.80,54.03,72.78,24.08,111.92,42.15,61.56,26.24,79.84,20.07,1481.25,130.23,3.64,0.43,83.12,12.02,8.36,1.92,0.00,0.00,12.29,1.97,8.80,3.08,1.14,3.59,14.93,18.07,50.85,7.24,4.52,3.76,15652.10,670.17,2340.12,2846.98,746.07,7008.73,384.81,92.07,111.45,654.24,86.12,250.77,97.35,1261.80,75.59,121.43,40.18,199.80,75.24,89.98,38.35,114.72,28.83,2117.81,186.20,4.63,0.55,104.04,15.05,10.40,2.38,0.00,0.00,14.53,2.33,11.89,4.15,1.52,4.78,16.67,20.18,54.77,7.80,5.13,4.26
23.70,23.7,25/11/2025 11:07:35,6.791,8.600,,16.0,844260.0,581297.0,991445.11,341.49,1438.96,1429.56,383.23,3540.33,188.70,16.72,14.48,348.30,33.99,107.68,66.36,944.41,54.38,24.99,13.71,101.69,42.19,61.58,26.22,82.00,20.07,1369.01,119.91,3.48,0.42,84.20,12.34,8.96,2.01,0.00,0.00,10.57,1.85,8.43,3.06,1.05,3.61,13.45,18.11,53.11,7.40,3.89,3.85,15811.73,566.29,2386.19,2701.10,724.09,7573.95,403.70,38.30,33.19,869.66,84.86,129.71,79.94,1321.42,76.09,41.69,22.88,181.54,75.32,90.01,38.32,117.82,28.83,1957.33,171.44,4.43,0.53,105.40,15.45,11.16,2.50,0.00,0.00,12.50,2.18,11.38,4.13,1.40,4.81,15.02,20.22,57.21,7.97,4.41,4.37
23.80,23.8,25/11/2025 11:07:54,6.602,9.457,,15.9,847145.0,582339.0,990428.62,600.97,1424.50,1614.67,404.80,3720.51,195.41,87.16,54.95,351.69,34.16,242.87,85.20,900.59,54.66,67.98,23.37,113.57,42.49,59.86,26.00,72.30,19.73,1561.44,137.44,3.24,0.42,83.08,11.94,7.06,1.96,0.00,0.00,10.76,1.89,7.40,3.05,1.55,3.61,11.86,18.19,49.95,7.30,2.88,3.87,17589.37,996.57,2362.21,3050.85,764.85,7959.42,418.05,199.72,125.91,878.14,85.29,292.56,102.63,1260.11,76.47,113.42,38.99,202.74,75.85,87.49,38.00,103.88,28.34,2232.45,196.51,4.13,0.54,104.00,14.95,8.79,2.44,0.00,0.00,12.72,2.24,10.00,4.12,2.06,4.82,13.24,20.31,53.81,7.86,3.27,4.39
23.90,23.9,25/11/2025 11:08:13,6.376,9.660,,15.9,845337.0,583023.0,991485.04,236.12,1410.00,1611.90,404.56,3454.32,185.12,107.90,64.88,436.00,33.74,0.00,0.00,933.84,54.59,26.19,13.71,94.87,42.09,56.42,25.34,69.66,19.50,1309.41,114.51,3.30,0.42,73.78,9.77,8.66,1.99,0.00,0.00,10.66,1.87,9.79,3.08,1.18,3.56,13.47,18.12,52.78,7.26,4.69,3.87,15949.36,391.55,2338.17,3045.62,764.41,7389.95,396.04,247.25,148.66,1088.65,84.23,0.00,0.00,1306.64,76.39,43.70,22.88,169.37,75.15,82.46,37.04,100.09,28.01,1872.12,163.72,4.21,0.53,92.35,12.23,10.78,2.48,0.00,0.00,12.61,2.21,13.23,4.16,1.57,4.74,15.04,20.23,56.86,7.82,5.32,4.39
24.00,24.0,25/11/2025 11:08:42,6.091,15.743,,15.9,843955.0,584913.0,991564.92,365.10,1389.24,1522.47,391.32,3336.27,181.80,45.79,33.50,413.41,33.90,0.00,0.00,956.23,54.41,32.48,14.70,83.77,41.72,50.89,24.43,63.20,19.33,1391.71,122.05,3.42,0.42,77.82,10.73,9.34,2.00,0.00,0.00,11.15,1.89,7.50,3.04,1.04,3.56,10.93,18.04,49.00,7.18,3.56,3.83,15660.44,605.44,2303.75,2876.65,739.38,7137.40,388.93,104.92,76.75,1032.24,84.65,0.00,0.00,1337.96,76.14,54.19,24.53,149.54,74.48,74.38,35.70,90.81,27.78,1989.78,174.51,4.36,0.54,97.41,13.44,11.62,2.48,0.00,0.00,13.18,2.24,10.13,4.11,1.39,4.75,12.20,20.14,52.79,7.73,4.03,4.34
24.10,24.1,25/11/2025 11:09:01,5.898,10.912,1181239.374,15.9,844026.0,583250.0,991715.93,319.37,1427.64,1442.92,378.13,3352.89,181.31,3.93,3.74,269.29,34.28,199.26,79.24,900.23,53.70,19.61,13.64,126.70,42.49,60.65,26.06,70.66,19.63,1325.06,115.95,3.32,0.41,89.52,13.80,7.40,1.91,0.00,0.00,10.18,1.80,6.02,3.02,0.52,3.57,16.79,18.07,55.15,7.33,4.60,3.81,15183.24,529.61,2367.42,2726.33,714.47,7172.95,387.88,9.01,8.57,672.39,85.60,240.03,95.46,1259.61,75.14,32.72,22.76,226.18,75.86,88.64,38.10,101.53,28.21,1894.50,165.78,4.23,0.52,112.05,17.28,9.21,2.37,0.00,0.00,12.03,2.13,8.14,4.09,0.69,4.76,18.75,20.18,59.41,7.90,5.21,4.33
24.20,24.2,25/11/2025 11:09:21,6.505,12.565,,15.9,849484.0,582870.0,991330.72,226.85,1446.58,1497.69,387.25,3440.83,184.53,40.22,29.86,324.73,34.19,235.97,83.86,961.00,54.63,32.63,14.87,109.74,42.47,62.98,26.54,65.21,19.45,1472.30,129.40,3.58,0.43,93.48,14.84,7.08,1.98,0.00,0.00,9.85,1.81,8.42,3.11,0.87,3.62,17.19,18.20,52.64,7.32,6.02,3.80,15877.37,376.17,2398.84,2829.82,731.70,7361.09,394.78,92.17,68.43,810.83,85.37,284.25,101.02,1344.64,76.44,54.44,24.81,195.91,75.82,92.04,38.79,93.70,27.94,2105.01,185.01,4.56,0.55,117.02,18.57,8.81,2.46,0.00,0.00,11.65,2.14,11.37,4.20,1.16,4.83,19.19,20.32,56.70,7.88,6.83,4.31
24.30,24.3,25/11/2025 11:09:40,6.389,15.735,,15.9,844996.0,581936.0,991653.39,288.43,1409.75,1593.87,398.96,3422.69,184.34,9.80,47.38,373.33,33.88,102.66,66.87,854.45,53.64,41.73,17.43,99.95,42.05,70.49,27.89,71.89,19.67,1252.74,109.45,3.50,0.42,77.78,10.76,7.80,1.95,0.00,0.00,8.22,1.67,6.89,3.01,0.84,3.53,5.17,18.07,51.36,7.11,3.04,3.81,15527.64,478.30,2337.75,3011.56,753.83,7322.28,394.37,22.45,108.56,932.16,84.60,123.67,80.55,1195.55,75.05,69.62,29.09,178.43,75.06,103.02,40.77,103.29,28.27,1791.10,156.49,4.46,0.54,97.36,13.46,9.71,2.43,0.00,0.00,9.72,1.97,9.31,4.07,1.12,4.71,5.77,20.18,55.32,7.66,3.45,4.32
24.40,24.4,25/11/2025 11:09:59,5.811,12.760,,16.0,848468.0,579738.0,991536.13,592.55,1465.34,1321.73,367.64,3253.46,178.27,43.50,31.84,442.60,33.64,0.00,0.00,936.30,54.79,25.04,13.76,74.83,41.99,48.78,24.25,66.28,19.51,1482.96,130.45,3.54,0.43,87.65,13.27,8.56,1.99,0.00,0.00,11.33,1.91,5.95,3.05,2.45,3.59,4.30,18.20,48.24,7.12,3.83,3.80,15627.92,982.61,2429.94,2497.35,694.64,6960.25,381.38,99.68,72.97,1105.13,83.98,0.00,0.00,1310.08,76.66,41.77,22.96,133.59,74.97,71.30,35.44,95.23,28.04,2120.25,186.51,4.50,0.54,109.72,16.61,10.65,2.48,0.00,0.00,13.40,2.25,8.03,4.12,3.27,4.79,4.80,20.32,51.97,7.67,4.35,4.31
24.50,24.5,25/11/2025 11:10:28,5.821,12.429,,16.0,845359.0,579030.0,990352.01,811.01,1445.06,1815.14,429.25,3803.38,198.18,44.08,32.34,359.77,34.08,3.20,24.88,948.42,54.84,44.87,18.39,88.05,42.28,63.77,26.77,114.05,19.89,1381.15,121.02,3.25,0.41,81.32,11.55,8.54,1.98,0.00,0.00,11.29,1.92,10.52,3.08,2.56,3.62,2.99,18.26,47.12,7.16,3.53,3.86,17910.85,1344.87,2396.30,3429.64,811.05,8136.70,423.97,101.00,74.10,898.31,85.10,3.85,29.97,1327.03,76.74,74.87,30.68,157.18,75.48,93.20,39.12,163.88,28.58,1974.69,173.03,4.13,0.52,101.80,14.46,10.63,2.47,0.00,0.00,13.35,2.28,14.20,4.16,3.41,4.83,3.33,20.38,50.75,7.71,4.00,4.38
24.60,24.6,25/11/2025 11:10:47,5.668,9.063,1181241.355,16.0,841557.0,577753.0,990696.26,1179.88,1417.53,1560.56,395.24,3564.13,189.26,24.47,47.60,319.31,33.88,101.32,65.36,911.64,54.08,45.38,18.39,97.92,42.12,65.70,26.98,1.66,0.36,1264.88,110.41,3.49,0.43,68.36,8.52,7.41,1.98,0.00,0.00,12.66,1.96,7.94,3.02,2.56,3.53,10.38,18.11,51.51,7.18,2.60,3.81,17136.77,1956.57,2350.66,2948.61,746.79,7624.86,404.89,56.08,109.06,797.29,84.58,122.05,78.73,1275.57,75.67,75.72,30.69,174.80,75.19,96.03,39.43,2.38,0.52,1808.45,157.85,4.44,0.54,85.57,10.67,9.22,2.47,0.00,0.00,14.98,2.31,10.73,4.07,3.41,4.70,11.59,20.22,55.48,7.74,2.95,4.32
24.70,24.7,25/11/2025 11:11:07,5.266,10.779,,16.0,842470.0,578373.0,991076.11,245.76,1476.96,1548.93,396.73,3756.69,195.63,117.40,69.20,399.83,33.70,197.22,79.61,915.02,54.31,33.30,14.96,78.10,41.84,65.73,27.05,64.64,19.41,1324.29,115.91,3.41,0.43,76.28,10.34,7.07,1.96,0.00,0.00,12.24,1.96,9.12,3.05,1.52,3.56,15.39,18.14,49.46,7.21,2.48,3.76,16644.27,407.54,2449.21,2926.65,749.60,8036.82,418.51,269.00,158.57,998.34,84.16,237.58,95.90,1280.30,75.99,55.56,24.96,139.42,74.69,96.07,39.53,92.88,27.89,1893.39,165.72,4.34,0.54,95.49,12.94,8.80,2.44,0.00,0.00,14.48,2.31,12.32,4.12,2.02,4.75,17.18,20.25,53.27,7.76,2.81,4.27
24.80,24.8,25/11/2025 11:11:26,5.202,12.299,,16.0,841702.0,578585.0,992321.62,180.60,1503.41,1453.56,386.01,3048.35,170.27,37.75,27.97,269.72,34.10,65.85,55.44,949.14,54.48,37.05,16.09,88.51,41.74,60.37,25.94,62.91,19.20,1245.73,108.79,3.02,0.40,80.70,11.53,8.51,2.00,0.00,0.00,9.56,1.74,7.58,3.02,1.69,3.53,10.96,18.01,53.03,7.19,3.79,3.69,14127.14,299.48,2493.07,2746.44,729.35,6521.44,364.27,86.51,64.09,673.46,85.14,79.32,66.79,1328.04,76.23,61.82,26.84,158.00,74.51,88.24,37.91,90.39,27.58,1781.08,155.54,3.85,0.51,101.02,14.43,10.59,2.48,0.00,0.00,11.30,2.06,10.25,4.07,2.26,4.71,12.24,20.11,57.12,7.74,4.30,4.19
24.90,24.9,25/11/2025 11:11:45,5.211,10.518,,16.0,841987.0,580188.0,992568.82,396.95,1382.36,1292.98,360.48,2926.08,165.49,45.06,32.60,341.00,33.79,0.00,0.00,786.95,52.69,26.60,13.54,113.81,41.90,77.45,29.09,68.22,19.30,1159.27,100.99,3.11,0.40,88.14,13.56,7.89,1.94,0.00,0.00,12.30,1.95,6.09,2.99,1.74,3.52,17.25,17.91,53.82,7.22,6.47,3.81,13766.96,658.25,2292.33,2443.04,681.11,6259.87,354.03,103.24,74.70,851.43,84.38,0.00,0.00,1101.11,73.73,44.38,22.59,203.17,74.80,113.20,42.51,98.03,27.72,1657.46,144.39,3.96,0.51,110.33,16.97,9.82,2.41,0.00,0.00,14.55,2.30,8.22,4.04,2.31,4.70,19.26,20.00,57.98,7.78,7.34,4.32
25.00,25.0,25/11/2025 11:12:14,4.912,12.897,,16.0,846823.0,579660.0,991579.47,522.51,1364.53,1495.15,386.92,3302.79,180.11,9.53,8.71,310.29,34.24,107.19,67.17,996.84,55.33,43.51,17.97,93.81,42.10,62.23,26.42,74.01,19.77,1221.42,106.57,2.98,0.40,82.55,11.97,6.46,1.93,0.00,0.00,13.09,2.02,7.42,3.04,1.50,3.55,12.16,18.15,51.48,7.09,3.57,3.85,15477.26,866.47,2262.77,2825.04,731.06,7065.78,385.31,21.84,19.95,774.77,85.50,129.12,80.91,1394.78,77.42,72.60,29.98,167.46,75.15,90.95,38.61,106.35,28.41,1746.32,152.37,3.79,0.51,103.34,14.98,8.05,2.40,0.00,0.00,15.48,2.39,10.02,4.10,2.00,4.74,13.58,20.26,55.45,7.64,4.06,4.37
25.10,25.1,25/11/2025 11:12:34,4.746,13.355,1181238.052,16.0,846644.0,574451.0,992151.10,227.49,1459.82,1348.57,370.56,3264.16,178.92,44.21,48.86,402.21,33.86,0.00,0.00,929.16,54.49,46.27,18.91,45.67,41.77,38.91,22.88,65.43,19.42,1257.29,109.89,3.01,0.40,89.84,13.98,7.17,1.96,0.00,0.00,15.67,2.15,7.34,2.99,1.52,3.48,0.99,18.30,49.62,6.99,4.36,3.78,14636.53,377.25,2420.78,2548.08,700.16,6983.13,382.78,101.29,111.95,1004.28,84.55,0.00,0.00,1300.09,76.24,77.19,31.55,81.53,74.56,56.87,33.43,94.01,27.90,1797.60,157.12,3.83,0.51,112.46,17.50,8.92,2.44,0.00,0.00,18.54,2.54,9.91,4.03,2.03,4.65,1.10,20.43,53.45,7.53,4.94,4.29
25.20,25.2,25/11/2025 11:12:53,4.512,13.424,,16.0,846136.0,572722.0,991299.47,269.27,1343.63,1791.07,424.92,3469.95,185.90,27.72,47.58,361.07,34.13,97.28,64.70,1046.10,55.92,43.13,17.84,109.14,42.41,47.88,24.08,70.41,19.68,1158.59,100.98,3.58,0.42,110.56,20.19,8.36,1.94,0.00,0.00,17.27,2.29,7.68,2.97,0.87,3.46,10.92,18.18,46.47,7.01,3.22,3.78,16145.68,446.53,2228.11,3384.17,802.88,7423.39,397.69,63.51,109.02,901.57,85.21,117.18,77.93,1463.71,78.24,71.96,29.76,194.84,75.71,69.98,35.20,101.16,28.27,1656.48,144.37,4.55,0.54,138.39,25.27,10.40,2.42,0.00,0.00,20.42,2.70,10.37,4.01,1.16,4.62,12.19,20.30,50.06,7.55,3.65,4.29
25.30,25.3,25/11/2025 11:13:12,4.457,16.599,,16.0,848624.0,575456.0,991754.44,279.71,1460.93,1411.75,384.23,3474.39,187.59,79.97,51.80,453.65,33.72,0.00,0.00,1002.71,55.45,28.63,13.71,91.86,42.12,60.08,26.06,65.03,19.43,1122.52,97.84,3.24,0.42,84.65,12.56,8.10,1.93,0.00,0.00,12.70,2.01,7.23,2.99,3.79,3.50,9.00,18.16,43.94,6.96,2.60,3.80,15491.41,463.83,2422.63,2667.46,725.99,7432.89,401.33,183.25,118.70,1132.72,84.19,0.00,0.00,1403.00,77.58,47.77,22.87,163.99,75.19,87.81,38.09,93.44,27.92,1604.91,139.89,4.12,0.53,105.97,15.72,10.08,2.41,0.00,0.00,15.02,2.38,9.77,4.03,5.06,4.67,10.05,20.27,47.34,7.50,2.95,4.31
25.40,25.4,25/11/2025 11:13:31,4.651,11.899,,16.0,849144.0,577788.0,991739.55,446.67,1408.09,1534.49,394.97,3525.30,188.78,14.59,48.02,479.20,33.79,0.00,0.00,948.43,54.82,18.39,13.68,85.60,42.20,52.78,24.83,70.99,19.62,884.19,77.02,3.46,0.42,99.48,16.88,6.82,1.92,0.00,0.00,13.81,2.05,3.52,2.96,1.13,3.48,15.61,18.22,51.75,7.13,4.25,3.77,15603.66,740.70,2335.00,2899.36,746.27,7541.79,403.87,33.44,110.03,1196.52,84.36,0.00,0.00,1327.05,76.71,30.68,22.83,152.81,75.33,77.14,36.30,102.01,28.20,1264.17,110.12,4.41,0.53,124.53,21.13,8.49,2.39,0.00,0.00,16.33,2.43,4.76,4.00,1.50,4.65,17.43,20.35,55.74,7.68,4.82,4.28
25.50,25.5,25/11/2025 11:14:00,6.006,11.639,,15.9,853626.0,577681.0,992004.61,297.51,1387.88,1743.46,422.31,3253.83,179.94,28.20,22.90,308.79,34.46,62.99,55.17,1005.84,55.29,29.06,13.72,87.45,42.04,67.00,27.27,58.03,19.19,845.21,73.90,3.16,0.41,106.24,19.02,9.07,1.99,0.00,0.00,15.87,2.17,7.20,2.98,0.85,3.52,10.12,18.15,49.53,7.01,5.97,3.85,14911.17,493.35,2301.49,3294.20,797.95,6961.03,384.95,64.62,52.47,771.01,86.04,75.88,66.46,1407.37,77.36,48.49,22.89,156.11,75.05,97.93,39.85,83.39,27.57,1208.43,105.66,4.02,0.52,132.98,23.81,11.29,2.48,0.00,0.00,18.77,2.57,9.73,4.02,1.13,4.69,11.30,20.26,53.36,7.55,6.77,4.37
25.60,25.6,25/11/2025 11:14:20,4.106,10.052,1181238.708,16.0,845364.0,576297.0,991936.36,418.50,1421.65,1515.10,393.89,3054.71,171.68,72.19,47.56,381.49,33.83,170.71,76.55,982.91,54.86,9.15,13.63,128.39,42.49,49.67,24.20,76.45,19.81,1020.38,88.76,3.38,0.42,80.22,11.42,7.74,1.94,0.00,0.00,11.57,1.92,5.76,2.98,0.88,3.49,19.72,18.07,51.49,7.18,3.25,3.78,14894.57,693.99,2357.49,2862.73,744.24,6535.04,367.27,165.41,108.98,952.55,84.48,205.64,92.21,1375.30,76.76,15.26,22.74,229.20,75.86,72.59,35.38,109.84,28.47,1458.88,126.90,4.30,0.53,100.41,14.30,9.64,2.42,0.00,0.00,13.68,2.27,7.78,4.03,1.17,4.66,22.02,20.17,55.47,7.73,3.68,4.29
25.70,25.7,25/11/2025 11:14:39,3.990,9.263,,16.0,838787.0,578091.0,992954.67,216.76,1445.61,1451.72,384.57,2916.70,165.61,91.96,57.10,402.74,33.39,55.78,51.44,837.96,52.93,16.07,13.46,75.51,41.44,44.99,23.42,53.21,18.73,702.12,61.73,3.40,0.41,83.43,12.45,6.72,1.90,0.00,0.00,11.69,1.91,6.39,2.94,1.52,3.44,18.88,17.97,45.16,6.87,2.63,3.70,13320.19,359.44,2397.21,2742.98,726.63,6239.80,354.29,210.71,130.84,1005.61,83.37,67.19,61.96,1172.47,74.06,26.81,22.46,134.79,73.97,65.75,34.23,76.46,26.91,1003.86,88.26,4.33,0.52,104.44,15.58,8.36,2.37,0.00,0.00,13.82,2.25,8.63,3.97,2.03,4.59,21.08,20.07,48.64,7.40,2.99,4.20
25.80,25.8,25/11/2025 11:14:58,4.198,17.194,,16.0,843338.0,579844.0,993462.81,335.36,1434.54,1250.41,357.42,2841.53,162.95,11.62,10.29,343.39,33.97,0.00,0.00,792.87,52.61,17.55,13.56,45.18,41.41,53.32,24.78,6.02,1.30,673.03,59.32,3.25,0.40,79.64,11.51,6.36,1.85,0.00,0.00,11.90,1.92,6.90,2.91,1.29,3.45,4.88,18.09,48.57,6.94,4.13,3.64,12349.21,556.12,2378.87,2362.61,675.32,6078.99,348.60,26.62,23.58,857.42,84.82,0.00,0.00,1109.39,73.62,29.29,22.62,80.65,73.93,77.93,36.22,8.65,1.87,962.26,84.82,4.13,0.50,99.69,14.41,7.92,2.30,0.00,0.00,14.08,2.27,9.32,3.93,1.72,4.60,5.44,20.19,52.32,7.47,4.68,4.13
25.90,25.9,25/11/2025 11:15:17,4.961,11.843,,16.0,837384.0,580575.0,993355.84,642.62,1443.28,1285.29,361.71,2717.81,158.69,42.37,31.13,274.41,34.07,30.09,36.79,716.02,51.34,5.54,13.40,101.14,41.61,56.35,25.11,52.91,18.67,506.75,46.03,3.68,0.41,112.21,21.33,7.69,1.87,0.00,0.00,10.75,1.78,8.85,2.93,2.49,3.42,16.12,17.87,47.27,6.83,3.80,3.64,12457.46,1065.64,2393.36,2428.51,683.44,5814.30,339.49,97.08,71.32,685.18,85.07,36.25,44.32,1001.86,71.84,9.25,22.35,180.55,74.28,82.36,36.70,76.02,26.82,724.53,65.81,4.68,0.52,140.46,26.70,9.57,2.33,0.00,0.00,12.72,2.11,11.95,3.95,3.32,4.57,18.00,19.95,50.92,7.36,4.31,4.13
26.00,26.0,25/11/2025 11:15:46,5.730,12.173,,16.0,840794.0,579090.0,992171.51,639.92,1389.06,1558.32,394.41,3297.22,179.99,175.58,100.35,354.94,33.90,8.98,24.65,789.30,52.89,6.76,13.61,72.85,41.82,48.59,24.06,49.54,18.72,639.88,56.65,2.92,0.39,86.98,13.41,7.39,1.89,0.00,0.00,11.67,1.89,4.90,2.95,2.38,3.45,14.26,18.13,50.61,7.10,5.50,3.76,14883.64,1061.16,2303.44,2944.39,745.23,7053.86,385.05,402.31,229.94,886.25,84.66,10.82,29.70,1104.39,74.00,11.27,22.70,130.05,74.66,71.02,35.16,71.18,26.90,914.87,81.00,3.71,0.50,108.89,16.78,9.20,2.36,0.00,0.00,13.80,2.23,6.63,3.98,3.17,4.60,15.93,20.24,54.52,7.65,6.24,4.27
26.10,26.1,25/11/2025 11:16:06,5.027,15.805,1181238.183,16.0,837260.0,574164.0,993179.17,163.12,1397.49,1615.45,400.35,2610.10,153.17,151.36,86.73,426.62,33.18,0.00,0.00,776.98,52.31,4.76,13.45,78.84,41.36,68.25,27.31,47.18,18.52,714.51,62.75,3.36,0.41,67.92,8.62,7.67,1.92,0.00,0.00,9.91,1.76,5.94,2.88,0.78,3.39,16.06,17.91,48.27,6.89,3.73,3.61,12937.53,270.50,2317.42,3052.34,756.45,5583.87,327.68,346.82,198.73,1065.24,82.86,0.00,0.00,1087.16,73.19,7.95,22.44,140.75,73.83,99.75,39.92,67.78,26.61,1021.57,89.71,4.28,0.52,85.03,10.79,9.55,2.38,0.00,0.00,11.72,2.08,8.02,3.89,1.04,4.52,17.93,20.00,51.99,7.42,4.23,4.09
26.20,26.2,25/11/2025 11:16:25,4.938,12.693,,16.0,837644.0,576999.0,993147.38,360.87,1385.27,1379.29,367.44,2716.79,156.59,0.59,0.57,355.85,33.33,0.00,0.00,838.57,52.81,0.00,0.00,104.53,41.35,85.95,30.71,0.40,0.09,740.25,64.68,3.45,0.40,83.09,12.34,7.54,1.90,0.00,0.00,10.94,1.86,7.43,2.93,3.86,3.40,105.77,61.59,45.11,6.83,2.33,3.66,12766.29,598.43,2297.17,2606.12,694.26,5812.13,335.00,1.35,1.29,888.52,83.22,0.00,0.00,1173.34,73.89,0.00,0.00,186.61,73.83,125.62,44.89,0.57,0.12,1058.36,92.47,4.39,0.51,104.01,15.44,9.38,2.36,0.00,0.00,12.93,2.20,10.04,3.95,5.14,4.54,118.10,68.77,48.59,7.36,2.65,4.16
26.30,26.3,25/11/2025 11:16:45,4.198,16.727,,16.0,837251.0,571673.0,992320.66,590.46,1396.38,1551.22,391.55,3006.26,168.35,130.40,75.90,262.08,34.13,44.27,45.80,858.68,53.18,17.58,13.48,81.41,41.44,75.79,28.74,60.22,18.92,824.39,71.76,3.37,0.41,78.45,11.08,6.85,1.87,0.00,0.00,14.86,2.09,8.70,2.92,1.71,3.43,12.26,17.89,46.75,7.06,3.64,3.72,14310.90,979.14,2315.58,2930.97,739.82,6431.39,360.16,298.79,173.91,654.39,85.23,53.33,55.17,1201.47,74.41,29.34,22.49,145.32,73.97,110.77,42.00,86.53,27.18,1178.66,102.60,4.29,0.52,98.21,13.87,8.52,2.33,0.00,0.00,17.58,2.47,11.75,3.95,2.28,4.58,13.69,19.97,50.36,7.60,4.13,4.22
26.40,26.4,25/11/2025 11:17:04,3.847,9.917,,16.0,833402.0,564794.0,992730.33,717.30,1410.45,1480.67,382.57,2717.98,157.42,15.80,13.55,355.67,33.68,0.00,0.00,827.39,52.69,5.71,13.42,68.11,41.21,66.54,26.89,58.22,18.74,787.75,68.60,3.33,0.40,67.54,8.51,8.68,1.95,0.00,0.00,17.23,2.22,10.56,2.91,0.74,3.35,12.21,17.86,44.57,6.87,3.68,3.64,13523.11,1189.48,2338.91,2797.66,722.85,5814.67,336.77,36.21,31.05,888.06,84.09,0.00,0.00,1157.69,73.72,9.52,22.39,121.59,73.56,97.26,39.30,83.65,26.92,1126.28,98.08,4.23,0.52,84.54,10.65,10.80,2.43,0.00,0.00,20.38,2.62,14.26,3.93,0.99,4.46,13.63,19.94,48.01,7.40,4.18,4.13
26.50,26.5,25/11/2025 11:17:33,3.617,10.710,,16.0,838333.0,577174.0,992851.97,565.71,1458.85,1459.05,378.65,2835.89,161.23,76.32,48.77,267.62,33.93,71.30,57.00,846.42,53.15,3.10,13.53,51.23,41.52,57.95,25.50,57.85,18.89,669.21,59.05,3.40,0.40,91.01,14.56,7.56,1.86,0.00,0.00,11.87,1.92,5.19,2.92,1.75,3.46,12.60,18.09,49.52,6.89,3.50,3.64,13318.77,938.10,2419.17,2756.82,715.44,6066.91,344.93,174.87,111.74,668.21,84.72,85.88,68.66,1184.31,74.37,5.17,22.57,91.45,74.12,84.69,37.28,83.12,27.14,956.80,84.42,4.33,0.51,113.92,18.23,9.42,2.32,0.00,0.00,14.04,2.27,7.00,3.94,2.33,4.61,14.07,20.20,53.35,7.42,3.97,4.13
26.60,26.6,25/11/2025 11:17:53,3.425,4.100,1181244.664,16.0,838395.0,583201.0,993077.19,545.12,1427.84,1254.52,354.01,2799.94,161.05,104.66,63.46,347.55,33.65,13.07,24.31,844.94,52.96,15.99,13.52,70.48,41.50,64.80,26.75,59.51,18.97,610.59,54.29,3.47,0.41,94.04,15.47,8.46,1.89,0.00,0.00,8.09,1.62,5.99,2.92,2.04,3.46,15.44,18.01,49.35,7.05,4.75,3.68,13004.48,903.95,2367.76,2370.36,668.89,5990.02,344.54,239.81,145.41,867.81,84.01,15.75,29.29,1182.25,74.10,26.68,22.56,125.81,74.08,94.70,39.09,85.51,27.25,872.99,77.62,4.42,0.52,117.72,19.37,10.54,2.35,0.00,0.00,9.57,1.91,8.10,3.95,2.72,4.61,17.24,20.10,53.16,7.59,5.38,4.17
26.70,26.7,25/11/2025 11:18:12,2.571,3.637,,16.0,838832.0,585037.0,993390.98,312.33,1375.40,1265.89,356.79,2870.40,164.38,26.60,47.59,381.17,33.28,0.00,0.00,805.21,52.54,17.14,13.46,77.71,41.46,49.65,24.11,56.32,18.82,585.47,52.28,3.16,0.39,76.31,10.66,8.03,1.91,0.00,0.00,9.24,1.73,2.90,2.89,0.34,3.46,11.74,17.95,46.34,6.92,3.07,3.68,12539.10,517.93,2280.79,2391.85,674.13,6140.74,351.67,60.96,109.05,951.74,83.09,0.00,0.00,1126.66,73.52,28.59,22.46,138.73,74.02,72.57,35.24,80.93,27.05,837.07,74.75,4.03,0.50,95.52,13.34,9.99,2.38,0.00,0.00,10.93,2.04,3.92,3.90,0.45,4.62,13.10,20.04,49.92,7.45,3.49,4.18
26.80,26.8,25/11/2025 11:18:31,2.558,4.694,,15.9,839204.0,586950.0,993817.01,269.99,1369.40,1570.09,395.28,2505.95,149.17,19.45,16.37,335.11,33.51,8.29,24.34,742.03,52.12,12.25,13.41,54.40,40.98,52.05,24.44,40.47,18.30,411.09,38.74,3.59,0.41,73.25,9.98,5.70,1.80,0.00,0.00,6.51,1.44,3.54,2.85,1.74,3.44,20.44,17.90,44.64,6.85,2.41,3.63,11736.29,447.72,2270.85,2966.62,746.86,5361.06,319.12,44.56,37.50,836.75,83.66,9.99,29.32,1038.25,72.93,20.43,22.38,97.12,73.15,76.08,35.73,58.14,26.30,587.75,55.39,4.57,0.52,91.69,12.50,7.10,2.24,0.00,0.00,7.70,1.70,4.78,3.85,2.32,4.58,22.82,19.98,48.09,7.38,2.73,4.12
26.90,26.9,25/11/2025 11:18:51,2.958,5.091,,15.9,840036.0,585173.0,993866.02,551.33,1452.16,1294.01,363.67,2423.96,146.56,34.42,26.25,327.18,33.58,0.00,0.00,713.04,51.47,3.35,13.48,67.28,41.32,73.21,28.27,56.64,18.81,408.23,38.48,3.31,0.39,84.30,12.85,7.45,1.87,0.00,0.00,7.35,1.50,4.50,2.88,2.24,3.43,20.62,17.98,46.94,6.79,4.62,3.59,11551.75,914.26,2408.08,2444.98,687.14,5185.66,313.55,78.87,60.15,816.94,83.86,0.00,0.00,997.69,72.01,5.60,22.49,120.10,73.76,107.00,41.31,81.38,27.03,583.66,55.01,4.22,0.50,105.53,16.08,9.27,2.32,0.00,0.00,8.69,1.77,6.07,3.89,2.99,4.58,23.02,20.07,50.56,7.31,5.24,4.07
27.00,27.0,25/11/2025 11:19:20,2.936,4.366,,16.0,836798.0,580393.0,993745.20,308.96,1385.34,1420.84,374.71,2556.55,152.09,49.00,35.01,357.47,33.58,34.74,40.37,701.39,51.59,13.65,13.43,87.86,41.54,68.56,27.35,48.73,18.52,438.40,40.68,3.41,0.40,86.29,13.37,7.77,1.89,0.00,0.00,5.70,1.35,5.03,2.89,0.99,3.40,7.71,17.89,49.14,6.94,2.60,3.58,11872.40,512.35,2297.27,2684.63,707.99,5469.32,325.37,112.27,80.21,892.58,83.85,41.85,48.63,981.39,72.18,22.77,22.41,156.84,74.16,100.21,39.97,70.01,26.61,626.81,58.17,4.33,0.50,108.01,16.73,9.68,2.36,0.00,0.00,6.75,1.59,6.79,3.90,1.32,4.54,8.61,19.97,52.94,7.48,2.95,4.06
27.10,27.1,25/11/2025 11:19:40,2.595,13.690,1181237.985,16.0,834029.0,582014.0,993710.20,242.27,1392.84,1537.12,383.09,2457.40,145.95,55.39,37.91,298.12,33.27,17.44,25.76,793.11,52.39,12.29,13.45,69.08,41.31,61.05,25.97,47.59,18.48,524.34,47.43,3.37,0.40,77.29,10.95,7.92,1.89,0.00,0.00,9.03,1.66,7.19,2.90,2.52,3.46,15.14,17.92,48.35,6.95,3.79,3.65,11824.36,401.74,2309.71,2904.33,723.84,5257.20,312.24,126.93,86.87,744.38,83.07,21.00,31.04,1109.73,73.31,20.50,22.44,123.33,73.74,89.23,37.96,68.38,26.56,749.67,67.81,4.29,0.51,96.75,13.70,9.85,2.35,0.00,0.00,10.68,1.96,9.72,3.92,3.36,4.61,16.90,20.01,52.08,7.49,4.30,4.14
27.20,27.2,25/11/2025 11:19:59,2.772,12.830,,16.0,836754.0,579704.0,992729.68,778.68,1368.20,1739.94,406.74,2322.49,141.04,148.94,85.48,390.89,33.35,0.00,0.00,801.16,52.72,4.39,13.51,78.97,41.72,63.06,26.41,59.75,18.99,699.48,61.53,3.65,0.42,89.51,14.12,8.00,1.89,0.00,0.00,7.59,1.56,5.09,2.92,1.09,3.44,13.61,18.04,51.05,6.99,2.98,3.57,13529.60,1291.26,2268.86,3287.56,768.52,4968.59,301.74,341.27,195.87,976.02,83.26,0.00,0.00,1120.99,73.76,7.32,22.54,140.97,74.47,92.17,38.61,85.85,27.29,1000.08,87.97,4.65,0.53,112.04,17.68,9.95,2.35,0.00,0.00,8.98,1.85,6.87,3.95,1.45,4.58,15.20,20.14,54.99,7.53,3.38,4.05
27.30,27.3,25/11/2025 11:20:18,2.740,13.354,,16.0,837713.0,578164.0,993109.42,453.06,1393.14,1444.40,370.65,2452.44,145.56,81.82,51.75,397.90,33.44,0.00,0.00,803.46,52.66,26.94,13.52,77.48,41.47,52.10,24.56,72.64,19.54,870.53,75.86,3.50,0.41,68.03,8.61,7.80,1.93,0.00,0.00,11.49,1.88,5.71,2.86,0.85,3.47,7.03,17.98,49.47,6.99,3.95,3.72,12827.99,751.29,2310.22,2729.14,700.32,5246.58,311.39,187.47,118.57,993.51,83.50,0.00,0.00,1124.20,73.68,44.96,22.56,138.32,74.04,76.15,35.90,104.37,28.07,1244.64,108.46,4.45,0.53,85.16,10.78,9.71,2.41,0.00,0.00,13.59,2.22,7.71,3.86,1.13,4.63,7.85,20.07,53.29,7.53,4.49,4.22
27.40,27.4,25/11/2025 11:20:38,2.551,17.985,,16.0,836679.0,580603.0,993070.11,291.15,1342.57,1681.51,394.60,2543.62,148.17,28.49,46.58,271.83,33.45,0.00,0.00,870.10,53.54,18.71,13.46,105.33,41.69,60.58,25.87,75.79,19.57,813.78,70.94,3.19,0.40,68.26,8.66,9.37,1.98,0.00,0.00,9.57,1.73,5.51,2.96,1.96,3.45,15.82,17.87,51.48,7.02,3.85,3.66,12843.27,482.81,2226.35,3177.15,745.58,5441.66,316.98,65.28,106.72,678.73,83.52,0.00,0.00,1217.45,74.91,31.21,22.46,188.03,74.42,88.54,37.82,108.89,28.12,1163.49,101.42,4.06,0.51,85.44,10.85,11.66,2.46,0.00,0.00,11.31,2.04,7.44,3.99,2.61,4.60,17.67,19.95,55.45,7.56,4.37,4.15
27.50,27.5,25/11/2025 11:21:07,2.017,14.879,,16.0,837968.0,576711.0,992966.73,326.17,1337.99,1713.03,400.35,2578.63,150.76,46.67,48.30,431.63,33.10,0.00,0.00,808.03,52.61,8.86,13.54,56.51,41.45,42.39,23.14,55.86,18.92,777.75,68.09,3.15,0.40,83.11,12.35,8.06,1.93,0.00,0.00,12.33,1.92,9.63,2.94,0.97,3.44,14.49,18.07,51.56,7.04,4.45,3.71,13202.97,540.87,2218.75,3236.70,756.44,5516.54,322.52,106.93,110.66,1077.73,82.66,0.00,0.00,1130.60,73.61,14.78,22.59,100.89,73.99,61.96,33.82,80.26,27.18,1111.98,97.35,4.01,0.50,104.03,15.47,10.04,2.40,0.00,0.00,14.58,2.27,13.01,3.97,1.30,4.59,16.18,20.18,55.55,7.58,5.05,4.21
27.60,27.6,25/11/2025 11:21:27,2.488,12.173,1181243.933,16.0,839101.0,576254.0,992291.05,1139.63,1411.97,1621.38,394.75,2519.62,148.70,40.15,47.66,385.44,33.45,0.00,0.00,843.90,53.30,11.46,13.52,48.39,41.52,67.75,27.33,67.80,19.33,788.83,68.97,3.60,0.42,81.89,12.00,6.73,1.85,0.00,0.00,12.52,1.94,5.68,2.94,1.55,3.46,11.36,18.11,47.36,6.89,3.91,3.71,14216.78,1889.83,2341.43,3063.54,745.86,5390.32,318.11,92.00,109.20,962.41,83.53,0.00,0.00,1180.78,74.57,19.11,22.56,86.38,74.12,99.02,39.94,97.42,27.78,1127.82,98.61,4.58,0.53,102.51,15.02,8.38,2.30,0.00,0.00,14.81,2.30,7.67,3.97,2.07,4.62,12.68,20.22,51.01,7.42,4.43,4.21
27.70,27.7,25/11/2025 11:21:46,2.371,14.085,,16.0,839195.0,575664.0,993013.07,709.21,1362.81,1641.13,391.49,2447.40,146.06,73.66,47.78,311.88,33.71,14.20,24.36,791.54,52.67,17.25,13.56,46.78,41.43,80.37,29.81,41.51,18.39,630.77,56.00,3.28,0.40,85.53,13.07,6.76,1.86,0.00,0.00,12.52,1.90,7.72,2.91,2.08,3.40,7.97,18.09,50.22,6.92,5.17,3.72,12992.60,1176.06,2259.91,3100.84,739.71,5235.81,312.46,168.77,109.48,778.74,84.18,17.10,29.35,1107.52,73.70,28.77,22.62,83.51,73.96,117.47,43.57,59.65,26.42,901.84,80.06,4.17,0.50,107.06,16.35,8.42,2.32,0.00,0.00,14.81,2.25,10.43,3.94,2.77,4.53,8.90,20.19,54.10,7.46,5.86,4.23
27.80,27.8,25/11/2025 11:22:05,2.105,8.665,,16.0,840712.0,576968.0,992966.09,428.61,1396.45,1613.65,393.19,2666.82,154.86,31.95,24.79,252.93,34.14,46.30,46.70,864.42,53.27,11.72,13.61,64.08,41.69,50.42,24.34,57.79,18.97,773.74,67.65,3.45,0.41,87.84,13.64,8.58,1.90,0.00,0.00,8.58,1.67,7.52,2.95,1.77,3.42,7.86,18.09,43.14,6.85,2.74,3.70,13037.90,710.75,2315.69,3048.94,742.91,5705.22,331.30,73.21,56.80,631.54,85.25,55.77,56.25,1209.50,74.53,19.56,22.71,114.39,74.43,73.69,35.58,83.04,27.25,1106.25,96.72,4.39,0.52,109.95,17.07,10.68,2.36,0.00,0.00,10.15,1.97,10.16,3.98,2.36,4.55,8.78,20.20,46.47,7.38,3.11,4.19
27.90,27.9,25/11/2025 11:22:25,1.553,10.251,,16.0,846511.0,579093.0,992614.31,492.11,1413.59,1622.35,400.44,2850.02,162.66,60.84,41.15,294.20,34.14,0.00,0.00,906.12,54.09,7.33,13.57,74.83,41.72,80.78,29.86,55.19,18.87,749.22,65.75,3.35,0.40,98.07,16.60,6.65,1.90,0.00,0.00,11.87,1.88,9.89,2.99,1.51,3.47,9.74,18.04,47.19,6.93,4.42,3.81,13766.23,816.06,2344.12,3065.37,756.61,6097.14,347.98,139.42,94.29,734.60,85.24,0.00,0.00,1267.85,75.68,12.22,22.65,133.58,74.48,118.06,43.64,79.30,27.11,1071.19,94.00,4.26,0.51,122.76,20.78,8.27,2.36,0.00,0.00,14.04,2.22,13.37,4.03,2.02,4.62,10.87,20.14,50.84,7.47,5.02,4.33
28.00,28.0,25/11/2025 11:22:54,1.809,9.459,,16.0,848023.0,571738.0,992131.30,423.12,1491.53,1237.09,362.81,3292.58,180.95,35.88,48.84,390.67,34.10,77.44,59.61,964.01,54.44,54.89,20.66,107.74,42.16,54.88,25.14,48.94,18.88,991.24,86.37,2.93,0.40,87.55,13.40,7.26,1.89,0.00,0.00,17.11,2.24,8.09,2.96,1.23,3.46,11.15,18.10,51.65,7.16,3.24,3.70,14661.43,701.66,2473.37,2337.44,685.51,7043.92,387.12,82.22,111.92,975.46,85.14,93.28,71.81,1348.85,76.17,91.59,34.47,192.33,75.27,80.21,36.75,70.32,27.13,1417.22,123.49,3.73,0.50,109.59,16.77,9.04,2.36,0.00,0.00,20.24,2.65,10.93,4.00,1.64,4.62,12.45,20.21,55.64,7.71,3.68,4.20
28.10,28.1,25/11/2025 11:23:14,1.588,17.322,1181238.714,16.0,848187.0,569055.0,992753.16,329.89,1412.44,1288.31,365.56,2877.79,165.17,39.75,29.86,375.28,33.87,0.00,0.00,891.57,53.84,25.72,13.68,88.82,42.00,59.27,25.82,71.79,19.59,999.35,87.05,3.57,0.42,92.92,14.97,6.46,1.90,0.00,0.00,23.99,2.55,7.02,2.92,0.58,3.42,11.50,18.11,49.63,6.90,3.64,3.73,13471.45,547.05,2342.22,2434.22,690.70,6156.56,353.36,91.09,68.42,937.04,84.58,0.00,0.00,1247.48,75.33,42.92,22.82,158.56,74.98,86.62,37.74,103.15,28.15,1428.82,124.46,4.54,0.53,116.31,18.74,8.04,2.37,0.00,0.00,28.37,3.01,9.48,3.95,0.77,4.56,12.84,20.22,53.46,7.43,4.13,4.23
28.20,28.2,25/11/2025 11:23:33,1.352,18.580,,15.9,856338.0,574940.0,991502.37,1141.05,1445.10,1577.07,399.62,2998.55,169.87,35.51,27.51,389.61,34.48,0.00,0.00,917.17,54.65,11.16,13.79,98.44,42.56,45.60,23.86,62.53,19.50,1002.22,87.46,3.12,0.40,101.72,17.53,8.16,1.92,0.00,0.00,16.14,2.21,9.31,2.94,1.84,3.50,25.09,18.36,49.52,7.11,3.83,3.80,15669.42,1892.17,2396.37,2979.82,755.07,6414.91,363.40,81.37,63.04,972.82,86.10,0.00,0.00,1283.31,76.46,18.62,23.01,175.73,75.98,66.65,34.87,89.85,28.02,1432.91,125.05,3.97,0.51,127.33,21.94,10.15,2.38,0.00,0.00,19.08,2.62,12.57,3.97,2.45,4.67,28.01,20.50,53.34,7.65,4.35,4.31
28.30,28.3,25/11/2025 11:23:53,1.055,15.473,,16.0,855604.0,570348.0,992623.85,397.91,1490.65,1439.01,389.68,2768.65,162.15,24.50,48.34,399.88,34.35,0.00,0.00,924.88,54.72,20.26,13.79,72.54,42.10,62.18,26.48,69.40,19.59,967.11,84.35,3.05,0.40,110.90,20.55,7.01,1.89,0.00,0.00,18.48,2.30,10.74,2.96,0.68,3.43,24.94,18.30,48.39,7.09,5.63,3.81,13662.26,659.84,2471.91,2718.95,736.29,5923.07,346.90,56.15,110.76,998.46,85.76,0.00,0.00,1294.09,76.56,33.81,23.02,129.49,75.16,90.88,38.70,99.72,28.15,1382.71,120.61,3.88,0.51,138.82,25.73,8.73,2.35,0.00,0.00,21.86,2.72,14.51,4.00,0.91,4.58,27.85,20.43,52.13,7.64,6.39,4.32
28.40,28.4,25/11/2025 11:24:12,1.584,13.948,,16.0,853629.0,568598.0,991951.91,268.13,1429.56,1852.36,435.79,3171.29,175.03,6.13,47.50,333.98,34.51,156.80,75.58,918.36,54.61,22.68,13.78,74.45,42.28,45.83,23.85,59.03,19.25,884.68,77.12,3.21,0.40,127.82,26.42,9.10,1.93,0.00,0.00,21.61,2.46,14.76,3.01,1.27,3.44,16.40,18.33,54.35,7.20,5.87,3.74,14944.36,444.63,2370.61,3499.96,823.41,6784.44,374.45,14.04,108.83,833.92,86.17,188.88,91.04,1284.97,76.41,37.84,23.00,132.90,75.48,66.98,34.85,84.82,27.65,1264.86,110.26,4.08,0.51,160.01,33.08,11.33,2.41,0.00,0.00,25.55,2.91,19.94,4.07,1.69,4.59,18.31,20.47,58.55,7.76,6.66,4.25
28.50,28.5,25/11/2025 11:24:42,1.518,12.363,,15.9,855892.0,586017.0,992610.59,319.56,1480.34,1663.19,415.69,2956.09,168.14,68.91,46.07,250.62,35.02,60.50,54.22,866.85,53.74,15.90,13.73,73.64,42.25,60.72,26.26,63.74,19.45,779.99,68.49,3.11,0.40,110.78,20.62,7.17,1.86,0.00,0.00,12.75,1.95,10.79,2.98,1.18,3.50,12.27,18.30,46.79,6.98,4.85,3.72,13771.87,529.91,2454.81,3142.53,785.42,6324.06,359.71,157.91,105.56,625.76,87.44,72.88,65.31,1212.91,75.20,26.53,22.91,131.46,75.43,88.75,38.39,91.59,27.94,1115.19,97.92,3.96,0.51,138.67,25.81,8.93,2.32,0.00,0.00,15.07,2.31,14.57,4.03,1.57,4.66,13.70,20.44,50.40,7.52,5.51,4.22
28.60,28.6,25/11/2025 11:25:01,4.485,12.169,1181241.750,15.9,857961.0,594739.0,992445.43,534.87,1454.33,1416.01,384.89,3336.14,183.18,39.03,29.73,288.39,34.93,103.30,66.60,769.26,53.43,4.84,13.76,118.28,42.95,52.91,24.95,45.38,18.89,649.28,57.86,3.38,0.41,108.39,19.89,7.16,1.90,0.00,0.00,8.16,1.64,6.40,2.96,1.60,3.54,13.21,18.32,45.31,6.97,3.27,3.76,14236.54,886.97,2411.68,2675.50,727.23,7137.12,391.89,89.43,68.13,720.08,87.22,124.43,80.23,1076.36,74.76,8.07,22.97,211.15,76.68,77.33,36.47,65.21,27.14,928.30,82.73,4.30,0.52,135.68,24.89,8.92,2.36,0.00,0.00,9.66,1.94,8.65,4.00,2.14,4.72,14.75,20.45,48.81,7.51,3.71,4.27
28.70,28.7,25/11/2025 11:25:20,5.927,10.516,,15.9,856497.0,593326.0,992215.15,609.55,1482.37,1329.14,374.76,3179.47,177.21,54.42,38.48,308.96,34.64,67.97,56.75,857.93,53.88,12.37,13.73,103.45,42.53,63.51,26.70,43.38,18.75,957.23,83.56,3.59,0.42,103.18,18.05,6.44,1.90,0.00,0.00,6.10,1.41,5.74,3.02,1.07,3.56,17.06,18.26,50.53,7.11,3.75,3.74,14467.49,1010.80,2458.17,2511.37,708.10,6801.94,379.10,124.70,88.17,771.44,86.50,81.88,68.36,1200.42,75.39,20.63,22.91,184.68,75.93,92.82,39.03,62.34,26.94,1368.59,119.47,4.57,0.54,129.16,22.60,8.01,2.37,0.00,0.00,7.21,1.67,7.75,4.08,1.43,4.74,19.05,20.38,54.43,7.66,4.26,4.25
28.80,28.8,25/11/2025 11:25:40,4.702,11.971,,15.9,863149.0,585264.0,991624.75,781.22,1423.49,1687.21,414.72,3241.77,178.31,41.16,49.13,322.88,34.88,56.91,53.61,920.00,55.36,17.94,13.94,75.47,42.71,73.46,28.75,66.32,19.69,914.21,79.98,3.35,0.41,78.58,11.05,7.15,1.88,0.00,0.00,13.48,2.03,8.60,2.99,2.01,3.51,9.08,18.49,51.79,7.09,2.68,3.77,15560.07,1295.48,2360.54,3187.92,783.61,6935.24,381.47,94.30,112.58,806.19,87.10,68.55,64.58,1287.27,77.46,29.93,23.26,134.72,76.25,107.37,42.02,95.29,28.29,1307.08,114.35,4.26,0.52,98.36,13.84,8.89,2.34,0.00,0.00,15.94,2.39,11.62,4.04,2.68,4.68,10.14,20.64,55.79,7.64,3.04,4.27
28.90,28.9,25/11/2025 11:25:59,4.186,18.456,,15.9,872307.0,585036.0,991636.08,630.32,1482.70,1579.18,409.56,3428.58,187.70,9.44,8.89,307.13,35.51,39.53,44.93,973.59,55.80,24.44,14.12,71.71,43.04,31.54,22.35,42.49,19.13,1051.70,92.12,3.13,0.41,70.46,9.07,9.32,2.01,0.00,0.00,15.07,2.13,9.92,3.04,2.06,3.48,12.49,18.68,47.16,7.02,4.63,3.74,15549.70,1045.25,2458.72,2983.80,773.85,7334.88,401.55,21.63,20.38,766.88,88.67,47.62,54.12,1362.26,78.07,40.78,23.56,128.02,76.84,46.09,32.67,61.05,27.48,1503.66,131.71,3.99,0.52,88.20,11.36,11.60,2.51,0.00,0.00,17.83,2.52,13.40,4.10,2.75,4.64,13.95,20.86,50.80,7.56,5.25,4.24
29.00,29.0,25/11/2025 11:26:28,3.286,19.117,,15.8,876064.0,586965.0,991349.80,431.41,1500.23,1682.52,422.32,3426.70,187.08,43.54,32.94,442.10,34.92,0.00,0.00,977.96,55.92,61.98,22.89,98.95,43.36,51.87,25.17,60.90,19.83,1188.52,104.17,3.46,0.42,73.08,9.62,8.89,1.97,0.00,0.00,19.13,2.37,13.60,3.13,0.83,3.58,9.74,18.70,50.41,7.13,4.61,3.87,16159.43,715.40,2487.80,3179.05,797.96,7330.85,400.22,99.77,75.47,1103.87,87.20,0.00,0.00,1368.37,78.24,103.41,38.20,176.65,77.40,75.81,36.78,87.51,28.49,1699.28,148.93,4.40,0.53,91.48,12.04,11.06,2.45,0.00,0.00,22.62,2.80,18.38,4.23,1.11,4.77,10.88,20.88,54.30,7.69,5.23,4.39
29.10,29.1,25/11/2025 11:26:48,3.464,14.417,1181241.885,15.9,869534.0,585911.0,991806.32,308.02,1491.26,1571.41,408.45,3489.55,188.35,84.46,54.37,341.22,35.21,38.34,44.58,901.68,55.53,16.40,13.91,99.92,43.00,62.17,26.65,74.57,20.05,1016.34,88.79,3.60,0.43,70.95,9.18,6.19,1.90,0.00,0.00,18.72,2.33,10.41,3.04,1.39,3.51,20.83,18.50,49.10,7.01,8.40,3.92,15380.27,510.79,2472.92,2969.11,771.76,7465.31,402.95,193.53,124.58,852.00,87.91,46.18,53.70,1261.64,77.70,27.37,23.21,178.38,76.75,90.87,38.96,107.15,28.81,1453.11,126.95,4.58,0.54,88.81,11.49,7.70,2.37,0.00,0.00,22.14,2.75,14.07,4.10,1.85,4.68,23.25,20.66,52.90,7.56,9.53,4.44
29.20,29.2,25/11/2025 11:27:07,4.123,21.228,,15.9,868780.0,578322.0,991350.20,741.45,1500.39,1548.11,404.67,3207.37,177.96,114.87,69.85,354.75,35.09,99.42,67.08,992.18,56.15,30.71,14.55,77.92,42.89,61.06,26.54,52.92,19.30,1191.89,104.32,3.27,0.42,65.48,7.91,9.32,1.96,0.00,0.00,19.61,2.40,12.66,3.10,0.17,3.55,11.64,18.59,50.58,7.03,4.43,3.81,15943.73,1229.54,2488.05,2925.09,764.62,6861.63,380.72,263.21,160.06,885.78,87.61,119.77,80.80,1388.27,78.57,51.23,24.28,139.10,76.57,89.24,38.78,76.03,27.73,1704.10,149.15,4.17,0.53,81.96,9.90,11.60,2.44,0.00,0.00,23.19,2.84,17.10,4.19,0.23,4.73,12.99,20.75,54.48,7.58,5.03,4.33
29.30,29.3,25/11/2025 11:27:26,3.304,19.837,,15.9,864095.0,580526.0,991530.77,396.32,1472.29,1731.10,424.52,3562.45,190.10,58.97,41.04,361.84,34.98,4.33,25.24,927.92,54.83,20.84,13.93,96.80,42.91,49.19,24.45,72.33,19.92,1007.96,88.04,3.24,0.41,67.09,8.30,8.10,1.91,0.00,0.00,16.82,2.20,8.28,3.04,1.09,3.53,17.21,18.46,48.48,7.06,8.88,3.84,15928.24,657.21,2441.47,3270.85,802.12,7621.28,406.70,135.12,94.05,903.48,87.33,5.21,30.41,1298.35,76.72,34.77,23.23,172.81,76.59,71.89,35.74,103.92,28.62,1441.13,125.88,4.12,0.52,83.99,10.39,10.08,2.37,0.00,0.00,19.89,2.60,11.18,4.10,1.45,4.71,19.21,20.61,52.23,7.61,10.07,4.35
29.40,29.4,25/11/2025 11:27:46,4.853,18.651,,15.9,862047.0,580133.0,991888.26,323.75,1428.62,1908.09,444.08,3312.93,180.29,13.00,11.54,158.28,35.45,50.18,49.87,886.58,54.83,14.57,13.88,95.27,42.56,55.30,25.27,79.59,20.12,1033.21,90.15,3.01,0.40,66.87,8.27,8.81,1.97,0.00,0.00,16.51,2.21,10.27,3.04,1.24,3.51,17.74,18.31,53.01,7.12,3.54,3.73,15036.81,536.86,2369.05,3605.26,839.07,7087.47,385.69,29.78,26.44,395.22,88.52,60.45,60.07,1240.50,76.72,24.30,23.15,170.08,75.97,80.83,36.94,114.36,28.91,1477.22,128.89,3.83,0.51,83.70,10.35,10.96,2.45,0.00,0.00,19.52,2.61,13.88,4.11,1.66,4.68,19.81,20.44,57.10,7.67,4.01,4.23
29.50,29.5,25/11/2025 11:28:16,5.430,18.450,,15.9,856340.0,575937.0,991726.30,462.36,1483.15,1474.61,391.47,3479.42,188.20,101.91,63.13,341.53,34.73,133.29,72.07,941.08,54.76,24.91,13.80,93.67,42.46,57.30,25.69,53.14,19.16,938.09,81.95,2.84,0.38,70.41,9.06,6.50,1.88,0.00,0.00,16.57,2.20,10.82,3.06,1.46,3.48,13.14,18.29,46.06,6.85,4.59,3.82,15475.79,766.73,2459.46,2786.22,739.66,7443.65,402.63,233.51,144.65,852.77,86.72,160.56,86.81,1316.76,76.61,41.55,23.03,167.21,75.79,83.74,37.55,76.35,27.53,1341.23,117.17,3.62,0.49,88.14,11.34,8.10,2.33,0.00,0.00,19.59,2.60,14.62,4.14,1.95,4.64,14.67,20.42,49.62,7.37,5.21,4.34
29.60,29.6,25/11/2025 11:28:35,5.230,27.447,1181237.717,16.0,845513.0,565281.0,991824.99,818.80,1424.92,1424.04,380.26,3283.64,179.66,70.75,46.51,338.49,34.33,65.26,55.39,892.08,54.09,19.68,13.66,103.98,42.27,70.10,27.85,53.37,18.97,857.13,74.76,3.28,0.41,68.94,8.76,6.79,1.86,0.00,0.00,21.40,2.44,7.63,2.92,0.87,3.39,10.69,18.11,52.78,7.09,5.32,3.74,15240.97,1357.80,2362.90,2690.67,718.50,7024.81,384.35,162.11,106.56,845.18,85.71,78.61,66.73,1248.21,75.68,32.84,22.79,185.62,75.46,102.45,40.70,76.69,27.25,1225.47,106.88,4.17,0.52,86.30,10.96,8.45,2.31,0.00,0.00,25.31,2.88,10.30,3.94,1.15,4.52,11.93,20.23,56.86,7.64,6.04,4.24
29.70,29.7,25/11/2025 11:28:55,6.760,21.166,,16.0,846710.0,558036.0,991835.33,451.40,1468.46,1592.48,405.02,3343.83,182.15,107.23,65.34,338.40,34.35,53.56,51.48,841.10,53.88,21.14,13.63,115.81,42.32,65.20,26.88,73.47,19.67,975.55,84.90,2.97,0.39,72.46,9.54,6.32,1.86,0.00,0.00,18.66,2.32,12.48,3.01,0.37,3.36,16.01,18.08,51.44,7.01,4.79,3.76,15301.24,748.55,2435.11,3008.93,765.27,7153.57,389.68,245.71,149.73,844.96,85.76,64.52,62.02,1176.87,75.39,35.28,22.74,206.73,75.55,95.30,39.29,105.57,28.27,1394.78,121.39,3.78,0.50,90.71,11.94,7.87,2.32,0.00,0.00,22.07,2.74,16.86,4.07,0.49,4.49,17.88,20.18,55.41,7.55,5.43,4.27
29.80,29.8,25/11/2025 11:29:14,4.027,19.841,,16.0,851019.0,559642.0,990451.27,612.40,1427.47,1858.94,439.16,3814.57,199.58,76.46,49.89,406.22,34.22,63.84,56.05,1017.49,55.63,56.99,21.21,42.43,41.86,59.00,26.00,60.97,19.41,1285.02,112.36,3.31,0.41,84.97,12.53,8.13,1.95,0.00,0.00,22.90,2.52,12.53,3.04,0.27,3.40,11.05,18.34,46.18,7.06,5.05,3.78,17793.44,1015.53,2367.14,3512.40,829.78,8160.64,426.97,175.20,114.32,1014.29,85.46,76.90,67.52,1423.68,77.84,95.10,35.38,75.75,74.72,86.24,38.00,87.60,27.88,1837.25,160.64,4.21,0.52,106.36,15.68,10.12,2.43,0.00,0.00,27.08,2.98,16.92,4.11,0.37,4.53,12.34,20.47,49.74,7.60,5.72,4.29
29.90,29.9,25/11/2025 11:29:34,3.335,17.921,,16.0,853092.0,562907.0,991292.79,300.18,1459.34,1465.38,392.59,3814.10,199.92,7.79,48.35,319.38,34.81,231.31,84.39,977.62,55.55,35.06,15.68,91.89,42.42,49.18,24.34,54.53,19.13,1171.46,102.20,3.23,0.41,76.83,10.51,6.33,1.87,0.00,0.00,24.07,2.60,10.07,3.02,0.37,3.43,10.68,18.29,52.94,7.18,4.84,3.80,16160.83,497.79,2419.98,2768.79,741.78,8159.64,427.69,17.85,110.78,797.45,86.92,278.64,101.66,1367.89,77.72,58.50,26.16,164.03,75.73,71.88,35.57,78.35,27.49,1674.88,146.12,4.11,0.52,96.17,13.15,7.88,2.32,0.00,0.00,28.46,3.07,13.60,4.08,0.49,4.58,11.92,20.42,57.02,7.73,5.49,4.31
30.00,30.0,25/11/2025 11:30:04,2.984,13.954,,16.0,854961.0,563605.0,990605.02,328.85,1483.82,1571.48,408.20,4257.03,216.17,12.48,11.36,316.51,34.95,230.07,84.72,1027.02,56.11,29.14,13.86,84.59,42.49,65.07,27.07,68.88,19.76,1214.44,106.06,3.11,0.40,63.88,7.52,8.61,2.00,0.00,0.00,22.93,2.55,19.45,3.18,1.20,3.48,12.21,18.35,52.90,7.17,5.13,3.86,17510.94,545.32,2460.58,2969.25,771.28,9107.22,462.45,28.60,26.02,790.28,87.28,277.14,102.06,1437.01,78.51,48.63,23.13,151.01,75.85,95.10,39.57,98.97,28.39,1736.34,151.64,3.96,0.52,79.96,9.41,10.72,2.48,0.00,0.00,27.12,3.01,26.28,4.30,1.59,4.65,13.63,20.49,56.98,7.72,5.81,4.38
30.10,30.1,25/11/2025 11:30:23,2.044,13.230,1181237.452,16.0,843112.0,563722.0,991262.03,458.16,1428.40,1371.76,375.43,3652.72,192.85,33.10,48.29,324.24,34.28,270.60,86.98,1036.39,55.31,67.14,23.17,92.86,42.17,45.92,23.72,53.23,18.97,1152.89,100.41,3.06,0.40,79.38,11.14,7.39,1.92,0.00,0.00,19.08,2.37,9.20,3.01,0.41,3.44,9.17,18.19,46.50,7.05,4.77,3.83,16111.03,759.75,2368.69,2591.88,709.37,7814.39,412.56,75.84,110.64,809.60,85.59,325.97,104.77,1450.13,77.39,112.03,38.66,165.77,75.28,67.12,34.67,76.48,27.25,1648.34,143.56,3.89,0.51,99.37,13.94,9.19,2.40,0.00,0.00,22.56,2.81,12.42,4.06,0.54,4.59,10.24,20.31,50.09,7.59,5.42,4.34
30.20,30.2,25/11/2025 11:30:43,3.596,12.502,,16.0,847010.0,568224.0,992137.99,269.57,1415.88,1663.57,411.72,3196.81,176.40,24.67,47.92,311.81,34.40,31.23,38.23,900.53,53.99,21.51,13.64,62.13,41.67,64.26,26.77,60.02,19.14,1049.19,91.40,3.31,0.40,99.66,16.92,7.37,1.92,0.00,0.00,17.97,2.25,9.55,2.99,1.42,3.42,9.33,18.13,51.33,7.04,6.77,3.78,14636.66,447.02,2347.92,3143.25,777.92,6839.05,377.39,56.53,109.81,778.57,85.89,37.62,46.06,1260.02,75.54,35.88,22.76,110.91,74.39,93.92,39.12,86.23,27.50,1500.07,130.68,4.21,0.51,124.76,21.17,9.18,2.39,0.00,0.00,21.25,2.66,12.90,4.04,1.90,4.56,10.42,20.24,55.30,7.59,7.68,4.29
30.30,30.3,25/11/2025 11:31:03,3.545,17.724,,16.0,849431.0,567463.0,991133.48,370.99,1483.44,1589.94,405.87,3806.71,198.20,101.68,62.10,445.31,34.25,0.00,0.00,1018.02,55.61,47.15,18.96,39.41,41.82,70.39,28.07,57.67,19.26,1147.52,100.09,3.11,0.41,63.97,7.59,8.25,2.01,0.00,0.00,20.45,2.41,13.84,3.03,0.98,3.47,7.25,18.34,48.53,7.06,5.35,3.76,16712.82,615.20,2459.95,3004.13,766.88,8143.83,424.02,232.99,142.29,1111.91,85.51,0.00,0.00,1424.42,77.81,78.67,31.64,70.36,74.65,102.88,41.02,82.86,27.68,1640.65,143.10,3.96,0.52,80.07,9.50,10.26,2.51,0.00,0.00,24.19,2.85,18.69,4.09,1.31,4.63,8.09,20.47,52.28,7.61,6.07,4.27
30.40,30.4,25/11/2025 11:31:22,3.568,13.891,,16.0,852309.0,577796.0,991489.61,426.71,1502.21,1611.45,408.62,3656.98,193.51,13.69,12.18,371.01,34.38,0.00,0.00,937.07,54.62,26.73,13.82,69.67,42.11,50.71,24.57,67.71,19.62,1099.79,95.89,3.58,0.42,65.17,7.87,8.31,1.95,0.00,0.00,16.74,2.21,9.43,3.02,1.19,3.49,18.87,18.31,50.51,7.03,5.07,3.77,15969.40,707.61,2491.07,3044.78,772.07,7823.51,413.98,31.37,27.91,926.37,85.85,0.00,0.00,1311.15,76.42,44.59,23.05,124.37,75.18,74.12,35.92,97.29,28.19,1572.42,137.09,4.56,0.54,81.57,9.85,10.34,2.42,0.00,0.00,19.79,2.62,12.73,4.07,1.59,4.66,21.07,20.44,54.41,7.58,5.75,4.27
30.50,30.5,25/11/2025 11:31:52,3.813,10.851,,15.9,859560.0,588851.0,990442.42,671.78,1499.89,1764.79,433.14,3750.00,198.81,46.17,50.50,379.14,35.12,101.54,66.27,1140.42,57.13,63.78,22.73,111.75,42.78,56.28,25.57,68.07,19.80,1239.21,108.35,3.22,0.42,60.71,6.87,6.90,1.95,0.00,0.00,12.77,2.02,9.34,3.14,2.56,3.65,12.69,18.34,53.11,7.27,3.34,3.78,17694.20,1114.00,2487.22,3334.50,818.41,8022.50,425.31,105.79,115.71,946.68,87.69,122.32,79.82,1595.69,79.94,106.41,37.92,199.49,76.36,82.26,37.38,97.81,28.45,1771.75,154.92,4.10,0.54,75.99,8.60,8.59,2.42,0.00,0.00,15.10,2.39,12.62,4.24,3.42,4.86,14.17,20.48,57.21,7.83,3.79,4.29
30.60,30.6,25/11/2025 11:32:12,3.345,18.055,1181236.790,15.9,852057.0,589756.0,992154.54,349.46,1452.14,1448.54,388.89,3381.59,184.26,70.73,46.92,309.23,34.64,155.00,74.94,934.72,54.75,11.18,13.74,51.22,41.89,67.85,27.50,81.08,20.07,847.88,74.00,3.46,0.41,44.17,4.01,5.51,1.86,0.00,0.00,9.25,1.72,4.56,2.99,1.60,3.56,15.17,18.28,49.81,7.07,3.47,3.68,14677.86,579.49,2408.05,2736.97,734.80,7234.34,394.19,162.07,107.51,772.11,86.49,186.72,90.27,1307.87,76.61,18.65,22.93,91.43,74.78,99.17,40.19,116.50,28.84,1212.25,105.80,4.40,0.53,55.29,5.02,6.86,2.31,0.00,0.00,10.94,2.04,6.15,4.04,2.13,4.75,16.94,20.41,53.66,7.62,3.94,4.17
30.70,30.7,25/11/2025 11:32:31,3.398,18.188,,15.9,843947.0,585291.0,990951.11,552.48,1426.15,1751.06,421.70,3858.58,199.67,79.05,50.94,317.55,34.72,120.12,68.97,1031.17,55.25,20.50,13.64,107.54,42.33,49.47,24.30,53.91,19.10,952.43,82.96,3.20,0.41,55.95,6.00,7.32,1.92,0.00,0.00,8.02,1.60,6.88,3.02,1.48,3.57,16.63,18.14,52.00,7.10,3.55,3.72,16961.32,916.17,2364.94,3308.56,796.78,8254.80,427.16,181.13,116.72,792.89,86.69,144.70,83.09,1442.81,77.31,34.21,22.76,191.98,75.56,72.30,35.52,77.47,27.45,1361.73,118.61,4.07,0.52,70.03,7.51,9.11,2.39,0.00,0.00,9.48,1.89,9.30,4.07,1.97,4.77,18.57,20.26,56.02,7.65,4.03,4.22
30.80,30.8,25/11/2025 11:32:51,4.490,15.148,,16.0,842021.0,577924.0,992026.00,256.71,1409.10,1654.70,412.06,3433.59,184.98,80.42,51.50,315.95,34.67,18.60,27.06,964.50,54.52,30.73,14.16,64.86,41.59,60.89,26.12,57.71,19.02,872.31,76.04,3.11,0.40,71.50,9.35,7.47,1.90,0.00,0.00,9.73,1.74,2.93,2.96,2.79,3.52,12.04,18.09,49.12,6.95,4.34,3.65,15022.28,425.70,2336.67,3126.49,778.57,7345.59,395.74,184.28,118.00,788.89,86.58,22.40,32.60,1349.54,76.29,51.28,23.63,115.80,74.24,88.99,38.17,82.93,27.33,1247.18,108.72,3.96,0.51,89.50,11.70,9.29,2.36,0.00,0.00,11.51,2.06,3.95,4.00,3.73,4.69,13.44,20.20,52.91,7.48,4.93,4.14
30.90,30.9,25/11/2025 11:33:11,4.398,12.897,,16.0,846996.0,577539.0,992350.67,352.91,1423.03,1553.44,401.28,3183.30,176.96,14.60,12.91,368.71,34.39,90.65,63.53,906.56,54.25,27.35,13.68,84.61,42.05,58.58,25.73,62.76,19.22,808.24,70.58,3.30,0.41,47.09,4.49,6.54,1.91,0.00,0.00,11.34,1.85,5.52,2.95,1.69,3.48,10.10,18.16,49.85,7.03,2.18,3.67,14352.20,585.23,2359.77,2935.17,758.21,6810.14,378.58,33.45,29.58,920.64,85.87,109.19,76.52,1268.46,75.91,45.63,22.82,151.04,75.07,85.62,37.60,90.18,27.62,1155.57,100.91,4.20,0.52,58.94,5.61,8.14,2.38,0.00,0.00,13.42,2.19,7.46,3.99,2.25,4.64,11.28,20.27,53.70,7.57,2.47,4.16
31.00,31.0,25/11/2025 11:33:40,4.173,17.661,,15.9,852189.0,581582.0,991619.19,481.97,1427.44,1736.43,425.04,3577.89,191.07,8.19,47.67,328.87,34.95,70.14,57.15,914.43,54.69,15.75,13.74,101.97,42.27,68.24,27.45,74.53,19.74,849.92,74.17,3.34,0.41,52.00,5.30,7.83,1.91,0.00,0.00,11.18,1.84,3.05,2.96,1.14,3.52,18.47,18.14,52.16,7.13,3.32,3.69,15747.18,799.24,2367.09,3280.91,803.09,7654.30,408.76,18.77,109.23,821.16,87.28,84.49,68.84,1279.48,76.52,26.28,22.93,182.04,75.46,99.73,40.11,107.09,28.37,1215.16,106.04,4.25,0.52,65.09,6.64,9.75,2.38,0.00,0.00,13.22,2.18,4.12,4.00,1.53,4.69,20.63,20.26,56.19,7.68,3.77,4.19
31.10,31.1,25/11/2025 11:34:00,4.272,3.835,1181242.946,15.9,860842.0,586563.0,991105.67,627.51,1497.73,1754.06,429.72,3634.36,193.82,6.43,6.13,476.14,34.93,101.97,66.94,947.94,55.32,14.87,13.93,73.21,42.68,46.41,24.08,56.12,19.29,993.28,86.68,3.79,0.43,59.66,6.73,8.59,1.96,0.00,0.00,13.54,2.01,6.16,3.00,3.49,3.56,14.33,18.50,47.91,7.11,4.56,3.76,16698.81,1040.58,2483.66,3314.23,811.95,7775.12,414.64,14.74,14.04,1188.88,87.23,122.84,80.64,1326.37,77.40,24.81,23.23,130.69,76.19,67.82,35.19,80.64,27.72,1420.14,123.93,4.82,0.55,74.68,8.42,10.69,2.44,0.00,0.00,16.02,2.37,8.32,4.05,4.65,4.75,16.00,20.66,51.61,7.66,5.17,4.26
31.20,31.2,25/11/2025 11:34:20,3.832,10.977,,15.9,865661.0,588232.0,990008.78,308.55,1475.71,1894.26,447.46,4723.30,231.84,123.49,74.33,546.57,35.57,146.68,76.19,1033.13,57.17,24.06,14.11,60.98,42.93,40.89,23.54,62.61,19.74,861.08,75.40,3.37,0.41,71.58,9.27,8.06,1.97,0.00,0.00,8.79,1.72,6.25,3.02,1.62,3.59,12.49,18.70,50.69,7.25,2.76,3.83,19191.94,511.67,2447.13,3579.14,845.46,10104.71,495.97,282.97,170.31,1364.74,88.80,176.69,91.78,1445.56,79.99,40.14,23.54,108.86,76.64,59.77,34.40,89.96,28.36,1231.13,107.80,4.29,0.52,89.60,11.61,10.03,2.46,0.00,0.00,10.39,2.04,8.45,4.08,2.16,4.78,13.95,20.87,54.61,7.81,3.13,4.34
31.30,31.3,25/11/2025 11:34:40,3.619,6.806,,15.8,867773.0,592342.0,991159.29,255.27,1502.10,1567.90,406.31,3960.33,204.19,114.29,69.20,487.61,35.34,0.00,0.00,1058.06,56.79,33.04,15.21,84.05,42.79,56.91,25.80,47.05,19.12,998.31,87.20,3.21,0.41,73.52,9.76,7.86,1.96,0.00,0.00,11.75,1.94,8.73,3.01,3.29,3.62,12.58,18.52,52.01,7.21,4.93,3.87,16813.02,423.31,2490.89,2962.49,767.70,8472.46,436.83,261.87,158.56,1217.50,88.24,0.00,0.00,1480.45,79.46,55.12,25.38,150.05,76.39,83.18,37.71,67.60,27.47,1427.33,124.68,4.09,0.53,92.03,12.21,9.79,2.45,0.00,0.00,13.90,2.30,11.79,4.06,4.39,4.83,14.05,20.67,56.02,7.77,5.59,4.38
31.40,31.4,25/11/2025 11:34:59,3.003,11.965,,15.8,879884.0,596889.0,990759.53,289.53,1485.71,1752.21,429.88,3860.69,201.79,50.89,37.04,591.33,35.48,0.00,0.00,1129.64,57.80,20.35,14.16,114.17,43.85,64.09,27.31,70.27,20.26,1096.53,96.07,3.17,0.41,85.23,12.64,9.21,1.92,0.00,0.00,14.89,2.19,10.92,3.13,1.30,3.67,17.33,18.78,55.24,7.36,3.48,3.87,17463.12,480.11,2463.72,3310.74,812.24,8259.31,431.70,116.60,84.88,1476.49,88.58,0.00,0.00,1580.61,80.87,33.96,23.63,203.82,78.28,93.67,39.92,100.97,29.11,1567.76,137.35,4.03,0.52,106.69,15.82,11.46,2.39,0.00,0.00,17.61,2.58,14.75,4.23,1.73,4.90,19.35,20.97,59.51,7.93,3.94,4.40
31.50,31.5,25/11/2025 11:35:29,4.181,11.634,,15.7,893528.0,603991.0,990344.83,443.78,1468.26,1967.72,457.52,3790.38,200.08,57.06,40.88,487.30,36.25,189.03,83.04,1076.06,58.14,28.29,14.37,96.83,44.10,54.51,25.90,43.59,19.58,1243.51,109.38,3.38,0.43,60.62,6.86,7.89,1.99,0.00,0.00,18.39,2.37,11.16,3.18,1.63,3.72,19.57,19.03,49.88,7.29,4.57,3.98,17993.61,735.91,2434.78,3717.93,864.46,8108.88,428.04,130.74,93.66,1216.75,90.52,227.71,100.03,1505.63,81.35,47.20,23.97,172.87,78.73,79.67,37.86,62.64,28.14,1777.90,156.39,4.31,0.55,75.89,8.58,9.82,2.47,0.00,0.00,21.75,2.81,15.08,4.30,2.17,4.96,21.85,21.25,53.73,7.85,5.19,4.52
31.60,31.6,25/11/2025 11:35:49,4.258,6.612,1181241.689,15.6,912845.0,612624.0,989629.60,915.61,1516.72,1875.10,450.03,3775.30,201.36,43.24,51.36,625.93,36.76,184.53,84.87,1205.12,60.30,37.46,17.40,97.23,45.30,55.42,26.41,78.45,21.16,1327.51,117.18,3.43,0.43,39.03,3.19,6.51,1.98,0.00,0.00,22.27,2.59,9.77,3.23,1.47,3.79,11.45,19.53,50.57,7.33,5.00,4.03,19211.90,1518.34,2515.15,3542.93,850.31,8076.63,430.78,99.07,117.69,1562.90,91.79,222.29,102.24,1686.21,84.38,62.49,29.03,173.58,80.87,80.99,38.60,112.71,30.40,1897.99,167.53,4.37,0.55,48.86,3.99,8.10,2.46,0.00,0.00,26.34,3.06,13.19,4.36,1.96,5.05,12.78,21.80,54.48,7.90,5.67,4.57
31.70,31.7,25/11/2025 11:36:09,3.631,6.809,,15.7,914943.0,607562.0,991491.45,405.07,1537.22,1787.55,440.70,3404.04,188.44,30.49,25.37,498.92,36.98,100.28,71.32,1048.73,58.76,11.85,14.61,94.96,45.01,55.20,26.26,53.93,20.07,891.38,79.00,3.21,0.42,14.57,0.75,8.11,1.95,0.08,0.15,20.74,2.47,11.01,3.13,0.55,3.64,16.17,19.41,46.18,6.85,5.53,3.89,16004.04,671.71,2549.13,3377.51,832.69,7282.38,403.13,69.86,58.12,1245.75,92.33,120.80,85.92,1467.40,82.22,19.77,24.38,169.52,80.34,80.68,38.38,77.50,28.84,1274.45,112.95,4.08,0.53,18.23,0.94,10.09,2.42,0.10,0.20,24.53,2.92,14.87,4.23,0.73,4.86,18.06,21.67,49.74,7.38,6.27,4.41
31.80,31.8,25/11/2025 11:36:28,3.813,13.886,,15.7,911731.0,604021.0,991173.61,259.70,1571.74,1786.15,445.03,3370.10,186.56,68.37,47.47,530.08,36.62,105.13,72.04,1119.16,59.29,13.79,14.58,80.02,44.70,62.49,27.44,60.23,20.28,1219.21,107.47,3.20,0.41,34.90,2.67,7.59,1.94,0.00,0.00,21.38,2.50,9.82,3.13,0.75,3.62,15.85,19.36,54.07,7.38,4.40,3.85,16452.67,430.65,2606.38,3374.87,840.87,7209.77,399.11,156.66,108.76,1323.57,91.43,126.63,86.78,1565.94,82.96,23.01,24.33,142.85,79.80,91.33,40.10,86.55,29.14,1743.16,153.66,4.07,0.53,43.68,3.34,9.45,2.42,0.00,0.00,25.28,2.96,13.26,4.23,1.00,4.82,17.70,21.61,58.24,7.95,4.99,4.36
31.90,31.9,25/11/2025 11:36:48,3.475,15.671,,15.7,903114.0,610507.0,991272.12,299.81,1519.90,1728.97,427.52,3495.16,189.34,90.66,58.43,574.48,36.07,90.29,67.60,1018.12,57.84,53.01,21.64,66.02,44.54,48.19,25.20,46.39,19.81,1093.38,96.28,3.63,0.43,29.30,2.02,5.70,1.93,0.00,0.00,15.90,2.22,9.95,3.13,2.89,3.66,4.52,19.41,46.16,7.04,5.35,3.87,16468.77,497.17,2520.41,3266.82,807.79,7477.31,405.06,207.75,133.89,1434.43,90.05,108.76,81.43,1424.55,80.93,88.45,36.11,117.86,79.52,70.44,36.83,66.65,28.47,1563.25,137.65,4.62,0.55,36.68,2.53,7.10,2.40,0.00,0.00,18.80,2.62,13.44,4.23,3.85,4.88,5.05,21.67,49.73,7.59,6.07,4.39
32.00,32.0,25/11/2025 11:37:31,3.263,17.789,,15.7,889135.0,608702.0,991236.40,292.34,1498.14,1792.57,435.21,3461.24,188.25,93.91,59.78,475.31,35.82,130.01,74.33,1092.21,57.90,34.29,16.15,65.79,43.82,53.33,25.67,66.00,20.20,1079.49,94.79,3.58,0.43,33.61,2.52,6.74,1.92,0.00,0.00,14.63,2.13,8.58,3.13,2.09,3.72,2.89,19.07,49.79,7.21,5.21,3.88,16403.63,484.77,2484.33,3387.00,822.32,7404.75,402.73,215.19,136.98,1186.80,89.44,156.60,89.54,1528.22,81.01,57.21,26.95,117.44,78.23,77.95,37.51,94.83,29.02,1543.39,135.53,4.55,0.55,42.07,3.15,8.39,2.39,0.00,0.00,17.30,2.52,11.60,4.22,2.79,4.96,3.22,21.29,53.63,7.77,5.91,4.40
32.10,32.1,25/11/2025 11:38:04,3.417,15.080,1181245.256,15.8,876222.0,595262.0,991399.54,320.91,1486.87,1782.18,429.90,3229.44,178.66,124.23,74.20,524.98,34.97,0.00,0.00,1038.18,56.84,42.01,18.21,49.55,43.11,52.73,25.34,67.27,19.98,1210.01,106.09,3.46,0.43,58.60,6.50,8.38,1.94,0.00,0.00,14.79,2.15,10.18,3.08,1.00,3.61,6.17,18.84,52.35,7.19,4.02,3.84,16107.39,532.15,2465.64,3367.36,812.28,6908.84,382.22,284.67,170.02,1310.82,87.32,0.00,0.00,1452.63,79.54,70.09,30.39,88.46,76.96,77.07,37.03,96.66,28.71,1730.01,151.68,4.40,0.55,73.36,8.13,10.43,2.41,0.00,0.00,17.49,2.54,13.75,4.16,1.33,4.82,6.89,21.03,56.39,7.75,4.56,4.35
32.20,32.2,25/11/2025 11:38:37,3.392,18.053,,16.0,853457.0,574581.0,992344.79,378.73,1414.37,1608.54,400.44,3109.07,172.41,11.00,47.15,405.58,34.53,34.86,41.25,901.54,54.50,8.33,13.72,50.84,41.91,65.37,27.01,47.55,18.77,848.07,74.19,3.46,0.41,74.67,10.13,7.87,1.94,0.00,0.00,14.83,2.10,10.39,2.94,1.25,3.44,20.22,18.30,48.46,6.91,4.58,3.69,14361.91,628.04,2345.41,3039.28,756.61,6651.33,368.84,25.20,108.04,1012.69,86.22,41.99,49.69,1261.44,76.25,13.89,22.90,90.76,74.82,95.55,39.48,68.33,26.98,1212.52,106.07,4.40,0.52,93.46,12.69,9.79,2.41,0.00,0.00,17.54,2.48,14.04,3.97,1.66,4.59,22.58,20.43,52.21,7.44,5.20,4.18
32.30,32.3,25/11/2025 11:39:10,3.434,20.899,,16.0,849841.0,574799.0,992503.26,284.61,1413.52,1651.96,401.51,2992.82,166.88,22.58,18.48,443.57,33.99,14.84,24.77,920.60,54.61,13.86,13.72,77.30,42.23,45.89,23.82,57.91,19.17,787.46,69.04,3.04,0.39,85.24,12.88,7.12,1.92,0.00,0.00,13.83,2.01,10.79,2.95,1.62,3.40,14.03,18.29,44.47,6.87,3.20,3.60,14118.20,471.95,2344.00,3121.33,758.63,6402.65,357.02,51.74,42.34,1107.56,84.88,17.88,29.84,1288.10,76.41,23.12,22.89,137.99,75.39,67.07,34.81,83.21,27.54,1125.87,98.71,3.87,0.50,106.70,16.12,8.86,2.39,0.00,0.00,16.36,2.38,14.58,3.98,2.16,4.54,15.66,20.42,47.91,7.40,3.63,4.08
32.40,32.4,25/11/2025 11:39:42,3.162,24.272,,15.9,857955.0,575143.0,992216.85,391.24,1390.83,1897.14,434.30,2776.05,159.72,13.16,11.56,510.79,34.17,0.00,0.00,894.03,54.44,14.10,13.74,74.86,42.47,49.52,24.49,56.74,19.26,900.20,78.68,3.22,0.40,99.52,16.95,6.95,1.89,0.00,0.00,19.07,2.30,10.58,2.99,0.82,3.40,10.17,18.40,50.51,7.06,4.49,3.68,14572.97,648.78,2306.38,3584.57,820.59,5938.91,341.69,30.15,26.48,1275.40,85.31,0.00,0.00,1250.93,76.17,23.52,22.93,133.64,75.82,72.38,35.80,81.52,27.68,1287.06,112.49,4.10,0.51,124.58,21.21,8.65,2.35,0.00,0.00,22.55,2.72,14.29,4.04,1.09,4.54,11.35,20.54,54.41,7.60,5.09,4.17
32.50,32.5,25/11/2025 11:40:25,3.290,20.638,,15.9,869254.0,574795.0,991781.41,292.34,1433.51,1895.34,437.11,3064.86,172.54,31.67,49.39,445.64,34.99,103.68,67.86,948.02,55.48,16.74,13.98,81.32,42.84,57.72,25.92,46.53,19.09,1049.25,91.76,3.41,0.42,71.68,9.34,7.65,1.92,0.00,0.00,19.66,2.38,8.89,2.96,0.41,3.47,20.53,18.55,48.96,7.03,4.30,3.71,15303.77,484.78,2377.15,3581.17,825.89,6556.76,369.13,72.56,113.16,1112.72,87.37,124.90,81.75,1326.47,77.62,27.93,23.32,145.17,76.48,84.36,37.88,66.86,27.43,1500.15,131.19,4.35,0.53,89.73,11.70,9.52,2.39,0.00,0.00,23.25,2.81,12.00,4.00,0.54,4.63,22.92,20.71,52.74,7.57,4.88,4.20
32.60,32.6,25/11/2025 11:40:58,3.132,32.736,1181241.488,15.9,873178.0,573091.0,990850.83,786.53,1434.62,1962.10,446.13,3329.71,181.27,49.56,36.17,419.01,35.33,152.77,77.03,903.50,55.61,28.98,14.17,83.92,43.24,51.04,24.96,59.33,19.59,1128.42,98.78,3.28,0.41,80.87,11.54,8.24,1.93,0.00,0.00,20.37,2.42,13.36,3.04,0.96,3.49,15.88,18.71,46.81,6.99,4.52,3.75,16946.69,1304.28,2378.99,3707.32,842.94,7123.37,387.79,113.55,82.89,1046.22,88.21,184.03,92.79,1264.18,77.81,48.36,23.65,149.81,77.20,74.60,36.48,85.25,28.15,1613.35,141.23,4.17,0.53,101.24,14.44,10.25,2.40,0.00,0.00,24.09,2.86,18.05,4.11,1.28,4.65,17.73,20.89,50.43,7.53,5.13,4.25
32.70,32.7,25/11/2025 11:41:31,3.180,33.596,,15.9,872755.0,569363.0,990764.68,558.51,1443.35,2151.00,465.57,3393.88,182.55,87.94,56.29,418.42,35.46,89.03,65.17,956.35,56.43,25.63,14.07,109.22,43.32,57.56,25.98,70.30,19.98,1106.43,96.70,3.17,0.41,88.46,13.54,8.44,1.92,0.00,0.00,21.00,2.45,13.56,3.05,1.80,3.44,16.75,18.58,51.17,7.07,6.71,3.84,17199.72,926.16,2393.47,4064.24,879.67,7260.65,390.53,201.51,128.97,1044.76,88.54,107.24,78.50,1338.12,78.95,42.76,23.48,194.98,77.33,84.12,37.97,101.01,28.70,1581.91,138.25,4.03,0.52,110.73,16.94,10.50,2.39,0.00,0.00,24.83,2.90,18.32,4.12,2.40,4.59,18.71,20.75,55.12,7.61,7.61,4.36
32.80,32.8,25/11/2025 11:42:03,3.031,28.569,,16.0,860337.0,559951.0,989457.27,510.77,1401.12,2451.03,502.23,3939.13,201.60,160.66,92.83,408.74,35.50,230.39,86.23,985.84,56.55,75.65,25.08,91.19,42.76,64.93,27.18,67.67,19.82,1346.57,117.91,3.46,0.42,100.02,16.65,9.03,1.97,0.05,0.16,21.39,2.48,12.62,3.05,0.44,3.47,10.76,18.48,46.92,7.09,5.49,3.93,19609.87,846.99,2323.45,4631.13,948.95,8427.11,431.29,368.13,212.71,1020.57,88.65,277.53,103.88,1379.39,79.13,126.23,41.85,162.78,76.34,94.90,39.73,97.23,28.48,1925.26,168.58,4.40,0.53,125.20,20.85,11.24,2.45,0.06,0.21,25.29,2.93,17.04,4.12,0.59,4.63,12.02,20.63,50.54,7.63,6.23,4.46
32.90,32.9,25/11/2025 11:42:37,2.737,31.676,,16.1,854147.0,550382.0,989602.26,535.08,1426.48,2051.31,452.35,3934.36,201.44,85.56,54.59,440.15,34.79,389.45,100.14,1081.06,56.92,80.97,25.96,83.50,42.72,42.86,23.62,70.46,19.89,1429.05,125.34,3.17,0.41,64.73,7.62,5.32,1.93,0.00,0.00,22.89,2.55,14.90,3.02,0.00,0.00,3.71,18.52,52.05,7.13,7.13,3.87,19155.36,887.32,2365.50,3875.88,854.70,8416.91,430.94,196.06,125.09,1099.02,86.86,469.14,120.63,1512.62,79.64,135.10,43.32,149.06,76.26,62.64,34.52,101.24,28.58,2043.18,179.20,4.04,0.52,81.03,9.54,6.63,2.40,0.00,0.00,27.07,3.01,20.12,4.07,0.00,0.00,4.15,20.68,56.07,7.69,8.09,4.39
33.00,33.0,25/11/2025 11:43:20,2.676,29.495,,16.1,849359.0,546713.0,990658.58,378.94,1447.98,1897.32,426.55,3467.48,183.44,26.70,47.96,472.11,34.08,82.94,62.63,1083.37,56.37,58.13,21.36,118.31,42.51,62.94,26.53,62.73,19.35,1430.22,125.35,3.06,0.41,85.41,12.58,7.35,1.92,0.00,0.00,27.76,2.73,10.93,2.95,1.87,3.36,8.15,18.14,47.51,7.02,8.19,3.85,17261.96,628.38,2401.14,3584.91,805.95,7418.11,392.44,61.18,109.88,1178.83,85.09,99.91,75.44,1515.86,78.87,96.98,35.65,211.20,75.88,92.00,38.78,90.13,27.81,2044.85,179.22,3.90,0.52,106.91,15.75,9.15,2.39,0.00,0.00,32.82,3.23,14.76,3.99,2.50,4.48,9.10,20.26,51.18,7.56,9.29,4.37
33.10,33.1,25/11/2025 11:43:53,2.592,33.659,1181237.057,16.1,849791.0,543791.0,990526.28,298.29,1465.85,2049.51,454.82,3657.62,191.88,12.74,11.44,555.60,34.46,108.99,68.85,1018.22,55.53,25.54,13.68,99.95,42.22,57.89,25.68,63.26,19.41,1301.31,113.69,3.06,0.40,94.75,15.20,8.51,1.93,0.00,0.00,25.92,2.64,12.36,3.00,0.72,3.33,19.90,18.17,53.44,7.17,6.15,3.73,17689.69,494.65,2430.78,3872.46,859.36,7824.88,410.50,29.19,26.22,1387.27,86.05,131.30,82.94,1424.70,77.70,42.61,22.82,178.42,75.38,84.60,37.54,90.90,27.89,1860.53,162.54,3.89,0.51,118.61,19.03,10.59,2.40,0.00,0.00,30.65,3.13,16.70,4.05,0.96,4.44,22.21,20.29,57.57,7.72,6.98,4.24
33.20,33.2,25/11/2025 11:44:25,2.171,34.323,,16.1,850898.0,543020.0,990492.25,424.07,1391.46,2057.43,455.93,3576.98,190.08,36.08,28.21,480.15,34.60,105.13,67.98,1028.57,56.06,24.33,13.77,71.58,42.02,67.21,27.31,78.86,19.99,1356.91,118.76,3.21,0.41,77.64,10.62,9.09,1.99,0.00,0.00,25.49,2.61,11.19,2.98,0.12,3.34,14.37,18.21,52.70,7.14,6.63,3.73,17648.70,703.22,2307.42,3887.44,861.45,7652.35,406.65,82.67,64.63,1198.90,86.39,126.64,81.89,1439.18,78.44,40.60,22.98,127.78,75.01,98.23,39.92,113.31,28.72,1940.04,169.80,4.09,0.52,97.19,13.30,11.32,2.47,0.00,0.00,30.15,3.09,15.11,4.02,0.16,4.46,16.05,20.33,56.77,7.70,7.52,4.23
33.30,33.3,25/11/2025 11:44:58,2.091,28.638,,16.1,853260.0,547743.0,990384.10,799.57,1464.86,2260.43,478.09,3323.97,178.82,20.69,17.50,514.32,34.51,48.00,49.86,1023.51,55.88,73.05,24.51,79.84,42.27,67.73,27.50,73.81,19.84,1123.17,97.83,3.00,0.40,87.74,13.30,7.89,1.92,0.00,0.00,25.30,2.62,14.68,2.94,1.53,3.31,8.61,18.32,52.17,7.18,6.89,3.79,17853.71,1325.90,2429.15,4271.00,903.34,7111.07,382.56,47.40,40.10,1284.22,86.16,57.82,60.06,1432.10,78.19,121.89,40.90,142.52,75.47,99.00,40.20,106.05,28.51,1605.84,139.87,3.82,0.51,109.83,16.65,9.83,2.39,0.00,0.00,29.92,3.10,19.83,3.97,2.04,4.42,9.61,20.46,56.20,7.73,7.82,4.30
33.40,33.4,25/11/2025 11:45:31,2.085,33.134,,16.0,859661.0,551204.0,989868.91,322.47,1405.74,2420.05,497.99,3756.11,194.99,99.36,61.79,577.09,34.83,56.67,54.12,1089.78,56.87,43.79,18.27,48.33,42.27,68.81,27.82,82.51,20.29,1364.11,119.46,2.95,0.40,69.55,8.70,8.33,2.00,0.00,0.00,26.29,2.66,12.07,3.00,0.77,3.39,16.05,18.47,57.66,7.28,8.34,3.79,18972.51,534.75,2331.11,4572.60,940.93,8035.59,417.16,227.66,141.58,1440.95,86.96,68.26,65.19,1524.83,79.57,73.06,30.49,86.27,75.47,100.57,40.66,118.56,29.15,1950.32,170.79,3.75,0.51,87.06,10.88,10.37,2.49,0.00,0.00,31.09,3.15,16.30,4.05,1.03,4.52,17.92,20.62,62.11,7.84,9.47,4.30
33.50,33.5,25/11/2025 11:46:15,2.575,30.289,,16.1,856282.0,550685.0,989221.57,478.59,1467.75,2828.87,556.49,4266.60,211.98,117.38,69.76,510.80,35.18,24.41,33.91,1052.28,56.87,29.31,14.04,64.75,42.45,63.40,26.82,70.00,19.81,1089.99,94.82,3.06,0.40,67.76,8.34,6.49,1.95,0.00,0.00,20.50,2.41,13.02,3.01,1.02,3.31,9.51,18.44,56.00,7.28,4.67,3.75,20444.90,793.63,2433.94,5345.05,1051.46,9127.69,453.50,268.97,159.84,1275.43,87.85,29.41,40.85,1472.35,79.57,48.91,23.42,115.59,75.79,92.67,39.19,100.58,28.46,1558.41,135.57,3.89,0.51,84.82,10.44,8.07,2.42,0.00,0.00,24.25,2.85,17.59,4.06,1.36,4.42,10.62,20.59,60.32,7.84,5.30,4.25
33.60,33.6,25/11/2025 11:46:48,3.164,21.163,1181245.259,16.0,857564.0,554227.0,988920.83,574.39,1488.67,2879.69,562.39,4268.94,211.97,128.51,75.67,547.60,35.16,62.27,56.20,1142.23,57.57,28.62,14.09,43.39,42.46,75.26,29.08,71.15,19.80,1040.28,90.50,3.28,0.41,98.89,16.40,8.66,1.90,0.00,0.00,24.22,2.59,10.58,2.98,0.39,3.39,13.98,18.55,50.77,7.18,6.09,3.78,20945.40,952.50,2468.62,5441.07,1062.62,9132.69,453.48,294.46,173.38,1367.31,87.79,75.01,67.70,1598.21,80.55,47.74,23.52,77.45,75.79,110.00,42.51,102.23,28.45,1487.34,129.39,4.17,0.52,123.79,20.53,10.78,2.37,0.00,0.00,28.64,3.06,14.29,4.03,0.52,4.52,15.61,20.71,54.69,7.74,6.90,4.29
33.70,33.7,25/11/2025 11:47:21,1.180,21.955,,16.0,859615.0,559358.0,990050.31,313.71,1429.39,2692.46,533.87,3762.29,194.10,12.05,47.64,483.16,35.20,141.97,75.03,1056.74,56.90,24.26,13.92,95.59,42.83,63.24,26.83,80.55,20.29,991.21,86.32,3.15,0.41,109.95,19.94,7.52,1.86,0.00,0.00,17.70,2.27,12.97,3.02,0.07,3.43,22.28,18.46,54.05,7.20,4.79,3.76,18654.46,520.21,2370.33,5087.29,1008.73,8048.80,415.25,27.61,109.17,1206.40,87.88,171.02,90.38,1478.59,79.61,40.48,23.23,170.65,76.46,92.43,39.21,115.74,29.15,1417.18,123.41,4.01,0.52,137.63,24.96,9.36,2.31,0.00,0.00,20.93,2.68,17.51,4.08,0.09,4.58,24.88,20.61,58.22,7.75,5.43,4.27
33.80,33.8,25/11/2025 11:47:54,2.497,24.004,,16.0,861036.0,561903.0,989438.85,653.04,1394.05,2618.97,526.37,3879.80,199.46,18.30,15.85,541.82,35.26,193.77,81.37,1109.35,57.47,28.10,13.96,69.36,42.58,47.97,24.38,66.67,19.75,1141.16,99.48,2.91,0.39,78.29,10.78,7.08,1.93,0.00,0.00,20.00,2.39,9.39,3.02,0.28,3.43,13.03,18.51,56.82,7.30,5.04,3.80,19708.86,1082.92,2311.72,4948.44,994.56,8300.19,426.72,41.94,36.31,1352.86,88.04,233.42,98.02,1552.21,80.41,46.89,23.30,123.82,76.02,70.11,35.64,95.80,28.37,1631.57,142.23,3.70,0.50,98.00,13.50,8.81,2.40,0.00,0.00,23.65,2.82,12.68,4.07,0.38,4.58,14.55,20.66,61.21,7.87,5.72,4.31
33.90,33.9,25/11/2025 11:48:28,3.715,26.911,,16.0,861328.0,568180.0,988282.88,738.27,1460.29,2593.61,531.70,4511.55,223.03,32.25,25.69,585.69,35.45,196.54,82.25,1274.86,58.80,30.58,14.22,70.74,42.62,55.38,25.60,64.63,19.81,1357.57,118.88,3.02,0.41,84.30,12.17,7.66,2.01,0.00,0.00,18.75,2.36,11.19,3.09,0.29,3.58,25.98,18.54,49.31,7.17,4.95,3.86,21869.77,1224.25,2421.57,4900.53,1004.63,9651.71,477.14,73.91,58.87,1462.42,88.50,236.75,99.08,1783.79,82.28,51.03,23.72,126.29,76.08,80.93,37.41,92.87,28.46,1940.97,169.97,3.84,0.52,105.53,15.24,9.53,2.50,0.00,0.00,22.18,2.79,15.12,4.18,0.39,4.77,29.01,20.70,53.11,7.72,5.62,4.38
34.00,34.0,25/11/2025 11:49:11,1.951,24.006,,15.9,868274.0,571922.0,987696.73,558.73,1466.46,2728.42,549.70,4730.55,231.26,45.02,50.69,513.16,35.73,246.27,88.06,1268.17,59.69,74.71,24.93,96.30,43.34,74.17,29.05,81.82,20.58,1697.50,150.03,3.25,0.42,76.73,10.16,8.40,2.02,0.00,0.00,16.77,2.30,7.94,3.12,0.47,3.64,14.43,18.69,56.54,7.50,3.93,3.94,22830.37,926.53,2431.80,5155.25,1038.63,10120.22,494.75,103.15,116.14,1281.32,89.22,296.65,106.08,1774.43,83.52,124.66,41.59,171.91,77.37,108.40,42.46,117.56,29.57,2426.98,214.51,4.14,0.54,96.04,12.72,10.46,2.52,0.00,0.00,19.83,2.71,10.72,4.22,0.63,4.86,16.11,20.86,60.91,8.08,4.46,4.47
34.10,34.1,25/11/2025 11:49:45,0.467,27.251,1181238.576,16.0,868130.0,568701.0,986914.72,1105.51,1448.43,2807.09,557.56,5015.48,239.95,45.39,33.91,548.53,35.46,300.92,93.36,1269.55,59.58,69.57,24.16,106.95,43.77,61.96,26.90,63.17,19.94,1505.45,132.37,3.18,0.41,79.08,10.74,6.77,1.98,0.00,0.00,18.41,2.38,8.74,3.11,0.91,3.59,14.30,18.80,49.64,7.39,4.68,3.88,24341.14,1833.25,2401.89,5303.88,1053.48,10729.80,513.34,104.01,77.70,1369.62,88.53,362.49,112.46,1776.36,83.36,116.08,40.31,190.93,78.14,90.56,39.31,90.76,28.65,2152.40,189.26,4.05,0.52,98.99,13.45,8.43,2.47,0.00,0.00,21.77,2.81,11.80,4.20,1.22,4.78,15.97,20.99,53.48,7.96,5.31,4.40
34.20,34.2,25/11/2025 11:50:18,3.271,33.336,,16.0,866150.0,558834.0,987335.31,1140.74,1507.88,2901.20,571.06,4863.74,234.25,26.94,49.47,496.66,35.82,90.26,66.46,1259.42,59.67,29.22,14.11,114.60,43.54,51.80,25.04,72.57,20.12,1424.94,124.95,3.43,0.43,74.60,9.74,7.47,1.97,0.00,0.00,22.70,2.56,10.07,3.07,0.64,3.51,12.40,18.61,56.48,7.53,4.81,3.87,23650.41,1891.67,2500.48,5481.70,1078.99,10405.18,501.15,61.73,113.36,1240.11,89.45,108.73,80.06,1762.19,83.49,48.75,23.54,204.59,77.73,75.71,36.60,104.27,28.91,2037.29,178.64,4.37,0.54,93.39,12.19,9.30,2.45,0.00,0.00,26.85,3.03,13.60,4.15,0.85,4.69,13.84,20.78,60.84,8.11,5.46,4.39
34.30,34.3,25/11/2025 11:50:52,1.673,30.227,,16.0,865844.0,557906.0,986279.16,957.82,1414.95,3382.68,636.80,5156.09,245.09,71.27,48.09,592.86,35.84,307.90,93.87,1344.18,60.26,73.09,24.83,78.41,43.48,49.17,24.93,69.33,20.31,1413.07,123.94,3.14,0.42,101.40,16.78,9.18,2.04,0.00,0.00,27.43,2.80,15.02,3.13,0.59,3.55,5.89,18.87,57.25,7.59,5.08,3.93,25629.27,1588.33,2346.38,6391.45,1203.21,11030.60,524.34,163.30,110.20,1480.31,89.49,370.89,113.07,1880.78,84.31,121.95,41.43,139.98,77.62,71.86,36.44,99.61,29.18,2020.32,177.20,4.00,0.53,126.93,21.00,11.43,2.54,0.00,0.00,32.43,3.31,20.29,4.23,0.79,4.74,6.57,21.07,61.67,8.18,5.77,4.45
34.40,34.4,25/11/2025 11:51:25,1.236,27.645,,16.0,862431.0,556574.0,987236.62,402.24,1435.20,3083.65,598.18,5392.45,252.28,36.11,49.13,462.44,35.89,320.04,94.70,1189.10,58.69,26.25,14.21,76.98,43.35,61.74,26.80,63.99,19.84,1431.10,125.46,3.47,0.43,85.56,12.42,7.08,1.97,0.00,0.00,26.34,2.72,13.27,3.11,1.38,3.54,14.85,18.77,58.63,7.54,6.72,3.92,23984.56,667.02,2379.95,5826.44,1130.25,11536.26,539.71,82.74,112.58,1154.67,89.61,385.52,114.08,1663.80,82.12,43.79,23.71,137.42,77.38,90.24,39.17,91.94,28.51,2046.11,179.37,4.42,0.55,107.10,15.55,8.82,2.46,0.00,0.00,31.15,3.22,17.93,4.20,1.84,4.72,16.58,20.95,63.16,8.12,7.62,4.45
34.50,34.5,25/11/2025 11:52:09,1.341,24.931,,16.0,866477.0,555570.0,985837.04,1512.25,1396.18,3225.80,610.08,5289.50,248.65,123.75,74.05,595.11,35.62,179.70,81.63,1329.67,60.42,77.53,25.72,123.26,44.22,61.60,26.89,6.19,1.35,1420.76,124.55,3.40,0.42,94.74,14.84,6.56,1.90,0.00,0.00,22.25,2.57,11.81,3.09,0.51,3.52,11.50,18.87,60.82,7.65,6.25,3.91,26504.32,2507.73,2315.25,6095.03,1152.72,11316.00,531.94,283.55,169.67,1485.94,88.95,216.47,98.33,1860.49,84.54,129.35,42.92,220.04,78.94,90.04,39.30,8.90,1.94,2031.32,178.08,4.32,0.54,118.60,18.58,8.17,2.37,0.00,0.00,26.31,3.04,15.95,4.18,0.68,4.70,12.84,21.07,65.52,8.24,7.09,4.44
34.60,34.6,25/11/2025 11:52:42,1.537,10.652,1181244.397,16.0,864278.0,553494.0,986616.22,651.95,1396.24,3242.09,615.01,5614.87,259.66,29.49,24.00,564.24,35.85,117.21,72.23,1294.75,59.80,58.95,21.99,52.59,43.23,53.19,25.54,63.59,20.00,1422.44,124.75,3.29,0.42,86.67,12.69,7.29,1.96,0.00,0.00,26.08,2.68,13.90,3.11,2.04,3.46,10.00,18.89,63.81,7.62,5.33,3.93,25303.37,1081.12,2315.35,6125.81,1162.04,12012.08,555.50,67.57,55.00,1408.86,89.51,141.19,87.00,1811.62,83.67,98.36,36.68,93.88,77.17,77.74,37.32,91.37,28.73,2033.73,178.35,4.18,0.53,108.49,15.89,9.07,2.44,0.00,0.00,30.85,3.17,18.78,4.20,2.72,4.61,11.17,21.09,68.74,8.21,6.04,4.46
34.70,34.7,25/11/2025 11:53:15,1.107,12.437,,16.0,865678.0,556973.0,985898.43,767.64,1448.87,3154.85,610.15,5824.78,268.36,19.75,16.98,657.53,36.32,178.08,82.47,1355.53,60.91,85.77,27.04,65.42,43.40,51.10,25.24,73.89,20.45,1648.12,145.46,3.48,0.43,93.92,14.52,7.88,2.02,0.00,0.00,25.72,2.73,16.12,3.21,0.34,3.53,7.50,18.92,58.92,7.64,5.23,3.93,26552.66,1272.95,2402.63,5960.98,1152.85,12461.15,574.12,45.24,38.91,1641.78,90.70,214.52,99.34,1896.67,85.23,143.11,45.11,116.79,77.47,74.69,36.89,106.17,29.38,2356.39,207.97,4.43,0.55,117.57,18.17,9.81,2.52,0.00,0.00,30.42,3.23,21.77,4.33,0.45,4.70,8.37,21.13,63.47,8.23,5.93,4.46
34.80,34.8,25/11/2025 11:53:48,1.681,8.599,,16.0,864427.0,556662.0,986399.18,816.75,1457.65,3051.58,595.37,5736.34,264.90,2.96,2.90,491.54,36.18,294.57,92.56,1217.25,59.01,29.27,14.18,82.04,43.27,57.59,26.09,67.09,20.02,1554.16,136.72,3.57,0.43,78.03,10.47,7.01,2.01,0.00,0.00,21.28,2.53,11.84,3.11,0.23,3.54,15.77,18.72,57.82,7.52,4.15,4.01,25519.22,1354.39,2417.19,5765.85,1124.93,12271.95,566.71,6.77,6.65,1227.32,90.35,354.84,111.50,1703.19,82.56,48.84,23.66,146.46,77.24,84.16,38.14,96.39,28.77,2222.05,195.48,4.54,0.55,97.67,13.10,8.73,2.50,0.00,0.00,25.16,3.00,15.99,4.20,0.31,4.72,17.61,20.90,62.28,8.10,4.70,4.54
34.90,34.9,25/11/2025 11:54:22,1.892,11.707,,16.0,867372.0,561171.0,986791.32,400.74,1469.62,3139.62,608.03,5556.28,259.52,58.03,41.30,627.13,35.91,139.94,75.72,1239.22,59.22,21.87,14.09,84.12,43.27,56.44,25.89,79.62,20.57,1578.23,139.06,3.54,0.43,97.35,15.58,9.06,2.05,0.00,0.00,21.02,2.50,11.79,3.09,0.18,3.57,21.37,18.70,57.48,7.47,5.64,3.96,24995.71,664.54,2437.03,5932.20,1148.84,11886.75,555.20,132.97,94.63,1565.88,89.67,168.57,91.22,1733.93,82.86,36.49,23.50,150.18,77.24,82.49,37.84,114.40,29.56,2256.47,198.82,4.50,0.55,121.86,19.50,11.27,2.56,0.00,0.00,24.85,2.95,15.93,4.17,0.24,4.76,23.87,20.88,61.92,8.05,6.40,4.49
35.00,35.0,25/11/2025 11:55:05,1.837,14.089,,15.9,865329.0,572863.0,985270.89,1788.14,1510.45,3142.64,608.21,5542.87,258.57,35.93,28.15,527.66,36.16,304.59,93.77,1369.11,60.86,83.22,26.55,99.23,43.73,60.24,26.65,60.59,19.87,1524.89,134.00,3.18,0.43,82.95,11.63,7.22,2.04,0.00,0.00,14.94,2.18,9.77,3.15,1.96,3.65,7.05,18.84,60.05,7.69,2.88,3.92,27341.08,2965.23,2504.75,5937.89,1149.19,11858.06,553.16,82.34,64.51,1317.51,90.30,366.91,112.95,1915.67,85.16,138.85,44.30,177.14,78.06,88.05,38.94,87.05,28.55,2180.21,191.59,4.05,0.54,103.83,14.56,8.98,2.54,0.00,0.00,17.67,2.58,13.20,4.26,2.62,4.87,7.87,21.03,64.69,8.28,3.27,4.45
35.10,35.1,25/11/2025 11:55:38,2.150,14.878,1181244.334,15.9,868231.0,578486.0,983876.67,1524.95,1517.56,4052.47,735.10,6562.36,291.86,22.30,19.04,666.57,36.56,209.06,85.76,1353.26,61.09,23.41,14.32,77.15,43.83,55.95,26.09,83.60,21.01,1298.10,113.47,3.33,0.43,77.85,10.38,8.52,2.04,0.00,0.00,13.34,2.06,7.35,3.12,1.36,3.72,20.30,19.00,57.87,7.68,4.23,3.94,30549.89,2528.79,2516.53,7656.98,1388.94,14039.09,624.38,51.10,43.63,1664.35,91.28,251.83,103.31,1893.49,85.47,39.05,23.90,137.73,78.25,81.77,38.13,120.12,30.18,1855.95,162.23,4.24,0.54,97.45,12.99,10.61,2.54,0.00,0.00,15.77,2.44,9.93,4.21,1.82,4.95,22.67,21.21,62.34,8.27,4.80,4.47
35.20,35.2,25/11/2025 11:56:11,1.933,12.698,,15.9,868062.0,576365.0,984052.11,1873.49,1524.38,3828.41,704.00,6261.99,282.48,74.69,49.72,717.40,36.87,144.64,77.28,1356.68,60.86,29.44,14.45,65.01,43.83,52.49,25.55,62.18,20.11,1318.35,115.32,3.56,0.44,61.26,6.78,7.36,2.04,0.06,0.17,12.22,1.99,6.41,3.13,0.69,3.67,12.23,19.05,56.43,7.56,2.90,3.96,30180.18,3106.77,2527.84,7233.65,1330.18,13396.49,604.33,171.14,113.92,1791.29,92.07,174.23,93.10,1898.28,85.16,49.11,24.10,116.06,78.25,76.72,37.34,89.34,28.90,1884.90,164.88,4.53,0.56,76.68,8.49,9.16,2.54,0.08,0.22,14.45,2.36,8.66,4.22,0.92,4.90,13.66,21.27,60.78,8.14,3.29,4.49
35.30,35.3,25/11/2025 11:56:44,1.621,16.661,,15.9,866186.0,571973.0,986687.96,777.93,1468.44,3357.14,634.07,5180.93,245.21,54.81,38.83,620.44,35.81,327.06,95.27,1324.15,60.01,43.93,18.47,82.01,43.62,59.99,26.64,74.13,20.39,1216.44,106.19,3.32,0.43,90.78,13.84,8.44,2.01,0.00,0.00,14.32,2.10,6.61,3.07,1.91,3.61,3.66,18.87,60.81,7.63,3.23,3.87,25021.58,1290.03,2435.07,6343.18,1198.06,11083.75,524.58,125.59,88.98,1549.17,89.42,393.98,114.76,1852.76,83.96,73.30,30.82,146.39,77.87,87.68,38.93,106.52,29.29,1739.20,151.83,4.22,0.54,113.64,17.32,10.51,2.50,0.00,0.00,16.94,2.49,8.93,4.15,2.54,4.81,4.09,21.07,65.51,8.22,3.66,4.39
35.40,35.4,25/11/2025 11:57:18,1.500,16.465,,16.0,865602.0,569703.0,986641.74,211.98,1464.71,3449.24,648.54,5649.09,261.24,35.18,50.04,712.42,36.50,80.37,63.49,1333.08,60.28,61.69,22.33,106.84,43.47,46.72,24.40,55.08,19.64,1410.22,123.61,3.64,0.44,86.92,12.75,6.62,1.96,0.00,0.00,19.18,2.40,11.36,3.10,0.83,3.61,17.09,18.68,56.48,7.53,4.22,3.92,25478.42,351.52,2428.89,6517.20,1225.39,12085.30,558.89,80.60,114.67,1778.84,91.13,96.82,76.48,1865.25,84.34,102.93,37.26,190.74,77.60,68.29,35.66,79.15,28.22,2016.25,176.73,4.64,0.56,108.81,15.95,8.23,2.44,0.00,0.00,22.69,2.84,15.35,4.19,1.11,4.81,19.08,20.86,60.84,8.11,4.79,4.45
35.50,35.5,25/11/2025 11:58:01,1.842,18.116,,16.0,861916.0,565106.0,986484.55,1067.84,1456.98,3067.87,592.26,5333.12,249.60,140.56,81.97,558.42,36.11,140.27,75.12,1376.37,60.66,27.60,14.14,103.05,43.54,57.49,26.04,70.30,20.13,1358.30,118.77,3.15,0.42,98.70,16.03,7.73,2.03,0.00,0.00,17.70,2.32,9.50,3.12,1.12,3.60,13.11,18.68,57.62,7.44,5.60,3.94,25400.54,1770.78,2416.07,5796.63,1119.06,11409.33,533.98,322.08,187.83,1394.32,90.16,168.97,90.49,1925.83,84.88,46.06,23.59,183.97,77.73,84.02,38.06,101.02,28.92,1942.02,169.81,4.01,0.53,123.55,20.06,9.62,2.53,0.00,0.00,20.93,2.75,12.83,4.21,1.50,4.80,14.64,20.86,62.07,8.02,6.35,4.47
35.60,35.6,25/11/2025 11:58:35,1.844,23.082,1181241.356,16.0,864315.0,563145.0,986124.75,647.19,1487.21,3310.16,625.07,5676.67,261.16,10.45,9.63,567.73,35.93,311.03,93.63,1451.30,61.27,25.51,14.25,80.47,43.35,69.40,28.21,64.78,19.97,1446.55,126.84,3.21,0.43,96.33,15.26,7.69,2.04,0.00,0.00,22.62,2.58,9.34,3.10,0.56,3.62,13.52,18.74,54.70,7.53,6.03,3.95,26022.94,1073.22,2466.21,6254.43,1181.05,12144.30,558.72,23.95,22.07,1417.56,89.71,374.66,112.79,2030.67,85.73,42.57,23.78,143.66,77.38,101.44,41.24,93.07,28.69,2068.20,181.35,4.08,0.54,120.59,19.11,9.57,2.54,0.00,0.00,26.75,3.05,12.62,4.19,0.75,4.82,15.10,20.92,58.92,8.11,6.84,4.48
35.70,35.7,25/11/2025 11:59:08,2.247,23.740,,16.0,864703.0,567337.0,986580.53,453.84,1456.94,3417.46,641.40,5499.02,254.52,50.76,36.16,640.38,35.99,118.13,71.90,1322.25,60.03,16.43,14.01,111.16,43.43,68.21,27.85,82.96,20.55,1437.97,125.95,3.39,0.43,79.20,10.77,7.12,1.95,0.00,0.00,18.60,2.36,9.23,3.10,1.17,3.59,17.67,18.58,58.90,7.53,5.64,3.94,25420.25,752.58,2416.00,6457.16,1211.90,11764.25,544.50,116.31,82.85,1598.96,89.86,142.30,86.62,1850.10,83.99,27.41,23.38,198.44,77.53,99.69,40.71,119.20,29.52,2055.93,180.08,4.32,0.54,99.14,13.49,8.86,2.43,0.00,0.00,21.99,2.79,12.47,4.19,1.56,4.79,19.72,20.74,63.45,8.11,6.39,4.47
35.80,35.8,25/11/2025 11:59:41,3.185,22.683,,16.0,861087.0,565183.0,984946.87,1423.82,1515.92,3641.68,675.41,5896.16,269.13,17.65,15.24,593.20,36.22,233.20,87.51,1348.40,60.92,34.56,15.59,122.26,44.07,49.47,24.84,69.77,20.17,1418.45,124.17,3.66,0.44,93.51,14.43,7.49,1.94,0.00,0.00,17.01,2.31,11.32,3.15,0.75,3.59,10.31,18.78,56.73,7.62,3.72,3.98,28265.76,2361.09,2513.81,6880.82,1276.17,12613.87,575.76,40.45,34.92,1481.15,90.45,280.91,105.42,1886.69,85.25,57.66,26.01,218.25,78.67,72.31,36.30,100.25,28.98,2028.02,177.53,4.66,0.55,117.06,18.07,9.33,2.42,0.00,0.00,20.12,2.73,15.29,4.25,1.00,4.79,11.51,20.96,61.11,8.21,4.22,4.51
35.90,35.9,25/11/2025 12:00:15,2.036,26.252,,16.0,864425.0,562459.0,984629.60,1459.99,1562.29,3161.85,615.12,6376.88,286.65,41.73,31.35,638.48,36.34,330.04,96.04,1464.44,61.70,103.12,29.60,89.93,43.88,53.30,25.65,76.44,20.66,1370.35,119.90,3.14,0.41,94.44,14.64,8.65,1.97,0.00,0.00,19.87,2.45,9.39,3.14,0.98,3.64,5.36,18.99,56.47,7.61,5.58,3.94,28897.15,2421.07,2590.71,5974.20,1162.24,13642.28,613.25,95.61,71.83,1594.21,90.73,397.57,115.69,2049.06,86.32,172.05,49.39,160.53,78.33,77.90,37.48,109.83,29.68,1959.25,171.42,4.00,0.53,118.21,18.33,10.77,2.45,0.00,0.00,23.49,2.90,12.69,4.25,1.30,4.86,5.98,21.20,60.83,8.20,6.33,4.47
36.00,36.0,25/11/2025 12:00:58,0.376,27.309,,16.0,866871.0,563646.0,984008.46,1474.79,1509.36,3635.63,677.18,6341.15,284.91,5.01,4.80,659.66,36.50,402.48,103.07,1462.43,61.92,61.16,22.52,75.94,43.84,41.44,23.96,70.22,20.45,1525.67,134.03,3.08,0.42,112.73,20.02,8.18,2.13,0.00,0.00,20.48,2.54,11.67,3.19,0.87,3.67,14.93,19.03,60.49,7.76,3.55,4.07,29933.07,2445.60,2502.94,6869.39,1279.51,13565.83,609.53,11.47,10.99,1647.10,91.14,484.82,124.15,2046.24,86.64,102.04,37.57,135.57,78.27,60.56,35.01,100.90,29.39,2181.31,191.62,3.92,0.54,141.11,25.06,10.19,2.65,0.00,0.00,24.22,3.01,15.76,4.31,1.16,4.90,16.67,21.25,65.16,8.36,4.02,4.62
36.10,36.1,25/11/2025 12:01:32,2.135,24.992,1181245.393,16.0,858855.0,560307.0,984377.15,1201.35,1476.56,3755.40,692.64,6495.04,289.90,3.54,3.44,656.30,36.35,367.77,100.21,1318.19,60.62,77.65,25.39,81.01,43.36,69.60,28.30,76.33,20.43,1316.94,114.87,3.27,0.43,83.82,11.84,7.44,2.02,0.00,0.00,21.76,2.59,10.60,3.16,2.47,3.59,11.48,18.79,56.10,7.60,6.81,4.10,29528.29,1992.17,2448.55,7095.69,1308.71,13895.06,620.18,8.10,7.87,1638.72,90.76,443.01,120.71,1844.42,84.81,129.55,42.37,144.62,77.41,101.72,41.36,109.67,29.35,1882.89,164.23,4.16,0.54,104.92,14.82,9.26,2.52,0.00,0.00,25.74,3.06,14.32,4.27,3.29,4.78,12.81,20.98,60.43,8.19,7.73,4.65
36.20,36.2,25/11/2025 12:02:05,2.815,23.404,,16.0,860935.0,560399.0,983503.82,1112.30,1456.00,4040.10,735.21,6896.12,303.58,45.72,51.29,632.67,36.27,214.76,85.74,1469.55,61.80,47.36,19.25,103.26,43.94,65.84,27.66,80.10,20.73,1557.85,136.83,3.48,0.43,100.87,16.35,7.98,2.00,0.00,0.00,20.95,2.54,12.99,3.22,0.69,3.65,15.70,18.87,63.19,7.89,4.69,4.09,31207.41,1844.49,2414.44,7633.62,1389.15,14753.10,649.46,104.76,117.53,1579.71,90.55,258.70,103.29,2056.21,86.48,79.02,32.12,184.35,78.45,96.24,40.42,115.09,29.78,2227.32,195.63,4.43,0.54,126.27,20.47,9.93,2.48,0.00,0.00,24.78,3.00,17.55,4.35,0.92,4.87,17.53,21.07,68.07,8.50,5.32,4.64
36.30,36.3,25/11/2025 12:02:39,2.622,19.507,,16.0,859696.0,560949.0,983415.72,1494.27,1472.25,3956.82,724.09,6830.01,301.35,0.09,0.09,665.20,36.39,302.04,93.99,1419.37,61.62,55.85,21.33,122.28,44.31,68.16,28.12,61.89,20.05,1408.47,123.20,3.10,0.42,85.01,12.07,8.23,2.09,0.00,0.00,18.55,2.41,8.21,3.19,0.78,3.61,8.37,18.89,61.38,7.86,6.21,4.08,31327.77,2477.91,2441.40,7476.26,1368.14,14611.67,644.70,0.20,0.20,1660.94,90.87,363.84,113.22,1986.00,86.22,93.18,35.58,218.29,79.10,99.62,41.09,88.93,28.80,2013.75,176.15,3.95,0.53,106.41,15.11,10.25,2.60,0.00,0.00,21.94,2.85,11.09,4.30,1.03,4.81,9.35,21.09,66.12,8.47,7.04,4.62
36.40,36.4,25/11/2025 12:03:12,2.725,9.851,,16.0,853267.0,559326.0,985127.50,761.30,1450.10,3547.01,657.24,6582.61,290.71,23.42,48.45,662.82,35.70,221.67,85.31,1397.83,60.48,26.99,14.24,65.85,43.45,54.97,25.78,68.73,20.17,1251.78,109.14,3.29,0.42,102.49,17.08,6.95,1.98,0.00,0.00,20.67,2.51,7.92,3.13,0.40,3.61,6.65,18.86,54.53,7.51,4.62,4.06,28357.95,1262.45,2404.66,6701.94,1241.83,14082.40,621.92,53.66,111.01,1654.99,89.14,267.03,102.77,1955.85,84.62,45.04,23.75,117.55,77.56,80.34,37.68,98.76,28.98,1789.73,156.04,4.18,0.54,128.29,21.37,8.65,2.46,0.00,0.00,24.44,2.97,10.70,4.22,0.54,4.81,7.43,21.06,58.74,8.09,5.25,4.60
36.50,36.5,25/11/2025 12:03:56,2.801,7.006,,16.0,854789.0,558183.0,985536.44,1092.13,1471.13,3372.96,632.34,6003.43,270.85,11.11,9.87,682.86,35.68,137.15,74.72,1464.26,61.12,24.49,14.13,106.56,43.66,52.23,25.30,56.50,19.74,1216.92,106.11,3.16,0.41,116.59,21.56,8.11,2.01,0.00,0.00,23.40,2.64,8.72,3.12,0.84,3.58,17.61,18.73,60.58,7.71,3.95,3.99,27390.51,1811.05,2439.54,6373.08,1194.78,12843.34,579.45,25.45,22.61,1705.05,89.09,165.21,90.01,2048.81,85.52,40.86,23.58,190.23,77.94,76.33,36.98,81.18,28.37,1739.88,151.71,4.02,0.53,145.95,26.99,10.09,2.50,0.00,0.00,27.67,3.12,11.78,4.22,1.12,4.77,19.67,20.92,65.26,8.30,4.48,4.53
36.60,36.6,25/11/2025 12:04:29,2.585,1.451,1181246.450,16.0,862403.0,558223.0,984754.84,526.41,1462.58,3781.06,695.61,6539.46,290.51,1.94,1.89,600.58,35.84,344.02,96.74,1434.60,61.44,45.66,18.63,127.97,43.99,60.36,26.65,79.56,20.68,1450.77,127.14,3.57,0.44,127.40,24.98,7.66,2.06,0.00,0.00,23.73,2.68,10.11,3.18,1.05,3.62,19.36,18.75,55.45,7.65,4.43,4.12,28817.40,872.93,2425.36,7144.18,1314.32,13990.10,621.49,4.44,4.34,1499.58,89.50,414.41,116.53,2007.31,85.96,76.18,31.09,228.45,78.54,88.22,38.94,114.32,29.72,2074.23,181.78,4.55,0.56,159.47,31.27,9.54,2.56,0.00,0.00,28.06,3.17,13.65,4.29,1.40,4.83,21.62,20.93,59.73,8.24,5.03,4.67
36.70,36.7,25/11/2025 12:05:03,2.828,6.812,,15.9,869189.0,575520.0,982307.66,1423.82,1457.25,4339.07,778.30,7171.42,313.52,54.24,38.96,703.32,36.83,223.90,87.12,1470.66,62.33,32.97,15.19,69.62,43.91,62.64,27.30,70.77,20.59,1786.34,158.13,3.27,0.44,155.64,35.13,8.91,2.15,0.00,0.00,19.28,2.54,7.56,3.28,2.99,3.84,17.86,19.08,64.58,8.18,3.50,4.24,33376.60,2361.08,2416.53,8198.52,1470.57,15342.06,670.72,124.28,89.28,1756.12,91.96,269.71,104.94,2057.76,87.21,55.00,25.34,124.29,78.39,91.55,39.90,101.68,29.58,2554.02,226.09,4.16,0.56,194.82,43.97,11.10,2.68,0.00,0.00,22.80,3.00,10.21,4.42,3.99,5.12,19.94,21.30,69.57,8.81,3.97,4.81
36.80,36.8,25/11/2025 12:05:36,2.579,6.212,,15.9,856825.0,581714.0,985331.56,446.82,1441.85,3380.27,641.63,6481.36,289.04,22.69,48.39,570.41,35.49,288.43,90.60,1340.57,60.00,66.40,23.28,106.65,43.58,72.56,28.74,74.17,20.28,1585.21,139.43,3.28,0.43,136.31,28.19,8.00,2.03,0.00,0.00,12.30,2.09,6.43,3.22,1.85,3.80,6.03,18.69,56.25,7.72,2.46,4.13,27753.87,740.94,2390.99,6386.90,1212.33,13865.80,618.35,51.99,110.88,1424.25,88.61,347.45,109.14,1875.74,83.95,110.79,38.84,190.39,77.79,106.05,42.01,106.56,29.13,2266.44,199.34,4.18,0.54,170.63,35.28,9.96,2.53,0.00,0.00,14.55,2.47,8.68,4.35,2.47,5.06,6.73,20.86,60.59,8.32,2.79,4.69
36.90,36.9,25/11/2025 12:06:09,0.878,4.494,,15.9,862554.0,589834.0,983617.80,331.96,1517.05,4366.01,785.52,7447.80,321.74,40.51,49.91,608.41,36.03,202.74,83.35,1423.43,61.18,29.43,14.30,102.01,44.00,77.84,29.94,77.74,20.66,1428.22,125.06,3.38,0.44,149.08,32.92,7.78,2.06,0.14,0.17,8.36,1.75,3.80,3.25,1.46,3.86,14.34,18.89,54.77,7.59,3.00,4.16,31375.91,550.48,2515.70,8249.42,1484.21,15933.35,688.31,92.82,114.36,1519.14,89.97,244.23,100.40,1991.67,85.61,49.10,23.86,182.10,78.55,113.76,43.76,111.70,29.69,2041.99,178.81,4.30,0.56,186.61,41.20,9.69,2.56,0.18,0.22,9.88,2.07,5.14,4.39,1.94,5.15,16.01,21.09,59.00,8.18,3.40,4.72
37.00,37.0,25/11/2025 12:06:53,1.196,4.231,,15.8,865119.0,596543.0,981578.61,1326.59,1535.66,4513.73,806.91,8039.55,341.87,37.03,50.02,689.66,36.88,328.58,96.32,1493.80,62.61,39.06,17.03,71.96,44.14,65.86,27.97,74.33,20.80,1518.21,133.31,3.61,0.45,120.05,22.19,8.37,2.15,0.00,0.00,6.38,1.53,3.81,3.29,1.75,3.95,15.27,19.17,60.12,7.95,3.66,4.15,35054.10,2199.85,2546.55,8528.52,1524.63,17199.28,731.37,84.85,114.61,1722.02,92.09,395.81,116.03,2090.14,87.61,65.18,28.42,128.46,78.81,96.26,40.87,106.80,29.88,2170.66,190.60,4.59,0.57,150.27,27.77,10.41,2.67,0.00,0.00,7.55,1.81,5.15,4.45,2.34,5.27,17.05,21.40,64.76,8.56,4.15,4.70
37.10,37.1,25/11/2025 12:07:26,0.652,12.369,1181238.313,15.8,860716.0,598284.0,982300.42,1849.16,1491.65,4137.90,750.85,7563.27,326.63,45.04,33.19,698.29,36.70,358.68,98.83,1378.11,61.34,19.99,14.35,83.50,44.14,54.16,25.92,69.55,20.52,1222.78,106.60,3.40,0.44,122.98,23.41,8.43,2.12,0.00,0.00,3.00,1.26,2.08,3.31,3.34,3.94,19.13,19.09,53.46,7.73,3.33,4.16,33644.34,3066.42,2473.57,7818.40,1418.70,16180.36,698.78,103.19,76.06,1743.56,91.63,432.07,119.05,1928.26,85.83,33.36,23.94,149.06,78.80,79.16,37.88,99.94,29.48,1748.26,152.41,4.33,0.56,153.94,29.31,10.49,2.64,0.00,0.00,3.55,1.49,2.81,4.47,4.45,5.25,21.36,21.31,57.59,8.32,3.78,4.71
37.20,37.2,25/11/2025 12:07:59,3.223,6.414,,15.8,865497.0,599623.0,981563.36,1391.53,1509.87,4318.28,778.88,8381.61,353.21,129.76,76.89,658.82,36.81,245.14,89.19,1557.64,63.10,32.88,15.05,86.59,44.31,66.92,28.16,67.37,20.52,1291.39,112.72,3.95,0.47,120.73,22.52,8.23,2.19,0.00,0.00,3.89,1.30,2.39,3.29,1.71,3.99,6.93,19.14,58.68,7.81,2.21,4.16,35315.28,2307.53,2503.78,8159.23,1471.66,17931.08,755.63,297.32,176.18,1645.01,91.92,295.30,107.44,2179.46,88.30,54.85,25.11,154.57,79.09,97.80,41.15,96.81,29.49,1846.35,161.17,5.03,0.59,151.13,28.19,10.25,2.72,0.00,0.00,4.60,1.53,3.23,4.45,2.29,5.32,7.74,21.37,63.21,8.42,2.50,4.72
37.30,37.3,25/11/2025 12:08:32,3.279,12.303,,15.8,864227.0,599197.0,981002.14,1451.15,1529.19,4564.77,815.91,8870.08,369.38,31.66,24.93,658.02,36.70,404.36,103.60,1454.75,62.38,35.23,15.94,89.56,44.63,71.51,29.07,69.77,20.68,1085.74,94.56,3.61,0.45,117.44,21.47,7.28,2.12,0.00,0.00,3.48,1.30,1.49,3.24,1.76,3.98,13.30,19.25,58.30,7.91,4.58,4.23,36473.36,2406.40,2535.81,8624.97,1541.63,18976.08,790.23,72.55,57.13,1643.01,91.63,487.10,124.80,2035.49,87.28,58.79,26.60,159.88,79.67,104.52,42.49,100.25,29.72,1552.33,135.19,4.60,0.57,147.01,26.88,9.07,2.64,0.00,0.00,4.12,1.53,2.02,4.37,2.35,5.30,14.85,21.49,62.80,8.52,5.19,4.80
37.40,37.4,25/11/2025 12:09:06,3.383,12.236,,15.8,864001.0,598138.0,980253.44,1858.61,1502.59,4882.12,861.45,8612.82,361.51,17.60,15.41,660.75,36.80,417.11,105.43,1547.02,63.50,27.81,14.43,112.54,44.55,62.75,27.41,68.58,20.64,1254.43,109.38,3.37,0.45,109.61,18.85,10.04,2.22,0.00,0.00,6.41,1.54,2.08,3.29,2.19,3.98,24.72,19.11,62.83,8.15,3.16,4.23,37586.85,3082.09,2491.71,9224.58,1627.68,18425.72,773.39,40.32,35.30,1649.84,91.90,502.45,127.00,2164.60,88.85,46.40,24.08,200.91,79.53,91.72,40.06,98.54,29.66,1793.51,156.38,4.29,0.57,137.21,23.59,12.50,2.77,0.00,0.00,7.58,1.82,2.81,4.45,2.92,5.31,27.60,21.33,67.68,8.78,3.58,4.80
37.50,37.5,25/11/2025 12:09:50,3.751,6.416,,15.8,862234.0,597955.0,981632.01,747.36,1449.65,4574.41,813.48,8519.80,357.09,69.70,46.61,766.17,38.14,378.67,100.86,1536.76,62.83,25.79,14.40,107.35,44.55,70.16,28.73,64.93,20.47,1285.84,112.20,3.51,0.44,118.15,21.62,7.72,2.06,0.00,0.00,3.17,1.26,2.03,3.28,2.59,3.95,21.64,19.12,58.42,7.95,3.83,4.15,35320.64,1239.34,2403.92,8643.17,1537.04,18226.70,763.92,159.72,106.80,1913.06,95.23,456.15,121.49,2150.25,87.92,43.03,24.03,191.65,79.53,102.54,41.99,93.30,29.41,1838.42,160.42,4.46,0.57,147.90,27.06,9.61,2.56,0.00,0.00,3.75,1.49,2.74,4.44,3.45,5.27,24.16,21.35,62.93,8.56,4.34,4.70
37.60,37.6,25/11/2025 12:10:23,4.308,7.541,1181240.494,15.8,861467.0,600693.0,981290.87,1448.43,1509.62,4570.26,815.58,8438.40,355.22,71.42,47.25,672.04,36.51,232.56,86.96,1474.64,62.41,49.88,19.85,102.44,44.34,77.47,30.04,71.86,20.62,1270.11,110.75,3.53,0.45,134.68,27.34,8.63,2.12,0.00,0.00,3.19,1.27,2.18,3.27,1.52,3.98,14.16,19.05,59.28,7.99,2.44,4.10,35848.45,2401.90,2503.37,8635.34,1541.00,18052.56,759.93,163.64,108.27,1678.03,91.17,280.14,104.76,2063.33,87.32,83.22,33.11,182.87,79.15,113.23,43.91,103.25,29.63,1815.93,158.34,4.49,0.57,168.59,34.23,10.75,2.64,0.00,0.00,3.78,1.50,2.94,4.42,2.03,5.31,15.81,21.27,63.86,8.60,2.77,4.65
37.70,37.7,25/11/2025 12:10:57,4.655,10.386,,15.8,869029.0,603514.0,979799.75,1004.12,1577.12,4935.81,871.93,9506.91,391.43,47.64,35.47,701.57,37.41,464.30,109.81,1585.25,63.95,31.19,14.62,82.77,44.76,66.54,28.26,72.14,20.94,1443.61,126.47,3.96,0.46,150.09,32.73,9.12,2.20,0.00,0.00,2.89,1.29,3.43,3.37,4.01,4.05,15.85,19.36,65.24,8.34,3.78,4.22,38742.58,1665.11,2615.31,9326.03,1647.47,20338.47,837.39,109.17,81.27,1751.76,93.41,559.30,132.28,2218.09,89.48,52.05,24.39,147.76,79.90,97.25,41.30,103.66,30.08,2064.00,180.82,5.04,0.59,187.88,40.97,11.36,2.74,0.00,0.00,3.42,1.53,4.63,4.55,5.35,5.40,17.70,21.61,70.28,8.98,4.29,4.78
37.80,37.8,25/11/2025 12:11:30,3.331,6.481,,15.8,865259.0,600509.0,980800.07,470.10,1447.96,4904.95,864.53,9220.52,380.76,9.92,9.05,706.64,36.81,227.00,87.45,1540.89,63.11,27.75,14.48,104.14,44.74,71.06,28.94,71.80,20.76,1644.69,144.88,3.96,0.47,98.92,15.57,7.67,2.12,0.00,0.00,2.47,1.26,2.40,3.28,2.07,4.07,15.93,19.20,62.54,8.14,4.52,4.18,37017.98,779.56,2401.11,9267.72,1633.50,19725.77,814.57,22.74,20.74,1764.41,91.92,273.44,105.35,2156.02,88.31,46.29,24.16,185.91,79.87,103.86,42.30,103.16,29.83,2351.48,207.14,5.04,0.60,123.83,19.50,9.55,2.63,0.00,0.00,2.92,1.49,3.24,4.43,2.76,5.42,17.78,21.44,67.37,8.77,5.12,4.74
37.90,37.9,25/11/2025 12:12:03,1.657,9.724,,15.8,865483.0,602526.0,979943.97,1561.68,1496.51,4758.13,842.30,8861.56,369.45,0.00,0.00,789.95,39.10,336.26,96.98,1496.28,62.92,28.81,14.58,81.91,44.64,67.94,28.43,12.80,2.69,1847.67,163.62,3.68,0.46,113.41,19.79,7.33,2.06,0.00,0.00,2.18,1.26,1.48,3.30,4.96,4.12,14.04,19.30,62.62,8.19,3.35,4.23,38216.50,2589.69,2481.62,8990.31,1591.49,18957.84,790.38,0.00,0.00,1972.42,97.62,405.06,116.83,2093.60,88.05,48.08,24.32,146.23,79.69,99.29,41.55,18.39,3.87,2641.69,233.93,4.68,0.59,141.97,24.78,9.12,2.56,0.00,0.00,2.58,1.49,2.00,4.46,6.61,5.50,15.67,21.54,67.45,8.82,3.81,4.80
38.00,38.0,25/11/2025 12:12:47,0.794,6.943,,15.8,862218.0,602056.0,981398.38,887.96,1512.42,4539.09,810.58,8501.61,356.87,61.48,41.94,665.93,36.34,429.90,104.88,1538.23,62.78,25.35,14.41,104.44,44.59,68.17,28.41,62.92,20.38,1518.88,133.34,4.06,0.47,97.42,15.22,6.27,2.06,0.00,0.00,2.93,1.26,1.76,3.29,3.00,4.06,19.20,19.16,59.77,7.92,3.25,4.14,35535.17,1472.48,2508.02,8576.44,1531.57,18187.79,763.46,140.87,96.10,1662.77,90.75,517.86,126.34,2152.30,87.84,42.30,24.04,186.45,79.60,99.63,41.52,90.41,29.28,2171.62,190.64,5.16,0.60,121.94,19.05,7.81,2.56,0.00,0.00,3.47,1.49,2.38,4.45,4.00,5.41,21.44,21.39,64.38,8.53,3.69,4.70
38.10,38.1,25/11/2025 12:13:20,2.644,3.772,1181245.453,15.8,861516.0,604095.0,980855.49,1262.76,1519.86,4583.15,816.15,8649.39,362.13,48.98,50.95,690.67,36.64,405.70,103.36,1549.40,63.05,20.49,14.45,89.53,44.53,79.39,30.48,69.39,20.61,1483.63,130.10,3.45,0.46,116.95,21.10,7.96,2.15,0.00,0.00,2.40,1.26,3.15,3.29,4.12,4.08,15.32,19.18,56.62,7.97,2.04,4.11,36535.72,2094.01,2520.34,8659.70,1542.09,18503.95,774.71,112.24,116.74,1724.53,91.47,488.71,124.51,2167.94,88.21,34.19,24.11,159.82,79.49,116.03,44.55,99.71,29.61,2121.21,186.01,4.39,0.58,146.40,26.42,9.91,2.68,0.00,0.00,2.84,1.49,4.26,4.44,5.49,5.44,17.11,21.41,60.99,8.58,2.32,4.66
38.20,38.2,25/11/2025 12:13:54,4.056,5.028,,15.8,862541.0,606199.0,981832.98,736.26,1506.17,4291.06,774.19,8621.03,360.57,26.25,21.12,646.23,36.32,422.38,104.83,1548.89,62.73,27.64,14.53,80.72,44.48,60.11,27.04,64.96,20.51,1454.63,127.55,3.77,0.46,98.52,15.59,8.58,2.16,0.00,0.00,1.77,1.24,2.60,3.31,2.23,4.07,12.41,19.25,54.73,7.90,2.26,4.17,34795.62,1220.92,2497.65,8107.79,1462.79,18443.27,771.39,60.16,48.40,1613.56,90.69,508.80,126.28,2167.21,87.78,46.11,24.25,144.09,79.41,87.85,39.52,93.33,29.47,2079.74,182.37,4.80,0.58,123.33,19.51,10.67,2.69,0.00,0.00,2.10,1.47,3.52,4.47,2.98,5.42,13.85,21.49,58.96,8.51,2.57,4.73
38.30,38.3,25/11/2025 12:14:27,3.720,5.690,,15.8,856328.0,605074.0,980931.21,1208.85,1459.92,4752.86,839.72,8882.71,369.01,29.00,22.89,691.00,36.57,375.26,100.48,1550.36,63.18,19.30,14.38,97.51,44.64,58.95,26.83,63.48,20.41,1144.87,99.66,4.09,0.47,93.12,14.14,8.47,2.16,0.00,0.00,2.91,1.24,3.17,3.30,2.14,4.02,16.27,19.19,61.01,8.02,3.46,4.10,36652.40,2004.60,2420.95,8980.35,1586.62,19003.10,789.43,66.44,52.44,1725.37,91.31,452.03,121.04,2169.28,88.40,32.20,24.00,174.07,79.69,86.16,39.21,91.22,29.32,1636.86,142.49,5.20,0.59,116.57,17.70,10.55,2.69,0.00,0.00,3.44,1.47,4.28,4.46,2.85,5.37,18.17,21.43,65.72,8.63,3.93,4.65
38.40,38.4,25/11/2025 12:15:01,3.431,6.815,,15.8,856970.0,606658.0,982028.07,555.42,1476.20,4591.20,816.37,8813.21,366.48,121.94,72.05,676.70,36.38,217.66,85.95,1468.16,62.14,42.02,17.82,74.94,44.09,55.82,26.16,64.67,20.36,1081.27,94.16,3.24,0.43,120.21,22.49,6.91,2.06,0.00,0.00,2.03,1.24,1.69,3.25,3.02,4.04,11.77,19.10,56.76,7.78,3.28,4.20,34910.13,921.04,2447.94,8674.90,1542.49,18854.41,784.03,279.41,165.10,1689.66,90.85,262.19,103.54,2054.26,86.95,70.11,29.73,133.78,78.70,81.58,38.23,92.92,29.25,1545.95,134.62,4.12,0.55,150.48,28.15,8.60,2.56,0.00,0.00,2.40,1.47,2.28,4.39,4.03,5.38,13.15,21.32,61.14,8.38,3.72,4.76
38.50,38.5,25/11/2025 12:15:44,3.369,7.671,,15.8,862960.0,607372.0,980797.92,1243.04,1470.62,4965.11,873.33,8843.25,368.06,51.78,36.55,703.25,36.89,266.02,91.18,1560.09,62.92,33.79,15.43,68.07,44.32,70.49,28.86,61.44,20.39,1110.40,96.74,3.66,0.45,125.04,23.98,9.39,2.09,0.00,0.00,2.09,1.25,2.06,3.29,1.51,4.06,13.41,19.24,64.98,8.13,3.20,4.23,36964.83,2061.30,2438.69,9381.38,1650.13,18918.67,787.41,118.64,83.75,1755.94,92.10,320.45,109.84,2182.89,88.04,56.39,25.74,121.51,79.11,103.03,42.19,88.28,29.30,1587.58,138.31,4.66,0.57,156.52,30.02,11.69,2.60,0.00,0.00,2.47,1.48,2.79,4.44,2.02,5.41,14.97,21.48,70.00,8.75,3.64,4.80
38.60,38.6,25/11/2025 12:16:18,2.851,9.454,1181244.863,15.8,865843.0,610545.0,979187.83,1112.48,1458.07,5164.65,903.76,9561.88,392.74,47.57,50.96,1084.56,48.85,220.13,87.50,1595.59,63.93,22.37,14.59,77.79,44.91,58.55,26.96,85.26,21.57,1574.62,138.46,3.86,0.47,110.54,18.91,9.93,2.21,0.00,0.00,1.81,1.28,2.66,3.41,2.54,4.20,10.54,19.43,59.81,8.12,5.02,4.35,40256.30,1844.80,2417.88,9758.42,1707.61,20456.06,840.21,109.00,116.77,2708.05,121.97,265.17,105.40,2232.56,89.45,37.33,24.34,138.86,80.17,85.58,39.41,122.51,30.99,2251.31,197.97,4.92,0.60,138.38,23.67,12.36,2.75,0.00,0.00,2.13,1.51,3.59,4.61,3.39,5.60,11.77,21.69,64.43,8.74,5.69,4.93
38.70,38.7,25/11/2025 12:16:51,3.286,3.769,,15.8,871580.0,609883.0,979075.94,1369.92,1567.18,4956.09,876.53,9658.66,396.58,11.17,10.20,731.26,37.50,389.26,102.52,1569.87,63.67,20.34,14.68,98.52,45.27,75.50,30.01,73.50,21.15,1749.31,154.64,3.47,0.46,112.19,19.34,7.90,2.17,0.00,0.00,2.19,1.30,4.19,3.42,1.76,4.19,23.70,19.49,62.28,8.26,2.98,4.25,40005.17,2271.70,2598.82,9364.34,1656.18,20663.11,848.43,25.60,23.38,1825.89,93.65,468.90,123.50,2196.57,89.09,33.94,24.49,175.87,80.82,110.34,43.86,105.61,30.39,2501.07,221.09,4.42,0.59,140.44,24.21,9.84,2.70,0.00,0.00,2.59,1.54,5.66,4.62,2.35,5.59,26.46,21.76,67.08,8.89,3.38,4.82
38.80,38.8,25/11/2025 12:17:24,3.398,7.336,,15.8,873694.0,605936.0,979271.68,1199.42,1499.96,4736.04,842.77,9535.73,392.55,81.69,52.85,676.66,37.27,465.30,110.46,1518.32,63.69,68.66,24.51,85.21,45.42,57.14,26.88,75.41,21.33,2026.79,180.62,3.54,0.46,111.08,18.90,8.50,2.22,0.00,0.00,4.09,1.36,3.47,3.39,3.42,4.17,3.69,19.64,61.26,8.33,2.90,4.38,39497.29,1988.97,2487.35,8948.57,1592.39,20400.12,839.80,187.18,121.09,1689.54,93.05,560.51,133.06,2124.45,89.11,114.56,40.90,152.11,81.09,83.51,39.28,108.35,30.65,2897.79,258.24,4.51,0.59,139.05,23.66,10.58,2.77,0.00,0.00,4.84,1.61,4.68,4.58,4.56,5.57,4.12,21.93,65.99,8.97,3.29,4.97
38.90,38.9,25/11/2025 12:17:58,2.771,2.907,,15.8,872675.0,601652.0,978266.04,1435.78,1503.52,4960.93,873.31,9797.22,400.73,116.24,70.19,884.65,42.77,441.44,108.25,1575.08,64.23,27.77,14.82,70.84,45.32,53.46,26.36,64.42,20.90,2100.51,187.50,3.37,0.46,107.31,17.68,7.82,2.21,0.00,0.00,4.59,1.39,4.12,3.46,2.14,4.13,5.33,19.65,66.76,8.40,4.21,4.45,41516.29,2380.92,2493.25,9373.49,1650.08,20959.53,857.29,266.35,160.83,2208.87,106.79,531.75,130.40,2203.86,89.87,46.34,24.73,126.46,80.91,78.13,38.53,92.56,30.04,3003.19,268.08,4.28,0.59,134.32,22.13,9.73,2.75,0.00,0.00,5.43,1.64,5.56,4.68,2.85,5.51,5.95,21.94,71.91,9.05,4.78,5.05
39.00,39.0,25/11/2025 12:18:41,1.941,-1.326,,15.8,874434.0,599841.0,977679.34,1994.42,1509.84,5280.69,921.80,9818.95,401.96,36.95,51.26,1016.83,46.81,308.46,96.52,1597.33,64.38,25.85,14.82,111.28,45.88,85.11,32.01,74.18,21.26,1732.78,153.08,3.72,0.46,136.00,27.12,11.62,2.30,0.00,0.00,4.50,1.36,3.93,3.42,3.02,4.10,11.90,19.64,60.67,8.26,2.46,4.38,42756.89,3307.30,2503.73,9977.67,1741.71,21006.03,859.94,84.66,117.46,2538.94,116.89,371.57,116.27,2235.00,90.09,43.14,24.73,198.65,81.91,124.40,46.78,106.59,30.54,2477.43,218.86,4.74,0.59,170.24,33.95,14.46,2.86,0.00,0.00,5.32,1.61,5.31,4.63,4.02,5.47,13.29,21.92,65.36,8.90,2.79,4.97
39.10,39.1,25/11/2025 12:19:15,1.042,7.274,1181237.453,15.8,876510.0,606991.0,979443.70,391.33,1496.18,5213.47,913.38,9783.11,400.08,99.80,61.93,849.97,41.39,414.87,105.68,1565.06,64.11,54.74,21.43,94.07,45.51,66.74,28.51,87.20,21.83,1699.63,150.14,3.86,0.47,128.87,24.78,7.98,2.18,0.00,0.00,4.70,1.34,4.23,3.46,2.40,4.16,15.63,19.63,64.18,8.36,4.45,4.34,39663.92,648.94,2481.08,9850.65,1725.80,20929.35,855.90,228.69,141.90,2122.28,103.34,499.76,127.30,2189.84,89.70,91.33,35.75,167.94,81.25,97.55,41.68,125.29,31.37,2430.04,214.66,4.91,0.60,161.32,31.02,9.94,2.72,0.00,0.00,5.56,1.59,5.71,4.68,3.19,5.55,17.45,21.91,69.13,9.00,5.04,4.92
39.20,39.2,25/11/2025 12:19:48,-0.037,12.434,,15.8,876870.0,607992.0,978364.54,1073.74,1539.49,5137.91,903.09,10227.49,415.59,9.39,8.64,908.30,43.48,398.65,104.77,1633.64,65.04,67.59,24.49,82.55,45.79,53.89,26.53,77.33,21.58,1713.07,151.39,3.85,0.48,154.98,34.25,7.94,2.16,0.00,0.00,3.94,1.34,4.73,3.50,3.06,4.21,0.00,0.00,70.60,8.59,2.79,4.36,41626.37,1780.55,2552.90,9707.90,1706.36,21880.04,889.08,21.52,19.80,2267.93,108.57,480.21,126.21,2285.79,91.00,112.78,40.87,147.37,81.74,78.76,38.77,111.11,31.00,2449.25,216.44,4.91,0.61,194.00,42.87,9.89,2.69,0.00,0.00,4.66,1.58,6.39,4.72,4.08,5.62,0.00,0.00,76.05,9.25,3.16,4.95
39.30,39.3,25/11/2025 12:20:22,0.879,12.764,,15.8,875848.0,608083.0,978049.77,1213.95,1578.13,5111.36,901.73,10337.02,419.90,13.32,50.25,1047.05,48.00,497.78,114.21,1616.86,64.80,41.67,18.00,96.26,45.70,70.61,29.24,17.42,3.65,1641.28,144.64,4.25,0.48,139.55,28.45,8.81,2.26,0.00,0.00,4.06,1.36,4.94,3.47,2.83,4.18,13.40,19.67,64.28,8.37,3.53,4.36,42302.71,2013.06,2616.98,9657.72,1703.78,22114.36,898.31,30.53,115.13,2614.37,119.86,599.63,137.57,2262.31,90.67,69.53,30.03,171.84,81.57,103.20,42.73,25.03,5.24,2346.61,206.80,5.41,0.62,174.69,35.61,10.97,2.82,0.00,0.00,4.80,1.61,6.67,4.69,3.77,5.57,14.96,21.96,69.24,9.01,4.01,4.94
39.40,39.4,25/11/2025 12:20:55,2.519,4.898,,15.8,874943.0,610907.0,977233.67,2103.71,1490.15,5376.85,936.34,10312.86,418.50,79.26,52.09,1104.70,49.89,384.47,103.46,1624.64,65.14,31.29,14.92,113.46,46.12,57.68,27.16,71.73,21.40,1270.72,111.16,4.31,0.49,130.26,25.30,8.33,2.24,0.00,0.00,2.39,1.29,1.05,3.38,1.81,4.13,17.53,19.77,65.36,8.38,3.93,4.31,43925.74,3488.53,2471.09,10159.36,1769.18,22062.66,895.30,181.61,119.35,2758.32,124.56,463.14,124.62,2273.20,91.15,52.21,24.90,202.54,82.33,84.30,39.70,103.06,30.74,1816.80,158.93,5.49,0.62,163.05,31.67,10.37,2.79,0.00,0.00,2.82,1.53,1.42,4.57,2.42,5.51,19.57,22.07,70.40,9.03,4.46,4.89
39.50,39.5,25/11/2025 12:21:39,3.348,10.713,,15.8,874382.0,609199.0,976667.65,1319.20,1501.00,6001.90,1027.82,11022.05,441.16,104.63,64.43,1132.13,50.50,488.06,113.52,1662.64,65.74,59.62,22.56,81.47,45.91,81.23,31.46,49.12,20.69,1111.01,97.04,3.90,0.47,119.40,21.64,8.90,2.23,0.00,0.00,2.14,1.28,3.19,3.45,2.14,4.18,12.03,19.88,63.64,8.35,3.95,4.31,45373.02,2187.60,2489.08,11340.36,1942.02,23579.86,943.78,239.75,147.63,2826.82,126.08,587.91,136.74,2326.38,91.98,99.48,37.64,145.44,81.95,118.72,45.99,70.58,29.73,1588.46,138.75,4.97,0.60,149.46,27.09,11.08,2.78,0.00,0.00,2.54,1.52,4.30,4.66,2.85,5.57,13.43,22.19,68.55,9.00,4.48,4.89
39.60,39.6,25/11/2025 12:22:13,3.303,13.952,1181236.857,15.8,874267.0,608793.0,976588.78,1666.00,1578.38,5777.07,997.53,11261.69,449.60,83.53,54.20,1112.32,50.29,460.27,110.54,1672.54,65.51,25.83,15.06,63.48,45.97,61.54,27.93,50.10,20.69,976.22,85.39,4.21,0.48,111.57,19.25,8.23,2.15,0.00,0.00,1.44,1.26,2.73,3.40,1.34,4.18,8.71,19.97,59.33,8.13,3.06,4.27,45587.85,2762.69,2617.39,10915.56,1884.80,24092.52,961.84,191.40,124.20,2777.35,125.58,554.44,133.16,2340.22,91.66,43.10,25.12,113.32,82.07,89.94,40.83,71.99,29.73,1395.75,122.09,5.35,0.61,139.67,24.09,10.25,2.68,0.00,0.00,1.70,1.50,3.69,4.60,1.79,5.57,9.72,22.30,63.91,8.76,3.47,4.85
39.70,39.7,25/11/2025 12:22:47,3.279,13.163,,15.7,876212.0,610923.0,974803.90,2645.22,1569.15,6152.01,1053.01,11573.76,460.20,34.80,27.28,1358.26,57.61,416.43,108.02,1602.99,65.72,69.43,24.62,78.84,46.09,63.76,28.38,51.61,20.87,955.15,83.65,4.21,0.47,96.17,14.67,7.26,2.22,0.00,0.00,1.08,1.28,2.46,3.41,2.27,4.17,13.00,19.99,64.65,8.31,2.73,4.26,49005.60,4386.51,2602.09,11624.00,1989.62,24760.16,984.53,79.74,62.50,3391.45,143.85,501.64,130.12,2242.92,91.95,115.84,41.08,140.74,82.27,93.19,41.47,74.15,29.99,1365.63,119.59,5.35,0.60,120.39,18.36,9.03,2.76,0.00,0.00,1.28,1.51,3.33,4.61,3.03,5.56,14.51,22.32,69.64,8.96,3.09,4.83
39.80,39.8,25/11/2025 12:23:21,3.252,7.074,,15.8,876321.0,609803.0,974388.60,2470.81,1598.11,6197.91,1061.85,11949.35,473.57,12.57,11.46,1259.34,55.01,524.46,118.19,1696.27,66.63,86.36,27.86,50.29,45.97,54.04,26.87,90.22,22.41,1021.87,89.23,4.01,0.48,108.62,18.16,7.43,2.24,0.00,0.00,2.85,1.29,2.11,3.35,2.50,4.20,7.86,20.11,59.11,8.35,3.43,4.26,49689.81,4097.29,2650.11,11710.71,2006.32,25563.67,1013.13,28.81,26.27,3144.44,137.37,631.77,142.38,2373.43,93.23,144.09,46.49,89.77,82.07,78.99,39.27,129.63,32.20,1461.01,127.58,5.10,0.61,135.97,22.73,9.25,2.78,0.00,0.00,3.36,1.52,2.85,4.52,3.34,5.60,8.77,22.45,63.68,8.99,3.90,4.83
39.90,39.9,25/11/2025 12:23:55,4.222,13.363,,15.7,878026.0,611633.0,974441.64,2420.76,1640.79,5906.09,1021.01,12157.16,480.55,16.26,14.49,1526.44,62.10,389.09,104.75,1684.00,66.30,22.72,14.97,98.79,46.34,54.83,26.89,61.59,21.25,1022.02,89.26,4.00,0.48,93.98,14.01,7.24,2.23,0.00,0.00,0.98,1.27,2.91,3.47,2.32,4.22,19.11,19.95,65.31,8.48,2.77,4.32,49934.33,4014.28,2720.88,11159.34,1929.17,26008.25,1028.06,37.25,33.21,3811.37,155.05,468.70,126.18,2356.26,92.77,37.91,24.98,176.36,82.72,80.14,39.30,88.49,30.53,1461.23,127.62,5.09,0.61,117.64,17.54,9.01,2.77,0.00,0.00,1.15,1.50,3.93,4.69,3.10,5.63,21.33,22.27,70.36,9.14,3.14,4.90
40.00,40.0,25/11/2025 12:24:38,4.913,13.028,,15.8,877806.0,609043.0,973868.59,2757.51,1642.99,6108.16,1049.54,12102.37,478.41,2.54,2.51,1540.60,62.87,427.80,107.82,1723.36,66.44,31.28,15.22,114.57,47.03,57.37,27.40,67.59,21.49,1018.29,88.90,3.88,0.48,85.98,11.92,7.38,2.16,0.00,0.00,1.61,1.28,1.96,3.46,3.81,4.23,7.66,20.12,64.56,8.30,3.13,4.24,50890.71,4572.71,2724.53,11541.13,1983.07,25891.02,1023.48,5.82,5.74,3846.73,156.97,515.32,129.88,2411.34,92.96,52.20,25.40,204.53,83.96,83.85,40.04,97.11,30.87,1455.90,127.11,4.94,0.61,107.63,14.92,9.19,2.69,0.00,0.00,1.90,1.52,2.65,4.67,5.08,5.65,8.55,22.47,69.55,8.94,3.55,4.81
40.10,40.1,25/11/2025 12:25:12,5.489,4.233,1181245.325,15.8,878575.0,608083.0,975246.14,1529.44,1530.13,6113.14,1048.46,11870.31,470.91,35.76,28.26,1317.69,56.72,486.48,113.53,1703.01,66.31,29.75,15.03,86.10,46.13,75.65,30.39,62.40,21.13,1273.90,111.26,3.90,0.48,75.33,9.40,8.75,2.19,0.00,0.00,1.94,1.28,2.11,3.42,3.44,4.22,15.08,19.91,55.87,8.01,3.81,4.28,48248.46,2536.23,2537.37,11550.56,1981.02,25394.58,1007.44,81.94,64.75,3290.15,141.62,586.01,136.76,2382.86,92.78,49.63,25.08,153.71,82.34,110.57,44.42,89.66,30.36,1821.35,159.07,4.97,0.61,94.29,11.76,10.90,2.72,0.00,0.00,2.30,1.51,2.85,4.62,4.59,5.63,16.84,22.23,60.19,8.63,4.32,4.85
40.20,40.2,25/11/2025 12:25:45,3.894,5.620,,15.7,884126.0,607954.0,972264.64,2741.17,1592.61,6613.56,1123.80,12497.77,491.90,57.81,41.79,1618.36,65.61,428.06,108.95,1709.05,66.95,48.25,19.92,92.94,46.94,71.22,29.91,71.18,21.80,1595.23,140.27,4.50,0.50,97.26,14.59,7.32,2.12,0.00,0.00,1.50,1.30,2.21,3.55,2.32,4.29,9.89,20.25,62.13,8.33,3.62,4.31,53818.99,4545.62,2640.98,12496.07,2123.38,26736.91,1052.34,132.47,95.75,4040.89,163.81,515.64,131.24,2391.31,93.68,80.51,33.24,165.91,83.79,104.09,43.71,102.27,31.32,2280.77,200.55,5.73,0.64,121.75,18.26,9.11,2.64,0.00,0.00,1.77,1.54,2.99,4.79,3.10,5.72,11.04,22.60,66.93,8.98,4.11,4.89
40.30,40.3,25/11/2025 12:26:19,2.391,5.224,,15.7,885544.0,609010.0,972513.73,2518.91,1592.60,6734.37,1143.59,12332.65,486.48,74.36,50.01,1403.05,59.25,542.15,119.64,1715.14,66.76,38.57,17.13,87.59,46.50,85.32,32.43,84.60,22.24,1679.95,148.04,4.16,0.49,78.95,10.02,9.12,2.19,0.00,0.00,2.09,1.30,2.29,3.49,3.73,4.32,23.33,20.10,62.27,8.41,3.67,4.33,53103.81,4177.04,2640.98,12724.33,2160.77,26383.66,1040.74,170.39,114.60,3503.29,147.95,653.07,144.12,2399.84,93.41,64.35,28.58,156.36,83.02,124.71,47.40,121.56,31.95,2401.90,211.66,5.29,0.62,98.83,12.55,11.35,2.73,0.00,0.00,2.47,1.54,3.09,4.71,4.97,5.76,26.05,22.44,67.08,9.06,4.17,4.91
40.40,40.4,25/11/2025 12:26:52,1.683,-3.708,,15.7,888095.0,608757.0,972126.23,2127.39,1617.07,6831.60,1159.63,12735.58,500.11,59.33,42.31,1726.43,68.37,426.86,108.87,1687.23,66.79,51.30,20.73,147.96,47.68,67.71,29.27,68.76,21.74,1753.63,154.86,4.24,0.50,90.99,12.88,8.42,2.23,0.00,0.00,2.22,1.32,2.59,3.47,1.99,4.31,14.97,20.20,60.52,8.27,4.04,4.34,54282.97,3527.80,2681.54,12908.06,2191.08,27245.67,1069.91,135.96,96.94,4310.73,170.72,514.20,131.15,2360.78,93.45,85.59,34.59,264.13,85.12,98.97,42.78,98.80,31.24,2507.24,221.41,5.39,0.63,113.90,16.13,10.48,2.78,0.00,0.00,2.63,1.57,3.50,4.68,2.65,5.75,16.71,22.55,65.20,8.91,4.58,4.93
40.50,40.5,25/11/2025 12:27:36,2.112,5.160,,15.7,887676.0,609212.0,971909.52,2917.15,1659.68,6683.31,1137.42,12465.05,491.15,101.01,63.94,1564.36,64.32,367.33,103.83,1705.20,66.94,43.28,18.69,113.20,47.33,56.01,27.37,66.24,21.75,1823.10,161.33,3.56,0.47,88.11,12.17,6.90,2.18,0.00,0.00,2.54,1.32,1.28,3.51,2.92,4.35,7.32,20.28,68.47,8.63,4.14,4.35,54374.70,4837.44,2752.21,12627.87,2149.10,26666.92,1050.73,231.46,146.51,3906.04,160.60,442.49,125.08,2385.92,93.66,72.21,31.18,202.08,84.49,81.86,40.01,95.18,31.24,2606.56,230.66,4.53,0.60,110.30,15.23,8.58,2.71,0.00,0.00,3.00,1.56,1.73,4.74,3.90,5.80,8.17,22.64,73.76,9.29,4.69,4.94
40.60,40.6,25/11/2025 12:28:09,3.179,-0.199,1181244.993,15.7,887765.0,607329.0,969382.45,3822.13,1721.88,7040.13,1192.33,13153.52,514.66,102.48,64.75,1896.56,73.60,531.27,119.81,1705.79,67.43,49.95,20.63,92.07,47.64,59.13,28.09,73.37,22.21,1926.04,170.77,3.75,0.48,72.27,8.44,7.54,2.25,0.00,0.00,1.53,1.33,2.44,3.55,3.74,4.40,5.04,20.55,66.42,8.69,2.39,4.37,59164.94,6338.15,2855.34,13302.07,2252.86,28139.79,1101.02,234.81,148.36,4735.53,183.77,639.97,144.33,2386.75,94.35,83.34,34.42,164.35,85.04,86.42,41.06,105.42,31.91,2753.74,244.16,4.77,0.61,90.46,10.56,9.38,2.80,0.00,0.00,1.81,1.57,3.29,4.80,4.99,5.86,5.63,22.94,71.55,9.36,2.71,4.96
40.70,40.7,25/11/2025 12:28:42,3.302,5.421,,15.7,890588.0,607264.0,972117.93,1864.79,1698.95,6744.50,1148.45,12945.08,507.52,58.29,41.94,1497.05,62.12,519.28,117.94,1739.41,67.41,25.17,15.22,140.47,47.63,78.31,31.24,63.22,21.68,2019.60,179.69,3.78,0.48,71.31,8.29,5.93,2.14,0.00,0.00,2.86,1.32,1.68,3.53,2.52,4.36,24.23,20.23,69.04,8.68,5.56,4.34,54064.29,3092.34,2817.32,12743.47,2169.95,27693.86,1085.77,133.55,96.10,3737.99,155.11,625.52,142.07,2433.79,94.33,42.00,25.39,250.76,85.03,114.45,45.66,90.84,31.16,2887.51,256.91,4.81,0.61,89.27,10.37,7.38,2.66,0.00,0.00,3.39,1.56,2.27,4.77,3.36,5.81,27.05,22.59,74.37,9.35,6.31,4.93
40.80,40.8,25/11/2025 12:29:16,3.616,1.588,,15.7,892731.0,605875.0,969298.27,3362.55,1645.49,7019.82,1187.65,13285.52,519.21,23.38,53.33,1834.23,71.99,586.23,125.55,1761.49,67.98,26.19,15.45,101.09,47.76,89.34,33.55,16.97,3.57,2379.87,213.40,3.78,0.49,109.01,17.42,9.61,2.26,0.00,0.00,2.25,1.35,3.53,3.58,3.57,4.48,17.53,20.53,62.28,8.62,3.48,4.52,59104.00,5576.04,2728.67,13263.70,2244.02,28422.18,1110.77,53.57,122.20,4579.90,179.75,706.17,151.23,2464.69,95.12,43.69,25.78,180.46,85.25,130.57,49.04,24.39,5.13,3402.61,305.11,4.81,0.62,136.45,21.81,11.96,2.81,0.00,0.00,2.66,1.60,4.77,4.83,4.76,5.97,19.57,22.92,67.09,9.28,3.95,5.13
40.90,40.9,25/11/2025 12:29:50,3.482,6.548,,15.7,891850.0,608032.0,970711.21,2093.94,1617.64,7281.97,1228.18,13139.62,514.26,31.46,53.09,1607.39,65.60,541.84,119.88,1790.82,67.53,48.23,20.22,130.16,48.09,55.32,27.41,91.44,22.91,2307.81,206.70,3.95,0.50,71.88,8.31,8.78,2.29,0.00,0.00,2.91,1.33,3.33,3.61,2.38,4.38,3.82,20.47,67.92,8.80,3.82,4.47,56608.85,3472.32,2682.50,13759.00,2320.60,28110.05,1100.18,72.09,121.65,4013.49,163.78,652.71,144.41,2505.73,94.49,80.46,33.73,232.37,85.85,80.85,40.07,131.39,32.92,3299.58,295.52,5.03,0.63,89.98,10.41,10.93,2.86,0.00,0.00,3.44,1.58,4.50,4.87,3.17,5.85,4.27,22.86,73.16,9.48,4.34,5.07
41.00,41.0,25/11/2025 12:30:33,2.227,0.397,,15.8,888486.0,603704.0,969462.49,3545.67,1675.86,7200.98,1216.23,13111.71,513.28,31.30,25.67,1782.84,70.15,245.77,92.79,1685.14,67.10,74.83,26.07,59.54,46.95,69.12,29.61,85.81,22.53,2421.37,217.36,3.79,0.49,125.05,22.33,7.56,2.27,0.00,0.00,1.99,1.36,3.55,3.56,1.43,4.39,9.98,20.43,66.40,8.75,3.68,4.48,58897.30,5879.70,2779.04,13605.98,2298.02,28050.33,1098.08,71.73,58.83,4451.57,175.16,296.06,111.78,2357.86,93.88,124.85,43.49,106.29,83.81,101.02,43.28,123.30,32.37,3461.94,310.76,4.82,0.62,156.53,27.95,9.40,2.82,0.00,0.00,2.35,1.60,4.79,4.82,1.91,5.85,11.15,22.81,71.53,9.43,4.17,5.09
41.10,41.1,25/11/2025 12:31:07,2.547,14.818,1181238.047,15.7,893289.0,605121.0,968805.99,3089.11,1647.15,7079.88,1197.38,13867.04,538.14,96.63,61.93,1763.99,69.93,435.18,110.59,1794.59,68.54,32.71,15.57,109.10,47.91,59.86,28.27,68.96,22.19,2547.24,229.40,4.07,0.51,140.47,27.27,9.13,2.31,0.00,0.00,2.21,1.36,3.84,3.59,4.32,4.49,14.95,20.56,67.42,8.87,3.30,4.60,60203.99,5122.60,2731.42,13377.17,2262.40,29666.23,1151.26,221.42,141.91,4404.51,174.61,524.22,133.21,2511.00,95.90,54.58,25.97,194.76,85.52,87.49,41.32,99.08,31.88,3641.90,327.98,5.18,0.64,175.84,34.14,11.37,2.88,0.00,0.00,2.61,1.61,5.19,4.85,5.76,5.98,16.69,22.96,72.63,9.56,3.75,5.22
41.20,41.2,25/11/2025 12:31:41,2.536,15.608,,15.8,892960.0,602942.0,968337.41,3259.28,1667.14,7092.00,1199.63,13691.84,532.89,41.13,32.30,1910.78,74.03,519.42,118.21,1855.28,68.90,31.26,15.46,120.51,48.01,54.75,27.43,91.98,23.11,2762.92,249.90,4.10,0.50,127.05,22.63,7.58,2.34,0.00,0.00,2.09,1.38,2.11,3.64,2.77,4.51,15.46,20.52,68.00,8.96,2.27,4.55,60888.74,5404.79,2764.57,13400.08,2266.65,29291.44,1140.04,94.25,74.00,4771.04,184.84,625.69,142.39,2595.92,96.40,52.16,25.80,215.14,85.71,80.02,40.10,132.16,33.21,3950.27,357.29,5.21,0.64,159.03,28.33,9.43,2.92,0.00,0.00,2.47,1.63,2.85,4.92,3.69,6.02,17.26,22.91,73.25,9.65,2.57,5.16
41.30,41.3,25/11/2025 12:32:15,2.330,14.419,,15.8,891009.0,601456.0,969648.51,2703.19,1673.42,6898.86,1171.06,13289.54,518.36,39.88,30.68,1963.75,74.66,495.30,115.25,1801.74,67.78,65.76,24.05,143.07,47.87,58.73,27.92,82.61,22.64,2577.17,232.22,4.29,0.51,121.76,21.13,8.90,2.27,0.00,0.00,3.08,1.37,1.90,3.58,1.80,4.43,19.28,20.34,67.44,8.89,3.42,4.49,58590.87,4482.64,2774.99,13035.14,2212.67,28430.78,1108.95,91.39,70.30,4903.29,186.43,596.64,138.84,2521.01,94.84,109.72,40.13,255.41,85.45,85.84,40.81,118.70,32.54,3684.70,332.02,5.46,0.65,152.41,26.45,11.08,2.82,0.00,0.00,3.64,1.62,2.56,4.83,2.40,5.91,21.52,22.71,72.65,9.58,3.88,5.09
41.40,41.4,25/11/2025 12:32:48,2.681,15.809,,15.8,890879.0,596954.0,965910.23,5809.57,1755.07,7155.35,1209.23,13423.05,523.92,88.11,57.27,1870.26,72.60,529.58,119.92,1803.22,68.85,40.80,18.00,95.41,47.85,61.16,28.58,80.91,22.75,2913.50,264.22,3.86,0.51,99.71,14.55,7.95,2.31,0.00,0.00,3.06,1.38,1.55,3.64,2.42,4.47,24.56,20.66,71.89,9.07,3.83,4.57,64770.20,9633.88,2910.39,13519.77,2284.80,28716.41,1120.84,201.90,131.22,4669.86,181.27,637.94,144.46,2523.08,96.33,68.08,30.04,170.32,85.43,89.38,41.76,116.25,32.69,4165.56,377.76,4.91,0.65,124.82,18.21,9.90,2.88,0.00,0.00,3.62,1.63,2.09,4.92,3.23,5.97,27.42,23.06,77.44,9.77,4.35,5.18
41.50,41.5,25/11/2025 12:33:32,2.664,11.248,,15.8,887695.0,594143.0,968782.00,3478.26,1664.99,6986.24,1182.59,13107.88,512.59,101.90,64.10,1963.85,74.82,439.68,110.24,1731.16,67.56,98.26,29.77,102.04,47.25,59.71,28.11,63.41,21.90,2869.71,260.17,4.13,0.50,106.32,16.46,9.64,2.35,0.00,0.00,3.75,1.40,5.16,3.62,1.76,4.41,10.93,20.37,71.51,8.88,2.69,4.48,59983.05,5767.92,2761.01,13200.23,2234.46,28042.15,1096.61,233.49,146.87,4903.54,186.82,529.64,132.79,2422.25,94.53,163.95,49.66,182.16,84.35,87.28,41.08,91.11,31.47,4102.96,371.98,5.26,0.63,133.09,20.61,12.00,2.92,0.00,0.00,4.44,1.66,6.97,4.89,2.35,5.88,12.20,22.74,77.03,9.56,3.05,5.08
41.60,41.6,25/11/2025 12:34:05,2.291,9.985,1181244.666,15.8,888009.0,586200.0,968630.90,3006.99,1665.45,7051.15,1193.72,13688.82,532.34,10.37,52.35,1781.39,70.14,558.23,121.59,1841.99,68.27,54.09,21.44,92.82,47.29,67.01,29.33,83.28,22.62,2925.33,265.46,3.91,0.51,89.20,11.98,9.75,2.29,0.00,0.00,9.86,1.96,7.40,3.67,1.88,4.31,17.48,20.40,63.81,8.72,4.36,4.50,60217.89,4986.42,2761.77,13322.88,2255.49,29284.96,1138.85,23.76,119.95,4447.97,175.14,672.44,146.47,2577.33,95.52,90.24,35.78,165.69,84.42,97.94,42.87,119.66,32.51,4182.48,379.54,4.97,0.64,111.66,14.99,12.14,2.85,0.00,0.00,11.66,2.32,9.99,4.95,2.50,5.75,19.51,22.78,68.74,9.39,4.94,5.11
41.70,41.7,25/11/2025 12:34:38,2.229,9.984,,15.8,890612.0,588134.0,966790.88,3944.26,1698.56,7128.90,1205.99,14229.31,550.59,122.31,74.77,1956.07,75.17,502.95,117.46,1880.75,69.37,105.97,31.11,88.44,47.79,59.83,28.31,26.50,5.40,2950.51,267.74,3.61,0.49,100.90,14.85,9.38,2.40,0.00,0.00,10.28,2.04,3.15,3.68,2.26,4.39,12.50,20.67,66.34,8.91,4.89,4.59,63785.17,6540.67,2816.69,13469.79,2278.67,30441.26,1177.90,280.26,171.33,4884.11,187.70,605.85,141.50,2631.56,97.07,176.81,51.91,157.88,85.31,87.45,41.38,38.08,7.76,4218.47,382.80,4.59,0.63,126.30,18.59,11.67,2.99,0.00,0.00,12.16,2.41,4.26,4.97,3.02,5.86,13.96,23.08,71.47,9.59,5.55,5.20
41.80,41.8,25/11/2025 12:35:12,2.246,3.566,,15.8,896147.0,594220.0,967343.07,2744.24,1656.19,7430.36,1250.02,14389.34,555.69,5.54,5.42,1628.52,66.34,601.11,127.24,1909.90,69.77,71.67,25.32,69.11,47.44,68.65,29.78,76.89,22.55,3439.82,315.03,3.59,0.49,105.81,16.03,8.26,2.33,0.00,0.00,5.60,1.52,4.81,3.76,2.46,4.48,17.59,20.61,70.42,9.08,3.25,4.74,62483.81,4550.70,2746.42,14039.39,2361.86,30783.62,1188.80,12.70,12.42,4066.25,165.65,724.10,153.28,2672.34,97.62,119.58,42.25,123.37,84.69,100.34,43.52,110.47,32.40,4918.06,450.42,4.57,0.62,132.45,20.06,10.29,2.90,0.00,0.00,6.63,1.80,6.49,5.08,3.28,5.98,19.64,23.01,75.86,9.78,3.69,5.38
41.90,41.9,25/11/2025 12:35:45,3.273,12.429,,15.7,899967.0,602060.0,966256.71,3295.40,1702.77,7145.77,1209.73,14366.21,555.74,113.94,71.06,2254.62,83.31,576.26,125.99,2004.83,71.49,127.76,33.98,135.62,48.59,57.38,28.11,84.98,23.20,3378.83,309.00,3.83,0.52,86.22,11.05,8.76,2.43,0.00,0.00,5.69,1.53,3.42,3.83,3.93,4.56,16.08,20.75,70.24,9.22,3.51,4.77,64820.46,5464.68,2823.66,13501.66,2285.74,30734.14,1188.92,261.08,162.83,5629.57,208.02,694.17,151.76,2805.17,100.03,213.16,56.69,242.10,86.74,83.87,41.08,122.10,33.33,4830.86,441.78,4.87,0.66,107.93,13.84,10.90,3.02,0.00,0.00,6.73,1.81,4.62,5.17,5.24,6.09,17.96,23.17,75.67,9.93,3.98,5.41
42.00,42.0,25/11/2025 12:36:29,3.898,14.414,,15.8,903939.0,596112.0,964756.82,4301.57,1727.25,7493.09,1261.95,14529.08,561.42,66.71,47.03,2375.10,86.64,626.51,131.05,2070.81,72.09,38.14,17.43,137.75,49.47,75.98,31.44,16.65,3.54,3279.08,299.29,4.07,0.52,105.40,15.80,9.89,2.36,0.00,0.00,9.76,2.03,6.29,3.79,1.38,4.58,19.74,21.05,71.42,9.30,4.73,4.81,67517.56,7133.19,2864.25,14157.92,2384.40,31082.58,1201.06,152.85,107.77,5930.40,216.33,754.70,157.87,2897.50,100.87,63.63,29.08,245.92,88.32,111.05,45.96,23.93,5.08,4688.24,427.91,5.18,0.66,131.94,19.78,12.31,2.94,0.00,0.00,11.55,2.40,8.50,5.12,1.85,6.10,22.04,23.50,76.94,10.02,5.37,5.45
42.10,42.1,25/11/2025 12:37:03,3.835,15.347,1181244.395,15.8,899966.0,589747.0,964138.45,5157.77,1768.84,7633.18,1283.22,14855.35,572.21,45.12,34.79,2143.38,80.60,664.85,135.04,2014.42,71.42,86.05,28.34,106.91,48.78,70.17,30.37,84.90,23.23,2767.65,250.09,4.30,0.52,106.76,16.30,9.98,2.36,0.00,0.00,11.09,2.14,5.46,3.77,3.52,4.44,12.98,20.98,72.91,9.24,4.82,4.82,68622.05,8553.01,2933.23,14422.61,2424.59,31780.58,1224.15,103.39,79.72,5351.80,201.25,800.88,162.66,2818.59,99.94,143.57,47.28,190.86,87.09,102.56,44.39,121.98,33.38,3957.02,357.56,5.47,0.66,133.64,20.40,12.42,2.94,0.00,0.00,13.11,2.54,7.37,5.09,4.69,5.92,14.49,23.42,78.54,9.95,5.47,5.46
42.20,42.2,25/11/2025 12:37:36,6.963,16.601,,15.7,908745.0,597749.0,965122.83,2832.36,1708.14,7913.36,1327.68,15422.56,590.91,1.13,1.15,2207.54,82.40,732.62,143.25,2059.49,72.19,37.65,17.34,123.72,49.47,74.72,31.27,14.13,3.03,3236.39,295.20,3.94,0.51,99.82,14.34,7.88,2.41,0.02,0.20,6.85,1.68,5.89,3.84,2.38,4.55,13.76,21.12,76.00,9.40,4.96,4.85,67223.91,4696.84,2832.57,14952.00,2508.61,32994.02,1264.16,2.58,2.65,5512.02,205.76,882.52,172.56,2881.65,101.01,62.83,28.93,220.86,88.32,109.20,45.70,20.30,4.35,4627.21,422.06,5.02,0.64,124.95,17.95,9.80,3.00,0.03,0.27,8.10,1.99,7.95,5.18,3.17,6.07,15.37,23.58,81.86,10.12,5.63,5.50
42.30,42.3,25/11/2025 12:38:09,8.935,16.737,,15.7,905984.0,599069.0,963275.23,3094.55,1677.11,8164.43,1364.38,16226.87,617.71,43.47,55.65,2498.80,90.23,786.69,149.40,2161.15,73.32,121.62,34.06,111.19,49.53,68.55,30.32,94.88,23.93,3148.71,286.50,3.75,0.52,89.25,11.65,9.25,2.45,0.00,0.00,10.34,2.11,7.96,3.85,2.99,4.63,4.78,21.29,69.77,9.28,5.77,4.93,70964.92,5131.62,2781.10,15426.38,2577.95,34714.70,1321.49,99.61,127.52,6239.27,225.29,947.66,179.97,3023.89,102.59,202.92,56.83,198.49,88.43,100.19,44.32,136.33,34.39,4501.85,409.62,4.77,0.66,111.72,14.58,11.51,3.05,0.00,0.00,12.23,2.49,10.75,5.20,3.98,6.17,5.34,23.77,75.16,10.00,6.54,5.59
42.40,42.4,25/11/2025 12:38:43,9.677,13.957,,15.7,918857.0,598216.0,961099.24,3503.57,1827.80,8713.21,1451.08,16799.68,637.61,75.10,52.27,2695.37,96.10,744.48,145.93,2251.66,75.04,148.53,37.95,110.96,50.79,66.49,30.48,37.32,7.57,3546.37,324.83,3.76,0.53,89.79,11.61,9.94,2.52,0.00,0.00,13.51,2.41,7.16,3.91,2.72,4.70,3.48,21.87,73.10,9.57,4.56,4.95,75076.56,5809.89,3031.00,16463.28,2741.77,35940.15,1364.05,172.08,119.76,6730.08,239.94,896.80,175.78,3150.54,104.99,247.82,63.32,198.09,90.67,97.17,44.55,53.63,10.87,5070.40,464.43,4.79,0.67,112.39,14.53,12.37,3.14,0.00,0.00,15.98,2.85,9.67,5.28,3.63,6.27,3.89,24.42,78.75,10.31,5.17,5.62
42.50,42.5,25/11/2025 12:39:27,7.071,12.436,,15.7,916925.0,591234.0,961085.04,4145.79,1778.78,8588.86,1431.30,16675.29,633.58,51.00,38.80,2562.68,92.17,718.43,143.25,2252.32,75.31,186.17,41.31,168.80,51.20,73.07,31.40,37.07,7.48,3211.22,292.46,3.90,0.52,111.98,17.34,9.18,2.43,0.00,0.00,18.75,2.75,12.10,3.94,1.59,4.66,5.63,21.65,71.70,9.38,9.44,5.11,74964.39,6874.86,2949.71,16228.33,2704.38,35674.03,1355.43,116.86,88.92,6398.76,230.14,865.43,172.56,3151.46,105.38,310.62,68.92,301.33,91.40,106.79,45.89,53.26,10.75,4591.22,418.15,4.97,0.66,140.17,21.70,11.43,3.03,0.00,0.00,22.18,3.25,16.34,5.32,2.11,6.21,6.28,24.17,77.24,10.11,10.71,5.80
42.60,42.6,25/11/2025 12:40:01,4.371,13.159,1181241.687,15.8,911586.0,576321.0,960979.78,3908.07,1805.69,8763.61,1457.02,16768.59,636.34,51.65,39.48,2988.80,103.46,734.65,144.93,2309.20,75.83,122.37,34.32,134.34,50.61,64.11,29.96,2.21,0.50,2881.41,260.71,4.02,0.52,118.29,19.23,9.64,2.48,0.00,0.00,27.17,3.17,24.85,4.07,0.59,4.47,22.30,21.64,74.59,9.21,9.76,5.00,75618.45,6480.65,2994.34,16558.52,2752.99,35873.62,1361.34,118.36,90.47,7462.75,258.32,884.97,174.59,3231.05,106.10,204.17,57.26,239.83,90.36,93.69,43.79,3.18,0.71,4119.68,372.74,5.11,0.66,148.08,24.07,12.00,3.08,0.00,0.00,32.13,3.75,33.56,5.50,0.78,5.95,24.90,24.16,80.35,9.93,11.07,5.68
42.70,42.7,25/11/2025 12:40:35,3.980,11.108,,15.8,907441.0,577593.0,958919.81,4848.41,1801.78,9159.72,1517.48,17657.56,665.86,65.88,47.51,2968.21,102.99,708.73,142.15,2270.49,75.39,113.83,33.13,119.90,50.39,81.19,32.92,28.48,5.84,2805.69,253.27,4.44,0.53,102.54,14.81,10.83,2.42,0.00,0.00,22.58,2.93,12.95,3.92,1.15,4.46,14.02,21.60,77.58,9.53,6.02,4.99,79589.52,8040.01,2987.85,17306.94,2867.23,37775.43,1424.50,150.96,108.87,7411.32,257.17,853.74,171.24,3176.88,105.49,189.92,55.28,214.05,89.95,118.67,48.12,40.92,8.39,4011.42,362.11,5.65,0.68,128.36,18.54,13.47,3.01,0.00,0.00,26.70,3.46,17.49,5.30,1.53,5.94,15.65,24.12,83.58,10.26,6.83,5.66
42.80,42.8,25/11/2025 12:41:08,2.621,10.252,,15.8,913196.0,591321.0,958801.77,3585.58,1801.75,9267.67,1535.61,18498.31,693.72,132.75,82.04,3122.77,107.32,796.77,152.15,2319.48,76.08,119.76,34.07,101.72,50.55,71.70,31.40,10.62,2.31,2888.10,261.18,4.62,0.54,131.56,23.06,9.60,2.47,0.00,0.00,17.96,2.70,11.61,4.00,2.68,4.70,21.27,21.82,78.74,9.67,4.96,4.92,80305.44,5945.87,2987.80,17510.91,2901.48,39574.07,1484.10,304.19,187.98,7797.25,267.97,959.79,183.28,3245.43,106.45,199.82,56.84,181.58,90.23,104.80,45.89,15.26,3.32,4129.25,373.41,5.88,0.69,164.69,28.86,11.95,3.08,0.00,0.00,21.23,3.19,15.69,5.41,3.58,6.27,23.75,24.36,84.82,10.41,5.62,5.58
42.90,42.9,25/11/2025 12:41:42,2.183,10.780,,15.7,911161.0,606015.0,959560.07,4877.04,1802.42,9238.65,1529.93,17758.29,669.36,17.81,16.37,2898.10,101.17,687.25,140.03,2184.64,74.94,51.58,21.59,149.67,51.08,85.57,33.75,97.32,24.35,2111.62,187.69,4.18,0.52,156.45,32.03,6.33,2.37,0.00,0.00,7.03,1.76,11.16,3.98,1.58,4.72,16.39,21.64,73.10,9.44,6.17,4.90,78672.00,8087.48,2988.90,17456.08,2890.75,37990.93,1431.98,40.81,37.51,7236.27,252.61,827.87,168.68,3056.76,104.86,86.06,36.02,267.19,91.19,125.07,49.33,139.83,34.99,3019.08,268.35,5.31,0.67,195.84,40.09,7.87,2.95,0.00,0.00,8.32,2.08,15.08,5.37,2.10,6.30,18.30,24.16,78.75,10.17,7.00,5.56
43.00,43.0,25/11/2025 12:42:26,2.832,6.942,,15.7,912674.0,611714.0,959414.15,5255.58,1802.16,9310.84,1539.90,17601.86,663.86,48.95,56.84,2916.69,101.36,578.43,129.02,2217.43,75.45,73.77,26.94,111.08,51.00,53.70,28.52,83.50,23.90,2089.65,185.74,4.26,0.53,127.05,22.13,10.96,2.46,0.00,0.00,3.64,1.50,5.14,3.85,2.64,4.71,10.08,21.90,75.85,9.50,4.75,4.88,78956.97,8715.19,2988.49,17592.48,2909.58,37656.28,1420.22,112.17,130.23,7282.69,253.08,696.78,155.41,3102.64,105.57,123.09,44.95,198.30,91.04,78.48,41.68,119.98,34.33,2987.66,265.56,5.43,0.67,159.04,27.70,13.64,3.07,0.00,0.00,4.31,1.78,6.95,5.20,3.52,6.28,11.25,24.45,81.70,10.23,5.39,5.54
43.10,43.1,25/11/2025 12:42:59,1.679,3.967,1181246.249,15.7,908986.0,612816.0,959825.81,4826.41,1827.64,9342.48,1545.93,17701.85,667.14,15.99,14.83,3103.97,106.40,642.46,134.42,2217.47,74.71,33.17,16.33,138.08,50.76,77.31,32.23,91.24,24.08,1772.62,156.28,4.62,0.54,87.92,11.51,6.42,2.30,0.01,0.20,2.44,1.46,4.04,3.87,4.39,4.69,26.46,21.62,71.42,9.28,3.43,4.80,78518.34,8003.52,3030.74,17652.26,2920.97,37870.19,1427.24,36.63,33.99,7750.31,265.66,773.91,161.92,3102.70,104.53,55.34,27.25,246.50,90.61,113.00,47.11,131.10,34.60,2534.40,223.45,5.88,0.69,110.06,14.40,8.00,2.87,0.01,0.27,2.88,1.72,5.45,5.23,5.85,6.25,29.54,24.14,76.94,9.99,3.89,5.45
43.20,43.2,25/11/2025 12:43:33,3.236,4.699,,15.7,902177.0,610810.0,960451.21,4985.71,1793.65,9263.94,1532.51,17200.62,650.11,76.81,53.07,2772.35,97.35,757.94,146.27,2207.18,74.23,57.55,23.02,86.11,49.98,61.37,29.48,67.98,23.11,1811.63,159.86,4.60,0.53,82.71,10.35,8.40,2.39,0.07,0.20,2.95,1.46,2.09,3.80,1.40,4.65,21.20,21.62,73.48,9.19,2.70,4.76,76930.35,8267.69,2974.37,17503.87,2895.62,36797.89,1390.80,176.01,121.59,6922.30,243.07,913.02,176.20,3088.30,103.86,96.03,38.41,153.72,89.23,89.69,43.08,97.67,33.21,2590.17,228.56,5.86,0.68,103.53,12.95,10.45,2.98,0.09,0.26,3.49,1.73,2.82,5.13,1.86,6.20,23.67,24.13,79.15,9.90,3.06,5.39
43.30,43.3,25/11/2025 12:44:07,3.611,4.032,,15.7,904207.0,609133.0,960281.13,4855.28,1794.16,9181.28,1520.73,17421.50,658.00,74.76,52.38,3009.74,103.84,491.88,118.97,2172.15,73.92,117.81,33.56,115.23,50.18,68.37,30.59,84.82,23.76,1908.10,168.79,4.22,0.52,110.09,17.22,9.19,2.37,0.00,0.00,2.62,1.45,3.03,3.84,2.66,4.68,12.43,21.56,68.47,9.19,5.25,4.83,77598.74,8051.40,2975.22,17347.69,2873.37,37270.42,1407.68,171.29,120.01,7515.04,259.29,592.52,143.31,3039.28,103.43,196.56,56.00,205.70,89.58,99.92,44.71,121.87,34.13,2728.09,241.32,5.37,0.66,137.80,21.55,11.44,2.95,0.00,0.00,3.10,1.72,4.09,5.19,3.55,6.25,13.88,24.07,73.75,9.90,5.96,5.48
43.40,43.4,25/11/2025 12:44:41,3.325,-1.389,,15.7,901850.0,607974.0,960357.26,5757.05,1851.21,8984.69,1491.21,16993.74,643.51,69.58,49.14,2694.62,95.16,627.78,132.40,2075.91,73.14,76.95,27.19,101.60,49.97,74.86,31.64,92.62,23.93,1897.05,167.70,4.25,0.51,88.35,11.64,9.29,2.32,0.03,0.20,2.51,1.41,3.57,3.79,3.12,4.64,6.06,21.51,75.76,9.17,3.34,4.68,76923.10,9546.78,3069.81,16976.23,2817.59,36355.30,1376.69,159.44,112.60,6728.20,237.60,756.23,159.49,2904.63,102.34,128.39,45.36,181.37,89.20,109.41,46.24,133.08,34.39,2712.30,239.77,5.41,0.65,110.59,14.56,11.56,2.89,0.04,0.26,2.97,1.67,4.83,5.12,4.16,6.19,6.77,24.02,81.61,9.88,3.79,5.31
43.50,43.5,25/11/2025 12:45:24,3.443,-1.124,,15.7,902458.0,607765.0,957642.44,5470.67,1810.32,9759.84,1608.81,18721.26,701.09,9.37,9.15,2982.97,103.30,688.17,139.75,2164.64,74.53,54.27,22.25,126.66,50.95,69.39,30.94,99.69,24.52,1991.11,176.28,3.91,0.52,94.27,12.90,8.24,2.48,0.00,0.00,3.48,1.46,2.42,3.85,3.51,4.73,23.34,21.79,77.31,9.46,3.05,4.77,82557.37,9071.88,3002.01,18440.84,3039.78,40051.04,1499.86,21.48,20.96,7448.19,257.93,828.97,168.34,3028.78,104.28,90.55,37.12,226.11,90.95,101.42,45.23,143.23,35.23,2846.77,252.04,4.97,0.66,118.01,16.15,10.26,3.09,0.00,0.00,4.11,1.73,3.27,5.20,4.69,6.31,26.06,24.33,83.28,10.19,3.46,5.41
43.60,43.6,25/11/2025 12:45:58,3.693,6.549,1181237.718,15.7,900985.0,606379.0,959265.13,5510.85,1813.24,9425.25,1557.75,18035.82,678.31,61.10,45.08,2513.79,91.12,646.67,134.42,2133.33,73.70,83.66,28.31,114.74,50.11,74.15,31.55,76.23,23.36,1866.16,164.79,4.21,0.52,81.03,9.94,8.56,2.41,0.00,0.00,3.42,1.45,2.51,3.80,2.62,4.62,12.79,21.50,74.62,9.32,3.37,4.76,79169.77,9138.51,3006.85,17808.66,2943.31,38584.65,1451.13,139.99,103.29,6276.70,227.51,778.98,161.92,2984.96,103.12,139.59,47.23,204.83,89.45,108.38,46.11,109.53,33.57,2668.13,235.61,5.35,0.66,101.44,12.44,10.65,2.99,0.00,0.00,4.04,1.71,3.39,5.13,3.50,6.16,14.28,24.01,80.38,10.04,3.83,5.39
43.70,43.7,25/11/2025 12:46:31,3.564,13.886,,15.7,905844.0,610723.0,958461.37,4932.82,1841.86,9464.88,1564.58,18995.58,709.92,83.07,56.46,2819.61,98.86,716.34,142.15,2159.56,74.30,34.60,16.43,97.04,50.42,75.41,32.00,89.31,24.02,1817.39,160.30,4.60,0.53,124.42,21.32,9.26,2.39,0.00,0.00,2.38,1.47,3.65,3.85,3.39,4.71,26.05,21.75,73.71,9.34,5.56,4.86,81184.73,8179.97,3054.32,17883.54,2956.22,40637.90,1518.75,190.34,129.37,7040.30,246.85,862.91,171.24,3021.67,103.96,57.73,27.41,173.24,90.00,110.22,46.77,128.32,34.52,2598.40,229.19,5.86,0.68,155.74,26.69,11.53,2.97,0.00,0.00,2.82,1.74,4.93,5.20,4.52,6.29,29.08,24.28,79.40,10.06,6.30,5.52
43.80,43.8,25/11/2025 12:47:05,2.266,12.234,,15.7,903250.0,610386.0,958271.45,5949.24,1919.20,9128.90,1515.64,18520.87,694.95,59.09,44.18,2889.01,100.94,633.55,133.66,2121.27,74.10,103.56,31.72,83.74,50.10,61.28,29.54,81.05,23.66,1876.28,165.70,4.45,0.53,103.84,15.43,8.68,2.40,0.00,0.00,2.32,1.44,5.95,3.94,5.16,4.70,10.06,21.70,75.83,9.31,4.39,4.84,81289.74,9865.49,3182.56,17248.71,2863.74,39622.34,1486.74,135.39,101.24,7213.59,252.04,763.18,161.00,2968.09,103.68,172.80,52.92,149.49,89.44,89.57,43.17,116.45,33.99,2682.60,236.91,5.67,0.68,129.99,19.32,10.81,2.99,0.00,0.00,2.75,1.70,8.04,5.32,6.89,6.27,11.24,24.23,81.68,10.02,4.98,5.49
43.90,43.9,25/11/2025 12:47:38,1.259,5.623,,15.7,901226.0,609700.0,959156.74,4906.36,1809.88,9421.49,1557.40,18214.46,683.73,45.65,35.96,3045.11,104.89,674.13,138.05,2127.26,73.77,126.52,34.58,127.54,50.40,48.34,27.63,7.14,1.56,1874.90,165.60,4.57,0.54,104.64,15.67,10.51,2.47,0.00,0.00,3.29,1.47,1.37,3.83,3.47,4.67,14.98,21.61,77.73,9.52,3.80,4.78,79866.29,8136.11,3001.29,17801.54,2942.66,38966.83,1462.72,104.60,82.39,7603.33,261.91,812.06,166.29,2976.48,103.23,211.10,57.70,227.68,89.97,70.65,40.38,10.25,2.25,2680.63,236.76,5.82,0.68,130.99,19.62,13.08,3.08,0.00,0.00,3.89,1.74,1.85,5.17,4.63,6.23,16.72,24.13,83.73,10.25,4.31,5.42
44.00,44.0,25/11/2025 12:48:22,0.143,12.233,,15.7,903080.0,610729.0,959436.73,4861.23,1865.03,9340.85,1547.20,18129.40,681.85,77.22,54.09,2890.68,101.21,598.24,129.76,2163.56,74.23,87.39,29.12,134.30,50.73,82.43,33.11,69.10,23.14,1906.09,168.49,4.20,0.52,109.66,17.04,10.41,2.47,0.00,0.00,2.99,1.44,4.55,3.86,4.18,4.68,10.05,21.61,73.46,9.43,3.31,4.87,79233.33,8061.25,3092.74,17649.18,2923.37,38784.85,1458.71,176.93,123.93,7217.75,252.70,720.65,156.31,3027.26,103.86,145.81,48.58,239.75,90.56,120.47,48.39,99.28,33.25,2725.23,240.90,5.35,0.66,137.26,21.33,12.95,3.08,0.00,0.00,3.54,1.70,6.15,5.21,5.57,6.24,11.22,24.13,79.13,10.16,3.76,5.53
44.10,44.1,25/11/2025 12:48:56,1.158,10.052,1181240.959,15.7,901230.0,610280.0,960617.34,5181.23,1851.27,9267.34,1535.31,17221.62,651.73,103.64,67.66,2546.44,92.07,614.28,130.90,2023.70,72.54,134.47,35.62,129.64,50.16,51.06,27.83,78.68,23.41,1824.40,160.98,4.26,0.52,92.49,12.66,8.03,2.31,0.00,0.00,1.77,1.43,3.88,3.86,3.38,4.62,10.26,21.48,77.33,9.35,4.77,4.77,76607.32,8591.91,3069.91,17510.30,2900.91,36842.81,1394.27,237.47,155.03,6358.21,229.89,739.96,157.68,2831.57,101.49,224.35,59.43,231.43,89.55,74.63,40.68,113.04,33.64,2608.43,230.16,5.43,0.67,115.78,15.85,10.00,2.88,0.00,0.00,2.09,1.69,5.24,5.21,4.50,6.16,11.45,23.98,83.30,10.07,5.41,5.41
44.20,44.2,25/11/2025 12:49:29,0.006,9.724,,15.7,896334.0,610429.0,962365.61,5196.41,1789.76,8514.85,1418.98,16735.56,634.98,51.95,39.84,2556.18,92.06,543.48,123.10,1873.98,70.85,32.99,16.01,89.19,49.17,84.53,33.24,80.27,23.09,1638.36,143.84,4.07,0.50,129.82,23.53,9.12,2.36,0.00,0.00,1.69,1.40,2.50,3.74,2.80,4.56,14.89,21.23,67.25,8.95,4.49,4.65,73364.76,8617.08,2967.91,16088.48,2681.11,35802.97,1358.44,119.03,91.28,6382.53,229.87,654.68,148.29,2622.09,99.13,55.04,26.70,159.23,87.79,123.54,48.58,115.33,33.18,2342.44,205.66,5.18,0.64,162.50,29.45,11.35,2.94,0.00,0.00,2.00,1.66,3.37,5.05,3.73,6.08,16.63,23.70,72.45,9.64,5.10,5.27
44.30,44.3,25/11/2025 12:50:03,-1.308,6.746,,15.7,899959.0,612079.0,961510.06,5476.40,1795.68,9241.85,1528.97,16518.39,627.79,29.63,25.23,2516.80,90.54,547.01,123.96,1891.78,71.36,58.15,23.04,81.09,49.43,75.42,31.61,78.01,23.16,1753.83,154.55,4.25,0.51,107.81,16.79,8.65,2.35,0.00,0.00,2.43,1.43,3.44,3.78,1.49,4.60,20.77,21.39,67.98,9.00,4.76,4.71,74773.99,9081.37,2977.73,17462.13,2888.94,35338.37,1343.06,67.90,57.82,6284.20,226.07,658.93,149.32,2646.99,99.85,97.03,38.44,144.75,88.24,110.23,46.20,112.09,33.28,2507.53,220.97,5.41,0.64,134.95,21.02,10.77,2.93,0.00,0.00,2.87,1.69,4.65,5.11,1.99,6.13,23.19,23.88,73.23,9.70,5.40,5.34
44.40,44.4,25/11/2025 12:50:36,-0.632,11.510,,15.7,897608.0,609781.0,962137.60,6244.82,1784.22,8843.90,1467.44,15848.13,605.63,100.38,65.24,2412.37,88.10,510.03,120.09,1777.64,69.84,22.72,16.08,103.53,49.47,60.19,28.94,77.01,22.99,1653.14,145.31,4.28,0.51,98.73,14.44,8.31,2.37,0.00,0.00,1.64,1.40,2.03,3.72,2.61,4.60,19.25,21.27,66.36,8.92,5.33,4.60,73356.93,10355.64,2958.73,16710.22,2772.67,33904.45,1295.63,230.02,149.49,6023.44,219.98,614.39,144.66,2487.29,97.73,37.91,26.82,184.83,88.31,87.97,42.30,110.65,33.03,2363.57,207.75,5.45,0.65,123.58,18.08,10.34,2.95,0.00,0.00,1.94,1.66,2.74,5.02,3.47,6.13,21.49,23.74,71.49,9.61,6.05,5.22
44.50,44.5,25/11/2025 12:51:20,2.592,9.456,,15.7,896703.0,610437.0,962060.78,5757.83,1824.44,8926.27,1480.80,16193.42,616.54,63.67,45.56,2479.03,89.41,580.37,126.67,1826.78,70.50,53.17,21.68,97.09,49.20,88.66,33.97,81.20,23.10,1599.56,140.37,4.15,0.51,82.08,10.36,7.62,2.30,0.00,0.00,2.32,1.41,3.38,3.71,3.66,4.57,16.08,21.18,69.44,8.91,3.44,4.71,73669.63,9548.07,3025.42,16865.85,2797.92,34643.14,1319.00,145.90,104.40,6189.90,223.25,699.12,152.59,2556.04,98.64,88.72,36.17,173.32,87.84,129.59,49.65,116.67,33.18,2286.96,200.69,5.29,0.65,102.74,12.97,9.48,2.87,0.00,0.00,2.74,1.67,4.57,5.02,4.88,6.09,17.95,23.65,74.80,9.60,3.90,5.35
44.60,44.6,25/11/2025 12:51:54,4.846,12.698,1181237.190,15.7,897919.0,611943.0,963298.32,4253.31,1796.70,8746.38,1454.88,16408.04,623.92,72.91,50.96,2781.02,97.86,489.87,117.88,1809.58,70.41,62.33,23.91,108.95,49.32,98.42,35.88,3.96,0.87,1656.81,145.47,4.18,0.51,95.65,13.65,8.80,2.34,0.00,0.00,3.17,1.42,3.23,3.72,5.94,4.60,14.71,21.17,70.67,9.04,3.75,4.64,71980.18,7053.17,2979.43,16525.96,2748.95,35102.28,1334.77,167.06,116.77,6943.93,244.34,590.10,142.00,2531.98,98.52,104.00,39.90,194.50,88.05,143.85,52.45,5.70,1.24,2368.82,207.99,5.32,0.64,119.73,17.09,10.96,2.92,0.00,0.00,3.75,1.68,4.36,5.03,7.92,6.13,16.42,23.64,76.12,9.73,4.25,5.26
44.70,44.7,25/11/2025 12:52:28,2.812,13.224,,15.7,899670.0,613433.0,964203.50,4707.95,1823.65,8425.42,1406.56,15924.54,608.17,44.18,34.93,2556.91,92.35,492.73,118.74,1779.18,69.97,64.50,24.38,111.28,49.37,53.47,27.88,69.38,22.74,1353.57,118.50,4.25,0.51,111.65,18.20,6.92,2.29,0.00,0.00,2.50,1.39,2.67,3.69,1.77,4.50,15.20,21.20,64.82,8.86,3.61,4.64,70036.06,7807.08,3024.12,15919.52,2657.64,34067.92,1301.08,101.23,80.04,6384.36,230.59,593.54,143.04,2489.44,97.90,107.62,40.68,198.66,88.14,78.15,40.74,99.69,32.68,1935.25,169.42,5.41,0.65,139.76,22.78,8.62,2.85,0.00,0.00,2.95,1.64,3.61,4.99,2.36,6.01,16.97,23.67,69.83,9.55,4.09,5.26
44.80,44.8,25/11/2025 12:53:01,2.132,5.290,,15.7,894073.0,611300.0,964140.97,5122.92,1803.19,8403.76,1401.71,15821.13,604.17,157.88,94.29,2311.35,85.38,490.95,117.62,1762.10,69.30,33.14,15.96,86.79,48.86,52.53,27.60,70.47,22.55,1350.30,118.03,4.20,0.50,98.60,14.59,8.34,2.31,0.00,0.00,1.92,1.38,1.06,3.63,3.25,4.52,8.62,21.09,66.37,8.82,3.34,4.59,69961.37,8495.22,2990.18,15878.58,2648.48,33846.69,1292.52,361.76,216.06,5771.23,213.18,591.39,141.69,2465.54,96.97,55.30,26.63,154.94,87.22,76.77,40.34,101.26,32.40,1930.59,168.75,5.34,0.64,123.43,18.26,10.38,2.88,0.00,0.00,2.27,1.64,1.43,4.91,4.34,6.02,9.62,23.55,71.50,9.50,3.79,5.21
44.90,44.9,25/11/2025 12:53:35,1.873,12.895,,15.7,896602.0,612717.0,963070.67,5529.11,1857.69,8656.88,1441.56,16095.57,613.68,147.06,88.81,2353.86,86.20,453.23,114.21,1871.08,70.57,76.05,26.77,87.31,48.98,78.84,32.03,71.92,22.67,1318.90,115.20,3.89,0.50,84.21,10.95,10.61,2.36,0.00,0.00,2.10,1.37,2.86,3.67,2.71,4.49,14.39,21.16,64.21,8.71,4.54,4.58,71948.71,9168.79,3080.56,16356.84,2723.78,34433.82,1312.87,336.97,203.49,5877.37,215.24,545.96,137.58,2618.03,98.74,126.88,44.66,155.87,87.43,115.23,46.82,103.34,32.58,1885.68,164.71,4.96,0.64,105.41,13.71,13.21,2.94,0.00,0.00,2.48,1.62,3.87,4.95,3.61,5.99,16.06,23.63,69.17,9.38,5.15,5.20
45.00,45.0,25/11/2025 12:54:19,1.602,14.021,,15.7,898801.0,615384.0,960938.79,5653.75,1833.30,9123.37,1512.59,17155.81,649.44,6.08,6.10,2553.68,92.11,538.02,123.73,1907.48,71.70,31.22,16.21,99.07,49.82,64.53,29.80,97.70,24.03,1587.67,139.21,4.37,0.51,134.40,24.94,11.43,2.45,0.00,0.00,1.70,1.39,0.98,3.73,3.42,4.63,14.67,21.44,68.46,9.10,3.40,4.72,76046.56,9375.47,3040.12,17238.27,2857.98,36702.02,1389.38,13.94,13.98,6376.30,229.99,648.11,149.04,2668.95,100.32,52.10,27.05,176.85,88.94,94.32,43.55,140.38,34.53,2269.96,199.04,5.56,0.65,168.24,31.22,14.23,3.05,0.00,0.00,2.01,1.65,1.32,5.04,4.56,6.17,16.38,23.93,73.75,9.80,3.86,5.36
45.10,45.1,25/11/2025 12:54:53,1.554,7.939,1181243.008,15.7,895671.0,613338.0,963140.62,5461.57,1841.67,8568.34,1428.62,15917.27,608.59,42.77,56.54,2394.35,87.78,529.14,121.72,1821.21,70.20,39.85,17.86,117.61,49.04,77.89,31.79,88.93,23.30,1575.67,138.20,3.97,0.50,105.68,16.37,6.80,2.32,0.00,0.00,2.27,1.40,2.26,3.73,2.52,4.61,27.12,21.02,71.82,8.98,2.34,4.59,71596.89,9056.78,3054.00,16189.57,2699.32,34052.37,1301.98,97.99,129.55,5978.46,219.17,637.40,146.62,2548.24,98.23,66.49,29.79,209.95,87.55,113.85,46.46,127.78,33.49,2252.80,197.59,5.06,0.64,132.29,20.49,8.46,2.89,0.00,0.00,2.69,1.66,3.06,5.04,3.37,6.14,30.28,23.47,77.37,9.67,2.66,5.20
45.20,45.2,25/11/2025 12:55:27,1.631,7.407,,15.7,890825.0,616168.0,965509.90,5222.23,1822.35,8187.23,1369.54,14399.70,557.37,34.19,54.84,2263.90,83.70,528.23,120.34,1781.33,68.88,58.29,22.88,93.95,48.50,62.44,28.98,64.29,22.27,1575.28,138.39,4.69,0.52,124.78,22.26,9.64,2.27,0.00,0.00,1.80,1.35,2.21,3.67,3.12,4.52,7.74,20.92,61.21,8.66,3.84,4.58,66758.23,8659.89,3021.95,15469.47,2587.69,30805.79,1192.39,78.34,125.67,5652.75,208.98,636.31,144.97,2492.45,96.37,97.25,38.17,167.72,86.58,91.26,42.36,92.37,32.00,2252.24,197.86,5.96,0.66,156.20,27.86,12.00,2.82,0.00,0.00,2.13,1.60,2.99,4.96,4.16,6.02,8.64,23.35,65.93,9.33,4.36,5.19
45.30,45.3,25/11/2025 12:56:01,1.425,8.467,,15.7,897004.0,615143.0,964094.02,4237.87,1763.10,9038.35,1498.73,15785.50,603.87,98.06,64.50,2341.97,86.26,532.59,121.80,1858.92,70.26,60.89,23.58,97.55,49.02,54.20,27.90,74.10,22.85,1514.89,132.93,4.14,0.50,104.00,15.96,8.42,2.34,0.00,0.00,1.84,1.37,1.85,3.70,2.13,4.54,19.40,21.13,64.96,8.86,4.33,4.61,70067.95,7027.56,2923.70,17077.62,2831.79,33770.48,1291.88,224.70,147.80,5847.67,215.38,641.56,146.72,2601.01,98.31,101.59,39.34,174.14,87.52,79.22,40.77,106.47,32.83,2165.91,190.06,5.27,0.64,130.18,19.98,10.49,2.92,0.00,0.00,2.18,1.62,2.50,4.99,2.85,6.05,21.66,23.60,69.98,9.55,4.91,5.23
45.40,45.4,25/11/2025 12:56:36,1.816,8.463,,15.7,902338.0,618887.0,959666.30,6136.90,1845.78,9407.63,1555.36,17392.01,657.25,63.95,46.88,2484.22,90.55,656.61,135.87,2062.27,72.98,25.56,16.29,124.27,50.47,86.23,33.75,67.70,22.93,1575.89,138.24,4.53,0.53,133.05,24.36,8.01,2.44,0.00,0.00,2.42,1.43,1.91,3.81,2.66,4.70,18.19,21.53,75.06,9.27,4.60,4.73,78223.86,10176.68,3060.81,17775.36,2938.79,37207.34,1406.08,146.53,107.43,6202.86,226.08,790.96,163.67,2885.55,102.11,42.64,27.18,221.84,90.10,126.04,49.33,97.28,32.94,2253.12,197.65,5.77,0.67,166.54,30.50,9.97,3.03,0.00,0.00,2.87,1.69,2.58,5.14,3.55,6.27,20.31,24.04,80.86,9.99,5.22,5.36
45.50,45.5,25/11/2025 12:57:20,2.767,7.802,,15.7,902043.0,618616.0,960032.56,6153.70,1859.80,9358.21,1548.91,17659.83,666.14,38.46,56.77,2331.62,86.92,444.01,114.85,1993.28,72.36,102.10,31.32,90.24,49.82,75.32,31.82,54.42,22.64,1409.66,123.46,4.34,0.52,149.39,30.15,10.64,2.48,0.00,0.00,2.13,1.41,2.56,3.79,2.73,4.69,11.58,21.55,68.23,9.09,4.97,4.81,77743.30,10204.54,3084.05,17681.98,2926.60,37780.28,1425.09,88.14,130.07,5821.84,217.04,534.86,138.35,2789.01,101.25,170.36,52.26,161.10,88.93,110.08,46.50,78.20,32.54,2015.45,176.52,5.52,0.66,187.00,37.74,13.24,3.09,0.00,0.00,2.52,1.67,3.46,5.12,3.64,6.26,12.93,24.07,73.50,9.79,5.64,5.46
45.60,45.6,25/11/2025 12:57:54,2.913,5.758,1181244.792,15.7,901317.0,619292.0,960699.16,6395.91,1879.91,9076.56,1504.48,16920.94,640.98,48.08,56.45,2517.13,90.93,546.21,123.74,1899.58,71.34,54.82,22.41,78.18,49.70,74.84,31.60,57.22,22.54,1410.73,123.50,4.53,0.52,120.10,20.48,9.87,2.43,0.00,0.00,2.57,1.43,1.65,3.80,3.77,4.62,7.74,21.50,66.36,9.10,4.05,4.66,76369.66,10606.18,3117.41,17149.82,2842.66,36199.56,1371.27,110.17,129.36,6285.04,227.04,657.97,149.06,2657.90,99.81,91.47,37.39,139.57,88.73,109.38,46.18,82.22,32.39,2016.98,176.58,5.77,0.67,150.34,25.64,12.28,3.02,0.00,0.00,3.03,1.69,2.24,5.13,5.03,6.16,8.64,24.01,71.48,9.80,4.60,5.29
45.70,45.7,25/11/2025 12:58:28,3.972,5.691,,15.6,911014.0,623482.0,959633.61,5904.56,1846.67,9414.94,1557.41,17625.57,665.65,181.25,107.74,2651.51,94.88,628.82,133.84,1910.63,72.60,62.24,24.22,137.13,50.97,69.25,30.85,66.65,23.15,1457.64,127.85,4.58,0.53,151.69,30.84,8.33,2.41,0.00,0.00,2.66,1.44,2.54,3.84,3.32,4.74,16.08,21.71,62.94,9.04,4.03,4.77,78691.42,9791.39,3062.29,17789.18,2942.66,37707.00,1424.05,415.32,246.86,6620.58,236.90,757.48,161.23,2673.36,101.58,103.85,40.41,244.80,90.98,101.21,45.08,95.77,33.26,2084.05,182.80,5.83,0.68,189.89,38.61,10.37,3.00,0.00,0.00,3.14,1.71,3.43,5.18,4.43,6.32,17.96,24.24,67.80,9.73,4.57,5.41
45.80,45.8,25/11/2025 12:59:01,3.007,6.483,,15.4,945830.0,644532.0,951402.50,7670.27,2048.78,11126.07,1823.91,20776.52,772.42,88.10,61.51,3474.61,118.06,764.71,152.61,2310.44,79.22,31.49,17.44,126.11,53.91,72.34,32.58,102.70,25.91,1783.54,157.66,4.89,0.56,147.00,28.08,9.74,2.56,0.00,0.00,3.31,1.56,3.99,4.13,4.12,5.19,23.20,23.06,70.71,9.63,3.62,5.15,94625.56,12719.42,3397.44,21022.30,3446.22,44447.93,1652.47,201.87,140.93,8675.76,294.79,921.17,183.83,3232.78,110.84,52.54,29.11,225.12,96.24,105.73,47.62,147.57,37.23,2550.01,225.41,6.23,0.72,184.01,35.15,12.13,3.19,0.00,0.00,3.92,1.84,5.39,5.58,5.49,6.92,25.90,25.75,76.17,10.37,4.11,5.84
45.90,45.9,25/11/2025 12:59:35,3.082,6.086,,15.2,992116.0,664281.0,941512.32,8476.16,2190.47,13662.47,2218.56,25247.44,924.25,190.04,117.76,4286.99,142.14,904.57,174.78,2683.22,86.90,138.76,40.39,153.87,58.70,67.48,33.69,70.87,26.73,2401.68,215.32,5.21,0.62,82.74,9.59,10.85,2.86,0.00,0.00,1.92,1.67,2.90,4.50,3.48,5.68,15.39,25.04,78.90,10.58,2.71,5.54,114247.22,14055.81,3632.40,25814.73,4191.89,54012.73,1977.28,435.45,269.84,10704.21,354.90,1089.65,210.54,3754.38,121.59,231.53,67.39,274.69,104.79,98.63,49.25,101.83,38.40,3433.79,307.86,6.63,0.79,103.57,12.01,13.51,3.56,0.00,0.00,2.27,1.97,3.92,6.08,4.64,7.57,17.19,27.96,84.99,11.39,3.08,6.29
46.00,46.0,25/11/2025 13:00:19,2.116,1.195,,15.1,1006967.0,673371.0,937973.67,8728.44,2188.89,14522.02,2351.18,27041.00,984.48,95.75,69.85,4321.64,143.80,1082.58,196.95,2985.15,90.73,124.58,39.04,138.84,60.03,70.08,34.77,99.73,28.46,2644.52,238.18,5.56,0.65,39.52,2.73,10.16,2.78,0.00,0.00,4.33,1.75,2.27,4.70,3.12,5.89,27.49,25.74,72.65,10.67,6.92,5.69,120934.51,14474.16,3629.78,27438.81,4442.47,57849.76,2106.12,219.40,160.04,10790.72,359.04,1304.08,237.25,4176.84,126.95,207.86,65.14,247.86,107.17,102.42,50.82,143.30,40.89,3780.98,340.54,7.07,0.82,49.47,3.41,12.65,3.45,0.00,0.00,5.12,2.07,3.06,6.36,4.16,7.85,30.69,28.74,78.26,11.49,7.85,6.46
46.10,46.1,25/11/2025 13:00:53,1.127,0.327,1181244.268,15.1,1012293.0,676806.0,937791.08,8604.93,2195.17,14632.58,2368.92,26906.52,980.57,52.13,44.33,4703.89,154.02,1155.13,206.05,2944.19,90.47,128.47,40.18,100.91,60.01,108.36,41.58,103.61,28.65,2584.17,232.43,5.32,0.64,45.66,3.42,10.31,2.76,0.00,0.00,3.01,1.77,3.81,4.75,2.42,5.91,17.74,25.90,92.58,11.12,3.16,5.69,121463.01,14269.34,3640.20,27647.72,4475.99,57562.07,2097.77,119.44,101.59,11745.17,384.58,1391.48,248.21,4119.52,126.58,214.36,67.03,180.14,107.12,158.38,60.77,148.87,41.17,3694.71,332.32,6.77,0.81,57.15,4.29,12.84,3.43,0.00,0.00,3.56,2.09,5.15,6.42,3.22,7.88,19.81,28.92,99.73,11.98,3.58,6.45
46.20,46.2,25/11/2025 13:01:27,0.978,0.592,,15.1,1013779.0,677956.0,937928.00,8574.03,2217.83,14699.70,2380.02,27297.98,993.66,25.62,25.20,4193.71,140.57,1004.15,189.20,3093.74,91.77,104.14,36.29,117.24,60.21,91.40,38.30,8.45,1.99,2658.09,239.45,5.43,0.64,73.00,7.57,10.88,2.82,0.00,0.00,4.82,1.74,3.16,4.74,4.20,5.89,11.24,25.87,86.72,11.02,4.26,5.68,121027.97,14218.11,3677.77,27774.53,4496.96,58399.53,2125.77,58.72,57.75,10471.30,350.99,1209.61,227.91,4328.78,128.41,173.76,60.54,209.29,107.49,133.59,55.98,12.15,2.86,3800.39,342.35,6.91,0.81,91.38,9.48,13.55,3.51,0.00,0.00,5.70,2.05,4.27,6.40,5.60,7.85,12.55,28.89,93.41,11.87,4.83,6.44
46.30,46.3,25/11/2025 13:02:01,0.916,3.701,,15.1,1012015.0,676523.0,941122.06,7719.58,2211.76,13880.39,2254.70,26121.25,954.52,17.67,65.79,4291.72,143.42,930.29,179.68,2888.26,89.28,96.47,34.47,138.93,59.63,81.77,36.38,35.71,7.82,2519.87,226.69,6.04,0.65,28.64,1.70,9.95,2.75,0.00,0.00,2.44,1.68,2.38,4.65,3.92,5.84,18.11,25.52,79.48,10.59,5.09,5.52,115189.55,12801.19,3667.70,26226.48,4260.17,55882.09,2042.05,40.48,150.74,10716.00,358.10,1120.63,216.44,4041.27,124.92,160.95,57.51,248.01,106.45,119.51,53.17,51.31,11.23,3602.76,324.11,7.68,0.83,35.85,2.13,12.38,3.42,0.00,0.00,2.89,1.99,3.22,6.28,5.23,7.78,20.22,28.49,85.62,11.41,5.78,6.26
46.40,46.4,25/11/2025 13:02:34,1.061,6.478,,15.1,1009182.0,676832.0,942722.26,7231.15,2147.69,13575.89,2207.20,25154.88,922.43,66.73,53.90,4387.77,145.86,921.94,178.10,2790.16,87.98,122.94,38.57,89.04,58.45,85.66,36.92,100.17,28.02,2557.94,230.27,5.29,0.62,52.18,4.33,9.78,2.77,0.00,0.00,4.73,1.72,2.55,4.61,3.46,5.78,20.54,25.32,90.11,10.85,4.83,5.62,112094.17,11991.24,3561.46,25651.14,4170.42,53814.70,1973.39,152.89,123.50,10955.85,364.20,1110.58,214.55,3904.01,123.10,205.12,64.36,158.96,104.35,125.20,53.96,143.93,40.25,3657.20,329.22,6.73,0.79,65.32,5.42,12.17,3.45,0.00,0.00,5.59,2.04,3.44,6.23,4.61,7.71,22.93,28.27,97.06,11.69,5.48,6.37
46.50,46.5,25/11/2025 13:03:18,0.828,2.114,,15.1,1008140.0,675635.0,941683.17,8557.40,2224.31,13789.79,2240.20,24744.48,908.96,25.01,65.57,4282.42,142.94,901.42,175.32,2794.61,87.90,101.10,35.11,169.78,59.57,78.50,35.70,100.66,28.13,2598.17,234.07,4.79,0.61,47.09,3.65,11.32,2.79,0.00,0.00,2.74,1.70,3.63,4.63,2.31,5.79,15.34,25.28,80.82,10.64,5.48,5.62,113575.32,14190.52,3688.51,26055.29,4232.77,52936.74,1944.57,57.31,150.23,10692.79,356.90,1085.85,211.20,3910.23,122.99,168.68,58.57,303.08,106.34,114.73,52.17,144.63,40.41,3714.71,334.66,6.10,0.77,58.94,4.57,14.10,3.47,0.00,0.00,3.25,2.01,4.90,6.25,3.08,7.72,17.12,28.22,87.06,11.46,6.21,6.37
46.60,46.6,25/11/2025 13:03:51,-0.447,13.029,1181236.726,15.1,1000704.0,673611.0,942401.48,8281.45,2149.74,13258.68,2156.96,24839.78,911.29,64.03,51.57,4282.08,142.54,913.26,176.53,2702.29,87.11,167.88,43.85,133.76,58.50,95.36,38.40,44.22,9.36,2635.94,237.42,5.58,0.63,50.28,4.07,9.94,2.82,0.00,0.00,2.83,1.71,3.69,4.59,3.81,5.74,12.99,25.09,87.11,10.82,3.59,5.55,112343.87,13732.93,3564.85,25051.77,4075.49,53140.62,1949.55,146.72,118.16,10691.93,355.90,1100.12,212.65,3781.05,121.89,280.11,73.16,238.78,104.43,139.37,56.12,63.53,13.45,3768.72,339.45,7.10,0.80,62.94,5.09,12.37,3.51,0.00,0.00,3.34,2.03,4.98,6.20,5.08,7.65,14.50,28.01,93.83,11.65,4.08,6.30
46.70,46.7,25/11/2025 13:04:25,-0.450,13.493,,15.2,996042.0,670407.0,945276.86,6637.85,2086.71,12926.48,2105.47,24455.49,897.80,44.33,38.63,4184.43,139.01,906.72,174.41,2639.18,85.47,72.64,29.25,59.21,57.45,91.99,37.70,95.38,27.33,2395.92,215.02,5.11,0.61,76.60,8.47,9.89,2.72,0.00,0.00,3.11,1.67,2.93,4.53,2.68,5.64,24.08,24.98,83.70,10.47,5.42,5.55,107257.72,11007.39,3460.35,24424.10,3978.21,52318.48,1920.69,101.57,88.52,10448.12,347.09,1092.24,210.09,3692.76,119.59,121.20,48.80,105.70,102.57,134.45,55.09,137.04,39.26,3425.55,307.43,6.51,0.78,95.88,10.60,12.31,3.39,0.00,0.00,3.68,1.97,3.95,6.12,3.57,7.53,26.88,27.90,90.16,11.28,6.15,6.29
46.80,46.8,25/11/2025 13:04:59,-0.095,7.675,,15.1,1020727.0,680186.0,940000.09,7704.24,2196.48,14024.92,2276.95,26227.23,958.32,38.96,35.75,4656.80,153.00,999.30,189.62,2936.60,90.99,110.14,37.19,151.09,60.35,81.84,36.67,108.15,28.88,2817.12,254.74,5.13,0.63,6.73,0.32,9.03,2.86,0.00,0.00,3.89,1.72,2.72,4.70,3.56,5.93,18.49,25.76,89.75,10.89,4.21,5.65,117331.25,12775.75,3642.37,26499.56,4302.22,56108.82,2050.17,89.28,81.91,11627.58,382.03,1203.76,228.42,4108.91,127.31,183.78,62.04,269.72,107.73,119.61,53.59,155.40,41.49,4027.76,364.21,6.53,0.80,8.42,0.40,11.24,3.56,0.00,0.00,4.60,2.04,3.67,6.34,4.75,7.91,20.64,28.77,96.68,11.73,4.77,6.41
46.90,46.9,25/11/2025 13:05:32,-0.988,13.558,,15.1,1018409.0,679589.0,937619.38,9670.05,2243.83,14356.73,2326.94,26025.61,951.98,41.75,67.31,4621.99,152.36,1037.42,193.91,2919.96,90.67,195.70,47.80,115.70,60.04,88.66,37.92,109.58,29.01,3045.34,276.18,5.24,0.64,9.27,0.44,11.49,2.90,0.00,0.00,3.38,1.75,3.33,4.78,1.68,6.03,21.17,25.91,92.03,11.20,4.54,5.74,121156.64,16035.61,3720.88,27126.50,4396.67,55677.49,2036.61,95.67,154.22,11540.67,380.43,1249.68,233.58,4085.62,126.86,326.53,79.75,206.55,107.18,129.58,55.42,157.45,41.68,4354.06,394.86,6.67,0.81,11.60,0.55,14.30,3.61,0.00,0.00,4.00,2.07,4.50,6.45,2.24,8.04,23.63,28.92,99.14,12.07,5.15,6.51
47.00,47.0,25/11/2025 13:06:16,2.390,10.119,,15.1,1009203.0,676948.0,940620.88,9123.17,2245.61,13360.87,2174.42,25299.98,927.39,148.86,97.50,4510.03,148.89,876.45,173.83,2826.35,89.14,66.55,28.12,121.44,59.39,91.16,38.00,108.43,28.48,2682.61,241.95,5.34,0.63,27.64,1.62,11.27,2.82,0.00,0.00,3.54,1.74,2.07,4.65,2.40,5.83,18.58,25.49,87.42,10.93,4.94,5.70,115749.81,15128.74,3723.84,25244.86,4108.49,54125.12,1983.99,341.10,223.40,11261.11,371.77,1055.77,209.39,3954.65,124.72,111.04,46.92,216.80,106.02,133.23,55.54,155.80,40.92,3835.44,345.93,6.80,0.80,34.60,2.03,14.03,3.51,0.00,0.00,4.18,2.06,2.80,6.29,3.20,7.78,20.75,28.46,94.17,11.77,5.61,6.47
47.10,47.1,25/11/2025 13:06:50,3.118,9.522,1181240.429,15.1,1001931.0,673984.0,941825.87,8772.27,2199.37,13752.62,2232.95,24728.96,907.61,121.80,83.00,3984.41,134.88,994.35,185.97,2750.32,87.32,149.44,42.55,42.92,58.25,89.72,37.71,7.19,1.70,2584.01,232.68,5.48,0.62,68.77,6.94,10.07,2.75,0.00,0.00,4.46,1.73,3.83,4.64,3.60,5.75,1.11,25.48,94.12,11.00,4.68,5.58,113099.95,14546.84,3647.16,25985.07,4219.08,52903.52,1941.68,279.08,190.19,9948.70,336.77,1197.80,224.02,3848.26,122.18,249.33,70.99,76.63,103.98,131.13,55.11,10.34,2.44,3694.47,332.67,6.97,0.79,86.08,8.68,12.53,3.42,0.00,0.00,5.27,2.05,5.18,6.27,4.81,7.67,1.24,28.45,101.39,11.85,5.31,6.33
47.20,47.2,25/11/2025 13:07:23,0.676,6.018,,15.1,1001223.0,674205.0,942660.56,7844.63,2115.05,13562.44,2202.54,25186.81,922.40,55.75,46.56,3982.46,134.15,900.61,174.44,2796.46,87.51,157.33,43.12,128.24,58.70,79.73,35.70,0.39,0.09,2447.80,219.80,5.32,0.62,74.46,7.99,13.02,2.81,0.00,0.00,5.35,1.74,2.62,4.55,3.54,5.75,5.97,25.21,82.53,10.58,3.96,5.46,111925.69,13008.56,3507.34,25625.73,4161.62,53883.03,1973.32,127.75,106.68,9943.82,334.97,1084.87,210.13,3912.82,122.44,262.50,71.94,228.92,104.79,116.53,52.17,0.56,0.13,3499.73,314.26,6.77,0.79,93.21,10.00,16.21,3.50,0.00,0.00,6.33,2.06,3.54,6.14,4.72,7.67,6.67,28.15,88.90,11.39,4.49,6.19
47.30,47.3,25/11/2025 13:07:57,-0.274,9.856,,15.2,999633.0,672076.0,942391.75,8354.74,2160.21,13840.71,2246.19,24539.80,901.50,91.93,67.64,4220.52,141.02,897.01,174.25,2707.49,86.96,191.76,46.48,110.49,58.20,90.39,37.58,2.01,0.48,2400.09,215.33,5.41,0.64,41.07,2.95,8.63,2.75,0.00,0.00,3.47,1.72,3.95,4.57,1.65,5.71,3.22,25.14,90.32,10.58,3.56,5.53,112391.93,13854.46,3582.22,26151.51,4244.09,52498.86,1928.60,210.64,154.98,10538.23,352.11,1080.55,209.90,3788.34,121.68,319.96,77.55,197.25,103.90,132.11,54.93,2.90,0.69,3431.51,307.86,6.88,0.82,51.42,3.70,10.75,3.42,0.00,0.00,4.10,2.03,5.34,6.18,2.20,7.62,3.59,28.07,97.30,11.40,4.04,6.28
47.40,47.4,25/11/2025 13:08:31,0.371,7.674,,15.2,997131.0,671631.0,943295.99,8269.17,2158.00,13121.97,2135.62,24666.82,905.07,171.13,108.20,3964.96,133.40,942.88,178.94,2671.42,86.26,93.28,33.49,110.58,58.16,69.57,33.94,26.55,5.87,2403.56,215.56,5.07,0.61,57.67,5.16,9.93,2.79,0.00,0.00,4.57,1.72,2.87,4.57,5.11,5.67,15.77,25.05,85.13,10.71,6.01,5.55,110595.09,13712.57,3578.56,24793.47,4035.17,52770.58,1936.25,392.13,247.92,9900.12,333.09,1135.80,215.56,3737.87,120.70,155.63,55.88,197.41,103.83,101.68,49.60,38.14,8.44,3436.47,308.19,6.45,0.78,72.19,6.46,12.36,3.47,0.00,0.00,5.41,2.04,3.88,6.17,6.81,7.56,17.61,27.97,91.71,11.54,6.81,6.29
47.50,47.5,25/11/2025 13:09:15,0.003,2.384,,15.3,981326.0,660736.0,947193.84,7015.07,2083.74,12506.07,2040.16,23146.78,853.65,71.48,54.99,3733.89,127.38,900.01,171.22,2574.03,83.49,120.50,37.17,129.64,56.70,87.82,36.47,94.58,26.84,2229.54,199.36,5.27,0.60,85.68,10.42,9.24,2.65,0.00,0.00,3.33,1.64,3.11,4.31,2.68,5.49,9.27,24.33,72.82,10.29,5.35,5.46,103070.52,11632.91,3455.41,23629.75,3854.81,49518.70,1826.25,163.79,125.99,9323.15,318.05,1084.16,206.25,3601.60,116.82,201.05,62.02,231.43,101.23,128.36,53.31,135.90,38.56,3187.67,285.03,6.71,0.77,107.25,13.04,11.50,3.30,0.00,0.00,3.93,1.93,4.19,5.82,3.58,7.32,10.35,27.16,78.44,11.08,6.07,6.20
47.60,47.6,25/11/2025 13:09:49,-0.208,4.560,1181245.325,15.5,962769.0,614886.0,950869.95,4881.79,1951.07,11824.55,1932.25,23034.52,847.70,45.52,38.83,3679.36,124.64,997.84,182.98,2490.72,81.49,82.74,29.77,188.42,55.44,93.24,36.54,92.32,25.66,1584.80,139.54,4.86,0.56,6.34,0.29,8.61,2.51,0.00,0.00,1.38,1.47,0.92,3.99,4.32,4.97,19.54,23.28,84.14,9.96,4.09,4.96,96854.10,8095.36,3235.40,22342.05,3650.91,49278.55,1813.51,104.30,88.98,9187.01,311.21,1202.00,220.42,3485.04,114.03,138.04,49.68,336.37,98.97,136.28,53.40,132.66,36.87,2265.86,199.51,6.19,0.72,7.94,0.36,10.72,3.13,0.00,0.00,1.63,1.74,1.25,5.39,5.76,6.62,21.82,25.99,90.64,10.73,4.64,5.62
47.70,47.7,25/11/2025 13:10:22,-0.556,4.889,,15.5,955534.0,611790.0,952070.44,5571.82,1914.43,11142.78,1825.68,21915.66,809.89,159.55,98.84,3566.95,121.35,1008.09,183.94,2469.99,80.79,77.06,28.55,148.01,54.52,95.54,37.00,54.31,24.30,1555.84,137.03,5.12,0.56,27.66,1.65,9.67,2.45,0.00,0.00,2.11,1.51,2.55,3.99,3.55,4.91,25.45,23.22,84.32,9.83,3.55,4.97,94142.72,9239.62,3174.65,21053.87,3449.56,46884.93,1732.63,365.58,226.47,8906.32,303.00,1214.34,221.57,3456.02,113.05,128.57,47.63,264.22,97.32,139.63,54.08,78.04,34.91,2224.45,195.92,6.52,0.71,34.62,2.06,12.04,3.05,0.00,0.00,2.50,1.79,3.44,5.38,4.74,6.54,28.41,25.93,90.83,10.59,4.03,5.64
47.80,47.8,25/11/2025 13:10:56,-0.393,5.092,,15.6,952635.0,612609.0,954640.88,4492.56,1961.86,10795.66,1774.66,21040.43,781.15,2.60,2.81,3468.17,118.44,1010.85,183.15,2497.57,80.13,70.45,26.80,148.29,53.51,111.90,39.96,68.38,24.31,1487.33,130.82,4.48,0.53,32.88,2.14,8.77,2.40,0.00,0.00,2.35,1.47,0.79,3.86,3.32,4.86,28.25,22.77,80.23,9.72,3.87,4.93,89197.32,7449.90,3253.30,20397.99,3353.15,45012.53,1671.13,5.96,6.45,8659.69,295.73,1217.67,220.63,3494.62,112.12,117.55,44.72,264.72,95.52,163.55,58.40,98.24,34.93,2126.49,187.05,5.70,0.68,41.15,2.68,10.92,2.98,0.00,0.00,2.78,1.73,1.07,5.22,4.43,6.48,31.54,25.43,86.42,10.47,4.39,5.60
47.90,47.9,25/11/2025 13:11:30,0.224,4.961,,15.6,952014.0,613916.0,954485.76,4320.23,1926.74,10542.40,1734.65,21596.43,798.85,124.19,80.57,3421.26,117.10,943.21,174.97,2466.37,79.86,92.42,31.10,162.82,53.96,98.31,37.24,70.67,24.50,1515.77,133.51,4.77,0.54,38.66,2.76,8.37,2.49,0.00,0.00,2.30,1.49,2.29,3.93,1.93,4.86,22.08,22.86,76.74,9.61,3.04,4.82,89741.13,7164.14,3195.06,19919.48,3277.56,46201.99,1709.01,284.57,184.62,8542.55,292.38,1136.19,210.77,3450.96,111.74,154.20,51.89,290.66,96.33,143.68,54.42,101.54,35.20,2167.16,190.88,6.07,0.68,48.39,3.45,10.41,3.10,0.00,0.00,2.72,1.76,3.09,5.31,2.57,6.49,24.66,25.52,82.67,10.35,3.45,5.47
48.00,48.0,25/11/2025 13:12:14,0.607,4.893,,15.6,951942.0,613894.0,952724.46,5739.36,1945.60,11223.48,1838.39,21447.49,794.40,3.23,3.47,3411.90,116.99,844.89,165.06,2459.75,80.32,79.64,28.74,161.82,54.05,84.82,34.75,76.06,24.78,1588.82,139.91,4.80,0.55,20.19,1.07,8.16,2.45,0.00,0.00,1.54,1.47,4.17,4.04,2.26,4.90,26.47,22.93,82.10,9.85,4.57,4.93,92695.02,9517.44,3226.34,21206.35,3473.56,45883.37,1699.49,7.40,7.95,8519.19,292.11,1017.75,198.83,3441.69,112.38,132.88,47.96,288.88,96.49,123.97,50.79,109.29,35.60,2271.60,200.03,6.10,0.70,25.28,1.34,10.16,3.04,0.00,0.00,1.83,1.74,5.63,5.46,3.01,6.54,29.56,25.60,88.44,10.61,5.19,5.59
48.10,48.1,25/11/2025 13:12:48,-0.287,4.959,1181244.862,15.5,953402.0,614702.0,953567.48,5432.41,1962.94,10788.09,1772.76,21383.13,792.47,111.99,74.52,3357.06,115.82,939.81,175.45,2454.65,79.96,52.15,22.49,134.74,53.89,96.35,36.91,88.40,25.19,1448.25,127.41,5.06,0.56,10.65,0.50,9.24,2.42,0.00,0.00,2.13,1.48,1.88,3.96,2.72,4.89,24.88,23.00,85.68,9.86,3.26,4.88,91173.06,9008.43,3255.10,20383.69,3349.56,45745.67,1695.36,256.61,170.74,8382.26,289.20,1132.10,211.35,3434.56,111.88,87.01,37.53,240.53,96.20,140.82,53.94,127.02,36.19,2070.62,182.17,6.45,0.72,13.33,0.62,11.50,3.01,0.00,0.00,2.52,1.75,2.54,5.35,3.62,6.52,27.78,25.68,92.29,10.62,3.70,5.53
48.20,48.2,25/11/2025 13:13:22,-0.686,3.637,,15.6,947424.0,609950.0,953818.45,5045.81,1905.63,10904.66,1789.44,21233.99,787.23,52.52,61.67,3865.40,129.54,901.57,170.89,2354.98,79.13,103.25,32.94,154.94,54.05,74.80,32.91,73.81,24.56,1267.78,111.41,4.70,0.55,24.13,1.36,11.99,2.52,0.00,0.00,1.48,1.43,1.66,3.90,4.62,4.80,13.75,22.95,81.16,9.77,4.54,4.82,91196.98,8367.35,3160.06,20603.95,3381.09,45426.62,1684.15,120.35,141.30,9651.54,323.44,1086.03,205.85,3295.10,110.72,172.27,54.96,276.60,96.48,109.33,48.09,106.05,35.29,1812.60,159.28,5.98,0.70,30.21,1.71,14.93,3.14,0.00,0.00,1.75,1.69,2.25,5.26,6.16,6.41,15.36,25.62,87.43,10.52,5.15,5.46
48.30,48.3,25/11/2025 13:13:57,-1.277,4.626,,15.6,947542.0,607255.0,955817.62,4825.53,1946.38,10249.95,1690.57,20632.34,766.90,21.25,20.10,3383.57,115.85,882.44,168.16,2393.04,78.84,60.89,24.50,152.40,53.19,93.48,36.09,77.43,24.51,1249.22,109.84,4.98,0.55,22.09,1.22,8.38,2.43,0.00,0.00,1.47,1.44,2.29,3.81,3.59,4.73,30.58,22.62,84.12,9.61,3.35,4.84,87007.13,8002.07,3227.64,19366.89,3194.26,44139.49,1640.65,48.69,46.05,8448.46,289.28,1062.99,202.57,3348.36,110.32,101.59,40.88,272.07,94.95,136.62,52.75,111.26,35.22,1786.06,157.04,6.34,0.70,27.65,1.52,10.43,3.03,0.00,0.00,1.74,1.70,3.09,5.15,4.78,6.31,34.15,25.25,90.62,10.35,3.80,5.50
48.40,48.4,25/11/2025 13:14:30,-0.080,4.764,,15.6,947282.0,609522.0,956273.04,3497.77,1813.36,10773.35,1768.18,20814.52,772.62,100.01,68.39,3666.36,123.63,704.43,150.41,2374.77,78.87,99.14,32.09,111.39,52.64,103.18,38.03,73.56,24.25,1275.74,112.03,4.98,0.55,6.19,0.28,9.96,2.43,0.00,0.00,1.30,1.44,3.06,3.85,3.38,4.73,21.49,22.64,78.86,9.57,3.52,4.75,86834.74,5800.27,3007.05,20355.85,3340.92,44529.22,1652.88,229.15,156.70,9154.55,308.69,848.56,181.18,3322.79,110.36,165.42,53.54,198.84,93.98,150.80,55.59,105.70,34.85,1823.99,160.18,6.33,0.70,7.75,0.35,12.40,3.03,0.00,0.00,1.54,1.70,4.14,5.21,4.51,6.31,24.00,25.28,84.95,10.31,3.99,5.39
48.50,48.5,25/11/2025 13:15:15,-0.336,4.691,,15.6,933596.0,610626.0,963064.73,3097.35,1770.72,8165.87,1368.77,17742.33,669.07,27.88,24.21,3024.44,105.23,884.97,166.17,2209.65,75.23,32.57,16.52,156.08,51.71,83.09,33.52,77.69,23.73,1275.50,111.95,5.15,0.54,32.17,2.12,7.92,2.27,0.00,0.00,2.46,1.40,1.73,3.70,3.32,4.57,24.50,21.92,76.35,9.34,4.24,4.65,72866.03,5136.26,2936.34,15429.12,2586.24,37956.79,1431.37,63.88,55.47,7551.74,262.75,1066.04,200.17,3091.75,105.26,54.34,27.56,278.62,92.31,121.44,48.99,111.63,34.10,1823.64,160.07,6.55,0.68,40.27,2.65,9.86,2.83,0.00,0.00,2.91,1.66,2.34,5.00,4.43,6.10,27.36,24.47,82.24,10.07,4.81,5.28
48.60,48.6,25/11/2025 13:15:49,-0.393,7.072,1181237.523,15.7,884256.0,610644.0,976479.78,381.11,1490.56,4803.52,848.82,11808.89,465.76,44.41,47.68,2350.19,83.65,450.31,116.22,1959.93,68.50,41.32,18.07,142.03,47.39,83.16,32.05,60.14,21.33,1258.94,110.11,4.40,0.49,22.38,1.28,7.98,2.12,0.00,0.00,2.16,1.32,2.67,3.44,4.42,4.30,19.61,20.12,69.87,8.60,2.79,4.31,46712.30,631.99,2471.76,9076.07,1603.81,25263.17,996.42,101.75,109.25,5868.19,208.87,542.45,140.00,2742.34,95.84,68.95,30.15,253.54,84.60,121.54,46.85,86.42,30.65,1799.97,157.43,5.60,0.63,28.01,1.60,9.93,2.64,0.00,0.00,2.55,1.56,3.60,4.65,5.89,5.74,21.89,22.47,75.26,9.26,3.17,4.89
48.70,48.7,25/11/2025 13:16:23,-0.862,11.836,,15.8,858135.0,612546.0,980892.20,570.49,1403.68,3603.60,663.20,9156.93,374.68,44.18,43.79,1676.95,63.39,488.38,115.89,1910.49,66.13,95.42,28.60,116.49,45.35,84.35,31.71,74.82,21.19,1186.67,103.60,3.96,0.47,5.12,0.24,7.37,2.10,0.00,0.00,1.88,1.27,1.52,3.35,2.85,4.19,8.44,19.44,64.69,8.28,3.21,4.16,37300.55,946.03,2327.69,6808.86,1253.09,19589.73,801.58,101.24,100.35,4187.18,158.28,588.30,139.60,2673.17,92.52,159.21,47.73,207.96,80.96,123.28,46.35,107.50,30.45,1696.63,148.12,5.04,0.59,6.40,0.30,9.18,2.61,0.00,0.00,2.22,1.51,2.05,4.53,3.80,5.59,9.42,21.70,69.69,8.92,3.64,4.72
48.80,48.8,25/11/2025 13:16:56,-0.398,12.562,,15.8,838971.0,615969.0,983636.58,101.34,1322.29,2963.20,563.15,7578.25,319.11,34.81,21.99,1682.12,62.24,466.07,110.85,1935.54,64.98,53.60,20.66,131.95,44.92,74.19,29.50,68.38,20.66,1160.61,101.24,4.07,0.47,10.41,0.50,8.00,2.13,0.00,0.00,3.12,1.27,1.93,3.32,2.17,4.10,11.04,19.10,70.05,8.33,2.57,4.16,31847.93,168.05,2192.71,5598.85,1064.05,16212.41,682.68,79.77,50.38,4200.09,155.41,561.43,133.54,2708.23,90.92,89.43,34.47,235.55,80.18,108.43,43.11,98.25,29.68,1659.37,144.75,5.18,0.60,13.03,0.62,9.96,2.65,0.00,0.00,3.69,1.50,2.61,4.48,2.90,5.47,12.33,21.33,75.46,8.97,2.91,4.72
48.90,48.9,25/11/2025 13:17:30,-0.375,7.339,,15.8,826563.0,618291.0,984695.51,99.13,1198.60,2827.19,534.29,6782.70,289.99,41.58,38.19,1565.93,58.37,420.87,105.82,1829.89,63.57,82.90,25.82,107.39,43.66,65.79,27.78,63.91,20.35,1302.87,113.92,4.27,0.48,5.12,0.24,7.18,2.11,0.00,0.00,1.75,1.24,2.07,3.26,2.18,4.14,25.60,18.81,63.06,8.12,3.10,4.10,29598.73,164.38,1987.61,5341.87,1009.53,14510.48,620.39,95.28,87.51,3909.97,145.75,506.99,127.47,2560.40,88.95,138.31,43.08,191.72,77.95,96.16,40.60,91.83,29.23,1862.77,162.87,5.44,0.61,6.41,0.30,8.93,2.62,0.00,0.00,2.06,1.47,2.80,4.40,2.91,5.52,28.58,21.00,67.93,8.75,3.52,4.65
49.00,49.0,25/11/2025 13:18:15,-0.446,13.952,,15.8,816145.0,622128.0,986417.25,28.22,1239.40,2365.12,466.10,5804.19,255.53,42.12,36.82,1272.84,48.98,398.82,102.30,1798.82,62.50,88.28,26.35,133.25,43.34,67.99,27.87,82.06,20.84,1396.10,122.31,3.90,0.45,5.28,0.24,8.15,2.12,0.00,0.00,2.30,1.26,2.38,3.29,3.04,4.09,9.32,18.45,67.81,8.19,2.78,4.08,25921.52,46.79,2055.27,4468.81,880.67,12417.11,546.65,96.52,84.36,3178.16,122.31,480.42,123.23,2516.92,87.45,147.29,43.96,237.87,77.38,99.37,40.73,117.90,29.94,1996.07,174.87,4.96,0.58,6.60,0.30,10.14,2.63,0.00,0.00,2.72,1.49,3.21,4.45,4.05,5.45,10.40,20.60,73.05,8.82,3.15,4.63
49.10,49.1,25/11/2025 13:18:49,-0.538,4.369,1181243.008,15.8,809887.0,627435.0,987091.02,145.10,1186.45,1936.79,402.22,5476.62,243.66,17.78,34.09,1257.91,49.15,346.78,97.86,1823.64,62.51,72.42,24.03,91.47,43.22,52.90,25.41,54.01,19.78,1531.35,134.73,4.03,0.47,5.20,0.24,7.14,2.03,0.04,0.18,1.80,1.24,2.15,3.37,2.83,4.13,8.63,18.68,67.09,8.21,3.31,4.15,24510.94,240.62,1967.47,3659.50,759.99,11716.32,521.27,40.73,78.12,3140.89,122.72,417.73,117.88,2551.65,87.47,120.83,40.09,163.28,77.16,77.32,37.14,77.60,28.43,2189.43,192.63,5.13,0.59,6.51,0.30,8.88,2.53,0.05,0.23,2.13,1.47,2.90,4.55,3.77,5.50,9.64,20.85,72.27,8.85,3.76,4.71
49.20,49.2,25/11/2025 13:19:22,-0.279,6.416,,15.8,805931.0,631757.0,987906.76,97.05,1188.07,1851.33,390.90,5024.32,227.71,23.40,33.48,1270.45,49.75,218.87,85.72,1816.04,61.95,74.23,24.14,68.41,42.73,48.19,24.76,52.63,19.71,1440.99,126.51,4.19,0.48,5.05,0.23,7.62,2.09,0.00,0.00,2.02,1.23,1.44,3.33,1.98,4.09,12.80,18.65,68.77,8.20,3.46,4.10,23010.83,160.94,1970.16,3498.02,738.59,10748.71,487.15,53.62,76.71,3172.20,124.21,263.65,103.26,2541.01,86.69,123.86,40.28,122.12,76.29,70.43,36.19,75.61,28.32,2060.25,180.88,5.33,0.61,6.32,0.29,9.49,2.61,0.00,0.00,2.39,1.45,1.94,4.50,2.64,5.46,14.29,20.83,74.08,8.83,3.92,4.65
49.30,49.3,25/11/2025 13:19:55,-0.435,7.807,,15.8,804380.0,634817.0,988378.08,17.11,1204.11,1489.40,340.69,4822.55,220.30,10.16,32.39,1145.33,45.79,215.73,85.41,1825.24,61.73,136.35,32.12,83.64,42.71,48.75,24.81,58.01,19.94,1671.23,147.77,4.05,0.47,5.11,0.24,7.50,2.06,0.01,0.18,2.55,1.25,2.25,3.35,2.71,4.16,2.78,18.61,68.51,8.32,2.96,4.11,21888.05,28.37,1996.75,2814.16,643.72,10317.06,471.30,23.28,74.21,2859.77,114.34,259.87,102.88,2553.89,86.38,227.50,53.59,149.31,76.25,71.25,36.26,83.35,28.65,2389.43,211.27,5.15,0.60,6.39,0.30,9.34,2.57,0.01,0.24,3.02,1.48,3.04,4.52,3.62,5.55,3.11,20.77,73.80,8.96,3.36,4.66
49.40,49.4,25/11/2025 13:20:30,-0.707,7.676,,15.8,802157.0,636860.0,988517.89,50.53,1209.57,1592.15,350.58,4584.21,211.45,43.28,35.05,1153.68,45.83,221.13,85.66,1787.83,61.41,50.80,19.47,76.92,42.74,50.85,25.09,49.39,19.57,1709.27,151.28,4.49,0.49,5.18,0.24,10.02,2.16,0.00,0.00,2.02,1.23,2.82,3.39,1.78,4.12,12.62,18.58,68.09,8.18,5.04,4.15,21584.56,83.79,2005.79,3008.31,662.40,9807.16,452.37,99.16,80.30,2880.63,114.43,266.38,103.19,2501.55,85.92,84.76,32.49,137.31,76.30,74.32,36.67,70.97,28.12,2443.82,216.30,5.72,0.63,6.48,0.30,12.47,2.69,0.00,0.00,2.38,1.46,3.82,4.57,2.37,5.49,14.09,20.74,73.35,8.81,5.71,4.71
49.50,49.5,25/11/2025 13:21:14,-0.746,5.821,,15.8,799964.0,638028.0,988909.07,169.53,1153.39,1523.63,338.89,4324.76,202.06,23.20,32.20,1110.62,44.41,210.22,84.44,1730.33,60.74,107.21,28.96,119.26,43.09,49.09,24.70,66.26,20.10,1557.39,137.20,4.00,0.47,5.24,0.24,8.58,2.08,0.00,0.00,2.69,1.25,2.31,3.35,1.81,4.14,0.79,18.47,70.19,8.22,3.81,4.18,20809.94,281.13,1912.64,2878.84,640.33,9252.10,432.27,53.16,73.79,2773.12,110.90,253.24,101.71,2421.08,84.99,178.88,48.33,212.90,76.93,71.75,36.10,95.21,28.87,2226.67,196.17,5.09,0.60,6.56,0.30,10.68,2.59,0.00,0.00,3.19,1.47,3.11,4.53,2.41,5.52,0.88,20.62,75.61,8.86,4.32,4.74
49.60,49.6,25/11/2025 13:21:48,-1.169,13.296,1181237.189,15.8,797877.0,638827.0,989025.41,38.19,1128.37,1600.78,348.08,4376.16,203.28,6.73,30.84,1062.73,42.83,193.34,82.02,1800.66,61.36,109.83,29.01,68.58,42.39,53.06,25.39,68.76,20.23,1498.47,131.83,3.85,0.46,5.10,0.24,7.25,2.11,0.00,0.00,1.62,1.23,1.22,3.34,3.12,4.16,11.40,18.52,61.30,8.04,2.45,4.08,20605.36,63.34,1871.15,3024.60,657.69,9362.07,434.89,15.41,70.67,2653.52,106.93,232.90,98.81,2519.50,85.86,183.25,48.41,122.43,75.67,77.55,37.12,98.79,29.06,2142.43,188.49,4.90,0.59,6.38,0.30,9.02,2.62,0.00,0.00,1.92,1.46,1.64,4.51,4.16,5.55,12.73,20.67,66.03,8.66,2.78,4.62
49.70,49.7,25/11/2025 13:22:22,-1.734,13.558,,15.8,795472.0,642349.0,989075.46,82.94,1204.04,1431.00,327.23,4063.01,192.14,30.54,32.51,1099.59,43.22,380.87,98.59,1830.42,61.41,82.63,25.38,115.05,42.74,59.48,26.27,64.61,19.97,1583.20,139.53,4.17,0.48,5.08,0.24,7.46,2.10,0.00,0.00,2.04,1.25,3.69,3.33,3.00,4.21,6.63,18.33,66.26,8.17,2.89,4.16,20269.95,137.54,1996.63,2703.82,618.28,8692.14,411.04,69.98,74.50,2745.57,107.91,458.79,118.76,2561.14,85.92,137.87,42.34,205.38,76.30,86.94,38.39,92.83,28.69,2263.56,199.49,5.31,0.61,6.35,0.30,9.28,2.62,0.00,0.00,2.41,1.47,4.98,4.50,4.00,5.61,7.41,20.46,71.37,8.80,3.28,4.72
49.80,49.8,25/11/2025 13:22:57,-1.133,11.708,,15.8,795145.0,646115.0,989610.90,42.61,1151.05,1294.57,308.06,3968.56,188.78,32.78,32.25,1029.88,41.69,213.07,83.49,1823.48,61.23,101.75,28.12,76.71,42.28,38.03,23.15,61.02,19.88,1604.06,141.56,4.05,0.47,4.97,0.23,8.64,2.13,0.00,0.00,2.32,1.26,1.84,3.35,1.62,4.17,4.76,18.42,70.81,8.30,3.59,4.08,19320.01,70.65,1908.75,2446.04,582.07,8490.07,403.86,75.11,73.89,2571.50,104.11,256.66,100.57,2551.42,85.67,169.77,46.92,136.95,75.47,55.58,33.84,87.67,28.56,2293.39,202.39,5.15,0.60,6.22,0.29,10.76,2.66,0.00,0.00,2.74,1.49,2.49,4.53,2.16,5.56,5.31,20.57,76.27,8.94,4.07,4.63
49.90,49.9,25/11/2025 13:23:31,-0.992,13.558,,15.8,796159.0,646013.0,989515.54,103.36,1160.56,1379.63,315.38,3854.59,184.36,18.15,31.12,1013.85,41.15,258.58,88.03,1794.74,61.01,62.35,21.82,87.44,42.39,46.85,24.32,55.32,19.70,1706.50,151.09,4.11,0.47,5.01,0.23,6.73,2.08,0.00,0.00,2.47,1.26,1.93,3.37,1.97,4.18,10.55,18.37,66.80,8.18,3.53,4.10,19383.92,171.40,1924.53,2606.76,595.90,8246.26,394.41,41.59,71.31,2531.49,102.76,311.49,106.04,2511.21,85.36,104.03,36.40,156.09,75.68,68.47,35.55,79.49,28.30,2439.86,216.03,5.24,0.60,6.27,0.29,8.37,2.59,0.00,0.00,2.92,1.49,2.61,4.55,2.62,5.57,11.78,20.51,71.96,8.82,4.00,4.65
50.00,50.0,25/11/2025 13:24:15,-2.016,10.910,,15.8,796527.0,649105.0,989461.45,107.72,1131.18,1428.28,321.61,3913.84,186.21,15.94,30.59,1010.03,40.81,190.96,81.20,1814.70,61.30,76.24,24.41,73.76,42.50,25.06,21.81,53.09,19.68,1726.89,153.02,4.24,0.48,5.24,0.24,9.31,2.15,0.00,0.00,2.29,1.27,2.41,3.37,2.12,4.20,10.24,18.51,61.99,8.06,4.21,4.18,19534.07,178.62,1875.80,2698.68,607.68,8373.02,398.37,36.51,70.09,2521.96,101.89,230.03,97.81,2539.14,85.78,127.20,40.72,131.67,75.88,36.63,31.88,76.28,28.28,2469.01,218.77,5.40,0.61,6.55,0.30,11.58,2.67,0.00,0.00,2.71,1.50,3.25,4.55,2.82,5.61,11.44,20.67,66.78,8.68,4.78,4.74
50.10,50.1,25/11/2025 13:24:50,-2.138,0.995,1181245.255,15.8,794246.0,648863.0,989343.36,109.93,1070.70,1527.00,333.91,3883.97,185.16,27.94,31.49,983.93,40.03,232.87,85.30,1802.30,61.10,109.45,29.19,49.71,42.22,32.19,22.59,51.96,19.69,1746.32,154.85,3.94,0.47,5.23,0.24,9.15,2.15,0.00,0.00,2.75,1.26,4.35,3.41,1.54,4.21,0.00,0.00,69.30,8.36,2.82,4.06,19701.54,182.29,1775.51,2885.20,630.90,8309.10,396.11,64.02,72.16,2456.78,99.95,280.51,102.75,2521.79,85.49,182.61,48.70,88.75,75.37,47.05,33.02,74.65,28.30,2496.80,221.40,5.01,0.60,6.55,0.30,11.38,2.68,0.00,0.00,3.25,1.49,5.88,4.61,2.05,5.62,0.00,0.00,74.66,9.01,3.20,4.60
50.20,50.2,25/11/2025 13:25:24,-1.993,5.890,,15.8,794072.0,651079.0,989679.73,58.76,1142.40,1191.73,292.15,3686.96,178.21,32.81,31.59,993.15,39.64,291.04,89.70,1788.05,60.85,81.79,25.16,97.10,42.26,66.79,27.38,0.66,0.15,1920.13,170.91,4.30,0.49,5.14,0.24,11.53,2.27,0.00,0.00,2.59,1.25,2.55,3.40,3.04,4.26,10.63,18.23,69.35,8.17,2.15,4.13,18923.76,97.43,1894.41,2251.73,552.00,7887.63,381.25,75.19,72.38,2479.79,98.98,350.59,108.05,2501.85,85.14,136.46,41.99,173.35,75.43,97.62,40.01,0.95,0.21,2745.30,244.36,5.47,0.62,6.43,0.30,14.36,2.83,0.00,0.00,3.07,1.48,3.45,4.59,4.05,5.68,11.87,20.35,74.71,8.80,2.44,4.69
50.30,50.3,25/11/2025 13:25:57,-1.920,-1.189,,15.8,795593.0,652410.0,989712.59,132.90,1181.67,1292.96,307.43,3740.36,180.67,19.40,30.82,979.51,39.95,214.13,83.47,1770.94,60.77,83.75,25.55,31.45,41.92,44.06,24.01,53.63,19.63,1816.51,161.45,3.82,0.47,4.92,0.23,15.91,2.95,0.00,0.00,2.60,1.24,1.44,3.41,2.96,4.26,6.45,18.48,66.44,8.20,3.26,4.08,18948.06,220.39,1959.53,2443.00,580.88,8001.89,386.52,44.46,70.62,2445.74,99.75,257.94,100.55,2477.91,85.03,139.73,42.63,56.15,74.83,64.39,35.09,77.06,28.20,2597.15,230.83,4.87,0.59,6.15,0.29,19.80,3.67,0.00,0.00,3.07,1.47,1.94,4.60,3.95,5.69,7.20,20.63,71.57,8.83,3.70,4.63
50.40,50.4,25/11/2025 13:26:31,-1.926,-1.384,,15.7,795119.0,655527.0,989489.86,205.69,1106.26,1338.36,309.31,3695.62,178.18,28.75,30.96,968.38,38.76,249.55,85.30,1820.13,61.10,42.02,17.13,117.42,42.75,38.48,23.09,55.36,19.70,1820.41,161.74,3.68,0.46,4.98,0.24,31.03,5.05,0.00,0.00,3.42,1.26,2.57,3.44,1.39,4.25,9.25,18.31,69.03,8.19,4.61,4.14,19274.30,341.09,1834.48,2528.78,584.42,7906.17,381.18,65.87,70.94,2417.96,96.79,300.60,102.75,2546.74,85.49,70.11,28.58,209.62,76.32,56.24,33.75,79.55,28.30,2602.73,231.25,4.68,0.58,6.23,0.29,38.62,6.28,0.00,0.00,4.04,1.49,3.48,4.65,1.85,5.67,10.33,20.44,74.36,8.83,5.23,4.70
50.50,50.5,25/11/2025 13:27:15,-2.088,4.369,,15.7,798153.0,657094.0,989575.72,109.42,1130.41,1310.02,307.08,3813.23,182.82,23.28,30.60,970.88,39.36,187.86,80.90,1782.26,60.96,84.50,26.02,30.51,42.32,34.77,22.91,63.15,20.07,1881.12,167.56,4.29,0.49,4.77,0.23,43.72,6.72,0.00,0.00,1.92,1.25,3.04,3.44,1.84,4.26,0.76,18.66,69.15,8.31,3.81,4.17,19192.88,181.45,1874.53,2475.24,580.21,8157.77,391.12,53.34,70.12,2424.19,98.29,226.30,97.45,2493.74,85.30,140.99,43.41,54.47,75.54,50.82,33.48,90.73,28.84,2689.52,239.57,5.46,0.63,5.97,0.29,54.42,8.37,0.00,0.00,2.26,1.48,4.11,4.65,2.45,5.68,0.85,20.83,74.49,8.96,4.32,4.73
50.60,50.6,25/11/2025 13:27:49,-2.437,5.557,1181246.449,15.9,773266.0,623631.0,990162.07,65.11,1130.33,1163.98,285.87,3724.61,178.93,33.54,31.72,832.52,34.69,324.05,91.76,1685.17,59.25,68.30,22.37,143.25,42.22,60.83,26.13,58.93,19.37,1318.16,115.08,3.89,0.45,5.01,0.23,258.26,34.80,0.00,0.00,2.25,1.24,2.73,3.27,3.67,4.02,14.20,17.88,65.61,8.10,3.86,4.09,18042.02,107.97,1874.40,2199.30,540.14,7968.19,382.79,76.84,72.68,2078.73,86.62,390.35,110.53,2357.90,82.90,113.97,37.32,255.73,75.38,88.91,38.20,84.68,27.84,1884.64,164.54,4.95,0.58,6.27,0.29,321.46,43.32,0.00,0.00,2.66,1.47,3.68,4.41,4.90,5.36,15.85,19.96,70.67,8.72,4.38,4.64
50.70,50.7,25/11/2025 13:28:23,-1.849,-2.845,,16.0,771857.0,621548.0,990268.18,82.48,1137.22,1201.12,290.30,3658.44,176.58,19.93,30.60,856.05,35.69,219.58,82.65,1707.47,59.09,56.31,20.27,69.56,41.44,48.32,24.23,47.44,19.00,1340.14,117.10,3.38,0.44,5.15,0.24,338.92,45.97,0.04,0.17,1.78,1.24,0.86,3.24,3.77,4.02,3.09,18.06,64.16,8.04,3.85,4.11,17860.47,136.78,1885.82,2269.47,548.51,7826.63,377.76,45.66,70.11,2137.49,89.11,264.51,99.56,2389.10,82.68,93.96,33.82,124.18,73.97,70.62,35.42,68.16,27.29,1916.05,167.43,4.30,0.56,6.44,0.30,421.86,57.22,0.05,0.23,2.10,1.46,1.17,4.38,5.03,5.36,3.45,20.16,69.11,8.66,4.36,4.67
50.80,50.8,25/11/2025 13:28:56,-1.638,-2.713,,15.9,774663.0,625163.0,989668.09,192.25,1114.64,1372.30,312.33,3746.66,179.78,18.89,30.32,908.08,37.38,173.48,78.13,1686.46,59.26,97.23,27.06,65.66,41.47,44.99,23.74,77.37,20.12,1462.17,128.13,3.91,0.46,5.05,0.24,393.45,53.50,0.00,0.00,1.62,1.24,2.66,3.31,2.57,4.03,6.48,18.13,68.14,8.19,2.48,4.10,18946.74,318.80,1848.39,2592.91,590.14,8015.35,384.60,43.28,69.47,2267.40,93.34,208.98,94.11,2359.70,82.92,162.22,45.15,117.22,74.04,65.76,34.70,111.17,28.92,2090.53,183.19,4.98,0.59,6.32,0.30,489.74,66.59,0.00,0.00,1.91,1.47,3.59,4.47,3.43,5.37,7.24,20.24,73.41,8.82,2.81,4.65
50.90,50.9,25/11/2025 13:29:30,-1.980,-5.687,,16.0,773038.0,621880.0,989899.13,48.31,1164.62,1217.23,294.07,3714.72,178.81,26.70,30.84,815.62,33.89,378.86,97.21,1702.06,59.26,30.75,13.60,89.89,41.48,59.60,25.94,65.45,19.58,1450.48,127.09,3.90,0.46,14.43,0.74,388.50,52.76,0.00,0.00,2.01,1.20,2.87,3.30,3.09,4.05,15.12,17.92,66.98,8.22,4.27,4.13,18340.30,80.11,1931.27,2299.91,555.63,7947.04,382.53,61.18,70.66,2036.53,84.61,456.38,117.09,2381.54,82.92,51.31,22.70,160.47,74.04,87.12,37.91,94.04,28.14,2073.82,181.70,4.97,0.58,18.07,0.93,483.57,65.67,0.00,0.00,2.38,1.42,3.88,4.45,4.12,5.40,16.88,20.00,72.16,8.86,4.85,4.68
