Exported at 26/11/2025 15:05:43, , , , , , , , , , , , , , , , , , , , , , , , , , , , , , , , , , , , , , , , , , , , , , , , , , , , , , , , , , , , , , , , , , , , , , , , , , , , , , , , , , , , , , , , , , , , , , , , , , 
Core ID:,Archive TL09-A-20m, , , , , , , , , , , , , , , , , , , , , , , , , , , , , , , , , , , , , , , , , , , , , , , , , , , , , , , , , , , , , , , , , , , , , , , , , , , , , , , , , , , , , , , , , , , , , , , , , 
Comments:,, , , , , , , , , , , , , , , , , , , , , , , , , , , , , , , , , , , , , , , , , , , , , , , , , , , , , , , , , , , , , , , , , , , , , , , , , , , , , , , , , , , , , , , , , , , , , , , , , 
XRF Measurement Mode:,He - 15x1mm, , , , , , , , , , , , , , , , , , , , , , , , , , , , , , , , , , , , , , , , , , , , , , , , , , , , , , , , , , , , , , , , , , , , , , , , , , , , , , , , , , , , , , , , , , , , , , , , , 
Depth,Depth In Core,Time Stamp,Laser Profiler,Magnetic Susceptibility,Mag Sus in Air,XRF Total Live Time,XRF Total Counts,,XRF Elements(ppm), , , , , , , , , , , , , , , , , , , , , , , , , , , , , , , , , , , , , , , , , , , , ,XRF Oxides(ppm), , , , , , , , , , , , , , , , , , , , , , , , , , , , , , , , , , , , , , , , , , , , 
cm,cm,,mm,x10^-5 SI,x10^-5 SI,Seconds,Beam 1,Beam 2,LE (Value),Mg (Value),Mg (Error),Al (Value),Al (Error),Si (Value),Si (Error),P (Value),P (Error),S (Value),S (Error),K (Value),K (Error),Ca (Value),Ca (Error),Ti (Value),Ti (Error),V (Value),V (Error),Cr (Value),Cr (Error),Mn (Value),Mn (Error),Fe (Value),Fe (Error),Ni (Value),Ni (Error),Cu (Value),Cu (Error),Zn (Value),Zn (Error),As (Value),As (Error),Sr (Value),Sr (Error),Zr (Value),Zr (Error),Mo (Value),Mo (Error),Ba (Value),Ba (Error),Pb (Value),Pb (Error),U (Value),U (Error),LE (Value),MgO (Value),MgO (Error),Al2O3 (Value),Al2O3 (Error),SiO2 (Value),SiO2 (Error),P2O5 (Value),P2O5 (Error),SO3 (Value),SO3 (Error),K2O (Value),K2O (Error),CaO (Value),CaO (Error),TiO2 (Value),TiO2 (Error),V2O5 (Value),V2O5 (Error),Cr2O3 (Value),Cr2O3 (Error),Mn2O3 (Value),Mn2O3 (Error),Fe2O3 (Value),Fe2O3 (Error),NiO (Value),NiO (Error),CuO (Value),CuO (Error),ZnO (Value),ZnO (Error),As2O3 (Value),As2O3 (Error),SrO (Value),SrO (Error),ZrO2 (Value),ZrO2 (Error),MoO2 (Value),MoO2 (Error),BaO (Value),BaO (Error),PbO (Value),PbO (Error),UO2 (Value),UO2 (Error)
0.00,0.0,26/11/2025 09:34:28*,27.438, , , , , , , , , , , , , , , , , , , , , , , , , , , , , , , , , , , , , , , , , , , , , , , , , , , , , , , , , , , , , , , , , , , , , , , , , , , , , , , , , , , , , , , , , , , , , , , 
0.11,0.1,26/11/2025 09:34:28*,27.442, , , , , , , , , , , , , , , , , , , , , , , , , , , , , , , , , , , , , , , , , , , , , , , , , , , , , , , , , , , , , , , , , , , , , , , , , , , , , , , , , , , , , , , , , , , , , , , 
0.20,0.2,26/11/2025 09:34:28*,27.443, , , , , , , , , , , , , , , , , , , , , , , , , , , , , , , , , , , , , , , , , , , , , , , , , , , , , , , , , , , , , , , , , , , , , , , , , , , , , , , , , , , , , , , , , , , , , , , 
0.30,0.3,26/11/2025 09:34:28*,20.655, , , , , , , , , , , , , , , , , , , , , , , , , , , , , , , , , , , , , , , , , , , , , , , , , , , , , , , , , , , , , , , , , , , , , , , , , , , , , , , , , , , , , , , , , , , , , , , 
0.40,0.4,26/11/2025 09:34:28*,-28.660, , , , , , , , , , , , , , , , , , , , , , , , , , , , , , , , , , , , , , , , , , , , , , , , , , , , , , , , , , , , , , , , , , , , , , , , , , , , , , , , , , , , , , , , , , , , , , , 
0.50,0.5,26/11/2025 09:34:28*,2.389, , , , , , , , , , , , , , , , , , , , , , , , , , , , , , , , , , , , , , , , , , , , , , , , , , , , , , , , , , , , , , , , , , , , , , , , , , , , , , , , , , , , , , , , , , , , , , , 
0.60,0.6,26/11/2025 09:34:28*,1.703, , , , , , , , , , , , , , , , , , , , , , , , , , , , , , , , , , , , , , , , , , , , , , , , , , , , , , , , , , , , , , , , , , , , , , , , , , , , , , , , , , , , , , , , , , , , , , , 
0.70,0.7,26/11/2025 09:34:28*,1.351, , , , , , , , , , , , , , , , , , , , , , , , , , , , , , , , , , , , , , , , , , , , , , , , , , , , , , , , , , , , , , , , , , , , , , , , , , , , , , , , , , , , , , , , , , , , , , , 
0.80,0.8,26/11/2025 09:34:28*,1.387, , , , , , , , , , , , , , , , , , , , , , , , , , , , , , , , , , , , , , , , , , , , , , , , , , , , , , , , , , , , , , , , , , , , , , , , , , , , , , , , , , , , , , , , , , , , , , , 
0.90,0.9,26/11/2025 09:34:28*,1.090, , , , , , , , , , , , , , , , , , , , , , , , , , , , , , , , , , , , , , , , , , , , , , , , , , , , , , , , , , , , , , , , , , , , , , , , , , , , , , , , , , , , , , , , , , , , , , , 
1.00,1.0,26/11/2025 09:34:28*,0.732, , , , , , , , , , , , , , , , , , , , , , , , , , , , , , , , , , , , , , , , , , , , , , , , , , , , , , , , , , , , , , , , , , , , , , , , , , , , , , , , , , , , , , , , , , , , , , , 
1.10,1.1,26/11/2025 09:34:28*,0.593, , , , , , , , , , , , , , , , , , , , , , , , , , , , , , , , , , , , , , , , , , , , , , , , , , , , , , , , , , , , , , , , , , , , , , , , , , , , , , , , , , , , , , , , , , , , , , , 
1.20,1.2,26/11/2025 09:34:28*,0.518, , , , , , , , , , , , , , , , , , , , , , , , , , , , , , , , , , , , , , , , , , , , , , , , , , , , , , , , , , , , , , , , , , , , , , , , , , , , , , , , , , , , , , , , , , , , , , , 
1.30,1.3,26/11/2025 09:34:28*,0.495, , , , , , , , , , , , , , , , , , , , , , , , , , , , , , , , , , , , , , , , , , , , , , , , , , , , , , , , , , , , , , , , , , , , , , , , , , , , , , , , , , , , , , , , , , , , , , , 
1.40,1.4,26/11/2025 09:34:28*,0.604, , , , , , , , , , , , , , , , , , , , , , , , , , , , , , , , , , , , , , , , , , , , , , , , , , , , , , , , , , , , , , , , , , , , , , , , , , , , , , , , , , , , , , , , , , , , , , , 
1.50,1.5,26/11/2025 09:34:28*,1.220, , , , , , , , , , , , , , , , , , , , , , , , , , , , , , , , , , , , , , , , , , , , , , , , , , , , , , , , , , , , , , , , , , , , , , , , , , , , , , , , , , , , , , , , , , , , , , , 
1.60,1.6,26/11/2025 09:34:28*,1.515, , , , , , , , , , , , , , , , , , , , , , , , , , , , , , , , , , , , , , , , , , , , , , , , , , , , , , , , , , , , , , , , , , , , , , , , , , , , , , , , , , , , , , , , , , , , , , , 
1.70,1.7,26/11/2025 09:34:28*,1.030, , , , , , , , , , , , , , , , , , , , , , , , , , , , , , , , , , , , , , , , , , , , , , , , , , , , , , , , , , , , , , , , , , , , , , , , , , , , , , , , , , , , , , , , , , , , , , , 
1.80,1.8,26/11/2025 09:34:28*,0.627, , , , , , , , , , , , , , , , , , , , , , , , , , , , , , , , , , , , , , , , , , , , , , , , , , , , , , , , , , , , , , , , , , , , , , , , , , , , , , , , , , , , , , , , , , , , , , , 
1.90,1.9,26/11/2025 09:34:28*,0.887, , , , , , , , , , , , , , , , , , , , , , , , , , , , , , , , , , , , , , , , , , , , , , , , , , , , , , , , , , , , , , , , , , , , , , , , , , , , , , , , , , , , , , , , , , , , , , , 
2.00,2.0,26/11/2025 09:34:28*,0.882, , , , , , , , , , , , , , , , , , , , , , , , , , , , , , , , , , , , , , , , , , , , , , , , , , , , , , , , , , , , , , , , , , , , , , , , , , , , , , , , , , , , , , , , , , , , , , , 
2.11,2.1,26/11/2025 09:34:28*,0.339, , , , , , , , , , , , , , , , , , , , , , , , , , , , , , , , , , , , , , , , , , , , , , , , , , , , , , , , , , , , , , , , , , , , , , , , , , , , , , , , , , , , , , , , , , , , , , , 
2.21,2.2,26/11/2025 09:34:28*,-0.203, , , , , , , , , , , , , , , , , , , , , , , , , , , , , , , , , , , , , , , , , , , , , , , , , , , , , , , , , , , , , , , , , , , , , , , , , , , , , , , , , , , , , , , , , , , , , , , 
2.31,2.3,26/11/2025 09:34:28*,-0.330, , , , , , , , , , , , , , , , , , , , , , , , , , , , , , , , , , , , , , , , , , , , , , , , , , , , , , , , , , , , , , , , , , , , , , , , , , , , , , , , , , , , , , , , , , , , , , , 
2.41,2.4,26/11/2025 09:34:28*,-0.487, , , , , , , , , , , , , , , , , , , , , , , , , , , , , , , , , , , , , , , , , , , , , , , , , , , , , , , , , , , , , , , , , , , , , , , , , , , , , , , , , , , , , , , , , , , , , , , 
2.51,2.5,26/11/2025 09:34:28*,-0.490, , , , , , , , , , , , , , , , , , , , , , , , , , , , , , , , , , , , , , , , , , , , , , , , , , , , , , , , , , , , , , , , , , , , , , , , , , , , , , , , , , , , , , , , , , , , , , , 
2.61,2.6,26/11/2025 09:34:28*,-0.594, , , , , , , , , , , , , , , , , , , , , , , , , , , , , , , , , , , , , , , , , , , , , , , , , , , , , , , , , , , , , , , , , , , , , , , , , , , , , , , , , , , , , , , , , , , , , , , 
2.71,2.7,26/11/2025 09:34:28*,-0.669, , , , , , , , , , , , , , , , , , , , , , , , , , , , , , , , , , , , , , , , , , , , , , , , , , , , , , , , , , , , , , , , , , , , , , , , , , , , , , , , , , , , , , , , , , , , , , , 
2.81,2.8,26/11/2025 09:34:28*,-0.608, , , , , , , , , , , , , , , , , , , , , , , , , , , , , , , , , , , , , , , , , , , , , , , , , , , , , , , , , , , , , , , , , , , , , , , , , , , , , , , , , , , , , , , , , , , , , , , 
2.91,2.9,26/11/2025 09:34:28*,-0.695, , , , , , , , , , , , , , , , , , , , , , , , , , , , , , , , , , , , , , , , , , , , , , , , , , , , , , , , , , , , , , , , , , , , , , , , , , , , , , , , , , , , , , , , , , , , , , , 
3.01,3.0,26/11/2025 09:34:28*,-0.768, , , , , , , , , , , , , , , , , , , , , , , , , , , , , , , , , , , , , , , , , , , , , , , , , , , , , , , , , , , , , , , , , , , , , , , , , , , , , , , , , , , , , , , , , , , , , , , 
3.11,3.1,26/11/2025 09:34:28*,-0.842, , , , , , , , , , , , , , , , , , , , , , , , , , , , , , , , , , , , , , , , , , , , , , , , , , , , , , , , , , , , , , , , , , , , , , , , , , , , , , , , , , , , , , , , , , , , , , , 
3.21,3.2,26/11/2025 09:34:28*,-0.861, , , , , , , , , , , , , , , , , , , , , , , , , , , , , , , , , , , , , , , , , , , , , , , , , , , , , , , , , , , , , , , , , , , , , , , , , , , , , , , , , , , , , , , , , , , , , , , 
3.31,3.3,26/11/2025 09:34:28*,-0.811, , , , , , , , , , , , , , , , , , , , , , , , , , , , , , , , , , , , , , , , , , , , , , , , , , , , , , , , , , , , , , , , , , , , , , , , , , , , , , , , , , , , , , , , , , , , , , , 
3.41,3.4,26/11/2025 09:34:28*,-0.954, , , , , , , , , , , , , , , , , , , , , , , , , , , , , , , , , , , , , , , , , , , , , , , , , , , , , , , , , , , , , , , , , , , , , , , , , , , , , , , , , , , , , , , , , , , , , , , 
3.51,3.5,26/11/2025 09:34:28*,-0.930, , , , , , , , , , , , , , , , , , , , , , , , , , , , , , , , , , , , , , , , , , , , , , , , , , , , , , , , , , , , , , , , , , , , , , , , , , , , , , , , , , , , , , , , , , , , , , , 
3.61,3.6,26/11/2025 09:34:28*,-0.889, , , , , , , , , , , , , , , , , , , , , , , , , , , , , , , , , , , , , , , , , , , , , , , , , , , , , , , , , , , , , , , , , , , , , , , , , , , , , , , , , , , , , , , , , , , , , , , 
3.71,3.7,26/11/2025 09:34:28*,-1.009, , , , , , , , , , , , , , , , , , , , , , , , , , , , , , , , , , , , , , , , , , , , , , , , , , , , , , , , , , , , , , , , , , , , , , , , , , , , , , , , , , , , , , , , , , , , , , , 
3.81,3.8,26/11/2025 09:34:28*,-1.020, , , , , , , , , , , , , , , , , , , , , , , , , , , , , , , , , , , , , , , , , , , , , , , , , , , , , , , , , , , , , , , , , , , , , , , , , , , , , , , , , , , , , , , , , , , , , , , 
3.91,3.9,26/11/2025 09:34:28*,-1.060, , , , , , , , , , , , , , , , , , , , , , , , , , , , , , , , , , , , , , , , , , , , , , , , , , , , , , , , , , , , , , , , , , , , , , , , , , , , , , , , , , , , , , , , , , , , , , , 
4.01,4.0,26/11/2025 09:34:28*,-1.045, , , , , , , , , , , , , , , , , , , , , , , , , , , , , , , , , , , , , , , , , , , , , , , , , , , , , , , , , , , , , , , , , , , , , , , , , , , , , , , , , , , , , , , , , , , , , , , 
4.11,4.1,26/11/2025 09:34:28*,-1.121, , , , , , , , , , , , , , , , , , , , , , , , , , , , , , , , , , , , , , , , , , , , , , , , , , , , , , , , , , , , , , , , , , , , , , , , , , , , , , , , , , , , , , , , , , , , , , , 
4.21,4.2,26/11/2025 09:34:28*,-1.073, , , , , , , , , , , , , , , , , , , , , , , , , , , , , , , , , , , , , , , , , , , , , , , , , , , , , , , , , , , , , , , , , , , , , , , , , , , , , , , , , , , , , , , , , , , , , , , 
4.31,4.3,26/11/2025 09:34:28*,-1.117, , , , , , , , , , , , , , , , , , , , , , , , , , , , , , , , , , , , , , , , , , , , , , , , , , , , , , , , , , , , , , , , , , , , , , , , , , , , , , , , , , , , , , , , , , , , , , , 
4.41,4.4,26/11/2025 09:34:28*,-1.206, , , , , , , , , , , , , , , , , , , , , , , , , , , , , , , , , , , , , , , , , , , , , , , , , , , , , , , , , , , , , , , , , , , , , , , , , , , , , , , , , , , , , , , , , , , , , , , 
4.51,4.5,26/11/2025 09:34:28*,-1.164, , , , , , , , , , , , , , , , , , , , , , , , , , , , , , , , , , , , , , , , , , , , , , , , , , , , , , , , , , , , , , , , , , , , , , , , , , , , , , , , , , , , , , , , , , , , , , , 
4.61,4.6,26/11/2025 09:34:28*,-1.385, , , , , , , , , , , , , , , , , , , , , , , , , , , , , , , , , , , , , , , , , , , , , , , , , , , , , , , , , , , , , , , , , , , , , , , , , , , , , , , , , , , , , , , , , , , , , , , 
4.71,4.7,26/11/2025 09:34:28*,-1.437, , , , , , , , , , , , , , , , , , , , , , , , , , , , , , , , , , , , , , , , , , , , , , , , , , , , , , , , , , , , , , , , , , , , , , , , , , , , , , , , , , , , , , , , , , , , , , , 
4.81,4.8,26/11/2025 09:34:28*,-1.523, , , , , , , , , , , , , , , , , , , , , , , , , , , , , , , , , , , , , , , , , , , , , , , , , , , , , , , , , , , , , , , , , , , , , , , , , , , , , , , , , , , , , , , , , , , , , , , 
4.91,4.9,26/11/2025 09:34:28*,-1.501, , , , , , , , , , , , , , , , , , , , , , , , , , , , , , , , , , , , , , , , , , , , , , , , , , , , , , , , , , , , , , , , , , , , , , , , , , , , , , , , , , , , , , , , , , , , , , , 
5.01,5.0,26/11/2025 09:34:28*,-1.575, , , , , , , , , , , , , , , , , , , , , , , , , , , , , , , , , , , , , , , , , , , , , , , , , , , , , , , , , , , , , , , , , , , , , , , , , , , , , , , , , , , , , , , , , , , , , , , 
5.11,5.1,26/11/2025 09:34:28*,-1.565, , , , , , , , , , , , , , , , , , , , , , , , , , , , , , , , , , , , , , , , , , , , , , , , , , , , , , , , , , , , , , , , , , , , , , , , , , , , , , , , , , , , , , , , , , , , , , , 
5.21,5.2,26/11/2025 09:34:28*,-1.623, , , , , , , , , , , , , , , , , , , , , , , , , , , , , , , , , , , , , , , , , , , , , , , , , , , , , , , , , , , , , , , , , , , , , , , , , , , , , , , , , , , , , , , , , , , , , , , 
5.31,5.3,26/11/2025 09:34:28*,-1.615, , , , , , , , , , , , , , , , , , , , , , , , , , , , , , , , , , , , , , , , , , , , , , , , , , , , , , , , , , , , , , , , , , , , , , , , , , , , , , , , , , , , , , , , , , , , , , , 
5.41,5.4,26/11/2025 09:34:28*,-1.658, , , , , , , , , , , , , , , , , , , , , , , , , , , , , , , , , , , , , , , , , , , , , , , , , , , , , , , , , , , , , , , , , , , , , , , , , , , , , , , , , , , , , , , , , , , , , , , 
5.51,5.5,26/11/2025 09:34:28*,-1.710, , , , , , , , , , , , , , , , , , , , , , , , , , , , , , , , , , , , , , , , , , , , , , , , , , , , , , , , , , , , , , , , , , , , , , , , , , , , , , , , , , , , , , , , , , , , , , , 
5.61,5.6,26/11/2025 09:34:28*,-1.634, , , , , , , , , , , , , , , , , , , , , , , , , , , , , , , , , , , , , , , , , , , , , , , , , , , , , , , , , , , , , , , , , , , , , , , , , , , , , , , , , , , , , , , , , , , , , , , 
5.71,5.7,26/11/2025 09:34:28*,-1.568, , , , , , , , , , , , , , , , , , , , , , , , , , , , , , , , , , , , , , , , , , , , , , , , , , , , , , , , , , , , , , , , , , , , , , , , , , , , , , , , , , , , , , , , , , , , , , , 
5.81,5.8,26/11/2025 09:34:28*,-1.587, , , , , , , , , , , , , , , , , , , , , , , , , , , , , , , , , , , , , , , , , , , , , , , , , , , , , , , , , , , , , , , , , , , , , , , , , , , , , , , , , , , , , , , , , , , , , , , 
5.91,5.9,26/11/2025 09:34:28*,-1.306, , , , , , , , , , , , , , , , , , , , , , , , , , , , , , , , , , , , , , , , , , , , , , , , , , , , , , , , , , , , , , , , , , , , , , , , , , , , , , , , , , , , , , , , , , , , , , , 
6.01,6.0,26/11/2025 09:34:28*,-0.749, , , , , , , , , , , , , , , , , , , , , , , , , , , , , , , , , , , , , , , , , , , , , , , , , , , , , , , , , , , , , , , , , , , , , , , , , , , , , , , , , , , , , , , , , , , , , , , 
6.11,6.1,26/11/2025 09:34:28*,-1.003, , , , , , , , , , , , , , , , , , , , , , , , , , , , , , , , , , , , , , , , , , , , , , , , , , , , , , , , , , , , , , , , , , , , , , , , , , , , , , , , , , , , , , , , , , , , , , , 
6.21,6.2,26/11/2025 09:34:28*,-1.213, , , , , , , , , , , , , , , , , , , , , , , , , , , , , , , , , , , , , , , , , , , , , , , , , , , , , , , , , , , , , , , , , , , , , , , , , , , , , , , , , , , , , , , , , , , , , , , 
6.31,6.3,26/11/2025 09:34:28*,-0.969, , , , , , , , , , , , , , , , , , , , , , , , , , , , , , , , , , , , , , , , , , , , , , , , , , , , , , , , , , , , , , , , , , , , , , , , , , , , , , , , , , , , , , , , , , , , , , , 
6.41,6.4,26/11/2025 09:34:28*,-0.842, , , , , , , , , , , , , , , , , , , , , , , , , , , , , , , , , , , , , , , , , , , , , , , , , , , , , , , , , , , , , , , , , , , , , , , , , , , , , , , , , , , , , , , , , , , , , , , 
6.51,6.5,26/11/2025 09:34:28*,-14.528, , , , , , , , , , , , , , , , , , , , , , , , , , , , , , , , , , , , , , , , , , , , , , , , , , , , , , , , , , , , , , , , , , , , , , , , , , , , , , , , , , , , , , , , , , , , , , , 
6.61,6.6,26/11/2025 09:34:28*,-25.996, , , , , , , , , , , , , , , , , , , , , , , , , , , , , , , , , , , , , , , , , , , , , , , , , , , , , , , , , , , , , , , , , , , , , , , , , , , , , , , , , , , , , , , , , , , , , , , 
6.71,6.7,26/11/2025 09:34:28*,-8.432, , , , , , , , , , , , , , , , , , , , , , , , , , , , , , , , , , , , , , , , , , , , , , , , , , , , , , , , , , , , , , , , , , , , , , , , , , , , , , , , , , , , , , , , , , , , , , , 
6.81,6.8,26/11/2025 09:34:28*,1.165, , , , , , , , , , , , , , , , , , , , , , , , , , , , , , , , , , , , , , , , , , , , , , , , , , , , , , , , , , , , , , , , , , , , , , , , , , , , , , , , , , , , , , , , , , , , , , , 
6.91,6.9,26/11/2025 09:34:28*,-0.228, , , , , , , , , , , , , , , , , , , , , , , , , , , , , , , , , , , , , , , , , , , , , , , , , , , , , , , , , , , , , , , , , , , , , , , , , , , , , , , , , , , , , , , , , , , , , , , 
7.01,7.0,26/11/2025 09:34:28*,0.076, , , , , , , , , , , , , , , , , , , , , , , , , , , , , , , , , , , , , , , , , , , , , , , , , , , , , , , , , , , , , , , , , , , , , , , , , , , , , , , , , , , , , , , , , , , , , , , 
7.11,7.1,26/11/2025 09:34:28*,0.208, , , , , , , , , , , , , , , , , , , , , , , , , , , , , , , , , , , , , , , , , , , , , , , , , , , , , , , , , , , , , , , , , , , , , , , , , , , , , , , , , , , , , , , , , , , , , , , 
7.21,7.2,26/11/2025 09:34:28*,0.188, , , , , , , , , , , , , , , , , , , , , , , , , , , , , , , , , , , , , , , , , , , , , , , , , , , , , , , , , , , , , , , , , , , , , , , , , , , , , , , , , , , , , , , , , , , , , , , 
7.31,7.3,26/11/2025 09:34:28*,0.472, , , , , , , , , , , , , , , , , , , , , , , , , , , , , , , , , , , , , , , , , , , , , , , , , , , , , , , , , , , , , , , , , , , , , , , , , , , , , , , , , , , , , , , , , , , , , , , 
7.41,7.4,26/11/2025 09:34:28*,0.485, , , , , , , , , , , , , , , , , , , , , , , , , , , , , , , , , , , , , , , , , , , , , , , , , , , , , , , , , , , , , , , , , , , , , , , , , , , , , , , , , , , , , , , , , , , , , , , 
7.51,7.5,26/11/2025 09:34:28*,0.114, , , , , , , , , , , , , , , , , , , , , , , , , , , , , , , , , , , , , , , , , , , , , , , , , , , , , , , , , , , , , , , , , , , , , , , , , , , , , , , , , , , , , , , , , , , , , , , 
7.61,7.6,26/11/2025 09:34:28*,0.063, , , , , , , , , , , , , , , , , , , , , , , , , , , , , , , , , , , , , , , , , , , , , , , , , , , , , , , , , , , , , , , , , , , , , , , , , , , , , , , , , , , , , , , , , , , , , , , 
7.71,7.7,26/11/2025 09:34:28*,0.427, , , , , , , , , , , , , , , , , , , , , , , , , , , , , , , , , , , , , , , , , , , , , , , , , , , , , , , , , , , , , , , , , , , , , , , , , , , , , , , , , , , , , , , , , , , , , , , 
7.81,7.8,26/11/2025 09:34:28*,-0.158, , , , , , , , , , , , , , , , , , , , , , , , , , , , , , , , , , , , , , , , , , , , , , , , , , , , , , , , , , , , , , , , , , , , , , , , , , , , , , , , , , , , , , , , , , , , , , , 
7.91,7.9,26/11/2025 09:34:28*,0.219, , , , , , , , , , , , , , , , , , , , , , , , , , , , , , , , , , , , , , , , , , , , , , , , , , , , , , , , , , , , , , , , , , , , , , , , , , , , , , , , , , , , , , , , , , , , , , , 
8.01,8.0,26/11/2025 09:34:28*,0.204, , , , , , , , , , , , , , , , , , , , , , , , , , , , , , , , , , , , , , , , , , , , , , , , , , , , , , , , , , , , , , , , , , , , , , , , , , , , , , , , , , , , , , , , , , , , , , , 
8.11,8.1,26/11/2025 09:34:28*,0.148, , , , , , , , , , , , , , , , , , , , , , , , , , , , , , , , , , , , , , , , , , , , , , , , , , , , , , , , , , , , , , , , , , , , , , , , , , , , , , , , , , , , , , , , , , , , , , , 
8.21,8.2,26/11/2025 09:34:28*,0.100, , , , , , , , , , , , , , , , , , , , , , , , , , , , , , , , , , , , , , , , , , , , , , , , , , , , , , , , , , , , , , , , , , , , , , , , , , , , , , , , , , , , , , , , , , , , , , , 
8.31,8.3,26/11/2025 09:34:28*,0.285, , , , , , , , , , , , , , , , , , , , , , , , , , , , , , , , , , , , , , , , , , , , , , , , , , , , , , , , , , , , , , , , , , , , , , , , , , , , , , , , , , , , , , , , , , , , , , , 
8.41,8.4,26/11/2025 09:34:28*,0.063, , , , , , , , , , , , , , , , , , , , , , , , , , , , , , , , , , , , , , , , , , , , , , , , , , , , , , , , , , , , , , , , , , , , , , , , , , , , , , , , , , , , , , , , , , , , , , , 
8.51,8.5,26/11/2025 09:34:28*,0.069, , , , , , , , , , , , , , , , , , , , , , , , , , , , , , , , , , , , , , , , , , , , , , , , , , , , , , , , , , , , , , , , , , , , , , , , , , , , , , , , , , , , , , , , , , , , , , , 
8.61,8.6,26/11/2025 09:34:28*,-0.077, , , , , , , , , , , , , , , , , , , , , , , , , , , , , , , , , , , , , , , , , , , , , , , , , , , , , , , , , , , , , , , , , , , , , , , , , , , , , , , , , , , , , , , , , , , , , , , 
8.71,8.7,26/11/2025 09:34:28*,-0.230, , , , , , , , , , , , , , , , , , , , , , , , , , , , , , , , , , , , , , , , , , , , , , , , , , , , , , , , , , , , , , , , , , , , , , , , , , , , , , , , , , , , , , , , , , , , , , , 
8.81,8.8,26/11/2025 09:34:28*,-0.482, , , , , , , , , , , , , , , , , , , , , , , , , , , , , , , , , , , , , , , , , , , , , , , , , , , , , , , , , , , , , , , , , , , , , , , , , , , , , , , , , , , , , , , , , , , , , , , 
8.91,8.9,26/11/2025 09:34:28*,-0.252, , , , , , , , , , , , , , , , , , , , , , , , , , , , , , , , , , , , , , , , , , , , , , , , , , , , , , , , , , , , , , , , , , , , , , , , , , , , , , , , , , , , , , , , , , , , , , , 
9.01,9.0,26/11/2025 09:34:28*,-0.191, , , , , , , , , , , , , , , , , , , , , , , , , , , , , , , , , , , , , , , , , , , , , , , , , , , , , , , , , , , , , , , , , , , , , , , , , , , , , , , , , , , , , , , , , , , , , , , 
9.11,9.1,26/11/2025 09:34:28*,-0.238, , , , , , , , , , , , , , , , , , , , , , , , , , , , , , , , , , , , , , , , , , , , , , , , , , , , , , , , , , , , , , , , , , , , , , , , , , , , , , , , , , , , , , , , , , , , , , , 
9.21,9.2,26/11/2025 09:34:28*,-0.228, , , , , , , , , , , , , , , , , , , , , , , , , , , , , , , , , , , , , , , , , , , , , , , , , , , , , , , , , , , , , , , , , , , , , , , , , , , , , , , , , , , , , , , , , , , , , , , 
9.31,9.3,26/11/2025 09:34:28*,-0.241, , , , , , , , , , , , , , , , , , , , , , , , , , , , , , , , , , , , , , , , , , , , , , , , , , , , , , , , , , , , , , , , , , , , , , , , , , , , , , , , , , , , , , , , , , , , , , , 
9.41,9.4,26/11/2025 09:34:28*,-0.194, , , , , , , , , , , , , , , , , , , , , , , , , , , , , , , , , , , , , , , , , , , , , , , , , , , , , , , , , , , , , , , , , , , , , , , , , , , , , , , , , , , , , , , , , , , , , , , 
9.51,9.5,26/11/2025 09:34:28*,-0.469, , , , , , , , , , , , , , , , , , , , , , , , , , , , , , , , , , , , , , , , , , , , , , , , , , , , , , , , , , , , , , , , , , , , , , , , , , , , , , , , , , , , , , , , , , , , , , , 
9.61,9.6,26/11/2025 09:34:28*,-0.557, , , , , , , , , , , , , , , , , , , , , , , , , , , , , , , , , , , , , , , , , , , , , , , , , , , , , , , , , , , , , , , , , , , , , , , , , , , , , , , , , , , , , , , , , , , , , , , 
9.71,9.7,26/11/2025 09:34:28*,-0.422, , , , , , , , , , , , , , , , , , , , , , , , , , , , , , , , , , , , , , , , , , , , , , , , , , , , , , , , , , , , , , , , , , , , , , , , , , , , , , , , , , , , , , , , , , , , , , , 
9.81,9.8,26/11/2025 09:34:28*,-0.325, , , , , , , , , , , , , , , , , , , , , , , , , , , , , , , , , , , , , , , , , , , , , , , , , , , , , , , , , , , , , , , , , , , , , , , , , , , , , , , , , , , , , , , , , , , , , , , 
9.91,9.9,26/11/2025 09:34:28*,-0.323, , , , , , , , , , , , , , , , , , , , , , , , , , , , , , , , , , , , , , , , , , , , , , , , , , , , , , , , , , , , , , , , , , , , , , , , , , , , , , , , , , , , , , , , , , , , , , , 
10.01,10.0,26/11/2025 09:34:28*,-0.351, , , , , , , , , , , , , , , , , , , , , , , , , , , , , , , , , , , , , , , , , , , , , , , , , , , , , , , , , , , , , , , , , , , , , , , , , , , , , , , , , , , , , , , , , , , , , , , 
10.11,10.1,26/11/2025 09:34:28*,-0.368, , , , , , , , , , , , , , , , , , , , , , , , , , , , , , , , , , , , , , , , , , , , , , , , , , , , , , , , , , , , , , , , , , , , , , , , , , , , , , , , , , , , , , , , , , , , , , , 
10.21,10.2,26/11/2025 09:34:28*,-0.390, , , , , , , , , , , , , , , , , , , , , , , , , , , , , , , , , , , , , , , , , , , , , , , , , , , , , , , , , , , , , , , , , , , , , , , , , , , , , , , , , , , , , , , , , , , , , , , 
10.31,10.3,26/11/2025 09:34:28*,-0.364, , , , , , , , , , , , , , , , , , , , , , , , , , , , , , , , , , , , , , , , , , , , , , , , , , , , , , , , , , , , , , , , , , , , , , , , , , , , , , , , , , , , , , , , , , , , , , , 
10.41,10.4,26/11/2025 09:34:28*,-0.279, , , , , , , , , , , , , , , , , , , , , , , , , , , , , , , , , , , , , , , , , , , , , , , , , , , , , , , , , , , , , , , , , , , , , , , , , , , , , , , , , , , , , , , , , , , , , , , 
10.51,10.5,26/11/2025 09:34:28*,-0.267, , , , , , , , , , , , , , , , , , , , , , , , , , , , , , , , , , , , , , , , , , , , , , , , , , , , , , , , , , , , , , , , , , , , , , , , , , , , , , , , , , , , , , , , , , , , , , , 
10.61,10.6,26/11/2025 09:34:28*,-0.133, , , , , , , , , , , , , , , , , , , , , , , , , , , , , , , , , , , , , , , , , , , , , , , , , , , , , , , , , , , , , , , , , , , , , , , , , , , , , , , , , , , , , , , , , , , , , , , 
10.71,10.7,26/11/2025 09:34:28*,-0.353, , , , , , , , , , , , , , , , , , , , , , , , , , , , , , , , , , , , , , , , , , , , , , , , , , , , , , , , , , , , , , , , , , , , , , , , , , , , , , , , , , , , , , , , , , , , , , , 
10.81,10.8,26/11/2025 09:34:28*,-0.218, , , , , , , , , , , , , , , , , , , , , , , , , , , , , , , , , , , , , , , , , , , , , , , , , , , , , , , , , , , , , , , , , , , , , , , , , , , , , , , , , , , , , , , , , , , , , , , 
10.91,10.9,26/11/2025 09:34:28*,-0.157, , , , , , , , , , , , , , , , , , , , , , , , , , , , , , , , , , , , , , , , , , , , , , , , , , , , , , , , , , , , , , , , , , , , , , , , , , , , , , , , , , , , , , , , , , , , , , , 
11.01,11.0,26/11/2025 09:34:28*,-0.191, , , , , , , , , , , , , , , , , , , , , , , , , , , , , , , , , , , , , , , , , , , , , , , , , , , , , , , , , , , , , , , , , , , , , , , , , , , , , , , , , , , , , , , , , , , , , , , 
11.11,11.1,26/11/2025 09:34:28*,-0.120, , , , , , , , , , , , , , , , , , , , , , , , , , , , , , , , , , , , , , , , , , , , , , , , , , , , , , , , , , , , , , , , , , , , , , , , , , , , , , , , , , , , , , , , , , , , , , , 
11.21,11.2,26/11/2025 09:34:28*,-0.095, , , , , , , , , , , , , , , , , , , , , , , , , , , , , , , , , , , , , , , , , , , , , , , , , , , , , , , , , , , , , , , , , , , , , , , , , , , , , , , , , , , , , , , , , , , , , , , 
11.31,11.3,26/11/2025 09:34:28*,-0.139, , , , , , , , , , , , , , , , , , , , , , , , , , , , , , , , , , , , , , , , , , , , , , , , , , , , , , , , , , , , , , , , , , , , , , , , , , , , , , , , , , , , , , , , , , , , , , , 
11.41,11.4,26/11/2025 09:34:28*,-0.164, , , , , , , , , , , , , , , , , , , , , , , , , , , , , , , , , , , , , , , , , , , , , , , , , , , , , , , , , , , , , , , , , , , , , , , , , , , , , , , , , , , , , , , , , , , , , , , 
11.51,11.5,26/11/2025 09:34:28*,-0.083, , , , , , , , , , , , , , , , , , , , , , , , , , , , , , , , , , , , , , , , , , , , , , , , , , , , , , , , , , , , , , , , , , , , , , , , , , , , , , , , , , , , , , , , , , , , , , , 
11.61,11.6,26/11/2025 09:34:28*,-0.049, , , , , , , , , , , , , , , , , , , , , , , , , , , , , , , , , , , , , , , , , , , , , , , , , , , , , , , , , , , , , , , , , , , , , , , , , , , , , , , , , , , , , , , , , , , , , , , 
11.71,11.7,26/11/2025 09:34:28*,-0.243, , , , , , , , , , , , , , , , , , , , , , , , , , , , , , , , , , , , , , , , , , , , , , , , , , , , , , , , , , , , , , , , , , , , , , , , , , , , , , , , , , , , , , , , , , , , , , , 
11.81,11.8,26/11/2025 09:34:28*,-0.198, , , , , , , , , , , , , , , , , , , , , , , , , , , , , , , , , , , , , , , , , , , , , , , , , , , , , , , , , , , , , , , , , , , , , , , , , , , , , , , , , , , , , , , , , , , , , , , 
11.91,11.9,26/11/2025 09:34:28*,-0.055, , , , , , , , , , , , , , , , , , , , , , , , , , , , , , , , , , , , , , , , , , , , , , , , , , , , , , , , , , , , , , , , , , , , , , , , , , , , , , , , , , , , , , , , , , , , , , , 
12.01,12.0,26/11/2025 09:34:28*,-0.133, , , , , , , , , , , , , , , , , , , , , , , , , , , , , , , , , , , , , , , , , , , , , , , , , , , , , , , , , , , , , , , , , , , , , , , , , , , , , , , , , , , , , , , , , , , , , , , 
12.11,12.1,26/11/2025 09:34:28*,-0.200, , , , , , , , , , , , , , , , , , , , , , , , , , , , , , , , , , , , , , , , , , , , , , , , , , , , , , , , , , , , , , , , , , , , , , , , , , , , , , , , , , , , , , , , , , , , , , , 
12.21,12.2,26/11/2025 09:34:28*,-0.057, , , , , , , , , , , , , , , , , , , , , , , , , , , , , , , , , , , , , , , , , , , , , , , , , , , , , , , , , , , , , , , , , , , , , , , , , , , , , , , , , , , , , , , , , , , , , , , 
12.31,12.3,26/11/2025 09:34:28*,0.006, , , , , , , , , , , , , , , , , , , , , , , , , , , , , , , , , , , , , , , , , , , , , , , , , , , , , , , , , , , , , , , , , , , , , , , , , , , , , , , , , , , , , , , , , , , , , , , 
12.41,12.4,26/11/2025 09:34:28*,-0.085, , , , , , , , , , , , , , , , , , , , , , , , , , , , , , , , , , , , , , , , , , , , , , , , , , , , , , , , , , , , , , , , , , , , , , , , , , , , , , , , , , , , , , , , , , , , , , , 
12.51,12.5,26/11/2025 09:34:28*,-0.107, , , , , , , , , , , , , , , , , , , , , , , , , , , , , , , , , , , , , , , , , , , , , , , , , , , , , , , , , , , , , , , , , , , , , , , , , , , , , , , , , , , , , , , , , , , , , , , 
12.61,12.6,26/11/2025 09:34:28*,-0.271, , , , , , , , , , , , , , , , , , , , , , , , , , , , , , , , , , , , , , , , , , , , , , , , , , , , , , , , , , , , , , , , , , , , , , , , , , , , , , , , , , , , , , , , , , , , , , , 
12.71,12.7,26/11/2025 09:34:28*,-0.230, , , , , , , , , , , , , , , , , , , , , , , , , , , , , , , , , , , , , , , , , , , , , , , , , , , , , , , , , , , , , , , , , , , , , , , , , , , , , , , , , , , , , , , , , , , , , , , 
12.81,12.8,26/11/2025 09:34:28*,-0.341, , , , , , , , , , , , , , , , , , , , , , , , , , , , , , , , , , , , , , , , , , , , , , , , , , , , , , , , , , , , , , , , , , , , , , , , , , , , , , , , , , , , , , , , , , , , , , , 
12.91,12.9,26/11/2025 09:34:28*,-0.446, , , , , , , , , , , , , , , , , , , , , , , , , , , , , , , , , , , , , , , , , , , , , , , , , , , , , , , , , , , , , , , , , , , , , , , , , , , , , , , , , , , , , , , , , , , , , , , 
13.01,13.0,26/11/2025 09:34:28*,-0.322, , , , , , , , , , , , , , , , , , , , , , , , , , , , , , , , , , , , , , , , , , , , , , , , , , , , , , , , , , , , , , , , , , , , , , , , , , , , , , , , , , , , , , , , , , , , , , , 
13.11,13.1,26/11/2025 09:34:28*,-0.519, , , , , , , , , , , , , , , , , , , , , , , , , , , , , , , , , , , , , , , , , , , , , , , , , , , , , , , , , , , , , , , , , , , , , , , , , , , , , , , , , , , , , , , , , , , , , , , 
13.21,13.2,26/11/2025 09:34:28*,-0.450, , , , , , , , , , , , , , , , , , , , , , , , , , , , , , , , , , , , , , , , , , , , , , , , , , , , , , , , , , , , , , , , , , , , , , , , , , , , , , , , , , , , , , , , , , , , , , , 
13.31,13.3,26/11/2025 09:34:28*,-0.124, , , , , , , , , , , , , , , , , , , , , , , , , , , , , , , , , , , , , , , , , , , , , , , , , , , , , , , , , , , , , , , , , , , , , , , , , , , , , , , , , , , , , , , , , , , , , , , 
13.41,13.4,26/11/2025 09:34:28*,0.470, , , , , , , , , , , , , , , , , , , , , , , , , , , , , , , , , , , , , , , , , , , , , , , , , , , , , , , , , , , , , , , , , , , , , , , , , , , , , , , , , , , , , , , , , , , , , , , 
13.51,13.5,26/11/2025 09:34:28*,0.298, , , , , , , , , , , , , , , , , , , , , , , , , , , , , , , , , , , , , , , , , , , , , , , , , , , , , , , , , , , , , , , , , , , , , , , , , , , , , , , , , , , , , , , , , , , , , , , 
13.61,13.6,26/11/2025 09:34:28*,0.004, , , , , , , , , , , , , , , , , , , , , , , , , , , , , , , , , , , , , , , , , , , , , , , , , , , , , , , , , , , , , , , , , , , , , , , , , , , , , , , , , , , , , , , , , , , , , , , 
13.71,13.7,26/11/2025 09:34:28*,-0.125, , , , , , , , , , , , , , , , , , , , , , , , , , , , , , , , , , , , , , , , , , , , , , , , , , , , , , , , , , , , , , , , , , , , , , , , , , , , , , , , , , , , , , , , , , , , , , , 
13.81,13.8,26/11/2025 09:34:28*,0.057, , , , , , , , , , , , , , , , , , , , , , , , , , , , , , , , , , , , , , , , , , , , , , , , , , , , , , , , , , , , , , , , , , , , , , , , , , , , , , , , , , , , , , , , , , , , , , , 
13.91,13.9,26/11/2025 09:34:28*,-0.042, , , , , , , , , , , , , , , , , , , , , , , , , , , , , , , , , , , , , , , , , , , , , , , , , , , , , , , , , , , , , , , , , , , , , , , , , , , , , , , , , , , , , , , , , , , , , , , 
14.01,14.0,26/11/2025 09:34:28*,-0.268, , , , , , , , , , , , , , , , , , , , , , , , , , , , , , , , , , , , , , , , , , , , , , , , , , , , , , , , , , , , , , , , , , , , , , , , , , , , , , , , , , , , , , , , , , , , , , , 
14.11,14.1,26/11/2025 09:34:28*,-0.234, , , , , , , , , , , , , , , , , , , , , , , , , , , , , , , , , , , , , , , , , , , , , , , , , , , , , , , , , , , , , , , , , , , , , , , , , , , , , , , , , , , , , , , , , , , , , , , 
14.21,14.2,26/11/2025 09:34:28*,1.075, , , , , , , , , , , , , , , , , , , , , , , , , , , , , , , , , , , , , , , , , , , , , , , , , , , , , , , , , , , , , , , , , , , , , , , , , , , , , , , , , , , , , , , , , , , , , , , 
14.31,14.3,26/11/2025 09:34:28*,2.718, , , , , , , , , , , , , , , , , , , , , , , , , , , , , , , , , , , , , , , , , , , , , , , , , , , , , , , , , , , , , , , , , , , , , , , , , , , , , , , , , , , , , , , , , , , , , , , 
14.41,14.4,26/11/2025 09:34:28*,2.842, , , , , , , , , , , , , , , , , , , , , , , , , , , , , , , , , , , , , , , , , , , , , , , , , , , , , , , , , , , , , , , , , , , , , , , , , , , , , , , , , , , , , , , , , , , , , , , 
14.51,14.5,26/11/2025 09:34:28*,2.354, , , , , , , , , , , , , , , , , , , , , , , , , , , , , , , , , , , , , , , , , , , , , , , , , , , , , , , , , , , , , , , , , , , , , , , , , , , , , , , , , , , , , , , , , , , , , , , 
14.61,14.6,26/11/2025 09:34:28*,1.336, , , , , , , , , , , , , , , , , , , , , , , , , , , , , , , , , , , , , , , , , , , , , , , , , , , , , , , , , , , , , , , , , , , , , , , , , , , , , , , , , , , , , , , , , , , , , , , 
14.71,14.7,26/11/2025 09:34:28*,0.946, , , , , , , , , , , , , , , , , , , , , , , , , , , , , , , , , , , , , , , , , , , , , , , , , , , , , , , , , , , , , , , , , , , , , , , , , , , , , , , , , , , , , , , , , , , , , , , 
14.81,14.8,26/11/2025 09:34:28*,0.993, , , , , , , , , , , , , , , , , , , , , , , , , , , , , , , , , , , , , , , , , , , , , , , , , , , , , , , , , , , , , , , , , , , , , , , , , , , , , , , , , , , , , , , , , , , , , , , 
14.91,14.9,26/11/2025 09:34:28*,1.712, , , , , , , , , , , , , , , , , , , , , , , , , , , , , , , , , , , , , , , , , , , , , , , , , , , , , , , , , , , , , , , , , , , , , , , , , , , , , , , , , , , , , , , , , , , , , , , 
15.01,15.0,26/11/2025 09:34:28*,1.710, , , , , , , , , , , , , , , , , , , , , , , , , , , , , , , , , , , , , , , , , , , , , , , , , , , , , , , , , , , , , , , , , , , , , , , , , , , , , , , , , , , , , , , , , , , , , , , 
15.11,15.1,26/11/2025 09:34:28*,1.292, , , , , , , , , , , , , , , , , , , , , , , , , , , , , , , , , , , , , , , , , , , , , , , , , , , , , , , , , , , , , , , , , , , , , , , , , , , , , , , , , , , , , , , , , , , , , , , 
15.21,15.2,26/11/2025 09:34:28*,0.611, , , , , , , , , , , , , , , , , , , , , , , , , , , , , , , , , , , , , , , , , , , , , , , , , , , , , , , , , , , , , , , , , , , , , , , , , , , , , , , , , , , , , , , , , , , , , , , 
15.31,15.3,26/11/2025 09:34:28*,0.516, , , , , , , , , , , , , , , , , , , , , , , , , , , , , , , , , , , , , , , , , , , , , , , , , , , , , , , , , , , , , , , , , , , , , , , , , , , , , , , , , , , , , , , , , , , , , , , 
15.41,15.4,26/11/2025 09:34:28*,-0.313, , , , , , , , , , , , , , , , , , , , , , , , , , , , , , , , , , , , , , , , , , , , , , , , , , , , , , , , , , , , , , , , , , , , , , , , , , , , , , , , , , , , , , , , , , , , , , , 
15.51,15.5,26/11/2025 09:34:28*,-0.589, , , , , , , , , , , , , , , , , , , , , , , , , , , , , , , , , , , , , , , , , , , , , , , , , , , , , , , , , , , , , , , , , , , , , , , , , , , , , , , , , , , , , , , , , , , , , , , 
15.61,15.6,26/11/2025 09:34:28*,0.137, , , , , , , , , , , , , , , , , , , , , , , , , , , , , , , , , , , , , , , , , , , , , , , , , , , , , , , , , , , , , , , , , , , , , , , , , , , , , , , , , , , , , , , , , , , , , , , 
15.71,15.7,26/11/2025 09:34:28*,0.600, , , , , , , , , , , , , , , , , , , , , , , , , , , , , , , , , , , , , , , , , , , , , , , , , , , , , , , , , , , , , , , , , , , , , , , , , , , , , , , , , , , , , , , , , , , , , , , 
15.81,15.8,26/11/2025 09:34:28*,0.281, , , , , , , , , , , , , , , , , , , , , , , , , , , , , , , , , , , , , , , , , , , , , , , , , , , , , , , , , , , , , , , , , , , , , , , , , , , , , , , , , , , , , , , , , , , , , , , 
15.91,15.9,26/11/2025 09:34:28*,0.394, , , , , , , , , , , , , , , , , , , , , , , , , , , , , , , , , , , , , , , , , , , , , , , , , , , , , , , , , , , , , , , , , , , , , , , , , , , , , , , , , , , , , , , , , , , , , , , 
16.01,16.0,26/11/2025 09:34:28*,0.894, , , , , , , , , , , , , , , , , , , , , , , , , , , , , , , , , , , , , , , , , , , , , , , , , , , , , , , , , , , , , , , , , , , , , , , , , , , , , , , , , , , , , , , , , , , , , , , 
16.10,16.1,26/11/2025 09:34:28,0.422,7.209,1181245.062,15.9,864911.0,575683.0,970979.05,2698.81,1620.17,6256.17,1069.34,12796.41,500.94,49.75,36.26,2386.48,85.36,395.53,104.34,1724.07,65.94,43.30,18.23,116.31,46.47,70.08,29.40,84.38,22.15,2191.41,195.40,3.65,0.47,97.35,14.32,10.60,2.30,0.00,0.00,2.98,1.35,3.62,3.50,2.01,4.16,16.66,19.88,67.85,8.59,3.52,4.45,56516.76,4475.38,2686.69,11820.81,2020.48,27375.81,1071.67,114.00,83.09,5958.81,213.13,476.46,125.69,2412.33,92.27,72.25,30.42,207.63,82.95,102.43,42.98,121.24,31.83,3133.16,279.37,4.64,0.60,121.86,17.92,13.19,2.87,0.00,0.00,3.53,1.60,4.89,4.72,2.68,5.54,18.60,22.19,73.09,9.26,4.00,5.04
16.20,16.2,26/11/2025 09:34:28,0.962,8.659,,16.0,862250.0,566770.0,969037.65,3536.33,1630.04,6860.61,1161.53,14356.75,552.58,22.36,18.89,1758.82,68.55,523.92,117.88,1603.36,65.43,94.42,28.71,78.69,46.42,66.27,28.94,71.22,21.79,1821.95,160.75,3.68,0.47,68.35,7.63,9.03,2.20,0.00,0.00,3.25,1.31,2.70,3.34,4.00,4.07,11.44,20.13,61.81,8.36,3.39,4.32,60157.99,5864.22,2703.05,12962.88,2194.66,30713.89,1182.15,51.23,43.28,4391.60,171.15,631.11,142.00,2243.44,91.55,157.54,47.91,140.47,82.87,96.85,42.29,102.33,31.31,2604.92,229.83,4.69,0.60,85.56,9.55,11.24,2.74,0.00,0.00,3.85,1.55,3.65,4.51,5.34,5.43,12.77,22.48,66.58,9.00,3.84,4.90
16.30,16.3,26/11/2025 09:34:28,1.635,15.801,,15.9,867355.0,587064.0,966886.20,3540.46,1662.32,7497.74,1259.94,15506.36,591.87,97.37,62.29,2009.40,76.14,324.49,100.13,1641.28,66.50,69.11,24.58,117.84,47.26,85.71,32.70,57.21,10.72,1981.54,175.47,3.85,0.49,79.32,9.85,8.45,2.31,0.00,0.00,4.20,1.38,1.55,3.54,3.11,4.32,15.69,20.24,65.01,8.61,4.13,4.53,64723.16,5871.05,2756.58,14166.69,2380.61,33173.29,1266.21,223.11,142.73,5017.27,190.12,390.88,120.62,2296.48,93.04,115.31,41.01,210.36,84.37,125.26,47.80,82.20,15.41,2833.09,250.87,4.90,0.62,99.29,12.33,10.51,2.87,0.00,0.00,4.97,1.63,2.09,4.78,4.15,5.76,17.52,22.60,70.03,9.28,4.69,5.14
16.40,16.4,26/11/2025 09:34:28,1.156,7.469,,15.8,871927.0,601096.0,970957.65,3354.46,1625.69,6763.93,1148.00,12460.48,491.06,23.72,20.36,1678.49,66.70,503.32,115.36,1690.25,66.48,95.42,29.09,83.91,46.55,58.14,27.59,23.46,4.80,2136.05,190.35,4.13,0.50,58.19,5.77,9.04,2.22,0.00,0.00,4.89,1.39,3.28,3.56,2.79,4.33,10.93,20.17,72.79,8.71,4.69,4.44,55897.54,5562.62,2695.83,12780.19,2169.11,26657.15,1050.54,54.35,46.65,4191.02,166.55,606.30,138.96,2365.01,93.02,159.21,48.53,149.80,83.09,84.97,40.33,33.70,6.90,3054.00,272.16,5.25,0.63,72.84,7.23,11.25,2.76,0.00,0.00,5.79,1.64,4.44,4.81,3.73,5.78,12.21,22.52,78.41,9.39,5.33,5.04
16.50,16.5,26/11/2025 09:34:28,1.009,15.409,,15.8,885957.0,600484.0,960364.40,5134.56,1759.52,8519.39,1415.70,17821.50,669.34,113.56,70.90,2276.02,83.55,716.94,140.88,2077.78,72.43,98.36,30.21,133.79,49.51,72.58,31.00,15.75,3.33,2462.31,220.56,4.04,0.51,71.69,7.94,13.51,2.57,0.00,0.00,4.15,1.48,3.80,3.77,3.36,4.64,13.62,21.13,75.48,9.44,3.38,4.79,76730.57,8514.51,2917.77,16097.06,2674.92,38126.17,1431.93,260.20,162.47,5683.02,208.62,863.63,169.70,2907.25,101.34,164.11,50.40,238.85,88.39,106.08,45.31,22.63,4.78,3520.48,315.35,5.15,0.65,89.74,9.94,16.82,3.19,0.00,0.00,4.91,1.75,5.14,5.10,4.48,6.19,15.21,23.59,81.31,10.17,3.83,5.43
16.60,16.6,26/11/2025 09:34:28,1.338,8.265,1181244.400,15.8,877316.0,595891.0,964057.29,3562.33,1694.51,7800.10,1306.54,16626.53,629.07,34.47,27.70,2362.27,85.83,610.62,128.24,1966.18,70.28,56.93,22.10,133.40,48.48,83.26,32.55,67.95,12.57,2399.19,214.64,4.09,0.50,120.98,20.49,7.90,2.30,0.00,0.00,3.77,1.43,4.58,3.70,1.59,4.52,17.02,20.64,73.29,9.11,6.24,4.72,69946.03,5907.32,2809.97,14737.99,2468.66,35569.73,1345.80,78.99,63.47,5898.37,214.31,735.56,154.48,2751.10,98.33,95.00,36.87,238.15,86.55,121.68,47.57,97.64,18.05,3430.23,306.87,5.21,0.64,151.45,25.64,9.83,2.86,0.00,0.00,4.46,1.69,6.19,4.99,2.12,6.03,19.00,23.05,78.95,9.81,7.07,5.36
16.70,16.7,26/11/2025 09:34:28,2.325,11.571,,15.8,881373.0,596632.0,966636.88,3035.38,1616.29,7513.84,1263.52,15573.91,594.67,77.90,52.62,2080.85,78.48,586.86,125.41,1825.13,68.58,53.85,21.45,87.92,47.65,79.33,31.75,21.65,4.48,2234.51,199.38,3.89,0.50,79.09,9.72,9.62,2.37,0.00,0.00,3.17,1.40,3.70,3.62,2.56,4.43,18.07,20.59,67.51,8.93,4.38,4.62,64997.87,5033.50,2680.26,14197.13,2387.38,33317.80,1272.19,178.50,120.58,5195.68,195.95,706.94,151.07,2553.73,95.96,89.85,35.79,156.96,85.06,115.94,46.40,31.11,6.44,3194.78,285.07,4.95,0.63,99.00,12.17,11.97,2.95,0.00,0.00,3.74,1.65,4.99,4.89,3.41,5.91,20.18,22.99,72.72,9.62,4.97,5.24
16.80,16.8,26/11/2025 09:34:28,2.303,8.263,,15.8,881047.0,595077.0,965243.03,3887.87,1682.51,7942.40,1329.13,15754.90,601.16,65.38,46.70,1948.60,75.30,671.98,135.14,1778.82,68.70,63.32,23.72,66.49,47.74,83.40,32.58,17.22,3.60,2291.49,204.72,4.00,0.51,90.17,12.23,8.89,2.32,0.00,0.00,3.34,1.40,2.85,3.64,2.07,4.41,7.55,20.73,64.20,8.81,2.04,4.52,67339.43,6447.15,2790.06,15006.86,2511.34,33705.00,1286.08,149.82,107.02,4865.48,188.02,809.47,162.79,2488.94,96.12,105.65,39.58,118.70,85.23,121.89,47.62,24.74,5.18,3276.24,292.70,5.08,0.65,112.87,15.31,11.06,2.88,0.00,0.00,3.95,1.65,3.85,4.92,2.76,5.88,8.43,23.15,69.16,9.49,2.32,5.13
16.90,16.9,26/11/2025 09:34:28,2.832,16.600,,15.8,876929.0,594845.0,966857.00,3325.34,1639.36,7856.65,1314.47,15069.74,577.79,52.85,38.99,1809.40,70.87,544.26,121.05,1713.11,67.56,104.50,30.70,97.72,47.45,62.03,28.53,59.56,11.18,2233.49,199.28,3.70,0.49,115.09,19.07,10.64,2.40,0.00,0.00,3.89,1.40,2.71,3.60,2.45,4.38,6.71,20.47,64.14,8.73,5.02,4.55,64264.20,5514.33,2718.51,14844.85,2483.64,32239.22,1236.09,121.10,89.33,4517.91,176.96,655.62,145.82,2397.00,94.53,174.35,51.22,174.44,84.70,90.65,41.70,85.57,16.06,3193.31,284.92,4.71,0.62,144.07,23.88,13.24,2.99,0.00,0.00,4.60,1.66,3.66,4.87,3.27,5.84,7.49,22.86,69.09,9.40,5.70,5.16
17.00,17.0,26/11/2025 09:34:28,3.177,15.737,,15.8,881648.0,599037.0,967875.71,2576.70,1647.99,7354.49,1238.13,15031.43,576.00,55.98,40.55,1913.87,73.55,582.14,125.16,1771.24,68.15,39.40,17.50,124.35,48.03,67.73,29.51,56.86,10.76,2357.34,211.02,4.34,0.52,75.52,8.97,9.03,2.33,0.00,0.00,6.19,1.57,2.30,3.63,2.35,4.41,20.72,20.52,68.55,8.85,3.75,4.55,62477.69,4272.89,2732.83,13896.04,2339.41,32157.26,1232.26,128.27,92.91,4778.76,183.65,701.25,150.77,2478.34,95.36,65.73,29.19,221.99,85.75,98.99,43.14,81.70,15.45,3370.39,301.70,5.52,0.66,94.54,11.23,11.24,2.90,0.00,0.00,7.32,1.86,3.11,4.91,3.13,5.88,23.13,22.91,73.84,9.53,4.25,5.16
17.10,17.1,26/11/2025 09:34:28,3.179,8.861,1181245.587,15.8,875784.0,596663.0,965796.08,4153.40,1670.28,7892.66,1319.04,14948.68,573.33,131.88,79.14,2166.52,80.32,605.43,127.49,1740.21,68.19,60.18,22.88,78.62,47.60,63.23,28.81,32.57,6.48,2124.20,188.85,4.07,0.50,95.10,13.53,10.27,2.40,0.00,0.00,3.16,1.39,5.14,3.66,1.45,4.40,13.52,20.60,68.57,8.70,5.06,4.61,66317.95,6887.48,2769.78,14912.89,2492.28,31980.24,1226.55,302.19,181.33,5409.58,200.54,729.31,153.57,2434.92,95.41,100.41,38.18,140.35,84.98,92.41,42.11,46.80,9.30,3037.06,270.01,5.18,0.64,119.04,16.94,12.79,2.99,0.00,0.00,3.73,1.64,6.95,4.95,1.94,5.87,15.09,23.01,73.87,9.37,5.73,5.23
17.20,17.2,26/11/2025 09:34:28,3.072,7.075,,15.8,873775.0,593203.0,968110.50,3088.39,1680.78,7488.48,1259.79,14503.61,558.56,99.14,62.72,2111.69,78.66,501.65,116.38,1725.29,67.48,75.64,25.90,126.94,47.61,67.49,29.32,90.70,22.83,1843.88,162.76,3.62,0.48,73.83,8.71,8.39,2.23,0.00,0.00,2.47,1.33,1.61,3.51,1.63,4.31,7.75,20.32,63.81,8.60,3.50,4.48,62231.01,5121.40,2787.19,14149.21,2380.32,31028.08,1194.94,227.17,143.71,5272.69,196.40,604.29,140.19,2414.04,94.41,126.21,43.22,226.60,84.99,98.63,42.86,130.32,32.80,2636.27,232.71,4.61,0.61,92.42,10.90,10.44,2.78,0.00,0.00,2.92,1.57,2.18,4.75,2.17,5.75,8.65,22.69,68.74,9.27,3.98,5.08
17.30,17.3,26/11/2025 09:34:28,3.140,8.997,,15.8,879482.0,594220.0,965524.54,3891.12,1700.23,7523.23,1264.91,16062.35,610.35,48.40,54.67,1931.25,74.35,651.92,132.58,1850.40,69.22,87.25,28.10,119.09,48.15,59.96,28.34,15.20,3.19,2043.90,181.30,3.81,0.49,83.23,10.65,9.26,2.37,0.00,0.00,3.90,1.41,2.57,3.65,2.47,4.40,14.22,20.63,66.70,8.91,5.24,4.47,66953.11,6452.55,2819.45,14214.86,2389.99,34362.75,1305.74,110.90,125.26,4822.16,185.64,785.30,159.71,2589.10,96.86,145.58,46.89,212.60,85.96,87.63,41.42,21.84,4.58,2922.25,259.21,4.85,0.62,104.19,13.33,11.53,2.95,0.00,0.00,4.61,1.67,3.47,4.93,3.29,5.86,15.88,23.03,71.85,9.60,5.94,5.07
17.40,17.4,26/11/2025 09:34:28,3.355,8.535,,15.8,876615.0,594193.0,964258.86,3706.31,1683.08,7913.70,1323.49,16406.66,621.78,90.80,59.13,2543.16,90.83,493.22,117.14,1903.95,69.90,120.00,32.63,134.62,48.31,62.10,28.76,0.59,0.13,2153.44,191.53,4.32,0.52,98.63,14.30,10.34,2.36,0.00,0.00,2.85,1.40,5.86,3.69,2.48,4.44,15.76,20.62,69.19,8.97,3.13,4.58,69877.47,6146.09,2791.01,14952.65,2500.69,35099.34,1330.20,208.05,135.49,6350.04,226.80,594.14,141.10,2664.02,97.81,200.22,54.44,240.33,86.24,90.77,42.04,0.85,0.19,3078.87,273.84,5.50,0.66,123.46,17.90,12.87,2.94,0.00,0.00,3.37,1.66,7.92,4.99,3.30,5.92,17.60,23.03,74.53,9.66,3.56,5.20
17.50,17.5,26/11/2025 09:34:28,2.958,13.429,,15.8,881982.0,595559.0,964075.33,5613.96,1774.16,7733.43,1297.78,14761.28,568.44,62.32,44.43,2363.91,85.86,659.72,133.59,1857.84,69.51,124.67,33.65,81.36,48.01,79.59,31.90,61.00,11.47,2331.59,208.43,3.80,0.50,86.05,11.19,10.83,2.45,0.00,0.00,4.14,1.42,6.65,3.69,2.29,4.48,7.25,20.81,68.91,8.92,4.08,4.66,69061.01,9309.50,2942.04,14612.03,2452.10,31579.32,1216.09,142.80,101.81,5902.44,214.38,794.70,160.92,2599.50,97.27,208.01,56.15,145.24,85.71,116.32,46.62,87.64,16.48,3333.58,298.00,4.84,0.64,107.71,14.00,13.48,3.05,0.00,0.00,4.90,1.68,8.99,4.98,3.06,5.98,8.09,23.24,74.23,9.61,4.63,5.29
17.60,17.6,26/11/2025 09:34:28,3.333,14.485,1181244.263,15.8,884144.0,595542.0,964112.44,4316.53,1707.39,7919.30,1325.58,15540.71,594.03,73.39,50.07,2457.05,88.20,706.96,139.16,1948.21,70.45,89.71,28.84,115.85,48.79,43.83,26.31,35.60,7.11,2455.72,220.16,3.99,0.50,79.50,9.66,10.79,2.41,0.00,0.00,2.94,1.41,3.25,3.68,1.78,4.49,11.19,20.94,66.54,8.96,4.70,4.61,69449.28,7157.99,2831.33,14963.22,2504.64,33246.77,1270.82,168.17,114.74,6135.01,220.23,851.60,167.63,2725.95,98.57,149.69,48.12,206.81,87.11,64.07,38.46,51.15,10.21,3511.06,314.77,5.08,0.64,99.52,12.10,13.43,3.00,0.00,0.00,3.48,1.67,4.39,4.97,2.37,5.99,12.49,23.39,71.68,9.66,5.34,5.23
17.70,17.7,26/11/2025 09:34:28,2.817,8.801,,15.8,880099.0,596896.0,965597.42,3597.12,1675.89,7520.78,1263.79,15373.21,587.88,111.73,69.68,2287.10,83.85,655.79,133.02,1782.79,68.54,104.13,30.69,129.88,48.33,82.17,32.30,46.88,9.06,2505.31,224.97,3.77,0.49,95.75,13.54,9.95,2.43,0.00,0.00,2.86,1.42,2.21,3.68,3.49,4.44,12.45,20.64,71.25,9.05,3.95,4.65,66733.05,5965.01,2779.10,14210.23,2387.88,32888.45,1257.67,256.01,159.67,5710.67,209.35,789.97,160.24,2494.49,95.90,173.74,51.21,231.85,86.28,120.09,47.21,67.36,13.01,3581.96,321.65,4.80,0.63,119.86,16.95,12.39,3.03,0.00,0.00,3.38,1.68,2.99,4.97,4.65,5.92,13.90,23.05,76.75,9.75,4.48,5.28
17.80,17.8,26/11/2025 09:34:28,3.104,12.302,,15.8,883761.0,596153.0,964904.97,4188.50,1723.59,7358.95,1241.19,15677.74,598.49,48.67,55.29,2172.91,80.76,605.15,127.77,1824.21,68.92,109.33,31.50,92.29,47.97,81.44,32.24,90.42,23.19,2639.90,237.80,4.28,0.52,91.60,12.45,11.19,2.47,0.00,0.00,4.23,1.42,4.74,3.73,2.27,4.52,11.63,20.74,71.57,9.05,4.01,4.73,67822.16,6945.68,2858.19,13904.46,2345.19,33539.93,1280.37,111.52,126.70,5425.56,201.64,728.97,153.91,2552.44,96.44,182.42,52.56,164.75,85.64,119.03,47.13,129.91,33.32,3774.38,339.99,5.44,0.66,114.67,15.59,13.93,3.08,0.00,0.00,5.00,1.68,6.41,5.04,3.03,6.02,12.98,23.15,77.10,9.75,4.54,5.37
17.90,17.9,26/11/2025 09:34:28,2.958,10.054,,15.8,885006.0,594563.0,962268.84,4862.00,1693.81,8090.49,1350.26,16472.65,624.48,28.20,23.44,2159.73,80.41,783.52,147.82,2052.22,71.47,112.90,32.13,147.36,49.35,73.83,31.04,125.82,22.01,2621.42,235.76,3.85,0.51,89.79,11.87,10.54,2.48,0.00,0.00,4.13,1.47,2.80,3.78,2.71,4.55,13.52,20.95,70.63,9.23,3.04,4.67,72587.72,8062.53,2808.81,15286.67,2551.26,35240.52,1335.97,64.63,53.71,5392.65,200.79,943.84,178.06,2871.48,100.00,188.37,53.62,263.07,88.09,107.90,45.36,180.79,31.63,3747.96,337.07,4.90,0.65,112.40,14.86,13.11,3.09,0.00,0.00,4.88,1.74,3.78,5.11,3.61,6.07,15.10,23.40,76.08,9.95,3.45,5.30
18.00,18.0,26/11/2025 09:34:28,2.484,14.088,,15.8,889429.0,594036.0,960250.18,4571.38,1696.85,8764.67,1453.31,17351.43,653.97,26.66,22.57,2436.71,88.02,848.96,155.68,2153.88,72.72,164.65,38.46,96.28,49.15,87.25,33.78,167.21,28.85,2861.96,258.53,3.87,0.52,108.68,16.48,11.68,2.51,0.00,0.00,3.89,1.48,5.62,3.81,2.45,4.66,6.52,21.26,72.30,9.34,3.78,4.82,76609.99,7580.60,2813.84,16560.53,2745.97,37120.51,1399.06,61.10,51.71,6084.23,219.78,1022.66,187.54,3013.72,101.76,274.72,64.18,171.87,87.75,127.51,49.38,240.26,41.45,4091.87,369.63,4.92,0.66,136.04,20.62,14.54,3.13,0.00,0.00,4.60,1.75,7.59,5.15,3.26,6.22,7.28,23.74,77.89,10.06,4.28,5.47
18.10,18.1,26/11/2025 09:34:28,2.915,7.478,1181247.106,15.8,883223.0,593726.0,963690.67,4270.30,1739.06,7781.65,1305.16,15916.41,606.35,46.26,35.19,2384.40,86.34,773.97,146.68,1890.98,69.97,162.67,37.76,85.03,48.08,62.15,28.92,60.16,11.36,2719.75,245.25,4.12,0.52,49.49,4.20,9.65,2.43,0.00,0.00,3.25,1.44,3.55,3.72,1.40,4.50,10.72,20.87,70.15,8.92,3.28,4.72,70142.80,7081.33,2883.84,14703.14,2466.05,34050.54,1297.20,105.99,80.64,5953.62,215.57,932.33,176.70,2645.88,97.90,271.41,63.01,151.79,85.83,90.84,42.28,86.44,16.32,3888.55,350.65,5.24,0.66,61.95,5.26,12.01,3.02,0.00,0.00,3.84,1.70,4.80,5.03,1.86,6.00,11.97,23.30,75.56,9.61,3.72,5.36
18.20,18.2,26/11/2025 09:34:28,2.161,6.750,,15.8,890100.0,593881.0,959656.86,5573.38,1783.35,8520.16,1417.15,17186.76,648.90,93.57,60.89,2579.85,91.99,720.90,141.56,2203.58,73.51,148.48,36.70,107.40,49.22,71.26,30.82,95.80,17.22,2854.91,257.89,3.84,0.51,78.64,9.24,9.52,2.43,0.00,0.00,4.88,1.48,4.95,3.86,1.39,4.57,7.43,21.22,72.86,9.32,3.57,4.74,77700.04,9242.20,2957.28,16098.53,2677.66,36768.23,1388.21,214.40,139.53,6441.63,229.68,868.40,170.53,3083.26,102.85,247.74,61.24,191.73,87.87,104.15,45.05,137.66,24.74,4081.79,368.71,4.89,0.65,98.44,11.57,11.85,3.03,0.00,0.00,5.77,1.75,6.69,5.21,1.85,6.10,8.29,23.70,78.49,10.04,4.05,5.37
18.30,18.3,26/11/2025 09:34:28,3.811,5.957,,15.8,887106.0,593819.0,957181.21,7214.10,1842.28,8956.41,1483.29,17456.06,658.09,59.34,43.09,2723.32,95.94,784.39,149.30,2173.60,73.89,113.98,32.87,99.18,49.57,81.76,32.82,150.83,26.07,2815.75,253.91,3.72,0.51,76.35,8.71,10.01,2.47,0.00,0.00,4.13,1.49,2.94,3.85,2.99,4.64,9.16,21.38,75.68,9.52,5.09,4.94,82104.55,11962.96,3055.02,16922.81,2802.62,37344.36,1407.87,135.96,98.73,6799.88,239.55,944.88,179.85,3041.32,103.38,190.17,54.84,177.05,88.49,119.50,47.97,216.72,37.45,4025.81,363.03,4.73,0.65,95.57,10.90,12.46,3.07,0.00,0.00,4.89,1.77,3.98,5.20,3.99,6.19,10.22,23.87,81.53,10.26,5.77,5.60
18.40,18.4,26/11/2025 09:34:28,3.916,12.702,,15.8,886160.0,591237.0,962975.21,3362.52,1691.88,8336.73,1388.47,16443.63,623.49,34.84,28.14,2512.45,89.67,733.37,142.72,2158.01,72.78,153.52,36.80,135.30,48.94,68.57,30.04,99.16,17.63,2810.25,253.73,4.33,0.53,57.43,5.37,9.67,2.42,0.00,0.00,3.82,1.45,5.67,3.73,1.53,4.54,11.99,20.91,77.03,9.30,4.97,4.77,71726.43,5575.98,2805.61,15751.93,2623.46,35178.43,1333.86,79.84,64.49,6273.35,223.91,883.42,171.92,3019.51,101.83,256.15,61.40,241.54,87.37,100.22,43.91,142.47,25.33,4017.94,362.77,5.51,0.68,71.89,6.73,12.03,3.02,0.00,0.00,4.51,1.71,7.65,5.04,2.04,6.05,13.39,23.35,82.98,10.02,5.64,5.41
18.50,18.5,26/11/2025 09:35:41,0.438,7.347,,15.8,882614.0,592291.0,963932.72,3478.33,1682.85,8073.95,1348.51,16292.86,618.38,43.59,33.55,2126.67,79.50,757.00,144.69,1833.41,69.38,148.09,36.24,138.90,48.68,91.94,34.28,124.07,21.65,2786.73,251.59,3.83,0.51,57.80,5.47,9.60,2.39,0.00,0.00,4.00,1.43,5.45,3.72,2.88,4.48,9.91,20.74,72.21,9.09,6.07,4.67,69759.35,5768.03,2790.63,15255.42,2547.96,34855.88,1322.92,99.89,76.88,5310.10,198.50,911.89,174.30,2565.32,97.08,247.09,60.47,247.96,86.90,134.38,50.11,178.28,31.11,3984.31,359.70,4.88,0.65,72.35,6.84,11.94,2.98,0.00,0.00,4.73,1.69,7.36,5.03,3.83,5.97,11.06,23.15,77.79,9.79,6.88,5.30
18.60,18.6,26/11/2025 09:35:41,3.659,6.941,1181247.708,15.8,879564.0,593150.0,966289.43,3185.74,1666.95,7357.58,1238.28,15283.94,584.41,71.93,49.09,2317.72,84.48,473.27,114.47,1703.83,67.55,145.08,35.66,108.56,47.71,88.98,33.55,72.88,13.40,2725.37,245.97,4.02,0.51,75.29,8.80,11.11,2.45,0.00,0.00,3.32,1.37,2.74,3.72,2.02,4.42,8.50,20.55,65.42,8.90,3.26,4.61,65562.63,5282.83,2764.26,13901.88,2339.69,32697.47,1250.24,164.81,112.49,5787.12,210.94,570.10,137.89,2384.01,94.52,242.07,59.50,193.81,85.18,130.05,49.04,104.72,19.25,3896.58,351.67,5.11,0.64,94.25,11.02,13.83,3.05,0.00,0.00,3.93,1.63,3.70,5.03,2.70,5.89,9.49,22.94,70.48,9.59,3.70,5.23
18.70,18.7,26/11/2025 09:35:41,3.461,7.335,,15.8,885810.0,592248.0,962566.06,3977.22,1713.76,8246.48,1374.00,16685.33,631.24,31.92,26.03,2146.68,80.01,779.23,147.47,1955.44,70.54,160.71,37.60,132.63,48.94,86.37,33.33,150.64,26.10,2896.84,262.09,4.00,0.51,81.65,9.96,8.71,2.39,0.00,0.00,3.32,1.43,4.47,3.80,2.28,4.56,9.53,20.92,65.10,9.06,5.40,4.70,72187.54,6595.32,2841.89,15581.42,2596.12,35695.51,1350.44,73.15,59.64,5360.06,199.78,938.66,177.64,2736.06,98.69,268.14,62.73,236.76,87.36,126.23,48.72,216.45,37.50,4141.73,374.72,5.09,0.65,102.20,12.47,10.84,2.97,0.00,0.00,3.92,1.70,6.04,5.13,3.04,6.08,10.65,23.35,70.12,9.76,6.13,5.34
18.80,18.8,26/11/2025 09:35:41,2.279,11.371,,15.8,883728.0,593217.0,961763.09,4973.91,1731.06,8417.11,1399.93,16593.29,628.59,42.35,32.74,2054.05,77.60,725.69,141.43,1916.35,70.53,107.13,31.27,125.20,48.69,56.82,28.11,146.23,25.32,2891.25,261.54,4.16,0.52,74.10,8.39,10.68,2.46,0.00,0.00,3.60,1.44,4.93,3.82,2.14,4.53,13.86,20.84,67.95,9.00,6.12,4.89,73481.74,8248.12,2870.57,15903.82,2645.11,35498.60,1344.75,97.04,75.02,5128.75,193.76,874.17,170.36,2681.37,98.69,178.75,52.17,223.50,86.92,83.04,41.08,210.11,36.38,4133.74,373.93,5.29,0.66,92.76,10.50,13.29,3.06,0.00,0.00,4.25,1.70,6.66,5.16,2.86,6.04,15.48,23.27,73.19,9.70,6.94,5.55
18.90,18.9,26/11/2025 09:35:41,2.125,11.766,,15.8,880631.0,594436.0,963981.30,3984.72,1684.82,7977.76,1333.20,15914.70,605.88,112.32,69.96,2022.83,76.67,475.47,114.82,1989.48,70.49,115.95,32.42,119.36,48.31,87.39,33.35,137.59,23.80,2878.78,260.43,4.20,0.51,80.89,9.87,10.64,2.47,0.00,0.00,3.69,1.46,6.54,3.74,2.93,4.54,10.05,20.69,77.82,9.36,5.58,4.75,69479.17,6607.77,2793.89,15073.68,2519.04,34046.87,1296.18,257.37,160.31,5050.82,191.44,572.76,138.32,2783.70,98.63,193.47,54.10,213.08,86.24,127.73,48.74,197.70,34.20,4115.92,372.34,5.35,0.64,101.25,12.36,13.24,3.07,0.00,0.00,4.36,1.73,8.84,5.05,3.90,6.05,11.22,23.10,83.83,10.08,6.33,5.39
19.00,19.0,26/11/2025 09:35:41,4.647,11.637,,15.8,879660.0,592830.0,965186.01,3854.54,1721.90,7643.54,1283.84,15521.04,592.79,78.96,52.81,1952.36,74.55,746.10,142.67,1781.58,68.16,129.04,33.54,142.87,48.15,76.83,31.21,14.64,3.08,2700.51,243.48,3.78,0.51,55.49,5.14,8.87,2.36,0.00,0.00,5.00,1.42,5.30,3.69,1.60,4.44,21.74,20.49,66.13,8.88,4.06,4.59,67151.46,6391.89,2855.38,14442.18,2425.77,33204.71,1268.17,180.92,121.02,4874.85,186.13,898.76,171.86,2492.80,95.38,215.31,55.97,255.04,85.95,112.29,45.61,21.03,4.42,3861.04,348.12,4.81,0.64,69.46,6.44,11.05,2.94,0.00,0.00,5.92,1.68,7.16,4.99,2.14,5.92,24.27,22.88,71.23,9.57,4.61,5.21
19.10,19.1,26/11/2025 09:35:41,5.011,17.589,1181244.069,15.8,882456.0,592729.0,962684.30,4452.01,1698.60,7857.82,1314.15,16678.08,630.65,5.24,5.03,2027.55,76.67,850.11,155.57,1978.24,70.69,177.46,39.17,131.96,48.76,59.62,28.54,98.53,17.55,2802.79,253.08,4.12,0.52,89.64,11.81,11.84,2.46,0.00,0.00,4.44,1.47,3.93,3.80,2.62,4.54,6.85,20.88,67.80,8.97,5.04,4.81,71776.63,7382.66,2816.75,14847.06,2483.03,35679.99,1349.17,12.01,11.52,5062.59,191.44,1024.04,187.40,2767.96,98.91,296.10,65.35,235.57,87.04,87.14,41.71,141.58,25.22,4007.28,361.84,5.24,0.67,112.21,14.78,14.74,3.06,0.00,0.00,5.26,1.74,5.31,5.13,3.49,6.05,7.65,23.31,73.03,9.66,5.72,5.45
19.20,19.2,26/11/2025 09:35:41,4.163,17.393,,15.8,886820.0,589838.0,960999.30,3733.07,1699.41,8452.61,1406.80,17789.32,668.35,196.73,113.63,2263.64,83.49,821.57,153.26,1976.25,71.42,202.77,41.57,141.50,49.40,68.07,30.11,84.84,15.36,3080.16,279.52,4.49,0.54,79.90,9.49,8.72,2.37,0.00,0.00,4.55,1.48,5.07,3.82,1.46,4.58,8.25,21.11,71.63,9.25,6.12,4.91,75516.58,6190.46,2818.08,15970.88,2658.09,38057.31,1429.82,450.77,260.38,5652.09,208.47,989.66,184.62,2765.18,99.93,338.32,69.36,252.61,88.19,99.49,44.01,121.90,22.07,4403.84,399.64,5.72,0.69,100.02,11.88,10.86,2.95,0.00,0.00,5.38,1.75,6.85,5.16,1.94,6.11,9.21,23.56,77.16,9.97,6.94,5.57
19.30,19.3,26/11/2025 09:35:41,4.945,17.124,,15.8,887708.0,590505.0,960334.54,5029.15,1756.75,8376.80,1395.15,17217.15,649.72,152.62,90.73,2143.09,80.34,832.28,153.83,2075.86,72.17,206.44,41.86,125.80,49.37,47.81,27.19,129.45,22.66,3140.29,285.34,3.67,0.51,68.14,7.15,10.71,2.48,0.00,0.00,5.95,1.55,1.81,3.84,3.13,4.61,9.31,21.25,79.80,9.49,6.19,4.85,76143.59,8339.71,2913.17,15827.65,2636.08,36833.24,1389.97,349.70,207.91,5351.10,200.61,1002.56,185.30,2904.56,100.97,344.45,69.85,224.57,88.13,69.87,39.73,186.00,32.56,4489.81,407.96,4.68,0.65,85.29,8.95,13.33,3.09,0.00,0.00,7.03,1.83,2.45,5.18,4.18,6.15,10.40,23.72,85.97,10.22,7.03,5.50
19.40,19.4,26/11/2025 09:35:41,4.880,14.018,,15.8,885005.0,589512.0,963092.59,2864.46,1679.51,8438.03,1403.53,16741.79,633.32,73.49,50.24,2174.71,80.94,881.58,159.50,1970.63,70.84,193.32,40.72,96.98,48.49,62.98,29.15,45.56,8.84,3151.52,286.61,4.04,0.52,92.22,12.35,10.08,2.43,0.00,0.00,5.44,1.50,4.23,3.80,5.77,4.55,1.91,21.00,81.59,9.54,7.05,4.93,71337.49,4750.07,2785.09,15943.34,2651.92,35816.29,1354.88,168.40,115.12,5430.05,202.09,1061.95,192.14,2757.32,99.12,322.55,67.94,173.12,86.57,92.05,42.61,65.47,12.70,4505.87,409.78,5.15,0.66,115.44,15.46,12.55,3.02,0.00,0.00,6.43,1.77,5.71,5.13,7.70,6.06,2.14,23.45,87.90,10.28,8.00,5.60
19.50,19.5,26/11/2025 09:35:41,3.231,14.943,,15.8,885771.0,589741.0,962800.17,3465.84,1700.37,8011.86,1339.49,16651.59,630.27,113.03,70.08,2263.42,83.23,887.24,160.45,2032.87,71.54,188.75,40.11,140.41,48.98,60.20,28.71,82.12,14.97,3092.52,280.84,3.90,0.52,85.94,10.87,11.15,2.48,0.00,0.00,5.11,1.49,4.88,3.81,3.13,4.53,10.11,20.93,79.56,9.49,6.22,4.86,71772.79,5747.32,2819.68,15138.11,2530.91,35623.32,1348.37,258.99,160.57,5651.53,207.83,1068.77,193.28,2844.41,100.10,314.93,66.93,250.65,87.44,87.99,41.97,118.00,21.50,4421.51,401.53,4.96,0.66,107.58,13.61,13.88,3.09,0.00,0.00,6.05,1.76,6.59,5.15,4.18,6.04,11.29,23.37,85.70,10.23,7.05,5.51
19.60,19.6,26/11/2025 09:35:41,1.770,11.043,1181243.539,15.8,883756.0,588679.0,960849.43,4942.23,1726.17,8083.69,1349.39,17152.08,647.18,16.02,14.52,2120.19,79.43,942.62,166.95,2082.87,72.05,274.33,47.25,98.86,48.89,58.33,28.66,81.98,14.94,3085.76,280.07,4.34,0.52,98.17,13.72,8.91,2.44,0.00,0.00,5.52,1.52,7.56,3.84,2.23,4.58,3.54,21.25,77.62,9.41,3.75,4.88,75044.01,8195.58,2862.46,15273.83,2549.62,36694.04,1384.53,36.71,33.28,5293.92,198.33,1135.48,201.11,2914.37,100.81,457.71,78.84,176.48,87.27,85.25,41.89,117.79,21.46,4411.85,400.42,5.52,0.66,122.88,17.18,11.08,3.04,0.00,0.00,6.52,1.80,10.21,5.19,2.98,6.11,3.95,23.73,83.61,10.14,4.25,5.54
19.70,19.7,26/11/2025 09:35:41,2.691,18.316,,15.8,888723.0,588135.0,960146.13,4544.67,1693.65,8818.64,1461.41,16991.85,642.34,51.99,38.95,2421.36,87.66,923.02,164.90,2218.08,73.63,261.96,46.39,153.99,49.77,56.92,28.46,89.40,16.17,3114.02,282.69,3.62,0.51,103.39,14.98,10.51,2.52,0.03,0.20,5.56,1.54,8.64,3.88,3.17,4.61,5.29,21.23,64.22,9.06,3.54,4.95,76555.12,7536.31,2808.55,16662.50,2761.27,36351.26,1374.18,119.12,89.26,6045.91,218.89,1111.87,198.64,3103.55,103.02,437.08,77.40,274.90,88.85,83.20,41.59,128.45,23.23,4452.25,404.17,4.61,0.65,129.42,18.76,13.09,3.14,0.04,0.26,6.57,1.82,11.67,5.25,4.23,6.14,5.91,23.70,69.18,9.76,4.01,5.62
19.80,19.8,26/11/2025 09:35:41,4.221,11.638,,15.8,888143.0,589308.0,962976.42,3136.02,1690.48,8123.56,1355.95,16513.78,625.60,73.98,50.48,2357.73,85.52,747.21,143.89,2098.05,71.98,252.90,45.51,115.32,48.58,75.56,31.28,161.72,27.87,3138.35,285.20,4.20,0.53,108.71,16.53,13.25,2.59,0.00,0.00,7.14,1.74,8.05,3.87,5.09,4.61,0.00,0.00,79.77,9.51,3.19,4.72,71501.53,5200.39,2803.28,15349.17,2562.02,35328.50,1338.36,169.50,115.66,5887.04,213.53,900.09,173.33,2935.60,100.72,421.96,75.94,205.87,86.73,110.43,45.72,232.36,40.05,4487.04,407.77,5.35,0.67,136.08,20.70,16.49,3.22,0.00,0.00,8.44,2.06,10.87,5.22,6.79,6.15,0.00,0.00,85.93,10.24,3.62,5.36
19.90,19.9,26/11/2025 09:35:41,3.568,10.779,,15.9,880477.0,588419.0,965858.99,4161.97,1675.73,6985.66,1181.85,14950.67,573.39,5.17,5.01,2121.90,79.69,742.58,142.87,1779.48,68.40,187.14,39.78,75.12,47.62,58.58,28.19,111.85,19.74,2752.42,248.52,3.68,0.49,99.76,14.51,9.41,2.38,0.00,0.00,6.17,1.59,4.13,3.71,2.26,4.38,9.76,20.74,69.78,8.96,3.52,4.63,65654.88,6901.69,2778.83,13199.14,2233.06,31984.50,1226.67,11.86,11.49,5298.18,198.98,894.51,172.11,2489.86,95.71,312.24,66.38,134.11,85.01,85.62,41.20,160.72,28.36,3935.25,355.32,4.68,0.63,124.88,18.17,11.71,2.96,0.00,0.00,7.29,1.88,5.58,5.01,3.01,5.83,10.90,23.16,75.17,9.65,3.99,5.25
20.00,20.0,26/11/2025 09:35:41,3.373,11.702,,15.8,881297.0,588140.0,965108.02,3621.53,1701.89,7581.74,1273.17,15673.28,597.48,14.43,13.12,1937.55,74.34,893.95,160.54,1847.20,69.23,156.24,36.61,137.26,48.38,79.62,31.83,18.55,3.86,2734.79,246.77,4.02,0.51,76.85,9.07,11.34,2.46,0.00,0.00,5.71,1.53,5.71,3.70,1.22,4.44,19.19,20.65,67.91,9.04,3.91,4.65,67183.03,6005.50,2822.21,14325.42,2405.61,33530.39,1278.21,33.06,30.07,4837.89,185.62,1076.86,193.38,2584.61,96.87,260.69,61.09,245.04,86.37,116.36,46.52,26.65,5.54,3910.04,352.81,5.12,0.65,96.20,11.36,14.11,3.06,0.00,0.00,6.75,1.81,7.72,4.99,1.62,5.92,21.42,23.06,73.15,9.74,4.44,5.28
20.10,20.1,26/11/2025 09:36:00,3.315,16.070,1181244.530,15.9,874539.0,587838.0,967970.20,3155.15,1658.59,7035.23,1189.88,14180.14,547.64,62.45,44.07,2041.22,77.08,688.52,136.70,1683.41,66.99,145.25,35.50,111.24,47.41,56.23,27.56,39.61,7.77,2634.50,237.38,3.79,0.49,93.95,13.18,9.36,2.32,0.00,0.00,6.12,1.57,3.16,3.64,2.12,4.32,8.25,20.42,65.29,8.76,4.82,4.58,61865.73,5232.10,2750.40,13292.80,2248.23,30336.06,1171.59,143.09,100.98,5096.74,192.47,829.40,164.67,2355.44,93.73,242.34,59.22,198.58,84.64,82.19,40.28,56.91,11.16,3766.66,339.40,4.82,0.62,117.61,16.50,11.65,2.89,0.00,0.00,7.24,1.85,4.27,4.91,2.82,5.76,9.21,22.80,70.33,9.44,5.47,5.20
20.20,20.2,26/11/2025 09:36:20,3.001,11.310,,15.8,881189.0,589231.0,966783.40,2694.73,1650.57,7199.91,1216.31,15020.15,576.51,17.00,15.37,2279.55,83.53,729.73,140.81,1825.92,68.49,187.06,39.33,93.97,47.29,73.96,30.63,79.08,14.37,2840.14,256.90,3.78,0.50,60.29,5.94,7.51,2.36,0.00,0.00,5.86,1.53,4.04,3.71,2.27,4.42,17.72,20.48,70.47,9.04,3.44,4.71,64337.27,4468.60,2737.10,13603.97,2298.18,32133.13,1233.36,38.96,35.22,5691.81,208.58,879.03,169.62,2554.83,95.83,312.12,65.62,167.76,84.41,108.10,44.76,113.63,20.64,4060.68,367.30,4.82,0.64,75.48,7.43,9.34,2.93,0.00,0.00,6.93,1.81,5.45,5.01,3.03,5.90,19.78,22.87,75.91,9.74,3.90,5.34
20.30,20.3,26/11/2025 09:36:39,2.903,12.037,,15.8,877761.0,588175.0,967477.90,3869.58,1715.56,6698.80,1140.59,14049.25,543.84,160.82,94.07,2041.16,76.93,748.86,143.23,1710.96,67.39,165.91,37.54,130.74,47.87,70.49,29.96,6.92,1.50,2662.27,240.05,3.54,0.48,102.91,15.48,8.63,2.30,0.00,0.00,4.46,1.43,6.69,3.65,1.83,4.37,12.73,20.47,62.26,8.76,3.31,4.64,62566.54,6416.83,2844.88,12657.13,2155.10,30056.05,1163.45,368.50,215.54,5096.58,192.09,902.08,172.53,2393.98,94.30,276.82,62.63,233.40,85.46,103.02,43.79,9.94,2.15,3806.37,343.21,4.50,0.61,128.82,19.38,10.75,2.86,0.00,0.00,5.27,1.69,9.04,4.94,2.43,5.82,14.21,22.86,67.06,9.43,3.75,5.27
20.40,20.4,26/11/2025 09:36:58,2.933,13.158,,15.8,879324.0,588631.0,967857.21,3639.65,1670.43,6817.39,1157.41,13872.18,537.75,87.99,57.50,1989.51,75.41,680.16,134.89,1739.84,67.38,140.31,35.00,138.35,47.85,84.73,32.60,77.06,22.34,2690.92,242.81,3.87,0.50,75.14,8.82,10.13,2.38,0.00,0.00,4.27,1.42,6.10,3.67,0.82,4.37,10.00,20.40,69.16,8.88,5.24,4.63,61797.46,6035.54,2770.04,12881.21,2186.88,29677.24,1150.43,201.62,131.75,4967.61,188.29,819.32,162.49,2434.39,94.28,234.11,58.39,246.98,85.41,123.84,47.65,110.72,32.10,3847.32,347.15,4.92,0.63,94.06,11.04,12.61,2.96,0.00,0.00,5.04,1.67,8.23,4.96,1.09,5.82,11.16,22.78,74.50,9.57,5.94,5.26
20.50,20.5,26/11/2025 09:37:28,3.899,10.049,,15.8,879441.0,588880.0,969125.66,3551.27,1667.11,6428.80,1098.60,13371.35,521.35,32.76,52.72,1784.24,69.92,748.09,142.27,1631.89,66.09,171.00,38.44,96.50,47.38,57.78,27.84,54.97,10.47,2772.59,250.74,3.96,0.50,82.01,10.36,8.94,2.33,0.00,0.00,3.49,1.38,5.57,3.66,2.38,4.33,0.00,0.00,61.79,8.61,4.96,4.52,59147.34,5888.99,2764.53,12146.99,2075.77,28605.79,1115.33,75.06,120.81,4455.07,174.59,901.15,171.38,2283.35,92.47,285.31,64.14,172.27,84.58,84.45,40.69,78.99,15.05,3964.09,358.49,5.04,0.64,102.66,12.97,11.12,2.90,0.00,0.00,4.13,1.63,7.53,4.95,3.17,5.78,0.00,0.00,66.56,9.28,5.63,5.13
20.60,20.6,26/11/2025 09:37:47,5.569,8.990,1181244.267,15.8,875769.0,589405.0,966254.54,4260.81,1629.40,7274.93,1223.95,14552.70,559.97,4.10,3.98,1911.15,73.32,616.61,128.17,1763.27,67.97,180.25,38.97,95.98,47.34,68.96,29.72,92.23,16.48,2754.55,248.73,3.59,0.49,71.01,7.94,8.50,2.38,0.00,0.00,5.23,1.46,5.95,3.69,1.13,4.39,6.48,20.50,63.42,8.89,4.62,4.65,64779.95,7065.60,2701.99,13745.70,2312.60,31133.10,1197.95,9.39,9.11,4771.95,183.07,742.77,154.40,2467.18,95.11,300.75,65.02,171.34,84.51,100.79,43.44,132.52,23.68,3938.30,355.62,4.57,0.63,88.88,9.94,10.58,2.97,0.00,0.00,6.19,1.72,8.03,4.98,1.51,5.85,7.23,22.89,68.31,9.58,5.24,5.28
20.70,20.7,26/11/2025 09:38:07,3.548,8.663,,15.8,877334.0,590649.0,966526.12,4344.69,1710.01,7117.37,1202.29,14082.99,544.73,71.96,48.75,2019.23,76.07,651.91,131.64,1774.36,68.02,208.98,41.19,162.68,48.18,84.81,32.54,94.02,16.69,2681.68,241.72,3.59,0.49,74.84,8.72,9.30,2.36,0.00,0.00,7.31,1.73,8.26,3.67,2.09,4.42,8.34,20.38,61.94,8.71,3.52,4.62,64200.35,7204.69,2835.66,13448.01,2271.68,30128.24,1165.37,164.89,111.69,5041.82,189.94,785.29,158.58,2482.69,95.18,348.68,68.72,290.42,86.00,123.95,47.56,135.09,23.99,3834.12,345.59,4.57,0.62,93.69,10.92,11.57,2.94,0.00,0.00,8.65,2.04,11.16,4.96,2.79,5.90,9.31,22.76,66.72,9.38,4.00,5.24
20.80,20.8,26/11/2025 09:38:26,3.348,15.869,,15.8,873431.0,592017.0,970078.35,2930.48,1663.52,6394.16,1093.47,13509.42,525.30,68.70,47.13,1628.05,64.98,625.62,128.14,1647.74,65.83,183.18,38.38,121.00,46.75,96.04,34.64,15.25,3.19,2498.30,224.54,3.83,0.48,90.20,12.38,9.09,2.31,0.00,0.00,5.70,1.50,2.89,3.59,3.41,4.29,17.88,20.08,64.59,8.62,6.15,4.57,57620.51,4859.54,2758.57,12081.53,2066.08,28901.18,1123.80,157.41,107.99,4065.07,162.26,753.62,154.36,2305.53,92.11,305.63,64.03,216.00,83.46,140.36,50.62,21.91,4.58,3571.94,321.04,4.87,0.61,112.91,15.50,11.31,2.87,0.00,0.00,6.74,1.77,3.90,4.85,4.55,5.72,19.96,22.42,69.57,9.28,6.97,5.18
20.90,20.9,26/11/2025 09:38:46,3.287,9.988,,15.8,881426.0,593208.0,966361.73,4626.94,1724.61,7133.60,1206.23,14071.32,545.26,65.32,45.83,2139.10,79.98,606.10,127.97,1709.69,67.86,191.50,40.44,101.96,47.94,62.10,28.72,43.99,8.58,2705.53,244.19,4.05,0.50,83.03,10.51,9.59,2.34,0.00,0.00,4.03,1.44,6.57,3.70,1.86,4.43,0.00,0.00,68.36,8.95,3.63,4.65,64606.42,7672.74,2859.88,13478.67,2279.13,30103.27,1166.49,149.67,105.01,5341.13,199.69,730.11,154.15,2392.22,94.95,319.51,67.48,182.02,85.58,90.76,41.97,63.20,12.33,3868.21,349.13,5.15,0.64,103.94,13.15,11.94,2.91,0.00,0.00,4.76,1.70,8.87,5.00,2.47,5.91,0.00,0.00,73.64,9.64,4.12,5.27
21.00,21.0,26/11/2025 09:39:15,3.679,10.977,,15.8,881053.0,596096.0,967227.73,3338.96,1677.40,7280.86,1227.11,14390.51,554.86,156.27,91.31,1975.67,75.11,641.75,131.21,1698.33,67.56,189.01,40.15,76.18,47.38,83.22,32.43,27.14,5.50,2740.87,247.54,4.24,0.53,71.09,7.99,9.34,2.40,0.00,0.00,4.98,1.44,3.33,3.70,2.98,4.45,2.34,20.64,71.21,9.10,3.99,4.66,63255.39,5536.91,2781.59,13756.92,2318.57,30786.13,1187.03,358.07,209.22,4933.06,187.53,773.06,158.05,2376.31,94.53,315.36,67.00,136.00,84.59,121.63,47.40,38.99,7.91,3918.74,353.92,5.40,0.67,88.99,10.00,11.63,2.99,0.00,0.00,5.88,1.70,4.50,4.99,3.97,5.94,2.62,23.04,76.71,9.80,4.52,5.28
21.10,21.1,26/11/2025 09:39:35,2.138,6.547,1181248.366,15.8,879590.0,594043.0,967665.38,2731.42,1658.89,7323.27,1234.13,14602.98,561.92,132.78,79.59,1726.14,68.33,658.17,132.89,1811.98,68.33,157.30,36.86,125.00,47.85,66.23,29.29,50.85,9.75,2763.37,249.74,3.83,0.50,75.00,8.77,9.26,2.36,0.00,0.00,6.01,1.56,3.46,3.67,1.96,4.42,13.36,20.52,67.94,8.85,4.31,4.66,62373.61,4529.45,2750.90,13837.04,2331.85,31240.67,1202.14,304.24,182.37,4310.00,170.60,792.84,160.08,2535.34,95.61,262.45,61.51,223.15,85.42,96.80,42.81,73.07,14.01,3950.90,357.06,4.87,0.64,93.88,10.98,11.52,2.94,0.00,0.00,7.11,1.84,4.67,4.96,2.62,5.89,14.91,22.91,73.19,9.54,4.89,5.28
21.20,21.2,26/11/2025 09:39:54,2.135,4.827,,15.8,882390.0,594071.0,966662.79,4074.28,1719.42,7192.10,1215.40,14704.41,565.51,83.01,54.51,1685.75,67.30,667.84,133.67,1804.27,68.43,131.84,34.11,125.09,47.84,81.66,32.07,52.02,9.92,2538.35,228.18,3.78,0.49,74.56,8.70,10.21,2.42,0.00,0.00,5.95,1.54,5.01,3.65,1.49,4.37,19.54,20.48,72.00,8.91,4.07,4.58,64028.71,6756.28,2851.26,13589.21,2296.45,31457.66,1209.81,190.20,124.91,4209.16,168.04,804.48,161.02,2524.55,95.74,219.98,56.90,223.31,85.40,119.35,46.88,74.74,14.25,3629.19,326.23,4.80,0.63,93.33,10.89,12.71,3.01,0.00,0.00,7.04,1.82,6.77,4.93,1.98,5.83,21.81,22.87,77.56,9.59,4.62,5.20
21.30,21.3,26/11/2025 09:40:14,3.359,4.295,,15.8,880206.0,596157.0,967875.38,3746.93,1675.39,6886.62,1168.18,13994.21,542.01,55.44,40.12,1933.94,74.00,648.69,131.51,1763.22,67.91,147.59,36.02,95.88,47.41,65.74,29.14,56.42,10.66,2548.32,229.18,4.05,0.50,78.23,9.52,8.69,2.30,0.00,0.00,5.68,1.48,1.93,3.65,4.23,4.43,5.47,20.50,69.20,8.95,4.12,4.62,61820.40,6213.45,2778.25,13012.02,2207.23,29938.29,1159.54,127.03,91.93,4828.87,184.78,781.41,158.42,2467.11,95.02,246.25,60.09,171.17,84.63,96.08,42.59,81.07,15.32,3643.45,327.68,5.15,0.64,97.93,11.91,10.82,2.87,0.00,0.00,6.71,1.75,2.61,4.93,5.64,5.90,6.11,22.89,74.55,9.65,4.68,5.24
21.40,21.4,26/11/2025 09:40:33,2.758,4.499,,15.8,881658.0,595044.0,966393.99,2613.19,1635.89,7345.09,1237.69,15658.92,597.13,129.02,78.01,2011.46,76.08,706.52,138.46,1844.10,68.96,193.74,40.34,128.54,48.20,65.36,29.29,48.58,9.36,2651.11,238.84,4.38,0.52,91.16,12.37,11.16,2.41,0.00,0.00,5.68,1.50,3.76,3.69,3.09,4.49,10.82,20.68,73.92,9.21,6.41,4.69,65217.67,4333.39,2712.76,13878.28,2338.57,33499.67,1277.47,295.64,178.75,5022.41,189.97,851.07,166.79,2580.28,96.48,323.25,67.31,229.46,86.05,95.53,42.81,69.80,13.45,3790.41,341.48,5.57,0.66,114.12,15.48,13.89,3.00,0.00,0.00,6.72,1.78,5.08,4.99,4.12,5.99,12.08,23.09,79.62,9.92,7.27,5.32
21.50,21.5,26/11/2025 09:41:03,2.666,3.702,,15.8,882737.0,595488.0,965876.56,3540.20,1692.51,7376.44,1243.25,14859.64,571.10,163.04,95.92,2355.87,85.69,641.52,132.08,1859.90,69.58,173.04,38.84,64.29,47.74,65.43,29.39,24.35,4.99,2802.76,253.36,4.02,0.52,100.13,14.61,8.81,2.39,0.00,0.00,4.44,1.44,2.07,3.71,2.35,4.51,0.00,0.00,70.16,9.04,4.99,4.59,66004.17,5870.63,2806.65,13937.50,2349.07,31789.75,1221.78,373.58,219.78,5882.39,213.95,772.78,159.10,2602.39,97.35,288.71,64.80,114.76,85.22,95.63,42.96,34.99,7.17,4007.23,362.24,5.12,0.66,125.34,18.29,10.97,2.97,0.00,0.00,5.25,1.70,2.79,5.01,3.13,6.02,0.00,0.00,75.57,9.74,5.66,5.20
21.60,21.6,26/11/2025 09:41:22,5.215,16.532,1181242.413,15.8,878894.0,595795.0,967712.68,3700.74,1732.86,6669.30,1136.44,14201.43,549.02,30.10,24.52,2001.89,75.48,682.26,134.63,1853.45,68.47,157.47,36.56,140.52,47.69,66.48,29.19,57.32,10.80,2546.02,228.90,4.08,0.51,67.82,7.37,9.64,2.36,0.00,0.00,6.76,1.66,4.08,3.69,2.69,4.42,12.80,20.33,67.96,8.86,4.53,4.55,62147.62,6136.84,2873.57,12601.39,2147.26,30381.62,1174.54,68.96,56.18,4998.53,188.48,821.85,162.18,2593.35,95.80,262.74,61.00,250.86,85.14,97.16,42.66,82.36,15.52,3640.15,327.27,5.19,0.65,84.90,9.23,12.00,2.94,0.00,0.00,7.99,1.96,5.51,4.99,3.58,5.90,14.29,22.70,73.21,9.55,5.14,5.16
21.70,21.7,26/11/2025 09:41:41,3.655,14.286,,15.8,880041.0,597630.0,967545.46,2963.38,1675.11,7404.02,1245.88,14031.07,543.05,172.01,99.57,2156.57,79.69,601.38,126.37,1819.79,68.27,196.95,40.70,99.04,47.34,70.99,30.04,85.07,15.35,2650.89,238.91,3.71,0.50,103.22,15.55,9.06,2.41,0.00,0.00,4.80,1.41,6.16,3.72,3.38,4.49,0.55,20.49,69.14,8.92,3.37,4.65,62734.57,4914.11,2777.80,13989.61,2354.05,30017.16,1161.77,394.14,228.16,5384.76,198.99,724.43,152.23,2546.27,95.53,328.61,67.91,176.80,84.50,103.75,43.90,122.23,22.06,3790.09,341.58,4.72,0.64,129.20,19.46,11.27,3.00,0.00,0.00,5.67,1.67,8.32,5.03,4.50,5.98,0.62,22.88,74.48,9.61,3.82,5.28
21.80,21.8,26/11/2025 09:42:01,4.080,8.402,,15.8,878600.0,596853.0,967173.05,4066.91,1697.70,7028.52,1190.23,14034.06,543.56,50.91,37.58,2144.04,79.30,616.69,128.12,1828.13,68.33,178.66,39.26,87.17,47.35,64.97,29.05,71.62,13.18,2482.19,222.81,3.47,0.48,75.53,8.93,8.44,2.31,0.00,0.00,4.25,1.44,5.05,3.69,2.90,4.43,0.44,20.57,68.03,8.98,4.99,4.58,63223.71,6744.05,2815.26,13280.13,2248.90,30023.55,1162.85,116.65,86.11,5353.47,197.99,742.86,154.33,2557.93,95.60,298.10,65.50,155.62,84.53,94.96,42.45,102.90,18.94,3548.89,318.57,4.41,0.62,94.55,11.18,10.51,2.88,0.00,0.00,5.03,1.70,6.82,4.99,3.86,5.91,0.49,22.96,73.28,9.67,5.66,5.20
21.90,21.9,26/11/2025 09:42:20,4.536,9.921,,15.8,880455.0,596605.0,967115.85,3726.82,1644.81,7037.05,1190.28,14472.52,557.71,116.53,71.14,2057.36,76.84,560.60,121.79,1801.49,68.00,125.40,33.44,117.27,47.66,78.63,31.38,49.44,9.45,2559.52,230.18,4.02,0.50,71.99,8.19,9.78,2.41,0.00,0.00,5.39,1.47,5.53,3.73,1.57,4.39,10.20,20.43,68.14,8.86,4.91,4.63,63515.60,6180.10,2727.56,13296.24,2249.00,30961.57,1193.13,267.01,163.01,5137.04,191.86,675.30,146.71,2520.65,95.15,209.23,55.79,209.35,85.09,114.92,45.86,71.04,13.57,3659.46,329.10,5.11,0.64,90.11,10.25,12.17,3.00,0.00,0.00,6.38,1.73,7.47,5.04,2.09,5.86,11.39,22.81,73.40,9.55,5.57,5.25
22.00,22.0,26/11/2025 09:42:50,4.735,11.044,,15.8,878670.0,594224.0,963686.83,5886.52,1765.28,7391.38,1243.95,15171.05,580.90,84.74,55.68,2062.89,77.74,662.14,133.95,1864.30,69.40,191.09,40.27,101.48,48.05,78.70,31.72,49.91,9.56,2586.47,232.55,4.06,0.52,81.49,10.09,8.16,2.42,0.00,0.00,4.44,1.46,3.32,3.75,1.63,4.47,4.61,20.78,69.44,8.96,5.36,4.66,69534.30,9761.48,2927.32,13965.73,2350.39,32455.95,1242.73,194.16,127.59,5150.85,194.11,797.62,161.35,2608.54,97.10,318.83,67.19,181.15,85.77,115.02,46.36,71.71,13.74,3697.99,332.49,5.17,0.66,102.01,12.63,10.15,3.01,0.00,0.00,5.25,1.72,4.48,5.07,2.17,5.97,5.15,23.20,74.80,9.65,6.08,5.28
22.10,22.1,26/11/2025 09:43:10,4.468,5.551,1181248.169,15.8,877897.0,591857.0,966589.53,2841.07,1707.92,7154.95,1209.83,15283.65,584.77,51.38,54.62,2125.71,78.98,752.14,142.96,2004.26,70.18,191.58,40.30,95.00,47.62,74.45,30.82,46.64,8.97,2587.07,232.66,3.80,0.50,103.14,15.46,9.84,2.36,0.00,0.00,4.60,1.44,8.21,3.75,0.88,4.42,0.00,0.00,68.23,8.94,3.90,4.66,64668.65,4711.27,2832.20,13519.01,2285.94,32696.84,1251.02,117.73,125.16,5307.68,197.21,906.04,172.21,2804.37,98.20,319.65,67.25,169.58,85.02,108.81,45.05,67.02,12.89,3698.84,332.65,4.84,0.64,129.11,19.35,12.25,2.93,0.00,0.00,5.45,1.70,11.08,5.06,1.17,5.89,0.00,0.00,73.50,9.63,4.43,5.28
22.20,22.2,26/11/2025 09:43:29,4.308,9.651,,15.8,878603.0,594892.0,965619.56,3940.88,1654.02,7523.07,1262.97,14917.30,572.22,73.85,49.64,2287.43,83.58,568.24,123.91,1912.75,69.46,164.13,37.75,92.20,47.73,73.01,30.61,58.36,10.99,2562.48,230.30,3.99,0.51,94.44,13.19,11.10,2.43,0.00,0.00,4.49,1.42,6.07,3.67,1.45,4.48,6.55,20.68,72.18,9.08,6.45,4.68,66441.95,6535.07,2742.82,14214.56,2386.34,31913.10,1224.16,169.21,113.75,5711.50,208.69,684.51,149.26,2676.33,97.19,273.86,62.98,164.60,85.21,106.71,44.73,83.86,15.79,3663.70,329.27,5.08,0.64,118.21,16.51,13.82,3.03,0.00,0.00,5.31,1.68,8.20,4.96,1.93,5.97,7.31,23.09,77.75,9.79,7.32,5.30
22.30,22.3,26/11/2025 09:43:49,3.966,5.754,,15.8,874792.0,594792.0,968831.21,4098.35,1678.19,6755.92,1146.73,13329.60,519.67,4.14,4.06,1885.78,72.59,540.46,119.47,1610.87,65.98,122.45,32.77,118.98,47.08,79.32,31.39,55.75,10.52,2384.59,213.67,4.05,0.50,74.32,8.77,8.54,2.29,0.00,0.00,3.95,1.41,4.31,3.67,2.02,4.35,18.08,20.19,65.07,8.51,2.26,4.50,59937.73,6796.19,2782.90,12765.05,2166.70,28516.49,1111.74,9.49,9.31,4708.60,181.24,651.04,143.91,2253.94,92.32,204.31,54.67,212.41,84.05,115.93,45.88,80.10,15.12,3409.36,305.49,5.15,0.64,93.03,10.97,10.63,2.84,0.00,0.00,4.67,1.67,5.82,4.96,2.70,5.80,20.19,22.54,70.09,9.17,2.56,5.10
22.40,22.4,26/11/2025 09:44:08,4.290,6.477,,15.8,884330.0,595450.0,966410.12,2211.30,1697.81,7694.16,1291.79,15636.48,596.37,24.82,21.08,2158.41,80.26,669.15,134.98,1864.17,69.59,162.71,37.75,95.54,47.80,82.28,32.29,98.66,17.53,2701.00,243.53,4.06,0.51,77.08,9.15,9.90,2.42,0.00,0.00,5.19,1.45,7.78,3.76,2.58,4.48,8.26,20.68,72.01,8.97,4.32,4.67,65308.64,3666.94,2815.44,14537.83,2440.80,33451.68,1275.83,56.88,48.31,5389.33,200.39,806.06,162.60,2608.36,97.37,271.48,62.99,170.56,85.34,120.26,47.19,141.76,25.19,3861.74,348.19,5.17,0.64,96.49,11.46,12.32,3.02,0.00,0.00,6.14,1.72,10.51,5.07,3.44,5.97,9.22,23.08,77.57,9.66,4.90,5.30
22.50,22.5,26/11/2025 09:44:38,4.822,10.248,,15.8,880669.0,598150.0,969555.43,3210.33,1688.89,6494.92,1109.45,13387.10,521.88,127.70,77.43,2113.25,79.04,318.66,99.39,1683.17,66.66,107.56,31.41,62.86,46.86,53.91,27.17,73.19,13.50,2636.74,237.83,3.42,0.47,79.44,9.85,9.90,2.41,0.00,0.00,4.73,1.41,6.11,3.64,3.05,4.39,0.00,0.00,63.29,8.66,5.24,4.61,58996.81,5323.62,2800.65,12271.91,2096.26,28639.49,1116.47,292.61,177.43,5276.58,197.36,383.86,119.72,2355.10,93.27,179.46,52.41,112.22,83.65,78.80,39.71,105.17,19.39,3769.86,340.03,4.35,0.60,99.44,12.33,12.33,3.00,0.00,0.00,5.59,1.66,8.25,4.92,4.07,5.85,0.00,0.00,68.17,9.33,5.95,5.23
22.60,22.6,26/11/2025 09:44:58,3.364,9.787,1181242.412,15.8,881200.0,595711.0,969125.49,3365.96,1665.14,6700.34,1138.82,13595.39,528.71,30.94,25.24,2171.64,80.56,384.79,106.09,1654.13,66.63,143.93,35.57,87.22,47.20,55.52,27.51,36.74,7.32,2475.82,222.49,3.87,0.49,68.28,7.54,8.50,2.27,0.00,0.00,4.46,1.40,4.51,3.63,3.08,4.39,9.24,20.48,63.92,8.70,6.25,4.61,59870.35,5581.70,2761.27,12660.04,2151.75,29085.10,1131.09,70.89,57.82,5422.38,201.15,463.52,127.80,2314.47,93.22,240.14,59.34,155.70,84.26,81.14,40.21,52.80,10.52,3539.78,318.11,4.92,0.62,85.47,9.43,10.58,2.83,0.00,0.00,5.27,1.66,6.09,4.90,4.10,5.85,10.31,22.86,68.85,9.37,7.09,5.23
22.70,22.7,26/11/2025 09:45:17,2.198,9.855,,15.8,880726.0,596086.0,969173.37,3321.86,1706.67,6764.68,1151.61,13590.72,528.93,48.57,36.27,1785.22,69.67,656.83,132.28,1615.29,66.33,127.52,33.57,113.86,47.36,72.13,30.18,90.27,16.22,2445.47,219.49,4.01,0.50,89.85,12.28,11.25,2.41,0.00,0.00,5.72,1.48,3.86,3.61,2.69,4.40,13.40,20.36,60.09,8.51,3.33,4.53,59363.61,5508.57,2830.13,12781.62,2175.93,29075.10,1131.56,111.29,83.10,4457.52,173.97,791.22,159.34,2260.12,92.81,212.76,56.00,203.27,84.55,105.42,44.11,129.70,23.31,3496.39,313.82,5.11,0.64,112.47,15.37,14.01,3.00,0.00,0.00,6.77,1.75,5.21,4.88,3.59,5.87,14.96,22.73,64.73,9.16,3.77,5.14
22.80,22.8,26/11/2025 09:45:37,6.161,15.345,,15.8,882266.0,596047.0,966772.34,3652.54,1695.21,7307.02,1232.51,14620.96,563.13,131.71,79.43,1994.67,75.87,724.78,140.37,1821.99,68.54,200.66,41.19,97.34,47.81,66.43,29.46,62.45,11.75,2334.50,208.88,4.15,0.51,104.99,16.08,9.06,2.22,0.00,0.00,4.22,1.42,4.16,3.67,2.04,4.38,7.77,20.72,71.63,8.96,4.56,4.58,64132.60,6056.92,2811.13,13806.35,2328.79,31279.13,1204.73,301.80,181.99,4980.51,189.43,873.08,169.09,2549.34,95.90,334.79,68.72,173.77,85.36,97.10,43.06,89.73,16.88,3337.74,298.64,5.29,0.64,131.43,20.13,11.28,2.77,0.00,0.00,4.99,1.67,5.61,4.96,2.72,5.84,8.68,23.14,77.16,9.65,5.18,5.20
22.90,22.9,26/11/2025 09:45:56,3.709,14.419,,15.8,882638.0,597200.0,965985.71,4182.21,1663.51,7518.03,1263.05,14667.56,564.27,101.28,63.73,1978.54,75.57,743.49,143.11,1754.12,68.23,183.51,39.40,125.44,48.10,86.67,33.17,50.12,9.65,2421.90,217.05,3.91,0.50,88.95,11.90,11.03,2.38,0.00,0.00,4.76,1.43,3.77,3.71,2.47,4.44,14.44,20.65,68.34,8.97,3.75,4.64,65470.97,6935.25,2758.56,14205.05,2386.49,31378.82,1207.15,232.08,146.02,4940.23,188.69,895.62,172.40,2454.37,95.46,306.19,65.73,223.94,85.86,126.67,48.48,72.01,13.86,3462.70,310.33,4.97,0.64,111.34,14.90,13.73,2.96,0.00,0.00,5.63,1.69,5.10,5.01,3.30,5.92,16.12,23.05,73.62,9.67,4.25,5.27
23.00,23.0,26/11/2025 09:46:26,6.582,7.736,,15.8,884944.0,596847.0,964749.59,3847.85,1665.62,7669.88,1286.91,15787.93,601.82,167.08,97.83,2169.20,80.83,619.95,130.31,1942.81,70.61,111.47,31.87,113.68,48.31,80.35,32.04,67.23,12.49,2468.10,221.33,3.90,0.49,85.71,11.07,9.96,2.38,0.00,0.00,4.71,1.45,7.48,3.78,2.97,4.50,19.69,20.75,66.03,8.85,4.43,4.69,68286.87,6380.80,2762.06,14491.96,2431.57,33775.67,1287.50,382.84,224.18,5416.30,201.84,746.79,156.97,2718.39,98.80,185.98,53.18,202.94,86.25,117.43,46.83,96.60,17.94,3528.75,316.44,4.96,0.62,107.29,13.85,12.39,2.97,0.00,0.00,5.57,1.72,10.10,5.10,3.96,6.01,21.99,23.17,71.13,9.54,5.02,5.32
23.10,23.1,26/11/2025 09:46:45,5.682,5.031,1181245.454,15.8,879534.0,595449.0,966584.74,3558.90,1639.16,7312.72,1232.14,14884.71,571.22,48.66,53.46,2104.98,78.83,767.97,145.06,1868.60,69.29,159.15,37.34,126.70,48.23,66.75,29.45,9.58,2.05,2323.41,207.72,4.14,0.50,81.86,10.29,9.05,2.30,0.00,0.00,6.41,1.60,5.03,3.66,2.40,4.40,6.33,20.66,64.26,8.69,3.65,4.59,64611.16,5901.64,2718.18,13817.12,2328.08,31843.38,1222.03,111.49,122.50,5255.94,196.84,925.11,174.74,2614.56,96.95,265.54,62.31,226.18,86.10,97.55,43.05,13.77,2.95,3321.88,296.98,5.26,0.63,102.47,12.88,11.27,2.86,0.00,0.00,7.58,1.90,6.80,4.95,3.20,5.87,7.07,23.07,69.22,9.36,4.14,5.21
23.20,23.2,26/11/2025 09:47:05,4.801,12.965,,15.8,880728.0,595193.0,965784.82,4052.49,1671.81,7529.40,1265.61,15179.96,581.53,58.39,41.60,1780.87,69.84,679.09,135.09,1964.51,69.85,183.25,39.63,104.05,48.06,55.20,27.65,39.19,7.73,2397.14,214.72,3.75,0.49,84.25,10.81,9.49,2.42,0.00,0.00,7.36,1.69,6.14,3.69,2.96,4.42,4.59,20.76,68.18,8.87,4.91,4.69,65851.87,6720.14,2772.32,14226.52,2391.32,32475.02,1244.08,133.80,95.32,4446.67,174.38,818.03,162.73,2748.76,97.73,305.76,66.12,185.75,85.79,80.68,40.41,56.32,11.11,3427.29,306.99,4.77,0.62,105.46,13.53,11.81,3.01,0.00,0.00,8.70,2.00,8.30,4.98,3.95,5.89,5.13,23.18,73.45,9.56,5.58,5.32
23.30,23.3,26/11/2025 09:47:24,3.888,4.633,,15.8,883367.0,594675.0,965723.14,3594.98,1653.66,7770.81,1302.00,15278.51,584.71,37.44,53.21,2082.42,78.44,684.15,136.50,1860.84,69.66,181.36,39.49,102.32,48.06,67.71,29.77,51.38,9.90,2372.66,212.38,4.02,0.50,82.66,10.43,9.19,2.28,0.12,0.19,4.83,1.40,7.56,3.68,3.27,4.42,12.46,20.78,62.90,8.55,5.28,4.56,66321.65,5961.46,2742.22,14682.66,2460.07,32685.84,1250.90,85.80,121.91,5199.60,195.85,824.14,164.43,2603.70,97.48,302.60,65.89,182.66,85.79,98.96,43.51,73.83,14.23,3392.30,303.65,5.11,0.64,103.47,13.06,11.43,2.84,0.16,0.25,5.71,1.66,10.21,4.97,4.36,5.90,13.91,23.20,67.76,9.21,6.00,5.18
23.40,23.4,26/11/2025 09:47:44,3.969,13.426,,15.8,882868.0,595489.0,967334.08,2972.24,1631.80,7112.06,1203.10,14947.55,573.80,38.60,30.48,2045.57,77.47,737.49,142.45,1872.13,69.21,150.46,36.35,115.48,48.15,52.65,27.28,42.62,8.34,2410.17,216.03,3.71,0.48,69.55,7.71,9.23,2.37,0.00,0.00,4.79,1.40,3.42,3.69,3.21,4.43,5.54,20.72,65.21,8.72,4.26,4.55,63288.88,4928.79,2705.97,13437.97,2273.22,31977.81,1227.55,88.45,69.85,5107.60,193.43,888.38,171.60,2619.50,96.84,251.05,60.64,206.15,85.96,76.94,39.88,61.24,11.98,3445.92,308.87,4.72,0.62,87.06,9.65,11.49,2.96,0.00,0.00,5.66,1.66,4.62,4.98,4.29,5.91,6.18,23.13,70.24,9.39,4.83,5.16
23.50,23.5,26/11/2025 09:48:14,4.260,13.227,,15.8,883299.0,594684.0,966872.08,3304.36,1616.62,7390.84,1242.74,14844.96,569.80,90.58,58.41,1941.61,74.10,684.94,136.47,1787.15,68.58,199.08,41.16,96.85,47.81,59.40,28.28,113.14,19.93,2430.02,217.85,4.00,0.50,83.65,10.69,9.02,2.37,0.00,0.00,5.77,1.49,6.10,3.69,2.36,4.39,0.78,20.73,67.63,8.74,5.67,4.57,64031.99,5479.53,2680.79,13964.72,2348.10,31758.33,1219.00,207.56,133.83,4848.02,185.01,825.08,164.39,2500.59,95.96,332.16,68.67,172.89,85.35,86.81,41.34,162.56,28.64,3474.31,311.48,5.09,0.63,104.72,13.38,11.23,2.95,0.00,0.00,6.83,1.77,8.24,4.98,3.14,5.85,0.88,23.14,72.85,9.41,6.44,5.18
23.60,23.6,26/11/2025 09:48:33,3.910,10.185,1181246.114,15.8,877102.0,594460.0,969355.60,3516.08,1627.38,6631.64,1128.58,13362.75,520.71,93.56,59.36,1938.78,73.66,602.50,126.08,1685.32,66.75,182.52,39.07,96.11,47.09,70.46,29.86,35.48,7.06,2273.30,203.26,4.08,0.50,61.46,6.28,10.64,2.34,0.00,0.00,4.39,1.40,4.23,3.62,4.60,4.35,6.44,20.39,57.08,8.35,3.00,4.49,59152.23,5830.63,2698.64,12530.23,2132.41,28587.39,1113.97,214.37,136.01,4840.94,183.92,725.78,151.88,2358.11,93.40,304.53,65.19,171.57,84.06,102.98,43.64,50.97,10.15,3250.24,290.60,5.19,0.63,76.93,7.86,13.24,2.91,0.00,0.00,5.19,1.66,5.71,4.89,6.14,5.80,7.19,22.77,61.49,8.99,3.40,5.09
23.70,23.7,26/11/2025 09:48:53,4.545,6.153,,15.8,883007.0,595802.0,970069.51,2289.07,1637.83,6803.27,1156.29,13530.71,527.05,31.35,25.49,1900.90,73.22,645.02,131.34,1702.50,67.15,134.27,34.29,139.05,47.71,76.24,30.91,57.96,10.95,2439.64,219.00,4.08,0.50,70.32,7.94,8.64,2.35,0.00,0.00,5.36,1.43,6.10,3.63,2.85,4.37,13.09,20.34,66.02,8.76,4.05,4.52,57942.20,3795.90,2715.98,12854.52,2184.77,28946.73,1127.54,71.84,58.40,4746.36,182.81,776.99,158.22,2382.15,93.95,224.03,57.22,248.23,85.17,111.44,45.18,83.27,15.73,3488.07,313.11,5.19,0.63,88.03,9.94,10.75,2.92,0.00,0.00,6.34,1.70,8.24,4.91,3.80,5.83,14.61,22.71,71.12,9.43,4.59,5.12
23.80,23.8,26/11/2025 09:49:12,4.293,9.195,,15.8,880265.0,593834.0,965842.14,4159.26,1673.55,7394.10,1243.74,14907.19,572.03,54.36,39.09,2119.64,78.93,757.57,144.66,1788.84,68.58,199.30,41.03,77.27,47.68,74.54,30.90,58.94,11.09,2415.09,216.37,4.01,0.50,57.69,5.53,9.61,2.36,0.00,0.00,5.78,1.51,2.46,3.66,2.41,4.39,4.65,20.77,58.80,8.66,6.37,4.65,65887.63,6897.20,2775.21,13970.87,2350.00,31891.48,1223.77,124.56,89.58,5292.53,197.08,912.57,174.25,2502.95,95.95,332.53,68.45,137.94,85.13,108.94,45.16,84.68,15.94,3452.95,309.35,5.10,0.63,72.22,6.92,11.96,2.94,0.00,0.00,6.84,1.78,3.33,4.94,3.22,5.85,5.19,23.19,63.34,9.32,7.22,5.27
23.90,23.9,26/11/2025 09:49:32,3.774,13.890,,15.8,880976.0,592806.0,968645.82,2737.29,1684.15,6858.14,1165.49,14387.44,554.97,149.19,87.86,1930.40,73.68,612.70,128.56,1780.29,68.27,160.91,37.14,115.73,47.41,81.50,31.98,31.75,6.39,2312.18,206.88,3.66,0.48,91.28,12.61,9.57,2.33,0.00,0.00,4.66,1.42,5.25,3.62,1.41,4.38,13.48,20.39,61.51,8.56,5.84,4.56,60846.75,4539.18,2792.79,12958.20,2202.14,30779.55,1187.26,341.85,201.32,4820.02,183.97,738.07,154.86,2491.00,95.53,268.48,61.96,206.60,84.64,119.12,46.74,45.61,9.18,3305.82,295.79,4.66,0.61,114.26,15.78,11.91,2.90,0.00,0.00,5.51,1.68,7.09,4.90,1.89,5.84,15.05,22.76,66.26,9.22,6.62,5.17
24.00,24.0,26/11/2025 09:50:01,4.026,8.202,,15.8,881981.0,590751.0,966985.35,3405.14,1636.73,7382.34,1242.53,14901.06,571.81,26.20,52.77,2054.66,77.55,687.59,136.79,1779.46,68.31,189.51,40.11,72.14,47.63,73.44,30.74,17.43,3.65,2247.92,200.67,3.79,0.49,69.35,7.70,8.85,2.28,0.00,0.00,7.97,1.75,1.69,3.62,2.36,4.39,10.88,20.77,67.78,8.77,5.11,4.56,63981.85,5646.66,2714.14,13948.66,2347.71,31878.36,1223.30,60.03,120.91,5130.29,193.62,828.28,164.78,2489.83,95.58,316.20,66.93,128.78,85.03,107.33,44.93,25.04,5.25,3213.95,286.91,4.82,0.63,86.81,9.63,11.02,2.84,0.00,0.00,9.43,2.07,2.28,4.89,3.14,5.85,12.14,23.19,73.01,9.45,5.79,5.18
24.10,24.1,26/11/2025 09:50:21,3.642,6.216,1181250.285,15.9,876613.0,581576.0,967448.84,3476.30,1691.94,6837.86,1161.69,14618.77,562.51,51.31,53.52,1928.03,73.60,681.89,135.31,1856.60,68.52,209.35,41.19,130.63,47.66,95.14,34.68,67.84,12.47,2380.60,213.09,3.71,0.48,101.73,15.20,9.19,2.35,0.00,0.00,9.55,1.95,7.44,3.68,2.01,4.28,16.93,20.43,62.85,8.63,3.44,4.67,62790.53,5764.67,2805.70,12919.89,2194.97,31274.44,1203.40,117.56,122.63,4814.11,183.77,821.41,162.99,2597.76,95.88,349.30,68.73,233.20,85.09,139.05,50.69,97.48,17.91,3403.64,304.66,4.72,0.61,127.35,19.03,11.44,2.93,0.00,0.00,11.29,2.30,10.05,4.96,2.68,5.71,18.90,22.81,67.71,9.30,3.91,5.30
24.20,24.2,26/11/2025 09:50:40,2.755,7.999,,15.9,876755.0,577062.0,965483.90,4857.20,1692.86,7531.70,1265.64,14803.08,569.08,48.37,35.98,1742.63,68.88,684.93,136.15,1886.41,69.30,202.49,41.23,107.63,47.92,62.62,28.74,64.48,11.99,2338.67,209.07,3.72,0.49,77.58,9.33,11.40,2.43,0.00,0.00,11.48,2.12,9.06,3.69,2.03,4.26,3.38,20.69,62.85,8.66,4.40,4.61,66159.61,8054.57,2807.24,14230.87,2391.38,31668.74,1217.46,110.84,82.45,4351.17,171.99,825.07,164.01,2639.48,96.97,337.85,68.80,192.13,85.55,91.52,42.01,92.64,17.23,3343.70,298.91,4.73,0.62,97.11,11.68,14.18,3.03,0.00,0.00,13.58,2.51,12.24,4.98,2.71,5.68,3.78,23.10,67.71,9.33,4.99,5.23
24.30,24.3,26/11/2025 09:51:00,3.632,3.440,,15.9,876943.0,579521.0,966601.21,3930.51,1709.39,7208.79,1216.27,14750.28,566.65,59.65,42.09,2110.15,78.82,599.90,126.55,1758.09,67.67,164.60,37.52,105.23,47.53,86.47,32.99,100.45,17.81,2340.75,209.32,3.39,0.47,67.12,7.24,8.03,2.29,0.00,0.00,11.82,2.17,9.94,3.64,2.07,4.23,12.20,20.50,65.55,8.74,3.81,4.58,64579.40,6517.87,2834.63,13620.74,2298.09,31555.79,1212.26,136.68,96.44,5268.84,196.81,722.64,152.45,2459.93,94.69,274.63,62.60,187.85,84.85,126.38,48.21,144.33,25.59,3346.68,299.28,4.31,0.60,84.02,9.06,9.99,2.85,0.00,0.00,13.97,2.57,13.43,4.92,2.76,5.64,13.62,22.89,70.61,9.42,4.33,5.20
24.40,24.4,26/11/2025 09:51:19,4.013,3.243,,15.9,878722.0,579292.0,965307.63,3236.19,1663.33,7521.48,1263.87,16139.16,612.88,20.43,17.82,1929.39,74.21,785.71,147.88,1831.67,69.22,242.01,44.43,115.96,48.16,60.83,28.55,79.74,14.50,2514.81,225.68,3.97,0.50,101.19,14.89,10.23,2.37,0.00,0.00,14.86,2.41,10.72,3.70,1.85,4.33,0.00,0.00,67.39,8.98,4.77,4.72,67145.60,5366.50,2758.25,14211.55,2388.03,34527.07,1311.15,46.82,40.84,4817.50,185.30,946.47,178.13,2562.88,96.85,403.79,74.12,207.02,85.97,88.90,41.73,114.58,20.84,3595.54,322.67,5.06,0.63,126.67,18.64,12.73,2.95,0.00,0.00,17.57,2.85,14.49,5.00,2.46,5.78,0.00,0.00,72.60,9.67,5.41,5.35
24.50,24.5,26/11/2025 09:51:49,4.361,7.143,,15.9,877824.0,586687.0,965843.51,4410.66,1690.76,6793.39,1154.25,15302.25,585.36,73.23,49.55,1981.05,75.35,771.29,145.86,1733.40,67.98,183.27,39.58,102.90,47.95,71.26,30.29,93.74,23.23,2453.48,219.99,3.90,0.50,75.05,8.78,9.54,2.38,0.00,0.00,14.03,2.32,5.26,3.66,1.47,4.37,4.24,20.72,65.76,8.74,7.33,4.62,65811.84,7314.09,2803.74,12835.86,2180.91,32736.64,1252.29,167.80,113.54,4946.49,188.14,929.10,175.71,2425.38,95.11,305.79,66.03,183.70,85.61,104.14,44.28,134.69,33.38,3507.84,314.53,4.96,0.64,93.94,10.99,11.88,2.96,0.00,0.00,16.59,2.75,7.11,4.94,1.96,5.83,4.73,23.13,70.84,9.42,8.31,5.25
24.60,24.6,26/11/2025 09:52:09,4.181,12.501,1181246.511,15.9,875693.0,585128.0,967195.16,4434.53,1674.79,6845.89,1159.23,14383.05,553.72,86.17,55.65,2051.20,76.98,589.70,125.67,1679.23,67.12,181.84,39.30,81.57,47.36,57.04,27.84,94.14,23.19,2105.12,187.25,3.80,0.48,105.50,16.36,11.38,2.34,0.00,0.00,12.05,2.14,6.16,3.61,2.22,4.27,5.90,20.61,61.95,8.50,6.40,4.60,63372.54,7353.67,2777.27,12935.06,2190.33,30770.16,1184.60,197.45,127.52,5121.66,192.21,710.36,151.39,2349.58,93.91,303.40,65.57,145.62,84.55,83.36,40.70,135.27,33.32,3009.78,267.72,4.83,0.61,132.06,20.48,14.17,2.91,0.00,0.00,14.25,2.53,8.32,4.88,2.96,5.70,6.59,23.02,66.73,9.15,7.26,5.21
24.70,24.7,26/11/2025 09:52:28,4.260,11.577,,15.9,876556.0,586495.0,966938.00,4008.01,1641.29,7407.00,1245.79,14308.20,552.52,10.06,9.44,2083.67,78.23,692.28,136.47,1720.78,67.56,170.77,38.07,95.33,47.34,57.99,27.95,23.74,4.86,2287.45,204.38,3.89,0.49,79.29,9.77,9.81,2.29,0.00,0.00,10.25,2.03,7.98,3.64,0.38,4.31,11.38,20.52,67.61,8.69,6.13,4.63,63795.85,6646.38,2721.71,13995.25,2353.88,30610.04,1182.03,23.06,21.64,5202.71,195.32,833.92,164.39,2407.73,94.54,284.92,63.51,170.17,84.51,84.76,40.85,34.11,6.99,3270.47,292.21,4.95,0.63,99.25,12.22,12.21,2.85,0.00,0.00,12.12,2.40,10.77,4.91,0.51,5.75,12.71,22.91,72.83,9.36,6.96,5.25
24.80,24.8,26/11/2025 09:52:48,3.384,11.909,,15.8,876677.0,589504.0,968169.93,3805.53,1686.05,6749.29,1148.17,14064.02,544.14,30.61,24.95,1996.22,75.41,699.34,137.45,1670.70,67.05,155.94,36.80,103.88,47.45,70.78,30.01,69.12,12.80,2230.27,199.00,3.33,0.47,77.64,9.46,9.00,2.31,0.00,0.00,7.91,1.79,3.89,3.58,2.76,4.30,12.19,20.48,64.29,8.61,3.36,4.65,61440.09,6310.62,2795.93,12752.53,2169.42,30087.64,1164.10,70.13,57.18,4984.37,188.28,842.43,165.57,2337.66,93.82,260.19,61.39,185.45,84.70,103.44,43.87,99.32,18.38,3188.71,284.52,4.24,0.60,97.19,11.84,11.20,2.88,0.00,0.00,9.36,2.11,5.26,4.84,3.68,5.73,13.61,22.86,69.25,9.27,3.81,5.28
24.90,24.9,26/11/2025 09:53:07,1.688,3.836,,15.8,878723.0,592309.0,967582.48,3194.12,1655.03,7187.76,1214.15,14596.64,562.06,21.67,18.78,2077.89,77.75,736.10,141.63,1790.68,68.20,216.66,42.35,54.77,46.93,81.61,32.13,8.48,1.82,2250.14,200.83,3.80,0.49,95.64,13.67,10.78,2.34,0.00,0.00,7.37,1.72,8.22,3.66,2.01,4.35,1.74,20.59,65.76,8.70,5.68,4.63,62782.58,5296.73,2744.49,13581.01,2294.08,31227.10,1202.43,49.65,43.03,5188.29,194.14,886.71,170.61,2505.52,95.42,361.50,70.65,97.77,83.79,119.28,46.96,12.19,2.62,3217.13,287.14,4.84,0.62,119.72,17.11,13.42,2.92,0.00,0.00,8.72,2.03,11.10,4.94,2.68,5.80,1.94,22.99,70.84,9.37,6.44,5.25
25.00,25.0,26/11/2025 09:53:37,0.343,5.952,,15.8,881190.0,593389.0,967129.27,4094.27,1701.69,7021.52,1189.39,14360.80,554.10,12.75,11.68,2162.94,80.35,561.06,123.36,1770.38,68.24,151.59,36.22,131.28,47.98,64.50,28.98,82.36,14.98,2267.91,202.52,3.62,0.48,83.95,10.82,8.45,2.31,0.00,0.00,4.93,1.42,5.20,3.63,2.83,4.41,15.63,20.52,58.88,8.54,5.86,4.63,63528.55,6789.43,2821.87,13266.89,2247.32,30722.57,1185.41,29.21,26.77,5400.66,200.63,675.86,148.60,2477.13,95.48,252.93,60.43,234.35,85.65,94.27,42.36,118.34,21.53,3242.52,289.56,4.60,0.61,105.09,13.54,10.52,2.87,0.00,0.00,5.83,1.67,7.03,4.90,3.78,5.87,17.46,22.92,63.42,9.20,6.65,5.25
25.10,25.1,26/11/2025 09:53:57,3.981,9.522,1181248.037,15.8,873877.0,592015.0,966951.93,4232.95,1673.84,7182.14,1211.61,14308.77,552.03,94.83,60.16,1965.87,74.63,647.52,131.43,1716.99,67.41,164.90,37.36,129.33,47.69,58.31,27.89,77.34,14.13,2254.92,201.26,3.73,0.48,94.54,13.38,9.74,2.31,0.00,0.00,5.56,1.45,6.60,3.65,3.33,4.39,17.05,20.43,68.68,8.80,4.96,4.61,63689.46,7019.40,2775.69,13570.39,2289.29,30611.26,1180.98,217.28,137.85,4908.58,186.35,780.01,158.32,2402.42,94.32,275.13,62.34,230.89,85.13,85.23,40.77,111.13,20.30,3223.95,287.75,4.74,0.61,118.35,16.74,12.13,2.87,0.00,0.00,6.57,1.71,8.92,4.93,4.44,5.86,19.04,22.81,73.98,9.48,5.63,5.23
25.20,25.2,26/11/2025 09:54:16,5.585,9.588,,15.8,875743.0,591628.0,970210.39,2348.33,1635.04,6579.56,1121.43,13853.67,536.80,15.99,14.15,1758.19,68.78,715.07,138.89,1702.39,67.05,132.91,33.65,107.97,46.67,91.93,33.85,44.36,8.59,2230.72,199.14,3.89,0.48,92.99,13.13,8.59,2.31,0.00,0.00,5.60,1.49,5.13,3.57,2.41,4.31,24.54,20.11,61.45,8.48,3.93,4.50,57682.50,3894.17,2711.35,12431.84,2118.91,29637.65,1148.39,36.63,32.42,4390.02,171.73,861.37,167.31,2381.99,93.82,221.76,56.14,192.75,83.32,134.37,49.47,63.74,12.34,3189.35,284.72,4.95,0.61,116.40,16.44,10.69,2.88,0.00,0.00,6.63,1.77,6.93,4.83,3.21,5.75,27.40,22.45,66.20,9.13,4.46,5.10
25.30,25.3,26/11/2025 09:54:36,2.630,9.590,,15.8,875863.0,591028.0,966363.32,3616.57,1650.51,7293.24,1229.17,14923.86,572.74,118.67,72.75,2029.27,76.51,707.78,138.60,1859.68,68.90,190.77,39.89,131.94,48.00,81.60,32.12,100.76,17.90,2361.19,211.25,4.19,0.50,112.55,18.15,11.63,2.40,0.00,0.00,9.51,1.92,4.86,3.68,1.85,4.39,7.46,20.56,64.50,8.78,4.80,4.65,64956.19,5997.27,2736.99,13780.31,2322.47,31927.13,1225.29,271.91,166.69,5066.89,191.04,852.60,166.96,2602.08,96.40,318.30,66.56,235.54,85.69,119.26,46.95,144.77,25.72,3375.89,302.04,5.34,0.64,140.89,22.72,14.47,2.99,0.00,0.00,11.25,2.27,6.56,4.97,2.47,5.85,8.33,22.95,69.48,9.46,5.44,5.28
25.40,25.4,26/11/2025 09:54:55,2.692,5.555,,15.9,874964.0,587540.0,967443.70,2919.56,1635.00,7109.14,1202.02,14933.11,572.78,46.90,35.01,1959.58,74.24,790.05,147.43,1820.64,68.34,164.43,37.48,132.86,47.89,49.19,26.57,43.28,8.42,2375.99,212.71,3.99,0.50,95.40,13.55,9.32,2.34,0.00,0.00,7.45,1.70,5.82,3.65,1.63,4.32,14.90,20.49,67.89,8.79,5.17,4.58,63013.56,4841.44,2711.28,13432.46,2271.17,31946.93,1225.38,107.47,80.23,4892.88,185.37,951.69,177.60,2547.45,95.62,274.36,62.53,237.18,85.50,71.89,38.83,62.19,12.10,3397.05,304.13,5.07,0.63,119.42,16.97,11.61,2.91,0.00,0.00,8.81,2.01,7.86,4.94,2.18,5.76,16.64,22.88,73.13,9.47,5.86,5.19
25.50,25.5,26/11/2025 09:55:25,4.379,8.266,,15.9,872981.0,583704.0,969374.45,2149.09,1641.70,6747.20,1148.16,14359.59,553.53,21.14,51.88,1970.36,74.83,613.84,127.36,1824.12,67.91,134.47,34.21,134.51,47.59,53.94,27.10,6.05,1.31,2414.31,216.43,4.01,0.50,77.67,9.45,9.05,2.29,0.00,0.00,11.39,2.09,7.00,3.59,2.86,4.25,14.01,20.32,65.37,8.70,5.56,4.59,59528.90,3563.78,2722.39,12748.58,2169.41,30719.98,1184.18,48.43,118.88,4919.80,186.83,739.44,153.42,2552.32,95.03,224.36,57.07,240.13,84.95,78.84,39.61,8.69,1.88,3451.85,309.44,5.11,0.63,97.22,11.83,11.27,2.85,0.00,0.00,13.47,2.47,9.46,4.85,3.82,5.67,15.64,22.69,70.42,9.37,6.30,5.21
25.60,25.6,26/11/2025 09:55:45,4.474,7.669,1181243.868,15.9,869001.0,584517.0,966616.08,3630.54,1665.80,7032.02,1188.73,15088.21,577.24,111.63,68.03,2008.24,75.41,559.52,121.66,1853.80,68.29,182.00,39.08,138.86,47.76,66.82,29.19,89.38,15.91,2427.79,217.42,3.68,0.49,84.54,10.88,10.72,2.41,0.00,0.00,10.55,2.04,5.90,3.64,2.36,4.33,9.01,20.37,64.17,8.71,4.17,4.50,64604.05,6020.44,2762.36,13286.73,2246.05,32278.74,1234.91,255.78,155.88,5014.37,188.29,674.00,146.55,2593.85,95.56,303.67,65.21,247.89,85.27,97.66,42.66,128.43,22.86,3471.12,310.85,4.69,0.62,105.82,13.62,13.34,3.00,0.00,0.00,12.48,2.41,7.97,4.91,3.14,5.77,10.06,22.74,69.12,9.38,4.74,5.11
25.70,25.7,26/11/2025 09:56:05,4.146,7.141,,15.9,870525.0,581193.0,967437.93,2497.07,1599.32,7385.09,1240.95,15398.81,587.12,91.53,57.98,1926.98,73.12,524.68,118.95,1825.76,68.23,144.24,35.18,75.53,46.75,81.49,31.90,68.60,12.60,2336.36,208.86,4.24,0.51,85.75,11.22,8.09,2.30,0.00,0.00,10.31,1.98,5.90,3.58,1.57,4.25,16.43,20.32,68.46,8.80,5.15,4.63,63422.35,4140.83,2652.11,13953.85,2344.73,32943.21,1256.05,209.74,132.84,4811.48,182.56,632.03,143.29,2554.62,95.47,240.66,58.69,134.83,83.46,119.11,46.62,98.57,18.11,3340.40,298.61,5.40,0.65,107.35,14.04,10.07,2.86,0.00,0.00,12.20,2.34,7.98,4.84,2.10,5.67,18.34,22.69,73.75,9.48,5.84,5.25
25.80,25.8,26/11/2025 09:56:24,3.998,9.989,,15.9,871572.0,581520.0,967056.86,3109.94,1649.38,6917.04,1172.99,15079.77,577.32,32.16,25.71,2062.16,76.72,766.18,144.31,1948.55,69.23,160.18,37.34,101.50,47.59,56.91,27.71,39.28,7.66,2458.01,220.36,3.59,0.48,107.51,16.74,10.68,2.39,0.00,0.00,10.59,2.06,4.86,3.61,2.06,4.30,0.00,0.00,67.50,8.81,4.69,4.58,63714.06,5157.13,2735.12,13069.48,2216.31,32260.67,1235.07,73.70,58.92,5149.02,191.57,922.95,173.84,2726.42,96.87,267.26,62.30,181.19,84.95,83.18,40.49,56.44,11.01,3514.32,315.06,4.57,0.61,134.58,20.95,13.29,2.97,0.00,0.00,12.52,2.44,6.56,4.88,2.74,5.74,0.00,0.00,72.71,9.49,5.32,5.20
25.90,25.9,26/11/2025 09:56:44,5.258,11.047,,15.9,868598.0,583347.0,966705.54,3355.79,1637.84,7427.09,1248.07,15262.37,583.00,92.37,58.65,1741.25,68.43,677.30,134.38,1815.36,68.16,156.08,36.63,106.08,47.27,64.45,28.87,93.09,16.57,2286.55,204.10,3.76,0.49,106.73,16.58,8.19,2.29,0.00,0.00,14.58,2.34,5.95,3.58,1.34,4.31,5.88,20.39,66.62,8.74,3.63,4.60,64369.71,5564.82,2715.98,14033.22,2358.18,32651.31,1247.23,211.66,134.39,4347.74,170.85,815.88,161.88,2540.06,95.37,260.42,61.12,189.38,84.39,94.20,42.19,133.76,23.81,3269.18,291.81,4.79,0.62,133.61,20.76,10.19,2.84,0.00,0.00,17.25,2.76,8.03,4.83,1.79,5.74,6.57,22.76,71.76,9.42,4.12,5.22
26.00,26.0,26/11/2025 09:57:14,4.793,6.745,,15.9,869030.0,582909.0,968824.51,3031.80,1662.76,6783.34,1152.53,13992.50,540.99,41.59,31.45,2043.38,76.39,675.25,133.80,1843.16,68.02,178.68,38.89,87.83,47.02,53.58,27.09,61.01,11.37,2180.36,194.21,3.80,0.49,103.25,15.77,10.28,2.29,0.00,0.00,11.81,2.13,7.39,3.57,1.12,4.26,1.23,20.42,61.06,8.39,3.05,4.49,60350.05,5027.57,2757.31,12816.86,2177.65,29934.63,1157.35,95.29,72.07,5102.12,190.74,813.41,161.18,2578.96,95.17,298.12,64.88,156.80,83.94,78.32,39.59,87.66,16.34,3117.36,277.67,4.84,0.62,129.24,19.74,12.80,2.85,0.00,0.00,13.97,2.52,9.98,4.82,1.50,5.68,1.37,22.80,65.78,9.04,3.46,5.09
26.10,26.1,26/11/2025 09:57:33,3.797,9.259,1181241.819,15.9,867666.0,590506.0,969335.07,4394.66,1684.97,6545.97,1116.22,12678.09,497.79,50.51,52.71,1926.99,73.28,589.09,123.72,1750.09,66.76,145.93,35.51,94.02,46.79,68.60,29.43,99.51,17.66,2103.60,187.10,3.98,0.49,120.20,20.84,9.97,2.31,0.00,0.00,5.06,1.41,4.83,3.57,1.13,4.30,5.73,20.25,63.73,8.44,3.23,4.41,58787.05,7287.56,2794.14,12368.37,2109.06,27122.68,1064.95,115.73,120.78,4811.50,182.98,709.62,149.03,2448.74,93.40,243.49,59.25,167.84,83.53,100.26,43.02,142.98,25.37,3007.61,267.50,5.07,0.62,150.46,26.09,12.41,2.87,0.00,0.00,5.98,1.67,6.53,4.82,1.51,5.73,6.40,22.61,68.65,9.09,3.66,5.00
26.20,26.2,26/11/2025 09:57:53,2.021,9.785,,15.9,870165.0,590104.0,970374.85,3049.77,1613.06,6485.54,1107.45,12978.64,508.11,65.60,45.37,1927.03,73.74,580.27,122.77,1794.11,67.16,124.21,32.88,105.90,46.55,88.39,33.02,126.21,21.88,2086.69,185.48,4.03,0.49,114.59,19.16,11.72,2.29,0.00,0.00,6.82,1.62,4.30,3.58,1.38,4.22,8.11,20.04,56.82,8.36,5.02,4.60,57193.54,5057.37,2674.91,12254.18,2092.49,27765.66,1087.03,150.32,103.97,4811.60,184.12,698.99,147.89,2510.33,93.97,207.25,54.86,189.05,83.09,129.19,48.26,181.34,31.44,2983.43,265.19,5.12,0.63,143.45,23.98,14.58,2.85,0.00,0.00,8.06,1.92,5.80,4.84,1.84,5.62,9.05,22.37,61.20,9.00,5.70,5.21
26.30,26.3,26/11/2025 09:58:13,4.829,12.766,,15.8,872384.0,593606.0,971865.44,2095.52,1596.25,6718.43,1142.26,12477.00,491.52,33.47,52.12,1907.04,72.66,509.63,115.34,1670.06,65.62,194.90,39.70,101.50,46.53,58.72,27.66,48.90,9.37,2117.44,188.54,3.63,0.47,101.55,15.53,9.45,2.28,0.00,0.00,5.59,1.46,6.92,3.55,1.92,4.29,6.59,20.15,63.12,8.49,3.18,4.39,54581.54,3474.95,2647.02,12694.23,2158.26,26692.48,1051.53,76.69,119.43,4761.70,181.43,613.90,138.94,2336.75,91.82,325.19,66.23,181.19,83.07,85.83,40.42,70.26,13.46,3027.40,269.57,4.62,0.60,127.12,19.44,11.76,2.84,0.00,0.00,6.62,1.73,9.34,4.79,2.57,5.72,7.36,22.49,67.99,9.14,3.60,4.98
26.40,26.4,26/11/2025 09:58:32,4.087,9.922,,15.8,871619.0,593730.0,972080.77,1951.11,1618.81,6268.84,1073.47,12483.27,491.07,88.51,56.89,1966.81,74.17,497.15,114.49,1646.85,65.72,119.19,32.30,153.37,47.03,76.88,30.61,192.60,33.09,2298.10,205.46,3.38,0.47,77.97,9.62,9.19,2.32,0.00,0.00,4.36,1.39,3.11,3.58,1.73,4.29,3.11,19.87,68.74,8.77,4.98,4.49,54158.61,3235.48,2684.43,11844.73,2028.28,26705.89,1050.56,202.81,130.35,4910.93,185.19,598.87,137.91,2304.28,91.96,198.87,53.89,273.80,83.96,112.36,44.74,276.73,47.54,3285.69,293.75,4.30,0.60,97.60,12.05,11.44,2.89,0.00,0.00,5.15,1.64,4.20,4.84,2.30,5.72,3.47,22.19,74.05,9.44,5.65,5.09
26.50,26.5,26/11/2025 09:59:02,5.596,10.379,,15.9,873664.0,590052.0,970309.92,2959.63,1625.88,6548.39,1116.58,13078.23,511.11,0.27,0.27,1894.98,72.22,499.33,115.27,1745.54,67.16,166.90,37.65,95.87,46.69,67.86,29.28,110.94,19.47,2325.01,208.03,3.86,0.49,99.51,14.83,7.98,2.28,0.00,0.00,9.15,1.87,6.10,3.61,1.78,4.31,1.43,20.22,63.38,8.64,3.94,4.52,57303.14,4907.88,2696.16,12372.93,2109.74,27978.71,1093.44,0.61,0.61,4731.57,180.32,601.50,138.85,2442.37,93.97,278.47,62.81,171.15,83.35,99.18,42.79,159.40,27.97,3324.17,297.42,4.91,0.63,124.57,18.56,9.94,2.83,0.00,0.00,10.83,2.22,8.24,4.87,2.37,5.75,1.60,22.58,68.28,9.31,4.47,5.13
26.60,26.6,26/11/2025 09:59:21,4.962,9.854,1181242.411,15.9,871778.0,590014.0,968572.87,3728.24,1679.60,6704.83,1139.45,13610.60,528.45,103.77,64.48,2085.66,77.51,544.41,120.31,1796.28,67.79,110.75,31.33,131.48,47.43,69.95,29.63,66.02,12.17,2239.31,199.79,4.15,0.50,118.20,20.09,11.22,2.34,0.00,0.00,9.83,1.95,7.91,3.62,1.46,4.37,11.74,20.23,66.43,8.62,4.87,4.50,60683.17,6182.46,2785.24,12668.53,2152.94,29117.63,1130.53,237.78,147.75,5207.70,193.55,655.80,144.93,2513.37,94.85,184.79,52.28,234.72,84.68,102.23,43.31,94.86,17.48,3201.64,285.65,5.28,0.63,147.96,25.15,13.96,2.91,0.00,0.00,11.62,2.31,10.68,4.89,1.95,5.82,13.11,22.58,71.56,9.29,5.53,5.10
26.70,26.7,26/11/2025 09:59:41,3.602,11.179,,15.9,872424.0,588131.0,967862.36,3090.77,1694.10,7215.34,1218.52,14188.45,547.92,108.18,66.65,2141.27,79.16,714.20,138.28,1808.65,68.05,142.12,35.41,94.27,47.28,70.93,30.02,52.92,10.03,2312.88,206.64,3.79,0.49,90.65,12.42,8.58,2.24,0.00,0.00,8.75,1.88,7.11,3.64,2.61,4.33,2.17,20.45,69.04,8.88,4.95,4.63,62224.52,5125.35,2809.29,13633.11,2302.34,30353.86,1172.19,247.89,152.73,5346.54,197.66,860.33,166.57,2530.68,95.22,237.13,59.09,168.29,84.40,103.67,43.88,76.04,14.41,3306.83,295.45,4.82,0.62,113.47,15.54,10.67,2.78,0.00,0.00,10.35,2.22,9.61,4.92,3.48,5.78,2.42,22.84,74.37,9.57,5.62,5.25
26.80,26.8,26/11/2025 10:00:01,4.439,9.857,,15.9,875978.0,586397.0,969623.62,2560.49,1660.16,6908.53,1172.30,13509.50,525.59,43.68,52.61,2073.79,77.46,566.01,121.48,1904.54,68.59,134.29,34.44,70.04,46.63,73.41,30.36,69.87,12.89,2277.49,203.51,3.55,0.49,79.48,9.89,7.29,2.25,0.00,0.00,10.57,2.03,8.04,3.57,1.72,4.24,3.80,20.31,66.69,8.68,3.62,4.45,58857.46,4246.01,2753.01,13053.42,2215.02,28901.35,1124.41,100.08,120.55,5178.04,193.40,681.81,146.34,2664.84,95.97,224.06,57.46,125.04,83.24,107.29,44.37,100.39,18.52,3256.23,290.97,4.52,0.62,99.49,12.38,9.07,2.80,0.00,0.00,12.50,2.40,10.86,4.82,2.29,5.66,4.24,22.68,71.84,9.35,4.11,5.05
26.90,26.9,26/11/2025 10:00:20,3.211,10.650,,15.9,875986.0,585112.0,968766.15,3409.71,1650.18,6754.73,1148.02,13389.82,521.80,21.08,18.04,2339.20,84.27,574.78,123.50,1863.74,68.76,110.28,31.52,151.80,48.23,47.04,26.20,90.88,16.35,2299.07,205.54,3.74,0.49,75.81,9.05,9.24,2.31,0.00,0.00,12.59,2.19,4.23,3.58,1.68,4.29,6.84,20.43,63.63,8.57,3.95,4.48,60407.64,5654.23,2736.45,12762.81,2169.14,28645.31,1116.30,48.30,41.35,5840.76,210.41,692.38,148.77,2607.76,96.20,184.01,52.59,271.00,86.10,68.75,38.29,130.59,23.49,3287.08,293.87,4.76,0.62,94.90,11.33,11.50,2.87,0.00,0.00,14.89,2.60,5.72,4.84,2.23,5.72,7.63,22.81,68.54,9.23,4.48,5.08
27.00,27.0,26/11/2025 10:00:50,4.019,15.678,,15.8,880721.0,586981.0,967594.63,3996.25,1709.33,6835.36,1161.22,13617.20,529.32,82.75,53.87,2372.14,85.57,390.82,106.24,1945.47,69.31,143.92,35.57,110.79,47.74,56.16,27.65,89.69,16.16,2557.71,230.04,4.11,0.51,94.48,13.31,8.24,2.32,0.00,0.00,10.46,2.02,6.00,3.59,2.16,4.33,11.83,20.56,65.89,8.84,3.95,4.62,62530.80,6626.89,2834.54,12915.16,2194.08,29131.76,1132.40,189.61,123.44,5923.00,213.66,470.78,127.97,2722.11,96.98,240.13,59.35,197.78,85.23,82.08,40.41,128.87,23.22,3656.87,328.90,5.24,0.65,118.27,16.66,10.26,2.89,0.00,0.00,12.37,2.39,8.10,4.85,2.88,5.77,13.20,22.95,70.98,9.52,4.48,5.24
27.10,27.1,26/11/2025 10:01:10,3.596,8.204,1181243.535,15.9,877008.0,587867.0,969338.34,2843.78,1599.03,6790.15,1151.60,13293.38,517.72,81.46,52.70,2249.59,81.93,592.31,125.07,1859.17,68.46,144.96,35.54,121.36,47.51,69.03,29.62,74.31,13.64,2370.68,212.32,3.83,0.49,63.94,6.70,7.55,2.29,0.00,0.00,12.42,2.22,8.62,3.56,1.65,4.31,4.62,20.37,64.90,8.70,3.94,4.50,59361.06,4715.77,2651.63,12829.73,2175.91,28438.99,1107.59,186.64,120.76,5617.02,204.57,713.50,150.66,2601.36,95.79,241.86,59.31,216.65,84.81,100.89,43.29,106.78,19.60,3389.47,303.57,4.87,0.62,80.04,8.39,9.40,2.84,0.00,0.00,14.69,2.63,11.64,4.81,2.20,5.74,5.16,22.74,69.92,9.37,4.47,5.10
27.20,27.2,26/11/2025 10:01:30,3.454,11.843,,15.9,879592.0,586947.0,967866.80,3824.57,1726.93,6876.46,1167.84,13586.87,527.99,45.90,34.06,2535.32,89.71,393.30,106.86,1846.71,68.67,155.50,36.44,115.49,47.48,64.72,28.96,130.05,22.66,2345.26,209.86,4.42,0.51,93.72,13.17,9.97,2.34,0.00,0.00,12.04,2.13,6.55,3.57,1.96,4.30,16.89,20.43,63.36,8.69,4.15,4.58,62248.25,6342.20,2863.73,12992.82,2206.58,29066.87,1129.54,105.18,78.04,6330.45,224.00,473.77,128.72,2583.93,96.08,259.44,60.79,206.17,84.76,94.59,42.33,186.86,32.56,3353.12,300.05,5.62,0.65,117.32,16.48,12.41,2.92,0.00,0.00,14.24,2.52,8.84,4.83,2.61,5.73,18.85,22.81,68.25,9.36,4.71,5.20
27.30,27.3,26/11/2025 10:01:49,3.183,7.804,,15.9,877751.0,585684.0,968290.67,2952.08,1633.20,7315.72,1231.99,13648.42,530.15,42.50,52.89,2398.47,86.19,559.80,121.76,1881.05,68.73,157.25,36.17,136.07,47.35,72.90,30.33,103.51,18.30,2237.03,199.56,3.87,0.49,80.69,10.09,8.09,2.29,0.00,0.00,9.26,1.92,8.79,3.61,1.85,4.25,20.07,20.24,67.87,8.71,4.02,4.54,61509.48,4895.36,2708.30,13822.78,2327.81,29198.54,1134.18,97.39,121.20,5988.76,215.21,674.34,146.67,2631.98,96.17,262.37,60.34,242.92,84.54,106.55,44.32,148.73,26.29,3198.38,285.32,4.93,0.63,101.01,12.64,10.08,2.85,0.00,0.00,10.95,2.27,11.87,4.87,2.46,5.66,22.41,22.60,73.12,9.38,4.56,5.15
27.40,27.4,26/11/2025 10:02:09,3.554,14.088,,15.9,879635.0,585627.0,967758.29,4068.25,1718.06,6951.26,1177.57,13593.05,528.49,18.32,16.01,2430.36,86.88,460.00,111.80,1924.16,69.21,130.58,34.09,95.92,47.56,71.04,30.17,44.35,8.63,2235.59,199.51,3.91,0.49,105.99,16.47,9.05,2.25,0.00,0.00,10.30,2.00,3.22,3.57,2.95,4.28,12.67,20.56,67.16,8.67,3.59,4.49,62330.20,6746.29,2849.02,13134.15,2224.98,29080.09,1130.63,41.97,36.69,6068.38,216.92,554.12,134.67,2692.29,96.83,217.88,56.88,171.24,84.90,103.83,44.10,63.73,12.40,3196.32,285.24,4.97,0.63,132.68,20.62,11.26,2.81,0.00,0.00,12.18,2.37,4.34,4.82,3.93,5.71,14.14,22.96,72.35,9.34,4.07,5.10
27.50,27.5,26/11/2025 10:02:39,4.404,7.079,,15.9,879793.0,585314.0,968272.06,3904.57,1643.44,6785.21,1151.61,13524.12,525.73,119.21,71.98,2024.22,75.94,555.27,121.12,1907.08,68.94,127.78,33.66,116.19,47.62,83.01,32.26,171.93,29.62,2204.00,196.49,3.81,0.49,97.99,14.31,9.94,2.27,0.00,0.00,9.47,1.94,5.47,3.62,1.83,4.29,9.35,20.44,63.04,8.62,4.44,4.53,61077.04,6474.86,2725.28,12820.40,2175.93,28932.63,1124.71,273.16,164.93,5054.29,189.62,668.88,145.90,2668.40,96.46,213.20,56.16,207.42,85.02,121.32,47.15,247.04,42.56,3151.16,280.93,4.85,0.62,122.66,17.91,12.37,2.83,0.00,0.00,11.20,2.29,7.38,4.89,2.44,5.72,10.43,22.82,67.91,9.28,5.04,5.14
27.60,27.6,26/11/2025 10:02:58,4.114,15.801,1181242.285,15.9,875532.0,588312.0,969057.03,3292.89,1639.34,6782.24,1152.28,13370.06,521.28,78.40,52.17,2535.49,89.79,304.88,98.13,1867.85,68.39,88.21,28.06,103.29,47.06,91.05,33.74,106.35,18.74,2116.53,188.29,3.61,0.47,92.68,13.03,9.95,2.29,0.00,0.00,8.87,1.87,6.16,3.59,0.78,4.30,19.90,20.26,60.71,8.48,3.07,4.50,60257.13,5460.52,2718.49,12814.80,2177.20,28603.04,1115.18,179.64,119.54,6330.87,224.20,367.26,118.21,2613.50,95.69,147.17,46.81,184.40,84.02,133.07,49.31,152.81,26.92,3026.09,269.20,4.59,0.60,116.02,16.31,12.38,2.85,0.00,0.00,10.49,2.21,8.32,4.85,1.04,5.73,22.22,22.62,65.40,9.14,3.48,5.10
27.70,27.7,26/11/2025 10:03:18,3.410,8.597,,15.8,875343.0,589637.0,969991.74,3651.59,1662.92,6311.11,1080.67,13208.28,515.72,44.55,52.97,1827.60,70.55,559.50,121.42,1744.01,67.18,139.83,34.97,72.79,46.72,56.20,27.45,127.81,22.30,2063.11,183.35,3.89,0.49,95.03,13.71,8.34,2.26,0.00,0.00,7.86,1.77,6.82,3.57,2.10,4.26,9.07,20.35,65.26,8.62,3.49,4.44,57835.26,6055.34,2757.57,11924.61,2041.88,28256.93,1103.29,102.07,121.37,4563.35,176.16,673.98,146.27,2440.23,94.00,233.31,58.35,129.95,83.40,82.14,40.12,183.64,32.04,2949.71,262.14,4.95,0.62,118.96,17.17,10.38,2.81,0.00,0.00,9.30,2.09,9.22,4.83,2.81,5.68,10.13,22.72,70.30,9.29,3.96,5.04
27.80,27.8,26/11/2025 10:03:37,4.175,9.191,,15.8,875981.0,588374.0,969061.76,3879.02,1666.23,6557.96,1118.08,13414.96,522.42,113.85,69.75,1881.52,72.33,622.04,128.03,1716.83,66.86,116.38,32.22,127.41,47.56,70.07,29.80,132.79,23.13,2162.67,192.70,3.86,0.48,50.25,4.43,8.84,2.26,0.00,0.00,6.96,1.66,5.63,3.53,2.30,4.25,3.34,20.33,57.12,8.39,4.46,4.36,59607.87,6432.49,2763.07,12391.03,2112.58,28699.10,1117.63,260.86,159.83,4697.96,180.61,749.31,154.23,2402.20,93.55,194.18,53.76,227.45,84.90,102.41,43.56,190.79,33.23,3092.06,275.52,4.91,0.61,62.90,5.54,11.00,2.82,0.00,0.00,8.23,1.97,7.61,4.76,3.06,5.67,3.73,22.70,61.53,9.04,5.06,4.95
27.90,27.9,26/11/2025 10:03:57,5.435,8.862,,15.8,878367.0,588535.0,969642.76,2498.86,1651.80,7024.59,1189.82,13479.58,524.83,47.54,53.12,2157.83,79.71,646.40,130.84,1795.40,67.66,95.35,29.12,85.30,46.84,63.99,28.74,149.47,25.88,2117.78,188.45,3.73,0.49,90.42,12.48,9.86,2.31,0.00,0.00,6.41,1.59,3.62,3.57,2.67,4.30,14.20,20.29,61.25,8.59,2.97,4.45,58920.46,4143.79,2739.14,13272.70,2248.13,28837.34,1122.79,108.94,121.72,5387.90,199.03,778.65,157.61,2512.14,94.67,159.09,48.58,152.28,83.61,93.53,42.01,214.77,37.19,3027.88,269.43,4.75,0.62,113.19,15.62,12.27,2.88,0.00,0.00,7.58,1.89,4.89,4.82,3.56,5.73,15.86,22.66,65.98,9.25,3.37,5.05
28.00,28.0,26/11/2025 10:04:27,5.421,14.946,,15.9,878896.0,584043.0,968244.04,3763.79,1679.46,6872.87,1166.07,13729.12,533.06,34.69,52.70,2273.28,82.95,531.53,118.54,1789.43,67.71,107.02,31.03,111.16,47.54,68.25,29.55,175.62,30.29,2099.52,186.66,3.72,0.48,96.15,13.87,7.23,2.27,0.00,0.00,9.51,1.92,2.91,3.57,2.00,4.22,13.00,20.42,59.64,8.48,5.52,4.55,61466.15,6241.40,2785.01,12986.02,2203.25,29371.18,1140.39,79.49,120.77,5676.17,207.12,640.28,142.79,2503.78,94.74,178.56,51.78,198.45,84.86,99.76,43.19,252.33,43.53,3001.77,266.87,4.74,0.61,120.36,17.37,8.99,2.83,0.00,0.00,11.24,2.27,3.93,4.83,2.67,5.62,14.52,22.80,64.25,9.13,6.26,5.16
28.10,28.1,26/11/2025 10:04:47,4.837,6.741,1181243.806,15.9,877926.0,577575.0,968814.31,3087.87,1660.89,6717.47,1143.08,13660.84,530.73,86.31,55.99,2307.87,83.94,518.72,117.51,1952.27,69.31,117.44,32.35,98.31,47.24,81.48,31.92,90.40,16.25,2233.58,199.31,3.72,0.48,117.46,19.83,10.97,2.32,0.00,0.00,12.04,2.15,8.84,3.53,0.96,4.23,14.59,20.38,61.11,8.48,3.43,4.55,60447.62,5120.55,2754.22,12692.42,2159.80,29225.10,1135.40,197.77,128.29,5762.54,209.60,624.86,141.55,2731.63,96.97,195.96,53.97,175.51,84.33,119.08,46.66,129.89,23.34,3193.44,284.96,4.73,0.62,147.04,24.83,13.65,2.89,0.00,0.00,14.24,2.54,11.95,4.77,1.27,5.64,16.29,22.75,65.83,9.13,3.89,5.16
28.20,28.2,26/11/2025 10:05:06,3.363,9.717,,15.9,876214.0,581352.0,969385.23,3059.03,1596.32,6723.21,1141.58,13636.55,529.34,51.71,37.12,1882.88,72.37,593.34,124.67,1911.44,68.76,153.09,36.47,80.07,46.93,70.62,29.87,125.38,21.85,2142.84,190.78,3.93,0.49,82.69,10.62,9.88,2.28,0.00,0.00,11.90,2.15,3.92,3.52,0.74,4.24,2.19,20.39,65.43,8.62,3.92,4.51,59122.22,5072.72,2647.14,12703.25,2156.97,29173.14,1132.43,118.49,85.06,4701.38,180.71,714.74,150.18,2674.50,96.21,255.44,60.85,142.93,83.78,103.21,43.66,180.16,31.39,3063.71,272.77,5.00,0.62,103.51,13.29,12.30,2.83,0.00,0.00,14.07,2.54,5.29,4.76,0.99,5.65,2.45,22.76,70.48,9.28,4.45,5.12
28.30,28.3,26/11/2025 10:05:26,5.772,14.216,,15.9,877513.0,585063.0,971015.36,2885.17,1641.14,6354.03,1087.34,12785.31,501.08,94.88,59.61,1872.71,71.66,461.94,111.60,1657.84,66.37,133.95,34.27,110.57,46.96,78.09,31.07,179.09,30.89,2192.75,195.63,3.61,0.48,77.68,9.56,8.54,2.32,0.00,0.00,8.97,1.87,6.29,3.56,1.34,4.18,7.67,20.19,60.97,8.38,3.23,4.38,56050.35,4784.41,2721.46,12005.71,2054.49,27352.06,1071.99,217.40,136.60,4675.97,178.93,556.45,134.44,2319.66,92.87,223.50,57.18,197.39,83.83,114.13,45.42,257.32,44.38,3135.08,279.70,4.59,0.61,97.24,11.97,10.63,2.89,0.00,0.00,10.60,2.22,8.50,4.80,1.79,5.58,8.56,22.54,65.68,9.02,3.67,4.96
28.40,28.4,26/11/2025 10:05:45,4.329,14.946,,15.8,878165.0,588629.0,969265.03,3473.59,1649.97,6805.38,1155.32,13139.17,513.34,44.82,33.53,2031.12,76.15,544.54,119.98,1779.43,67.53,88.95,28.33,123.47,47.65,85.68,32.72,91.05,16.31,2336.22,209.08,3.40,0.47,87.75,11.78,9.16,2.26,0.00,0.00,9.18,1.90,7.81,3.62,1.38,4.26,10.51,20.37,59.07,8.49,3.30,4.51,59240.71,5760.17,2736.11,12858.52,2182.93,28109.08,1098.22,102.69,76.83,5071.50,190.14,655.95,144.52,2489.80,94.49,148.41,47.27,220.42,85.06,125.23,47.83,130.82,23.44,3340.20,298.92,4.33,0.60,109.85,14.75,11.40,2.81,0.00,0.00,10.85,2.24,10.54,4.89,1.84,5.68,11.74,22.74,63.63,9.15,3.74,5.11
28.50,28.5,26/11/2025 10:06:15,6.739,8.200,,15.8,875133.0,589364.0,968676.84,4007.14,1671.46,6785.44,1152.22,13451.24,523.71,4.16,4.02,2088.34,77.70,547.05,120.17,1808.13,67.94,109.95,31.50,77.48,47.07,66.61,29.27,89.12,16.08,2107.45,187.52,3.78,0.48,73.07,8.53,8.29,2.29,0.00,0.00,8.99,1.87,6.26,3.59,0.80,4.24,15.50,20.45,60.16,8.48,4.21,4.48,60429.24,6644.94,2771.74,12820.83,2177.07,28776.72,1120.40,9.52,9.22,5214.39,194.02,658.98,144.76,2529.95,95.06,183.45,52.56,138.32,84.02,97.35,42.78,128.05,23.10,3013.11,268.10,4.80,0.62,91.47,10.68,10.31,2.84,0.00,0.00,10.64,2.21,8.46,4.86,1.06,5.65,17.31,22.83,64.81,9.14,4.78,5.08
28.60,28.6,26/11/2025 10:06:35,3.858,11.903,1181245.654,15.8,876353.0,594732.0,970721.51,3646.88,1648.89,6085.72,1046.93,12394.36,488.64,105.23,65.34,2108.91,78.21,503.06,115.08,1679.05,66.27,129.69,33.64,93.32,46.83,63.97,28.66,129.89,22.73,2170.30,193.60,3.88,0.48,69.86,7.92,8.38,2.25,0.00,0.00,9.15,1.90,4.55,3.53,3.59,4.30,8.81,20.25,55.51,8.20,4.35,4.51,56489.40,6047.53,2734.32,11498.75,1978.14,26515.68,1045.36,241.11,149.72,5265.74,195.29,605.99,138.63,2349.34,92.72,216.39,56.13,166.60,83.60,93.50,41.89,186.63,32.67,3102.97,276.79,4.94,0.61,87.45,9.91,10.44,2.80,0.00,0.00,10.82,2.25,6.15,4.77,4.79,5.74,9.84,22.61,59.79,8.84,4.94,5.12
28.70,28.7,26/11/2025 10:06:54,5.062,5.752,,15.8,877935.0,595797.0,971537.91,3645.97,1668.91,5946.72,1026.95,12443.69,490.06,27.09,22.23,1828.08,70.64,344.11,99.63,1620.33,65.64,110.89,31.43,73.41,46.41,71.25,29.82,128.86,22.46,2046.29,181.91,3.98,0.48,82.80,10.81,9.30,2.23,0.00,0.00,6.71,1.60,1.72,3.48,1.99,4.26,9.90,20.19,55.67,8.31,3.32,4.41,54950.68,6046.02,2767.50,11236.11,1940.39,26621.23,1048.40,62.06,50.94,4564.53,176.39,414.52,120.02,2267.17,91.85,185.02,52.45,131.05,82.86,104.13,43.59,185.15,32.27,2925.68,260.09,5.07,0.61,103.65,13.53,11.58,2.78,0.00,0.00,7.93,1.90,2.33,4.70,2.65,5.68,11.05,22.54,59.97,8.95,3.76,5.00
28.80,28.8,26/11/2025 10:07:14,5.084,12.761,,15.8,877968.0,596461.0,972809.75,1812.99,1657.47,6301.71,1083.13,12203.87,482.94,9.39,8.74,2185.12,80.33,425.74,107.84,1680.55,66.33,67.77,24.26,106.23,46.62,86.61,32.71,116.15,20.40,2006.30,178.24,4.10,0.49,84.15,11.14,9.01,2.26,0.00,0.00,7.50,1.74,3.19,3.57,1.24,4.27,16.82,20.06,57.77,8.37,4.03,4.40,53050.16,3006.43,2748.55,11906.86,2046.54,26108.16,1033.17,21.52,20.03,5456.02,200.56,512.85,129.91,2351.43,92.80,113.07,40.47,189.64,83.23,126.59,47.81,166.89,29.31,2868.50,254.84,5.21,0.62,105.34,13.95,11.22,2.81,0.00,0.00,8.87,2.05,4.31,4.83,1.65,5.69,18.78,22.39,62.24,9.02,4.57,4.99
28.90,28.9,26/11/2025 10:07:34,4.034,13.556,,15.8,879223.0,594905.0,970630.07,3990.41,1704.69,6224.15,1069.40,12312.06,486.03,63.58,43.90,1885.67,72.47,488.06,114.16,1671.51,66.39,81.99,26.99,107.12,46.89,71.14,29.83,137.45,23.89,2157.54,192.35,4.13,0.50,73.66,8.71,8.71,2.27,0.00,0.00,7.50,1.72,4.79,3.54,1.48,4.25,16.48,20.16,59.41,8.46,3.10,4.42,56423.59,6617.20,2826.85,11760.29,2020.58,26339.63,1039.79,145.68,100.59,4708.34,180.95,587.92,137.52,2338.79,92.90,136.80,45.03,191.22,83.71,103.97,43.59,197.50,34.32,3084.73,275.02,5.26,0.63,92.21,10.91,10.84,2.82,0.00,0.00,8.87,2.03,6.48,4.78,1.97,5.67,18.40,22.51,63.99,9.11,3.51,5.02
29.00,29.0,26/11/2025 10:08:04,4.800,13.428,,15.8,876580.0,595639.0,973368.74,1447.12,1621.30,5888.45,1019.62,12705.94,498.59,68.32,46.30,1861.64,71.65,435.86,107.53,1646.40,65.16,102.15,29.79,113.06,46.41,54.03,26.76,152.27,26.34,1970.60,174.90,3.79,0.48,86.41,11.71,8.31,2.29,0.00,0.00,4.57,1.39,1.72,3.51,3.33,4.22,14.46,19.94,59.02,8.30,3.79,4.49,52048.59,2399.73,2688.56,11126.00,1926.54,27182.25,1066.64,156.55,106.09,4648.35,178.90,525.04,129.53,2303.65,91.17,170.44,49.70,201.84,82.85,78.97,39.12,218.78,37.85,2817.45,250.06,4.83,0.61,108.17,14.66,10.35,2.85,0.00,0.00,5.40,1.65,2.33,4.74,4.44,5.63,16.14,22.26,63.58,8.94,4.30,5.09
29.10,29.1,26/11/2025 10:08:23,3.466,9.918,1181242.283,15.8,870583.0,593450.0,974434.33,1834.67,1591.12,6052.44,1041.48,11403.52,455.03,104.04,64.19,1979.51,74.39,378.64,102.34,1492.10,63.66,23.92,14.93,143.37,46.72,62.26,27.96,91.71,16.41,1817.83,160.68,3.76,0.47,73.29,8.82,7.57,2.17,0.00,0.00,5.78,1.48,5.88,3.48,2.69,4.15,18.98,19.80,59.16,8.19,4.54,4.42,49931.15,3042.39,2638.52,11435.86,1967.83,24395.95,973.47,238.40,147.09,4942.64,185.75,456.11,123.28,2087.76,89.08,39.90,24.92,255.94,83.41,91.00,40.87,131.77,23.58,2599.03,229.73,4.79,0.60,91.74,11.04,9.43,2.71,0.00,0.00,6.84,1.75,7.95,4.71,3.59,5.53,21.19,22.10,63.73,8.82,5.15,5.02
29.20,29.2,26/11/2025 10:08:43,2.973,10.119,,15.8,875778.0,591977.0,973470.07,2674.04,1574.47,5866.93,1013.23,11716.57,465.67,46.85,52.13,1826.72,70.47,399.67,104.21,1558.38,64.43,44.39,18.78,106.73,46.45,89.18,33.12,97.69,17.40,1899.40,168.30,3.90,0.48,101.44,15.71,9.05,2.27,0.00,0.00,7.68,1.73,3.13,3.46,2.48,4.18,11.37,19.94,58.90,8.29,5.44,4.40,51408.83,4434.29,2610.91,11085.35,1914.47,25065.67,996.22,107.35,119.45,4561.15,175.95,481.44,125.53,2180.49,90.15,74.06,31.34,190.53,82.92,130.34,48.40,140.36,25.00,2715.65,240.62,4.97,0.61,126.98,19.66,11.26,2.82,0.00,0.00,9.08,2.04,4.23,4.67,3.30,5.57,12.69,22.26,63.45,8.93,6.18,4.99
29.30,29.3,26/11/2025 10:09:03,2.979,17.060,,15.9,873569.0,590219.0,973161.69,2741.53,1663.55,6221.86,1067.54,11786.79,468.13,71.10,47.75,1728.05,67.68,414.74,105.87,1546.90,64.62,43.70,18.51,99.49,46.37,55.90,27.07,87.04,15.66,1827.99,161.55,3.87,0.48,98.79,15.00,7.96,2.22,0.00,0.00,9.77,1.92,4.41,3.47,1.94,4.17,20.90,19.98,61.13,8.33,4.45,4.40,51983.47,4546.21,2758.62,11755.97,2017.07,25215.90,1001.49,162.91,109.41,4314.78,169.00,499.59,127.53,2164.43,90.42,72.91,30.88,177.61,82.79,81.70,39.57,125.06,22.51,2613.56,230.98,4.93,0.61,123.66,18.77,9.91,2.77,0.00,0.00,11.55,2.27,5.96,4.68,2.59,5.56,23.34,22.31,65.85,8.97,5.04,4.99
29.40,29.4,26/11/2025 10:09:22,3.361,14.216,,15.9,876036.0,587144.0,972402.53,2917.49,1695.38,6241.33,1072.99,11931.67,473.48,94.74,60.06,1820.17,70.06,425.75,106.95,1592.88,65.01,173.30,38.21,117.22,46.80,65.09,28.65,108.20,19.14,1945.50,172.56,3.78,0.47,64.68,6.99,7.53,2.25,0.00,0.00,8.02,1.77,4.76,3.46,1.36,4.16,8.81,20.12,59.76,8.33,5.42,4.44,53383.93,4838.01,2811.40,11792.76,2027.38,25525.85,1012.94,217.08,137.61,4544.80,174.93,512.86,128.83,2228.77,90.96,289.14,63.75,209.25,83.54,95.14,41.87,155.47,27.50,2781.57,246.72,4.81,0.60,80.96,8.75,9.37,2.80,0.00,0.00,9.49,2.09,6.42,4.68,1.81,5.55,9.84,22.47,64.37,8.97,6.15,5.04
29.50,29.5,26/11/2025 10:09:52,4.403,9.457,,15.9,876318.0,585639.0,971627.67,3121.15,1615.78,6319.01,1082.30,12469.65,491.15,59.86,42.12,1825.56,70.88,464.84,111.85,1581.93,65.35,47.24,19.67,71.22,46.52,64.47,28.65,149.97,26.00,1965.00,174.35,3.62,0.47,119.93,21.02,8.09,2.21,0.00,0.00,10.11,1.96,4.85,3.50,3.76,4.20,13.78,20.19,62.98,8.43,5.34,4.48,54863.51,5175.72,2679.42,11939.53,2044.97,26676.76,1050.74,137.15,96.51,4558.24,176.98,559.94,134.73,2213.44,91.44,78.82,32.82,127.14,83.04,94.22,41.88,215.48,37.36,2809.44,249.27,4.60,0.60,150.13,26.31,10.07,2.76,0.00,0.00,11.95,2.32,6.56,4.73,5.02,5.60,15.39,22.54,67.84,9.08,6.06,5.09
29.60,29.6,26/11/2025 10:10:12,5.048,11.305,1181246.648,15.9,873612.0,581853.0,972133.08,3305.37,1658.14,5958.49,1028.11,12006.89,475.28,48.26,52.46,2009.44,75.50,442.58,109.10,1573.85,64.94,51.40,20.65,87.65,46.51,53.18,26.78,29.48,5.96,2078.73,185.04,3.75,0.47,111.40,18.45,8.97,2.26,0.00,0.00,11.81,2.13,5.69,3.46,1.92,4.12,12.83,20.10,61.36,8.34,3.84,4.40,53888.34,5481.22,2749.66,11258.34,1942.57,25686.76,1016.79,110.59,120.20,5017.39,188.52,533.14,131.43,2202.14,90.86,85.76,34.46,156.47,83.03,77.73,39.14,42.36,8.56,2972.05,264.57,4.78,0.60,139.44,23.09,11.17,2.82,0.00,0.00,13.97,2.51,7.69,4.67,2.56,5.49,14.33,22.45,66.10,8.98,4.35,4.99
29.70,29.7,26/11/2025 10:10:31,4.911,10.648,,15.9,877796.0,582012.0,968180.87,4119.71,1706.97,6733.46,1145.95,13487.12,525.50,24.04,52.23,2196.76,81.04,542.75,119.75,1808.13,67.92,94.93,29.39,121.51,47.74,80.20,31.72,71.13,13.14,2333.82,208.84,3.69,0.48,87.35,11.64,10.11,2.32,0.00,0.00,15.14,2.40,11.18,3.67,1.80,4.23,7.20,20.42,65.18,8.58,3.91,4.52,61307.86,6831.61,2830.62,12722.62,2165.24,28853.47,1124.21,55.08,119.69,5485.11,202.34,653.80,144.26,2529.94,95.03,158.40,49.03,216.92,85.23,117.22,46.36,102.20,18.87,3336.76,298.58,4.70,0.61,109.34,14.58,12.59,2.88,0.00,0.00,17.91,2.84,15.10,4.96,2.39,5.64,8.04,22.80,70.22,9.25,4.43,5.13
29.80,29.8,26/11/2025 10:10:51,5.483,10.382,,15.9,875996.0,585876.0,968404.43,2938.85,1658.08,6818.92,1158.25,14517.31,558.70,126.87,75.95,1964.28,74.64,518.01,117.36,1782.51,67.66,99.43,29.73,85.93,46.90,68.49,29.45,104.36,18.35,2349.35,210.16,3.66,0.48,97.48,14.17,11.42,2.39,0.00,0.00,12.81,2.23,5.37,3.57,1.62,4.30,19.83,20.30,64.98,8.70,4.08,4.57,61318.88,4873.43,2749.55,12884.10,2188.47,31057.38,1195.25,290.70,174.04,4904.61,186.38,624.00,141.37,2494.10,94.67,165.90,49.60,153.41,83.72,100.10,43.04,149.95,26.36,3358.97,300.47,4.65,0.61,122.03,17.74,14.21,2.97,0.00,0.00,15.15,2.64,7.25,4.82,2.17,5.73,22.14,22.66,69.99,9.37,4.62,5.19
29.90,29.9,26/11/2025 10:11:11,4.685,10.646,,15.9,870246.0,591313.0,971062.61,3974.71,1704.74,6009.27,1037.17,12370.97,487.49,67.16,45.29,1516.60,61.88,427.56,107.10,1613.21,65.25,75.55,25.57,108.45,46.47,56.02,27.04,114.08,19.96,2419.86,217.17,3.54,0.48,82.45,10.65,5.52,2.18,0.00,0.00,10.23,1.98,2.13,3.54,2.02,4.25,13.38,19.95,60.87,8.46,3.79,4.45,55366.37,6591.16,2826.93,11354.30,1959.69,26465.64,1042.91,153.90,103.77,3786.80,154.50,515.05,129.01,2257.21,91.29,126.06,42.66,193.61,82.96,81.88,39.53,163.92,28.68,3459.79,310.49,4.51,0.61,103.21,13.33,6.87,2.71,0.00,0.00,12.10,2.35,2.88,4.78,2.69,5.66,14.94,22.28,65.57,9.12,4.30,5.05
30.00,30.0,26/11/2025 10:11:41,3.826,10.845,,15.8,875878.0,594815.0,972415.41,2480.79,1625.38,6137.44,1056.85,12224.15,483.17,46.05,52.15,1864.87,71.51,514.19,115.71,1617.32,65.43,63.29,23.42,73.36,46.35,64.48,28.62,38.33,7.57,2260.23,202.20,4.09,0.50,97.53,14.47,7.98,2.21,0.00,0.00,3.87,1.37,2.45,3.55,3.05,4.27,13.81,20.11,63.47,8.48,3.84,4.47,53360.86,4113.83,2695.34,11596.46,1996.87,26151.55,1033.67,105.51,119.49,4656.40,178.55,619.40,139.38,2262.96,91.55,105.60,39.08,130.96,82.75,94.24,41.83,55.07,10.87,3231.55,289.09,5.20,0.63,122.08,18.12,9.94,2.75,0.00,0.00,4.58,1.63,3.31,4.79,4.07,5.70,15.42,22.46,68.38,9.14,4.36,5.07
30.10,30.1,26/11/2025 10:12:00,4.284,8.065,1181249.493,15.8,873533.0,597261.0,970517.72,4674.74,1662.64,6226.56,1066.81,11708.89,465.54,47.99,51.98,1889.50,72.11,430.95,107.88,1587.24,65.27,88.24,28.10,105.55,46.87,61.94,28.18,99.17,17.61,2359.45,211.46,3.83,0.49,106.66,16.88,9.99,2.24,0.00,0.00,4.36,1.41,3.97,3.57,2.41,4.36,6.66,20.15,60.35,8.52,3.85,4.49,56317.38,7752.01,2757.12,11764.85,2015.71,25049.24,995.94,109.97,119.12,4717.89,180.06,519.13,129.95,2220.87,91.33,147.23,46.88,188.43,83.66,90.53,41.19,142.48,25.31,3373.41,302.33,4.87,0.62,133.51,21.12,12.43,2.78,0.00,0.00,5.16,1.67,5.37,4.83,3.21,5.81,7.43,22.50,65.01,9.18,4.36,5.09
30.20,30.2,26/11/2025 10:12:20,3.743,1.851,,15.8,876094.0,597065.0,971433.35,3762.77,1687.55,6119.36,1052.82,12180.38,481.63,92.44,58.66,1540.38,63.05,413.72,105.73,1578.61,64.85,23.88,15.10,90.13,46.58,59.33,27.75,86.96,15.69,2419.18,217.23,3.79,0.49,90.71,12.66,6.88,2.18,0.00,0.00,4.44,1.38,3.25,3.57,2.13,4.28,22.29,20.11,61.80,8.55,4.24,4.45,54731.95,6239.70,2798.42,11562.30,1989.27,26057.92,1030.37,211.80,134.41,3846.18,157.44,498.36,127.36,2208.80,90.74,39.84,25.20,160.89,83.15,86.72,40.56,124.95,22.55,3458.81,310.58,4.82,0.62,113.55,15.85,8.56,2.72,0.00,0.00,5.25,1.63,4.39,4.82,2.84,5.71,24.88,22.46,66.58,9.21,4.80,5.04
30.30,30.3,26/11/2025 10:12:40,3.555,7.009,,15.8,873676.0,596346.0,972513.69,3408.74,1651.02,5962.91,1028.50,11865.26,470.71,50.33,36.18,1679.82,66.37,443.77,108.73,1385.16,63.08,69.80,24.73,68.23,45.97,81.72,31.61,50.68,9.68,2257.02,201.94,4.00,0.49,74.57,8.99,7.69,2.19,0.00,0.00,2.77,1.35,3.43,3.51,2.37,4.26,8.41,19.97,56.56,8.23,3.07,4.46,52935.80,5652.62,2737.85,11266.70,1943.31,25383.77,1007.01,115.32,82.90,4194.34,165.71,534.57,130.97,1938.12,88.26,116.46,41.27,121.80,82.07,119.44,46.20,72.82,13.91,3226.97,288.73,5.09,0.63,93.35,11.26,9.57,2.72,0.00,0.00,3.27,1.60,4.64,4.75,3.16,5.69,9.39,22.30,60.93,8.86,3.48,5.06
30.40,30.4,26/11/2025 10:12:59,3.581,7.537,,15.8,877820.0,595017.0,971814.85,3238.61,1589.78,6260.23,1072.75,11948.71,473.86,87.19,56.03,1872.48,71.93,413.68,106.08,1575.89,65.01,94.25,29.26,97.30,46.69,61.07,28.05,32.30,6.49,2331.70,208.96,4.23,0.50,86.04,11.54,7.30,2.21,0.00,0.00,5.18,1.41,1.79,3.51,1.33,4.25,1.71,20.14,60.53,8.44,3.64,4.51,54343.84,5370.51,2636.29,11828.47,2026.93,25562.30,1013.75,199.77,128.40,4675.41,179.61,498.32,127.79,2204.99,90.97,157.25,48.82,173.69,83.34,89.26,41.00,46.41,9.33,3333.74,298.76,5.39,0.63,107.70,14.44,9.08,2.75,0.00,0.00,6.12,1.67,2.41,4.74,1.77,5.67,1.91,22.48,65.20,9.09,4.13,5.12
30.50,30.5,26/11/2025 10:13:29,3.636,7.405,,15.8,878994.0,596626.0,972432.14,2956.14,1651.35,6204.22,1065.31,11854.19,470.46,145.73,85.51,1668.14,66.26,413.84,105.45,1544.23,64.32,72.11,25.30,94.24,46.62,68.29,29.22,31.05,6.25,2347.03,210.48,3.79,0.48,77.31,9.56,8.13,2.25,0.00,0.00,4.08,1.38,2.55,3.52,2.39,4.27,6.80,20.11,59.59,8.49,4.02,4.44,53131.26,4902.10,2738.40,11722.64,2012.87,25360.08,1006.48,333.91,195.94,4165.19,165.44,498.52,127.02,2160.69,89.99,120.32,42.22,168.23,83.23,99.81,42.71,44.62,8.99,3355.65,300.94,4.83,0.61,96.77,11.96,10.12,2.80,0.00,0.00,4.82,1.64,3.44,4.75,3.18,5.70,7.59,22.45,64.19,9.14,4.56,5.04
30.60,30.6,26/11/2025 10:13:49,3.245,9.922,1181247.174,15.8,876963.0,587833.0,973061.64,2549.65,1660.22,5990.42,1035.16,12130.88,480.20,74.52,49.70,1740.88,68.35,391.98,104.01,1499.33,64.34,47.10,19.59,98.33,46.52,67.79,29.04,18.89,3.93,2140.39,190.95,4.02,0.48,92.73,13.31,8.79,2.19,0.00,0.00,5.86,1.49,5.11,3.49,2.92,4.17,8.15,20.01,56.79,8.14,3.84,4.42,52251.36,4228.02,2753.11,11318.67,1955.90,25952.02,1027.31,170.74,113.87,4346.81,170.67,472.18,125.29,2097.87,90.02,78.59,32.68,175.54,83.04,99.08,42.44,27.14,5.64,3060.21,273.01,5.12,0.61,116.08,16.66,10.94,2.73,0.00,0.00,6.93,1.76,6.90,4.71,3.89,5.56,9.10,22.34,61.17,8.76,4.35,5.01
30.70,30.7,26/11/2025 10:14:09,3.403,8.796,,15.9,874532.0,584586.0,971195.10,3832.58,1654.91,6171.90,1060.16,12405.77,488.87,123.69,74.30,1820.06,70.51,441.44,109.04,1508.58,64.40,59.95,22.80,86.02,46.55,61.81,28.18,19.95,4.13,2088.47,185.90,3.46,0.47,79.82,10.13,8.95,2.26,0.00,0.00,11.24,2.07,6.02,3.47,0.94,4.15,8.51,20.14,61.46,8.37,4.29,4.47,55604.91,6355.48,2744.30,11661.57,2003.14,26540.09,1045.86,283.41,170.24,4544.51,176.05,531.76,131.35,2110.82,90.12,100.02,38.04,153.56,83.11,90.34,41.19,28.67,5.94,2985.97,265.80,4.41,0.59,99.92,12.68,11.14,2.81,0.00,0.00,13.29,2.44,8.13,4.68,1.26,5.54,9.50,22.48,66.21,9.02,4.87,5.07
30.80,30.8,26/11/2025 10:14:29,2.877,9.856,,15.9,871439.0,591674.0,972132.35,2978.58,1636.26,6062.52,1043.30,12416.31,488.73,16.61,14.57,1857.76,71.40,439.33,108.57,1540.39,64.44,35.35,15.94,137.04,46.68,61.85,28.01,23.77,4.86,2105.61,187.47,3.49,0.47,79.93,10.17,7.97,2.26,0.00,0.00,4.52,1.38,3.52,3.50,0.82,4.23,20.89,19.85,67.74,8.58,3.66,4.36,53982.80,4939.31,2713.37,11454.90,1971.28,26562.64,1045.55,38.06,33.38,4638.66,178.27,529.22,130.79,2155.32,90.16,58.98,26.60,244.63,83.33,90.40,40.94,34.16,6.98,3010.48,268.04,4.45,0.59,100.05,12.73,9.92,2.82,0.00,0.00,5.35,1.63,4.75,4.73,1.09,5.64,23.33,22.17,72.97,9.24,4.15,4.95
30.90,30.9,26/11/2025 10:14:48,3.798,8.794,,15.8,879109.0,598601.0,971652.37,3578.80,1682.00,6003.00,1036.45,12320.35,486.93,11.77,10.80,1745.27,68.50,416.05,106.35,1461.87,63.99,44.64,18.88,94.25,46.54,86.96,32.73,93.02,16.64,2285.65,204.55,3.60,0.48,105.95,16.77,8.05,2.22,0.09,0.18,4.07,1.37,0.73,3.50,2.56,4.28,19.86,20.06,57.87,8.29,3.22,4.39,54581.91,5934.63,2789.22,11342.43,1958.33,26357.36,1041.71,26.96,24.75,4357.78,171.04,501.17,128.11,2045.46,89.54,74.47,31.49,168.25,83.09,127.10,47.84,133.66,23.90,3267.90,292.45,4.58,0.61,132.63,21.00,10.02,2.77,0.12,0.24,4.81,1.62,0.98,4.72,3.42,5.71,22.17,22.40,62.34,8.93,3.66,4.98
31.00,31.0,26/11/2025 10:15:18,2.425,1.257,,15.8,876088.0,598355.0,971385.99,4061.31,1682.48,6151.10,1058.13,12008.24,476.24,25.82,21.37,1888.29,72.56,360.60,101.49,1515.35,64.69,97.37,29.48,94.58,46.61,76.88,30.81,71.55,13.16,2089.52,186.03,3.64,0.47,80.71,10.33,8.58,2.20,0.00,0.00,3.69,1.37,4.22,3.51,2.07,4.30,5.21,20.11,61.69,8.46,3.59,4.46,55114.87,6734.78,2790.01,11622.28,1999.30,25689.64,1018.84,59.17,48.98,4714.87,181.19,434.38,122.26,2120.29,90.52,162.46,49.18,168.85,83.21,112.36,45.02,102.80,18.91,2987.48,265.98,4.63,0.60,101.03,12.93,10.68,2.74,0.00,0.00,4.37,1.62,5.71,4.74,2.75,5.73,5.82,22.45,66.46,9.12,4.07,5.06
31.10,31.1,26/11/2025 10:15:38,3.651,-1.984,1181250.481,15.8,877399.0,597287.0,971339.25,3331.19,1625.61,6321.81,1081.29,12398.80,488.32,10.04,9.17,2078.51,77.26,224.23,88.92,1566.11,65.02,62.55,23.31,103.98,46.78,65.78,28.84,123.81,21.70,2201.82,196.67,4.01,0.49,82.63,10.73,7.84,2.23,0.00,0.00,3.58,1.34,2.00,3.48,2.21,4.28,11.09,20.11,54.77,8.27,3.99,4.37,55584.46,5524.03,2695.71,11944.82,2043.06,26525.18,1044.68,23.01,21.00,5189.83,192.92,270.11,107.11,2191.31,90.97,104.36,38.90,185.63,83.50,96.14,42.15,177.89,31.19,3148.03,281.19,5.10,0.62,103.44,13.44,9.76,2.77,0.00,0.00,4.23,1.58,2.71,4.70,2.94,5.71,12.38,22.46,59.00,8.91,4.53,4.96
31.20,31.2,26/11/2025 10:15:58,3.934,1.325,,15.8,878852.0,597406.0,972629.38,3040.25,1664.31,5917.26,1023.75,11917.82,473.33,65.31,45.20,1927.83,73.69,347.60,100.62,1512.92,64.57,55.31,21.52,94.00,46.35,55.76,27.10,75.07,13.81,2162.70,193.07,4.01,0.49,86.46,11.71,7.60,2.18,0.00,0.00,3.82,1.34,3.86,3.50,2.36,4.24,23.37,20.02,62.65,8.35,4.68,4.40,52993.17,5041.58,2759.88,11180.43,1934.34,25496.20,1012.60,149.64,103.56,4813.61,184.00,418.72,121.21,2116.89,90.34,92.28,35.91,167.80,82.75,81.50,39.60,107.87,19.84,3092.10,276.04,5.11,0.62,108.23,14.66,9.45,2.72,0.00,0.00,4.52,1.59,5.21,4.73,3.15,5.66,26.09,22.35,67.48,8.99,5.31,4.99
31.30,31.3,26/11/2025 10:16:17,5.728,6.018,,15.8,878538.0,594469.0,968941.26,4257.70,1700.70,6554.36,1117.67,13128.53,513.14,37.83,29.40,2025.42,76.03,516.19,116.99,1583.11,65.75,57.67,22.21,95.92,46.96,66.41,29.04,69.90,12.90,2476.11,222.46,4.01,0.50,80.31,10.06,9.87,2.33,0.00,0.00,4.71,1.42,2.99,3.61,2.44,4.39,15.24,20.24,66.54,8.61,3.49,4.46,59740.43,7060.44,2820.22,12384.21,2111.79,28086.32,1097.77,86.69,67.36,5057.28,189.83,621.80,140.93,2215.10,92.00,96.21,37.06,171.23,83.84,97.07,42.45,100.44,18.53,3540.20,318.06,5.11,0.63,100.53,12.59,12.28,2.90,0.00,0.00,5.57,1.68,4.04,4.87,3.25,5.85,17.01,22.59,71.68,9.28,3.96,5.07
31.40,31.4,26/11/2025 10:16:37,4.778,6.483,,15.8,877472.0,595107.0,969189.73,3213.18,1643.02,6809.55,1156.96,13530.63,526.45,101.38,63.54,2042.25,76.71,459.69,111.04,1634.79,65.98,79.98,26.58,71.52,46.52,58.74,27.78,78.61,14.30,2533.77,227.94,4.02,0.49,89.79,12.26,8.96,2.25,0.00,0.00,4.17,1.37,4.26,3.59,0.80,4.34,19.49,20.22,60.87,8.47,3.81,4.48,59628.68,5328.34,2724.58,12866.38,2186.03,28946.56,1126.26,232.31,145.60,5099.30,191.55,553.75,133.76,2287.40,92.32,133.45,44.34,127.67,83.05,85.85,40.60,112.95,20.55,3622.64,325.89,5.11,0.62,112.40,15.34,11.16,2.80,0.00,0.00,4.94,1.62,5.76,4.85,1.06,5.79,21.76,22.57,65.57,9.13,4.33,5.08
31.50,31.5,26/11/2025 10:17:07,5.025,0.070,,15.8,880260.0,595952.0,968539.42,3749.42,1711.18,6647.27,1133.56,13884.99,538.50,55.32,39.82,1895.77,73.05,481.91,113.89,1689.64,67.08,70.39,24.88,114.71,47.30,61.59,28.32,19.58,4.07,2599.80,234.22,4.05,0.50,82.95,10.61,8.34,2.30,0.00,0.00,4.30,1.40,2.12,3.61,2.35,4.33,17.27,20.29,66.67,8.68,2.15,4.44,60668.37,6217.57,2837.61,12559.77,2141.83,29704.64,1152.03,126.77,91.23,4733.55,182.39,580.52,137.19,2364.15,93.87,117.45,41.51,204.78,84.43,90.01,41.39,28.13,5.84,3717.05,334.87,5.15,0.64,103.83,13.29,10.38,2.86,0.00,0.00,5.08,1.66,2.86,4.88,3.13,5.78,19.28,22.65,71.82,9.35,2.44,5.03
31.60,31.6,26/11/2025 10:17:27,3.697,6.414,1181243.607,15.8,876824.0,594057.0,969161.17,3582.62,1689.75,6799.37,1154.54,13267.11,516.84,78.79,50.98,1724.73,67.68,463.15,111.22,1639.11,66.11,94.05,28.82,119.71,47.09,69.69,29.61,96.30,17.20,2715.94,245.34,3.71,0.49,85.29,11.15,9.10,2.36,0.00,0.00,5.18,1.43,1.66,3.58,3.60,4.40,14.36,20.16,62.13,8.55,3.23,4.50,59225.86,5940.98,2802.07,12847.15,2181.46,28382.79,1105.70,180.53,116.82,4306.48,169.00,557.91,133.97,2293.46,92.50,156.92,48.09,213.70,84.06,101.85,43.28,138.36,24.71,3883.10,350.77,4.72,0.62,106.77,13.95,11.33,2.94,0.00,0.00,6.13,1.69,2.24,4.84,4.80,5.86,16.04,22.51,66.92,9.21,3.66,5.11
31.70,31.7,26/11/2025 10:17:46,4.174,13.620,,15.8,877807.0,594322.0,968672.64,3753.12,1679.99,6829.18,1158.47,13483.60,524.07,44.66,32.95,1806.99,70.35,515.94,117.32,1686.62,66.75,72.08,24.98,122.05,47.13,76.22,30.86,38.06,7.51,2687.36,242.57,4.45,0.51,99.56,14.69,8.74,2.27,0.00,0.00,4.15,1.41,1.74,3.57,3.14,4.37,20.23,20.17,65.39,8.71,4.09,4.56,60165.51,6223.71,2785.88,12903.48,2188.89,28845.93,1121.15,102.33,75.51,4511.89,175.67,621.50,141.32,2359.93,93.40,120.26,41.67,217.88,84.13,111.40,45.11,54.69,10.79,3842.24,346.81,5.67,0.65,124.63,18.38,10.88,2.83,0.00,0.00,4.90,1.66,2.35,4.82,4.19,5.83,22.58,22.52,70.44,9.39,4.64,5.17
31.80,31.8,26/11/2025 10:18:06,4.089,8.068,,15.8,874748.0,595390.0,971530.26,3182.90,1648.40,6291.36,1078.06,12219.47,482.58,74.16,49.38,1881.98,72.09,362.09,101.33,1470.63,64.13,108.70,30.95,94.28,46.40,48.89,26.10,37.23,7.38,2504.95,225.46,3.92,0.49,97.47,14.38,8.21,2.23,0.00,0.00,6.17,1.54,2.85,3.51,2.03,4.32,7.88,20.06,60.71,8.58,3.86,4.36,54955.61,5278.12,2733.51,11887.30,2036.96,26141.54,1032.40,169.94,113.15,4699.13,180.00,436.17,122.06,2057.72,89.73,181.37,51.63,168.31,82.84,71.45,38.15,53.49,10.61,3581.43,322.35,4.99,0.63,122.02,18.00,10.22,2.78,0.00,0.00,7.29,1.82,3.85,4.74,2.70,5.76,8.80,22.40,65.39,9.25,4.38,4.94
31.90,31.9,26/11/2025 10:18:26,5.135,14.148,,15.8,879238.0,592385.0,970274.52,2763.88,1623.82,6446.14,1100.78,13429.34,522.52,78.34,51.49,1785.88,69.70,478.49,112.75,1598.86,65.58,45.64,19.09,123.86,46.97,72.98,30.10,33.58,6.68,2659.29,239.99,4.16,0.51,90.55,12.47,8.14,2.30,0.00,0.00,5.28,1.44,2.66,3.58,2.27,4.29,25.10,20.07,67.44,8.67,3.59,4.52,57445.75,4583.27,2692.73,12179.75,2079.87,28729.86,1117.86,179.50,117.99,4459.17,174.04,576.39,135.82,2237.13,91.76,76.15,31.85,221.12,83.85,106.66,44.00,48.26,9.59,3802.11,343.12,5.29,0.64,113.34,15.61,10.13,2.86,0.00,0.00,6.25,1.70,3.59,4.84,3.03,5.72,28.03,22.41,72.65,9.34,4.07,5.13
32.00,32.0,26/11/2025 10:18:56,5.252,15.079,,15.9,875365.0,586142.0,967457.16,4274.80,1710.47,6884.41,1167.66,14172.30,547.86,31.85,52.76,2065.96,77.51,478.51,114.05,1696.56,67.19,105.27,30.82,97.49,47.37,86.48,32.92,68.83,12.70,2386.56,213.78,3.65,0.49,88.64,11.94,7.74,2.34,0.00,0.00,7.35,1.72,6.79,3.57,2.19,4.27,9.32,20.43,64.06,8.62,4.07,4.49,62814.85,7088.79,2836.43,13007.83,2206.24,30319.29,1172.05,72.97,120.90,5158.50,193.52,576.42,137.39,2373.84,94.02,175.64,51.42,174.04,84.57,126.39,48.11,98.90,18.24,3412.18,305.65,4.64,0.62,110.96,14.95,9.64,2.91,0.00,0.00,8.69,2.04,9.18,4.83,2.92,5.69,10.41,22.81,69.00,9.28,4.62,5.09
32.10,32.1,26/11/2025 10:19:16,5.331,8.197,1181244.200,15.9,869130.0,582866.0,971549.65,3053.05,1646.24,6222.05,1066.44,12680.94,497.39,49.94,52.29,1848.70,71.23,434.90,108.09,1545.86,64.63,36.80,16.43,124.16,46.68,68.94,29.26,14.35,3.02,2170.37,193.53,3.84,0.48,87.14,11.83,8.74,2.27,0.00,0.00,9.77,1.91,4.10,3.50,1.56,4.14,18.30,19.93,62.62,8.46,4.23,4.31,55109.42,5062.79,2729.93,11756.34,2015.00,27128.78,1064.09,114.42,119.82,4616.03,177.84,523.88,130.21,2162.97,90.43,61.40,27.42,221.65,83.33,100.76,42.76,20.62,4.33,3103.07,276.69,4.89,0.62,109.08,14.81,10.87,2.83,0.00,0.00,11.55,2.25,5.54,4.72,2.08,5.51,20.43,22.25,67.46,9.12,4.79,4.89
32.20,32.2,26/11/2025 10:19:35,4.473,15.603,,15.9,864501.0,585563.0,972359.70,3310.27,1625.04,6116.52,1050.26,12092.99,477.80,57.04,40.15,1975.38,74.53,147.69,78.80,1387.73,62.88,70.17,24.43,93.08,45.68,65.64,28.48,17.12,3.55,2107.79,187.69,3.50,0.46,91.50,13.01,8.11,2.25,0.00,0.00,8.04,1.75,3.50,3.41,1.12,4.11,18.39,19.73,59.01,8.21,5.70,4.38,53752.67,5489.34,2694.77,11556.94,1984.43,25870.96,1022.17,130.71,92.00,4932.34,186.10,177.91,94.92,1941.72,87.99,117.07,40.76,166.16,81.55,95.94,41.62,24.60,5.09,3013.60,268.35,4.46,0.59,114.54,16.28,10.10,2.80,0.00,0.00,9.50,2.07,4.72,4.60,1.49,5.49,20.53,22.03,63.57,8.85,6.47,4.97
32.30,32.3,26/11/2025 10:19:55,4.754,15.940,,15.9,865512.0,581369.0,971166.84,2718.78,1618.56,6491.52,1107.45,12698.50,498.08,9.44,8.67,2048.15,76.18,498.24,113.50,1563.62,64.45,63.44,23.07,118.17,46.37,73.62,30.08,7.91,1.70,2316.00,207.23,3.80,0.48,118.35,20.35,8.38,2.20,0.00,0.00,7.55,1.69,4.25,3.45,1.88,4.14,17.78,19.85,60.41,8.41,3.35,4.39,55880.39,4508.48,2684.02,12265.49,2092.49,27166.34,1065.55,21.63,19.87,5114.04,190.21,600.19,136.72,2187.83,90.18,105.85,38.50,210.96,82.78,107.60,43.96,11.37,2.44,3311.28,296.28,4.84,0.61,148.14,25.48,10.43,2.74,0.00,0.00,8.93,2.00,5.74,4.66,2.51,5.53,19.85,22.16,65.07,9.06,3.80,4.99
32.40,32.4,26/11/2025 10:20:15,3.780,15.407,,16.0,863908.0,568794.0,968611.19,2659.78,1639.13,6744.94,1146.21,14760.42,566.08,111.21,68.19,1990.44,75.18,678.77,134.48,1668.56,66.20,146.15,35.45,99.17,46.86,59.79,27.89,13.29,2.78,2257.58,201.39,3.27,0.46,88.10,11.86,9.45,2.33,0.00,0.00,16.91,2.45,8.22,3.53,1.88,4.15,4.40,20.24,60.77,8.46,5.71,4.49,61101.30,4410.64,2718.13,12744.31,2165.73,31577.48,1211.04,254.82,156.24,4969.94,187.72,817.65,162.00,2334.65,92.62,243.84,59.15,177.03,83.66,87.39,40.76,19.10,3.99,3227.76,287.94,4.16,0.58,110.28,14.84,11.77,2.90,0.00,0.00,20.00,2.90,11.10,4.77,2.51,5.54,4.91,22.59,65.47,9.12,6.48,5.09
32.50,32.5,26/11/2025 10:20:45,3.263,13.027,,16.0,868008.0,558770.0,965490.16,3313.87,1632.79,7235.29,1220.29,16892.69,637.49,46.40,54.53,1715.72,68.32,658.32,133.15,1745.25,68.07,81.89,27.15,89.61,47.52,74.05,30.61,24.86,5.02,2394.65,214.24,3.96,0.49,121.73,20.89,8.22,2.21,0.00,0.00,22.07,2.79,12.18,3.57,0.28,4.11,8.23,20.51,56.37,8.31,4.20,4.56,67080.07,5495.31,2707.62,13670.80,2305.70,36139.13,1363.80,106.32,124.94,4284.00,170.58,793.01,160.39,2441.97,95.25,136.63,45.30,159.97,84.84,108.23,44.74,35.73,7.21,3423.74,306.31,5.04,0.62,152.37,26.15,10.23,2.75,0.00,0.00,26.10,3.29,16.45,4.82,0.37,5.48,9.19,22.90,60.72,8.95,4.76,5.17
32.60,32.6,26/11/2025 10:21:05,3.467,9.123,1181243.540,16.0,868450.0,559271.0,967104.58,4375.50,1631.44,6552.06,1115.51,14684.70,564.01,67.68,46.23,1867.06,71.97,572.10,123.03,1796.77,67.93,121.50,32.77,109.28,47.33,80.21,31.60,52.64,9.93,2380.59,213.01,3.41,0.46,104.40,15.96,9.18,2.29,0.00,0.00,24.01,2.86,13.99,3.59,0.39,4.08,9.83,20.34,65.18,8.50,4.95,4.49,63346.66,7255.78,2705.37,12379.86,2107.71,31415.50,1206.60,155.07,105.94,4661.87,179.71,689.16,148.20,2514.05,95.05,202.72,54.68,195.08,84.50,117.24,46.19,75.63,14.27,3403.63,304.55,4.34,0.59,130.68,19.98,11.42,2.85,0.00,0.00,28.39,3.38,18.90,4.85,0.52,5.44,10.97,22.71,70.22,9.16,5.62,5.09
32.70,32.7,26/11/2025 10:21:24,3.091,16.728,,15.9,871113.0,572622.0,973635.74,1881.37,1579.67,5651.01,981.09,12129.05,478.96,39.91,51.33,1939.29,73.18,492.92,113.77,1515.35,64.24,103.51,30.22,110.34,46.44,57.14,27.19,30.31,6.07,2218.92,198.24,3.48,0.46,91.74,13.02,9.19,2.22,0.00,0.00,14.94,2.31,10.66,3.51,0.69,4.05,4.11,19.95,55.94,8.16,4.41,4.32,51295.77,3119.82,2619.54,10677.37,1853.73,25948.09,1024.65,91.44,117.62,4842.22,182.73,593.77,137.04,2120.29,89.88,172.70,50.41,196.97,82.90,83.51,39.74,43.56,8.72,3172.48,283.43,4.43,0.58,114.84,16.30,11.43,2.77,0.00,0.00,17.66,2.74,14.40,4.74,0.92,5.40,4.59,22.27,60.26,8.79,5.01,4.90
32.80,32.8,26/11/2025 10:21:44,2.596,17.459,,15.9,875039.0,585839.0,972136.72,2381.39,1591.99,6100.82,1049.13,12233.98,483.26,114.71,69.94,1779.37,69.13,482.42,112.50,1580.92,65.07,44.79,18.98,108.75,46.69,78.33,30.98,53.27,10.11,2712.78,245.25,3.99,0.49,95.35,13.76,7.77,2.23,0.00,0.00,8.00,1.80,7.16,3.55,1.63,4.24,6.39,20.00,57.02,8.40,4.44,4.63,53715.25,3949.00,2639.95,11527.27,1982.29,26172.59,1033.86,262.85,160.27,4442.91,172.61,581.12,135.52,2212.03,91.05,74.73,31.67,194.13,83.34,114.49,45.28,76.54,14.53,3878.59,350.64,5.08,0.63,119.35,17.22,9.67,2.77,0.00,0.00,9.46,2.12,9.67,4.80,2.18,5.66,7.14,22.33,61.43,9.05,5.03,5.25
32.90,32.9,26/11/2025 10:22:04,3.422,12.300,,15.8,874516.0,592204.0,972080.35,3088.45,1676.77,5951.72,1026.62,11936.12,472.30,30.21,50.62,1887.07,71.81,472.59,111.39,1652.32,65.65,93.23,28.91,91.54,46.60,69.60,29.49,41.37,8.09,2426.03,217.92,3.38,0.46,81.76,10.51,6.79,2.23,0.00,0.00,5.63,1.47,5.79,3.58,1.73,4.27,6.05,20.13,64.63,8.50,3.65,4.41,53725.82,5121.51,2780.55,11245.56,1939.76,25535.35,1010.41,69.21,115.99,4711.84,179.31,569.28,134.18,2311.93,91.86,155.55,48.24,163.42,83.19,101.73,43.10,59.44,11.63,3468.61,311.57,4.30,0.59,102.35,13.16,8.45,2.78,0.00,0.00,6.65,1.74,7.82,4.84,2.31,5.70,6.76,22.48,69.62,9.15,4.14,5.00
33.00,33.0,26/11/2025 10:22:34,3.145,12.299,,15.8,872086.0,593516.0,972764.12,2996.01,1645.45,5987.50,1031.64,11909.06,472.00,83.45,53.90,1908.89,72.79,326.37,98.04,1514.24,64.64,60.18,22.75,73.53,46.20,68.05,29.11,37.99,7.49,2081.62,185.39,3.81,0.48,94.65,13.82,9.75,2.27,0.00,0.00,4.17,1.35,2.50,3.47,1.80,4.20,8.94,20.04,57.75,8.22,5.63,4.39,52814.88,4968.21,2728.60,11313.16,1949.24,25477.46,1009.76,191.22,123.50,4766.31,181.76,393.15,118.10,2118.73,90.44,100.41,37.96,131.27,82.47,99.46,42.54,54.59,10.76,2976.18,265.06,4.85,0.61,118.48,17.30,12.14,2.83,0.00,0.00,4.93,1.60,3.37,4.69,2.40,5.60,9.98,22.38,62.21,8.86,6.39,4.98
33.10,33.1,26/11/2025 10:22:54,3.314,17.130,1181244.003,15.8,872496.0,592184.0,972189.45,2424.53,1594.32,6166.05,1057.05,12350.09,485.96,36.06,27.68,1877.84,71.58,552.48,119.86,1658.97,65.82,71.08,24.99,97.25,46.55,51.38,26.48,42.23,8.23,2292.04,205.12,4.00,0.49,90.34,12.59,8.80,2.22,0.00,0.00,5.98,1.51,2.37,3.54,2.86,4.22,7.28,20.07,64.68,8.52,4.23,4.43,53781.06,4020.54,2643.82,11650.53,1997.26,26420.98,1039.62,82.63,63.43,4688.80,178.73,665.52,144.39,2321.24,92.10,118.60,41.69,173.61,83.10,75.10,38.70,60.67,11.83,3277.03,293.27,5.08,0.63,113.09,15.75,10.95,2.76,0.00,0.00,7.07,1.79,3.20,4.78,3.81,5.63,8.13,22.41,69.67,9.17,4.80,5.02
33.20,33.2,26/11/2025 10:23:13,3.336,11.439,,15.9,870630.0,572695.0,969109.00,2358.05,1589.79,6413.90,1095.35,14176.46,546.86,105.24,65.14,1889.50,72.18,767.40,143.97,1915.89,68.80,136.58,34.22,137.51,47.23,89.18,33.26,21.16,4.31,2642.01,237.97,3.71,0.49,105.23,16.16,9.36,2.31,0.00,0.00,22.49,2.82,12.75,3.63,0.11,4.21,14.03,20.12,64.73,8.68,5.71,4.59,59616.94,3910.29,2636.31,12118.82,2069.62,30328.20,1169.92,241.14,149.25,4717.90,180.22,924.42,173.43,2680.72,96.27,227.89,57.09,245.49,84.32,130.34,48.61,30.41,6.20,3777.40,340.23,4.73,0.62,131.73,20.22,11.65,2.88,0.00,0.00,26.60,3.33,17.22,4.90,0.15,5.62,15.66,22.47,69.73,9.35,6.48,5.21
33.30,33.3,26/11/2025 10:23:33,2.638,17.587,,16.0,870356.0,564576.0,970335.25,3220.57,1601.15,6293.68,1075.42,12566.69,493.61,92.48,58.58,2102.01,78.08,370.47,103.51,1956.97,68.96,145.69,35.27,96.46,46.64,56.83,27.38,9.25,1.97,2549.76,229.40,3.75,0.48,82.10,10.46,7.73,2.24,0.00,0.00,20.20,2.68,12.98,3.56,1.69,4.02,10.79,20.17,60.20,8.41,4.46,4.55,57161.44,5340.59,2655.15,11891.67,2031.97,26884.36,1055.99,211.91,134.24,5248.53,194.97,446.27,124.68,2738.20,96.49,243.09,58.86,172.19,83.26,83.05,40.01,13.29,2.83,3645.50,327.98,4.77,0.61,102.77,13.10,9.62,2.79,0.00,0.00,23.89,3.17,17.53,4.80,2.25,5.36,12.05,22.52,64.85,9.06,5.05,5.17
33.40,33.4,26/11/2025 10:23:53,2.766,16.599,,16.0,866987.0,568459.0,971132.81,2607.64,1579.01,6160.62,1054.83,12872.83,503.38,74.69,49.46,1965.56,73.95,445.02,108.87,1748.01,66.75,105.85,30.48,112.91,46.60,70.57,29.54,38.38,7.50,2440.33,219.03,3.58,0.48,111.69,18.26,9.44,2.27,0.00,0.00,16.74,2.49,9.22,3.50,1.74,4.13,6.22,19.99,61.59,8.38,4.57,4.58,55859.25,4324.19,2618.43,11640.26,1993.06,27539.29,1076.89,171.13,113.32,4907.82,184.66,536.07,131.14,2445.82,93.39,176.61,50.85,201.56,83.18,103.15,43.18,55.14,10.78,3489.05,313.16,4.55,0.61,139.81,22.86,11.75,2.83,0.00,0.00,19.80,2.94,12.45,4.72,2.32,5.51,6.94,22.32,66.34,9.03,5.18,5.20
33.50,33.5,26/11/2025 10:24:23,2.985,9.983,,15.9,872204.0,578380.0,970956.81,3254.76,1600.13,6401.76,1092.59,12207.44,481.83,12.54,11.30,2072.14,76.83,486.95,113.28,1654.20,65.73,30.90,15.19,107.61,46.86,68.13,29.18,34.72,6.85,2477.06,222.52,3.70,0.47,120.01,20.80,9.39,2.28,0.00,0.00,12.84,2.22,8.45,3.60,2.18,4.16,13.80,20.09,60.01,8.46,4.59,4.47,55928.87,5397.29,2653.45,12095.89,2064.41,26115.80,1030.79,28.72,25.90,5173.94,191.83,586.59,136.45,2314.56,91.97,51.55,25.34,192.10,83.65,99.58,42.65,49.89,9.84,3541.55,318.14,4.71,0.60,150.23,26.03,11.69,2.83,0.00,0.00,15.19,2.62,11.41,4.86,2.91,5.55,15.41,22.43,64.64,9.11,5.21,5.07
33.60,33.6,26/11/2025 10:24:42,2.134,17.726,1181241.686,15.9,870907.0,581658.0,971337.37,3483.59,1636.58,5919.53,1021.25,12233.37,482.41,88.27,56.06,1952.20,73.66,295.44,95.58,1669.70,65.76,135.24,34.20,114.38,46.57,51.13,26.33,79.45,14.39,2432.77,218.39,3.57,0.48,97.17,14.27,8.61,2.23,0.00,0.00,12.49,2.18,13.16,3.60,3.02,4.13,6.61,20.01,56.54,8.37,6.41,4.56,55247.56,5776.76,2713.90,11184.73,1929.61,26171.28,1032.03,202.25,128.45,4874.44,183.91,355.88,115.14,2336.25,92.02,225.64,57.07,204.18,83.14,74.73,38.48,114.15,20.67,3478.24,312.24,4.54,0.61,121.64,17.87,10.72,2.77,0.00,0.00,14.78,2.58,17.77,4.87,4.03,5.51,7.38,22.34,60.91,9.02,7.27,5.17
33.70,33.7,26/11/2025 10:25:02,0.780,15.540,,15.9,871437.0,587413.0,972003.26,2833.60,1611.37,6029.27,1037.29,12078.31,477.63,41.48,51.89,2109.06,78.09,399.03,104.81,1701.11,66.05,76.10,25.66,155.96,47.25,48.58,26.05,91.74,22.69,2233.06,199.54,3.77,0.48,89.35,12.33,6.99,2.14,0.00,0.00,9.60,1.92,5.05,3.59,1.55,4.22,14.53,19.97,63.65,8.42,4.95,4.51,54189.46,4698.89,2672.09,11392.08,1959.93,25839.55,1021.81,95.05,118.91,5266.12,194.99,480.67,126.26,2380.21,92.42,126.98,42.82,278.41,84.35,71.00,38.07,131.82,32.60,3192.70,285.29,4.80,0.61,111.85,15.43,8.70,2.67,0.00,0.00,11.35,2.27,6.82,4.84,2.06,5.63,16.22,22.30,68.57,9.07,5.62,5.12
33.80,33.8,26/11/2025 10:25:22,2.382,16.137,,15.9,871328.0,586829.0,973630.93,1825.32,1636.42,5771.46,1000.08,12057.74,476.65,41.63,51.55,1923.18,72.81,438.33,108.07,1589.08,64.81,87.80,27.77,117.09,46.31,60.61,27.72,11.60,2.46,2236.75,199.92,3.88,0.48,104.81,16.54,9.13,2.24,0.00,0.00,7.12,1.66,4.67,3.48,2.61,4.15,14.20,19.85,56.99,8.32,5.07,4.41,51283.70,3026.89,2713.64,10904.96,1889.62,25795.55,1019.71,95.38,118.11,4802.00,181.80,528.02,130.18,2223.44,90.68,146.50,46.34,209.03,82.67,88.58,40.51,16.67,3.54,3197.98,285.83,4.94,0.61,131.20,20.70,11.36,2.78,0.00,0.00,8.42,1.97,6.30,4.70,3.48,5.53,15.85,22.16,61.39,8.96,5.75,5.00
33.90,33.9,26/11/2025 10:25:42,1.806,10.185,,15.9,873276.0,587266.0,971121.06,3218.74,1618.63,6644.51,1129.22,12186.98,480.97,140.70,82.67,2227.34,81.82,219.41,89.40,1536.53,64.93,85.05,27.48,93.94,46.48,76.58,30.75,105.68,18.64,2161.56,192.70,4.00,0.49,77.67,9.61,8.88,2.31,0.00,0.00,6.78,1.63,4.60,3.51,1.64,4.21,13.20,20.06,58.74,8.41,6.42,4.59,56141.14,5337.55,2684.14,12554.55,2133.61,26072.03,1028.96,322.39,189.43,5561.46,204.30,264.30,107.69,2149.93,90.85,141.90,45.85,167.70,82.98,111.93,44.94,151.85,26.78,3090.48,275.51,5.09,0.63,97.23,12.03,11.05,2.87,0.00,0.00,8.02,1.93,6.22,4.74,2.18,5.62,14.73,22.40,63.28,9.06,7.28,5.21
34.00,34.0,26/11/2025 10:26:12,2.791,15.016,,15.9,874080.0,588317.0,970275.45,3899.95,1652.24,6443.04,1100.80,12745.83,500.28,58.27,41.23,1994.69,75.20,423.84,107.60,1599.04,65.64,74.89,25.79,98.81,46.97,67.21,29.21,106.14,18.81,2041.43,181.45,3.74,0.49,77.12,9.48,7.54,2.24,0.00,0.00,6.76,1.64,5.53,3.56,2.86,4.22,10.10,20.25,54.64,8.29,3.12,4.45,57445.13,6467.18,2739.87,12173.88,2079.92,27267.61,1070.26,133.51,94.47,4980.55,187.76,510.56,129.61,2237.39,91.85,124.95,43.04,176.39,83.85,98.23,42.69,152.50,27.03,2918.72,259.43,4.76,0.62,96.54,11.87,9.39,2.79,0.00,0.00,7.99,1.94,7.48,4.80,3.82,5.63,11.28,22.60,58.86,8.93,3.54,5.05
34.10,34.1,26/11/2025 10:26:31,3.400,9.918,1181241.092,15.8,872251.0,590823.0,974423.43,2020.59,1530.27,6014.39,1033.76,11403.76,455.07,41.65,31.56,1809.66,69.82,392.33,103.60,1457.86,63.41,50.53,20.44,104.67,46.30,61.93,27.99,85.47,22.14,1955.01,173.62,3.69,0.47,92.36,13.32,7.64,2.13,0.00,0.00,5.76,1.46,2.26,3.50,1.70,4.14,2.44,19.89,58.61,8.15,4.26,4.34,49729.85,3350.69,2537.61,11363.96,1953.25,24396.47,973.55,95.43,72.31,4518.56,174.33,472.60,124.79,2039.84,88.72,84.31,34.11,186.85,82.65,90.52,40.91,122.81,31.82,2795.17,248.23,4.70,0.59,115.61,16.67,9.51,2.65,0.00,0.00,6.81,1.73,3.05,4.73,2.26,5.52,2.72,22.21,63.14,8.78,4.83,4.93
34.20,34.2,26/11/2025 10:26:51,2.631,15.146,,15.8,872822.0,595669.0,972081.05,3486.68,1687.03,6138.97,1054.71,11884.83,471.10,26.37,21.71,2070.62,77.23,209.04,87.49,1575.34,64.77,32.21,15.21,79.53,46.45,74.58,30.33,63.58,11.86,2079.17,185.07,3.96,0.48,97.76,14.61,6.81,2.13,0.00,0.00,5.11,1.39,2.56,3.50,1.96,4.22,13.68,20.09,60.34,8.38,5.84,4.46,54097.13,5781.88,2797.56,11599.36,1992.84,25425.63,1007.85,60.43,49.74,5170.15,192.84,251.82,105.39,2204.23,90.62,53.73,25.37,141.97,82.93,109.00,44.33,91.36,17.04,2972.67,264.60,5.04,0.61,122.37,18.29,8.48,2.65,0.00,0.00,6.05,1.65,3.45,4.72,2.61,5.62,15.27,22.43,65.00,9.03,6.63,5.06
34.30,34.3,26/11/2025 10:27:11,2.672,15.937,,15.8,872128.0,597489.0,975325.97,2375.51,1639.75,5374.98,942.53,10995.75,442.04,94.34,59.53,1686.16,66.84,245.11,89.31,1390.80,62.67,91.17,28.14,109.02,45.86,71.19,29.41,43.98,8.55,2014.71,179.26,4.18,0.49,91.81,13.24,8.89,2.23,0.00,0.00,2.85,1.30,3.83,3.45,1.97,4.17,8.04,19.69,56.26,8.08,3.49,4.35,47896.80,3939.25,2719.16,10155.83,1780.88,23523.60,945.68,216.16,136.40,4210.18,166.88,295.26,107.59,1946.01,87.69,152.12,46.95,194.63,81.86,104.05,42.98,63.19,12.28,2880.52,256.29,5.32,0.63,114.93,16.57,11.06,2.78,0.00,0.00,3.36,1.54,5.17,4.67,2.63,5.56,8.98,21.99,60.60,8.71,3.96,4.94
34.40,34.4,26/11/2025 10:27:31,0.650,9.985,,15.8,875721.0,598056.0,973796.91,2917.70,1620.30,5720.64,990.33,10949.22,439.71,68.82,46.52,1974.36,74.31,384.68,103.13,1528.51,64.49,33.91,15.74,103.23,46.57,69.49,29.33,83.46,15.12,2199.08,196.50,3.63,0.47,75.41,9.20,9.10,2.24,0.00,0.00,3.27,1.34,3.57,3.48,2.24,4.25,8.78,19.99,61.65,8.36,2.34,4.39,50568.24,4838.35,2686.91,10808.93,1871.19,23424.06,940.68,157.68,106.59,4929.78,185.56,463.39,124.23,2138.69,90.23,56.58,26.27,184.28,83.14,101.56,42.86,119.92,21.72,3144.13,280.94,4.62,0.60,94.40,11.52,11.33,2.78,0.00,0.00,3.86,1.59,4.83,4.69,2.99,5.66,9.80,22.32,66.41,9.01,2.65,4.98
34.50,34.5,26/11/2025 10:28:01,3.374,14.809,,15.8,872420.0,594728.0,974573.53,2529.91,1625.30,5871.72,1013.87,10676.58,430.81,102.20,63.08,2000.35,74.93,371.48,101.40,1389.75,62.83,27.32,15.02,58.84,45.68,70.69,29.40,71.92,13.20,2087.58,185.98,3.58,0.47,68.56,7.82,7.46,2.18,0.00,0.00,4.11,1.34,2.77,3.46,2.77,4.17,16.06,19.86,58.29,8.31,4.50,4.37,49291.17,4195.29,2695.20,11094.39,1915.67,22840.79,921.66,234.19,144.55,4994.68,187.09,447.49,122.15,1944.55,87.91,45.58,25.06,105.04,81.54,103.32,42.97,103.34,18.97,2984.71,265.91,4.56,0.60,85.82,9.79,9.29,2.71,0.00,0.00,4.86,1.59,3.75,4.67,3.70,5.56,17.93,22.18,62.79,8.95,5.11,4.96
34.60,34.6,26/11/2025 10:28:20,0.976,14.881,1181241.754,15.8,873659.0,598163.0,974326.95,2512.82,1629.75,5949.07,1024.27,11179.50,447.38,63.67,43.63,1926.08,72.96,299.38,94.94,1453.37,63.57,27.02,15.11,62.11,46.01,62.42,28.11,14.14,3.00,1969.83,175.03,3.76,0.48,68.66,7.87,8.02,2.22,0.00,0.00,2.38,1.32,2.15,3.46,3.15,4.17,3.85,19.98,57.59,8.09,4.07,4.39,49938.97,4166.95,2702.58,11240.54,1935.33,23916.69,957.10,145.89,99.96,4809.25,182.18,360.63,114.36,2033.57,88.95,45.08,25.21,110.88,82.13,91.23,41.08,20.31,4.31,2816.36,250.25,4.78,0.61,85.95,9.85,9.99,2.76,0.00,0.00,2.81,1.56,2.90,4.67,4.21,5.55,4.30,22.31,62.04,8.72,4.62,4.98
34.70,34.7,26/11/2025 10:28:40,2.635,11.838,,15.8,873615.0,598923.0,971506.58,3985.97,1693.51,6016.76,1035.73,11822.28,469.02,41.96,31.57,2022.96,75.96,449.14,108.95,1649.06,65.39,26.87,15.05,86.73,46.37,73.91,30.24,68.78,12.69,2055.56,182.81,3.72,0.48,82.55,10.76,8.85,2.31,0.00,0.00,2.89,1.38,3.14,3.57,2.03,4.31,24.64,20.05,64.07,8.55,1.56,4.40,54838.95,6609.83,2808.30,11368.44,1956.97,25291.81,1003.39,96.14,72.34,5051.13,189.68,541.04,131.24,2307.37,91.50,44.84,25.12,154.84,82.78,108.02,44.20,98.83,18.23,2938.92,261.38,4.73,0.61,103.33,13.47,11.02,2.88,0.00,0.00,3.41,1.63,4.24,4.83,2.71,5.74,27.51,22.39,69.02,9.21,1.77,5.00
34.80,34.8,26/11/2025 10:29:00,3.221,15.207,,15.8,873793.0,600587.0,974508.69,3249.04,1654.80,5359.01,936.82,10912.55,438.84,45.67,51.88,1883.47,71.89,267.33,91.90,1458.11,63.69,24.15,14.86,126.83,46.35,71.42,29.55,6.82,1.48,1900.53,168.59,3.61,0.47,81.78,10.76,8.19,2.21,0.00,0.00,2.84,1.34,0.36,3.40,4.52,4.21,26.14,19.79,56.68,8.24,2.27,4.30,49346.76,5387.81,2744.12,10125.65,1770.08,23345.59,938.82,104.64,118.88,4702.84,179.50,322.03,110.70,2040.20,89.11,40.30,24.79,226.42,82.75,104.39,43.19,9.80,2.13,2717.27,241.04,4.59,0.60,102.36,13.47,10.20,2.75,0.00,0.00,3.35,1.58,0.48,4.59,6.02,5.61,29.18,22.10,61.05,8.88,2.58,4.88
34.90,34.9,26/11/2025 10:29:19,2.962,14.677,,15.8,874735.0,598952.0,971203.40,4510.68,1693.18,6119.95,1050.77,11811.43,468.75,30.91,24.69,2082.26,77.17,346.74,100.29,1532.77,64.89,35.27,16.08,60.97,46.04,69.11,29.38,32.85,6.57,1968.74,174.77,3.74,0.47,99.62,15.12,10.73,2.31,0.00,0.00,3.19,1.35,1.71,3.50,2.35,4.32,11.29,20.04,57.68,8.20,4.61,4.47,55507.03,7479.95,2807.77,11563.42,1985.38,25268.60,1002.82,70.82,56.57,5199.19,192.69,417.68,120.81,2144.67,90.80,58.84,26.83,108.84,82.18,101.00,42.94,47.19,9.44,2814.79,249.87,4.76,0.60,124.70,18.93,13.36,2.87,0.00,0.00,3.77,1.59,2.30,4.73,3.13,5.76,12.61,22.37,62.14,8.84,5.23,5.07
35.00,35.0,26/11/2025 10:29:49,3.560,14.815,,15.8,871939.0,598882.0,974176.02,3226.28,1635.09,5669.54,983.75,10976.52,441.28,59.56,41.55,1987.83,74.63,314.65,96.14,1399.97,62.83,22.95,14.92,96.18,46.22,61.64,27.91,58.78,11.09,1776.04,156.94,3.89,0.47,81.06,10.60,8.38,2.17,0.00,0.00,2.80,1.31,2.52,3.46,2.87,4.18,12.99,19.88,54.10,7.96,5.43,4.36,50112.83,5350.07,2711.43,10712.38,1858.75,23482.46,944.05,136.48,95.21,4963.42,186.35,379.03,115.80,1958.84,87.91,38.29,24.89,171.70,82.51,90.09,40.79,84.45,15.94,2539.28,224.39,4.95,0.60,101.47,13.27,10.43,2.70,0.00,0.00,3.31,1.55,3.40,4.67,3.83,5.58,14.50,22.20,58.27,8.57,6.16,4.95
35.10,35.1,26/11/2025 10:30:09,2.142,14.218,1181242.417,15.8,872135.0,595273.0,974786.51,3314.25,1647.90,5616.21,977.03,10606.13,429.28,112.33,68.80,1929.95,73.14,138.42,77.18,1387.37,62.71,21.36,14.92,77.35,45.75,79.06,30.92,31.17,6.22,1718.57,151.57,3.86,0.47,77.46,9.83,8.37,2.19,0.00,0.00,4.38,1.32,2.86,3.42,2.57,4.13,14.31,19.78,64.29,8.20,3.22,4.33,48986.70,5495.94,2732.67,10611.63,1846.07,22690.07,918.37,257.39,157.65,4818.89,182.63,166.74,92.98,1941.22,87.74,35.65,24.89,138.08,81.67,115.55,45.19,44.78,8.93,2457.11,216.70,4.92,0.60,96.97,12.30,10.41,2.72,0.00,0.00,5.18,1.56,3.86,4.62,3.43,5.51,15.97,22.08,69.26,8.84,3.65,4.91
35.20,35.2,26/11/2025 10:30:29,2.426,12.758,,15.8,873915.0,591801.0,972814.74,2890.64,1634.51,6327.87,1082.63,11919.73,473.01,0.55,0.55,1888.12,72.20,324.92,97.54,1501.16,64.16,20.23,15.04,135.74,46.94,70.74,29.53,24.65,5.02,1892.02,167.49,3.81,0.47,74.88,9.12,6.38,2.13,0.00,0.00,4.93,1.38,3.82,3.46,2.41,4.16,26.60,19.97,63.44,8.38,2.63,4.37,52799.31,4793.47,2710.47,11956.27,2045.59,25500.29,1011.94,1.26,1.26,4714.44,180.28,391.40,117.50,2100.43,89.77,33.76,25.09,242.32,83.79,103.39,43.16,35.42,7.21,2705.11,239.47,4.85,0.60,93.73,11.42,7.94,2.65,0.00,0.00,5.83,1.63,5.16,4.67,3.22,5.54,29.70,22.30,68.34,9.03,2.98,4.96
35.30,35.3,26/11/2025 10:30:49,2.474,8.662,,15.8,873500.0,590893.0,971546.83,3977.07,1653.14,6504.49,1108.22,11819.96,469.30,12.22,11.14,1961.33,74.21,349.37,100.33,1514.41,64.72,24.13,15.17,95.42,46.72,64.91,28.64,19.80,4.11,1938.12,171.84,3.88,0.48,67.58,7.58,7.85,2.24,0.00,0.00,7.61,1.71,3.96,3.49,1.66,4.21,20.29,20.12,55.73,8.21,3.39,4.42,54944.32,6595.07,2741.37,12289.99,2093.93,25286.86,1003.98,27.99,25.52,4897.25,185.28,420.85,120.85,2118.97,90.56,40.27,25.31,170.34,83.41,94.87,41.86,28.45,5.91,2771.01,245.69,4.94,0.62,84.60,9.48,9.77,2.79,0.00,0.00,9.00,2.02,5.36,4.72,2.21,5.61,22.65,22.46,60.04,8.84,3.84,5.02
35.40,35.4,26/11/2025 10:31:09,2.356,14.281,,15.8,877958.0,593902.0,971627.96,2179.35,1627.54,6465.31,1104.24,13001.43,508.56,41.04,52.43,1995.52,75.45,541.59,119.34,1730.24,66.95,49.58,20.26,59.32,46.50,71.36,29.85,92.42,22.65,1959.70,173.85,3.92,0.49,86.94,11.79,7.58,2.30,0.00,0.00,4.86,1.39,4.30,3.52,2.72,4.23,8.70,20.22,61.51,8.36,4.66,4.41,55241.63,3613.96,2698.90,12215.97,2086.41,27814.41,1087.97,94.04,120.13,4982.62,188.38,652.40,143.76,2420.96,93.67,82.73,33.80,105.89,83.01,104.29,43.63,132.79,32.54,2801.87,248.56,4.99,0.62,108.83,14.76,9.43,2.86,0.00,0.00,5.75,1.65,5.81,4.76,3.62,5.64,9.72,22.58,66.26,9.00,5.28,5.00
35.50,35.5,26/11/2025 10:31:39,1.682,14.014,,15.8,877935.0,594195.0,971918.57,3048.34,1633.22,6512.69,1110.14,12354.38,487.15,31.78,25.45,1732.84,68.18,395.07,104.80,1563.90,64.95,54.04,21.25,101.74,46.67,60.38,27.90,45.42,8.82,1994.54,177.18,4.22,0.49,88.91,12.33,7.45,2.17,0.00,0.00,4.67,1.37,3.68,3.50,2.06,4.22,14.05,20.08,56.71,8.18,4.55,4.52,54352.41,5054.99,2708.32,12305.48,2097.57,26430.16,1042.18,72.82,58.31,4326.74,170.24,475.90,126.24,2188.22,90.88,90.16,35.46,181.62,83.31,88.25,40.78,65.27,12.68,2851.68,253.32,5.37,0.63,111.30,15.43,9.28,2.70,0.00,0.00,5.52,1.62,4.97,4.73,2.75,5.62,15.68,22.42,61.09,8.82,5.16,5.12
35.60,35.6,26/11/2025 10:31:59,1.564,8.467,1181247.771,15.8,875388.0,598169.0,974405.51,2400.69,1627.23,5845.88,1010.89,11277.90,451.04,25.38,50.94,2216.75,80.99,143.54,78.26,1430.54,63.13,28.84,14.98,103.95,46.32,59.18,27.49,74.24,13.65,1812.82,160.35,3.95,0.48,81.19,10.62,9.79,2.21,0.00,0.00,4.57,1.33,1.55,3.37,2.47,4.17,10.20,19.88,58.36,8.11,2.70,4.21,50147.16,3981.00,2698.40,11045.56,1910.04,24127.20,964.92,58.16,116.73,5535.02,202.22,172.91,94.28,2001.61,88.34,48.13,24.99,185.58,82.69,86.49,40.18,106.67,19.61,2591.86,229.26,5.02,0.61,101.63,13.29,12.18,2.76,0.00,0.00,5.40,1.57,2.09,4.55,3.30,5.57,11.39,22.20,62.87,8.74,3.07,4.78
35.70,35.7,26/11/2025 10:32:18,2.038,6.153,,15.8,879713.0,598902.0,973301.83,3462.08,1657.46,6045.07,1040.14,11246.36,450.69,147.39,86.97,1808.46,70.05,269.86,93.17,1415.79,63.82,31.87,15.11,89.68,46.42,75.57,30.49,40.22,7.92,1909.92,169.42,3.88,0.48,72.22,8.59,6.68,2.20,0.00,0.00,3.45,1.31,4.25,3.39,2.42,4.20,6.63,20.01,52.39,8.01,3.97,4.23,51679.35,5741.09,2748.53,11421.93,1965.30,24059.74,964.17,337.73,199.28,4515.55,174.92,325.07,112.23,1980.98,89.30,53.17,25.21,160.10,82.87,110.45,44.56,57.80,11.38,2730.70,242.23,4.94,0.61,90.40,10.76,8.31,2.73,0.00,0.00,4.08,1.55,5.74,4.57,3.23,5.61,7.40,22.34,56.44,8.63,4.50,4.80
35.80,35.8,26/11/2025 10:32:38,2.500,8.331,,15.8,877630.0,598369.0,974658.13,1647.54,1572.72,6081.18,1045.34,11783.93,467.88,20.62,17.59,1624.83,64.85,421.98,106.11,1493.43,63.78,28.23,14.99,104.80,46.23,58.60,27.38,28.79,5.82,1839.18,162.84,4.11,0.48,101.76,15.90,9.05,2.20,0.00,0.00,3.70,1.29,2.00,3.42,3.40,4.16,20.92,19.87,58.93,8.11,4.91,4.28,49372.86,2732.07,2608.01,11490.16,1975.13,25209.77,1000.96,47.26,40.30,4057.03,161.93,508.32,127.81,2089.62,89.24,47.10,25.01,187.09,82.54,85.64,40.01,41.36,8.36,2629.56,232.82,5.22,0.61,127.38,19.91,11.27,2.74,0.00,0.00,4.37,1.52,2.71,4.62,4.53,5.55,23.36,22.18,63.48,8.73,5.57,4.85
35.90,35.9,26/11/2025 10:32:58,3.263,8.466,,15.8,878073.0,596914.0,972493.91,3455.48,1659.13,5927.99,1023.53,12054.63,477.17,21.71,18.49,1911.61,72.79,286.93,95.01,1497.12,64.47,33.36,15.45,134.43,46.84,85.88,32.48,45.59,8.87,1865.99,165.24,3.87,0.48,76.57,9.49,7.90,2.19,0.00,0.00,3.70,1.33,2.26,3.42,1.67,4.23,23.44,19.94,61.70,8.26,4.24,4.21,53355.30,5730.15,2751.30,11200.71,1933.93,25788.90,1020.82,49.75,42.36,4773.11,181.74,345.63,114.44,2094.78,90.21,55.66,25.77,239.99,83.63,125.52,47.47,65.51,12.75,2667.89,236.25,4.93,0.61,95.85,11.87,9.83,2.73,0.00,0.00,4.37,1.58,3.05,4.62,2.23,5.64,26.17,22.26,66.46,8.89,4.82,4.78
36.00,36.0,26/11/2025 10:33:28,1.373,8.595,,15.8,880204.0,596304.0,971971.88,2813.48,1626.52,6446.12,1100.90,12246.63,483.55,67.67,46.32,2130.13,78.84,416.30,107.33,1556.03,65.39,55.45,21.78,91.63,46.88,73.87,30.35,4.96,1.09,1950.79,173.17,3.85,0.48,78.69,9.91,8.74,2.22,0.00,0.00,3.89,1.34,3.11,3.44,2.09,4.24,10.27,20.23,59.92,8.23,4.52,4.36,54564.64,4665.52,2697.22,12179.70,2080.12,26199.64,1034.47,155.07,106.13,5318.72,196.87,501.48,129.29,2177.21,91.50,92.51,36.34,163.57,83.69,107.97,44.36,7.12,1.57,2789.12,247.59,4.90,0.61,98.51,12.41,10.88,2.77,0.00,0.00,4.59,1.59,4.21,4.64,2.79,5.65,11.46,22.58,64.54,8.86,5.13,4.95
36.10,36.1,26/11/2025 10:33:48,3.106,16.134,1181241.358,15.8,879583.0,595224.0,970843.12,3365.37,1661.43,6527.34,1112.86,12402.01,488.68,105.89,65.65,2145.54,79.33,454.89,110.80,1626.06,65.96,100.36,29.86,96.35,46.87,61.69,28.25,55.21,10.50,2021.89,179.72,3.81,0.48,89.91,12.49,9.16,2.20,0.00,0.00,4.42,1.37,3.43,3.51,1.75,4.31,13.66,20.24,64.53,8.49,3.62,4.38,56498.50,5580.72,2755.11,12333.17,2102.70,26532.05,1045.45,242.64,150.42,5357.21,198.08,547.96,133.47,2275.19,92.29,167.45,49.83,172.00,83.68,90.17,41.28,79.32,15.08,2890.79,256.96,4.85,0.61,112.55,15.63,11.40,2.73,0.00,0.00,5.23,1.62,4.63,4.75,2.33,5.74,15.25,22.60,69.51,9.14,4.10,4.97
36.20,36.2,26/11/2025 10:34:07,2.546,16.067,,15.8,882582.0,598661.0,969041.47,4188.07,1677.86,6829.81,1160.04,12733.39,500.53,88.88,57.45,2376.59,85.81,400.83,106.54,1683.33,67.17,46.45,19.53,100.34,47.54,84.96,32.65,72.85,13.46,2157.96,192.36,4.09,0.49,96.77,14.12,6.05,2.16,0.00,0.00,3.29,1.38,3.74,3.55,2.06,4.31,13.15,20.44,63.31,8.51,2.60,4.47,59868.77,6944.98,2782.36,12904.67,2191.85,27240.98,1070.80,203.66,131.64,5934.11,214.25,482.84,128.34,2355.32,93.98,77.50,32.59,179.13,84.87,124.18,47.72,104.68,19.34,3085.33,275.03,5.20,0.63,121.14,17.68,7.53,2.69,0.00,0.00,3.89,1.63,5.05,4.79,2.74,5.75,14.68,22.82,68.20,9.17,2.95,5.07
36.30,36.3,26/11/2025 10:34:27,2.335,13.094,,15.8,883320.0,601948.0,970515.40,3385.79,1736.37,6697.49,1142.23,12732.89,500.43,105.23,65.57,2154.16,79.86,307.36,97.93,1668.26,66.45,32.78,15.41,61.67,46.81,70.93,29.95,45.16,8.81,2012.94,178.88,4.37,0.50,104.97,16.50,7.96,2.22,0.00,0.00,2.80,1.34,2.88,3.51,1.61,4.31,16.65,20.37,63.65,8.53,5.02,4.40,57293.92,5614.57,2879.38,12654.67,2158.19,27239.91,1070.59,241.12,150.24,5378.74,199.41,370.25,117.97,2334.24,92.98,54.70,25.71,110.10,83.57,103.66,43.77,64.89,12.66,2877.99,255.75,5.57,0.64,131.40,20.66,9.90,2.76,0.00,0.00,3.32,1.59,3.90,4.74,2.15,5.75,18.59,22.74,68.56,9.19,5.70,4.99
36.40,36.4,26/11/2025 10:34:47,2.564,14.943,,15.8,883540.0,604328.0,972579.04,3412.17,1631.48,6088.48,1047.98,11665.57,465.09,82.89,54.78,2058.96,77.46,366.30,102.27,1433.21,63.99,23.84,15.20,104.00,47.12,60.50,28.00,66.31,12.40,1862.84,164.96,4.32,0.50,105.68,16.91,8.01,2.16,0.00,0.00,3.73,1.33,2.12,3.50,2.26,4.25,10.36,20.21,56.04,8.20,3.38,4.30,53202.71,5658.31,2705.44,11503.96,1980.11,24956.56,994.98,189.93,125.53,5141.02,193.42,441.25,123.20,2005.36,89.53,39.77,25.36,185.67,84.11,88.42,40.93,95.27,17.81,2663.39,235.85,5.50,0.63,132.28,21.16,9.97,2.69,0.00,0.00,4.41,1.57,2.86,4.73,3.01,5.67,11.57,22.57,60.37,8.84,3.83,4.87
36.50,36.5,26/11/2025 10:35:17,2.638,14.346,,15.7,888751.0,605323.0,971204.24,3613.02,1639.96,6577.97,1121.72,12077.90,479.31,78.77,52.85,2174.83,80.68,356.68,102.69,1474.58,65.11,41.88,18.27,114.42,47.34,73.52,30.36,63.58,11.98,1936.60,171.88,4.12,0.49,117.24,20.21,10.37,2.26,0.00,0.00,4.63,1.36,3.31,3.51,3.03,4.32,9.13,20.26,56.29,8.18,3.90,4.30,55858.55,5991.39,2719.51,12428.83,2119.44,25838.67,1025.41,180.49,121.10,5430.35,201.45,429.66,123.70,2063.25,91.10,69.87,30.48,204.26,84.51,107.45,44.37,91.36,17.22,2768.84,245.75,5.24,0.62,146.75,25.30,12.90,2.81,0.00,0.00,5.47,1.61,4.47,4.74,4.04,5.76,10.19,22.62,60.63,8.82,4.42,4.88
36.60,36.6,26/11/2025 10:35:37,0.996,11.507,1181250.347,15.7,895138.0,603421.0,970653.75,3699.61,1680.48,6498.97,1109.43,12467.58,491.61,35.16,27.97,2148.54,79.91,322.57,99.65,1550.61,66.11,45.27,19.39,76.46,47.44,66.03,29.27,72.01,13.46,2155.00,192.42,3.96,0.48,108.64,17.53,6.99,2.22,0.00,0.00,3.63,1.36,2.75,3.53,2.26,4.33,15.95,20.57,60.50,8.41,3.74,4.36,56831.44,6134.98,2786.70,12279.57,2096.23,26672.34,1051.72,80.57,64.08,5364.71,199.53,388.57,120.04,2169.63,92.50,75.54,32.35,136.49,84.69,96.50,42.78,103.47,19.35,3081.10,275.11,5.04,0.62,136.00,21.94,8.71,2.76,0.00,0.00,4.29,1.61,3.71,4.77,3.02,5.78,17.81,22.97,65.18,9.06,4.24,4.95
36.70,36.7,26/11/2025 10:35:56,1.217,4.368,,15.7,903343.0,599020.0,969264.05,3333.62,1695.82,6757.30,1152.41,13128.30,515.11,45.93,54.57,2409.85,87.36,398.41,107.82,1729.71,68.27,62.14,23.74,107.86,48.47,64.93,29.26,117.79,20.98,2413.47,216.84,4.12,0.50,61.76,6.31,9.90,2.35,0.00,0.00,9.18,1.91,5.21,3.57,0.81,4.31,15.05,20.83,57.07,8.36,3.53,4.54,59611.26,5528.06,2812.13,12767.66,2177.44,28085.82,1101.98,105.23,125.04,6017.15,218.12,479.93,129.88,2420.22,95.53,103.69,39.60,192.56,86.53,94.90,42.77,169.24,30.15,3450.65,310.02,5.24,0.64,77.31,7.90,12.32,2.92,0.00,0.00,10.86,2.26,7.04,4.82,1.08,5.75,16.81,23.25,61.48,9.01,4.01,5.15
36.80,36.8,26/11/2025 10:36:16,2.408,9.327,,15.8,909666.0,592444.0,967154.54,4274.34,1737.97,6990.46,1186.46,13814.09,537.54,22.18,19.36,2269.59,84.27,503.27,119.50,1811.51,69.93,121.64,34.11,119.98,49.28,60.44,28.87,75.06,14.15,2592.31,233.78,4.09,0.51,78.24,9.49,11.29,2.33,0.00,0.00,18.42,2.60,7.08,3.66,1.82,4.31,0.83,21.14,63.19,8.62,5.64,4.58,63253.92,7088.03,2882.03,13208.21,2241.77,29552.96,1149.99,50.83,44.37,5666.96,210.40,606.25,143.95,2534.67,97.85,202.95,56.92,214.18,87.98,88.33,42.20,107.85,20.33,3706.34,334.25,5.20,0.65,97.94,11.88,14.05,2.91,0.00,0.00,21.78,3.07,9.57,4.94,2.42,5.75,0.92,23.61,68.07,9.29,6.40,5.20
36.90,36.9,26/11/2025 10:36:36,2.218,14.024,,15.8,914293.0,589744.0,967636.14,3486.50,1760.05,6991.81,1190.36,14028.42,545.36,70.08,49.36,2519.05,91.08,270.57,98.38,1855.69,70.09,86.46,28.64,142.31,49.35,64.09,29.38,106.44,19.27,2552.14,229.98,3.93,0.50,55.38,5.18,7.35,2.27,0.00,0.00,21.82,2.79,7.22,3.61,1.28,4.25,24.85,21.02,63.22,8.60,5.25,4.51,62893.02,5781.57,2918.65,13210.76,2249.15,30011.49,1166.72,160.58,113.09,6289.82,227.42,325.93,118.51,2596.49,98.07,144.26,47.78,254.06,88.09,93.67,42.93,152.94,27.69,3648.91,328.81,5.00,0.64,69.32,6.48,9.14,2.83,0.00,0.00,25.81,3.30,9.75,4.88,1.71,5.67,27.74,23.47,68.10,9.26,5.95,5.12
37.00,37.0,26/11/2025 10:37:06,4.128,11.312,,15.7,920895.0,589861.0,966519.15,4467.01,1823.09,7171.61,1218.27,14016.67,545.77,17.19,15.94,2358.56,86.86,420.65,111.97,1746.86,69.48,97.32,30.81,106.54,49.48,66.28,29.96,151.59,26.83,2674.61,241.70,3.75,0.49,65.23,6.85,7.41,2.29,0.00,0.00,23.05,2.83,11.59,3.70,0.73,4.30,11.18,21.31,58.33,8.46,4.67,4.56,64535.23,7407.54,3023.18,13550.50,2301.87,29986.34,1167.59,39.39,36.52,5889.10,216.88,506.72,134.88,2444.21,97.21,162.38,51.40,190.19,88.32,96.88,43.79,217.82,38.55,3824.01,345.57,4.78,0.63,81.65,8.58,9.22,2.85,0.00,0.00,27.25,3.35,15.66,4.99,0.97,5.73,12.49,23.79,62.84,9.12,5.30,5.17
37.10,37.1,26/11/2025 10:37:25,3.044,14.352,1181249.753,15.7,939053.0,598126.0,961786.19,3919.17,1787.67,8319.24,1391.97,16412.18,625.75,85.16,58.54,3024.08,105.61,646.77,137.95,2105.46,74.61,221.69,45.33,135.36,51.83,62.01,30.09,170.87,30.36,2968.31,269.49,4.02,0.53,18.22,0.94,6.31,2.42,0.00,0.00,27.09,3.17,12.98,3.90,2.47,4.52,1.90,22.23,64.25,8.87,6.29,4.79,74158.83,6499.06,2964.45,15718.90,2630.08,35111.15,1338.70,195.14,134.14,7550.83,263.69,779.10,166.17,2945.98,104.40,369.89,75.64,241.64,92.53,90.63,43.98,245.52,43.62,4243.92,385.30,5.12,0.68,22.81,1.18,7.85,3.01,0.00,0.00,32.03,3.74,17.53,5.27,3.29,6.03,2.12,24.82,69.21,9.56,7.13,5.43
37.20,37.2,26/11/2025 10:37:45,3.820,9.525,,15.6,953860.0,601743.0,956399.97,6003.53,1878.63,8890.78,1479.68,18074.91,682.03,50.01,59.57,3192.50,110.33,765.93,152.54,2464.82,79.61,194.74,44.02,91.15,52.86,88.08,35.21,126.78,23.07,3500.31,320.36,3.82,0.54,6.46,0.29,9.34,2.52,0.00,0.00,37.23,3.68,13.88,4.06,2.01,4.72,6.41,22.93,66.53,9.25,10.82,5.10,83864.18,9955.51,3115.29,16798.81,2795.79,38668.28,1459.10,114.58,136.51,7971.36,275.49,922.65,183.75,3448.79,111.40,324.92,73.44,162.72,94.37,128.73,51.46,182.16,33.15,5004.55,458.03,4.86,0.68,8.08,0.37,11.63,3.13,0.00,0.00,44.02,4.35,18.74,5.48,2.68,6.30,7.16,25.60,71.67,9.97,12.27,5.78
37.30,37.3,26/11/2025 10:38:05,1.872,21.431,,15.5,957776.0,617149.0,956921.09,4856.62,1914.94,9241.79,1536.86,18718.84,704.68,56.28,44.09,3305.99,113.66,950.53,173.78,2343.27,78.75,160.57,40.73,107.11,53.30,60.00,30.58,138.21,25.11,2975.91,270.08,4.13,0.55,28.09,1.68,10.03,2.53,0.00,0.00,24.43,3.07,11.41,4.09,1.12,4.80,7.58,23.03,71.60,9.56,5.40,4.86,83559.53,8053.62,3175.50,17462.02,2903.85,40045.86,1507.55,128.97,101.04,8254.74,283.81,1145.01,209.34,3278.72,110.19,267.91,67.96,191.20,95.16,87.69,44.70,198.59,36.08,4254.79,386.14,5.25,0.70,35.16,2.11,12.48,3.15,0.00,0.00,28.89,3.63,15.42,5.52,1.49,6.41,8.47,25.72,77.13,10.30,6.13,5.51
37.40,37.4,26/11/2025 10:38:25,1.859,28.108,,15.4,967132.0,631232.0,956233.42,5968.04,1927.21,9520.04,1578.18,18432.07,695.17,34.95,30.26,3597.72,121.70,674.63,145.17,2186.23,78.12,85.87,30.64,84.80,53.59,76.49,33.41,177.76,31.99,2780.27,251.60,4.59,0.56,16.44,0.83,9.72,2.45,0.00,0.00,16.66,2.64,6.51,4.05,1.23,4.96,19.07,23.21,67.23,9.37,6.28,4.95,85058.09,9896.65,3195.84,17987.77,2981.91,39432.36,1487.20,80.07,69.33,8983.17,303.89,812.66,174.87,3058.99,109.30,143.27,51.12,151.38,95.67,111.79,48.83,255.41,45.96,3975.07,359.72,5.84,0.72,20.58,1.04,12.10,3.05,0.00,0.00,19.70,3.12,8.80,5.48,1.64,6.62,21.29,25.92,72.42,10.09,7.12,5.61
37.50,37.5,26/11/2025 10:38:55,1.352,24.996,,15.3,984286.0,640022.0,953262.90,5381.11,1946.55,10156.45,1678.16,20193.48,755.02,10.94,11.30,3869.76,130.04,860.93,167.57,2470.03,82.00,154.07,40.95,116.82,55.42,44.76,29.49,130.43,24.28,3202.74,291.91,4.64,0.57,11.55,0.55,7.73,2.56,0.00,0.00,13.59,2.49,6.06,4.22,3.03,5.15,16.67,23.91,78.97,9.90,3.34,5.09,90958.14,8923.37,3227.91,19190.23,3170.82,43200.62,1615.23,25.07,25.88,9662.41,324.69,1037.08,201.85,3456.08,114.74,257.06,68.33,208.54,98.93,65.42,43.10,187.41,34.89,4579.09,417.36,5.90,0.73,14.45,0.69,9.62,3.19,0.00,0.00,16.08,2.95,8.19,5.70,4.04,6.87,18.61,26.70,85.07,10.67,3.79,5.77
37.60,37.6,26/11/2025 10:39:15,1.695,32.667,1181246.715,15.4,990409.0,633514.0,952699.82,4874.99,1992.41,10157.17,1681.06,20718.18,772.98,34.49,31.01,3888.98,130.77,905.56,172.48,2566.09,82.71,192.49,45.19,114.38,55.72,84.18,35.44,156.78,28.64,3474.01,317.86,4.79,0.59,6.56,0.30,7.49,2.49,0.00,0.00,18.57,2.82,10.00,4.24,1.26,5.18,12.24,24.04,67.96,9.79,4.03,5.15,92062.37,8084.08,3303.97,19191.60,3176.30,44323.12,1653.66,79.03,71.06,9710.41,326.53,1090.84,207.77,3590.49,115.73,321.17,75.40,204.19,99.46,123.03,51.80,225.26,41.16,4966.95,454.46,6.09,0.75,8.21,0.37,9.32,3.09,0.00,0.00,21.96,3.34,13.51,5.73,1.68,6.90,13.66,26.84,73.21,10.55,4.57,5.85
37.70,37.7,26/11/2025 10:39:35,3.094,34.317,,15.4,1004074.0,616881.0,947356.44,6847.59,2174.03,10095.97,1675.46,22495.80,832.96,47.29,40.20,3988.35,134.15,1182.26,206.97,2882.19,87.19,210.39,47.74,145.45,57.67,92.16,37.53,122.20,23.03,4345.86,401.84,4.84,0.60,16.20,0.80,12.16,2.75,0.00,0.00,34.17,3.77,16.65,4.47,1.29,5.25,18.77,24.70,78.08,10.33,5.88,5.52,101433.40,11355.20,3605.14,19075.95,3165.72,48126.04,1781.98,108.35,92.10,9958.54,334.97,1424.16,249.31,4032.78,121.99,351.04,79.66,259.66,102.95,134.70,54.86,175.58,33.09,6213.46,574.53,6.16,0.76,20.28,1.00,15.14,3.42,0.00,0.00,40.41,4.46,22.50,6.03,1.72,7.00,20.96,27.58,84.11,11.13,6.67,6.27
37.80,37.8,26/11/2025 10:39:54,3.153,38.687,,15.5,1000929.0,598200.0,939883.70,5501.84,2071.13,11767.09,1928.78,27568.49,1000.75,44.49,38.85,4057.78,136.71,1755.42,281.55,3683.69,97.05,420.48,63.75,183.03,59.56,60.80,32.98,194.92,34.93,4669.14,431.93,4.35,0.61,6.99,0.32,10.27,2.80,0.00,0.00,63.84,5.17,25.36,4.71,2.24,5.30,0.89,25.42,83.25,10.81,11.93,5.76,116154.88,9123.56,3434.50,22233.48,3644.35,58978.23,2140.94,101.95,89.03,10131.88,341.35,2114.59,339.16,5154.24,135.79,701.57,106.37,326.73,106.32,88.87,48.20,280.07,50.19,6675.68,617.55,5.54,0.77,8.75,0.40,12.78,3.48,0.00,0.00,75.50,6.11,34.26,6.36,2.98,7.06,0.99,28.38,89.67,11.64,13.54,6.54
37.90,37.9,26/11/2025 10:40:14,3.186,45.429,,15.4,1020684.0,601389.0,931765.46,6887.27,2115.98,13264.17,2158.93,31437.26,1130.20,82.56,62.95,4265.87,143.07,1891.17,302.22,4171.11,105.53,497.93,69.80,177.18,61.76,78.32,36.77,105.84,20.42,5123.61,475.58,4.99,0.65,7.49,0.34,13.37,2.99,0.00,0.00,66.83,5.45,35.60,4.97,3.05,5.57,16.69,26.50,91.68,11.41,12.58,6.21,131727.23,11420.99,3508.89,25062.15,4079.23,67254.82,2417.88,189.17,144.24,10651.46,357.23,2278.11,364.06,5836.24,147.66,830.79,116.46,316.30,110.26,114.46,53.75,152.08,29.35,7325.44,679.96,6.35,0.83,9.38,0.43,16.64,3.72,0.00,0.00,79.03,6.45,48.08,6.71,4.07,7.43,18.63,29.59,98.76,12.29,14.27,7.04
38.00,38.0,26/11/2025 10:40:44,3.495,42.716,,15.5,1016057.0,597737.0,934379.27,6150.23,2120.11,12798.77,2088.49,29932.40,1080.26,40.14,36.43,4231.31,141.95,2067.47,325.11,4056.62,103.46,531.82,71.92,211.05,61.76,98.24,39.91,217.42,39.07,5040.18,467.54,4.69,0.63,27.08,1.49,12.35,2.94,0.00,0.00,68.73,5.45,33.02,4.91,1.77,5.53,0.00,0.00,83.35,11.05,14.09,6.07,126456.19,10198.78,3515.73,24182.79,3946.13,64035.43,2311.04,91.98,83.47,10565.16,354.44,2490.49,391.63,5676.05,144.75,887.34,119.99,376.77,110.25,143.58,58.34,312.40,56.14,7206.16,668.46,5.97,0.81,33.90,1.87,15.37,3.66,0.00,0.00,81.28,6.45,44.61,6.63,2.36,7.37,0.00,0.00,89.79,11.90,15.98,6.88
38.10,38.1,26/11/2025 10:41:04,4.993,48.278,1181248.363,15.5,1003442.0,594495.0,941031.14,6674.29,2135.51,11096.65,1828.22,26459.98,964.52,69.26,54.88,3812.94,130.22,1959.05,308.73,3317.32,92.50,471.52,66.47,180.35,58.91,88.06,37.16,120.66,22.54,4497.07,415.41,4.52,0.61,7.20,0.32,10.15,2.80,0.00,0.00,61.14,5.02,25.90,4.68,1.43,5.18,13.60,25.19,83.34,10.65,14.44,5.80,113420.36,11067.81,3541.26,20966.70,3454.35,56606.76,2063.43,158.69,125.76,9520.55,325.16,2359.87,371.90,4641.62,129.43,786.72,110.91,321.96,105.16,128.71,54.31,173.37,32.38,6429.67,593.94,5.75,0.78,9.01,0.41,12.63,3.49,0.00,0.00,72.31,5.93,34.98,6.32,1.90,6.91,15.18,28.13,89.78,11.47,16.38,6.58
38.20,38.2,26/11/2025 10:41:24,3.495,42.458,,15.5,1000642.0,592252.0,940727.00,7452.54,2143.55,11409.70,1873.60,25990.69,948.26,11.50,12.16,3786.89,129.12,1825.81,290.74,3481.81,94.45,425.40,63.28,196.50,59.13,79.10,35.58,112.30,21.08,4269.54,393.36,4.89,0.61,30.71,1.81,11.67,2.79,0.00,0.00,53.40,4.70,23.84,4.63,0.00,0.00,16.07,25.14,76.54,10.37,14.09,5.77,113785.18,12358.37,3554.60,21558.21,3540.09,55602.80,2028.65,26.35,27.86,9455.50,322.40,2199.38,350.23,4871.77,132.15,709.78,105.57,350.78,105.56,115.60,52.00,161.36,30.29,6104.35,562.40,6.23,0.78,38.45,2.27,14.53,3.47,0.00,0.00,63.15,5.56,32.20,6.26,0.00,0.00,17.94,28.07,82.45,11.17,15.98,6.54
38.30,38.3,26/11/2025 10:41:44,1.821,43.979,,15.5,998820.0,592248.0,942341.90,6519.97,2110.63,10989.11,1810.56,25464.41,931.06,113.09,78.19,4000.41,134.76,1695.00,273.39,3523.59,94.56,443.02,64.88,136.77,58.10,87.04,36.86,70.88,14.09,4375.33,403.76,4.94,0.61,46.46,3.42,12.06,2.86,0.00,0.00,56.67,4.82,32.66,4.67,0.21,5.19,0.00,0.00,74.17,10.34,12.32,5.76,111024.86,10811.91,3500.00,20763.52,3420.98,54476.90,1991.86,259.14,179.15,9988.65,336.48,2041.80,329.33,4930.23,132.31,739.18,108.25,244.16,103.72,127.21,53.88,101.84,20.24,6255.60,577.27,6.29,0.78,58.15,4.29,15.01,3.56,0.00,0.00,67.01,5.70,44.11,6.31,0.28,6.92,0.00,0.00,79.90,11.14,13.98,6.53
38.40,38.4,26/11/2025 10:42:03,4.229,44.840,,15.6,992599.0,588180.0,941606.76,6309.02,2082.92,11386.36,1869.80,25857.16,943.79,109.85,76.31,3632.61,124.95,1822.44,289.60,3697.53,96.62,481.16,66.61,149.67,57.89,110.94,41.38,105.58,19.86,4497.31,415.33,4.01,0.58,27.42,1.54,9.72,2.77,0.00,0.00,60.34,4.97,27.73,4.63,0.41,5.13,8.71,24.98,85.34,10.67,9.93,5.65,112071.88,10462.10,3454.06,21514.10,3532.91,55317.12,2019.08,251.70,174.86,9070.28,311.99,2195.32,348.86,5173.60,135.19,802.81,111.13,267.19,103.34,162.14,60.49,151.70,28.54,6430.00,593.82,5.10,0.73,34.33,1.93,12.10,3.45,0.00,0.00,71.36,5.88,37.46,6.26,0.55,6.84,9.73,27.89,91.93,11.49,11.26,6.41
38.50,38.5,26/11/2025 10:42:33,4.395,52.312,,15.7,971400.0,577511.0,944917.28,5755.19,1969.21,11348.93,1859.44,24756.04,905.46,61.59,48.64,3671.23,125.06,1533.60,250.06,3205.11,89.51,427.82,62.43,140.47,56.47,65.74,32.71,32.27,6.85,3812.43,349.27,4.35,0.58,81.40,9.07,11.16,2.64,0.00,0.00,49.63,4.40,30.72,4.46,1.27,4.89,6.21,24.40,74.50,10.02,13.08,5.52,106471.39,9543.69,3265.49,21443.38,3513.35,52961.46,1937.08,141.13,111.46,9166.71,312.25,1847.38,301.22,4484.60,125.24,713.81,104.17,250.77,100.80,96.09,47.81,46.36,9.84,5450.80,499.37,5.54,0.74,101.90,11.35,13.89,3.29,0.00,0.00,58.69,5.20,41.49,6.02,1.69,6.52,6.93,27.24,80.25,10.79,14.83,6.27
38.60,38.6,26/11/2025 10:42:53,4.673,52.181,1181249.952,15.8,951445.0,568755.0,948244.23,6583.18,1942.27,10298.18,1696.95,22288.55,822.47,57.06,45.13,3074.28,108.12,1624.35,259.78,3160.58,86.88,346.33,55.53,135.91,54.49,90.37,36.16,89.50,16.69,3741.10,342.43,4.21,0.55,74.87,7.93,11.69,2.72,0.00,0.00,47.95,4.29,23.71,4.29,0.00,0.00,15.10,23.48,75.10,9.87,13.75,5.38,98989.04,10916.73,3220.82,19458.02,3206.33,47682.68,1759.55,130.75,103.40,7676.18,269.96,1956.70,312.93,4422.30,121.57,577.85,92.65,242.62,97.27,132.08,52.85,128.60,23.98,5348.81,489.59,5.35,0.71,93.72,9.92,14.55,3.39,0.00,0.00,56.71,5.07,32.03,5.80,0.00,0.00,16.86,26.21,80.90,10.63,15.59,6.10
38.70,38.7,26/11/2025 10:43:13,2.866,52.114,,15.8,938593.0,564422.0,952050.49,5099.40,1920.63,9955.02,1644.72,21221.59,786.30,40.95,34.50,3105.70,108.85,1294.40,216.21,2825.17,83.10,355.80,55.46,164.54,53.64,66.50,31.48,36.65,7.47,3515.17,320.86,4.13,0.54,112.42,16.68,9.38,2.53,0.00,0.00,38.84,3.80,23.80,4.17,0.18,4.58,0.00,0.00,70.25,9.46,9.61,5.16,92412.23,8456.21,3184.93,18809.64,3107.64,45400.10,1682.17,93.84,79.06,7754.63,271.79,1559.24,260.44,3953.00,116.27,593.64,92.54,293.73,95.76,97.19,46.01,52.66,10.73,5025.80,458.74,5.26,0.68,140.72,20.88,11.67,3.15,0.00,0.00,45.93,4.49,32.15,5.63,0.24,6.11,0.00,0.00,75.68,10.19,10.90,5.86
38.80,38.8,26/11/2025 10:43:33,3.116,53.769,,15.9,917816.0,557569.0,956373.95,3931.84,1807.44,9526.32,1575.50,19926.70,741.34,42.54,57.73,2555.10,92.64,1375.45,224.56,2599.02,79.25,314.57,51.34,126.51,51.37,84.50,33.91,22.15,4.61,2880.31,260.03,4.05,0.52,76.04,8.52,10.60,2.54,0.00,0.00,35.00,3.53,20.72,3.93,0.91,4.38,11.26,22.16,73.16,9.38,9.30,5.01,84230.53,6520.07,2997.23,17999.62,2976.84,42629.88,1585.97,97.48,132.28,6379.84,231.32,1656.87,270.50,3636.57,110.88,524.86,85.66,225.84,91.70,123.50,49.55,31.83,6.63,4118.11,371.78,5.16,0.67,95.19,10.66,13.19,3.16,0.00,0.00,41.39,4.18,27.99,5.31,1.22,5.84,12.57,24.74,78.81,10.11,10.55,5.68
38.90,38.9,26/11/2025 10:43:53,3.704,48.146,,16.0,898558.0,547847.0,959630.59,5409.56,1784.02,8229.21,1374.98,17456.50,658.75,27.05,23.38,2300.64,85.52,1101.30,188.53,2318.21,75.34,246.13,45.54,167.32,50.52,81.29,32.75,94.30,24.05,2699.86,242.97,3.74,0.50,93.41,12.54,9.20,2.44,0.00,0.00,35.57,3.50,20.24,3.82,0.13,4.20,7.01,21.41,61.66,8.75,7.07,4.75,77350.15,8970.54,2958.40,15548.79,2597.98,37345.30,1409.29,61.98,53.56,5744.48,213.52,1326.63,227.11,3243.66,105.42,410.67,75.98,298.69,90.19,118.81,47.87,135.50,34.55,3860.11,347.38,4.77,0.64,116.93,15.70,11.45,3.03,0.00,0.00,42.06,4.14,27.34,5.16,0.17,5.60,7.82,23.91,66.42,9.43,8.02,5.39
39.00,39.0,26/11/2025 10:44:23,3.445,47.684,,16.0,900647.0,549740.0,958995.16,5862.91,1770.54,7976.62,1336.18,18080.40,679.41,19.93,18.07,2142.75,81.44,1063.21,183.19,2328.68,75.42,313.62,50.51,153.06,50.53,74.60,31.65,46.70,9.08,2665.00,239.58,3.88,0.50,120.32,19.73,11.58,2.50,0.00,0.00,36.77,3.53,19.70,3.80,1.06,4.20,6.58,21.60,68.99,9.11,8.47,4.73,78524.50,9722.32,2936.05,15071.52,2524.65,38680.03,1453.48,45.67,41.41,5350.25,203.35,1280.75,220.67,3258.30,105.53,523.28,84.28,273.25,90.20,109.03,46.25,67.10,13.05,3810.26,342.54,4.94,0.64,150.61,24.70,14.41,3.11,0.00,0.00,43.49,4.18,26.61,5.13,1.42,5.60,7.35,24.12,74.32,9.81,9.61,5.36
39.10,39.1,26/11/2025 10:44:42,2.689,52.773,1181249.094,16.0,890513.0,544739.0,957378.41,4793.48,1794.86,8966.61,1487.92,20104.52,745.87,16.09,14.98,2269.94,84.60,1054.02,182.32,2321.61,75.38,173.16,39.44,149.88,50.37,56.06,28.48,37.16,7.33,2428.78,216.92,3.25,0.48,110.46,16.91,9.09,2.42,0.00,0.00,31.49,3.26,17.61,3.81,0.51,4.19,4.77,21.42,65.39,8.78,7.68,4.69,82588.36,7948.91,2976.37,16942.07,2811.36,43010.30,1595.66,36.87,34.31,5667.83,211.23,1269.68,219.62,3248.41,105.47,288.92,65.80,267.57,89.92,81.94,41.63,53.40,10.53,3472.53,310.14,4.13,0.61,138.28,21.17,11.32,3.01,0.00,0.00,37.24,3.86,23.79,5.15,0.68,5.59,5.33,23.92,70.44,9.46,8.72,5.31
39.20,39.2,26/11/2025 10:45:02,2.455,55.685,,16.0,886457.0,542051.0,960222.52,5788.99,1763.78,7978.50,1335.89,17351.87,654.68,129.33,79.75,1992.45,76.81,1093.48,186.58,2134.73,72.94,209.85,42.03,121.81,48.94,63.48,29.26,28.19,5.64,2617.25,234.96,3.36,0.48,102.27,14.86,9.80,2.35,0.00,0.00,32.77,3.29,21.59,3.72,0.00,0.00,15.70,21.05,71.63,8.96,10.45,4.66,76133.51,9599.74,2924.83,15075.08,2524.11,37121.46,1400.59,296.34,182.75,4974.95,191.79,1317.22,224.76,2986.93,102.06,350.13,70.12,217.46,87.38,92.77,42.77,40.51,8.10,3742.00,335.93,4.27,0.61,128.02,18.60,12.20,2.93,0.00,0.00,38.75,3.89,29.16,5.03,0.00,0.00,17.53,23.50,77.16,9.65,11.85,5.29
39.30,39.3,26/11/2025 10:45:22,2.158,50.324,,16.0,884547.0,541652.0,964690.42,4426.78,1786.47,7214.35,1222.21,15591.30,595.79,63.81,45.63,1737.74,69.42,1041.60,179.01,2216.00,72.89,217.63,42.18,137.86,48.38,64.59,29.12,15.48,3.22,2371.90,211.99,3.42,0.47,56.70,5.32,9.09,2.34,0.00,0.00,33.03,3.29,17.84,3.57,0.00,0.00,13.70,20.70,68.25,8.57,8.50,4.55,67532.96,7340.83,2962.46,13631.24,2309.33,33355.01,1274.59,146.20,104.55,4338.97,173.34,1254.71,215.63,3100.64,101.99,363.11,70.38,246.11,86.37,94.41,42.57,22.25,4.63,3391.22,303.09,4.36,0.60,70.98,6.66,11.32,2.92,0.00,0.00,39.06,3.89,24.10,4.82,0.00,0.00,15.30,23.11,73.52,9.23,9.65,5.17
39.40,39.4,26/11/2025 10:45:42,1.966,57.002,,16.1,879867.0,541693.0,964349.89,3301.40,1730.96,6758.42,1152.01,17148.70,646.51,43.62,54.86,1962.42,75.05,1090.30,184.33,2143.53,71.84,252.17,44.83,160.84,48.75,88.53,33.51,32.24,6.37,2430.72,217.45,3.33,0.47,89.56,11.87,8.68,2.30,0.00,0.00,32.66,3.28,21.46,3.73,0.47,4.08,9.88,20.68,63.41,8.58,7.77,4.56,68886.21,5474.64,2870.41,12769.79,2176.67,36686.82,1383.11,99.96,125.71,4899.98,187.38,1313.38,222.05,2999.23,100.52,420.74,74.80,287.13,87.02,129.39,48.98,46.32,9.15,3475.31,310.90,4.23,0.60,112.11,14.86,10.80,2.87,0.00,0.00,38.62,3.88,28.98,5.04,0.62,5.44,11.03,23.09,68.31,9.24,8.81,5.18
39.50,39.5,26/11/2025 10:46:12,1.870,52.375,,16.1,875740.0,541770.0,966751.56,2968.19,1681.65,6817.19,1159.92,15659.12,596.95,17.01,15.20,1835.94,71.90,816.60,151.23,2084.76,71.14,256.30,45.18,127.45,47.63,75.66,30.85,79.29,22.39,2297.27,204.97,3.71,0.48,81.95,10.26,9.90,2.33,0.00,0.00,30.73,3.15,21.23,3.65,0.10,3.96,0.00,0.00,56.31,8.30,9.74,4.54,64247.48,4922.07,2788.65,12880.82,2191.62,33500.11,1277.08,38.97,34.84,4584.16,179.52,983.68,182.18,2917.01,99.54,427.63,75.39,227.52,85.04,110.58,45.09,113.93,32.18,3284.51,293.05,4.72,0.61,102.58,12.85,12.32,2.90,0.00,0.00,36.34,3.73,28.68,4.92,0.13,5.29,0.00,0.00,60.65,8.94,11.05,5.15
39.60,39.6,26/11/2025 10:46:32,2.283,65.206,1181244.730,16.1,869634.0,539416.0,964674.82,2977.74,1609.80,7330.24,1235.19,17478.66,656.57,37.66,53.93,1673.56,66.92,1109.54,186.87,1857.62,68.96,231.43,42.79,96.91,47.29,56.42,27.66,19.06,3.89,2196.21,195.24,3.76,0.47,110.71,17.53,8.49,2.26,0.00,0.00,28.98,3.10,18.72,3.62,0.00,0.00,18.35,20.51,61.36,8.42,9.75,4.61,68501.76,4937.92,2669.48,13850.22,2333.84,37392.70,1404.63,86.30,123.56,4178.71,167.10,1336.56,225.10,2599.20,96.50,386.14,71.39,173.00,84.42,82.46,40.42,27.39,5.59,3140.02,279.15,4.79,0.60,138.58,21.95,10.57,2.82,0.00,0.00,34.27,3.67,25.29,4.90,0.00,0.00,20.49,22.90,66.10,9.07,11.06,5.23
39.70,39.7,26/11/2025 10:46:52,2.277,69.966,,16.1,869354.0,538765.0,966029.71,2637.67,1669.99,6790.40,1155.36,16321.06,618.77,46.76,53.87,1700.58,67.64,1186.05,196.17,2192.93,71.68,241.38,43.94,132.14,47.95,68.79,29.73,84.15,22.71,2331.55,208.06,3.62,0.47,91.83,12.50,9.85,2.30,0.00,0.00,29.20,3.10,19.58,3.61,0.96,4.01,5.37,20.56,64.52,8.52,11.89,4.54,65447.50,4373.99,2769.31,12830.21,2183.01,34916.21,1323.76,107.14,123.45,4246.19,168.90,1428.72,236.30,3068.36,100.30,402.75,73.32,235.90,85.60,100.54,43.45,120.92,32.64,3333.52,297.47,4.60,0.60,114.95,15.64,12.26,2.87,0.00,0.00,34.53,3.66,26.44,4.88,1.29,5.34,5.99,22.95,69.50,9.18,13.49,5.15
39.80,39.8,26/11/2025 10:47:11,2.477,70.164,,16.1,871518.0,539708.0,965847.53,2710.43,1637.52,6970.31,1181.61,16167.23,613.51,57.21,40.82,1844.77,71.44,1090.14,184.18,2116.18,71.14,275.54,46.23,149.83,48.09,69.99,29.89,95.19,23.22,2353.17,210.13,3.69,0.47,113.82,18.36,10.24,2.32,0.00,0.00,31.02,3.19,15.52,3.56,0.39,4.01,7.20,20.52,62.32,8.61,8.30,4.52,65896.71,4494.64,2715.46,13170.14,2232.61,34587.11,1312.50,131.08,93.53,4606.21,178.38,1313.19,221.87,2960.97,99.54,459.73,77.13,267.47,85.84,102.29,43.68,136.77,33.36,3364.43,300.43,4.70,0.60,142.48,22.98,12.74,2.89,0.00,0.00,36.68,3.77,20.96,4.81,0.52,5.34,8.04,22.91,67.14,9.27,9.41,5.13
39.90,39.9,26/11/2025 10:47:31,2.563,67.517,,16.1,858489.0,536759.0,968445.93,2919.55,1653.50,6579.66,1121.08,14777.76,566.34,61.11,42.26,2169.35,79.62,727.27,139.71,1833.54,67.71,159.04,36.33,78.73,46.31,67.65,29.12,21.19,4.27,1924.81,169.89,3.55,0.46,86.78,11.58,7.85,2.26,0.00,0.00,30.68,3.11,18.30,3.48,1.10,3.88,13.98,20.13,63.27,8.35,8.90,4.36,61452.73,4841.43,2741.96,12432.01,2118.25,31614.58,1211.59,140.03,96.84,5416.66,198.79,876.07,168.30,2565.51,94.73,265.35,60.61,140.54,82.67,98.87,42.55,30.44,6.14,2751.98,242.90,4.52,0.59,108.63,14.49,9.77,2.81,0.00,0.00,36.28,3.67,24.72,4.70,1.47,5.18,15.61,22.47,68.16,9.00,10.09,4.95
40.00,40.0,26/11/2025 10:48:14,2.982,69.964,,16.1,862944.0,536312.0,963513.55,3461.58,1635.85,7078.82,1196.33,18150.36,678.54,35.91,53.42,1714.22,68.00,979.85,170.53,2168.55,71.77,169.15,38.13,93.45,47.66,88.74,33.53,96.33,23.26,2204.62,195.85,3.65,0.47,108.30,16.74,11.33,2.33,0.00,0.00,35.17,3.39,13.58,3.51,0.00,0.00,0.00,0.00,64.52,8.74,8.32,4.58,70684.62,5740.26,2712.69,13375.16,2260.41,38829.70,1451.62,82.28,122.39,4280.25,169.79,1180.34,205.42,3034.25,100.42,282.23,63.61,166.82,85.08,129.69,49.01,138.41,33.42,3152.04,280.01,4.64,0.60,135.56,20.95,14.10,2.91,0.00,0.00,41.60,4.00,18.34,4.74,0.00,0.00,0.00,0.00,69.50,9.42,9.44,5.19
40.10,40.1,26/11/2025 10:48:47,3.077,66.990,1181239.504,16.1,865288.0,534957.0,967971.87,1903.15,1617.14,6748.95,1147.71,15883.58,603.14,42.82,53.00,1765.21,68.67,836.82,152.62,1952.71,69.22,194.90,39.63,127.12,47.06,75.54,30.68,6.75,1.44,2246.30,200.15,3.51,0.46,91.90,12.68,9.23,2.22,0.00,0.00,36.70,3.41,20.02,3.45,2.58,3.85,13.68,20.18,59.54,8.39,7.11,4.34,62310.31,3155.94,2681.67,12751.89,2168.56,33980.29,1290.32,98.11,121.44,4407.56,171.46,1008.04,183.85,2732.24,96.85,325.18,66.12,226.94,84.00,110.41,44.84,9.70,2.06,3211.63,286.16,4.47,0.58,115.04,15.87,11.49,2.77,0.00,0.00,43.40,4.04,27.05,4.66,3.44,5.13,15.28,22.53,64.13,9.04,8.07,4.93
40.20,40.2,26/11/2025 10:49:20,2.352,66.001,,16.1,857043.0,535989.0,969830.20,2510.73,1599.36,6416.34,1096.18,14177.00,546.40,23.19,19.38,1880.07,71.58,645.35,130.83,1935.14,68.45,156.25,35.85,139.85,46.76,67.54,28.94,39.34,7.55,1941.24,171.49,3.16,0.45,96.40,14.03,9.43,2.25,0.00,0.00,29.82,3.04,20.37,3.49,1.74,3.82,8.97,19.91,60.44,8.21,7.42,4.34,58574.96,4163.48,2652.18,12123.44,2071.19,30329.34,1168.93,53.13,44.41,4694.35,178.73,777.39,157.60,2707.67,95.78,260.71,59.82,249.65,83.48,98.71,42.30,56.52,10.85,2775.48,245.19,4.03,0.57,120.67,17.57,11.74,2.80,0.00,0.00,35.26,3.60,27.52,4.71,2.32,5.10,10.02,22.23,65.10,8.85,8.42,4.92
40.30,40.3,26/11/2025 10:49:53,1.425,64.811,,16.1,855359.0,534576.0,966645.03,3858.67,1653.84,6697.72,1136.30,15214.05,580.44,4.89,4.64,2009.05,75.56,763.18,143.89,1929.26,68.72,163.15,36.81,114.59,46.73,89.76,33.35,39.11,7.48,2232.40,198.62,3.83,0.48,97.38,14.05,9.67,2.30,0.00,0.00,30.79,3.14,18.28,3.54,0.00,0.00,10.24,20.08,61.21,8.30,7.76,4.46,64390.13,6398.74,2742.52,12655.09,2146.99,32547.95,1241.75,11.20,10.64,5016.41,188.67,919.33,173.33,2699.43,96.15,272.21,61.42,204.56,83.42,131.19,48.75,56.19,10.74,3191.75,283.98,4.88,0.61,121.90,17.59,12.04,2.86,0.00,0.00,36.41,3.71,24.69,4.78,0.00,0.00,11.43,22.42,65.93,8.94,8.80,5.06
40.40,40.4,26/11/2025 10:50:26,2.808,64.279,,16.1,856672.0,536520.0,961644.04,4278.01,1674.07,7161.94,1208.56,19174.15,712.20,30.07,24.44,1754.57,68.70,1119.47,188.27,1999.06,70.55,166.37,37.36,141.64,48.10,76.42,31.10,86.58,22.89,2121.06,187.86,3.47,0.48,99.80,14.39,7.19,2.23,0.00,0.00,31.09,3.19,16.05,3.59,1.02,4.05,14.25,20.48,63.77,8.47,9.98,4.59,74334.91,7094.12,2776.07,13532.21,2283.53,41019.92,1523.63,68.91,56.00,4381.00,171.54,1348.52,226.79,2797.10,98.71,277.60,62.33,252.86,85.88,111.69,45.46,124.40,32.89,3032.57,268.59,4.42,0.61,124.93,18.02,8.95,2.78,0.00,0.00,36.76,3.77,21.68,4.85,1.36,5.39,15.91,22.87,68.70,9.12,11.32,5.21
40.50,40.5,26/11/2025 10:51:09,3.390,60.976,,16.1,850203.0,535035.0,962638.21,3359.03,1602.42,7373.56,1238.20,19346.04,717.10,24.52,20.24,1508.03,61.71,1161.60,192.66,1949.87,69.45,114.68,31.71,137.22,48.08,77.27,31.23,87.06,22.81,1977.93,174.49,3.46,0.45,98.90,14.25,9.34,2.31,0.00,0.00,30.52,3.14,15.79,3.57,0.78,3.98,15.55,20.46,62.23,8.55,8.40,4.43,72633.55,5570.20,2657.25,13932.08,2339.53,41387.66,1534.12,56.18,46.37,3765.40,154.10,1399.26,232.08,2728.28,97.17,191.34,52.91,244.97,85.83,112.93,45.65,125.09,32.78,2827.93,249.48,4.41,0.58,123.81,17.84,11.63,2.87,0.00,0.00,36.10,3.71,21.33,4.82,1.04,5.31,17.36,22.85,67.03,9.21,9.53,5.03
40.60,40.6,26/11/2025 10:51:42,3.662,63.156,1181240.625,16.1,865326.0,537348.0,962631.45,3085.82,1612.18,7423.17,1247.30,17844.82,668.40,29.61,52.46,1787.78,69.86,981.15,171.16,2456.32,74.89,260.29,44.79,128.46,47.80,88.79,33.53,5.76,1.22,3002.08,271.70,3.71,0.49,121.98,20.31,10.08,2.36,0.00,0.00,39.33,3.64,16.91,3.69,0.37,4.08,12.74,20.55,62.85,8.74,6.53,4.60,71892.56,5117.14,2673.44,14025.81,2356.72,38176.06,1429.92,67.84,120.21,4463.91,174.44,1181.89,206.18,3436.90,104.79,434.29,74.73,229.32,85.33,129.78,49.01,8.28,1.75,4292.20,388.45,4.72,0.62,152.69,25.42,12.55,2.93,0.00,0.00,46.51,4.31,22.85,4.99,0.50,5.44,14.22,22.94,67.71,9.41,7.41,5.21
40.70,40.7,26/11/2025 10:52:15,3.303,65.934,,16.1,863404.0,537640.0,969242.01,2246.78,1613.64,6030.66,1037.45,14229.30,547.79,58.09,40.37,2085.03,77.55,687.92,135.50,2201.23,71.19,183.20,38.96,79.15,46.51,67.25,29.12,86.88,22.42,2541.71,228.27,3.47,0.46,118.66,20.02,9.80,2.21,0.00,0.00,35.16,3.38,22.74,3.64,0.98,3.95,0.00,0.00,60.78,8.39,9.20,4.50,59428.34,3725.78,2675.86,11394.71,1960.21,30441.23,1171.90,133.11,92.50,5206.13,193.63,828.67,163.23,3079.97,99.61,305.68,65.01,141.31,83.02,98.29,42.57,124.83,32.21,3634.00,326.37,4.41,0.58,148.53,25.05,12.19,2.75,0.00,0.00,41.58,3.99,30.72,4.92,1.30,5.26,0.00,0.00,65.48,9.04,10.43,5.10
40.80,40.8,26/11/2025 10:52:48,3.512,56.086,,16.1,860513.0,539941.0,966946.85,3449.50,1660.71,6268.71,1072.64,15166.99,579.34,45.26,33.38,1856.37,71.12,860.45,155.42,2116.34,70.95,235.51,42.98,110.16,46.74,74.92,30.52,91.53,22.72,2543.65,228.24,3.29,0.46,93.85,13.04,9.22,2.31,0.00,0.00,31.30,3.23,17.06,3.62,0.64,3.98,7.95,20.19,63.90,8.56,6.53,4.60,63495.15,5720.22,2753.91,11844.49,2026.71,32447.27,1239.40,103.71,76.48,4635.18,177.59,1036.50,187.22,2961.20,99.28,392.95,71.71,196.66,83.44,109.49,44.61,131.52,32.64,3636.76,326.33,4.19,0.59,117.48,16.32,11.48,2.88,0.00,0.00,37.02,3.82,23.05,4.89,0.85,5.30,8.88,22.54,68.84,9.22,7.41,5.22
40.90,40.9,26/11/2025 10:53:21,4.537,63.290,,16.1,861948.0,537518.0,969184.22,3624.66,1642.71,5912.71,1021.27,13628.79,528.84,46.68,52.55,1780.35,69.33,1035.74,176.87,1856.89,68.16,196.99,39.86,135.37,47.02,77.63,30.91,90.10,22.52,2183.07,194.29,3.48,0.46,109.82,17.57,9.95,2.25,0.00,0.00,31.85,3.17,14.32,3.50,1.20,3.92,5.73,20.08,62.83,8.36,7.59,4.45,58967.35,6010.69,2724.07,11171.84,1929.66,29156.55,1131.37,106.96,120.42,4445.37,173.11,1247.66,213.06,2598.17,95.36,328.68,66.51,241.67,83.94,113.46,45.18,129.46,32.35,3121.24,277.79,4.43,0.59,137.47,22.00,12.39,2.80,0.00,0.00,37.67,3.75,19.34,4.72,1.61,5.23,6.40,22.42,67.69,9.01,8.61,5.05
41.00,41.0,26/11/2025 10:54:04,4.254,63.487,,16.1,858169.0,537388.0,971277.50,2410.96,1617.88,5663.49,983.35,13433.98,521.70,42.61,31.76,1702.47,66.61,1091.94,183.57,1751.50,66.79,163.64,36.65,105.01,46.14,70.27,29.36,36.60,7.10,2016.52,178.63,3.65,0.46,102.67,15.76,9.96,2.22,0.00,0.00,23.90,2.80,13.98,3.50,1.43,3.84,11.53,19.89,58.85,8.14,7.56,4.45,55331.70,3998.03,2682.89,10700.95,1858.00,28739.79,1116.09,97.63,72.76,4250.89,166.32,1315.36,221.13,2450.71,93.45,273.03,61.15,187.47,82.37,102.70,42.92,52.59,10.20,2883.11,255.39,4.64,0.59,128.52,19.72,12.40,2.76,0.00,0.00,28.26,3.31,18.88,4.72,1.90,5.11,12.87,22.20,63.39,8.77,8.57,5.05
41.10,41.1,26/11/2025 10:54:37,4.399,63.553,1181240.300,16.1,859981.0,538199.0,969822.62,2928.71,1597.44,6072.13,1043.84,13744.07,532.50,99.35,62.37,1827.63,70.31,865.22,156.09,1795.47,67.59,189.95,38.92,132.33,46.62,70.91,29.56,23.69,4.76,2196.74,195.57,3.35,0.45,98.91,14.62,10.97,2.29,0.00,0.00,22.11,2.71,20.44,3.57,0.19,3.88,8.46,19.93,59.96,8.11,6.79,4.39,58187.48,4856.61,2649.00,11473.06,1972.31,29403.16,1139.20,227.66,142.92,4563.42,175.56,1042.25,188.03,2512.23,94.57,316.92,64.94,236.24,83.23,103.64,43.21,34.04,6.84,3140.78,279.61,4.26,0.58,123.81,18.30,13.66,2.85,0.00,0.00,26.14,3.21,27.61,4.82,0.25,5.17,9.45,22.25,64.59,8.74,7.70,4.98
41.20,41.2,26/11/2025 10:55:10,3.763,62.429,,16.1,863047.0,538308.0,966027.57,3709.00,1647.05,7325.10,1232.17,14736.24,564.96,39.69,52.06,1878.19,71.62,886.58,158.52,2214.13,71.91,218.74,41.99,150.05,47.81,77.42,31.06,96.65,23.01,2426.03,216.97,3.35,0.47,83.67,10.60,8.77,2.31,0.00,0.00,24.73,2.91,15.74,3.57,1.09,4.00,4.24,20.32,66.38,8.65,6.65,4.57,65072.51,6150.54,2731.27,13840.50,2328.15,31525.76,1208.64,90.95,119.29,4689.65,178.82,1067.98,190.96,3098.02,100.61,364.97,70.05,267.87,85.34,113.16,45.40,138.87,33.07,3468.60,310.21,4.26,0.59,104.74,13.26,10.91,2.87,0.00,0.00,29.24,3.45,21.26,4.82,1.45,5.34,4.73,22.69,71.50,9.32,7.54,5.18
41.30,41.3,26/11/2025 10:55:43,4.143,52.900,,16.1,857751.0,538483.0,965764.11,2522.08,1610.93,7155.49,1207.46,16574.89,625.80,3.59,3.43,1809.12,69.93,955.87,166.76,2078.81,70.38,170.46,37.35,136.32,47.26,71.26,29.89,56.13,10.39,2442.64,218.42,3.60,0.47,113.02,18.14,10.26,2.31,0.00,0.00,24.56,2.91,20.99,3.71,0.00,0.00,12.81,20.16,65.89,8.60,8.09,4.56,66262.74,4182.31,2671.37,13520.03,2281.44,35459.23,1338.79,8.23,7.86,4517.21,174.61,1151.45,200.87,2908.68,98.47,284.41,62.31,243.36,84.36,104.15,43.69,80.65,14.92,3492.35,312.29,4.58,0.60,141.48,22.71,12.77,2.88,0.00,0.00,29.05,3.44,28.35,5.01,0.00,0.00,14.31,22.51,70.98,9.26,9.18,5.17
41.40,41.4,26/11/2025 10:56:16,4.117,52.905,,16.1,853758.0,537357.0,965797.93,2706.31,1616.65,6641.05,1130.10,17269.45,648.83,34.71,52.92,1737.58,68.27,1135.77,189.49,2024.99,69.99,208.15,40.55,131.19,47.04,77.50,31.01,45.28,8.52,1964.34,173.27,3.46,0.47,87.55,11.57,8.85,2.32,0.00,0.00,31.24,3.18,20.39,3.61,0.43,3.98,8.49,20.15,58.57,8.37,6.77,4.56,66439.25,4487.81,2680.85,12548.02,2135.29,36945.13,1388.08,79.54,121.25,4338.57,170.47,1368.16,228.26,2833.38,97.93,347.29,67.66,234.19,83.97,113.27,45.32,65.06,12.24,2808.50,247.74,4.40,0.59,109.59,14.49,11.01,2.88,0.00,0.00,36.95,3.76,27.54,4.88,0.58,5.31,9.48,22.49,63.09,9.02,7.68,5.17
41.50,41.5,26/11/2025 10:56:59,3.624,45.892,,16.1,859400.0,539815.0,966211.12,3654.96,1608.05,7048.22,1190.46,15070.70,576.20,119.55,72.03,1813.61,70.33,965.67,168.17,2038.18,69.99,205.12,40.37,104.39,46.70,79.24,31.37,91.40,22.72,2338.77,208.64,3.37,0.46,114.14,18.56,10.85,2.34,0.00,0.00,27.46,3.00,16.50,3.59,1.26,4.00,13.38,20.18,64.30,8.59,7.79,4.64,64866.73,6060.93,2666.59,13317.35,2249.33,32241.28,1232.68,273.94,165.05,4528.40,175.60,1163.25,202.57,2851.83,97.93,342.25,67.36,186.35,83.37,115.81,45.85,131.33,32.64,3343.84,298.31,4.29,0.59,142.88,23.24,13.51,2.91,0.00,0.00,32.47,3.55,22.29,4.85,1.68,5.33,14.94,22.53,69.27,9.25,8.84,5.27
41.60,41.6,26/11/2025 10:57:32,4.350,49.600,1181240.165,16.1,852163.0,538969.0,967533.90,4048.20,1670.56,6731.62,1142.63,14454.72,555.63,112.11,68.18,1834.65,70.69,928.28,163.07,1666.67,65.91,134.80,33.89,104.67,46.57,60.30,27.86,92.24,22.53,2057.96,182.26,3.85,0.47,100.94,15.11,8.22,2.23,0.00,0.00,29.94,3.11,15.84,3.54,1.50,3.85,10.67,20.07,61.63,8.45,7.30,4.47,62505.36,6713.03,2770.24,12719.14,2158.96,30923.48,1188.67,256.88,156.22,4580.94,176.50,1118.21,196.43,2332.02,92.23,224.92,56.54,186.86,83.14,88.13,40.72,132.53,32.37,2942.36,260.59,4.90,0.59,126.35,18.91,10.23,2.77,0.00,0.00,35.40,3.68,21.40,4.78,2.01,5.14,11.92,22.41,66.39,9.11,8.28,5.08
41.70,41.7,26/11/2025 10:58:06,4.547,43.980,,16.1,860289.0,538611.0,965602.91,3388.12,1656.74,6874.34,1165.82,15869.21,603.15,41.41,31.29,2039.15,76.41,939.75,165.13,2156.53,71.27,213.91,41.40,117.36,47.29,62.27,28.44,92.85,22.97,2369.83,211.62,3.57,0.47,96.13,13.57,9.40,2.25,0.00,0.00,32.18,3.27,16.59,3.60,0.26,4.00,7.46,20.35,62.84,8.43,3.93,4.54,66349.66,5618.43,2747.33,12988.81,2202.77,33949.55,1290.35,94.89,71.71,5091.56,190.80,1132.03,198.92,3017.43,99.72,356.91,69.08,209.51,84.42,91.01,41.57,133.41,33.01,3388.25,302.57,4.55,0.60,120.33,16.99,11.71,2.80,0.00,0.00,38.05,3.86,22.41,4.86,0.34,5.33,8.33,22.72,67.69,9.09,4.46,5.16
41.80,41.8,26/11/2025 10:58:39,4.562,32.672,,16.1,851901.0,540825.0,968175.92,3870.73,1614.85,6459.69,1101.09,14383.69,553.07,40.48,51.80,1803.34,69.55,765.84,143.58,1850.05,67.41,117.48,31.53,136.81,46.74,67.81,29.03,93.12,22.54,1990.07,176.01,3.56,0.47,97.30,14.19,10.36,2.31,0.00,0.00,28.29,3.01,20.03,3.58,0.00,0.00,16.53,19.89,60.96,8.32,7.97,4.40,61313.57,6418.73,2677.86,12205.34,2080.46,30771.52,1183.20,92.75,118.68,4502.77,173.67,922.53,172.96,2588.60,94.32,196.01,52.60,244.24,83.44,99.10,42.42,133.80,32.38,2845.29,251.65,4.53,0.60,121.80,17.76,12.89,2.87,0.00,0.00,33.46,3.56,27.05,4.83,0.00,0.00,18.45,22.21,65.67,8.96,9.04,4.99
41.90,41.9,26/11/2025 10:59:12,5.847,28.237,,16.1,860880.0,547216.0,969152.48,2455.86,1614.01,6442.12,1100.88,14479.26,556.88,47.43,52.95,1676.52,66.41,848.54,153.61,1881.44,68.13,249.98,44.18,127.62,46.99,72.02,29.94,82.17,22.16,2261.67,201.67,3.59,0.47,101.06,15.10,9.69,2.23,0.00,0.00,21.38,2.68,14.30,3.55,1.26,3.99,0.49,20.18,63.09,8.41,8.04,4.43,59538.97,4072.49,2676.48,12172.15,2080.08,30975.99,1191.34,108.67,121.34,4186.10,165.83,1022.15,185.04,2632.52,95.33,417.10,73.72,227.82,83.88,105.25,43.75,118.06,31.84,3233.61,288.34,4.57,0.60,126.51,18.91,12.06,2.77,0.00,0.00,25.29,3.17,19.32,4.79,1.68,5.32,0.55,22.53,67.96,9.05,9.13,5.02
42.00,42.0,26/11/2025 10:59:55,5.415,24.996,,16.0,866052.0,553001.0,968267.16,3005.56,1657.79,6750.86,1147.73,14063.38,543.52,46.38,52.68,1764.33,69.01,839.25,152.56,2052.65,69.93,203.81,40.64,121.15,46.93,60.18,27.90,18.85,3.85,2611.78,234.96,3.66,0.47,80.25,9.91,7.58,2.25,0.02,0.18,21.43,2.72,13.09,3.51,2.54,4.09,2.27,20.17,60.61,8.43,3.20,4.42,60858.51,4984.05,2749.07,12755.50,2168.60,30086.28,1162.77,106.28,120.71,4405.36,172.31,1010.97,183.77,2872.08,97.85,340.06,67.81,216.28,83.78,87.95,40.78,27.09,5.53,3734.18,335.94,4.66,0.60,100.46,12.41,9.43,2.80,0.03,0.24,25.34,3.21,17.69,4.74,3.38,5.45,2.53,22.52,65.29,9.08,3.63,5.02
42.10,42.1,26/11/2025 11:00:29,4.376,21.825,1181240.162,16.0,867303.0,556535.0,970404.65,1461.73,1653.33,6139.94,1057.29,14258.79,549.58,17.30,15.04,1918.22,72.93,801.05,148.61,1915.60,68.82,212.18,41.18,111.56,46.66,62.86,28.36,27.26,5.47,2492.72,223.74,3.54,0.47,59.69,5.92,7.52,2.19,0.00,0.00,20.47,2.63,10.40,3.51,2.37,4.02,6.52,20.14,60.32,8.45,5.27,4.36,57460.45,2423.96,2741.67,11601.18,1997.71,30504.33,1175.73,39.65,34.46,4789.62,182.10,964.95,179.02,2680.32,96.30,354.02,68.71,199.15,83.29,91.88,41.46,39.17,7.86,3563.96,319.90,4.51,0.60,74.72,7.41,9.36,2.72,0.00,0.00,24.21,3.11,14.05,4.74,3.16,5.36,7.28,22.48,64.98,9.10,5.98,4.94
42.20,42.2,26/11/2025 11:01:02,3.580,20.769,,16.0,869426.0,558815.0,971113.02,2118.31,1663.57,6066.99,1046.81,12893.27,504.95,26.67,51.14,1943.70,73.69,659.34,132.14,1882.26,68.10,110.18,30.86,142.72,46.89,69.00,29.28,93.52,22.69,2663.72,240.21,3.75,0.48,81.20,10.22,8.13,2.21,0.00,0.00,25.32,2.92,12.14,3.48,0.10,4.04,14.67,19.93,66.04,8.51,5.96,4.47,55640.92,3512.75,2758.66,11463.36,1977.91,27583.02,1080.25,61.11,117.18,4853.22,183.99,794.24,159.18,2633.67,95.29,183.84,51.49,254.78,83.72,100.84,42.80,134.37,32.60,3808.43,343.44,4.77,0.61,101.65,12.79,10.12,2.75,0.00,0.00,29.94,3.45,16.40,4.70,0.13,5.39,16.38,22.25,71.14,9.17,6.76,5.08
42.30,42.3,26/11/2025 11:01:35,4.375,24.404,,16.0,870270.0,557243.0,971027.38,1871.55,1577.49,6152.61,1056.73,13430.06,521.96,73.42,48.85,1900.18,72.48,650.09,131.21,1822.38,67.75,136.00,33.99,81.70,46.09,76.89,30.71,38.21,7.41,2515.79,226.06,3.41,0.46,94.13,13.37,8.79,2.31,0.00,0.00,26.86,2.94,8.81,3.46,0.71,4.00,14.05,19.99,58.82,8.21,8.15,4.50,56108.86,3103.55,2615.91,11625.12,1996.66,28731.39,1116.65,168.23,111.94,4744.57,180.98,783.10,158.06,2549.89,94.80,226.92,56.71,145.84,82.29,112.38,44.89,54.90,10.65,3596.94,323.20,4.34,0.59,117.83,16.74,10.94,2.87,0.00,0.00,31.77,3.47,11.90,4.67,0.95,5.34,15.69,22.32,63.36,8.84,9.25,5.11
42.40,42.4,26/11/2025 11:02:09,3.639,22.026,,16.0,870736.0,562003.0,968477.02,2892.61,1636.22,6563.24,1119.07,14391.94,554.44,79.08,52.21,2051.17,76.89,566.44,122.41,1894.11,68.46,142.41,34.87,108.83,46.92,77.20,31.00,92.54,22.81,2442.58,218.93,3.71,0.48,79.92,9.89,9.04,2.28,0.00,0.00,24.15,2.84,16.80,3.52,0.44,4.11,14.17,20.20,66.70,8.52,5.89,4.50,61054.46,4796.75,2713.30,12401.00,2114.44,30789.18,1186.13,181.20,119.63,5121.57,191.99,682.33,147.46,2650.25,95.79,237.61,58.19,194.28,83.76,112.84,45.30,132.96,32.77,3492.26,313.01,4.72,0.61,100.04,12.38,11.25,2.84,0.00,0.00,28.56,3.36,22.70,4.76,0.58,5.48,15.82,22.55,71.85,9.17,6.68,5.10
42.50,42.5,26/11/2025 11:02:52,3.413,21.497,,16.0,872263.0,565457.0,968693.53,3159.82,1636.35,6775.73,1150.37,14055.60,543.24,9.46,8.70,1814.60,70.41,560.19,121.70,1850.45,68.30,88.48,27.93,121.96,47.20,75.43,30.67,88.60,22.68,2514.49,225.94,3.50,0.47,69.28,7.68,9.11,2.29,0.00,0.00,17.37,2.48,12.88,3.58,0.56,4.10,14.86,20.19,58.45,8.31,5.64,4.44,60353.66,5239.86,2713.52,12802.50,2173.58,30069.63,1162.18,21.68,19.93,4530.89,175.81,674.81,146.60,2589.16,95.56,147.63,46.60,217.73,84.26,110.25,44.82,127.31,32.58,3595.08,323.03,4.45,0.60,86.73,9.62,11.34,2.85,0.00,0.00,20.54,2.94,17.39,4.84,0.75,5.47,16.59,22.54,62.97,8.95,6.39,5.04
42.60,42.6,26/11/2025 11:03:25,2.950,16.002,1181240.036,15.9,877748.0,582149.0,969975.05,2274.25,1660.84,6454.05,1104.27,13501.30,525.01,134.80,79.95,2147.55,79.10,508.07,116.10,1655.40,66.32,91.05,28.32,81.99,46.63,53.08,26.87,51.89,9.87,2866.79,259.81,3.74,0.48,85.73,11.22,9.68,2.33,0.00,0.00,9.16,1.88,2.61,3.54,1.86,4.26,24.85,20.22,63.03,8.58,4.07,4.49,58239.61,3771.34,2754.13,12194.68,2086.47,28883.80,1123.17,308.88,183.19,5362.23,197.50,612.03,139.86,2316.25,92.79,151.92,47.25,146.36,83.24,77.58,39.27,74.55,14.19,4098.77,371.47,4.76,0.62,107.31,14.04,12.05,2.90,0.00,0.00,10.84,2.22,3.53,4.78,2.48,5.68,27.75,22.57,67.90,9.24,4.62,5.09
42.70,42.7,26/11/2025 11:03:59,3.091,22.875,,15.9,880560.0,582035.0,967413.53,4114.31,1676.31,6782.95,1152.12,13823.53,536.32,45.97,53.15,2034.73,76.58,488.99,114.73,1792.30,68.23,66.94,24.42,106.85,47.73,62.48,28.60,10.84,2.32,3069.92,279.25,3.66,0.50,81.86,10.22,8.65,2.28,0.00,0.00,10.66,2.03,2.22,3.56,1.68,4.29,9.32,20.50,64.30,8.73,4.31,4.58,62513.47,6822.66,2779.79,12816.13,2176.88,29573.16,1147.36,105.34,121.78,5080.52,191.21,589.04,138.21,2507.80,95.47,111.69,40.74,190.74,85.20,91.31,41.80,15.57,3.33,4389.21,399.26,4.65,0.63,102.47,12.80,10.76,2.83,0.00,0.00,12.61,2.41,3.00,4.81,2.24,5.72,10.40,22.89,69.27,9.40,4.89,5.20
42.80,42.8,26/11/2025 11:04:32,3.729,23.673,,15.9,876346.0,579707.0,967353.49,3826.73,1683.14,6853.14,1163.54,14155.40,547.20,65.44,45.29,1862.34,71.85,619.26,128.40,1716.30,67.40,125.54,33.34,118.81,47.48,68.03,29.43,18.47,3.83,3055.13,277.76,3.30,0.48,63.31,6.48,7.30,2.26,0.00,0.00,12.44,2.16,7.18,3.61,0.53,4.28,4.29,20.35,59.73,8.60,3.84,4.45,62631.84,6345.78,2791.11,12948.75,2198.46,30283.14,1170.65,149.94,103.77,4650.09,179.40,745.96,154.67,2401.45,94.31,209.46,55.63,212.10,84.76,99.43,43.01,26.54,5.51,4368.05,397.12,4.20,0.61,79.25,8.11,9.08,2.82,0.00,0.00,14.71,2.56,9.70,4.88,0.71,5.71,4.79,22.72,64.34,9.27,4.36,5.04
42.90,42.9,26/11/2025 11:05:05,3.888,25.059,,15.9,881975.0,579046.0,967743.22,3202.73,1713.83,6619.26,1129.59,14037.54,543.11,104.96,64.97,2212.46,81.35,348.28,102.40,1750.00,67.33,132.96,34.10,148.12,48.00,70.97,29.93,56.76,10.66,3394.95,310.56,3.58,0.49,65.53,6.84,7.92,2.26,0.00,0.00,13.65,2.24,7.02,3.65,1.13,4.29,10.71,20.37,62.35,8.68,5.92,4.62,62216.65,5311.01,2842.01,12506.84,2134.31,30031.00,1161.90,240.51,148.86,5524.30,203.12,419.54,123.35,2448.60,94.20,221.84,56.90,264.42,85.69,103.72,43.75,81.55,15.32,4853.91,444.02,4.56,0.62,82.02,8.56,9.86,2.82,0.00,0.00,16.15,2.65,9.49,4.93,1.51,5.72,11.95,22.74,67.16,9.35,6.71,5.24
43.00,43.0,26/11/2025 11:05:49,3.972,25.655,,15.9,875009.0,575654.0,968044.67,3386.30,1635.62,6648.06,1130.93,13423.17,522.15,74.40,48.88,2048.22,76.64,601.93,126.00,1924.23,68.85,127.86,33.36,76.90,46.64,69.14,29.55,27.89,5.60,3354.36,306.57,3.71,0.49,69.01,7.50,9.20,2.33,0.00,0.00,16.07,2.46,9.93,3.63,1.63,4.32,13.41,20.27,66.22,8.74,3.69,4.61,61110.76,5615.42,2712.31,12561.27,2136.84,28716.65,1117.06,170.49,112.00,5114.21,191.37,725.09,151.78,2692.39,96.34,213.33,55.67,137.27,83.27,101.05,43.19,40.08,8.05,4795.88,438.32,4.72,0.63,86.38,9.39,11.45,2.90,0.00,0.00,19.00,2.91,13.41,4.90,2.18,5.76,14.97,22.63,71.33,9.41,4.19,5.23
43.10,43.1,26/11/2025 11:06:23,2.276,15.477,1181248.893,15.9,879617.0,572201.0,966767.33,3947.16,1672.35,6665.09,1133.51,13917.88,538.84,24.35,20.29,2186.03,80.59,547.37,120.77,1928.76,69.21,157.81,37.10,121.58,47.80,65.52,29.16,56.76,10.73,3422.55,313.11,3.61,0.49,72.40,8.12,8.54,2.37,0.00,0.00,18.29,2.59,10.81,3.65,1.43,4.27,2.75,20.51,69.12,8.84,4.85,4.54,63564.19,6545.48,2773.22,12593.44,2141.72,29775.01,1152.76,55.79,46.50,5458.30,201.23,659.36,145.48,2698.74,96.84,263.31,61.90,217.04,85.33,95.76,42.61,81.56,15.41,4893.37,447.67,4.60,0.63,90.63,10.16,10.63,2.95,0.00,0.00,21.63,3.06,14.60,4.93,1.91,5.70,3.07,22.90,74.46,9.52,5.50,5.16
43.20,43.2,26/11/2025 11:06:56,2.071,14.946,,15.9,880759.0,575481.0,970406.06,3248.56,1693.14,5853.66,1014.21,12374.65,487.89,9.88,9.07,1841.95,71.18,461.20,111.06,1632.34,65.76,179.16,38.41,90.13,46.28,91.81,33.76,62.67,11.65,3527.32,323.66,3.69,0.49,92.66,12.77,9.69,2.32,0.00,0.00,15.50,2.40,13.49,3.68,1.31,4.23,11.69,20.08,67.50,8.75,5.09,4.48,56371.95,5387.00,2807.70,11060.27,1916.30,26473.52,1043.77,22.64,20.78,4599.18,177.73,555.57,133.78,2283.98,92.02,298.93,64.09,160.91,82.62,134.18,49.34,90.04,16.75,5043.16,462.75,4.69,0.62,115.99,15.98,12.06,2.89,0.00,0.00,18.33,2.84,18.23,4.97,1.74,5.65,13.05,22.42,72.71,9.43,5.77,5.08
43.30,43.3,26/11/2025 11:07:29,1.636,15.744,,15.9,874147.0,572269.0,969261.28,2831.29,1635.38,6279.13,1076.13,13756.96,533.30,91.35,57.86,1950.43,73.85,543.57,119.32,1695.12,66.59,80.73,26.78,108.05,46.99,69.13,29.45,62.44,11.61,3070.17,279.29,3.57,0.49,76.79,9.16,9.12,2.37,0.00,0.00,16.85,2.46,15.27,3.64,0.11,4.19,13.84,20.18,58.69,8.42,6.11,4.60,59242.17,4695.05,2711.91,11864.18,2033.31,29430.75,1140.91,209.33,132.58,4870.03,184.40,654.78,143.73,2371.83,93.17,134.69,44.68,192.89,83.89,101.04,43.04,89.72,16.68,4389.56,399.32,4.54,0.62,96.13,11.47,11.36,2.95,0.00,0.00,19.93,2.91,20.62,4.92,0.15,5.59,15.45,22.53,63.22,9.07,6.93,5.22
43.40,43.4,26/11/2025 11:08:03,2.365,15.011,,16.0,872515.0,565221.0,966477.79,4117.93,1651.12,6739.55,1144.72,14717.53,565.35,59.35,41.23,1885.46,72.16,578.62,123.25,1935.75,68.88,63.10,23.24,85.21,46.93,70.70,29.89,36.52,7.15,2994.73,271.71,3.65,0.48,99.64,14.47,9.48,2.33,0.00,0.00,16.68,2.50,12.01,3.62,2.82,4.20,24.13,20.31,63.71,8.69,5.63,4.55,64275.59,6828.66,2738.01,12734.13,2162.90,31485.72,1209.48,135.99,94.47,4707.80,180.19,697.01,148.47,2708.52,96.38,105.28,38.78,152.12,83.77,103.34,43.68,52.47,10.27,4281.70,388.48,4.64,0.62,124.73,18.12,11.80,2.90,0.00,0.00,19.73,2.96,16.22,4.89,3.76,5.60,26.94,22.67,68.63,9.36,6.39,5.17
43.50,43.5,26/11/2025 11:08:46,2.417,16.268,,16.0,874892.0,564284.0,966173.67,4270.25,1699.28,6543.49,1116.54,14898.64,571.49,81.81,53.55,2034.65,76.28,608.25,127.38,1763.49,67.88,155.09,36.41,123.58,47.59,72.41,30.28,50.36,9.59,3019.30,274.10,3.60,0.49,80.48,9.85,7.60,2.29,0.00,0.00,19.11,2.60,11.00,3.61,0.79,4.19,14.12,20.41,63.69,8.68,4.62,4.49,65003.39,7081.26,2817.88,12363.69,2109.66,31873.18,1222.61,187.46,122.70,5080.32,190.47,732.69,153.44,2467.49,94.98,258.77,60.75,220.61,84.96,105.83,44.25,72.35,13.78,4316.83,391.90,4.58,0.62,100.75,12.34,9.46,2.85,0.00,0.00,22.60,3.08,14.85,4.87,1.06,5.59,15.77,22.78,68.61,9.35,5.24,5.09
43.60,43.6,26/11/2025 11:09:19,3.340,25.526,1181240.698,16.0,870139.0,562169.0,964606.16,4272.26,1685.67,7248.47,1222.39,15432.46,589.36,50.67,53.91,2201.70,81.00,659.66,132.56,1961.88,69.74,113.38,31.64,139.57,48.02,65.65,29.16,2.92,0.63,3005.57,272.55,3.41,0.48,104.48,15.62,9.28,2.35,0.00,0.00,22.43,2.81,8.23,3.60,2.42,4.19,16.24,20.45,67.77,8.87,5.38,4.65,68069.22,7084.58,2795.30,13695.72,2309.67,33015.21,1260.83,116.10,123.52,5497.44,202.24,794.63,159.68,2745.07,97.59,189.18,52.78,249.16,85.72,95.95,42.62,4.20,0.91,4297.20,389.68,4.33,0.61,130.78,19.56,11.55,2.93,0.00,0.00,26.52,3.32,11.12,4.87,3.23,5.58,18.13,22.83,73.01,9.55,6.10,5.27
43.70,43.7,26/11/2025 11:09:53,3.715,24.667,,16.0,869151.0,560665.0,966914.70,3203.62,1620.57,6509.22,1109.91,15322.79,584.95,84.86,55.10,2179.10,80.06,655.42,131.89,1798.37,67.96,124.97,32.81,106.91,47.10,71.08,29.95,94.12,23.02,2722.27,245.56,3.68,0.49,75.40,8.82,6.98,2.23,0.00,0.00,24.60,2.89,13.38,3.60,1.22,4.13,19.10,20.28,62.08,8.58,6.12,4.45,64115.58,5312.48,2687.36,12298.92,2097.13,32780.59,1251.40,194.44,126.25,5441.00,199.90,789.53,158.88,2516.30,95.09,208.50,54.75,190.85,84.08,103.89,43.78,135.23,33.08,3892.15,351.08,4.68,0.62,94.38,11.04,8.69,2.78,0.00,0.00,29.10,3.41,18.08,4.86,1.62,5.51,21.33,22.64,66.87,9.24,6.94,5.05
43.80,43.8,26/11/2025 11:10:26,3.631,15.999,,16.0,874688.0,560559.0,967564.59,1842.84,1575.86,6627.14,1128.27,15726.77,598.68,50.86,53.71,2215.97,81.23,542.19,120.56,1878.35,68.48,100.75,30.15,90.11,47.35,58.27,27.88,90.94,16.26,3002.24,272.49,3.56,0.48,84.50,10.77,9.16,2.35,0.00,0.00,19.76,2.65,15.68,3.61,0.43,4.16,9.58,20.46,61.52,8.63,4.79,4.60,63239.90,3055.93,2613.21,12521.74,2131.83,33644.83,1280.78,116.55,123.06,5533.07,202.83,653.13,145.23,2628.19,95.81,168.10,50.30,160.87,84.53,85.17,40.74,130.66,23.36,4292.44,389.59,4.53,0.61,105.77,13.48,11.40,2.93,0.00,0.00,23.37,3.13,21.18,4.88,0.57,5.55,10.69,22.84,66.27,9.30,5.44,5.22
43.90,43.9,26/11/2025 11:11:00,2.504,22.747,,16.0,868605.0,566940.0,970347.64,2218.80,1588.53,6314.92,1081.71,13527.88,525.73,13.21,50.95,1818.61,70.24,544.65,119.06,1566.61,64.92,107.23,30.52,101.42,46.25,76.90,30.67,70.27,12.78,3070.58,279.30,3.42,0.48,104.60,15.99,8.28,2.24,0.00,0.00,16.80,2.46,9.69,3.54,0.95,4.14,12.82,19.92,60.06,8.43,4.66,4.43,57198.70,3679.39,2634.21,11931.80,2043.85,28940.67,1124.70,30.27,116.74,4540.88,175.38,656.09,143.42,2192.01,90.83,178.92,50.92,181.05,82.56,112.39,44.82,100.97,18.36,4390.14,399.33,4.35,0.61,130.93,20.02,10.31,2.78,0.00,0.00,19.87,2.91,13.09,4.79,1.27,5.52,14.31,22.24,64.69,9.08,5.29,5.02
44.00,44.0,26/11/2025 11:11:43,3.890,22.286,,16.0,871120.0,564089.0,969529.85,2782.78,1631.54,6041.97,1040.25,14105.74,544.56,106.30,65.74,1695.04,66.85,552.80,120.06,1508.50,64.62,25.70,15.01,130.60,46.91,61.18,27.93,62.04,11.50,3189.54,290.83,3.77,0.48,82.20,10.34,9.02,2.24,0.00,0.00,17.80,2.52,9.04,3.52,2.81,4.13,15.93,19.95,62.75,8.56,4.66,4.43,58721.51,4614.62,2705.55,11416.08,1965.52,30176.89,1164.99,243.56,150.64,4232.36,166.91,665.90,144.63,2110.70,90.42,42.88,25.04,233.14,83.74,89.42,40.83,89.15,16.52,4560.22,415.82,4.80,0.62,102.89,12.94,11.23,2.79,0.00,0.00,21.05,2.98,12.21,4.76,3.74,5.51,17.78,22.27,67.59,9.22,5.29,5.02
44.10,44.1,26/11/2025 11:12:16,4.189,13.885,1181249.427,15.9,874102.0,568861.0,971177.03,1569.03,1625.55,5990.67,1034.36,13318.27,518.61,97.92,61.09,1776.59,69.18,618.13,127.36,1597.13,65.49,132.81,33.72,100.14,46.44,76.49,30.71,11.33,2.41,3332.62,304.79,3.73,0.48,83.89,10.74,8.14,2.28,0.00,0.00,15.97,2.39,6.16,3.50,1.72,4.16,11.67,20.04,66.52,8.53,4.04,4.45,55584.82,2601.88,2695.60,11319.15,1954.38,28492.24,1109.48,224.38,139.99,4435.97,172.73,744.61,153.42,2234.71,91.63,221.59,56.27,178.76,82.90,111.79,44.88,16.28,3.46,4764.79,435.78,4.75,0.61,105.02,13.44,10.13,2.84,0.00,0.00,18.89,2.83,8.32,4.73,2.29,5.55,13.03,22.37,71.66,9.19,4.59,5.05
44.20,44.2,26/11/2025 11:12:50,3.832,12.693,,15.9,879389.0,569500.0,968864.35,2268.42,1628.33,6562.67,1120.46,13507.53,525.69,31.08,24.95,2218.98,81.55,506.27,116.36,1845.27,68.27,126.19,33.43,124.68,47.66,54.77,27.26,80.05,14.56,3591.41,329.65,3.73,0.50,91.17,12.28,8.65,2.38,0.00,0.00,21.24,2.72,14.47,3.69,0.54,4.23,1.57,20.39,71.63,8.91,5.35,4.60,59885.25,3761.67,2700.22,12399.91,2117.07,28897.13,1124.63,71.21,57.17,5540.58,203.61,609.86,140.17,2581.92,95.53,210.54,55.78,222.57,85.08,80.05,39.84,115.01,20.92,5134.80,471.32,4.75,0.63,114.12,15.37,10.77,2.96,0.00,0.00,25.12,3.22,19.54,4.98,0.72,5.64,1.75,22.76,77.16,9.60,6.07,5.21
44.30,44.3,26/11/2025 11:13:24,4.516,12.894,,15.9,880871.0,574096.0,970150.48,1874.25,1649.58,6148.32,1058.79,13582.27,527.65,7.19,6.71,1958.49,74.01,518.82,117.27,1578.65,65.67,115.75,31.99,93.96,46.60,61.63,28.11,24.41,4.96,3696.85,340.08,3.85,0.49,77.99,9.34,7.82,2.32,0.00,0.00,14.89,2.34,8.36,3.58,1.24,4.20,4.43,20.13,64.81,8.74,5.55,4.58,57517.95,3108.02,2735.47,11617.02,2000.54,29057.02,1128.82,16.47,15.38,4890.17,184.79,624.97,141.26,2208.86,91.88,193.13,53.37,167.73,83.18,90.07,41.09,35.08,7.13,5285.55,486.22,4.90,0.63,97.63,11.70,9.73,2.89,0.00,0.00,17.61,2.76,11.30,4.84,1.65,5.61,4.94,22.47,69.82,9.42,6.30,5.20
44.40,44.4,26/11/2025 11:13:57,4.424,16.528,,15.9,881632.0,573657.0,971250.27,1889.50,1625.27,5980.52,1032.26,12607.83,495.46,34.20,27.07,1858.60,71.78,396.24,104.76,1476.25,64.00,58.58,22.30,93.39,46.58,56.02,27.19,18.48,3.86,4110.99,380.67,3.82,0.50,62.44,6.30,9.21,2.35,0.00,0.00,12.10,2.14,6.42,3.57,1.69,4.25,8.55,20.09,60.66,8.58,4.25,4.47,55117.63,3133.31,2695.15,11299.97,1950.42,26972.37,1059.96,78.37,62.02,4640.76,179.23,477.31,126.20,2065.58,89.55,97.75,37.21,166.71,83.15,81.87,39.74,26.55,5.54,5877.66,544.26,4.86,0.64,78.17,7.89,11.46,2.93,0.00,0.00,14.31,2.53,8.67,4.82,2.25,5.67,9.54,22.43,65.35,9.24,4.82,5.07
44.50,44.5,26/11/2025 11:14:41,3.799,16.598,,15.9,879421.0,570020.0,968401.70,2841.52,1622.94,5997.86,1034.66,14249.88,549.97,172.98,99.88,2138.52,79.14,311.19,98.02,1530.73,64.93,75.41,25.77,91.53,46.82,66.56,29.07,2.92,0.64,3911.87,360.90,3.76,0.50,91.34,12.29,8.12,2.31,0.00,0.00,13.77,2.29,5.49,3.61,1.70,4.24,16.58,20.21,61.50,8.65,5.07,4.53,61012.10,4712.02,2691.28,11332.72,1954.95,30485.27,1176.57,396.36,228.85,5339.67,197.60,374.86,118.07,2141.81,90.84,125.82,43.00,163.39,83.58,97.28,42.49,4.20,0.92,5592.97,516.00,4.78,0.64,114.34,15.39,10.11,2.87,0.00,0.00,16.28,2.71,7.42,4.88,2.27,5.65,18.52,22.56,66.25,9.31,5.75,5.14
44.60,44.6,26/11/2025 11:15:14,3.615,23.278,1181244.798,16.0,876631.0,562644.0,963980.63,4043.78,1728.84,6476.09,1107.42,16625.06,628.70,89.34,57.73,2096.72,78.31,453.68,112.23,1849.33,68.75,156.65,36.65,107.19,47.61,76.10,31.01,78.45,14.19,3733.97,342.94,3.49,0.50,92.37,12.33,9.03,2.31,0.00,0.00,21.39,2.76,8.06,3.68,2.50,4.30,10.33,20.50,79.64,9.08,6.19,4.70,69373.20,6705.70,2866.90,12236.32,2092.42,35566.58,1345.01,204.72,132.28,5235.31,195.54,546.50,135.19,2587.59,96.20,261.36,61.15,191.36,84.99,111.22,45.33,112.73,20.39,5338.62,490.31,4.45,0.63,115.63,15.43,11.24,2.87,0.00,0.00,25.30,3.26,10.89,4.97,3.33,5.73,11.54,22.89,85.79,9.78,7.02,5.33
44.70,44.7,26/11/2025 11:15:47,3.077,23.539,,16.0,873634.0,560288.0,963903.71,4225.25,1642.22,6939.70,1174.37,16359.56,619.62,56.37,40.08,1956.38,74.40,580.16,124.66,1720.60,67.76,165.08,37.88,117.15,47.87,68.75,29.73,118.31,20.60,3594.24,329.43,3.60,0.50,73.21,8.17,8.30,2.38,0.00,0.00,24.78,2.96,11.81,3.69,1.70,4.32,1.36,20.56,64.67,8.97,5.29,4.67,69363.08,7006.62,2723.25,13112.31,2218.93,34998.59,1325.58,129.18,91.85,4884.89,185.78,698.87,150.17,2407.47,94.80,275.43,63.21,209.14,85.46,100.49,43.46,169.99,29.60,5138.84,471.00,4.58,0.63,91.64,10.23,10.33,2.96,0.00,0.00,29.31,3.50,15.95,4.99,2.27,5.77,1.52,22.96,69.67,9.66,6.00,5.30
44.80,44.8,26/11/2025 11:16:21,3.772,24.334,,16.0,874893.0,561585.0,967337.09,3160.51,1590.62,6283.00,1075.28,14911.98,571.76,77.27,51.25,1978.65,74.96,486.21,114.13,1682.62,66.89,87.60,27.88,100.91,47.21,63.47,28.60,35.01,6.90,3579.69,328.40,3.87,0.51,86.86,11.24,9.35,2.35,0.00,0.00,17.42,2.53,11.11,3.67,1.60,4.17,14.48,20.32,64.93,8.76,6.37,4.70,62915.56,5240.99,2637.68,11871.50,2031.70,31901.73,1223.18,177.05,117.44,4940.49,187.17,585.69,137.48,2354.33,93.59,146.16,46.51,180.14,84.27,92.77,41.81,50.30,9.92,5118.04,469.53,4.93,0.65,108.73,14.06,11.64,2.93,0.00,0.00,20.60,2.99,15.01,4.96,2.13,5.56,16.17,22.69,69.95,9.43,7.22,5.33
44.90,44.9,26/11/2025 11:16:54,2.429,24.930,,16.0,875313.0,558742.0,963647.95,2582.66,1601.81,6936.90,1175.26,18061.06,676.09,117.09,71.90,1967.72,74.96,895.16,160.90,1797.87,68.69,125.64,33.44,82.03,47.78,57.73,28.10,85.81,15.45,3401.77,310.69,4.03,0.52,104.70,15.45,10.27,2.36,0.00,0.00,19.38,2.70,9.67,3.68,1.91,4.27,18.57,20.73,66.12,8.95,5.96,4.69,70517.46,4282.76,2656.24,13107.01,2220.62,38638.66,1446.38,268.30,164.75,4913.21,187.17,1078.31,193.82,2515.59,96.12,209.64,55.79,146.44,85.30,84.38,41.07,123.30,22.21,4863.66,444.21,5.13,0.66,131.06,19.35,12.79,2.94,0.00,0.00,22.91,3.19,13.07,4.97,2.55,5.69,20.74,23.14,71.22,9.64,6.76,5.32
45.00,45.0,26/11/2025 11:17:37,2.927,24.932,,16.0,875881.0,554788.0,958512.26,3940.92,1683.78,7305.52,1232.00,20834.31,768.01,7.41,6.98,2162.02,80.07,824.90,153.22,2203.34,73.20,323.79,50.60,143.19,49.49,67.17,30.05,84.78,15.20,3351.10,305.16,3.95,0.52,109.04,16.28,10.95,2.48,0.00,0.00,28.64,3.21,13.48,3.80,0.98,4.35,0.00,0.00,67.65,9.20,4.62,4.86,80495.83,6535.13,2792.18,13803.51,2327.81,44571.56,1643.03,16.97,16.00,5398.37,199.92,993.68,184.57,3082.92,102.42,540.23,84.43,255.61,88.34,98.18,43.92,121.81,21.84,4791.22,436.30,5.02,0.66,136.49,20.38,13.63,3.09,0.00,0.00,33.87,3.80,18.20,5.13,1.30,5.80,0.00,0.00,72.87,9.91,5.25,5.52
45.10,45.1,26/11/2025 11:18:10,3.222,29.828,1181240.031,16.0,878486.0,555768.0,963949.41,2788.71,1665.83,6575.96,1122.36,17664.51,663.08,50.95,54.40,1955.30,74.73,807.12,149.83,2045.60,71.02,229.42,43.50,107.68,48.15,86.67,33.24,125.37,21.77,3397.61,310.24,3.71,0.50,94.30,12.79,8.97,2.37,0.00,0.00,24.99,2.97,10.35,3.69,1.14,4.25,0.00,0.00,66.23,8.94,6.00,4.68,69669.87,4624.46,2762.41,12425.04,2120.65,37790.29,1418.56,116.75,124.66,4882.19,186.59,972.26,180.48,2862.21,99.37,382.79,72.59,192.23,85.96,126.67,48.59,180.13,31.27,4857.71,443.57,4.72,0.64,118.04,16.01,11.16,2.95,0.00,0.00,29.56,3.52,13.97,4.99,1.52,5.67,0.00,0.00,71.35,9.63,6.81,5.31
45.20,45.2,26/11/2025 11:18:44,4.148,28.838,,16.0,875240.0,555007.0,963429.84,3941.82,1696.83,6389.43,1094.35,17613.27,661.43,43.41,53.39,1957.35,74.66,740.30,142.94,1919.92,70.07,232.70,43.42,134.28,48.26,103.92,36.65,70.54,12.83,3201.70,291.24,3.74,0.49,87.91,11.33,10.20,2.38,0.00,0.00,27.18,3.03,12.82,3.64,0.43,4.18,6.97,20.65,63.94,8.82,8.34,4.67,70577.27,6536.63,2813.82,12072.59,2067.74,37680.68,1415.02,99.47,122.33,4887.31,186.41,891.77,172.19,2686.36,98.04,388.27,72.44,239.72,86.15,151.88,53.57,101.35,18.44,4577.61,416.40,4.76,0.63,110.04,14.18,12.70,2.96,0.00,0.00,32.14,3.58,17.32,4.92,0.57,5.58,7.78,23.06,68.87,9.50,9.46,5.30
45.30,45.3,26/11/2025 11:19:17,3.460,27.447,,16.0,872770.0,553390.0,965682.36,3337.99,1606.85,6560.77,1117.07,16542.61,625.64,44.36,53.69,1724.03,68.16,588.91,125.64,1809.97,68.68,173.79,38.63,85.35,47.28,68.43,29.60,125.10,21.70,3029.61,274.98,3.64,0.49,109.21,16.96,9.22,2.31,0.00,0.00,24.59,2.92,14.35,3.64,0.82,4.12,0.00,0.00,59.65,8.54,5.24,4.58,66296.35,5535.31,2664.60,12396.32,2110.65,35390.18,1338.45,101.65,123.02,4304.74,170.19,709.40,151.34,2532.53,96.10,289.97,64.46,152.36,84.41,100.01,43.26,179.74,31.18,4331.57,393.15,4.63,0.62,136.71,21.23,11.48,2.88,0.00,0.00,29.07,3.45,19.39,4.91,1.09,5.49,0.00,0.00,64.25,9.20,5.95,5.19
45.40,45.4,26/11/2025 11:19:51,3.236,26.058,,16.0,872283.0,552185.0,965427.84,2509.78,1567.36,6793.63,1152.26,16977.83,639.69,14.32,12.97,1909.38,73.31,840.07,153.90,1848.00,68.86,204.45,41.30,75.71,47.23,88.98,33.54,75.17,13.64,3003.13,272.27,3.82,0.50,106.90,16.26,10.66,2.31,0.00,0.00,28.20,3.09,12.25,3.60,0.22,4.12,0.00,0.00,62.30,8.62,7.34,4.60,67003.15,4161.91,2599.11,12836.30,2177.15,36321.26,1368.51,32.82,29.71,4767.53,183.05,1011.96,185.38,2585.73,96.35,341.12,68.91,135.16,84.32,130.05,49.03,108.00,19.60,4293.71,389.28,4.87,0.63,133.81,20.35,13.27,2.88,0.00,0.00,33.35,3.65,16.55,4.87,0.29,5.49,0.00,0.00,67.12,9.29,8.33,5.22
45.50,45.5,26/11/2025 11:20:34,4.140,24.270,,16.0,871527.0,550856.0,962612.96,2257.45,1620.64,7102.44,1200.37,19553.48,725.01,40.13,53.94,1927.86,73.91,853.57,155.84,1934.72,70.31,243.46,44.14,123.63,48.19,74.59,30.92,48.90,9.28,3019.36,273.54,3.36,0.48,80.20,9.60,9.20,2.36,0.00,0.00,24.61,2.95,14.07,3.68,0.99,4.19,7.47,20.73,62.85,8.75,4.69,4.62,73005.67,3743.48,2687.46,13419.79,2268.05,41831.44,1551.04,91.95,123.59,4813.68,184.56,1028.21,187.73,2707.08,98.38,406.22,73.64,220.71,86.02,109.01,45.20,70.27,13.34,4316.92,391.09,4.27,0.61,100.40,12.02,11.45,2.94,0.00,0.00,29.11,3.49,19.00,4.98,1.31,5.59,8.34,23.14,67.71,9.42,5.32,5.24
45.60,45.6,26/11/2025 11:21:07,4.336,14.084,1181249.030,16.0,868464.0,555857.0,963197.95,3128.05,1540.36,6976.69,1178.03,18432.05,687.71,26.12,21.65,2029.72,76.59,857.94,156.77,1723.68,68.43,200.32,40.81,120.94,48.05,81.40,32.17,36.65,7.18,2948.64,266.89,3.63,0.49,113.28,17.94,10.77,2.37,0.00,0.00,23.26,2.89,14.68,3.67,0.80,4.19,6.58,20.66,60.65,8.68,6.20,4.70,71600.32,5187.18,2554.34,13182.20,2225.85,39432.32,1471.25,59.85,49.62,5068.01,191.25,1033.48,188.84,2411.78,95.74,334.23,68.10,215.91,85.78,118.97,47.01,52.66,10.31,4215.81,381.59,4.62,0.63,141.80,22.46,13.40,2.94,0.00,0.00,27.50,3.42,19.83,4.96,1.07,5.58,7.35,23.06,65.34,9.35,7.03,5.34
45.70,45.7,26/11/2025 11:21:41,3.950,12.961,,16.0,871985.0,558276.0,964112.09,3475.78,1601.48,6519.94,1111.49,17733.89,664.99,22.49,53.11,2038.92,76.87,521.40,118.81,1885.29,69.14,141.30,34.89,137.96,48.05,74.74,30.84,50.31,9.57,3077.16,279.39,3.78,0.49,86.30,11.04,8.98,2.31,0.00,0.00,22.24,2.81,10.22,3.58,0.18,4.20,13.67,20.49,59.04,8.59,4.32,4.61,69741.46,5763.80,2655.70,12319.19,2100.13,37938.72,1422.64,51.52,121.70,5090.99,191.93,628.08,143.12,2637.91,96.74,235.77,58.21,246.28,85.78,109.23,45.07,72.29,13.75,4399.55,399.45,4.81,0.62,108.03,13.82,11.18,2.87,0.00,0.00,26.30,3.33,13.80,4.83,0.24,5.61,15.27,22.88,63.59,9.25,4.91,5.23
45.80,45.8,26/11/2025 11:22:14,4.417,12.693,,16.0,870023.0,563068.0,966734.35,2609.03,1635.89,6300.99,1080.11,16302.26,617.33,66.31,45.40,1781.03,69.33,616.62,127.95,1807.59,68.06,127.38,33.26,133.51,47.54,58.21,27.77,117.64,20.44,3101.29,281.86,3.82,0.50,109.99,17.19,8.60,2.30,0.00,0.00,23.19,2.83,9.46,3.61,2.26,4.20,19.46,20.29,61.64,8.63,5.37,4.61,64408.66,4326.49,2712.75,11905.49,2040.83,34875.99,1320.67,151.94,104.04,4447.06,173.11,742.79,154.13,2529.20,95.23,212.53,55.49,238.33,84.86,85.08,40.59,169.02,29.36,4434.05,402.99,4.87,0.64,137.68,21.52,10.70,2.87,0.00,0.00,27.43,3.34,12.78,4.87,3.01,5.61,21.73,22.66,66.40,9.30,6.09,5.23
45.90,45.9,26/11/2025 11:22:47,3.791,12.165,,16.0,873170.0,565818.0,966722.42,3537.89,1632.99,6712.73,1139.98,15182.99,580.73,78.12,51.64,1830.82,70.63,533.73,119.37,1701.35,67.12,139.92,34.66,119.90,47.30,67.35,29.26,23.18,4.71,3137.36,285.54,3.62,0.48,85.81,11.06,9.07,2.32,0.00,0.00,16.23,2.43,8.93,3.56,1.17,4.20,15.98,20.29,66.29,8.83,5.15,4.48,64121.67,5866.79,2707.95,12683.45,2153.94,32481.50,1242.38,178.99,118.33,4571.38,176.35,642.93,143.79,2380.54,93.92,233.46,57.83,214.05,84.43,98.43,42.77,33.31,6.76,4485.63,408.26,4.60,0.62,107.42,13.84,11.29,2.89,0.00,0.00,19.19,2.87,12.07,4.81,1.57,5.60,17.84,22.65,71.40,9.51,5.85,5.08
46.00,46.0,26/11/2025 11:23:31,3.226,12.894,,16.0,873328.0,568166.0,964452.80,3743.33,1697.73,6358.07,1089.68,17045.84,642.56,46.53,53.69,2203.88,81.54,520.34,119.09,1739.82,67.82,181.39,39.26,129.82,48.16,73.70,30.74,37.47,7.38,3246.20,295.83,3.69,0.49,110.74,17.25,9.15,2.34,0.00,0.00,17.45,2.53,7.33,3.66,2.71,4.30,3.16,20.64,61.94,8.81,4.63,4.65,68959.79,6207.47,2815.30,12013.33,2058.91,36466.75,1374.64,106.61,123.02,5502.88,203.59,626.80,143.46,2434.37,94.89,302.66,65.50,231.76,85.97,107.72,44.92,53.84,10.61,4641.23,422.96,4.70,0.63,138.62,21.60,11.39,2.91,0.00,0.00,20.64,3.00,9.91,4.94,3.61,5.74,3.53,23.04,66.72,9.49,5.25,5.27
46.10,46.1,26/11/2025 11:24:05,3.423,11.838,1181250.017,15.9,874404.0,567404.0,966721.39,2680.06,1582.88,6608.31,1124.17,15954.28,605.79,95.62,60.32,1929.16,73.49,376.44,104.61,1843.75,68.28,160.58,36.77,115.93,47.32,67.54,29.42,28.82,5.78,3236.89,295.10,3.43,0.48,68.70,7.42,6.71,2.31,0.00,0.00,13.44,2.28,9.78,3.63,1.79,4.29,15.21,20.36,58.27,8.49,3.89,4.59,64588.58,4444.28,2624.85,12486.16,2124.08,34131.56,1296.00,219.10,138.22,4816.93,183.49,453.47,126.01,2579.79,95.54,267.93,61.36,206.96,84.48,98.71,43.00,41.41,8.30,4627.93,421.92,4.37,0.62,86.00,9.29,8.35,2.87,0.00,0.00,15.89,2.70,13.21,4.91,2.39,5.72,16.98,22.73,62.77,9.15,4.41,5.21
46.20,46.2,26/11/2025 11:24:38,3.667,12.300,,15.9,876130.0,569192.0,968559.52,2097.83,1626.85,6120.42,1053.25,15292.53,584.53,35.57,52.83,1976.63,74.96,595.27,125.72,1588.57,65.83,122.23,32.93,77.44,46.88,74.20,30.53,57.19,10.75,3183.49,290.14,3.56,0.48,102.64,15.30,8.80,2.34,0.00,0.00,15.56,2.38,7.96,3.55,2.88,4.21,10.00,20.35,62.49,8.66,5.24,4.53,61061.43,3478.79,2697.77,11564.31,1990.07,32715.85,1250.51,81.50,121.06,4935.46,187.17,717.07,151.44,2222.74,92.11,203.93,54.94,138.25,83.68,108.44,44.61,82.17,15.45,4551.58,414.82,4.53,0.61,128.48,19.16,10.95,2.91,0.00,0.00,18.40,2.81,10.75,4.79,3.83,5.61,11.16,22.72,67.31,9.33,5.94,5.14
46.30,46.3,26/11/2025 11:25:11,3.388,6.749,,15.9,873929.0,569655.0,966431.04,3596.74,1584.30,6119.59,1049.90,15698.97,597.48,93.50,59.75,2009.82,75.86,580.04,124.63,1682.82,67.19,55.45,21.67,115.05,47.67,60.62,28.28,53.26,10.10,3288.94,300.15,3.84,0.50,91.56,12.37,7.11,2.25,0.00,0.00,17.91,2.54,9.06,3.64,1.24,4.24,10.13,20.42,68.62,8.79,4.69,4.53,64817.73,5964.38,2627.20,11562.74,1983.74,33585.36,1278.21,214.25,136.90,5018.33,189.42,698.72,150.13,2354.62,94.02,92.51,36.16,205.38,85.11,88.60,41.34,76.52,14.51,4702.34,429.14,4.88,0.64,114.61,15.48,8.85,2.79,0.00,0.00,21.18,3.01,12.23,4.91,1.65,5.66,11.31,22.79,73.92,9.47,5.32,5.14
46.40,46.4,26/11/2025 11:25:44,3.851,7.014,,15.9,877875.0,567519.0,967736.27,2765.08,1645.82,6086.15,1046.76,15270.32,583.48,5.87,5.62,1741.07,68.28,577.25,123.44,1722.65,67.33,174.40,38.41,140.37,47.74,88.23,33.21,110.86,19.40,3377.92,308.78,3.51,0.49,84.67,10.75,10.17,2.41,0.00,0.00,17.62,2.55,9.82,3.61,2.45,4.23,5.93,20.35,62.22,8.61,7.17,4.70,62121.21,4585.27,2729.22,11499.56,1977.80,32668.33,1248.26,13.45,12.87,4347.28,170.50,695.35,148.69,2410.35,94.20,290.98,64.08,250.58,85.22,128.95,48.54,159.28,27.88,4829.56,441.48,4.47,0.62,105.99,13.46,12.66,3.00,0.00,0.00,20.83,3.02,13.27,4.88,3.26,5.64,6.63,22.72,67.03,9.27,8.13,5.33
46.50,46.5,26/11/2025 11:26:28,1.128,13.032,,16.0,874674.0,563230.0,966829.78,2069.97,1590.55,6655.35,1130.75,16040.63,608.54,38.38,29.84,2124.03,78.79,551.14,121.65,1858.39,68.96,170.48,37.98,107.99,47.43,76.39,31.05,55.42,10.45,3222.30,293.66,3.54,0.48,75.53,8.76,7.97,2.31,0.00,0.00,22.99,2.82,11.43,3.66,2.13,4.24,10.45,20.46,60.72,8.66,5.01,4.54,64492.25,3432.58,2637.57,12575.04,2136.51,34316.27,1301.87,87.93,68.38,5303.50,196.74,663.91,146.54,2600.26,96.49,284.44,63.37,192.79,84.67,111.65,45.38,79.63,15.01,4607.07,419.86,4.50,0.62,94.54,10.96,9.93,2.88,0.00,0.00,27.19,3.33,15.43,4.94,2.83,5.66,11.66,22.84,65.41,9.33,5.69,5.15
46.60,46.6,26/11/2025 11:27:01,1.520,12.565,1181249.092,15.9,874387.0,567269.0,966329.82,2950.68,1607.23,6361.46,1087.36,15820.22,601.26,33.93,26.81,2210.33,81.41,758.10,144.41,1788.62,68.31,154.96,36.67,99.25,47.72,49.75,26.81,27.71,5.63,3202.31,291.76,3.76,0.49,92.27,12.51,8.46,2.29,0.00,0.00,20.04,2.67,10.60,3.66,1.48,4.28,7.62,20.63,62.67,8.70,5.95,4.61,65150.45,4893.04,2665.22,12019.75,2054.53,33844.75,1286.29,77.75,61.43,5518.99,203.28,913.21,173.96,2502.64,95.58,258.55,61.18,177.17,85.18,72.72,39.18,39.82,8.09,4578.48,417.14,4.78,0.63,115.50,15.67,10.53,2.85,0.00,0.00,23.70,3.16,14.32,4.95,1.97,5.71,8.51,23.03,67.51,9.38,6.74,5.23
46.70,46.7,26/11/2025 11:27:35,1.590,13.028,,15.9,876388.0,568084.0,964731.73,3839.86,1631.63,6699.73,1138.05,16399.78,621.04,45.29,34.07,2120.30,79.07,444.62,111.41,1732.45,67.52,120.47,32.63,154.92,48.40,61.82,28.52,158.96,27.34,3299.56,301.00,3.37,0.49,66.92,7.02,9.22,2.37,0.11,0.19,17.61,2.56,8.36,3.66,2.38,4.31,16.24,20.48,62.28,8.71,4.03,4.67,68207.25,6367.54,2705.68,12658.89,2150.30,35084.62,1328.61,103.78,78.07,5294.18,197.44,535.59,134.20,2424.05,94.47,201.01,54.45,276.56,86.39,90.35,41.68,228.41,39.29,4717.52,430.36,4.29,0.62,83.77,8.79,11.48,2.95,0.14,0.25,20.82,3.03,11.29,4.94,3.18,5.75,18.13,22.87,67.09,9.38,4.58,5.29
46.80,46.8,26/11/2025 11:28:08,0.898,13.297,,15.9,874085.0,567386.0,969579.73,1699.42,1592.55,5845.66,1010.29,15326.66,584.60,23.05,51.09,1654.63,65.82,567.58,121.89,1688.56,66.41,146.48,35.36,108.22,46.82,76.99,30.97,23.46,4.80,3078.06,280.06,3.93,0.49,65.72,6.95,8.61,2.31,0.00,0.00,19.37,2.63,9.15,3.56,2.66,4.19,3.94,20.17,63.78,8.62,4.34,4.60,59082.23,2818.11,2640.90,11045.15,1908.90,32788.85,1250.65,52.82,117.07,4131.45,164.35,683.71,146.83,2362.64,92.92,244.40,58.99,193.19,83.59,112.53,45.26,33.71,6.90,4400.83,400.42,5.00,0.63,82.27,8.70,10.71,2.87,0.00,0.00,22.90,3.12,12.36,4.81,3.55,5.59,4.40,22.53,68.71,9.28,4.92,5.21
46.90,46.9,26/11/2025 11:28:42,2.768,6.350,,16.0,873457.0,561578.0,965678.36,2288.53,1636.95,6404.87,1095.69,17373.11,653.10,76.15,51.02,2071.20,77.34,713.21,138.87,1756.81,68.10,176.66,38.88,94.81,47.72,70.87,30.19,81.52,14.72,3011.23,273.19,4.00,0.50,85.34,10.88,7.56,2.33,0.00,0.00,22.11,2.80,12.45,3.63,0.91,4.23,2.95,20.67,63.18,8.60,4.16,4.58,66958.63,3795.02,2714.51,12101.76,2070.27,37166.91,1397.19,174.49,116.92,5171.59,193.11,859.14,167.28,2458.15,95.29,294.75,64.88,169.26,85.19,103.59,44.12,117.13,21.15,4305.28,390.59,5.09,0.63,106.83,13.62,9.40,2.90,0.00,0.00,26.15,3.32,16.81,4.90,1.21,5.64,3.29,23.08,68.06,9.27,4.72,5.20
47.00,47.0,26/11/2025 11:29:26,3.698,6.681,,16.0,872586.0,561359.0,963071.07,3347.88,1665.14,6934.65,1174.13,18273.98,682.32,47.36,34.83,2179.35,80.36,669.98,134.19,1973.00,70.14,120.49,33.10,126.41,48.53,66.98,29.58,61.83,11.48,2915.27,263.70,4.01,0.49,86.84,11.13,9.41,2.35,0.00,0.00,19.54,2.67,12.25,3.68,0.61,4.23,7.29,20.74,64.64,8.77,7.15,4.73,71899.88,5551.71,2761.26,13102.76,2218.47,39094.16,1459.71,108.53,79.80,5441.62,200.65,807.06,161.65,2760.63,98.13,201.04,55.23,225.66,86.64,97.89,43.23,88.84,16.49,4168.09,377.02,5.11,0.63,108.71,13.94,11.72,2.92,0.00,0.00,23.11,3.16,16.54,4.97,0.81,5.64,8.14,23.16,69.64,9.44,8.11,5.36
47.10,47.1,26/11/2025 11:29:59,3.042,20.302,1181240.295,16.0,869606.0,563831.0,967898.32,2683.23,1579.81,5901.98,1016.18,15497.98,590.01,194.98,111.19,1867.06,71.46,541.98,118.98,1636.43,65.89,104.72,30.17,142.46,47.31,81.12,31.67,100.36,17.68,3148.01,286.55,3.38,0.48,72.45,8.19,10.10,2.35,0.00,0.00,16.69,2.47,10.26,3.63,1.80,4.20,18.57,20.09,60.86,8.52,7.26,4.50,62238.44,4449.53,2619.77,11151.58,1920.03,33155.37,1262.22,446.77,254.78,4661.87,178.43,652.88,143.33,2289.71,92.20,174.73,50.34,254.32,84.46,118.56,46.29,144.21,25.40,4500.85,409.70,4.30,0.61,90.69,10.25,12.58,2.92,0.00,0.00,19.74,2.92,13.86,4.90,2.40,5.60,20.73,22.43,65.56,9.18,8.24,5.11
47.20,47.2,26/11/2025 11:30:32,1.435,20.833,,16.0,870891.0,566888.0,970888.30,1500.25,1602.54,5674.37,984.87,14321.72,551.46,69.05,46.86,1780.89,69.23,409.50,105.73,1638.85,65.74,167.86,37.29,131.57,46.85,70.99,29.66,109.16,19.12,3042.07,276.63,3.52,0.48,83.20,10.61,9.35,2.33,0.00,0.00,17.19,2.48,9.76,3.56,1.97,4.17,6.27,20.03,60.00,8.54,4.17,4.44,56597.27,2487.83,2657.45,10721.51,1860.88,30638.96,1179.76,158.21,107.38,4446.70,172.87,493.29,127.36,2293.08,91.99,280.08,62.23,234.87,83.63,103.75,43.36,156.85,27.47,4349.38,395.51,4.48,0.61,104.15,13.28,11.63,2.90,0.00,0.00,20.33,2.93,13.18,4.80,2.63,5.56,7.00,22.36,64.63,9.20,4.74,5.04
47.30,47.3,26/11/2025 11:31:06,1.975,21.162,,16.0,870286.0,565720.0,966836.74,2793.36,1577.78,6771.15,1148.42,16094.94,610.22,97.83,61.26,1813.58,70.13,555.45,122.00,1602.15,66.10,62.53,23.12,132.06,47.49,67.31,29.23,44.82,8.58,2924.74,264.99,3.69,0.49,76.81,9.11,8.94,2.34,0.00,0.00,18.55,2.56,11.41,3.59,1.19,4.17,21.12,20.23,55.99,8.46,5.63,4.59,64447.49,4632.17,2616.40,12793.83,2169.90,34432.47,1305.46,224.17,140.37,4528.34,175.12,669.10,146.96,2241.73,92.49,104.33,38.58,235.75,84.78,98.38,42.73,64.39,12.33,4181.63,378.87,4.70,0.62,96.14,11.40,11.13,2.91,0.00,0.00,21.94,3.03,15.42,4.84,1.59,5.55,23.58,22.59,60.32,9.12,6.38,5.21
47.40,47.4,26/11/2025 11:31:39,4.878,20.700,,16.0,869285.0,565309.0,969106.82,3198.79,1649.33,6047.99,1039.91,14195.00,547.59,62.26,43.53,2033.63,76.28,297.66,96.08,1586.40,65.17,100.60,29.50,144.69,47.09,60.97,28.01,52.31,9.93,2910.01,263.86,3.49,0.48,78.87,9.64,7.24,2.21,0.00,0.00,13.31,2.20,11.11,3.59,1.60,4.13,16.07,20.00,65.48,8.48,5.69,4.49,59889.50,5304.48,2735.05,11427.45,1964.86,30367.87,1171.48,142.66,99.74,5077.79,190.47,358.56,115.74,2219.70,91.18,167.85,49.22,258.31,84.06,89.11,40.94,75.16,14.27,4160.57,377.26,4.44,0.61,98.73,12.07,9.02,2.75,0.00,0.00,15.74,2.61,15.01,4.85,2.13,5.50,17.94,22.33,70.53,9.13,6.45,5.10
47.50,47.5,26/11/2025 11:32:23,3.080,19.447,,16.0,871941.0,563628.0,966356.59,2758.98,1635.11,6656.29,1132.65,16737.92,631.90,37.95,53.47,1798.95,70.28,552.30,121.27,1573.10,66.13,152.05,36.16,121.77,47.71,58.83,28.03,73.26,22.32,2944.44,266.95,3.32,0.47,56.72,5.33,7.40,2.28,0.00,0.00,14.73,2.35,13.44,3.59,0.61,4.21,12.71,20.47,62.22,8.65,6.40,4.55,65486.58,4575.15,2711.46,12576.82,2140.10,35808.02,1351.85,86.96,122.52,4491.80,175.48,665.31,146.08,2201.09,92.52,253.70,60.33,217.39,85.17,85.98,40.97,105.26,32.07,4209.80,381.67,4.22,0.60,71.00,6.67,9.22,2.84,0.00,0.00,17.42,2.78,18.16,4.85,0.81,5.62,14.19,22.85,67.03,9.32,7.26,5.16
47.60,47.6,26/11/2025 11:32:57,5.847,12.302,1181243.142,15.9,877720.0,570206.0,967697.28,2370.13,1550.99,6402.31,1092.51,15877.51,603.19,90.92,58.32,1870.78,71.92,546.11,120.31,1566.40,65.89,124.01,33.32,89.01,47.35,54.07,27.25,30.79,6.19,3108.01,282.91,3.99,0.50,69.37,7.60,9.56,2.33,0.10,0.19,15.32,2.39,5.69,3.56,2.05,4.22,3.13,20.50,58.54,8.40,4.92,4.60,62860.97,3930.34,2571.97,12096.92,2064.26,33967.31,1290.42,208.34,133.63,4671.15,179.57,657.85,144.93,2191.71,92.20,206.91,55.60,158.90,84.53,79.02,39.82,44.24,8.89,4443.66,404.49,5.07,0.64,86.84,9.52,11.90,2.90,0.14,0.24,18.12,2.83,7.69,4.81,2.73,5.63,3.50,22.89,63.06,9.05,5.58,5.22
47.70,47.7,26/11/2025 11:33:31,4.584,18.382,,15.9,876509.0,570271.0,968856.94,2851.20,1626.65,5789.31,1001.64,14382.80,553.47,88.44,56.65,2119.47,78.47,513.54,116.93,1532.02,65.40,143.70,35.41,106.00,47.07,76.43,30.90,10.42,2.23,3343.22,305.67,3.67,0.49,66.28,7.01,10.04,2.34,0.00,0.00,16.23,2.44,12.07,3.65,2.24,4.24,10.16,20.29,59.44,8.60,6.39,4.65,60250.22,4728.07,2697.44,10938.68,1892.56,30769.63,1184.05,202.64,129.81,5292.12,195.92,618.61,140.85,2143.61,91.50,239.76,59.08,189.23,84.03,111.71,45.17,14.97,3.20,4779.95,437.03,4.67,0.62,82.97,8.78,12.50,2.91,0.00,0.00,19.19,2.88,16.30,4.93,2.99,5.66,11.35,22.65,64.02,9.27,7.25,5.28
47.80,47.8,26/11/2025 11:34:04,4.281,17.923,,15.9,879351.0,570117.0,967168.49,2141.80,1607.65,6428.19,1097.25,15955.87,606.25,45.29,53.40,1963.29,74.40,572.53,123.96,1730.38,67.78,155.39,36.96,76.71,47.42,89.65,33.67,65.31,12.12,3417.22,312.61,3.73,0.50,89.00,11.73,6.41,2.30,0.00,0.00,15.07,2.40,7.20,3.67,3.28,4.28,1.74,20.61,58.80,8.61,4.66,4.64,63682.66,3551.70,2665.93,12145.83,2073.21,34134.96,1296.97,103.77,122.35,4902.15,185.76,689.67,149.33,2421.16,94.83,259.26,61.67,136.95,84.64,131.03,49.21,93.84,17.41,4885.74,446.95,4.74,0.64,111.40,14.68,7.98,2.87,0.00,0.00,17.82,2.83,9.72,4.95,4.37,5.70,1.94,23.02,63.34,9.28,5.29,5.26
47.90,47.9,26/11/2025 11:34:37,3.985,17.524,,15.9,878326.0,571236.0,966492.39,2745.07,1637.92,6419.24,1096.19,16189.28,613.67,68.99,47.07,1940.55,74.07,567.83,123.12,1618.11,66.69,129.31,34.02,82.07,47.32,91.91,34.06,79.22,14.36,3375.08,308.48,3.81,0.49,85.36,10.88,8.31,2.29,0.00,0.00,13.94,2.34,7.02,3.68,2.35,4.29,9.05,20.51,65.59,8.76,5.52,4.69,64940.90,4552.08,2716.13,12128.92,2071.21,34634.28,1312.84,158.07,107.85,4845.37,184.96,684.01,148.31,2264.07,93.31,215.76,56.76,146.51,84.48,134.33,49.78,113.83,20.63,4825.50,441.05,4.85,0.63,106.86,13.61,10.34,2.85,0.00,0.00,16.48,2.76,9.48,4.98,3.13,5.72,10.11,22.90,70.65,9.43,6.26,5.32
48.00,48.0,26/11/2025 11:35:21,5.425,11.770,,15.9,877628.0,572093.0,966441.81,3667.64,1661.66,6547.04,1115.88,15329.02,585.63,54.77,39.46,2112.69,78.68,513.14,117.78,1606.86,66.49,108.50,31.19,110.17,47.65,82.37,32.23,71.54,13.21,3170.87,288.84,3.90,0.50,72.61,8.20,8.75,2.30,0.00,0.00,13.60,2.31,7.25,3.63,0.73,4.28,10.48,20.48,62.63,8.65,3.61,4.68,64864.71,6081.96,2755.49,12370.40,2108.41,32793.92,1252.85,125.50,90.41,5275.19,196.45,618.13,141.88,2248.33,93.03,181.04,52.05,196.68,85.07,120.40,47.10,102.79,18.98,4533.53,412.97,4.96,0.64,90.89,10.26,10.89,2.87,0.00,0.00,16.09,2.73,9.80,4.91,0.97,5.71,11.70,22.87,67.47,9.32,4.09,5.31
48.10,48.1,26/11/2025 11:35:55,5.662,10.782,1181246.050,15.9,877276.0,570886.0,966623.37,3050.92,1608.75,6523.81,1111.02,15573.08,593.30,76.87,50.96,1999.17,75.56,497.98,116.21,1741.29,67.68,129.98,33.89,112.03,47.67,66.43,29.29,93.58,16.72,3312.01,302.39,4.20,0.51,75.30,8.71,9.66,2.33,0.00,0.00,20.82,2.72,10.42,3.73,0.64,4.27,11.06,20.49,62.52,8.74,4.87,4.59,64526.07,5059.26,2667.76,12326.50,2099.24,33316.03,1269.26,176.13,116.77,4991.73,188.67,599.86,139.99,2436.42,94.70,216.87,56.55,199.99,85.10,97.10,42.81,134.46,24.03,4735.32,432.35,5.35,0.65,94.26,10.90,12.03,2.90,0.00,0.00,24.62,3.21,14.07,5.03,0.85,5.69,12.35,22.88,67.35,9.41,5.52,5.21
48.20,48.2,26/11/2025 11:36:28,4.860,12.433,,15.9,879780.0,569917.0,967669.64,3400.91,1665.84,6194.80,1064.32,14771.17,567.07,24.11,20.05,2004.24,75.68,336.58,101.50,1641.22,66.54,148.34,36.00,105.98,47.48,67.45,29.43,141.39,24.58,3297.48,301.18,3.49,0.48,87.68,11.49,7.78,2.27,0.00,0.00,13.45,2.27,11.65,3.73,1.36,4.26,6.67,20.46,61.01,8.68,3.63,4.60,62394.01,5639.64,2762.43,11704.83,2010.99,31600.47,1213.16,55.24,45.95,5004.39,188.96,405.45,122.27,2296.41,93.10,247.50,60.07,189.19,84.76,98.59,43.01,203.16,35.31,4714.54,430.61,4.44,0.62,109.75,14.38,9.68,2.83,0.00,0.00,15.90,2.68,15.74,5.03,1.81,5.69,7.45,22.85,65.72,9.35,4.12,5.22
48.30,48.3,26/11/2025 11:37:02,3.662,13.294,,15.9,879829.0,571095.0,969418.27,2830.47,1537.16,5984.74,1029.80,13634.73,529.53,74.54,49.98,2273.73,82.88,473.12,113.16,1618.77,66.14,184.12,39.28,74.93,46.76,74.73,30.63,92.42,16.57,3090.12,281.25,3.72,0.49,72.41,8.25,8.59,2.33,0.00,0.00,14.45,2.33,6.77,3.54,1.80,4.19,3.02,20.37,60.12,8.51,4.41,4.51,59162.82,4693.69,2549.04,11307.94,1945.76,29169.26,1132.85,170.79,114.53,5677.29,206.95,569.93,136.32,2264.99,92.54,307.21,65.53,133.77,83.47,109.22,44.77,132.80,23.80,4418.08,402.12,4.74,0.62,90.64,10.32,10.70,2.90,0.00,0.00,17.09,2.75,9.14,4.78,2.40,5.59,3.37,22.75,64.76,9.17,5.01,5.11
48.40,48.4,26/11/2025 11:37:35,2.603,11.307,,15.9,877487.0,571306.0,967417.21,3567.19,1665.74,6398.41,1094.30,14888.50,571.14,27.78,22.76,1916.80,73.13,635.96,130.92,1555.19,66.00,151.57,36.53,94.31,47.40,55.47,27.49,35.87,7.10,3065.68,278.71,3.86,0.49,82.62,10.38,9.57,2.38,0.15,0.19,11.53,2.13,11.57,3.65,2.01,4.24,1.59,20.52,60.81,8.49,6.35,4.62,62812.13,5915.39,2762.26,12089.56,2067.64,31851.49,1221.86,63.65,52.15,4786.06,182.59,766.09,157.71,2176.03,92.34,252.89,60.95,168.36,84.62,81.07,40.18,51.54,10.20,4383.14,398.49,4.91,0.63,103.42,13.00,11.91,2.96,0.19,0.25,13.63,2.51,15.63,4.92,2.68,5.65,1.78,22.91,65.51,9.15,7.20,5.24
48.50,48.5,26/11/2025 11:38:19,2.798,5.291,,15.9,878185.0,573354.0,971112.56,1925.84,1633.78,6326.16,1083.43,13290.71,517.80,34.80,51.57,1898.97,72.83,459.62,110.90,1584.00,65.40,148.48,35.92,82.58,46.64,69.35,29.51,67.18,12.48,2794.50,253.00,3.88,0.49,97.91,14.32,8.64,2.26,0.00,0.00,15.29,2.34,7.74,3.49,0.70,4.15,3.30,20.25,61.79,8.43,6.01,4.55,56004.42,3193.57,2709.26,11953.04,2047.09,28433.28,1107.74,79.73,118.17,4741.55,181.85,553.67,133.59,2216.35,91.51,247.74,59.94,147.41,83.27,101.36,43.13,96.52,17.93,3995.42,361.73,4.94,0.63,122.57,17.93,10.76,2.81,0.00,0.00,18.08,2.76,10.45,4.72,0.93,5.54,3.69,22.61,66.56,9.09,6.82,5.17
48.60,48.6,26/11/2025 11:38:52,2.163,7.078,1181243.140,15.9,878310.0,573319.0,971006.71,3310.89,1635.98,6130.64,1053.51,12599.05,495.63,68.42,46.76,1665.85,66.36,451.03,110.04,1492.68,64.50,90.98,28.34,92.92,46.44,61.88,28.17,99.37,17.72,2736.27,247.49,4.08,0.49,78.09,9.59,7.93,2.19,0.00,0.00,14.20,2.27,5.52,3.54,0.94,4.13,16.68,20.07,61.11,8.39,4.75,4.38,55666.92,5490.37,2712.91,11583.62,1990.56,26953.58,1060.33,156.77,107.13,4159.48,165.68,543.32,132.55,2088.56,90.25,151.79,47.28,165.88,82.91,90.44,41.17,142.78,25.46,3912.17,353.84,5.19,0.63,97.76,12.00,9.87,2.73,0.00,0.00,16.79,2.69,7.45,4.78,1.25,5.51,18.63,22.41,65.83,9.04,5.39,4.97
48.70,48.7,26/11/2025 11:39:26,2.352,9.523,,15.9,879754.0,576794.0,970731.66,3030.02,1633.02,6112.12,1051.01,12708.34,499.42,49.45,53.07,1870.17,71.93,472.01,112.33,1579.27,65.16,110.52,31.26,93.12,46.59,92.34,33.85,45.28,8.74,2886.97,261.87,4.15,0.50,105.45,16.33,9.21,2.28,0.00,0.00,12.50,2.18,7.65,3.56,3.49,4.22,11.72,20.13,60.44,8.52,4.10,4.56,56261.55,5024.61,2707.99,11548.63,1985.85,27187.40,1068.43,113.31,121.61,4669.63,179.61,568.59,135.32,2209.73,91.18,184.41,52.16,166.24,83.18,134.96,49.48,65.07,12.55,4127.62,374.40,5.28,0.63,132.00,20.45,11.47,2.84,0.00,0.00,14.78,2.58,10.33,4.81,4.65,5.62,13.09,22.47,65.11,9.18,4.66,5.17
48.80,48.8,26/11/2025 11:40:00,4.888,7.935,,15.9,878413.0,578222.0,972187.85,2176.62,1593.78,5927.01,1022.30,12432.98,489.19,93.70,59.06,1961.57,74.32,419.58,107.22,1459.50,64.09,97.58,29.51,85.97,46.43,64.62,28.65,0.96,0.22,2885.25,261.93,3.50,0.46,104.35,16.14,8.87,2.21,0.00,0.00,9.75,1.95,7.97,3.54,2.97,4.17,4.72,20.11,60.85,8.44,3.81,4.51,53851.56,3609.44,2642.92,11198.87,1931.60,26598.31,1046.54,214.70,135.32,4897.86,185.57,505.43,129.16,2042.15,89.68,162.81,49.23,153.47,82.89,94.45,41.87,1.39,0.31,4125.17,374.49,4.45,0.59,130.62,20.20,11.04,2.76,0.00,0.00,11.53,2.31,10.77,4.78,3.96,5.56,5.28,22.46,65.55,9.09,4.32,5.12
48.90,48.9,26/11/2025 11:40:33,5.554,14.156,,15.9,878663.0,579013.0,970951.31,3341.55,1620.46,5904.76,1019.28,12577.41,494.72,113.30,69.54,1879.37,72.27,411.45,106.21,1481.95,64.18,44.50,18.87,111.42,46.91,68.46,29.28,51.67,9.86,2868.49,260.16,3.48,0.48,84.77,11.08,10.22,2.27,0.00,0.00,14.67,2.34,5.67,3.50,2.36,4.22,9.64,20.10,58.20,8.43,5.35,4.45,55906.34,5541.22,2687.16,11156.82,1925.90,26907.29,1058.37,259.61,159.33,4692.61,180.46,495.64,127.95,2073.55,89.80,74.25,31.48,198.91,83.74,100.06,42.80,74.24,14.16,4101.20,371.97,4.43,0.61,106.11,13.87,12.72,2.83,0.00,0.00,17.35,2.76,7.66,4.73,3.14,5.62,10.76,22.44,62.69,9.08,6.07,5.05
49.00,49.0,26/11/2025 11:41:17,4.682,13.892,,15.9,878806.0,584112.0,971106.66,3516.09,1679.28,5844.50,1012.33,12531.08,493.25,50.27,52.75,1794.79,69.67,404.17,105.47,1465.36,64.17,67.60,24.24,106.05,46.67,75.99,30.58,7.21,1.56,2825.99,256.12,3.95,0.50,103.56,15.91,7.61,2.22,0.00,0.00,8.08,1.78,6.65,3.54,1.47,4.21,11.06,20.04,58.92,8.46,2.94,4.44,55523.36,5830.65,2784.72,11042.97,1912.76,26808.17,1055.23,115.19,120.87,4481.41,173.97,486.87,127.05,2050.34,89.79,112.79,40.45,189.33,83.31,111.07,44.69,10.36,2.24,4040.44,366.18,5.03,0.63,129.63,19.92,9.47,2.77,0.00,0.00,9.56,2.11,8.99,4.78,1.96,5.61,12.34,22.37,63.47,9.12,3.33,5.04
49.10,49.1,26/11/2025 11:41:50,1.087,7.665,1181248.831,15.9,878538.0,587440.0,971504.62,3014.49,1660.89,5669.55,986.60,12328.93,486.47,35.31,51.74,1967.60,74.59,492.99,113.60,1422.92,63.59,73.77,25.36,127.87,46.75,75.26,30.39,46.28,8.92,3039.47,276.64,3.87,0.49,98.78,14.54,6.46,2.11,0.00,0.00,6.98,1.64,3.55,3.54,1.29,4.30,19.66,19.94,57.32,8.32,3.03,4.48,54777.64,4998.86,2754.21,10712.40,1864.14,26375.70,1040.72,80.92,118.55,4912.91,186.24,593.86,136.84,1990.96,88.98,123.08,42.31,228.27,83.45,109.99,44.42,66.49,12.81,4345.67,395.52,4.93,0.63,123.65,18.20,8.04,2.63,0.00,0.00,8.25,1.94,4.79,4.79,1.71,5.73,21.96,22.26,61.75,8.97,3.44,5.09
49.20,49.2,26/11/2025 11:42:23,3.475,3.503,,15.8,877339.0,589829.0,972589.14,2678.99,1636.14,6042.90,1041.16,12064.67,477.40,43.97,52.30,1710.18,67.46,300.21,95.47,1344.06,62.61,55.56,21.62,105.28,46.40,66.93,28.89,24.72,5.07,2793.23,253.12,3.70,0.48,82.06,10.56,7.55,2.22,0.00,0.00,4.78,1.38,3.24,3.54,2.81,4.23,9.20,19.93,63.68,8.44,3.13,4.35,52904.49,4442.50,2713.16,11417.83,1967.22,25810.38,1021.31,100.75,119.83,4270.15,168.43,361.63,115.01,1880.61,87.60,92.69,36.07,187.95,82.84,97.82,42.22,35.52,7.28,3993.61,361.90,4.71,0.62,102.72,13.22,9.40,2.77,0.00,0.00,5.65,1.63,4.38,4.79,3.75,5.64,10.28,22.25,68.60,9.09,3.55,4.93
49.30,49.3,26/11/2025 11:42:57,4.087,8.528,,15.8,883032.0,591401.0,970783.45,4042.47,1681.49,5614.04,978.08,12276.55,485.06,38.93,30.13,1842.78,71.48,373.84,103.28,1376.72,63.69,64.40,23.86,93.43,46.88,68.36,29.33,10.52,2.26,3223.10,294.44,4.19,0.51,96.09,13.81,9.52,2.32,0.00,0.00,4.21,1.40,5.26,3.57,2.18,4.33,5.11,20.21,59.56,8.53,5.29,4.57,55867.58,6703.54,2788.38,10607.53,1848.04,26263.65,1037.72,89.20,69.04,4601.23,178.47,450.33,124.41,1926.32,89.12,107.45,39.81,166.80,83.70,99.91,42.87,15.12,3.25,4608.20,420.98,5.33,0.65,120.28,17.29,11.85,2.89,0.00,0.00,4.97,1.66,7.10,4.82,2.91,5.77,5.71,22.57,64.16,9.18,6.00,5.18
49.40,49.4,26/11/2025 11:43:30,4.258,1.053,,15.9,878502.0,587345.0,972479.14,2703.95,1674.86,5634.45,981.27,12112.67,479.01,7.32,6.87,1755.01,68.72,383.99,103.05,1354.95,63.14,74.78,25.69,78.82,46.00,79.21,31.08,7.25,1.56,3140.05,286.38,3.99,0.50,90.87,12.57,9.77,2.25,0.00,0.00,6.32,1.55,2.99,3.52,1.96,4.24,9.63,19.92,58.66,8.36,4.24,4.48,52905.29,4483.90,2777.37,10646.08,1854.08,25913.05,1024.75,16.77,15.75,4382.10,171.59,462.56,124.14,1895.85,88.34,124.76,42.86,140.71,82.12,115.77,45.42,10.42,2.24,4489.46,409.44,5.07,0.64,113.75,15.74,12.16,2.80,0.00,0.00,7.47,1.83,4.03,4.76,2.61,5.66,10.75,22.24,63.18,9.01,4.81,5.08
49.50,49.5,26/11/2025 11:44:13,4.332,7.600,,15.9,876494.0,588488.0,973529.06,2102.94,1633.84,6077.21,1046.61,11626.99,462.81,40.02,51.70,1785.09,69.36,331.88,97.86,1350.15,62.46,40.01,17.46,90.63,46.06,56.92,27.22,70.30,21.64,2720.02,246.19,3.38,0.47,76.73,9.40,10.45,2.32,0.00,0.00,6.82,1.62,2.69,3.48,2.77,4.19,9.34,19.89,62.39,8.39,4.20,4.42,51194.60,3487.26,2709.36,11482.66,1977.53,24874.03,990.10,91.70,118.46,4457.19,173.18,399.79,117.88,1889.14,87.40,66.75,29.14,161.79,82.23,83.20,39.79,101.02,31.09,3888.93,351.99,4.30,0.60,96.05,11.77,13.01,2.88,0.00,0.00,8.06,1.92,3.63,4.70,3.69,5.59,10.43,22.21,67.20,9.04,4.77,5.01
49.60,49.6,26/11/2025 11:44:47,6.139,12.239,1181244.198,15.9,874633.0,587877.0,971390.12,3501.19,1651.14,5943.58,1024.73,12303.96,485.06,38.63,51.46,1914.28,73.06,325.93,98.16,1445.39,63.86,58.19,22.11,123.37,46.78,57.60,27.38,91.61,22.64,2641.74,238.51,4.18,0.50,69.43,7.81,7.47,2.20,0.00,0.00,4.33,1.41,2.70,3.52,2.18,4.24,11.64,19.98,59.56,8.40,2.93,4.30,55145.53,5805.94,2738.05,11230.18,1936.19,26322.29,1037.70,88.52,117.92,4779.78,182.42,392.61,118.25,2022.40,89.36,97.08,36.89,220.24,83.52,84.18,40.02,131.63,32.53,3777.02,341.01,5.32,0.64,86.91,9.78,9.30,2.74,0.00,0.00,5.12,1.67,3.64,4.75,2.90,5.65,13.00,22.31,64.16,9.05,3.32,4.88
49.70,49.7,26/11/2025 11:45:20,4.182,11.376,,15.9,878295.0,586560.0,969968.64,4142.57,1680.71,6161.04,1057.67,12510.72,491.95,103.11,63.80,1903.68,72.80,417.80,106.79,1441.77,63.92,25.40,15.14,117.45,46.89,72.59,29.99,50.41,9.60,2866.45,259.78,4.04,0.50,101.56,15.29,10.65,2.34,0.09,0.19,7.12,1.67,5.77,3.57,2.95,4.31,21.57,20.06,60.31,8.49,4.29,4.52,57574.00,6869.52,2787.08,11641.06,1998.43,26764.63,1052.44,236.27,146.19,4753.32,181.77,503.28,128.64,2017.33,89.44,42.38,25.26,209.67,83.71,106.09,43.83,72.43,13.80,4098.30,371.42,5.15,0.63,127.14,19.13,13.26,2.91,0.12,0.25,8.42,1.98,7.79,4.83,3.94,5.75,24.08,22.39,64.97,9.15,4.87,5.13
49.80,49.8,26/11/2025 11:45:54,4.147,11.905,,15.9,874826.0,585284.0,971502.63,2418.62,1612.90,6062.31,1043.37,12882.22,504.37,92.01,58.50,2009.73,75.63,400.26,105.12,1409.70,63.69,91.35,28.36,103.75,46.65,61.43,28.04,1.37,0.30,2769.11,250.63,3.90,0.48,93.73,13.32,7.66,2.23,0.00,0.00,9.38,1.90,4.94,3.50,1.97,4.25,13.12,20.07,56.17,8.40,4.66,4.39,55329.30,4010.73,2674.63,11454.50,1971.40,27559.37,1079.02,210.83,134.04,5018.10,188.84,482.15,126.63,1972.46,89.11,152.43,47.32,185.21,83.27,89.78,40.98,1.97,0.44,3959.11,358.33,4.97,0.62,117.32,16.67,9.54,2.78,0.00,0.00,11.10,2.24,6.67,4.72,2.63,5.67,14.65,22.40,60.51,9.05,5.29,4.99
49.90,49.9,26/11/2025 11:46:27,4.463,5.291,,15.3,995621.0,649270.0,955157.30,4680.56,1955.24,9253.60,1542.37,19034.91,717.24,82.06,59.68,3827.08,128.40,658.29,144.32,2130.09,78.55,174.00,43.36,124.77,55.36,88.01,35.91,97.80,18.80,4533.49,420.99,4.66,0.59,37.31,2.54,8.77,2.64,0.00,0.00,12.45,2.44,6.63,4.37,3.84,5.36,4.79,23.80,76.50,10.15,3.08,5.23,86932.89,7761.66,3242.32,17484.33,2914.24,40722.05,1534.42,188.04,136.75,9555.84,320.60,792.98,173.85,2980.43,109.91,290.32,72.35,222.74,98.82,128.63,52.49,140.53,27.02,6481.73,601.91,5.93,0.75,46.71,3.17,10.92,3.29,0.00,0.00,14.73,2.89,8.95,5.91,5.13,7.15,5.35,26.57,82.41,10.93,3.50,5.93
50.00,50.0,26/11/2025 11:47:11,4.314,12.040,,15.3,980409.0,645146.0,958480.78,4580.67,1940.33,8975.56,1499.83,17820.19,676.08,36.56,60.23,3366.07,116.14,593.63,135.83,1889.59,74.94,97.85,32.64,149.56,53.94,58.89,30.41,1.41,0.33,3795.58,349.58,4.18,0.56,26.82,1.58,8.85,2.56,0.00,0.00,11.71,2.30,4.24,4.13,4.23,5.14,24.28,23.00,63.91,9.43,5.42,5.13,80648.22,7596.01,3217.59,16958.99,2833.87,38123.36,1446.37,83.78,138.01,8404.77,290.00,715.09,163.62,2643.93,104.86,163.26,54.47,266.99,96.30,86.07,44.44,2.02,0.48,5426.71,499.81,5.32,0.71,33.58,1.98,11.02,3.19,0.00,0.00,13.85,2.72,5.73,5.58,5.64,6.85,27.10,25.68,68.85,10.16,6.15,5.83
50.10,50.1,26/11/2025 11:47:45,3.364,5.626,1181249.488,15.4,969878.0,638176.0,959052.18,5114.28,1930.99,9026.01,1504.88,17351.65,659.48,91.97,63.62,3194.86,111.27,413.71,118.18,1882.48,74.42,142.17,38.48,142.33,53.43,62.59,30.82,68.39,13.57,3321.51,303.76,4.15,0.54,21.50,1.18,7.12,2.47,0.00,0.00,11.51,2.28,6.00,4.07,3.15,4.98,13.08,22.85,66.41,9.30,2.93,4.92,79562.93,8480.89,3202.11,17054.30,2843.42,37120.99,1410.85,210.74,145.78,7977.26,277.83,498.36,142.35,2633.98,104.13,237.22,64.21,254.09,95.39,91.47,45.05,98.27,19.50,4748.91,434.31,5.29,0.69,26.92,1.47,8.87,3.07,0.00,0.00,13.61,2.70,8.10,5.50,4.20,6.63,14.61,25.51,71.54,10.02,3.32,5.59
50.20,50.2,26/11/2025 11:48:18,3.905,0.997,,15.4,967759.0,634273.0,957745.65,6181.61,1947.09,9465.97,1571.10,17255.88,656.99,37.47,59.69,3004.06,106.18,537.12,129.38,1887.36,74.31,88.12,31.08,105.14,53.28,74.02,32.70,100.92,19.05,3375.10,308.82,4.29,0.55,29.40,1.81,7.94,2.47,0.00,0.00,9.52,2.11,7.91,4.12,3.45,4.97,7.29,22.95,65.73,9.37,6.06,5.02,81504.97,10250.81,3228.80,17885.59,2968.54,36916.10,1405.53,85.86,136.77,7500.85,265.12,647.02,155.86,2640.81,103.98,147.03,51.86,187.69,95.12,108.18,47.80,145.00,27.37,4825.53,441.53,5.46,0.70,36.80,2.27,9.88,3.07,0.00,0.00,11.26,2.50,10.68,5.56,4.61,6.63,8.13,25.63,70.80,10.09,6.88,5.69
50.30,50.3,26/11/2025 11:48:52,3.910,1.389,,15.4,960303.0,631040.0,960850.93,5391.64,1960.12,8254.05,1387.45,16463.20,629.11,91.34,62.80,2959.90,104.71,592.66,133.29,1796.04,72.50,59.53,24.63,107.84,52.41,78.03,33.06,84.85,16.23,3112.72,283.72,4.42,0.56,41.06,3.06,8.21,2.46,0.00,0.00,10.53,2.15,7.45,4.04,2.30,4.88,14.04,22.54,63.46,9.16,5.79,4.98,75745.31,8940.83,3250.42,15595.71,2621.53,35220.30,1345.88,209.30,143.91,7390.58,261.45,713.92,160.56,2513.03,101.45,99.32,41.09,192.52,93.55,114.04,48.32,121.92,23.33,4450.40,405.64,5.63,0.71,51.40,3.84,10.22,3.06,0.00,0.00,12.46,2.54,10.06,5.45,3.07,6.50,15.67,25.16,68.36,9.87,6.57,5.64
50.40,50.4,26/11/2025 11:49:25,4.227,-0.460,,15.4,961071.0,633665.0,960742.60,6098.07,2004.56,8727.21,1460.77,16147.58,619.98,19.35,18.46,2779.53,100.27,455.85,120.63,1709.79,72.22,56.97,24.07,97.81,52.21,79.06,33.28,95.90,25.14,2838.36,257.56,4.70,0.55,39.87,2.94,9.67,2.50,0.00,0.00,11.56,2.26,4.38,3.94,2.43,4.83,10.90,22.52,62.58,9.11,5.82,4.93,75831.21,10112.28,3324.11,16489.74,2760.07,34545.09,1326.35,44.33,42.30,6940.23,250.37,549.12,145.31,2392.35,101.05,95.05,40.16,174.61,93.21,115.55,48.64,137.80,36.12,4058.13,368.24,5.98,0.70,49.91,3.68,12.04,3.11,0.00,0.00,13.67,2.67,5.91,5.32,3.24,6.44,12.17,25.15,67.42,9.81,6.60,5.59
50.50,50.5,26/11/2025 11:50:09,4.106,-0.594,,15.5,955115.0,630600.0,961747.17,5723.04,1911.31,8228.50,1381.52,15859.53,609.14,45.56,36.90,2810.39,100.26,522.12,125.55,1682.21,71.14,52.29,22.57,89.46,51.51,91.06,35.24,103.35,19.19,2889.17,262.25,4.40,0.55,35.54,2.45,8.18,2.47,0.00,0.00,7.32,1.77,6.46,3.93,2.54,4.82,23.46,22.27,63.98,8.98,4.27,4.85,73911.35,9490.39,3169.48,15547.45,2610.32,33928.84,1303.15,104.39,84.56,7017.28,250.34,628.94,151.24,2353.76,99.54,87.25,37.66,159.70,91.96,133.09,51.50,148.50,27.57,4130.77,374.95,5.61,0.70,44.49,3.07,10.18,3.07,0.00,0.00,8.65,2.10,8.72,5.31,3.38,6.43,26.20,24.86,68.92,9.67,4.84,5.51
50.60,50.6,26/11/2025 11:50:42,5.138,10.178,1181241.557,15.5,938262.0,623052.0,964676.08,4158.34,1850.08,7944.84,1337.23,15134.82,583.96,17.27,16.29,2713.06,96.74,471.74,118.72,1685.76,70.08,55.36,22.90,85.23,50.30,67.68,30.69,62.37,12.22,2756.58,249.66,4.31,0.53,60.35,5.96,8.73,2.44,0.00,0.00,7.44,1.81,3.44,3.83,2.87,4.65,13.11,21.78,66.74,9.03,3.86,4.76,68600.78,6895.67,3067.94,15011.48,2526.65,32378.45,1249.29,39.58,37.32,6774.26,241.56,568.26,143.01,2358.73,98.06,92.37,38.21,152.15,89.80,98.92,44.86,89.62,17.56,3941.21,356.95,5.49,0.68,75.55,7.46,10.87,3.04,0.00,0.00,8.80,2.14,4.65,5.18,3.83,6.21,14.64,24.32,71.89,9.72,4.38,5.40
50.70,50.7,26/11/2025 11:51:16,4.850,9.851,,15.7,910509.0,607589.0,968638.55,3958.71,1778.22,6930.75,1180.03,13232.67,518.65,55.25,40.61,2225.84,82.69,413.60,109.71,1517.98,66.54,55.16,22.38,69.00,48.39,87.42,33.52,89.81,23.27,2531.31,228.14,3.80,0.50,98.39,14.45,10.01,2.34,0.00,0.00,7.99,1.80,3.13,3.63,2.34,4.39,6.68,21.00,58.49,8.52,3.10,4.57,60598.05,6564.64,2948.78,13095.40,2229.63,28309.12,1109.57,126.61,93.06,5557.71,206.47,498.23,132.16,2123.97,93.11,92.03,37.35,123.17,86.38,127.76,49.00,129.04,33.43,3619.12,326.18,4.83,0.64,123.17,18.09,12.46,2.92,0.00,0.00,9.45,2.13,4.23,4.90,3.12,5.85,7.46,23.44,63.01,9.18,3.52,5.19
50.80,50.8,26/11/2025 11:51:49,4.713,10.708,,15.7,903101.0,605127.0,968971.65,4451.87,1783.79,6705.79,1145.51,12960.93,509.44,196.64,113.85,2079.36,78.45,393.29,107.01,1455.96,65.39,60.32,23.55,119.43,48.70,48.37,26.74,43.50,8.64,2345.48,210.42,3.91,0.50,77.40,9.48,7.74,2.31,0.00,0.00,6.96,1.66,4.21,3.63,2.28,4.34,2.41,20.84,59.03,8.50,3.49,4.47,59933.15,7382.43,2958.01,12670.34,2164.40,27727.76,1089.87,450.57,260.87,5191.96,195.88,473.76,128.91,2037.19,91.49,100.64,39.29,213.20,86.94,70.69,39.09,62.51,12.42,3353.43,300.85,4.98,0.64,96.89,11.87,9.63,2.87,0.00,0.00,8.23,1.97,5.68,4.90,3.04,5.79,2.69,23.27,63.59,9.15,3.96,5.07
50.90,50.9,26/11/2025 11:52:23,5.275,9.253,,15.7,896921.0,600393.0,968902.56,5441.58,1752.78,6781.65,1153.96,12604.06,497.32,14.41,13.25,2317.91,85.01,279.85,96.88,1471.06,65.23,19.79,15.64,49.23,47.73,46.82,26.48,12.95,2.80,1892.77,167.86,3.70,0.48,63.30,6.72,9.17,2.34,0.00,0.00,4.99,1.40,1.87,3.51,3.37,4.27,17.64,20.80,57.32,8.22,4.01,4.44,60126.03,9023.64,2906.59,12813.67,2180.37,26964.31,1063.94,33.01,30.36,5787.59,212.25,337.11,116.70,2058.31,91.27,33.02,26.10,87.88,85.20,68.43,38.70,18.60,4.03,2706.18,240.00,4.70,0.61,79.24,8.41,11.42,2.91,0.00,0.00,5.90,1.66,2.52,4.74,4.50,5.70,19.69,23.23,61.75,8.86,4.55,5.04
51.00,51.0,26/11/2025 11:53:07,4.199,6.677,,15.8,892292.0,597942.0,970595.10,4247.90,1727.12,6445.77,1103.57,12208.03,483.53,127.59,77.27,2067.81,77.60,343.59,101.82,1406.78,64.26,18.37,15.34,120.07,47.70,69.76,29.74,70.83,13.20,2110.54,188.20,3.49,0.47,74.35,8.91,8.45,2.26,0.00,0.00,4.22,1.37,3.27,3.54,2.65,4.25,14.33,20.36,55.14,8.21,1.95,4.41,56842.90,7044.19,2864.04,12179.05,2085.16,26117.07,1034.43,292.35,177.04,5163.12,193.77,413.89,122.65,1968.38,89.91,30.65,25.59,214.35,85.16,101.96,43.46,101.77,18.96,3017.53,269.08,4.44,0.59,93.07,11.15,10.52,2.81,0.00,0.00,4.99,1.62,4.42,4.78,3.54,5.67,16.00,22.74,59.39,8.84,2.21,5.01
51.10,51.1,26/11/2025 11:53:40,3.913,7.208,1181248.695,15.8,893545.0,595563.0,971254.38,3689.19,1719.16,5981.51,1034.46,12429.53,490.73,6.44,51.76,2059.88,77.72,361.04,103.10,1426.39,64.61,67.66,24.67,95.95,47.34,46.66,26.17,52.98,10.26,2334.80,209.44,3.72,0.49,88.41,12.11,9.71,2.30,0.00,0.00,7.97,1.75,5.13,3.54,3.31,4.25,10.47,20.43,59.77,8.36,5.10,4.38,55596.05,6117.70,2850.85,11301.84,1954.58,26590.94,1049.83,14.75,118.61,5143.33,194.06,434.91,124.20,1995.81,90.40,112.89,41.16,171.29,84.50,68.20,38.25,76.12,14.74,3338.16,299.44,4.74,0.62,110.67,15.16,12.09,2.86,0.00,0.00,9.43,2.07,6.93,4.78,4.41,5.67,11.69,22.81,64.39,9.01,5.78,4.97
51.20,51.2,26/11/2025 11:54:13,3.940,6.816,,15.8,889739.0,592570.0,972079.12,2678.93,1675.15,6381.69,1094.18,12441.63,490.93,44.10,53.12,1811.74,70.88,309.85,97.76,1413.00,63.76,99.19,30.09,76.98,46.90,60.75,28.24,88.66,22.65,2352.27,211.13,3.51,0.47,63.66,6.76,8.70,2.29,0.00,0.00,8.20,1.75,3.27,3.52,1.21,4.20,5.94,20.39,61.96,8.46,5.65,4.46,54165.02,4442.40,2777.85,12057.96,2067.42,26616.81,1050.26,101.05,121.72,4523.73,176.98,373.25,117.76,1977.08,89.22,165.50,50.21,137.43,83.73,88.80,41.27,127.38,32.55,3363.14,301.86,4.47,0.60,79.68,8.47,10.83,2.85,0.00,0.00,9.70,2.08,4.42,4.75,1.62,5.60,6.63,22.76,66.74,9.11,6.41,5.06
51.30,51.3,26/11/2025 11:54:47,3.759,7.538,,15.2,1012491.0,663635.0,954849.86,5173.45,2059.40,9643.40,1605.85,19351.38,729.40,13.01,13.57,3849.91,130.07,593.21,142.49,2027.29,78.67,160.54,42.36,106.08,55.59,81.87,35.04,118.12,22.44,3897.91,359.45,4.93,0.61,6.37,0.30,9.94,2.65,0.00,0.00,12.25,2.46,6.00,4.44,2.39,5.40,14.23,24.01,72.63,9.88,5.23,5.38,87864.86,8579.01,3415.06,18220.84,3034.20,41399.09,1560.43,29.81,31.09,9612.85,324.78,714.58,171.64,2836.59,110.07,267.85,70.67,189.36,99.24,119.66,51.21,169.72,32.24,5573.02,513.92,6.27,0.77,7.97,0.37,12.38,3.30,0.00,0.00,14.49,2.91,8.11,6.00,3.19,7.20,15.89,26.81,78.23,10.65,5.93,6.10
51.40,51.4,26/11/2025 11:55:20,3.579,7.675,,15.2,997417.0,654994.0,956673.53,4679.85,1998.10,9442.34,1572.07,18761.74,707.86,186.34,114.20,3694.35,125.75,693.39,150.87,1982.14,77.10,91.96,32.66,95.36,55.06,63.64,31.87,106.51,20.42,3412.46,312.60,4.52,0.57,6.28,0.29,8.02,2.50,0.00,0.00,10.28,2.23,6.66,4.29,1.55,5.22,7.92,23.80,66.79,9.69,4.35,5.17,84580.40,7760.48,3313.40,17840.95,2970.37,40137.64,1514.34,426.96,261.68,9224.44,313.98,835.26,181.74,2773.42,107.88,153.44,54.49,170.24,98.28,93.02,46.58,153.04,29.34,4878.94,446.94,5.75,0.73,7.86,0.37,9.98,3.11,0.00,0.00,12.16,2.63,9.00,5.80,2.07,6.97,8.84,26.58,71.95,10.44,4.94,5.87
51.50,51.5,26/11/2025 11:56:04,4.475,6.485,,15.3,994611.0,651506.0,957124.13,4689.41,1974.94,9335.63,1554.90,18717.30,706.08,123.51,81.19,3566.58,121.99,595.07,140.55,1910.03,76.20,119.76,36.49,67.41,53.88,85.95,35.25,138.87,25.57,3394.38,310.75,4.42,0.57,11.26,0.54,7.60,2.55,0.00,0.00,9.96,2.15,7.61,4.28,2.04,5.22,16.27,23.44,67.92,9.74,4.90,5.23,83685.23,7776.34,3275.00,17639.32,2937.93,40042.58,1510.54,283.02,186.03,8905.40,304.59,716.82,169.31,2672.52,106.62,199.82,60.89,120.34,96.19,125.62,51.52,199.53,36.74,4853.09,444.29,5.62,0.72,14.09,0.67,9.46,3.17,0.00,0.00,11.78,2.55,10.27,5.78,2.72,6.96,18.16,26.17,73.17,10.49,5.56,5.93
51.60,51.6,26/11/2025 11:56:38,4.344,13.221,1181240.762,15.3,992904.0,652392.0,955325.45,7016.04,2038.72,9575.20,1591.65,18245.32,691.56,148.24,94.41,3415.62,118.05,544.99,136.13,1864.14,76.12,97.38,33.39,110.65,55.02,74.06,33.37,95.24,18.38,3350.34,306.53,4.54,0.58,20.91,1.13,9.83,2.57,0.00,0.00,9.47,2.12,4.03,4.28,3.77,5.22,6.85,23.69,72.15,9.72,5.77,5.21,86445.33,11634.53,3380.76,18091.98,3007.37,39032.86,1479.48,339.67,216.32,8528.46,294.76,656.50,163.99,2608.31,106.51,162.48,55.72,197.54,98.23,108.25,48.77,136.84,26.41,4790.13,438.26,5.78,0.73,26.17,1.41,12.24,3.20,0.00,0.00,11.20,2.51,5.44,5.78,5.02,6.96,7.65,26.45,77.72,10.47,6.54,5.91
51.70,51.7,26/11/2025 11:57:12,4.301,7.868,,15.3,990920.0,652621.0,956675.50,5783.53,1958.54,9537.52,1583.66,18276.58,691.33,50.64,41.35,3507.49,120.54,516.50,133.44,1878.95,76.27,88.17,31.50,98.40,54.26,76.38,33.56,54.75,11.25,3318.27,303.45,4.51,0.58,9.56,0.45,8.22,2.58,0.00,0.00,13.20,2.50,4.70,4.18,4.44,5.19,17.22,23.44,71.68,9.70,3.80,5.17,84250.22,9590.69,3247.81,18020.78,2992.28,39099.72,1478.99,116.03,94.75,8757.87,300.97,622.17,160.74,2629.04,106.72,147.12,52.56,175.66,96.87,111.63,49.06,78.67,16.17,4744.27,433.86,5.74,0.73,11.97,0.56,10.24,3.21,0.00,0.00,15.61,2.95,6.35,5.65,5.92,6.93,19.22,26.17,77.21,10.45,4.31,5.86
51.80,51.8,26/11/2025 11:57:46,4.465,14.747,,15.3,988191.0,651977.0,957318.19,5318.57,1956.28,9411.69,1565.09,17706.78,672.63,143.41,91.28,3844.86,129.06,630.70,143.06,1914.89,75.75,105.76,34.66,110.24,54.38,85.58,35.20,93.59,18.04,3191.85,291.29,5.09,0.59,6.22,0.29,10.22,2.58,0.00,0.00,7.34,1.87,6.87,4.25,2.74,5.11,10.42,23.42,69.36,9.59,5.63,5.13,83189.03,8819.66,3244.05,17783.04,2957.18,37880.74,1438.99,328.61,209.16,9600.26,322.25,759.74,172.34,2679.32,106.00,176.46,57.82,196.80,97.07,125.08,51.44,134.47,25.93,4563.53,416.47,6.47,0.75,7.79,0.36,12.72,3.21,0.00,0.00,8.68,2.21,9.27,5.74,3.65,6.82,11.63,26.15,74.72,10.33,6.38,5.82
51.90,51.9,26/11/2025 11:58:20,4.603,14.679,,15.3,985938.0,649448.0,960643.88,4163.81,1962.69,8839.67,1479.70,16967.94,648.23,70.23,53.27,3450.98,118.82,487.69,129.10,1879.82,74.87,100.66,33.19,126.45,53.54,104.53,38.51,94.07,17.98,2955.84,268.82,4.39,0.56,6.19,0.29,7.57,2.46,0.00,0.00,9.08,2.05,5.03,4.13,3.77,5.06,9.42,22.96,65.42,9.24,3.55,4.92,76940.58,6904.74,3254.68,16702.23,2795.84,36300.11,1386.77,160.93,122.06,8616.78,296.67,587.47,155.51,2630.26,104.75,167.96,55.38,225.74,95.58,152.78,56.29,135.16,25.83,4226.09,384.35,5.59,0.71,7.75,0.36,9.42,3.06,0.00,0.00,10.74,2.42,6.79,5.58,5.03,6.74,10.51,25.64,70.47,9.96,4.03,5.58
52.00,52.0,26/11/2025 11:59:03,4.862,14.877,,15.3,978726.0,640805.0,960168.11,5231.84,1983.27,8455.15,1420.59,17052.67,650.38,79.62,57.97,3490.33,119.80,554.30,135.40,1827.51,74.14,126.84,37.12,85.62,53.16,64.21,31.24,83.23,16.23,2665.57,241.16,4.61,0.55,6.22,0.28,9.90,2.43,0.00,0.00,9.32,2.05,6.16,3.98,4.40,4.92,5.07,23.06,64.60,9.18,4.73,4.91,77775.90,8675.83,3288.81,15975.68,2684.16,36481.38,1391.39,182.43,132.82,8715.01,299.14,667.71,163.10,2557.06,103.73,211.63,61.94,152.84,94.90,93.84,45.66,119.59,23.32,3811.08,344.79,5.86,0.71,7.78,0.35,12.32,3.02,0.00,0.00,11.03,2.42,8.32,5.38,5.87,6.55,5.66,25.75,69.58,9.89,5.37,5.58
52.10,52.1,26/11/2025 11:59:37,4.282,11.838,1181241.420,15.3,981680.0,644101.0,958701.02,5130.28,1952.95,8634.70,1447.37,18303.75,691.61,75.29,55.34,3145.16,110.62,638.31,143.48,1843.52,74.49,120.38,36.37,94.33,53.53,68.82,32.05,149.67,27.33,2979.25,270.94,4.95,0.57,6.22,0.29,7.39,2.45,0.00,0.00,7.51,1.85,5.47,4.12,2.12,5.05,8.55,23.17,68.48,9.47,4.84,4.99,80429.89,8507.41,3238.52,16314.94,2734.75,39157.85,1479.59,172.51,126.81,7853.15,276.20,768.91,172.84,2579.46,104.22,200.86,60.69,168.40,95.55,100.59,46.85,215.05,39.28,4259.57,387.37,6.30,0.73,7.79,0.36,9.19,3.05,0.00,0.00,8.88,2.19,7.39,5.56,2.83,6.73,9.54,25.87,73.77,10.20,5.49,5.66
52.20,52.2,26/11/2025 12:00:10,4.382,11.113,,15.3,985331.0,646004.0,957138.74,5715.18,1991.55,8909.25,1489.34,18475.05,697.66,125.18,81.45,3179.84,111.24,608.12,141.07,1890.81,75.92,85.36,30.70,123.48,54.05,105.92,39.01,184.74,33.27,3321.53,303.59,4.50,0.57,13.97,0.68,10.62,2.54,0.00,0.00,5.75,1.62,4.81,4.17,3.77,5.08,13.87,23.19,73.03,9.62,6.48,5.14,83128.44,9477.34,3302.55,16833.70,2814.05,39524.32,1492.53,286.84,186.64,7939.76,277.75,732.55,169.94,2645.64,106.23,142.43,51.23,220.43,96.50,154.80,57.01,265.44,47.80,4748.93,434.06,5.72,0.72,17.49,0.85,13.22,3.16,0.00,0.00,6.80,1.92,6.50,5.64,5.03,6.78,15.49,25.89,78.67,10.36,7.35,5.84
52.30,52.3,26/11/2025 12:00:44,3.975,14.417,,15.3,986002.0,646656.0,958207.01,4711.56,2021.61,8793.27,1473.66,18628.22,702.96,46.03,38.42,3295.23,114.46,532.34,133.24,1870.90,75.12,77.72,29.15,111.58,53.67,94.79,36.62,203.52,36.53,3299.11,301.53,4.61,0.58,8.54,0.40,9.31,2.49,0.00,0.00,7.49,1.83,3.32,4.17,6.33,5.17,20.41,23.07,64.23,9.49,4.47,5.04,81495.70,7813.07,3352.39,16614.55,2784.43,39852.00,1503.87,105.48,88.02,8227.86,285.80,641.26,160.50,2617.78,105.11,129.68,48.63,199.19,95.80,138.54,53.52,292.42,52.49,4716.89,431.12,5.87,0.73,10.69,0.50,11.58,3.10,0.00,0.00,8.86,2.17,4.48,5.64,8.44,6.90,22.79,25.75,69.19,10.22,5.07,5.71
52.40,52.4,26/11/2025 12:01:18,3.990,7.940,,15.3,984241.0,647336.0,956447.87,6097.32,2027.91,9176.29,1530.47,18564.99,700.80,12.01,12.12,3592.01,122.38,574.72,138.36,1853.65,75.39,115.84,35.82,88.19,53.80,97.37,37.31,156.46,28.43,3102.55,282.60,4.68,0.56,6.29,0.29,9.23,2.56,0.00,0.00,6.01,1.67,4.10,4.22,3.06,5.13,14.63,23.30,69.19,9.50,3.53,5.06,84739.02,10111.04,3362.84,17338.26,2891.77,39716.73,1499.24,27.53,27.76,8968.91,305.58,692.31,166.67,2593.63,105.49,193.28,59.77,157.44,96.05,142.31,54.54,224.81,40.85,4435.85,404.05,5.96,0.71,7.87,0.36,11.49,3.18,0.00,0.00,7.11,1.98,5.53,5.70,4.09,6.84,16.34,26.02,74.53,10.24,4.00,5.75
52.50,52.5,26/11/2025 12:02:02,3.461,13.755,,15.3,983623.0,648553.0,957429.64,5817.54,2002.54,9432.88,1568.68,18078.71,684.80,46.64,38.87,3495.45,119.81,512.55,132.19,1853.48,74.86,102.46,33.78,106.02,53.89,77.31,33.54,121.82,22.70,2822.12,255.86,4.70,0.57,5.99,0.28,8.62,2.51,0.00,0.00,6.34,1.69,3.38,4.10,2.69,5.09,3.04,23.22,64.54,9.33,4.11,4.93,82992.62,9647.09,3320.76,17823.07,2963.97,38676.41,1465.02,106.87,89.06,8727.81,299.16,617.42,159.24,2593.40,104.74,170.95,56.36,189.26,96.20,112.99,49.02,175.04,32.61,4034.90,365.81,5.98,0.72,7.50,0.35,10.73,3.12,0.00,0.00,7.49,2.00,4.57,5.54,3.58,6.78,3.40,25.93,69.52,10.05,4.67,5.59
52.60,52.6,26/11/2025 12:02:35,3.553,11.044,1181243.806,15.3,984145.0,649216.0,956547.11,6561.49,2044.63,8902.85,1489.00,18308.50,692.55,37.26,32.57,3778.57,127.41,689.27,149.18,1871.82,75.48,59.29,25.04,135.16,54.41,80.59,34.11,177.08,31.86,2726.67,246.61,4.31,0.55,6.28,0.29,8.32,2.51,0.00,0.00,4.98,1.56,2.24,4.14,4.06,5.11,20.61,23.23,69.28,9.45,4.24,4.97,84591.23,10880.77,3390.55,16821.60,2813.42,39168.02,1481.59,85.39,74.64,9434.74,318.12,830.30,179.70,2619.06,105.61,98.93,41.78,241.28,97.13,117.79,49.85,254.44,45.78,3898.43,352.59,5.49,0.70,7.86,0.36,10.36,3.13,0.00,0.00,5.89,1.85,3.02,5.59,5.41,6.82,23.01,25.94,74.63,10.18,4.81,5.64
52.70,52.7,26/11/2025 12:03:09,3.568,5.289,,15.3,987956.0,652117.0,954913.35,5924.85,2087.80,9789.76,1626.17,19364.51,728.26,144.57,92.76,4012.87,133.61,535.05,135.85,1851.38,76.07,125.98,37.56,144.24,55.23,89.42,36.02,111.05,20.93,2880.07,261.20,4.76,0.58,6.21,0.29,9.67,2.60,0.00,0.00,7.96,1.91,4.53,4.25,3.26,5.16,4.28,23.56,68.09,9.67,4.13,5.08,88339.88,9825.04,3462.15,18497.38,3072.59,41427.17,1557.99,331.27,212.55,10019.76,333.62,644.52,163.64,2590.46,106.44,210.19,62.66,257.49,98.59,130.69,52.64,159.56,30.08,4117.76,373.44,6.06,0.73,7.78,0.36,12.04,3.23,0.00,0.00,9.42,2.26,6.12,5.74,4.35,6.88,4.78,26.31,73.34,10.42,4.68,5.77
52.80,52.8,26/11/2025 12:03:43,3.739,11.307,,15.2,992613.0,656570.0,954301.83,6331.00,2076.03,9864.37,1637.53,19737.05,740.92,52.52,63.07,3531.74,121.33,518.51,133.93,1939.63,76.63,79.18,29.65,137.80,54.98,97.96,37.61,137.92,25.39,3137.90,285.94,4.69,0.58,6.23,0.29,7.72,2.56,0.00,0.00,7.00,1.84,4.63,4.26,3.77,5.29,24.38,23.49,68.47,9.80,5.71,5.20,88994.58,10498.54,3442.64,18638.37,3094.06,42224.15,1585.08,120.34,144.52,8818.40,302.95,624.59,161.33,2713.94,107.22,132.12,49.46,245.99,98.15,143.18,54.97,198.16,36.48,4486.40,408.82,5.97,0.74,7.79,0.37,9.61,3.19,0.00,0.00,8.28,2.17,6.26,5.76,5.03,7.05,27.23,26.23,73.76,10.55,6.47,5.90
52.90,52.9,26/11/2025 12:04:17,4.445,12.826,,15.2,1000564.0,661167.0,953462.82,6379.93,2062.63,10262.88,1698.76,19759.54,742.44,53.11,43.99,3816.28,129.39,568.70,140.06,1953.86,77.61,88.51,32.08,93.22,55.53,77.18,34.18,163.89,29.99,3199.86,291.91,4.32,0.57,6.45,0.30,9.99,2.69,0.06,0.21,8.06,1.99,4.22,4.31,2.89,5.32,4.21,24.01,75.96,9.84,4.06,5.23,90686.43,10579.69,3420.40,19391.32,3209.75,42272.28,1588.33,121.68,100.80,9528.88,323.07,685.05,168.72,2733.85,108.59,147.67,53.52,166.42,99.13,112.81,49.96,235.49,43.09,4574.98,417.35,5.50,0.72,8.08,0.37,12.43,3.35,0.08,0.28,9.53,2.35,5.70,5.82,3.86,7.09,4.70,26.80,81.83,10.60,4.61,5.93
53.00,53.0,26/11/2025 12:05:01,3.955,10.249,,15.2,1005359.0,662807.0,952383.74,6100.77,2110.63,10432.48,1725.21,20445.33,764.96,85.22,62.69,4184.66,139.06,662.01,148.92,2031.43,78.71,70.15,28.39,115.52,56.33,78.34,34.63,90.45,17.75,3195.97,291.56,5.34,0.62,6.52,0.30,9.06,2.63,0.00,0.00,5.48,1.68,7.71,4.42,3.64,5.38,13.83,24.22,67.42,9.72,4.93,5.40,93130.55,10116.77,3500.01,19711.78,3259.73,43739.41,1636.51,195.26,143.64,10448.70,347.22,797.46,179.39,2842.39,110.13,117.04,47.36,206.22,100.55,114.50,50.61,129.96,25.50,4569.42,416.86,6.80,0.78,8.16,0.38,11.28,3.28,0.00,0.00,6.48,1.99,10.41,5.97,4.86,7.18,15.44,27.04,72.62,10.47,5.59,6.12
53.10,53.1,26/11/2025 12:05:34,3.459,9.389,1181243.802,15.2,1001391.0,657003.0,950913.43,7093.89,2083.76,10544.20,1740.62,20824.28,777.42,77.53,58.38,3954.35,133.01,653.72,148.10,1963.75,78.38,112.50,36.27,117.34,56.20,92.47,37.10,100.44,19.33,3406.51,311.61,5.14,0.60,25.05,1.43,10.25,2.67,0.00,0.00,9.28,2.20,4.92,4.37,4.77,5.38,15.37,24.17,66.97,9.85,3.85,5.35,95538.43,11763.63,3455.45,19922.88,3288.84,44550.11,1663.16,177.65,133.77,9873.62,332.12,787.47,178.41,2747.69,109.68,187.71,60.52,209.47,100.33,135.15,54.22,144.31,27.78,4870.43,445.52,6.54,0.76,31.36,1.78,12.76,3.32,0.00,0.00,10.97,2.60,6.65,5.90,6.36,7.18,17.16,26.99,72.15,10.61,4.37,6.06
53.20,53.2,26/11/2025 12:06:08,2.775,12.961,,15.3,992487.0,653737.0,952990.75,6380.62,2055.28,10253.97,1696.01,20028.55,750.67,133.30,87.33,3571.37,122.12,679.12,147.97,2065.40,78.38,75.24,29.15,155.00,55.94,86.98,35.77,156.65,28.61,3273.11,298.78,4.85,0.60,19.67,1.04,9.02,2.64,0.00,0.00,12.34,2.47,7.81,4.39,2.78,5.29,23.89,23.79,63.90,9.73,5.67,5.39,91340.88,10580.83,3408.22,19374.50,3204.54,42847.78,1605.93,305.45,200.12,8917.37,304.93,818.07,178.25,2889.92,109.67,125.54,48.64,276.71,99.86,127.12,52.28,225.08,41.11,4679.70,427.18,6.17,0.76,24.62,1.30,11.23,3.29,0.00,0.00,14.60,2.92,10.55,5.93,3.71,7.05,26.67,26.56,68.83,10.48,6.43,6.12
53.30,53.3,26/11/2025 12:06:41,2.872,10.382,,15.3,988287.0,648817.0,951490.28,6486.00,2049.23,10694.55,1761.65,20848.94,776.92,104.01,71.60,3757.17,127.64,639.57,144.49,1954.05,77.67,139.74,39.44,90.56,55.11,85.37,35.52,113.84,21.34,3431.95,313.84,4.60,0.58,44.86,3.43,9.49,2.62,0.00,0.00,12.93,2.48,6.00,4.31,3.31,5.31,13.23,23.87,64.27,9.81,5.28,5.42,94471.15,10755.57,3398.19,20206.95,3328.57,44602.86,1662.10,238.32,164.06,9381.30,318.71,770.43,174.06,2734.13,108.67,233.16,65.80,161.66,98.39,124.78,51.91,163.57,30.66,4906.80,448.72,5.86,0.74,56.15,4.29,11.81,3.27,0.00,0.00,15.29,2.93,8.11,5.82,4.41,7.08,14.77,26.65,69.23,10.57,5.99,6.15
53.40,53.4,26/11/2025 12:07:15,2.896,11.047,,15.3,988381.0,642608.0,950067.56,5910.16,2037.75,10870.48,1789.17,22201.41,821.87,112.26,76.08,3699.92,125.88,698.62,150.36,2090.19,79.27,119.62,36.99,126.72,55.97,79.47,34.58,83.49,16.24,3734.61,342.88,4.44,0.59,75.54,8.23,11.55,2.76,0.00,0.00,16.63,2.80,12.06,4.40,2.58,5.35,13.02,24.00,64.21,9.84,5.46,5.37,97343.36,9800.68,3379.14,20539.36,3380.57,47496.25,1758.25,257.23,174.33,9238.35,314.30,841.56,181.13,2924.61,110.92,199.59,61.72,226.22,99.92,116.16,50.53,119.96,23.34,5339.53,490.23,5.65,0.75,94.56,10.31,14.38,3.44,0.00,0.00,19.67,3.31,16.28,5.94,3.44,7.13,14.53,26.80,69.16,10.60,6.20,6.09
53.50,53.5,26/11/2025 12:07:58,3.116,14.022,,15.4,977729.0,626875.0,950455.58,6974.71,2081.43,10013.31,1659.02,21680.35,804.45,41.15,35.55,3603.55,123.17,812.05,160.87,2132.05,78.77,196.66,45.32,174.85,56.18,70.06,32.83,104.43,19.72,3523.60,322.45,4.67,0.59,79.06,8.95,9.92,2.73,0.00,0.00,23.26,3.20,12.26,4.34,3.26,5.19,12.69,23.81,64.58,9.74,7.94,5.50,96109.66,11566.00,3451.58,18919.77,3134.66,46381.52,1720.99,94.30,81.45,8997.71,307.54,978.19,193.79,2983.18,110.22,328.13,75.62,312.14,100.28,102.40,47.98,150.05,28.33,5037.84,461.03,5.94,0.75,98.97,11.20,12.34,3.40,0.00,0.00,27.50,3.78,16.56,5.87,4.35,6.93,14.17,26.59,69.57,10.49,9.01,6.24
53.60,53.6,26/11/2025 12:08:32,2.399,7.273,1181251.076,15.6,955993.0,609951.0,957505.02,4805.21,1922.22,8727.48,1459.34,19126.99,717.57,86.97,61.17,2947.81,104.41,651.66,140.06,1993.14,75.14,192.14,43.32,123.99,52.68,79.80,33.50,96.11,18.02,3442.43,314.96,4.34,0.55,87.43,10.97,12.45,2.64,0.00,0.00,26.03,3.23,7.77,4.08,0.81,4.79,7.02,22.65,67.74,9.48,7.63,5.09,82491.90,7968.37,3187.56,16490.25,2757.37,40919.04,1535.12,199.28,140.17,7360.40,260.70,784.99,168.72,2788.82,105.13,320.58,72.28,221.34,94.05,116.64,48.97,138.09,25.89,4921.80,450.32,5.52,0.70,109.45,13.73,15.50,3.29,0.00,0.00,30.79,3.82,10.50,5.51,1.08,6.39,7.84,25.29,72.97,10.21,8.65,5.78
53.70,53.7,26/11/2025 12:09:05,1.674,1.787,,15.7,934723.0,582007.0,960733.76,4180.09,1872.84,8290.46,1389.99,17301.30,655.08,200.55,117.88,2603.28,94.23,473.38,119.56,1978.92,73.24,206.39,43.46,104.80,50.86,81.88,33.33,140.08,25.00,3482.14,318.83,3.89,0.53,80.66,9.60,9.82,2.48,0.00,0.00,28.57,3.30,10.85,3.91,2.87,4.49,9.85,22.00,70.45,9.30,6.01,5.04,76003.43,6931.75,3105.68,15664.52,2626.34,37013.27,1401.43,459.53,270.11,6500.15,235.28,570.23,144.02,2768.92,102.48,344.35,72.52,187.08,90.79,119.67,48.72,201.28,35.92,4978.57,455.85,4.96,0.67,100.96,12.01,12.23,3.09,0.00,0.00,33.78,3.90,14.65,5.28,3.82,5.99,11.00,24.57,75.89,10.02,6.82,5.72
53.80,53.8,26/11/2025 12:09:39,1.632,-0.990,,15.9,903237.0,567730.0,963188.03,5724.69,1839.15,8045.68,1348.57,15401.52,590.99,22.74,20.16,2209.40,82.54,554.42,124.48,1637.99,68.30,102.86,31.22,78.32,48.70,68.93,30.24,95.11,23.66,2632.06,237.12,3.59,0.49,101.56,14.96,10.36,2.42,0.00,0.00,26.89,3.06,12.76,3.68,2.59,4.23,11.24,21.13,62.90,8.85,6.38,4.68,70769.26,9493.11,3049.82,15202.00,2548.08,32949.01,1264.33,52.11,46.19,5516.65,206.08,667.86,149.95,2291.89,95.56,171.61,52.10,139.82,86.94,100.75,44.20,136.65,34.00,3763.16,339.02,4.57,0.62,127.13,18.72,12.90,3.01,0.00,0.00,31.79,3.62,17.23,4.98,3.45,5.64,12.55,23.59,67.75,9.53,7.24,5.31
53.90,53.9,26/11/2025 12:10:13,1.117,5.490,,15.8,903688.0,579555.0,964856.53,4847.69,1849.91,7434.11,1259.72,15424.90,592.57,11.62,11.24,2555.54,92.55,612.08,130.68,1625.73,67.91,118.98,33.40,111.61,48.95,63.63,29.34,63.87,12.09,2048.92,182.03,3.65,0.49,101.51,15.16,11.95,2.45,0.00,0.00,17.38,2.52,6.47,3.60,1.49,4.26,15.21,21.07,63.57,8.63,3.58,4.57,68283.23,8038.81,3067.66,14046.48,2380.19,32999.02,1267.71,26.62,25.76,6380.93,231.09,737.32,157.41,2274.73,95.02,198.51,55.73,199.24,87.39,93.00,42.89,91.77,17.37,2929.43,260.26,4.65,0.62,127.07,18.98,14.87,3.05,0.00,0.00,20.56,2.97,8.74,4.86,1.98,5.68,16.98,23.53,68.48,9.30,4.06,5.18
