Exported at 24/11/2025 08:35:50, , , , , , , , , , , , , , , , , , , , , , , , , , , , , , , , , , , , , , , , , , , , , , , , , , , , , , , , , , , , , , , , , , , , , , , , , , , , , , , , , , , , , , , , , , , , , , , , , , 
Core ID:,Archive TL09-A-40m, , , , , , , , , , , , , , , , , , , , , , , , , , , , , , , , , , , , , , , , , , , , , , , , , , , , , , , , , , , , , , , , , , , , , , , , , , , , , , , , , , , , , , , , , , , , , , , , , 
Comments:,, , , , , , , , , , , , , , , , , , , , , , , , , , , , , , , , , , , , , , , , , , , , , , , , , , , , , , , , , , , , , , , , , , , , , , , , , , , , , , , , , , , , , , , , , , , , , , , , , 
XRF Measurement Mode:,He - 15x1mm, , , , , , , , , , , , , , , , , , , , , , , , , , , , , , , , , , , , , , , , , , , , , , , , , , , , , , , , , , , , , , , , , , , , , , , , , , , , , , , , , , , , , , , , , , , , , , , , , 
Depth,Depth In Core,Time Stamp,Laser Profiler,Magnetic Susceptibility,Mag Sus in Air,XRF Total Live Time,XRF Total Counts,,XRF Elements(ppm), , , , , , , , , , , , , , , , , , , , , , , , , , , , , , , , , , , , , , , , , , , , ,XRF Oxides(ppm), , , , , , , , , , , , , , , , , , , , , , , , , , , , , , , , , , , , , , , , , , , , 
cm,cm,,mm,x10^-5 SI,x10^-5 SI,Seconds,Beam 1,Beam 2,LE (Value),Mg (Value),Mg (Error),Al (Value),Al (Error),Si (Value),Si (Error),P (Value),P (Error),S (Value),S (Error),K (Value),K (Error),Ca (Value),Ca (Error),Ti (Value),Ti (Error),V (Value),V (Error),Cr (Value),Cr (Error),Mn (Value),Mn (Error),Fe (Value),Fe (Error),Ni (Value),Ni (Error),Cu (Value),Cu (Error),Zn (Value),Zn (Error),As (Value),As (Error),Sr (Value),Sr (Error),Zr (Value),Zr (Error),Mo (Value),Mo (Error),Ba (Value),Ba (Error),Pb (Value),Pb (Error),U (Value),U (Error),LE (Value),MgO (Value),MgO (Error),Al2O3 (Value),Al2O3 (Error),SiO2 (Value),SiO2 (Error),P2O5 (Value),P2O5 (Error),SO3 (Value),SO3 (Error),K2O (Value),K2O (Error),CaO (Value),CaO (Error),TiO2 (Value),TiO2 (Error),V2O5 (Value),V2O5 (Error),Cr2O3 (Value),Cr2O3 (Error),Mn2O3 (Value),Mn2O3 (Error),Fe2O3 (Value),Fe2O3 (Error),NiO (Value),NiO (Error),CuO (Value),CuO (Error),ZnO (Value),ZnO (Error),As2O3 (Value),As2O3 (Error),SrO (Value),SrO (Error),ZrO2 (Value),ZrO2 (Error),MoO2 (Value),MoO2 (Error),BaO (Value),BaO (Error),PbO (Value),PbO (Error),UO2 (Value),UO2 (Error)
0.00,0.0,21/11/2025 10:50:09*,17.709, , , , , , , , , , , , , , , , , , , , , , , , , , , , , , , , , , , , , , , , , , , , , , , , , , , , , , , , , , , , , , , , , , , , , , , , , , , , , , , , , , , , , , , , , , , , , , , 
0.11,0.1,21/11/2025 10:50:09*,19.431, , , , , , , , , , , , , , , , , , , , , , , , , , , , , , , , , , , , , , , , , , , , , , , , , , , , , , , , , , , , , , , , , , , , , , , , , , , , , , , , , , , , , , , , , , , , , , , 
0.20,0.2,21/11/2025 10:50:09*,-70.464, , , , , , , , , , , , , , , , , , , , , , , , , , , , , , , , , , , , , , , , , , , , , , , , , , , , , , , , , , , , , , , , , , , , , , , , , , , , , , , , , , , , , , , , , , , , , , , 
0.30,0.3,21/11/2025 10:50:09*,-4.853, , , , , , , , , , , , , , , , , , , , , , , , , , , , , , , , , , , , , , , , , , , , , , , , , , , , , , , , , , , , , , , , , , , , , , , , , , , , , , , , , , , , , , , , , , , , , , , 
0.40,0.4,21/11/2025 10:50:09*,-2.561, , , , , , , , , , , , , , , , , , , , , , , , , , , , , , , , , , , , , , , , , , , , , , , , , , , , , , , , , , , , , , , , , , , , , , , , , , , , , , , , , , , , , , , , , , , , , , , 
0.50,0.5,21/11/2025 10:50:09*,-3.632, , , , , , , , , , , , , , , , , , , , , , , , , , , , , , , , , , , , , , , , , , , , , , , , , , , , , , , , , , , , , , , , , , , , , , , , , , , , , , , , , , , , , , , , , , , , , , , 
0.60,0.6,21/11/2025 10:50:09*,-4.330, , , , , , , , , , , , , , , , , , , , , , , , , , , , , , , , , , , , , , , , , , , , , , , , , , , , , , , , , , , , , , , , , , , , , , , , , , , , , , , , , , , , , , , , , , , , , , , 
0.70,0.7,21/11/2025 10:50:09*,-4.772, , , , , , , , , , , , , , , , , , , , , , , , , , , , , , , , , , , , , , , , , , , , , , , , , , , , , , , , , , , , , , , , , , , , , , , , , , , , , , , , , , , , , , , , , , , , , , , 
0.80,0.8,21/11/2025 10:50:09*,-5.049, , , , , , , , , , , , , , , , , , , , , , , , , , , , , , , , , , , , , , , , , , , , , , , , , , , , , , , , , , , , , , , , , , , , , , , , , , , , , , , , , , , , , , , , , , , , , , , 
0.90,0.9,21/11/2025 10:50:09*,-5.320, , , , , , , , , , , , , , , , , , , , , , , , , , , , , , , , , , , , , , , , , , , , , , , , , , , , , , , , , , , , , , , , , , , , , , , , , , , , , , , , , , , , , , , , , , , , , , , 
1.00,1.0,21/11/2025 10:50:09*,-5.551, , , , , , , , , , , , , , , , , , , , , , , , , , , , , , , , , , , , , , , , , , , , , , , , , , , , , , , , , , , , , , , , , , , , , , , , , , , , , , , , , , , , , , , , , , , , , , , 
1.10,1.1,21/11/2025 10:50:09*,-5.584, , , , , , , , , , , , , , , , , , , , , , , , , , , , , , , , , , , , , , , , , , , , , , , , , , , , , , , , , , , , , , , , , , , , , , , , , , , , , , , , , , , , , , , , , , , , , , , 
1.20,1.2,21/11/2025 10:50:09*,-5.306, , , , , , , , , , , , , , , , , , , , , , , , , , , , , , , , , , , , , , , , , , , , , , , , , , , , , , , , , , , , , , , , , , , , , , , , , , , , , , , , , , , , , , , , , , , , , , , 
1.30,1.3,21/11/2025 10:50:09*,-5.271, , , , , , , , , , , , , , , , , , , , , , , , , , , , , , , , , , , , , , , , , , , , , , , , , , , , , , , , , , , , , , , , , , , , , , , , , , , , , , , , , , , , , , , , , , , , , , , 
1.40,1.4,21/11/2025 10:50:09*,-5.332, , , , , , , , , , , , , , , , , , , , , , , , , , , , , , , , , , , , , , , , , , , , , , , , , , , , , , , , , , , , , , , , , , , , , , , , , , , , , , , , , , , , , , , , , , , , , , , 
1.50,1.5,21/11/2025 10:50:09*,-6.184, , , , , , , , , , , , , , , , , , , , , , , , , , , , , , , , , , , , , , , , , , , , , , , , , , , , , , , , , , , , , , , , , , , , , , , , , , , , , , , , , , , , , , , , , , , , , , , 
1.60,1.6,21/11/2025 10:50:09*,-6.736, , , , , , , , , , , , , , , , , , , , , , , , , , , , , , , , , , , , , , , , , , , , , , , , , , , , , , , , , , , , , , , , , , , , , , , , , , , , , , , , , , , , , , , , , , , , , , , 
1.70,1.7,21/11/2025 10:50:09*,-6.070, , , , , , , , , , , , , , , , , , , , , , , , , , , , , , , , , , , , , , , , , , , , , , , , , , , , , , , , , , , , , , , , , , , , , , , , , , , , , , , , , , , , , , , , , , , , , , , 
1.80,1.8,21/11/2025 10:50:09*,-5.582, , , , , , , , , , , , , , , , , , , , , , , , , , , , , , , , , , , , , , , , , , , , , , , , , , , , , , , , , , , , , , , , , , , , , , , , , , , , , , , , , , , , , , , , , , , , , , , 
1.90,1.9,21/11/2025 10:50:09*,-6.300, , , , , , , , , , , , , , , , , , , , , , , , , , , , , , , , , , , , , , , , , , , , , , , , , , , , , , , , , , , , , , , , , , , , , , , , , , , , , , , , , , , , , , , , , , , , , , , 
2.00,2.0,21/11/2025 10:50:09*,-6.527, , , , , , , , , , , , , , , , , , , , , , , , , , , , , , , , , , , , , , , , , , , , , , , , , , , , , , , , , , , , , , , , , , , , , , , , , , , , , , , , , , , , , , , , , , , , , , , 
2.11,2.1,21/11/2025 10:50:09*,-6.837, , , , , , , , , , , , , , , , , , , , , , , , , , , , , , , , , , , , , , , , , , , , , , , , , , , , , , , , , , , , , , , , , , , , , , , , , , , , , , , , , , , , , , , , , , , , , , , 
2.21,2.2,21/11/2025 10:50:09*,-7.364, , , , , , , , , , , , , , , , , , , , , , , , , , , , , , , , , , , , , , , , , , , , , , , , , , , , , , , , , , , , , , , , , , , , , , , , , , , , , , , , , , , , , , , , , , , , , , , 
2.31,2.3,21/11/2025 10:50:09*,-6.953, , , , , , , , , , , , , , , , , , , , , , , , , , , , , , , , , , , , , , , , , , , , , , , , , , , , , , , , , , , , , , , , , , , , , , , , , , , , , , , , , , , , , , , , , , , , , , , 
2.41,2.4,21/11/2025 10:50:09*,-7.451, , , , , , , , , , , , , , , , , , , , , , , , , , , , , , , , , , , , , , , , , , , , , , , , , , , , , , , , , , , , , , , , , , , , , , , , , , , , , , , , , , , , , , , , , , , , , , , 
2.51,2.5,21/11/2025 10:50:09*,-7.634, , , , , , , , , , , , , , , , , , , , , , , , , , , , , , , , , , , , , , , , , , , , , , , , , , , , , , , , , , , , , , , , , , , , , , , , , , , , , , , , , , , , , , , , , , , , , , , 
2.61,2.6,21/11/2025 10:50:09*,-7.864, , , , , , , , , , , , , , , , , , , , , , , , , , , , , , , , , , , , , , , , , , , , , , , , , , , , , , , , , , , , , , , , , , , , , , , , , , , , , , , , , , , , , , , , , , , , , , , 
2.71,2.7,21/11/2025 10:50:09*,-8.058, , , , , , , , , , , , , , , , , , , , , , , , , , , , , , , , , , , , , , , , , , , , , , , , , , , , , , , , , , , , , , , , , , , , , , , , , , , , , , , , , , , , , , , , , , , , , , , 
2.81,2.8,21/11/2025 10:50:09*,-8.240, , , , , , , , , , , , , , , , , , , , , , , , , , , , , , , , , , , , , , , , , , , , , , , , , , , , , , , , , , , , , , , , , , , , , , , , , , , , , , , , , , , , , , , , , , , , , , , 
2.91,2.9,21/11/2025 10:50:09*,-8.368, , , , , , , , , , , , , , , , , , , , , , , , , , , , , , , , , , , , , , , , , , , , , , , , , , , , , , , , , , , , , , , , , , , , , , , , , , , , , , , , , , , , , , , , , , , , , , , 
3.01,3.0,21/11/2025 10:50:09*,-8.336, , , , , , , , , , , , , , , , , , , , , , , , , , , , , , , , , , , , , , , , , , , , , , , , , , , , , , , , , , , , , , , , , , , , , , , , , , , , , , , , , , , , , , , , , , , , , , , 
3.11,3.1,21/11/2025 10:50:09*,-8.379, , , , , , , , , , , , , , , , , , , , , , , , , , , , , , , , , , , , , , , , , , , , , , , , , , , , , , , , , , , , , , , , , , , , , , , , , , , , , , , , , , , , , , , , , , , , , , , 
3.21,3.2,21/11/2025 10:50:09*,-8.209, , , , , , , , , , , , , , , , , , , , , , , , , , , , , , , , , , , , , , , , , , , , , , , , , , , , , , , , , , , , , , , , , , , , , , , , , , , , , , , , , , , , , , , , , , , , , , , 
3.31,3.3,21/11/2025 10:50:09*,-8.108, , , , , , , , , , , , , , , , , , , , , , , , , , , , , , , , , , , , , , , , , , , , , , , , , , , , , , , , , , , , , , , , , , , , , , , , , , , , , , , , , , , , , , , , , , , , , , , 
3.41,3.4,21/11/2025 10:50:09*,-7.875, , , , , , , , , , , , , , , , , , , , , , , , , , , , , , , , , , , , , , , , , , , , , , , , , , , , , , , , , , , , , , , , , , , , , , , , , , , , , , , , , , , , , , , , , , , , , , , 
3.51,3.5,21/11/2025 10:50:09*,-7.722, , , , , , , , , , , , , , , , , , , , , , , , , , , , , , , , , , , , , , , , , , , , , , , , , , , , , , , , , , , , , , , , , , , , , , , , , , , , , , , , , , , , , , , , , , , , , , , 
3.61,3.6,21/11/2025 10:50:09*,-8.055, , , , , , , , , , , , , , , , , , , , , , , , , , , , , , , , , , , , , , , , , , , , , , , , , , , , , , , , , , , , , , , , , , , , , , , , , , , , , , , , , , , , , , , , , , , , , , , 
3.71,3.7,21/11/2025 10:50:09*,-7.880, , , , , , , , , , , , , , , , , , , , , , , , , , , , , , , , , , , , , , , , , , , , , , , , , , , , , , , , , , , , , , , , , , , , , , , , , , , , , , , , , , , , , , , , , , , , , , , 
3.81,3.8,21/11/2025 10:50:09*,-6.545, , , , , , , , , , , , , , , , , , , , , , , , , , , , , , , , , , , , , , , , , , , , , , , , , , , , , , , , , , , , , , , , , , , , , , , , , , , , , , , , , , , , , , , , , , , , , , , 
3.91,3.9,21/11/2025 10:50:09*,-4.811, , , , , , , , , , , , , , , , , , , , , , , , , , , , , , , , , , , , , , , , , , , , , , , , , , , , , , , , , , , , , , , , , , , , , , , , , , , , , , , , , , , , , , , , , , , , , , , 
4.01,4.0,21/11/2025 10:50:09*,-5.869, , , , , , , , , , , , , , , , , , , , , , , , , , , , , , , , , , , , , , , , , , , , , , , , , , , , , , , , , , , , , , , , , , , , , , , , , , , , , , , , , , , , , , , , , , , , , , , 
4.11,4.1,21/11/2025 10:50:09*,-7.437, , , , , , , , , , , , , , , , , , , , , , , , , , , , , , , , , , , , , , , , , , , , , , , , , , , , , , , , , , , , , , , , , , , , , , , , , , , , , , , , , , , , , , , , , , , , , , , 
4.21,4.2,21/11/2025 10:50:09*,-7.770, , , , , , , , , , , , , , , , , , , , , , , , , , , , , , , , , , , , , , , , , , , , , , , , , , , , , , , , , , , , , , , , , , , , , , , , , , , , , , , , , , , , , , , , , , , , , , , 
4.31,4.3,21/11/2025 10:50:09*,-7.903, , , , , , , , , , , , , , , , , , , , , , , , , , , , , , , , , , , , , , , , , , , , , , , , , , , , , , , , , , , , , , , , , , , , , , , , , , , , , , , , , , , , , , , , , , , , , , , 
4.41,4.4,21/11/2025 10:50:09*,-7.940, , , , , , , , , , , , , , , , , , , , , , , , , , , , , , , , , , , , , , , , , , , , , , , , , , , , , , , , , , , , , , , , , , , , , , , , , , , , , , , , , , , , , , , , , , , , , , , 
4.51,4.5,21/11/2025 10:50:09*,-7.863, , , , , , , , , , , , , , , , , , , , , , , , , , , , , , , , , , , , , , , , , , , , , , , , , , , , , , , , , , , , , , , , , , , , , , , , , , , , , , , , , , , , , , , , , , , , , , , 
4.61,4.6,21/11/2025 10:50:09*,-7.806, , , , , , , , , , , , , , , , , , , , , , , , , , , , , , , , , , , , , , , , , , , , , , , , , , , , , , , , , , , , , , , , , , , , , , , , , , , , , , , , , , , , , , , , , , , , , , , 
4.71,4.7,21/11/2025 10:50:09*,-7.686, , , , , , , , , , , , , , , , , , , , , , , , , , , , , , , , , , , , , , , , , , , , , , , , , , , , , , , , , , , , , , , , , , , , , , , , , , , , , , , , , , , , , , , , , , , , , , , 
4.81,4.8,21/11/2025 10:50:09*,-7.573, , , , , , , , , , , , , , , , , , , , , , , , , , , , , , , , , , , , , , , , , , , , , , , , , , , , , , , , , , , , , , , , , , , , , , , , , , , , , , , , , , , , , , , , , , , , , , , 
4.91,4.9,21/11/2025 10:50:09*,-7.989, , , , , , , , , , , , , , , , , , , , , , , , , , , , , , , , , , , , , , , , , , , , , , , , , , , , , , , , , , , , , , , , , , , , , , , , , , , , , , , , , , , , , , , , , , , , , , , 
5.01,5.0,21/11/2025 10:50:09*,-8.023, , , , , , , , , , , , , , , , , , , , , , , , , , , , , , , , , , , , , , , , , , , , , , , , , , , , , , , , , , , , , , , , , , , , , , , , , , , , , , , , , , , , , , , , , , , , , , , 
5.11,5.1,21/11/2025 10:50:09*,-7.804, , , , , , , , , , , , , , , , , , , , , , , , , , , , , , , , , , , , , , , , , , , , , , , , , , , , , , , , , , , , , , , , , , , , , , , , , , , , , , , , , , , , , , , , , , , , , , , 
5.21,5.2,21/11/2025 10:50:09*,-7.654, , , , , , , , , , , , , , , , , , , , , , , , , , , , , , , , , , , , , , , , , , , , , , , , , , , , , , , , , , , , , , , , , , , , , , , , , , , , , , , , , , , , , , , , , , , , , , , 
5.31,5.3,21/11/2025 10:50:09*,-7.480, , , , , , , , , , , , , , , , , , , , , , , , , , , , , , , , , , , , , , , , , , , , , , , , , , , , , , , , , , , , , , , , , , , , , , , , , , , , , , , , , , , , , , , , , , , , , , , 
5.41,5.4,21/11/2025 10:50:09*,-7.324, , , , , , , , , , , , , , , , , , , , , , , , , , , , , , , , , , , , , , , , , , , , , , , , , , , , , , , , , , , , , , , , , , , , , , , , , , , , , , , , , , , , , , , , , , , , , , , 
5.51,5.5,21/11/2025 10:50:09*,-7.246, , , , , , , , , , , , , , , , , , , , , , , , , , , , , , , , , , , , , , , , , , , , , , , , , , , , , , , , , , , , , , , , , , , , , , , , , , , , , , , , , , , , , , , , , , , , , , , 
5.61,5.6,21/11/2025 10:50:09*,-6.888, , , , , , , , , , , , , , , , , , , , , , , , , , , , , , , , , , , , , , , , , , , , , , , , , , , , , , , , , , , , , , , , , , , , , , , , , , , , , , , , , , , , , , , , , , , , , , , 
5.71,5.7,21/11/2025 10:50:09*,-6.583, , , , , , , , , , , , , , , , , , , , , , , , , , , , , , , , , , , , , , , , , , , , , , , , , , , , , , , , , , , , , , , , , , , , , , , , , , , , , , , , , , , , , , , , , , , , , , , 
5.81,5.8,21/11/2025 10:50:09*,-6.715, , , , , , , , , , , , , , , , , , , , , , , , , , , , , , , , , , , , , , , , , , , , , , , , , , , , , , , , , , , , , , , , , , , , , , , , , , , , , , , , , , , , , , , , , , , , , , , 
5.91,5.9,21/11/2025 10:50:09*,-6.659, , , , , , , , , , , , , , , , , , , , , , , , , , , , , , , , , , , , , , , , , , , , , , , , , , , , , , , , , , , , , , , , , , , , , , , , , , , , , , , , , , , , , , , , , , , , , , , 
6.01,6.0,21/11/2025 10:50:09*,-6.637, , , , , , , , , , , , , , , , , , , , , , , , , , , , , , , , , , , , , , , , , , , , , , , , , , , , , , , , , , , , , , , , , , , , , , , , , , , , , , , , , , , , , , , , , , , , , , , 
6.11,6.1,21/11/2025 10:50:09*,-6.572, , , , , , , , , , , , , , , , , , , , , , , , , , , , , , , , , , , , , , , , , , , , , , , , , , , , , , , , , , , , , , , , , , , , , , , , , , , , , , , , , , , , , , , , , , , , , , , 
6.21,6.2,21/11/2025 10:50:09*,-6.671, , , , , , , , , , , , , , , , , , , , , , , , , , , , , , , , , , , , , , , , , , , , , , , , , , , , , , , , , , , , , , , , , , , , , , , , , , , , , , , , , , , , , , , , , , , , , , , 
6.31,6.3,21/11/2025 10:50:09*,-6.527, , , , , , , , , , , , , , , , , , , , , , , , , , , , , , , , , , , , , , , , , , , , , , , , , , , , , , , , , , , , , , , , , , , , , , , , , , , , , , , , , , , , , , , , , , , , , , , 
6.41,6.4,21/11/2025 10:50:09*,-6.695, , , , , , , , , , , , , , , , , , , , , , , , , , , , , , , , , , , , , , , , , , , , , , , , , , , , , , , , , , , , , , , , , , , , , , , , , , , , , , , , , , , , , , , , , , , , , , , 
6.51,6.5,21/11/2025 10:50:09*,-7.043, , , , , , , , , , , , , , , , , , , , , , , , , , , , , , , , , , , , , , , , , , , , , , , , , , , , , , , , , , , , , , , , , , , , , , , , , , , , , , , , , , , , , , , , , , , , , , , 
6.61,6.6,21/11/2025 10:50:09*,-7.428, , , , , , , , , , , , , , , , , , , , , , , , , , , , , , , , , , , , , , , , , , , , , , , , , , , , , , , , , , , , , , , , , , , , , , , , , , , , , , , , , , , , , , , , , , , , , , , 
6.71,6.7,21/11/2025 10:50:09*,-7.243, , , , , , , , , , , , , , , , , , , , , , , , , , , , , , , , , , , , , , , , , , , , , , , , , , , , , , , , , , , , , , , , , , , , , , , , , , , , , , , , , , , , , , , , , , , , , , , 
6.81,6.8,21/11/2025 10:50:09*,-7.220, , , , , , , , , , , , , , , , , , , , , , , , , , , , , , , , , , , , , , , , , , , , , , , , , , , , , , , , , , , , , , , , , , , , , , , , , , , , , , , , , , , , , , , , , , , , , , , 
6.91,6.9,21/11/2025 10:50:09*,-7.280, , , , , , , , , , , , , , , , , , , , , , , , , , , , , , , , , , , , , , , , , , , , , , , , , , , , , , , , , , , , , , , , , , , , , , , , , , , , , , , , , , , , , , , , , , , , , , , 
7.01,7.0,21/11/2025 10:50:09*,-6.836, , , , , , , , , , , , , , , , , , , , , , , , , , , , , , , , , , , , , , , , , , , , , , , , , , , , , , , , , , , , , , , , , , , , , , , , , , , , , , , , , , , , , , , , , , , , , , , 
7.11,7.1,21/11/2025 10:50:09*,-6.707, , , , , , , , , , , , , , , , , , , , , , , , , , , , , , , , , , , , , , , , , , , , , , , , , , , , , , , , , , , , , , , , , , , , , , , , , , , , , , , , , , , , , , , , , , , , , , , 
7.21,7.2,21/11/2025 10:50:09*,-7.019, , , , , , , , , , , , , , , , , , , , , , , , , , , , , , , , , , , , , , , , , , , , , , , , , , , , , , , , , , , , , , , , , , , , , , , , , , , , , , , , , , , , , , , , , , , , , , , 
7.31,7.3,21/11/2025 10:50:09*,-6.291, , , , , , , , , , , , , , , , , , , , , , , , , , , , , , , , , , , , , , , , , , , , , , , , , , , , , , , , , , , , , , , , , , , , , , , , , , , , , , , , , , , , , , , , , , , , , , , 
7.41,7.4,21/11/2025 10:50:09*,-5.981, , , , , , , , , , , , , , , , , , , , , , , , , , , , , , , , , , , , , , , , , , , , , , , , , , , , , , , , , , , , , , , , , , , , , , , , , , , , , , , , , , , , , , , , , , , , , , , 
7.51,7.5,21/11/2025 10:50:09*,-5.859, , , , , , , , , , , , , , , , , , , , , , , , , , , , , , , , , , , , , , , , , , , , , , , , , , , , , , , , , , , , , , , , , , , , , , , , , , , , , , , , , , , , , , , , , , , , , , , 
7.61,7.6,21/11/2025 10:50:09*,-5.694, , , , , , , , , , , , , , , , , , , , , , , , , , , , , , , , , , , , , , , , , , , , , , , , , , , , , , , , , , , , , , , , , , , , , , , , , , , , , , , , , , , , , , , , , , , , , , , 
7.71,7.7,21/11/2025 10:50:09*,-5.626, , , , , , , , , , , , , , , , , , , , , , , , , , , , , , , , , , , , , , , , , , , , , , , , , , , , , , , , , , , , , , , , , , , , , , , , , , , , , , , , , , , , , , , , , , , , , , , 
7.81,7.8,21/11/2025 10:50:09*,-5.657, , , , , , , , , , , , , , , , , , , , , , , , , , , , , , , , , , , , , , , , , , , , , , , , , , , , , , , , , , , , , , , , , , , , , , , , , , , , , , , , , , , , , , , , , , , , , , , 
7.91,7.9,21/11/2025 10:50:09*,-6.150, , , , , , , , , , , , , , , , , , , , , , , , , , , , , , , , , , , , , , , , , , , , , , , , , , , , , , , , , , , , , , , , , , , , , , , , , , , , , , , , , , , , , , , , , , , , , , , 
8.01,8.0,21/11/2025 10:50:09*,-6.607, , , , , , , , , , , , , , , , , , , , , , , , , , , , , , , , , , , , , , , , , , , , , , , , , , , , , , , , , , , , , , , , , , , , , , , , , , , , , , , , , , , , , , , , , , , , , , , 
8.11,8.1,21/11/2025 10:50:09*,-5.897, , , , , , , , , , , , , , , , , , , , , , , , , , , , , , , , , , , , , , , , , , , , , , , , , , , , , , , , , , , , , , , , , , , , , , , , , , , , , , , , , , , , , , , , , , , , , , , 
8.21,8.2,21/11/2025 10:50:09*,-5.100, , , , , , , , , , , , , , , , , , , , , , , , , , , , , , , , , , , , , , , , , , , , , , , , , , , , , , , , , , , , , , , , , , , , , , , , , , , , , , , , , , , , , , , , , , , , , , , 
8.31,8.3,21/11/2025 10:50:09*,-5.764, , , , , , , , , , , , , , , , , , , , , , , , , , , , , , , , , , , , , , , , , , , , , , , , , , , , , , , , , , , , , , , , , , , , , , , , , , , , , , , , , , , , , , , , , , , , , , , 
8.41,8.4,21/11/2025 10:50:09*,-7.029, , , , , , , , , , , , , , , , , , , , , , , , , , , , , , , , , , , , , , , , , , , , , , , , , , , , , , , , , , , , , , , , , , , , , , , , , , , , , , , , , , , , , , , , , , , , , , , 
8.51,8.5,21/11/2025 10:50:09*,-6.863, , , , , , , , , , , , , , , , , , , , , , , , , , , , , , , , , , , , , , , , , , , , , , , , , , , , , , , , , , , , , , , , , , , , , , , , , , , , , , , , , , , , , , , , , , , , , , , 
8.61,8.6,21/11/2025 10:50:09*,-7.049, , , , , , , , , , , , , , , , , , , , , , , , , , , , , , , , , , , , , , , , , , , , , , , , , , , , , , , , , , , , , , , , , , , , , , , , , , , , , , , , , , , , , , , , , , , , , , , 
8.71,8.7,21/11/2025 10:50:09*,-6.123, , , , , , , , , , , , , , , , , , , , , , , , , , , , , , , , , , , , , , , , , , , , , , , , , , , , , , , , , , , , , , , , , , , , , , , , , , , , , , , , , , , , , , , , , , , , , , , 
8.81,8.8,21/11/2025 10:50:09*,-5.995, , , , , , , , , , , , , , , , , , , , , , , , , , , , , , , , , , , , , , , , , , , , , , , , , , , , , , , , , , , , , , , , , , , , , , , , , , , , , , , , , , , , , , , , , , , , , , , 
8.91,8.9,21/11/2025 10:50:09*,-5.958, , , , , , , , , , , , , , , , , , , , , , , , , , , , , , , , , , , , , , , , , , , , , , , , , , , , , , , , , , , , , , , , , , , , , , , , , , , , , , , , , , , , , , , , , , , , , , , 
9.01,9.0,21/11/2025 10:50:09*,-6.095, , , , , , , , , , , , , , , , , , , , , , , , , , , , , , , , , , , , , , , , , , , , , , , , , , , , , , , , , , , , , , , , , , , , , , , , , , , , , , , , , , , , , , , , , , , , , , , 
9.11,9.1,21/11/2025 10:50:09*,-6.151, , , , , , , , , , , , , , , , , , , , , , , , , , , , , , , , , , , , , , , , , , , , , , , , , , , , , , , , , , , , , , , , , , , , , , , , , , , , , , , , , , , , , , , , , , , , , , , 
9.21,9.2,21/11/2025 10:50:09*,-5.896, , , , , , , , , , , , , , , , , , , , , , , , , , , , , , , , , , , , , , , , , , , , , , , , , , , , , , , , , , , , , , , , , , , , , , , , , , , , , , , , , , , , , , , , , , , , , , , 
9.31,9.3,21/11/2025 10:50:09*,-6.190, , , , , , , , , , , , , , , , , , , , , , , , , , , , , , , , , , , , , , , , , , , , , , , , , , , , , , , , , , , , , , , , , , , , , , , , , , , , , , , , , , , , , , , , , , , , , , , 
9.41,9.4,21/11/2025 10:50:09*,-6.071, , , , , , , , , , , , , , , , , , , , , , , , , , , , , , , , , , , , , , , , , , , , , , , , , , , , , , , , , , , , , , , , , , , , , , , , , , , , , , , , , , , , , , , , , , , , , , , 
9.51,9.5,21/11/2025 10:50:09*,-6.235, , , , , , , , , , , , , , , , , , , , , , , , , , , , , , , , , , , , , , , , , , , , , , , , , , , , , , , , , , , , , , , , , , , , , , , , , , , , , , , , , , , , , , , , , , , , , , , 
9.61,9.6,21/11/2025 10:50:09*,-6.152, , , , , , , , , , , , , , , , , , , , , , , , , , , , , , , , , , , , , , , , , , , , , , , , , , , , , , , , , , , , , , , , , , , , , , , , , , , , , , , , , , , , , , , , , , , , , , , 
9.71,9.7,21/11/2025 10:50:09*,-6.071, , , , , , , , , , , , , , , , , , , , , , , , , , , , , , , , , , , , , , , , , , , , , , , , , , , , , , , , , , , , , , , , , , , , , , , , , , , , , , , , , , , , , , , , , , , , , , , 
9.81,9.8,21/11/2025 10:50:09*,-5.838, , , , , , , , , , , , , , , , , , , , , , , , , , , , , , , , , , , , , , , , , , , , , , , , , , , , , , , , , , , , , , , , , , , , , , , , , , , , , , , , , , , , , , , , , , , , , , , 
9.91,9.9,21/11/2025 10:50:09*,-6.110, , , , , , , , , , , , , , , , , , , , , , , , , , , , , , , , , , , , , , , , , , , , , , , , , , , , , , , , , , , , , , , , , , , , , , , , , , , , , , , , , , , , , , , , , , , , , , , 
10.01,10.0,21/11/2025 10:50:09*,-6.141, , , , , , , , , , , , , , , , , , , , , , , , , , , , , , , , , , , , , , , , , , , , , , , , , , , , , , , , , , , , , , , , , , , , , , , , , , , , , , , , , , , , , , , , , , , , , , , 
10.11,10.1,21/11/2025 10:50:09*,-6.925, , , , , , , , , , , , , , , , , , , , , , , , , , , , , , , , , , , , , , , , , , , , , , , , , , , , , , , , , , , , , , , , , , , , , , , , , , , , , , , , , , , , , , , , , , , , , , , 
10.21,10.2,21/11/2025 10:50:09*,-6.525, , , , , , , , , , , , , , , , , , , , , , , , , , , , , , , , , , , , , , , , , , , , , , , , , , , , , , , , , , , , , , , , , , , , , , , , , , , , , , , , , , , , , , , , , , , , , , , 
10.31,10.3,21/11/2025 10:50:09*,-6.117, , , , , , , , , , , , , , , , , , , , , , , , , , , , , , , , , , , , , , , , , , , , , , , , , , , , , , , , , , , , , , , , , , , , , , , , , , , , , , , , , , , , , , , , , , , , , , , 
10.41,10.4,21/11/2025 10:50:09*,-5.771, , , , , , , , , , , , , , , , , , , , , , , , , , , , , , , , , , , , , , , , , , , , , , , , , , , , , , , , , , , , , , , , , , , , , , , , , , , , , , , , , , , , , , , , , , , , , , , 
10.51,10.5,21/11/2025 10:50:09*,-5.922, , , , , , , , , , , , , , , , , , , , , , , , , , , , , , , , , , , , , , , , , , , , , , , , , , , , , , , , , , , , , , , , , , , , , , , , , , , , , , , , , , , , , , , , , , , , , , , 
10.61,10.6,21/11/2025 10:50:09*,-5.766, , , , , , , , , , , , , , , , , , , , , , , , , , , , , , , , , , , , , , , , , , , , , , , , , , , , , , , , , , , , , , , , , , , , , , , , , , , , , , , , , , , , , , , , , , , , , , , 
10.71,10.7,21/11/2025 10:50:09*,-6.081, , , , , , , , , , , , , , , , , , , , , , , , , , , , , , , , , , , , , , , , , , , , , , , , , , , , , , , , , , , , , , , , , , , , , , , , , , , , , , , , , , , , , , , , , , , , , , , 
10.81,10.8,21/11/2025 10:50:09*,-6.186, , , , , , , , , , , , , , , , , , , , , , , , , , , , , , , , , , , , , , , , , , , , , , , , , , , , , , , , , , , , , , , , , , , , , , , , , , , , , , , , , , , , , , , , , , , , , , , 
10.91,10.9,21/11/2025 10:50:09*,-6.359, , , , , , , , , , , , , , , , , , , , , , , , , , , , , , , , , , , , , , , , , , , , , , , , , , , , , , , , , , , , , , , , , , , , , , , , , , , , , , , , , , , , , , , , , , , , , , , 
11.01,11.0,21/11/2025 10:50:09*,-5.980, , , , , , , , , , , , , , , , , , , , , , , , , , , , , , , , , , , , , , , , , , , , , , , , , , , , , , , , , , , , , , , , , , , , , , , , , , , , , , , , , , , , , , , , , , , , , , , 
11.11,11.1,21/11/2025 10:50:09*,-6.105, , , , , , , , , , , , , , , , , , , , , , , , , , , , , , , , , , , , , , , , , , , , , , , , , , , , , , , , , , , , , , , , , , , , , , , , , , , , , , , , , , , , , , , , , , , , , , , 
11.21,11.2,21/11/2025 10:50:09*,-6.120, , , , , , , , , , , , , , , , , , , , , , , , , , , , , , , , , , , , , , , , , , , , , , , , , , , , , , , , , , , , , , , , , , , , , , , , , , , , , , , , , , , , , , , , , , , , , , , 
11.31,11.3,21/11/2025 10:50:09*,-6.183, , , , , , , , , , , , , , , , , , , , , , , , , , , , , , , , , , , , , , , , , , , , , , , , , , , , , , , , , , , , , , , , , , , , , , , , , , , , , , , , , , , , , , , , , , , , , , , 
11.41,11.4,21/11/2025 10:50:09*,-6.200, , , , , , , , , , , , , , , , , , , , , , , , , , , , , , , , , , , , , , , , , , , , , , , , , , , , , , , , , , , , , , , , , , , , , , , , , , , , , , , , , , , , , , , , , , , , , , , 
11.51,11.5,21/11/2025 10:50:09*,-6.296, , , , , , , , , , , , , , , , , , , , , , , , , , , , , , , , , , , , , , , , , , , , , , , , , , , , , , , , , , , , , , , , , , , , , , , , , , , , , , , , , , , , , , , , , , , , , , , 
11.61,11.6,21/11/2025 10:50:09*,-6.474, , , , , , , , , , , , , , , , , , , , , , , , , , , , , , , , , , , , , , , , , , , , , , , , , , , , , , , , , , , , , , , , , , , , , , , , , , , , , , , , , , , , , , , , , , , , , , , 
11.71,11.7,21/11/2025 10:50:09*,-6.615, , , , , , , , , , , , , , , , , , , , , , , , , , , , , , , , , , , , , , , , , , , , , , , , , , , , , , , , , , , , , , , , , , , , , , , , , , , , , , , , , , , , , , , , , , , , , , , 
11.81,11.8,21/11/2025 10:50:09*,-6.508, , , , , , , , , , , , , , , , , , , , , , , , , , , , , , , , , , , , , , , , , , , , , , , , , , , , , , , , , , , , , , , , , , , , , , , , , , , , , , , , , , , , , , , , , , , , , , , 
11.91,11.9,21/11/2025 10:50:09*,-6.888, , , , , , , , , , , , , , , , , , , , , , , , , , , , , , , , , , , , , , , , , , , , , , , , , , , , , , , , , , , , , , , , , , , , , , , , , , , , , , , , , , , , , , , , , , , , , , , 
12.01,12.0,21/11/2025 10:50:09*,-7.995, , , , , , , , , , , , , , , , , , , , , , , , , , , , , , , , , , , , , , , , , , , , , , , , , , , , , , , , , , , , , , , , , , , , , , , , , , , , , , , , , , , , , , , , , , , , , , , 
12.11,12.1,21/11/2025 10:50:09*,-7.408, , , , , , , , , , , , , , , , , , , , , , , , , , , , , , , , , , , , , , , , , , , , , , , , , , , , , , , , , , , , , , , , , , , , , , , , , , , , , , , , , , , , , , , , , , , , , , , 
12.21,12.2,21/11/2025 10:50:09*,-6.469, , , , , , , , , , , , , , , , , , , , , , , , , , , , , , , , , , , , , , , , , , , , , , , , , , , , , , , , , , , , , , , , , , , , , , , , , , , , , , , , , , , , , , , , , , , , , , , 
12.31,12.3,21/11/2025 10:50:09*,-6.446, , , , , , , , , , , , , , , , , , , , , , , , , , , , , , , , , , , , , , , , , , , , , , , , , , , , , , , , , , , , , , , , , , , , , , , , , , , , , , , , , , , , , , , , , , , , , , , 
12.41,12.4,21/11/2025 10:50:09*,-6.685, , , , , , , , , , , , , , , , , , , , , , , , , , , , , , , , , , , , , , , , , , , , , , , , , , , , , , , , , , , , , , , , , , , , , , , , , , , , , , , , , , , , , , , , , , , , , , , 
12.51,12.5,21/11/2025 10:50:09*,-6.431, , , , , , , , , , , , , , , , , , , , , , , , , , , , , , , , , , , , , , , , , , , , , , , , , , , , , , , , , , , , , , , , , , , , , , , , , , , , , , , , , , , , , , , , , , , , , , , 
12.61,12.6,21/11/2025 10:50:09*,-6.449, , , , , , , , , , , , , , , , , , , , , , , , , , , , , , , , , , , , , , , , , , , , , , , , , , , , , , , , , , , , , , , , , , , , , , , , , , , , , , , , , , , , , , , , , , , , , , , 
12.71,12.7,21/11/2025 10:50:09*,-6.157, , , , , , , , , , , , , , , , , , , , , , , , , , , , , , , , , , , , , , , , , , , , , , , , , , , , , , , , , , , , , , , , , , , , , , , , , , , , , , , , , , , , , , , , , , , , , , , 
12.81,12.8,21/11/2025 10:50:09*,-5.916, , , , , , , , , , , , , , , , , , , , , , , , , , , , , , , , , , , , , , , , , , , , , , , , , , , , , , , , , , , , , , , , , , , , , , , , , , , , , , , , , , , , , , , , , , , , , , , 
12.91,12.9,21/11/2025 10:50:09*,-5.415, , , , , , , , , , , , , , , , , , , , , , , , , , , , , , , , , , , , , , , , , , , , , , , , , , , , , , , , , , , , , , , , , , , , , , , , , , , , , , , , , , , , , , , , , , , , , , , 
13.01,13.0,21/11/2025 10:50:09*,-5.258, , , , , , , , , , , , , , , , , , , , , , , , , , , , , , , , , , , , , , , , , , , , , , , , , , , , , , , , , , , , , , , , , , , , , , , , , , , , , , , , , , , , , , , , , , , , , , , 
13.11,13.1,21/11/2025 10:50:09*,-4.635, , , , , , , , , , , , , , , , , , , , , , , , , , , , , , , , , , , , , , , , , , , , , , , , , , , , , , , , , , , , , , , , , , , , , , , , , , , , , , , , , , , , , , , , , , , , , , , 
13.21,13.2,21/11/2025 10:50:09*,-4.274, , , , , , , , , , , , , , , , , , , , , , , , , , , , , , , , , , , , , , , , , , , , , , , , , , , , , , , , , , , , , , , , , , , , , , , , , , , , , , , , , , , , , , , , , , , , , , , 
13.31,13.3,21/11/2025 10:50:09*,-3.836, , , , , , , , , , , , , , , , , , , , , , , , , , , , , , , , , , , , , , , , , , , , , , , , , , , , , , , , , , , , , , , , , , , , , , , , , , , , , , , , , , , , , , , , , , , , , , , 
13.41,13.4,21/11/2025 10:50:09*,-3.547, , , , , , , , , , , , , , , , , , , , , , , , , , , , , , , , , , , , , , , , , , , , , , , , , , , , , , , , , , , , , , , , , , , , , , , , , , , , , , , , , , , , , , , , , , , , , , , 
13.51,13.5,21/11/2025 10:50:09*,-3.392, , , , , , , , , , , , , , , , , , , , , , , , , , , , , , , , , , , , , , , , , , , , , , , , , , , , , , , , , , , , , , , , , , , , , , , , , , , , , , , , , , , , , , , , , , , , , , , 
13.61,13.6,21/11/2025 10:50:09*,-3.119, , , , , , , , , , , , , , , , , , , , , , , , , , , , , , , , , , , , , , , , , , , , , , , , , , , , , , , , , , , , , , , , , , , , , , , , , , , , , , , , , , , , , , , , , , , , , , , 
13.71,13.7,21/11/2025 10:50:09*,-2.830, , , , , , , , , , , , , , , , , , , , , , , , , , , , , , , , , , , , , , , , , , , , , , , , , , , , , , , , , , , , , , , , , , , , , , , , , , , , , , , , , , , , , , , , , , , , , , , 
13.81,13.8,21/11/2025 10:50:09*,-2.361, , , , , , , , , , , , , , , , , , , , , , , , , , , , , , , , , , , , , , , , , , , , , , , , , , , , , , , , , , , , , , , , , , , , , , , , , , , , , , , , , , , , , , , , , , , , , , , 
13.91,13.9,21/11/2025 10:50:09*,-2.061, , , , , , , , , , , , , , , , , , , , , , , , , , , , , , , , , , , , , , , , , , , , , , , , , , , , , , , , , , , , , , , , , , , , , , , , , , , , , , , , , , , , , , , , , , , , , , , 
14.01,14.0,21/11/2025 10:50:09*,-1.606, , , , , , , , , , , , , , , , , , , , , , , , , , , , , , , , , , , , , , , , , , , , , , , , , , , , , , , , , , , , , , , , , , , , , , , , , , , , , , , , , , , , , , , , , , , , , , , 
14.11,14.1,21/11/2025 10:50:09*,-1.428, , , , , , , , , , , , , , , , , , , , , , , , , , , , , , , , , , , , , , , , , , , , , , , , , , , , , , , , , , , , , , , , , , , , , , , , , , , , , , , , , , , , , , , , , , , , , , , 
14.21,14.2,21/11/2025 10:50:09*,-1.020, , , , , , , , , , , , , , , , , , , , , , , , , , , , , , , , , , , , , , , , , , , , , , , , , , , , , , , , , , , , , , , , , , , , , , , , , , , , , , , , , , , , , , , , , , , , , , , 
14.31,14.3,21/11/2025 10:50:09*,-0.876, , , , , , , , , , , , , , , , , , , , , , , , , , , , , , , , , , , , , , , , , , , , , , , , , , , , , , , , , , , , , , , , , , , , , , , , , , , , , , , , , , , , , , , , , , , , , , , 
14.41,14.4,21/11/2025 10:50:09*,-0.706, , , , , , , , , , , , , , , , , , , , , , , , , , , , , , , , , , , , , , , , , , , , , , , , , , , , , , , , , , , , , , , , , , , , , , , , , , , , , , , , , , , , , , , , , , , , , , , 
14.51,14.5,21/11/2025 10:50:09*,-0.393, , , , , , , , , , , , , , , , , , , , , , , , , , , , , , , , , , , , , , , , , , , , , , , , , , , , , , , , , , , , , , , , , , , , , , , , , , , , , , , , , , , , , , , , , , , , , , , 
14.61,14.6,21/11/2025 10:50:09*,-0.651, , , , , , , , , , , , , , , , , , , , , , , , , , , , , , , , , , , , , , , , , , , , , , , , , , , , , , , , , , , , , , , , , , , , , , , , , , , , , , , , , , , , , , , , , , , , , , , 
14.71,14.7,21/11/2025 10:50:09*,-0.742, , , , , , , , , , , , , , , , , , , , , , , , , , , , , , , , , , , , , , , , , , , , , , , , , , , , , , , , , , , , , , , , , , , , , , , , , , , , , , , , , , , , , , , , , , , , , , , 
14.81,14.8,21/11/2025 10:50:09*,-0.212, , , , , , , , , , , , , , , , , , , , , , , , , , , , , , , , , , , , , , , , , , , , , , , , , , , , , , , , , , , , , , , , , , , , , , , , , , , , , , , , , , , , , , , , , , , , , , , 
14.91,14.9,21/11/2025 10:50:09*,0.281, , , , , , , , , , , , , , , , , , , , , , , , , , , , , , , , , , , , , , , , , , , , , , , , , , , , , , , , , , , , , , , , , , , , , , , , , , , , , , , , , , , , , , , , , , , , , , , 
15.01,15.0,21/11/2025 10:50:09*,0.489, , , , , , , , , , , , , , , , , , , , , , , , , , , , , , , , , , , , , , , , , , , , , , , , , , , , , , , , , , , , , , , , , , , , , , , , , , , , , , , , , , , , , , , , , , , , , , , 
15.10,15.1,21/11/2025 10:50:09,1.358,8.461,1181235.140,15.3,932456.0,668098.0,991937.07,361.82,1585.49,1935.45,473.65,3477.48,195.07,100.25,66.82,765.07,40.94,28.06,40.55,615.24,54.34,25.46,14.78,116.59,45.52,60.84,27.42,41.65,20.04,229.88,26.16,3.98,0.45,38.37,3.21,5.72,1.93,0.00,0.00,1.99,1.18,1.34,3.16,2.63,4.09,200.64,111.68,47.24,7.25,3.23,3.88,15805.62,600.00,2629.18,3656.96,894.94,7439.49,417.32,229.71,153.11,1910.31,102.22,33.80,48.85,860.85,76.03,42.48,24.66,208.13,81.26,88.92,40.08,59.84,28.79,328.67,37.40,5.06,0.57,48.03,4.02,7.12,2.40,0.00,0.00,2.35,1.40,1.81,4.27,3.51,5.45,224.02,124.69,50.89,7.81,3.66,4.40
15.20,15.2,21/11/2025 10:50:09,2.289,10.976,,15.3,937457.0,664005.0,991186.26,304.73,1713.39,1951.72,482.28,4033.48,214.58,55.48,43.11,723.48,39.67,71.77,65.13,657.78,54.97,7.83,14.90,113.07,45.80,74.65,29.96,55.69,20.56,460.87,44.60,4.62,0.48,24.68,1.58,6.92,1.97,0.00,0.00,1.68,1.19,1.59,3.25,2.14,4.08,210.03,116.14,48.46,7.36,3.06,3.88,17167.91,505.33,2841.27,3687.70,911.25,8628.96,459.06,127.12,98.78,1806.46,99.05,86.45,78.46,920.37,76.91,13.06,24.86,201.85,81.76,109.11,43.79,80.02,29.54,658.93,63.77,5.88,0.61,30.89,1.98,8.61,2.45,0.00,0.00,1.99,1.41,2.15,4.39,2.85,5.44,234.50,129.67,52.20,7.93,3.47,4.40
15.30,15.3,21/11/2025 10:50:09,5.261,12.765,,15.5,925500.0,641446.0,989509.03,1079.66,1596.08,2203.74,506.42,4238.68,221.74,202.12,120.38,651.51,39.10,41.21,50.23,645.24,54.31,28.48,14.67,139.53,45.51,71.32,29.10,81.49,21.29,771.52,68.98,4.37,0.47,55.78,5.96,6.13,1.98,0.00,0.00,2.95,1.22,0.90,3.26,1.71,4.03,210.03,113.71,50.82,7.44,3.78,3.95,20069.11,1790.37,2646.74,4163.88,956.86,9067.96,474.38,463.13,275.83,1626.76,97.63,49.64,60.51,902.82,75.99,47.52,24.48,249.09,81.24,104.24,42.53,117.09,30.59,1103.08,98.62,5.56,0.60,69.82,7.46,7.63,2.46,0.00,0.00,3.49,1.44,1.22,4.40,2.28,5.37,234.50,126.96,54.74,8.01,4.29,4.48
15.40,15.4,21/11/2025 10:50:09,6.266,9.523,,15.8,895684.0,578532.0,991989.01,159.10,1701.26,2021.41,490.27,3875.48,208.34,126.58,80.17,344.02,37.61,0.00,0.00,529.57,51.29,18.57,14.00,138.84,43.81,68.23,27.86,44.58,19.11,541.30,49.57,3.56,0.41,52.54,5.46,7.35,1.85,0.00,0.00,1.80,1.10,1.37,2.89,0.82,3.44,25.33,18.62,48.24,6.95,2.29,3.68,15648.06,263.83,2821.16,3819.38,926.35,8290.95,445.71,290.04,183.70,858.98,93.91,0.00,0.00,740.98,71.77,30.98,23.36,247.86,78.21,99.72,40.72,64.05,27.46,773.92,70.87,4.53,0.52,65.77,6.83,9.15,2.30,0.00,0.00,2.13,1.30,1.85,3.90,1.09,4.59,28.28,20.79,51.96,7.49,2.60,4.17
15.50,15.5,21/11/2025 10:50:09,3.122,8.002,,15.9,897083.0,552119.0,990505.41,389.71,1609.68,2458.71,543.71,4112.24,216.96,59.96,45.80,338.86,37.77,169.84,83.85,568.73,52.47,26.12,14.12,125.73,43.91,63.84,27.23,81.04,20.66,973.03,85.33,3.42,0.41,35.46,2.74,7.19,1.85,0.00,0.00,1.97,1.11,1.86,2.88,1.31,3.37,20.95,18.76,50.92,7.00,3.69,3.68,18088.87,646.25,2669.29,4645.64,1027.32,8797.46,464.15,137.39,104.94,846.10,94.31,204.59,101.01,795.77,73.42,43.58,23.56,224.45,78.39,93.31,39.80,116.44,29.69,1391.18,122.00,4.35,0.52,44.39,3.43,8.95,2.30,0.00,0.00,2.33,1.31,2.51,3.89,1.75,4.49,23.39,20.95,54.85,7.54,4.19,4.17
15.60,15.6,21/11/2025 10:50:09,1.810,7.339,1181236.198,15.6,931652.0,608014.0,986046.48,402.81,1595.92,2999.92,615.36,6056.42,284.30,130.25,83.19,427.39,38.84,420.86,111.50,795.62,56.85,113.79,32.08,106.25,45.75,76.19,30.31,76.21,14.48,2215.51,199.67,3.74,0.46,42.04,3.50,6.03,2.03,0.00,0.00,3.73,1.27,1.69,3.32,3.00,4.01,12.89,19.74,56.15,7.89,3.04,4.13,26200.64,667.97,2646.48,5668.24,1162.70,12956.71,608.21,298.45,190.62,1067.15,96.98,506.97,134.31,1113.24,79.54,189.86,53.53,189.68,81.67,111.36,44.30,109.50,20.81,3167.61,285.48,4.76,0.59,52.62,4.38,7.51,2.53,0.00,0.00,4.41,1.50,2.28,4.48,4.00,5.35,14.39,22.04,60.49,8.50,3.45,4.69
15.70,15.7,21/11/2025 10:50:09,1.551,15.538,,15.4,955219.0,656653.0,984548.17,440.03,1707.61,2334.27,536.66,6750.24,309.43,108.73,73.26,549.04,39.04,537.09,124.09,976.09,59.98,141.40,35.92,123.74,47.17,50.71,26.51,254.54,46.25,3052.69,279.89,4.27,0.52,21.64,1.25,8.42,2.25,0.00,0.00,5.12,1.44,5.87,3.67,2.93,4.52,17.57,20.29,63.21,8.50,4.23,4.54,28628.64,729.69,2831.69,4410.52,1014.00,14441.02,661.97,249.14,167.87,1370.90,97.48,646.98,149.48,1365.75,83.92,235.93,59.93,220.90,84.21,74.12,38.75,365.73,66.45,4364.56,400.17,5.43,0.66,27.09,1.56,10.48,2.80,0.00,0.00,6.05,1.70,7.93,4.96,3.91,6.03,19.62,22.65,68.09,9.16,4.80,5.15
15.80,15.8,21/11/2025 10:50:09,1.421,12.297,,15.4,945457.0,654712.0,985920.02,310.69,1606.46,2598.18,564.38,5686.02,272.09,118.71,77.22,403.42,38.82,492.34,118.61,882.17,58.40,148.94,36.75,125.74,46.92,71.44,29.70,164.93,29.65,2958.64,270.93,4.54,0.52,28.14,1.83,8.72,2.24,0.00,0.00,6.19,1.60,7.05,3.64,2.44,4.43,0.00,0.00,57.27,8.18,4.43,4.48,25878.53,515.21,2663.95,4909.16,1066.37,12164.30,582.09,272.01,176.94,1007.30,96.93,593.07,142.88,1234.34,81.71,248.51,61.32,224.47,83.76,104.41,43.41,236.98,42.60,4230.10,387.36,5.78,0.66,35.22,2.29,10.85,2.79,0.00,0.00,7.32,1.89,9.52,4.92,3.25,5.91,0.00,0.00,61.69,8.81,5.03,5.08
15.90,15.9,21/11/2025 10:50:09,0.972,16.203,,15.4,950466.0,654025.0,986917.46,421.95,1594.90,2122.88,498.42,5002.83,249.09,100.15,67.59,525.72,37.90,284.88,99.26,949.28,59.33,156.07,37.25,98.88,46.41,61.69,28.05,90.34,17.09,3117.96,286.51,3.99,0.50,52.13,5.01,7.35,2.23,0.08,0.18,10.57,2.06,9.11,3.63,4.14,4.33,4.77,20.12,54.57,8.03,3.18,4.50,23919.50,699.71,2644.78,4011.10,941.75,10702.73,532.89,229.48,154.87,1312.67,94.63,343.17,119.57,1328.24,83.01,260.40,62.15,176.52,82.85,90.16,41.00,129.80,24.56,4457.88,409.64,5.08,0.64,65.26,6.27,9.15,2.78,0.11,0.24,12.50,2.44,12.31,4.90,5.52,5.77,5.33,22.46,58.78,8.65,3.61,5.10
16.00,16.0,21/11/2025 10:50:09,1.131,8.799,,15.3,961665.0,656256.0,987222.72,311.11,1637.76,2006.65,484.60,4615.01,235.41,166.43,100.86,405.05,38.35,334.04,104.56,930.96,59.99,203.15,41.99,101.05,46.91,59.61,27.84,103.22,19.41,3388.38,312.85,4.34,0.51,47.41,4.23,8.31,2.19,0.00,0.00,11.95,2.18,7.73,3.66,3.31,4.44,5.35,20.36,60.32,8.23,3.91,4.47,23057.05,515.91,2715.86,3791.49,915.63,9873.05,503.62,381.35,231.11,1011.37,95.76,402.39,125.95,1302.60,83.94,338.95,70.06,180.39,83.74,87.12,40.69,148.31,27.89,4844.52,447.30,5.52,0.65,59.35,5.30,10.34,2.73,0.00,0.00,14.13,2.58,10.44,4.94,4.41,5.92,5.97,22.73,64.98,8.87,4.44,5.07
16.10,16.1,21/11/2025 10:50:09,1.094,16.141,1181235.732,15.4,957062.0,652522.0,987700.65,395.03,1637.38,1901.57,473.66,4156.40,219.97,126.07,79.97,386.20,38.17,328.79,102.46,1025.26,60.04,167.28,38.81,94.09,46.59,53.73,26.80,136.22,24.88,3373.88,311.43,3.77,0.49,46.75,4.14,9.21,2.21,0.00,0.00,11.71,2.16,10.23,3.67,2.59,4.40,0.48,20.23,63.76,8.37,6.33,4.48,21951.15,655.07,2715.23,3592.95,894.96,8891.93,470.59,288.87,183.24,964.30,95.31,396.06,123.42,1434.55,84.01,279.11,64.75,167.97,83.17,78.53,39.17,195.73,35.75,4823.78,445.27,4.80,0.62,58.52,5.18,11.46,2.75,0.00,0.00,13.85,2.55,13.82,4.96,3.45,5.87,0.54,22.59,68.68,9.02,7.18,5.08
16.20,16.2,21/11/2025 10:50:09,0.769,10.848,,15.4,944517.0,646430.0,988116.48,289.69,1561.40,1842.60,460.72,4237.56,221.64,161.11,97.69,411.09,37.57,282.59,97.13,943.31,58.43,126.10,34.12,101.56,46.18,65.69,28.49,126.09,22.93,3174.61,292.00,3.94,0.49,18.97,1.05,8.10,2.21,0.00,0.00,8.26,1.83,4.53,3.56,3.37,4.35,8.96,19.95,60.27,8.17,5.14,4.38,21431.12,480.39,2589.23,3481.52,870.51,9065.56,474.16,369.16,223.84,1026.45,93.81,340.41,117.00,1319.89,81.76,210.40,56.93,181.30,82.44,96.01,41.64,181.17,32.95,4538.88,417.49,5.01,0.62,23.75,1.31,10.08,2.75,0.00,0.00,9.77,2.16,6.12,4.81,4.49,5.80,10.00,22.27,64.92,8.80,5.83,4.97
16.30,16.3,21/11/2025 10:50:09,1.079,8.268,,15.4,937686.0,643243.0,988368.16,457.51,1605.73,1805.86,451.44,3983.11,211.27,112.64,72.06,442.39,37.22,309.69,99.18,956.63,58.46,72.54,26.11,98.16,45.75,58.13,27.15,144.78,26.17,3042.15,279.23,4.08,0.49,52.45,5.09,5.98,2.09,0.05,0.17,5.08,1.41,10.33,3.60,2.36,4.29,9.62,19.76,55.20,7.89,3.11,4.25,20880.21,758.68,2662.74,3412.11,852.98,8521.21,451.98,258.10,165.12,1104.61,92.93,373.05,119.47,1338.52,81.80,121.03,43.56,175.23,81.67,84.96,39.68,208.03,37.60,4349.50,399.23,5.19,0.62,65.66,6.37,7.44,2.60,0.07,0.22,6.01,1.67,13.95,4.86,3.15,5.72,10.74,22.06,59.46,8.50,3.53,4.82
16.40,16.4,21/11/2025 10:50:09,1.647,14.353,,15.4,947491.0,644104.0,987283.67,577.74,1596.16,2264.67,512.86,4467.83,228.62,41.27,33.93,390.68,38.05,237.03,93.35,961.69,59.05,134.33,35.23,71.62,46.02,51.11,26.26,61.09,12.12,3356.71,309.69,3.94,0.50,8.27,0.39,8.38,2.23,0.00,0.00,7.49,1.73,5.07,3.50,2.43,4.29,4.31,20.07,56.84,8.03,3.86,4.37,22925.29,958.05,2646.87,4279.01,969.03,9558.18,489.09,94.56,77.75,975.49,95.01,285.53,112.45,1345.60,82.62,224.13,58.78,127.85,82.15,74.70,38.38,87.78,17.41,4799.24,442.78,5.01,0.64,10.35,0.49,10.43,2.78,0.00,0.00,8.86,2.05,6.85,4.73,3.24,5.72,4.81,22.41,61.23,8.65,4.38,4.96
16.50,16.5,21/11/2025 10:50:09,2.574,16.138,,15.4,947167.0,644908.0,987882.80,341.16,1567.38,1868.63,464.02,4406.84,226.77,85.32,58.27,436.76,37.62,169.89,85.21,851.03,57.73,94.16,29.82,93.92,46.03,73.65,29.91,116.70,21.44,3464.75,320.21,3.70,0.48,15.69,0.82,7.96,2.22,0.00,0.00,6.74,1.64,3.13,3.56,2.38,4.34,11.91,19.90,58.80,8.20,4.07,4.33,21890.30,565.74,2599.15,3530.71,876.75,9427.71,485.14,195.50,133.52,1090.55,93.93,204.65,102.64,1190.77,80.78,157.11,49.75,167.66,82.17,107.64,43.72,167.68,30.81,4953.70,457.82,4.71,0.61,19.64,1.03,9.91,2.76,0.00,0.00,7.97,1.94,4.23,4.81,3.17,5.79,13.30,22.22,63.34,8.83,4.62,4.91
16.60,16.6,21/11/2025 10:50:09,2.512,8.069,1181235.935,15.5,935078.0,634133.0,988567.09,375.38,1578.98,1786.71,453.42,4064.31,215.51,87.80,59.67,377.97,37.54,197.28,87.38,846.69,57.31,54.66,22.13,88.89,45.27,64.91,28.12,91.27,17.10,3262.65,300.60,3.84,0.49,17.81,0.96,6.38,2.13,0.00,0.00,8.03,1.78,10.87,3.53,2.52,4.23,22.26,19.60,59.66,8.03,3.02,4.26,20556.46,622.48,2618.38,3375.92,856.72,8694.92,461.05,201.18,136.73,943.75,93.73,237.64,105.26,1184.69,80.19,91.20,36.92,158.69,80.82,94.87,41.10,131.14,24.57,4664.75,429.78,4.89,0.62,22.29,1.20,7.94,2.65,0.00,0.00,9.50,2.11,14.68,4.77,3.36,5.64,24.85,21.88,64.27,8.65,3.43,4.83
16.70,16.7,21/11/2025 10:50:09,1.200,7.275,,15.5,940921.0,631184.0,988276.22,352.39,1654.90,1791.51,459.18,4106.41,216.50,113.49,72.92,407.43,37.60,217.83,90.58,891.08,57.78,102.00,30.67,94.09,45.49,46.35,25.32,82.33,15.65,3399.78,313.86,3.93,0.49,11.50,0.56,7.28,2.08,0.00,0.00,17.73,2.48,7.58,3.51,1.31,4.16,10.90,19.71,54.43,7.92,4.44,4.23,21063.16,584.36,2744.28,3384.99,867.60,8784.99,463.17,260.05,167.09,1017.31,93.88,262.40,109.11,1246.80,80.85,170.19,51.17,167.97,81.21,67.74,37.01,118.29,22.49,4860.81,448.74,5.00,0.62,14.40,0.70,9.06,2.59,0.00,0.00,20.97,2.93,10.24,4.74,1.75,5.55,12.17,22.01,58.63,8.53,5.04,4.80
16.80,16.8,21/11/2025 10:50:09,0.442,13.426,,15.4,948002.0,643532.0,988449.93,368.22,1617.99,1689.47,447.57,4019.01,215.29,120.91,77.47,398.53,37.87,136.21,80.72,848.57,57.57,58.32,23.28,78.63,45.56,54.72,26.55,51.63,10.40,3605.42,333.94,3.75,0.49,19.17,1.06,7.36,2.19,0.00,0.00,8.10,1.78,5.13,3.49,2.50,4.32,13.58,19.79,56.17,8.00,4.68,4.39,20709.77,610.61,2683.07,3192.19,845.67,8598.01,460.58,277.05,177.51,995.09,94.56,164.08,97.24,1187.32,80.55,97.31,38.84,140.37,81.33,79.98,38.80,74.18,14.94,5154.83,477.45,4.77,0.62,24.00,1.33,9.16,2.73,0.00,0.00,9.58,2.11,6.93,4.71,3.33,5.76,15.16,22.10,60.51,8.62,5.31,4.98
16.90,16.9,21/11/2025 10:50:09,-0.363,5.622,,15.4,948618.0,647706.0,988384.73,301.50,1632.76,1757.68,453.94,4003.20,213.94,104.96,68.68,451.40,37.63,34.13,45.19,807.60,57.39,78.50,27.21,120.48,45.99,82.70,31.48,134.48,24.28,3645.14,337.77,3.82,0.49,5.37,0.25,6.29,2.14,0.00,0.00,3.98,1.34,5.21,3.51,3.47,4.36,9.70,19.70,52.12,8.01,3.53,4.39,20902.47,499.97,2707.57,3321.07,857.70,8564.19,457.69,240.50,157.37,1127.10,93.96,41.11,54.44,1130.00,80.30,130.98,45.40,215.08,82.10,120.87,46.01,193.23,34.89,5211.62,482.92,4.86,0.62,6.72,0.31,7.83,2.66,0.00,0.00,4.71,1.58,7.04,4.74,4.63,5.81,10.83,22.00,56.14,8.63,4.00,4.98
17.00,17.0,21/11/2025 10:50:09,0.218,13.090,,15.4,948116.0,648330.0,987749.08,361.01,1624.88,1996.14,483.18,4061.84,215.22,53.51,41.13,421.55,37.64,95.30,71.78,880.35,57.81,73.22,26.44,74.74,45.67,57.71,27.16,114.03,21.06,3969.68,369.44,3.77,0.50,5.30,0.25,7.46,2.22,0.00,0.00,4.30,1.36,2.89,3.59,3.79,4.41,5.18,19.87,55.43,8.11,3.70,4.33,21865.55,598.65,2694.50,3771.63,912.95,8689.64,460.43,122.61,94.24,1052.57,93.98,114.80,86.47,1231.79,80.89,122.17,44.11,133.42,81.53,84.35,39.70,163.84,30.26,5675.63,528.20,4.80,0.64,6.63,0.31,9.29,2.76,0.00,0.00,5.09,1.61,3.90,4.85,5.05,5.88,5.78,22.18,59.71,8.74,4.20,4.91
17.10,17.1,21/11/2025 10:50:09,0.545,12.697,1181234.344,15.4,948154.0,649256.0,987710.98,363.41,1584.85,2070.81,487.55,4083.27,214.78,7.89,8.02,340.21,38.03,131.45,78.40,849.89,56.96,56.94,23.01,63.65,45.63,64.74,28.29,150.35,27.16,4003.68,372.75,3.91,0.51,16.33,0.86,6.48,2.17,0.00,0.00,4.63,1.36,5.59,3.63,3.00,4.40,2.73,19.88,55.52,8.07,4.55,4.39,21827.95,602.63,2628.12,3912.72,921.21,8735.48,459.49,18.08,18.38,849.47,94.96,158.35,94.44,1189.17,79.70,95.00,38.39,113.63,81.46,94.62,41.35,216.03,39.02,5724.24,532.94,4.98,0.65,20.44,1.08,8.07,2.70,0.00,0.00,5.48,1.61,7.55,4.90,4.00,5.87,3.05,22.20,59.81,8.69,5.16,4.98
17.20,17.2,21/11/2025 10:50:09,1.388,7.407,,15.4,951105.0,652295.0,988376.72,396.47,1646.65,1551.35,429.76,3724.35,204.42,101.08,67.08,411.96,37.81,106.19,74.00,856.99,57.59,53.27,22.03,92.13,45.80,61.79,27.73,123.04,22.52,4010.06,373.46,4.12,0.51,28.37,1.84,8.33,2.15,0.00,0.00,6.99,1.67,3.60,3.58,2.12,4.43,14.67,19.80,62.98,8.25,3.41,4.40,20552.54,657.46,2730.60,2931.22,812.02,7967.63,437.32,231.61,153.70,1028.62,94.41,127.92,89.14,1199.11,80.58,88.88,36.76,164.47,81.76,90.31,40.53,176.79,32.36,5733.36,533.95,5.24,0.65,35.51,2.30,10.37,2.68,0.00,0.00,8.27,1.97,4.86,4.84,2.83,5.91,16.38,22.11,67.84,8.89,3.87,4.99
17.30,17.3,21/11/2025 10:50:09,1.777,9.658,,15.4,944345.0,647966.0,988249.61,319.24,1608.65,1904.92,467.91,3829.38,206.50,74.02,52.15,365.76,37.70,80.08,66.74,840.81,56.99,51.29,21.49,38.13,45.23,45.03,25.21,76.32,14.71,4021.74,374.59,3.97,0.49,10.12,0.48,7.79,2.11,0.00,0.00,4.12,1.35,3.53,3.55,3.75,4.39,10.88,19.83,53.80,8.10,5.73,4.37,20874.63,529.39,2667.59,3599.28,884.10,8192.33,441.77,169.61,119.49,913.27,94.13,96.46,80.40,1176.47,79.74,85.58,35.86,68.07,80.74,65.81,36.85,109.66,21.14,5750.06,535.57,5.05,0.62,12.67,0.60,9.70,2.63,0.00,0.00,4.87,1.60,4.77,4.80,5.00,5.85,12.15,22.14,57.95,8.73,6.50,4.96
17.40,17.4,21/11/2025 10:50:09,0.676,14.753,,15.4,940797.0,643430.0,988469.71,359.43,1577.64,1738.14,445.47,3678.36,201.80,50.05,39.22,402.27,37.44,123.66,76.66,790.23,56.43,91.03,28.89,120.93,45.40,70.45,29.01,96.37,17.91,3903.42,362.98,3.58,0.49,8.22,0.39,6.73,2.12,0.00,0.00,4.25,1.31,2.85,3.58,2.19,4.30,13.55,19.46,59.28,8.25,5.29,4.31,20433.29,596.03,2616.16,3284.15,841.70,7869.24,431.72,114.68,89.87,1004.43,93.48,148.96,92.34,1105.69,78.96,151.88,48.20,215.88,81.05,102.97,42.40,138.47,25.73,5580.89,518.97,4.56,0.62,10.29,0.49,8.38,2.64,0.00,0.00,5.03,1.55,3.85,4.84,2.92,5.73,15.13,21.73,63.86,8.89,6.00,4.89
17.50,17.5,21/11/2025 10:50:09,0.655,8.134,,15.5,934849.0,642393.0,988390.49,382.65,1565.57,1932.31,469.27,3795.44,205.42,68.83,49.72,422.38,37.25,73.56,64.10,806.87,56.55,62.21,23.82,89.84,45.30,60.82,27.42,96.14,17.90,3682.64,341.43,3.60,0.48,39.98,3.18,8.48,2.16,0.00,0.00,3.81,1.33,4.77,3.54,3.67,4.32,11.85,19.60,56.58,8.18,3.07,4.29,20750.36,634.54,2596.15,3651.03,886.67,8119.72,439.46,157.71,113.93,1054.64,93.01,88.61,77.22,1128.98,79.13,103.80,39.74,160.38,80.87,88.89,40.08,138.14,25.72,5265.23,488.16,4.58,0.61,50.05,3.98,10.56,2.69,0.00,0.00,4.51,1.57,6.44,4.78,4.89,5.76,13.23,21.88,60.95,8.81,3.48,4.87
17.60,17.6,21/11/2025 10:50:09,1.479,2.578,1181240.366,15.5,924085.0,634036.0,989482.36,260.27,1572.54,1680.80,433.47,3369.98,188.83,84.93,57.20,410.01,36.43,47.60,52.27,807.48,56.00,43.93,19.25,100.83,44.92,56.74,26.50,102.86,18.88,3461.99,319.96,3.44,0.47,11.89,0.59,7.16,2.13,0.00,0.00,4.26,1.31,1.88,3.41,2.64,4.22,3.21,19.34,50.80,7.76,4.93,4.21,18759.40,431.60,2607.71,3175.81,819.03,7209.52,403.97,194.61,131.07,1023.76,90.96,57.34,62.96,1129.83,78.36,73.30,32.12,180.00,80.19,82.93,38.73,147.79,27.13,4949.76,457.46,4.38,0.60,14.88,0.74,8.91,2.65,0.00,0.00,5.04,1.55,2.54,4.61,3.52,5.63,3.58,21.59,54.72,8.36,5.59,4.78
17.70,17.7,21/11/2025 10:50:09,1.180,4.893,,15.6,919420.0,629936.0,990220.53,152.99,1536.32,1315.40,386.04,3217.76,182.95,30.09,25.52,336.24,36.52,75.78,63.42,775.79,55.30,66.28,24.29,82.88,44.45,31.82,23.06,50.24,10.03,3533.57,326.97,3.36,0.45,22.16,1.29,6.60,2.04,0.00,0.00,4.63,1.32,3.31,3.40,2.20,4.12,9.32,19.29,54.09,7.81,4.96,4.28,17264.99,253.70,2547.64,2485.40,729.41,6883.87,391.39,68.95,58.48,839.56,91.19,91.28,76.40,1085.49,77.38,110.59,40.53,147.96,79.35,46.51,33.70,72.19,14.41,5052.10,467.48,4.28,0.57,27.74,1.61,8.22,2.54,0.00,0.00,5.48,1.56,4.47,4.59,2.93,5.49,10.41,21.54,58.27,8.41,5.63,4.86
17.80,17.8,21/11/2025 10:50:09,0.219,4.825,,15.6,907211.0,622616.0,990314.69,614.89,1555.48,1254.74,381.05,3103.56,179.27,134.70,82.35,367.46,36.06,39.03,46.28,746.46,54.59,55.28,21.77,64.46,43.75,63.65,27.42,63.14,12.15,3055.33,280.49,3.62,0.46,26.81,1.72,6.75,2.08,0.00,0.00,5.64,1.43,4.62,3.31,1.65,4.04,12.54,19.06,58.62,7.76,2.35,4.05,17248.51,1019.66,2579.41,2370.78,719.98,6639.55,383.52,308.65,188.69,917.51,90.04,47.02,55.75,1044.45,76.38,92.23,36.32,115.07,78.10,93.03,40.08,90.72,17.46,4368.34,401.03,4.61,0.59,33.56,2.15,8.40,2.59,0.00,0.00,6.67,1.69,6.24,4.47,2.20,5.39,14.00,21.28,63.15,8.36,2.67,4.59
17.90,17.9,21/11/2025 10:50:09,0.878,4.233,,15.7,901704.0,618286.0,990231.33,310.55,1508.56,1633.06,420.29,3292.24,183.19,97.21,62.02,309.10,36.21,62.43,57.91,696.96,54.13,71.23,25.09,54.67,43.54,55.27,25.93,80.13,14.91,2969.08,272.03,3.78,0.46,49.67,4.68,8.69,2.06,0.00,0.00,3.95,1.28,5.71,3.30,2.98,3.99,5.64,19.02,51.99,7.47,4.31,4.10,17507.45,514.98,2501.61,3085.61,794.12,7043.20,391.90,222.74,142.11,771.79,90.41,75.20,69.76,975.19,75.74,118.85,41.86,97.60,77.73,80.78,37.90,115.13,21.42,4245.02,388.93,4.81,0.59,62.18,5.86,10.82,2.56,0.00,0.00,4.67,1.51,7.71,4.46,3.97,5.32,6.30,21.24,56.00,8.05,4.89,4.65
18.00,18.0,21/11/2025 10:50:09,0.783,8.794,,15.7,897057.0,618178.0,990775.98,340.72,1492.09,1598.82,406.52,2503.97,153.34,69.33,47.76,307.96,35.65,61.38,56.77,743.69,54.13,54.47,21.33,73.78,43.27,56.36,25.95,72.38,13.58,3218.27,296.25,3.60,0.46,21.36,1.23,8.62,2.13,0.00,0.00,7.29,1.62,6.99,3.30,3.21,4.03,16.57,18.80,51.36,7.51,3.93,4.13,16138.01,565.01,2474.30,3020.91,768.10,5356.83,328.05,158.86,109.44,768.95,89.01,73.94,68.39,1040.58,75.74,90.88,35.59,131.71,77.24,82.37,37.93,104.00,19.51,4601.30,423.56,4.58,0.59,26.74,1.54,10.73,2.65,0.00,0.00,8.62,1.92,9.44,4.46,4.28,5.37,18.50,20.99,55.33,8.09,4.46,4.69
18.10,18.1,21/11/2025 10:50:09,0.301,6.808,1181238.844,15.6,906051.0,620811.0,989262.46,563.20,1570.86,1484.02,406.37,3485.75,191.41,128.57,78.07,333.19,36.10,219.30,86.00,820.43,55.09,131.79,33.41,72.64,43.79,57.09,26.33,143.31,25.44,3173.19,291.70,3.82,0.48,29.66,1.99,8.24,2.11,0.00,0.00,5.70,1.47,5.19,3.42,3.46,4.12,12.00,19.09,54.09,7.79,2.89,4.22,19055.12,933.94,2604.92,2804.00,767.82,7457.19,409.49,294.60,178.89,831.94,90.14,264.17,103.60,1147.95,77.08,219.89,55.74,129.68,78.17,83.44,38.48,205.91,36.55,4536.85,417.06,4.86,0.61,37.13,2.49,10.26,2.63,0.00,0.00,6.74,1.74,7.01,4.62,4.61,5.49,13.40,21.31,58.27,8.39,3.28,4.79
18.20,18.2,21/11/2025 10:50:09,-0.129,6.677,,15.6,904048.0,621421.0,989673.61,388.43,1505.10,1654.59,425.77,3401.08,189.00,117.98,73.30,410.16,35.72,130.97,75.18,820.36,55.43,64.87,23.80,87.18,43.97,53.08,25.69,134.86,23.99,2930.93,268.27,3.24,0.44,39.69,3.19,6.43,2.07,0.00,0.00,8.87,1.78,4.87,3.35,2.28,4.03,9.94,19.05,53.24,7.69,3.36,4.11,18526.42,644.12,2495.87,3126.29,804.48,7276.05,404.33,270.34,167.96,1024.13,89.19,157.77,90.56,1147.85,77.56,108.24,39.71,155.63,78.49,77.58,37.55,193.77,34.47,4190.48,383.56,4.12,0.56,49.68,3.99,8.00,2.58,0.00,0.00,10.49,2.11,6.58,4.53,3.04,5.37,11.10,21.27,57.35,8.28,3.81,4.66
18.30,18.3,21/11/2025 10:50:09,0.501,3.701,,15.7,903249.0,613536.0,990385.73,409.53,1500.26,1469.50,404.12,3328.05,186.47,75.90,52.03,294.51,36.17,50.19,52.38,770.20,55.05,36.73,16.82,77.75,43.61,60.68,26.68,144.30,25.39,2761.68,251.92,3.91,0.47,45.62,4.06,7.16,2.08,0.00,0.00,5.73,1.47,3.01,3.25,1.77,3.97,12.20,18.89,51.58,7.55,4.29,4.17,17225.75,679.11,2487.84,2776.57,763.57,7119.81,398.92,173.91,119.22,735.36,90.31,60.46,63.10,1077.67,77.03,61.28,28.06,138.80,77.85,88.69,38.99,207.34,36.48,3948.49,360.18,4.98,0.60,57.11,5.08,8.91,2.59,0.00,0.00,6.78,1.74,4.07,4.39,2.36,5.29,13.62,21.09,55.56,8.13,4.87,4.73
18.40,18.4,21/11/2025 10:50:09,0.731,6.675,,15.7,907762.0,612337.0,989497.35,596.72,1568.10,1811.15,446.29,3517.10,192.33,117.89,73.26,316.05,36.41,71.04,61.42,736.76,54.86,48.38,20.17,65.89,44.00,57.04,26.35,178.09,31.55,2876.17,263.07,3.72,0.46,19.46,1.08,7.35,2.09,0.00,0.00,10.35,1.94,5.83,3.28,1.67,3.98,6.32,19.15,51.93,7.60,3.73,4.14,18889.21,989.53,2600.34,3422.10,843.25,7524.25,411.46,270.13,167.87,789.15,90.91,85.58,73.99,1030.88,76.76,80.72,33.65,117.63,78.55,83.37,38.51,255.89,45.33,4112.19,376.12,4.73,0.59,24.36,1.35,9.15,2.60,0.00,0.00,12.24,2.29,7.87,4.43,2.23,5.31,7.06,21.38,55.94,8.19,4.23,4.70
18.50,18.5,21/11/2025 10:51:27,-4.673,7.204,,15.7,904360.0,610221.0,990155.20,275.00,1526.73,1302.53,385.78,3468.90,192.53,43.59,52.34,349.42,36.01,211.81,85.56,785.83,54.94,84.54,27.10,112.53,44.07,58.84,26.52,76.89,14.40,2955.57,270.73,3.52,0.46,21.06,1.21,8.12,2.07,0.00,0.00,7.54,1.65,6.80,3.35,2.77,3.96,12.78,18.93,52.55,7.54,4.19,4.11,17567.78,456.03,2531.74,2461.08,728.92,7421.14,411.89,99.88,119.93,872.47,89.91,255.15,103.07,1099.54,76.87,141.05,45.22,200.89,78.67,86.00,38.76,110.48,20.69,4225.71,387.07,4.48,0.59,26.36,1.51,10.11,2.58,0.00,0.00,8.92,1.95,9.19,4.53,3.69,5.28,14.27,21.14,56.61,8.12,4.75,4.66
18.60,18.6,21/11/2025 10:51:27,0.773,9.255,1181233.817,15.7,897704.0,611325.0,989880.51,468.42,1469.21,1419.71,395.18,3594.00,195.74,125.49,77.13,285.93,35.86,210.99,84.55,854.44,55.45,77.40,25.82,98.82,43.69,67.30,27.93,47.02,9.26,2761.71,251.88,3.77,0.46,6.37,0.29,5.43,1.99,0.00,0.00,8.35,1.75,5.89,3.29,3.38,3.97,14.54,18.85,57.44,7.70,3.09,4.08,18142.71,776.77,2436.36,2682.49,746.68,7688.77,418.75,287.54,176.73,713.94,89.54,254.16,101.85,1195.54,77.59,129.14,43.08,176.41,77.99,98.36,40.82,67.56,13.31,3948.54,360.12,4.80,0.59,7.97,0.36,6.76,2.48,0.00,0.00,9.87,2.07,7.96,4.44,4.51,5.29,16.23,21.05,61.88,8.29,3.51,4.63
18.70,18.7,21/11/2025 10:51:27,0.999,8.599,,15.7,895007.0,611703.0,990499.04,322.41,1495.81,1401.35,393.59,3450.53,190.24,58.06,42.52,371.54,35.78,170.34,80.71,762.89,54.13,75.67,25.48,85.42,43.34,62.38,26.96,54.68,10.52,2578.27,234.26,3.63,0.45,11.14,0.54,5.60,2.03,0.00,0.00,6.97,1.60,5.50,3.26,3.10,3.91,16.68,18.79,51.67,7.54,3.12,3.99,17155.56,534.64,2480.47,2647.80,743.67,7381.84,406.99,133.04,97.43,927.70,89.34,205.19,97.22,1067.44,75.74,126.25,42.51,152.49,77.37,91.17,39.40,78.57,15.12,3686.27,334.93,4.62,0.57,13.94,0.68,6.97,2.53,0.00,0.00,8.24,1.89,7.43,4.40,4.13,5.21,18.62,20.98,55.66,8.12,3.54,4.53
18.80,18.8,21/11/2025 10:51:27,1.246,8.464,,15.7,906054.0,618481.0,990440.11,342.14,1519.45,1463.17,406.16,3805.40,203.93,6.49,6.54,354.21,36.30,98.77,69.30,777.62,55.08,49.51,20.40,101.33,44.18,58.93,26.57,7.84,1.76,2370.47,214.52,3.73,0.45,22.37,1.32,7.64,2.02,0.00,0.00,9.94,1.87,8.36,3.27,2.81,3.90,11.86,19.03,52.93,7.59,4.37,4.04,17473.65,567.36,2519.67,2764.61,767.42,8141.02,436.27,14.87,14.99,884.43,90.64,118.98,83.48,1088.05,77.07,82.61,34.04,180.89,78.87,86.13,38.83,11.26,2.53,3389.16,306.71,4.75,0.57,28.00,1.65,9.51,2.51,0.00,0.00,11.76,2.21,11.29,4.42,3.75,5.20,13.24,21.25,57.02,8.18,4.96,4.58
18.90,18.9,21/11/2025 10:51:27,1.308,8.005,,15.7,894148.0,609919.0,990680.96,363.04,1567.47,1700.79,432.43,3587.64,194.45,53.95,40.12,355.40,35.87,108.88,71.23,734.27,54.00,67.46,23.96,83.72,43.41,61.28,26.82,23.12,4.86,2076.35,186.36,3.44,0.44,5.35,0.24,8.17,2.02,0.00,0.00,9.13,1.77,4.09,3.21,0.87,3.81,19.62,18.82,48.70,7.28,3.79,3.90,17131.17,602.02,2599.30,3213.58,817.06,7675.16,415.99,123.62,91.93,887.40,89.56,131.16,85.80,1027.40,75.56,112.56,39.98,149.46,77.49,89.56,39.20,33.22,6.98,2968.65,266.45,4.38,0.56,6.70,0.30,10.17,2.51,0.00,0.00,10.80,2.09,5.52,4.34,1.16,5.08,21.91,21.01,52.46,7.84,4.30,4.42
19.00,19.0,21/11/2025 10:51:27,1.199,12.763,,15.7,894280.0,608573.0,991098.31,358.19,1547.69,1646.88,427.04,3460.84,192.05,37.03,30.54,267.15,36.20,148.01,77.00,737.89,53.54,21.16,14.17,84.20,43.46,54.48,25.62,5.65,1.26,1975.37,176.87,3.58,0.44,17.85,0.98,5.32,1.95,0.00,0.00,4.94,1.33,7.00,3.16,1.57,3.78,13.90,18.80,47.50,7.28,3.18,3.96,16291.08,593.98,2566.50,3111.72,806.88,7403.90,410.86,84.85,69.98,667.05,90.39,178.29,92.75,1032.46,74.91,35.31,23.64,150.31,77.58,79.63,37.45,8.12,1.81,2824.27,252.88,4.56,0.56,22.34,1.23,6.62,2.43,0.00,0.00,5.84,1.57,9.46,4.27,2.09,5.04,15.52,20.99,51.17,7.84,3.61,4.49
19.10,19.1,21/11/2025 10:51:44,1.099,6.746,1181236.726,15.8,877154.0,601258.0,991596.12,299.82,1532.00,1332.95,385.26,3302.23,184.03,139.15,83.16,334.33,34.99,150.14,76.33,672.22,52.68,27.74,13.92,112.97,42.93,65.87,27.22,24.20,4.97,1829.00,162.81,3.26,0.43,19.31,1.08,8.53,1.98,0.00,0.00,6.59,1.50,4.03,3.10,1.01,3.71,17.23,18.38,49.95,7.28,3.32,3.83,15479.72,497.18,2540.48,2518.56,727.93,7064.58,393.70,318.84,190.55,834.79,87.37,180.86,91.95,940.57,73.71,46.28,23.23,201.67,76.64,96.27,39.78,34.77,7.14,2615.00,232.78,4.15,0.55,24.17,1.35,10.62,2.46,0.00,0.00,7.79,1.77,5.44,4.19,1.35,4.95,19.24,20.52,53.81,7.84,3.77,4.34
19.20,19.2,21/11/2025 10:52:01,1.347,7.470,,15.8,884385.0,605143.0,990102.76,410.42,1517.91,1818.63,445.97,3875.36,204.62,164.60,97.12,369.81,35.63,186.73,82.02,745.14,53.69,91.13,27.87,85.54,43.20,46.52,24.36,81.48,20.66,1915.95,171.07,3.35,0.44,19.99,1.13,6.90,1.96,0.00,0.00,6.33,1.52,3.45,3.15,2.86,3.83,11.30,18.73,48.45,7.27,3.30,3.96,18327.12,680.59,2517.11,3436.23,842.64,8290.69,437.75,377.16,222.54,923.38,88.96,224.94,98.80,1042.60,75.12,152.05,46.50,152.70,77.12,67.99,35.60,117.07,29.69,2739.32,244.59,4.26,0.56,25.02,1.41,8.59,2.44,0.00,0.00,7.49,1.80,4.66,4.25,3.81,5.11,12.62,20.91,52.19,7.83,3.74,4.49
19.30,19.3,21/11/2025 10:52:27,1.702,7.806,,15.7,893418.0,614156.0,990596.09,483.39,1481.77,1698.67,427.63,3588.35,194.70,77.56,52.73,372.38,35.85,125.50,74.32,714.68,53.70,29.44,14.30,86.46,43.46,73.11,28.94,24.31,5.09,2007.65,179.89,3.43,0.44,20.99,1.21,8.18,2.01,0.00,0.00,7.99,1.66,4.61,3.18,1.30,3.89,14.87,18.79,54.96,7.35,6.09,4.02,17303.15,801.59,2457.18,3209.57,807.99,7676.68,416.53,177.72,120.82,929.80,89.51,151.18,89.53,999.98,75.14,49.12,23.86,154.35,77.58,106.85,42.30,34.93,7.31,2870.43,257.20,4.36,0.56,26.27,1.51,10.18,2.50,0.00,0.00,9.45,1.96,6.23,4.30,1.73,5.19,16.60,20.98,59.20,7.92,6.91,4.56
19.40,19.4,21/11/2025 10:52:45,1.960,6.879,,15.7,897457.0,615907.0,990601.76,285.74,1506.00,1604.19,419.64,3744.33,201.23,190.37,111.55,363.59,36.02,148.53,78.45,757.39,54.39,28.61,14.36,89.44,43.83,81.85,30.73,17.92,3.84,1980.16,177.34,3.52,0.45,13.44,0.68,5.51,1.92,0.00,0.00,5.63,1.42,4.82,3.20,1.92,3.89,16.56,18.93,50.70,7.44,4.01,4.00,17403.43,473.84,2497.36,3031.06,792.89,8010.38,430.50,436.21,255.60,907.85,89.94,178.92,94.50,1059.74,76.10,47.74,23.96,159.67,78.24,119.63,44.91,25.75,5.52,2831.12,253.55,4.48,0.57,16.82,0.85,6.86,2.39,0.00,0.00,6.66,1.68,6.51,4.32,2.56,5.19,18.49,21.14,54.61,8.01,4.55,4.54
19.50,19.5,21/11/2025 10:53:19,2.149,6.549,,15.7,899090.0,618912.0,990534.83,526.78,1531.64,1642.98,427.39,3801.69,203.64,60.47,44.15,333.69,36.16,51.30,53.10,747.34,53.91,27.61,14.27,81.00,43.71,39.66,23.59,33.76,6.91,2020.49,181.20,3.78,0.45,10.38,0.50,5.06,1.94,0.00,0.00,4.39,1.24,4.84,3.24,2.12,3.90,19.83,18.95,45.22,7.18,2.78,3.89,17488.80,873.55,2539.88,3104.35,807.54,8133.09,435.65,138.56,101.16,833.19,90.29,61.80,63.96,1045.68,75.43,46.07,23.81,144.60,78.03,57.97,34.48,48.51,9.93,2888.78,259.07,4.81,0.57,12.99,0.63,6.30,2.41,0.00,0.00,5.19,1.47,6.54,4.38,2.83,5.20,22.14,21.16,48.71,7.73,3.15,4.41
19.60,19.6,21/11/2025 10:53:36,1.395,6.679,1181234.475,15.7,897065.0,618114.0,990666.90,437.97,1557.80,1754.39,439.58,3545.38,193.37,73.90,51.02,347.43,35.97,193.54,83.79,746.14,54.06,67.41,24.14,112.76,43.98,52.44,25.40,46.51,9.18,1855.77,165.66,3.06,0.42,6.55,0.30,6.08,1.97,0.00,0.00,5.15,1.34,6.07,3.22,2.63,3.89,18.58,18.89,48.04,7.40,3.30,3.97,17164.07,726.28,2583.26,3314.85,830.57,7584.76,413.68,169.33,116.91,867.50,89.81,233.14,100.93,1044.00,75.64,112.47,40.28,201.30,78.51,76.64,37.12,66.83,13.19,2653.28,236.85,3.89,0.53,8.20,0.38,7.57,2.45,0.00,0.00,6.09,1.58,8.20,4.35,3.51,5.19,20.74,21.09,51.75,7.97,3.74,4.50
19.70,19.7,21/11/2025 10:53:54,1.492,10.515,,15.6,895155.0,621538.0,990773.92,463.28,1535.03,1577.05,417.35,3459.82,190.56,170.68,100.76,389.05,35.73,92.63,67.90,724.60,53.93,26.05,14.24,135.78,44.43,56.22,25.99,74.00,20.51,1932.12,172.84,3.37,0.44,33.50,2.47,6.57,1.97,0.00,0.00,4.60,1.26,1.76,3.21,1.34,3.90,16.96,18.88,53.07,7.48,3.62,4.01,17018.70,768.25,2545.50,2979.78,788.57,7401.71,407.67,391.09,230.88,971.42,89.21,111.58,81.79,1013.86,75.46,43.46,23.76,242.39,79.32,82.17,37.99,106.33,29.47,2762.44,247.12,4.29,0.56,41.93,3.09,8.18,2.45,0.00,0.00,5.44,1.49,2.38,4.34,1.79,5.20,18.94,21.08,57.17,8.06,4.11,4.55
19.80,19.8,21/11/2025 10:54:11,1.564,13.890,,15.6,902281.0,620988.0,991739.85,366.23,1551.62,1477.45,410.81,3199.87,182.95,13.00,12.55,309.44,36.36,58.03,56.75,675.90,53.64,18.44,14.23,63.64,43.47,45.70,24.42,3.07,0.70,1926.69,172.46,3.96,0.46,14.05,0.72,7.58,1.97,0.00,0.00,4.17,1.21,4.33,3.18,3.24,3.88,11.74,18.92,50.32,7.34,3.31,3.84,15151.03,607.31,2573.01,2791.59,776.21,6845.59,391.39,29.79,28.76,772.64,90.79,69.90,68.36,945.72,75.05,30.77,23.74,113.61,77.60,66.79,35.69,4.41,1.01,2754.67,246.57,5.04,0.59,17.59,0.90,9.43,2.45,0.00,0.00,4.93,1.43,5.85,4.30,4.32,5.17,13.11,21.12,54.21,7.91,3.75,4.36
19.90,19.9,21/11/2025 10:54:37,1.030,7.873,,15.6,906814.0,622351.0,991416.08,320.11,1497.54,1539.57,411.61,3286.99,184.47,9.86,9.68,387.38,35.97,15.95,26.42,718.48,54.50,55.65,21.97,66.22,43.83,47.40,24.77,32.39,6.70,2009.17,180.28,3.33,0.44,14.38,0.74,7.29,1.99,0.01,0.16,4.07,1.25,3.70,3.22,3.15,3.90,7.84,19.09,48.17,7.20,2.80,3.98,15794.76,530.83,2483.33,2908.96,777.72,7031.97,394.64,22.59,22.18,967.25,89.81,19.21,31.83,1005.30,76.26,92.85,36.66,118.21,78.24,69.28,36.20,46.54,9.63,2872.60,257.75,4.24,0.56,18.00,0.93,9.07,2.48,0.01,0.21,4.81,1.48,5.00,4.35,4.20,5.20,8.75,21.31,51.89,7.76,3.18,4.52
20.00,20.0,21/11/2025 10:55:03,0.852,14.882,,15.6,918452.0,629654.0,990268.96,422.17,1628.16,1562.59,425.11,3553.46,196.11,69.07,49.55,451.50,36.29,81.50,65.92,743.82,54.89,35.59,16.70,103.47,44.71,45.57,24.72,67.53,12.95,2496.51,226.68,3.88,0.47,5.25,0.24,7.27,1.99,0.00,0.00,4.51,1.28,3.56,3.34,4.52,4.05,13.89,19.25,51.99,7.55,3.39,4.10,17768.30,700.07,2699.94,2952.46,803.23,7602.04,419.54,158.26,113.54,1127.35,90.61,98.18,79.41,1040.76,76.80,59.38,27.86,184.71,79.82,66.60,36.13,97.03,18.61,3569.37,324.09,4.94,0.60,6.57,0.30,9.05,2.48,0.00,0.00,5.33,1.51,4.81,4.51,6.03,5.40,15.51,21.49,56.00,8.13,3.85,4.65
20.10,20.1,21/11/2025 10:55:29,-0.629,9.196,1181237.650,15.5,921182.0,629964.0,989948.50,72.50,1657.75,1460.01,413.77,3653.40,199.71,152.53,92.05,459.75,36.61,170.07,83.31,806.90,56.06,71.01,25.16,139.54,45.15,63.97,27.63,79.24,14.90,2811.53,256.92,3.83,0.47,13.21,0.66,7.45,2.10,0.00,0.00,5.71,1.44,2.11,3.34,1.87,4.09,18.79,19.22,54.40,7.78,3.68,4.13,18247.28,120.22,2749.01,2758.63,781.80,7815.85,427.25,349.50,210.92,1147.95,91.41,204.87,100.36,1129.02,78.44,118.48,41.98,249.10,80.60,93.50,40.38,113.86,21.41,4019.77,367.33,4.87,0.60,16.54,0.83,9.27,2.61,0.00,0.00,6.75,1.70,2.85,4.51,2.49,5.45,20.98,21.46,58.60,8.38,4.17,4.69
20.20,20.2,21/11/2025 10:55:46,1.809,10.784,,15.6,910712.0,624044.0,989817.41,511.33,1537.10,1673.72,432.85,3906.89,208.30,88.88,59.56,406.00,36.38,181.34,84.01,718.35,54.86,70.83,25.25,72.60,44.30,49.68,25.28,46.95,9.35,2353.83,212.94,3.62,0.45,11.93,0.58,6.69,1.95,0.00,0.00,5.56,1.43,5.54,3.29,2.68,3.99,6.65,19.27,55.15,7.51,4.37,4.11,18679.98,847.93,2548.94,3162.43,817.85,8358.15,445.62,203.66,136.47,1013.74,90.84,218.44,101.20,1005.12,76.76,118.18,42.13,129.60,79.08,72.61,36.95,67.46,13.43,3365.37,304.45,4.61,0.57,14.93,0.73,8.33,2.43,0.00,0.00,6.58,1.69,7.48,4.44,3.57,5.32,7.42,21.52,59.41,8.09,4.96,4.66
20.30,20.3,21/11/2025 10:56:03,-0.133,10.583,,15.6,905511.0,622682.0,990854.15,272.45,1562.91,1719.76,439.83,3472.42,192.32,54.09,40.93,349.92,36.48,135.11,76.67,773.47,54.79,17.92,14.34,89.75,44.07,55.94,26.06,62.81,12.02,2013.72,180.60,3.40,0.44,29.28,2.00,5.91,1.97,0.00,0.00,5.96,1.46,3.00,3.24,2.33,3.90,19.00,19.05,56.18,7.48,3.44,3.90,16761.95,451.80,2591.74,3249.42,831.04,7428.67,411.44,123.94,93.79,873.72,91.09,162.75,92.36,1082.24,76.66,29.90,23.93,160.22,78.67,81.76,38.09,90.25,17.27,2879.10,258.21,4.33,0.56,36.65,2.50,7.36,2.45,0.00,0.00,7.05,1.73,4.05,4.38,3.11,5.20,21.21,21.27,60.52,8.06,3.90,4.42
20.40,20.4,21/11/2025 10:56:21,0.480,10.779,,15.6,906445.0,624544.0,991255.66,339.45,1585.99,1320.34,390.02,3187.80,181.63,232.90,135.40,438.13,36.06,77.30,64.03,726.96,54.56,103.26,30.40,85.05,44.24,47.50,24.88,73.53,13.91,2018.18,181.14,3.08,0.43,16.95,0.91,6.65,1.98,0.00,0.00,4.46,1.26,6.25,3.25,2.57,3.93,1.09,19.20,49.53,7.48,3.36,3.97,16108.93,562.90,2630.01,2494.73,736.93,6819.77,388.57,533.66,310.25,1093.97,90.04,93.12,77.13,1017.17,76.34,172.29,50.72,151.83,78.98,69.42,36.36,105.65,19.99,2885.48,258.98,3.92,0.55,21.22,1.14,8.28,2.46,0.00,0.00,5.27,1.49,8.44,4.39,3.43,5.24,1.22,21.44,53.35,8.06,3.81,4.50
20.50,20.5,21/11/2025 10:56:55,1.276,4.898,,15.6,908978.0,627281.0,990038.54,299.31,1555.03,1566.85,416.03,3777.85,202.69,70.23,49.67,428.73,36.29,251.48,90.39,812.11,55.23,60.61,23.04,101.40,44.54,41.58,24.13,111.04,20.10,2295.67,207.37,3.73,0.46,43.17,3.72,9.69,2.10,0.00,0.00,5.92,1.45,7.05,3.36,3.97,4.03,16.10,19.20,49.21,7.37,5.77,4.17,18164.47,496.34,2578.67,2960.50,786.07,8082.09,433.62,160.92,113.81,1070.50,90.61,302.93,108.88,1136.31,77.28,101.13,38.44,181.02,79.51,60.77,35.27,159.55,28.88,3282.22,296.49,4.75,0.59,54.04,4.66,12.06,2.61,0.00,0.00,7.00,1.71,9.52,4.54,5.29,5.37,17.98,21.44,53.01,7.94,6.55,4.73
20.60,20.6,21/11/2025 10:57:12,1.208,6.214,1181236.861,15.6,913132.0,626128.0,990073.66,240.11,1593.82,1542.36,422.39,3904.50,208.53,53.20,40.42,469.99,36.23,108.91,72.75,763.60,55.41,89.98,28.20,101.65,44.26,67.29,28.15,76.38,14.36,2415.74,218.86,3.86,0.47,5.24,0.24,7.02,2.02,0.00,0.00,4.02,1.28,5.36,3.34,1.71,4.03,9.15,19.11,53.24,7.61,3.06,4.10,18259.58,398.17,2642.99,2914.23,798.09,8353.03,446.12,121.90,92.62,1173.52,90.46,131.19,87.63,1068.43,77.53,150.13,47.05,181.46,79.01,98.35,41.14,109.75,20.63,3453.89,312.91,4.91,0.60,6.56,0.30,8.74,2.51,0.00,0.00,4.75,1.51,7.24,4.51,2.28,5.37,10.22,21.34,57.35,8.20,3.47,4.65
20.70,20.7,21/11/2025 10:57:30,1.053,6.809,,15.6,912167.0,625569.0,990062.38,231.25,1574.40,1533.59,417.07,3973.37,210.16,149.86,90.17,371.98,36.34,201.34,85.27,815.57,55.46,46.51,19.77,103.79,44.59,76.10,29.80,63.73,12.24,2258.67,203.86,4.07,0.47,13.98,0.71,6.96,2.01,0.00,0.00,5.03,1.34,2.95,3.28,3.38,4.01,16.21,19.18,55.14,7.60,4.16,4.08,18260.37,383.48,2610.79,2897.66,788.04,8500.37,449.60,343.38,206.61,928.80,90.74,242.54,102.72,1141.15,77.60,77.60,32.99,185.28,79.60,111.22,43.55,91.57,17.59,3229.32,291.47,5.18,0.60,17.50,0.89,8.66,2.50,0.00,0.00,5.95,1.58,3.98,4.43,4.51,5.35,18.10,21.41,59.40,8.19,4.72,4.63
20.80,20.8,21/11/2025 10:57:56,1.148,6.281,,15.6,913314.0,624632.0,988650.87,939.60,1543.39,1987.58,469.87,3997.00,210.41,18.34,51.62,370.71,36.61,240.49,89.14,807.35,55.64,78.35,26.56,106.42,44.69,53.43,25.85,74.56,14.06,2565.76,233.14,3.88,0.47,19.19,1.06,7.46,2.01,0.00,0.00,4.57,1.29,2.66,3.36,2.37,4.04,11.37,19.23,54.70,7.70,3.33,4.08,20551.60,1558.12,2559.37,3755.46,887.80,8550.92,450.14,42.02,118.28,925.63,91.41,289.70,107.38,1129.65,77.85,130.73,44.32,189.98,79.78,78.09,37.78,107.13,20.20,3668.38,333.33,4.94,0.60,24.02,1.33,9.29,2.50,0.00,0.00,5.40,1.53,3.59,4.54,3.16,5.39,12.69,21.47,58.92,8.29,3.78,4.63
20.90,20.9,21/11/2025 10:58:13,1.190,11.771,,15.6,908414.0,624105.0,988731.87,498.11,1536.97,1996.10,474.41,4426.60,226.49,142.71,87.11,437.99,36.40,131.10,76.08,831.10,55.87,56.03,22.02,84.14,44.36,66.48,28.07,101.53,18.49,2362.51,213.64,3.67,0.46,42.40,3.60,6.89,2.13,0.00,0.00,6.69,1.59,4.88,3.32,3.86,4.09,8.81,19.21,53.38,7.70,3.16,4.12,20830.38,826.00,2548.72,3771.56,896.38,9469.98,484.54,327.00,199.60,1093.62,90.89,157.92,91.65,1162.88,78.17,93.49,36.74,150.21,79.19,97.16,41.03,145.88,26.57,3377.78,305.45,4.67,0.59,53.08,4.51,8.58,2.65,0.00,0.00,7.91,1.88,6.59,4.48,5.15,5.45,9.84,21.45,57.50,8.29,3.58,4.67
21.00,21.0,21/11/2025 10:58:48,1.284,11.238,,15.6,902865.0,619653.0,990099.84,357.76,1510.05,1701.71,436.32,3819.91,205.12,99.12,64.64,402.11,36.07,124.79,74.18,811.33,55.22,114.28,31.68,66.82,44.05,33.87,23.16,25.26,5.34,2226.05,200.73,3.54,0.45,40.32,3.33,6.91,2.02,0.00,0.00,6.00,1.47,5.12,3.29,2.01,3.93,0.00,0.00,50.06,7.49,3.20,4.00,18213.60,593.26,2504.08,3215.32,824.41,8172.07,438.82,227.12,148.11,1004.03,90.06,150.32,89.36,1135.22,77.26,190.68,52.86,119.29,78.64,49.50,33.85,36.29,7.67,3182.68,286.99,4.50,0.57,50.47,4.17,8.60,2.51,0.00,0.00,7.10,1.74,6.92,4.44,2.68,5.24,0.00,0.00,53.93,8.07,3.63,4.54
21.10,21.1,21/11/2025 10:59:05,1.070,8.129,1181235.605,15.7,889443.0,614095.0,990374.49,309.01,1503.92,1810.58,442.72,3812.29,202.04,63.87,44.86,337.48,35.72,191.38,82.57,698.58,53.68,90.72,27.91,95.31,43.52,50.99,25.15,32.72,6.69,2029.77,182.01,3.89,0.46,19.06,1.06,7.12,2.02,0.00,0.00,4.08,1.25,3.78,3.21,2.57,3.90,8.81,18.83,50.84,7.45,2.65,4.03,17749.95,512.42,2493.91,3421.02,836.50,8155.76,432.23,146.35,102.79,842.66,89.19,230.54,99.46,977.46,75.11,151.37,46.57,170.15,77.69,74.52,36.76,47.01,9.61,2902.05,260.23,4.95,0.59,23.86,1.33,8.86,2.51,0.00,0.00,4.83,1.48,5.11,4.34,3.43,5.20,9.84,21.02,54.77,8.03,3.01,4.57
21.20,21.2,21/11/2025 10:59:22,0.266,7.273,,15.7,890993.0,613189.0,989730.52,220.63,1546.76,1641.23,428.15,4330.44,221.39,88.34,58.24,348.79,35.91,177.09,81.08,774.78,54.49,87.06,27.31,93.72,43.57,40.74,23.76,55.02,10.63,2289.88,206.59,3.45,0.44,34.89,2.61,8.31,2.05,0.00,0.00,4.11,1.25,3.68,3.23,2.99,3.93,8.13,18.86,52.95,7.57,3.26,4.00,18969.03,365.87,2564.95,3101.04,808.97,9264.26,473.63,202.42,133.45,870.90,89.66,213.32,97.67,1084.08,76.24,145.26,45.57,167.31,77.78,59.54,34.73,79.05,15.27,3273.94,295.37,4.39,0.56,43.67,3.27,10.34,2.55,0.00,0.00,4.86,1.48,4.97,4.36,3.99,5.24,9.08,21.06,57.04,8.15,3.70,4.54
21.30,21.3,21/11/2025 10:59:39,-0.109,6.279,,15.7,895978.0,617034.0,990454.04,389.84,1490.36,1534.25,411.45,3679.94,198.76,2.36,2.46,427.19,35.51,185.06,81.80,779.45,54.53,59.34,22.54,87.26,43.75,50.85,25.19,70.79,13.31,2172.34,195.55,3.74,0.45,16.20,0.85,7.02,1.98,0.00,0.00,4.25,1.24,4.78,3.24,2.75,3.91,7.54,18.93,56.18,7.59,4.84,4.04,17463.65,646.46,2471.43,2898.91,777.42,7872.62,425.21,5.41,5.64,1066.65,88.67,222.92,98.54,1090.61,76.30,99.01,37.61,155.78,78.10,74.32,36.82,101.71,19.12,3105.89,279.59,4.76,0.57,20.28,1.06,8.74,2.46,0.00,0.00,5.03,1.47,6.46,4.38,3.67,5.21,8.42,21.14,60.52,8.18,5.49,4.58
21.40,21.4,21/11/2025 11:00:05,-0.734,9.058,,15.7,899518.0,620233.0,989853.99,402.68,1552.38,1713.39,435.27,3571.99,195.59,36.83,30.00,328.35,35.94,160.73,79.19,776.56,54.76,70.79,24.76,92.01,43.80,52.33,25.45,75.62,14.06,2757.98,251.54,3.84,0.47,25.38,1.59,6.58,2.05,0.00,0.00,4.35,1.28,4.13,3.33,1.92,4.01,7.30,18.95,49.92,7.58,3.31,4.06,18265.78,667.75,2574.27,3237.39,822.43,7641.68,418.43,84.39,68.74,819.86,89.74,193.62,95.39,1086.57,76.62,118.11,41.31,164.25,78.19,76.48,37.20,108.65,20.20,3943.20,359.64,4.89,0.60,31.77,1.99,8.19,2.55,0.00,0.00,5.14,1.51,5.58,4.50,2.56,5.35,8.15,21.16,53.77,8.17,3.75,4.61
21.50,21.5,21/11/2025 11:00:31,2.683,12.232,,15.7,897111.0,617878.0,990636.10,355.64,1528.44,1412.27,396.38,3501.34,192.32,91.97,60.30,351.68,35.84,109.58,70.84,817.99,55.10,88.32,27.77,102.07,43.84,61.60,26.90,33.12,6.77,2329.46,210.51,3.38,0.44,23.10,1.39,7.05,1.99,0.00,0.00,4.09,1.24,3.64,3.25,1.93,3.94,7.95,18.90,54.51,7.46,3.21,3.97,17037.39,589.75,2534.58,2668.43,748.95,7490.54,411.44,210.74,138.17,878.11,89.49,132.00,85.33,1144.54,77.10,147.36,46.33,182.21,78.26,90.03,39.32,47.59,9.73,3330.53,300.98,4.30,0.56,28.92,1.74,8.78,2.48,0.00,0.00,4.84,1.47,4.92,4.39,2.57,5.25,8.88,21.10,58.72,8.04,3.64,4.50
21.60,21.6,21/11/2025 11:00:57,0.619,9.129,1181238.974,15.6,900647.0,620585.0,990523.37,240.18,1556.01,1513.48,408.60,3558.69,193.55,65.45,46.03,339.14,36.14,94.74,67.70,878.96,55.47,70.68,24.82,99.03,43.94,69.24,28.34,97.76,17.77,2338.91,211.43,3.59,0.45,21.93,1.29,8.15,2.05,0.00,0.00,7.27,1.59,2.31,3.24,3.57,3.99,10.95,18.95,48.50,7.43,4.09,4.00,17220.09,398.28,2580.29,2859.66,772.03,7613.23,414.07,149.97,105.47,846.80,90.24,114.12,81.55,1229.85,77.61,117.93,41.41,176.79,78.44,101.20,41.42,140.47,25.53,3344.04,302.29,4.57,0.57,27.45,1.61,10.14,2.55,0.00,0.00,8.60,1.88,3.12,4.38,4.76,5.32,12.23,21.16,52.25,8.00,4.64,4.54
21.70,21.7,21/11/2025 11:01:14,0.465,7.279,,15.6,903605.0,622157.0,990608.46,213.75,1532.21,1445.43,401.57,3459.79,190.38,114.81,71.49,444.59,35.74,153.43,78.73,819.81,55.28,80.08,26.51,113.52,44.14,67.41,28.04,80.93,15.02,2285.48,206.35,4.01,0.46,30.36,2.09,8.12,1.98,0.00,0.00,4.05,1.25,2.81,3.29,1.57,4.00,7.96,18.95,51.12,7.43,2.50,4.06,17141.68,354.46,2540.83,2731.09,758.75,7401.65,407.29,263.07,163.81,1110.10,89.24,184.82,94.84,1147.08,77.35,133.61,44.23,202.65,78.80,98.52,40.98,116.28,21.58,3267.65,295.03,5.10,0.59,38.00,2.62,10.11,2.46,0.00,0.00,4.79,1.48,3.80,4.44,2.09,5.33,8.89,21.16,55.07,8.00,2.84,4.61
21.80,21.8,21/11/2025 11:01:32,-0.524,6.020,,15.6,906827.0,620582.0,989812.74,398.34,1520.91,1811.60,445.90,3697.45,199.85,119.84,74.71,377.59,36.28,227.52,88.33,792.31,55.52,78.75,26.72,81.01,44.40,63.89,27.63,81.78,15.25,2353.30,212.85,3.64,0.45,17.27,0.93,8.33,2.08,0.00,0.00,4.35,1.26,5.38,3.26,2.28,4.03,4.52,19.27,53.72,7.56,4.39,4.05,18565.15,660.56,2522.09,3422.95,842.51,7910.08,427.55,274.60,171.19,942.81,90.59,274.07,106.40,1108.60,77.68,131.39,44.58,144.62,79.26,93.38,40.38,117.50,21.91,3364.62,304.32,4.63,0.57,21.62,1.16,10.37,2.59,0.00,0.00,5.14,1.49,7.27,4.40,3.04,5.37,5.05,21.52,57.87,8.14,4.98,4.59
21.90,21.9,21/11/2025 11:01:49,-0.524,8.598,,15.6,903542.0,619040.0,990167.55,919.18,1578.65,1621.29,425.76,3385.28,188.88,31.74,26.89,424.25,36.02,81.15,64.95,806.29,55.44,84.48,27.20,116.03,44.16,79.27,30.29,48.84,9.64,2132.64,191.83,3.57,0.45,17.54,0.95,5.47,1.96,0.00,0.00,3.97,1.25,3.21,3.25,3.57,3.93,10.03,18.95,51.15,7.58,3.49,4.07,17888.44,1524.25,2617.84,3063.37,804.46,7242.25,404.08,72.73,61.61,1059.31,89.94,97.75,78.24,1128.17,77.57,140.95,45.38,207.14,78.83,115.86,44.27,70.18,13.85,3049.13,274.27,4.54,0.57,21.96,1.19,6.81,2.44,0.00,0.00,4.69,1.48,4.34,4.39,4.76,5.24,11.20,21.16,55.10,8.17,3.96,4.62
22.00,22.0,21/11/2025 11:01:49,-0.516,2.710,,15.6,908743.0,621474.0,990493.86,302.94,1550.69,1520.30,413.84,3739.43,201.71,70.51,49.46,345.71,36.61,128.08,75.75,802.87,55.60,59.11,22.56,83.11,44.00,60.76,26.91,90.62,16.69,2190.17,197.36,3.85,0.46,16.39,0.87,7.09,1.98,0.00,0.00,7.26,1.60,2.07,3.26,1.63,3.93,16.81,19.07,54.75,7.67,2.65,3.95,17403.17,502.36,2571.47,2872.55,781.94,7999.89,431.53,161.56,113.33,863.20,91.41,154.29,91.25,1123.38,77.80,98.62,37.64,148.37,78.55,88.80,39.33,130.21,23.98,3131.38,282.17,4.90,0.59,20.52,1.09,8.83,2.46,0.00,0.00,8.59,1.89,2.80,4.40,2.17,5.24,18.77,21.29,58.98,8.26,3.01,4.48
22.10,22.1,21/11/2025 11:02:41,1.726,4.098,1181237.455,15.6,912067.0,626969.0,989581.82,498.83,1572.56,1657.38,433.15,3875.45,206.53,110.47,69.80,338.41,36.68,222.08,87.90,836.14,55.66,96.44,29.41,88.19,44.41,69.22,28.59,99.32,18.20,2427.42,219.96,3.91,0.47,13.81,0.70,7.02,2.03,0.00,0.00,4.83,1.31,3.22,3.33,2.60,4.08,6.30,19.25,52.57,7.66,4.58,4.04,18931.39,827.20,2607.74,3131.56,818.42,8290.89,441.84,253.13,159.94,844.98,91.59,267.52,105.88,1169.93,77.88,160.91,49.07,157.44,79.28,101.17,41.79,142.71,26.15,3470.59,314.49,4.98,0.60,17.29,0.88,8.74,2.53,0.00,0.00,5.71,1.55,4.35,4.50,3.47,5.44,7.03,21.49,56.63,8.25,5.20,4.58
22.20,22.2,21/11/2025 11:03:07,2.915,3.506,,15.6,918322.0,630090.0,990212.99,167.85,1572.34,1670.35,433.83,3687.41,199.66,166.46,98.65,288.31,37.08,106.03,71.79,863.20,56.16,72.65,25.49,101.22,44.51,84.79,31.57,117.81,21.27,2361.49,213.74,3.74,0.46,5.24,0.24,7.25,2.05,0.00,0.00,5.07,1.36,5.20,3.32,1.14,4.01,14.66,19.20,53.31,7.53,3.82,4.09,17844.28,278.34,2607.37,3156.06,819.71,7888.60,427.14,381.42,226.04,719.88,92.59,127.72,86.48,1207.79,78.58,121.22,42.53,180.70,79.46,123.93,46.14,169.27,30.56,3376.33,305.59,4.76,0.59,6.56,0.30,9.02,2.55,0.00,0.00,6.00,1.61,7.02,4.48,1.52,5.35,16.37,21.44,57.43,8.11,4.33,4.64
22.30,22.3,21/11/2025 11:03:24,1.759,9.651,,15.5,919482.0,631264.0,990194.49,254.47,1559.80,1557.00,421.27,3968.80,209.98,93.73,61.85,309.81,36.90,201.72,86.58,795.15,55.76,101.12,30.25,69.17,44.49,44.14,24.64,107.20,19.57,2205.01,198.93,3.87,0.46,19.41,1.09,6.14,1.98,0.00,0.00,3.79,1.27,4.13,3.31,2.54,4.01,5.02,19.41,49.64,7.42,3.67,4.14,17975.27,421.98,2586.58,2941.89,795.97,8490.59,449.22,214.77,141.72,773.57,92.14,242.99,104.29,1112.58,78.02,168.72,50.47,123.48,79.42,64.51,36.01,154.03,28.12,3152.60,284.42,4.92,0.59,24.30,1.36,7.64,2.46,0.00,0.00,4.48,1.50,5.58,4.47,3.39,5.35,5.60,21.67,53.47,7.99,4.16,4.70
22.40,22.4,21/11/2025 11:03:41,1.277,5.884,,15.5,925090.0,635508.0,989346.44,398.32,1576.62,1770.52,447.70,4219.75,219.59,181.88,108.06,402.74,37.13,179.65,85.32,854.98,56.77,124.03,33.12,107.43,45.20,52.79,26.07,65.98,12.79,2199.57,198.37,3.51,0.45,8.38,0.39,6.99,2.06,0.00,0.00,4.23,1.28,3.81,3.39,1.22,4.07,10.77,19.51,53.04,7.52,3.95,4.13,19692.95,660.52,2614.47,3345.33,845.91,9027.46,469.78,416.75,247.60,1005.60,92.71,216.41,102.78,1196.29,79.43,206.94,55.26,191.78,80.69,77.16,38.10,94.80,18.38,3144.82,283.62,4.47,0.57,10.49,0.49,8.70,2.56,0.00,0.00,5.00,1.51,5.15,4.58,1.63,5.43,12.02,21.78,57.14,8.10,4.48,4.69
22.50,22.5,21/11/2025 11:04:16,1.341,5.553,,15.5,929720.0,639437.0,989483.73,353.12,1579.49,1694.86,440.79,4140.79,217.03,84.07,57.46,430.56,37.34,128.61,77.87,943.60,57.74,81.23,27.58,97.14,45.46,50.80,25.86,16.85,3.74,2390.56,216.67,3.68,0.46,20.72,1.19,7.13,2.05,0.00,0.00,5.24,1.37,4.42,3.36,3.59,4.10,4.80,19.65,51.74,7.62,2.76,4.05,19335.36,585.57,2619.23,3202.37,832.86,8858.54,464.30,192.64,131.66,1075.07,93.23,154.92,93.80,1320.29,80.79,135.53,46.02,173.41,81.15,74.25,37.80,24.21,5.37,3417.89,309.78,4.68,0.59,25.94,1.49,8.87,2.55,0.00,0.00,6.20,1.62,5.97,4.54,4.79,5.47,5.36,21.94,55.74,8.21,3.13,4.59
22.60,22.6,21/11/2025 11:04:33,1.489,8.464,1181235.734,15.4,935442.0,644922.0,988917.96,189.35,1596.37,1843.76,462.16,4526.74,230.72,126.11,78.95,479.61,37.33,62.58,61.08,916.82,58.22,100.49,30.71,115.54,45.85,67.07,28.62,63.06,12.39,2495.84,226.75,3.94,0.48,13.59,0.69,7.82,2.06,0.00,0.00,6.68,1.58,4.65,3.42,2.60,4.15,0.00,0.00,51.22,7.66,4.59,4.21,20567.39,313.99,2647.22,3483.72,873.23,9684.21,493.59,288.96,180.90,1197.54,93.21,75.38,73.58,1282.82,81.46,167.67,51.24,206.26,81.85,98.03,41.83,90.61,17.80,3568.41,324.19,5.01,0.61,17.01,0.86,9.73,2.56,0.00,0.00,7.90,1.87,6.28,4.62,3.47,5.53,0.00,0.00,55.18,8.25,5.21,4.78
22.70,22.7,21/11/2025 11:04:50,1.177,12.765,,15.4,952464.0,651483.0,987366.17,418.21,1612.52,2333.32,525.61,4850.93,243.02,16.12,15.63,421.82,38.36,168.40,86.69,998.16,59.53,157.17,37.63,104.30,46.59,71.05,29.62,176.04,31.74,2800.24,255.90,4.55,0.50,16.86,0.90,7.47,2.12,0.00,0.00,5.23,1.43,5.41,3.56,3.71,4.34,13.45,20.14,56.60,8.01,4.82,4.35,23114.59,693.51,2674.00,4408.72,993.12,10377.76,519.90,36.94,35.81,1053.24,95.78,202.86,104.43,1396.63,83.29,262.24,62.79,186.19,83.17,103.84,43.29,252.94,45.61,4003.63,365.87,5.79,0.64,21.10,1.13,9.30,2.64,0.00,0.00,6.18,1.69,7.31,4.81,4.95,5.79,15.02,22.49,60.97,8.63,5.47,4.93
22.80,22.8,21/11/2025 11:05:16,1.255,8.666,,15.4,954479.0,654144.0,987990.14,383.82,1644.81,2075.44,492.28,4513.63,230.46,224.68,131.52,429.69,38.39,241.55,95.49,948.86,59.13,149.47,36.62,126.36,46.61,78.79,31.04,61.92,12.32,2671.79,243.65,4.19,0.50,5.21,0.24,6.02,2.09,0.00,0.00,7.24,1.68,6.00,3.55,3.57,4.36,11.48,20.02,56.19,7.93,3.99,4.31,22038.17,636.48,2727.55,3921.47,930.14,9656.17,493.03,514.82,301.36,1072.89,95.86,290.97,115.03,1327.65,82.74,249.39,61.10,225.58,83.21,115.16,45.37,88.97,17.70,3819.98,348.36,5.33,0.64,6.52,0.30,7.49,2.60,0.00,0.00,8.56,1.99,8.10,4.80,4.76,5.81,12.82,22.35,60.53,8.54,4.53,4.89
22.90,22.9,21/11/2025 11:05:34,1.832,8.067,,15.4,955114.0,656295.0,988769.88,288.61,1627.96,1919.14,474.03,4511.35,231.65,13.56,13.45,476.72,38.14,137.29,82.28,886.68,58.53,136.92,35.59,130.19,46.85,49.21,26.06,103.03,19.33,2479.62,225.35,3.95,0.48,5.28,0.24,6.85,2.08,0.00,0.00,7.47,1.73,5.16,3.49,2.32,4.29,3.24,20.09,58.53,7.92,5.01,4.19,20720.91,478.59,2699.61,3626.14,895.66,9651.29,495.58,31.07,30.82,1190.32,95.23,165.38,99.11,1240.65,81.90,228.45,59.38,232.41,83.64,71.92,38.09,148.04,27.77,3545.22,322.19,5.03,0.61,6.61,0.30,8.53,2.59,0.00,0.00,8.83,2.05,6.97,4.71,3.09,5.72,3.62,22.43,63.05,8.53,5.68,4.75
23.00,23.0,21/11/2025 11:06:00,0.967,5.095,,15.3,959862.0,659437.0,987273.48,569.61,1672.30,2122.63,503.22,5157.09,253.69,75.25,54.39,491.79,38.85,225.16,94.55,1023.44,59.98,100.14,31.14,80.95,46.50,71.67,29.84,118.04,21.82,2571.51,234.06,4.23,0.49,13.22,0.67,7.04,2.14,0.00,0.00,8.32,1.81,7.01,3.56,3.99,4.37,17.39,20.22,52.98,7.99,5.05,4.26,23491.64,944.57,2773.13,4010.63,950.82,11032.74,542.73,172.43,124.63,1227.95,97.00,271.23,113.90,1432.00,83.92,167.08,51.96,144.51,83.01,104.75,43.61,169.60,31.35,3676.60,334.65,5.38,0.62,16.55,0.84,8.76,2.66,0.00,0.00,9.84,2.14,9.47,4.81,5.32,5.83,19.42,22.58,57.07,8.61,5.73,4.83
23.10,23.1,21/11/2025 11:06:25,0.550,10.580,1181233.288,15.3,963516.0,661820.0,987751.11,234.76,1686.61,2155.22,509.14,4895.27,245.53,25.22,23.13,461.70,38.74,246.64,96.78,1042.17,60.51,126.66,34.74,133.15,47.44,68.27,29.31,90.96,17.39,2663.13,242.89,4.06,0.49,5.36,0.25,7.39,2.13,0.00,0.00,9.73,1.94,5.86,3.60,2.64,4.38,9.79,20.31,55.94,7.96,4.97,4.34,22507.99,389.30,2796.86,4072.21,962.00,10472.62,525.27,57.79,53.00,1152.82,96.73,297.10,116.58,1458.21,84.67,211.33,57.96,237.70,84.69,99.78,42.84,130.69,24.99,3807.59,347.27,5.17,0.62,6.71,0.31,9.20,2.65,0.00,0.00,11.51,2.29,7.92,4.86,3.52,5.84,10.93,22.68,60.26,8.57,5.64,4.92
23.20,23.2,21/11/2025 11:06:43,1.449,8.661,,15.4,949071.0,655202.0,988737.04,268.97,1632.77,1863.13,465.06,4586.49,232.49,207.68,122.35,480.71,38.16,135.04,81.88,870.69,58.01,105.71,31.66,50.85,45.56,48.24,25.77,107.35,19.96,2441.78,221.71,4.07,0.49,5.27,0.24,7.47,2.14,0.00,0.00,6.28,1.59,4.34,3.45,4.16,4.22,6.60,19.98,54.23,7.85,3.90,4.22,20928.63,446.03,2707.58,3520.31,878.71,9812.04,497.37,475.87,280.35,1200.29,95.28,162.67,98.63,1218.27,81.17,176.38,52.82,90.78,81.33,70.51,37.66,154.24,28.68,3491.12,316.99,5.18,0.62,6.60,0.30,9.30,2.66,0.00,0.00,7.43,1.88,5.86,4.66,5.55,5.63,7.37,22.31,58.42,8.46,4.42,4.79
23.30,23.3,21/11/2025 11:07:00,3.635,9.587,,15.4,952839.0,654631.0,987260.04,317.25,1664.35,2230.76,518.44,5339.40,260.93,41.26,34.64,489.24,38.61,195.84,90.84,982.11,59.37,134.93,35.53,73.30,46.40,56.30,27.21,64.56,12.76,2685.22,244.86,3.98,0.48,30.23,2.05,6.44,2.03,0.00,0.00,13.66,2.26,5.53,3.49,3.61,4.32,6.42,20.24,56.10,7.87,3.83,4.32,23611.51,526.09,2759.95,4214.94,979.57,11422.76,558.22,94.54,79.37,1221.59,96.41,235.91,109.43,1374.17,83.07,225.13,59.28,130.85,82.83,82.29,39.77,92.76,18.33,3839.18,350.09,5.06,0.61,37.84,2.57,8.02,2.53,0.00,0.00,16.15,2.67,7.47,4.71,4.81,5.76,7.17,22.60,60.43,8.48,4.34,4.90
23.40,23.4,21/11/2025 11:07:26,1.627,16.199,,15.3,965491.0,653464.0,986032.64,276.25,1664.71,2017.35,492.97,5996.32,283.71,158.83,98.48,618.88,38.85,259.24,98.75,1058.67,61.10,169.64,38.98,83.28,46.95,68.66,29.50,148.30,27.07,2984.40,273.66,3.94,0.50,5.47,0.25,9.26,2.24,0.00,0.00,14.17,2.33,8.89,3.64,1.68,4.38,17.80,20.44,62.04,8.29,4.29,4.44,25958.78,458.10,2760.55,3811.71,931.45,12828.14,606.95,363.94,225.65,1545.28,97.00,312.28,118.95,1481.30,85.49,283.04,65.04,148.67,83.81,100.35,43.12,213.08,38.90,4266.93,391.26,5.01,0.64,6.85,0.31,11.53,2.79,0.00,0.00,16.76,2.76,12.01,4.92,2.24,5.84,19.87,22.82,66.83,8.93,4.87,5.04
23.50,23.5,21/11/2025 11:07:52,2.251,9.989,,15.4,963030.0,650561.0,986823.39,313.46,1636.17,2212.13,518.12,5338.48,261.38,45.53,37.76,483.04,38.89,208.59,92.87,1071.48,60.73,136.14,35.58,119.47,47.17,67.45,29.18,181.99,32.96,2887.28,264.30,3.75,0.48,7.17,0.33,7.90,2.19,0.19,0.17,15.01,2.36,8.29,3.58,1.94,4.32,14.15,20.30,47.93,7.55,5.25,4.34,24238.58,519.80,2713.22,4179.74,978.97,11420.80,559.18,104.33,86.52,1206.10,97.10,251.27,111.87,1499.22,84.97,227.15,59.37,213.28,84.21,98.58,42.65,261.49,47.36,4128.07,377.88,4.77,0.61,8.98,0.41,9.83,2.73,0.25,0.22,17.75,2.79,11.20,4.84,2.59,5.76,15.80,22.67,51.63,8.13,5.96,4.92
23.60,23.6,21/11/2025 11:08:09,2.644,7.870,1181233.951,15.4,957143.0,647496.0,987588.22,207.68,1654.62,2072.76,496.09,4685.34,238.14,164.13,99.56,452.01,38.18,263.12,97.28,1053.22,60.68,157.15,37.86,128.01,46.98,74.53,30.28,197.02,35.49,2810.56,256.88,4.13,0.50,44.57,3.84,8.61,2.12,0.00,0.00,16.12,2.43,8.41,3.57,1.94,4.29,3.18,20.15,55.82,7.94,3.47,4.34,22653.15,344.39,2743.82,3916.40,937.34,10023.51,509.46,376.08,228.13,1128.63,95.33,316.96,117.18,1473.67,84.90,262.20,63.17,228.52,83.87,108.93,44.26,283.09,50.99,4018.38,367.27,5.26,0.64,55.79,4.81,10.72,2.64,0.00,0.00,19.06,2.87,11.36,4.82,2.59,5.72,3.55,22.50,60.13,8.55,3.94,4.92
23.70,23.7,21/11/2025 11:08:35,2.596,9.188,,15.4,955263.0,647919.0,986735.35,262.22,1649.90,2156.19,510.55,5593.58,269.27,45.42,55.72,487.25,38.38,271.79,98.64,1139.22,61.17,110.96,32.54,107.67,46.84,67.28,29.06,90.14,17.09,2795.12,255.34,3.66,0.48,21.60,1.25,7.92,2.14,0.00,0.00,12.56,2.19,9.12,3.61,1.84,4.29,17.52,20.22,59.19,8.16,4.43,4.36,24478.54,434.83,2735.99,4074.04,964.67,11966.54,576.06,104.07,127.67,1216.62,95.83,327.40,118.82,1594.00,85.59,185.14,54.29,192.21,83.62,98.33,42.47,129.52,24.56,3996.31,365.07,4.66,0.61,27.04,1.56,9.86,2.66,0.00,0.00,14.85,2.59,12.32,4.88,2.45,5.72,19.56,22.58,63.76,8.79,5.03,4.95
23.80,23.8,21/11/2025 11:08:52,0.848,8.399,,15.4,953232.0,651508.0,986087.86,216.11,1681.09,2104.79,503.01,6339.82,293.34,131.99,83.00,496.12,38.33,246.15,95.82,1054.34,60.58,149.10,36.89,111.76,46.94,64.82,28.69,116.37,21.53,2764.70,252.40,3.82,0.48,5.31,0.25,5.91,2.15,0.00,0.00,12.03,2.15,6.89,3.60,2.41,4.34,16.21,20.26,58.03,8.15,5.48,4.36,26006.72,358.37,2787.71,3976.92,950.42,13563.00,627.55,302.44,190.18,1238.76,95.71,296.51,115.43,1475.24,84.76,248.77,61.55,199.51,83.80,94.74,41.93,167.21,30.94,3952.81,360.87,4.86,0.61,6.65,0.31,7.36,2.68,0.00,0.00,14.23,2.54,9.31,4.86,3.21,5.79,18.10,22.62,62.51,8.78,6.22,4.95
23.90,23.9,21/11/2025 11:09:10,1.963,8.993,,15.3,957623.0,653934.0,987226.53,595.61,1645.82,1729.99,453.88,5144.15,253.50,76.63,54.89,536.00,38.27,314.57,102.84,1089.78,60.75,95.16,30.58,81.62,46.76,54.20,27.00,131.07,24.09,2820.80,257.99,3.77,0.48,5.33,0.25,7.82,2.12,0.00,0.00,10.25,2.00,6.25,3.53,2.17,4.31,9.00,20.33,55.33,7.95,3.97,4.43,23403.04,987.69,2729.22,3268.75,857.59,11005.06,542.32,175.59,125.77,1338.34,95.56,378.93,123.88,1524.83,85.00,158.77,51.02,145.71,83.48,79.22,39.46,188.33,34.61,4033.02,368.86,4.80,0.61,6.67,0.31,9.73,2.64,0.00,0.00,12.12,2.37,8.44,4.77,2.89,5.75,10.05,22.70,59.60,8.56,4.50,5.03
24.00,24.0,21/11/2025 11:09:44,2.841,10.450,,15.4,962494.0,653853.0,986316.50,391.51,1728.25,2115.34,506.62,5481.03,265.99,22.08,20.89,469.59,38.94,311.42,103.20,1111.06,61.28,178.81,39.91,76.66,46.88,60.99,28.18,147.37,26.82,3215.10,295.91,4.08,0.50,7.09,0.33,6.99,2.20,0.00,0.00,13.23,2.26,5.99,3.60,2.26,4.42,3.19,20.47,55.94,8.12,3.76,4.41,24975.16,649.23,2865.92,3996.86,957.24,11725.76,569.04,50.59,47.87,1172.52,97.23,375.14,124.32,1554.60,85.74,298.34,66.59,136.85,83.69,89.14,41.19,211.75,38.54,4596.77,423.08,5.19,0.64,8.88,0.41,8.70,2.74,0.00,0.00,15.65,2.67,8.09,4.86,3.01,5.89,3.56,22.85,60.26,8.75,4.27,5.00
24.10,24.1,21/11/2025 11:10:01,2.524,6.214,1181235.472,15.4,958366.0,650765.0,987297.91,317.74,1691.15,1836.83,470.06,4878.78,244.91,141.55,88.23,491.13,38.47,267.87,98.47,1095.30,60.76,151.45,37.13,125.05,47.00,65.67,28.74,122.24,22.49,3094.81,284.33,4.17,0.50,5.42,0.25,7.51,2.12,0.00,0.00,13.91,2.25,7.06,3.61,4.38,4.34,5.80,20.19,61.50,8.18,3.93,4.39,23143.53,526.90,2804.39,3470.62,888.16,10437.34,523.94,324.34,202.17,1226.30,96.06,322.68,118.62,1532.55,85.02,252.69,61.95,223.24,83.90,95.98,42.01,175.64,32.31,4424.79,406.52,5.31,0.64,6.78,0.31,9.35,2.64,0.00,0.00,16.45,2.66,9.54,4.88,5.84,5.79,6.48,22.54,66.25,8.81,4.46,4.98
24.20,24.2,21/11/2025 11:10:19,2.010,8.133,,15.4,957477.0,648953.0,987610.86,285.78,1686.42,1918.85,480.39,4803.97,242.27,132.58,83.59,594.26,38.12,263.71,98.00,972.09,59.49,133.39,35.59,107.87,46.90,58.43,27.53,175.29,31.67,2839.22,259.72,3.96,0.49,5.39,0.25,7.12,2.12,0.00,0.00,12.34,2.16,8.52,3.54,1.54,4.30,1.29,20.24,58.77,8.09,4.76,4.36,22772.92,473.90,2796.55,3625.60,907.68,10277.30,518.30,303.79,191.54,1483.81,95.18,317.67,118.05,1360.15,83.24,222.56,59.38,192.57,83.73,85.40,40.24,251.86,45.50,4059.36,371.33,5.04,0.62,6.75,0.31,8.86,2.64,0.00,0.00,14.59,2.55,11.51,4.78,2.05,5.73,1.44,22.60,63.31,8.71,5.40,4.95
24.30,24.3,21/11/2025 11:10:36,1.214,6.151,,15.4,957509.0,650962.0,986834.40,446.02,1607.16,2096.42,495.08,5151.97,253.36,111.90,73.25,472.85,38.89,221.32,94.72,1065.83,60.89,103.13,31.52,75.12,46.45,57.55,27.43,292.85,54.07,2936.93,269.02,4.12,0.50,16.14,0.85,6.68,2.12,0.00,0.00,14.11,2.31,7.99,3.58,1.86,4.38,13.80,20.22,64.05,8.15,4.96,4.41,24081.38,739.62,2665.11,3961.11,935.44,11021.79,542.02,256.40,167.84,1180.66,97.10,266.60,114.10,1491.32,85.20,172.07,52.59,134.10,82.92,84.11,40.09,420.78,77.69,4199.06,384.63,5.24,0.64,20.20,1.06,8.31,2.64,0.00,0.00,16.69,2.73,10.79,4.84,2.48,5.84,15.41,22.58,69.00,8.78,5.63,5.00
24.40,24.4,21/11/2025 11:11:02,1.632,13.294,,15.4,956748.0,643977.0,987964.70,235.44,1659.25,1953.51,481.46,4835.83,243.16,47.75,38.31,502.02,38.57,179.88,89.48,1062.04,60.48,97.50,30.78,86.89,46.49,51.03,26.38,150.61,27.36,2711.78,247.49,3.93,0.49,5.23,0.24,7.31,2.14,0.00,0.00,21.41,2.67,11.21,3.54,2.43,4.24,10.55,20.18,52.93,7.84,6.01,4.37,22118.47,390.42,2751.49,3691.08,909.70,10345.46,520.20,109.41,87.78,1253.50,96.31,216.68,107.79,1486.01,84.62,162.68,51.36,155.11,82.99,74.58,38.56,216.40,39.31,3877.15,353.85,5.00,0.62,6.55,0.30,9.10,2.66,0.00,0.00,25.32,3.16,15.14,4.78,3.24,5.65,11.78,22.53,57.02,8.45,6.82,4.96
24.50,24.5,21/11/2025 11:11:28,2.153,8.135,,15.4,961068.0,647778.0,987754.75,433.96,1620.61,1962.82,484.44,4844.83,244.82,60.56,46.54,471.23,38.92,151.73,85.52,1106.71,60.95,113.00,33.11,73.84,46.65,57.30,27.42,147.28,26.80,2713.50,247.67,4.00,0.48,5.27,0.24,6.06,2.09,0.02,0.17,13.98,2.30,8.69,3.55,2.36,4.25,5.37,20.32,59.95,8.01,2.79,4.23,22459.43,719.63,2687.42,3708.68,915.33,10364.71,523.75,138.77,106.64,1176.62,97.18,182.77,103.02,1548.52,85.28,188.54,55.24,131.82,83.28,83.75,40.08,211.62,38.51,3879.61,354.10,5.09,0.61,6.60,0.30,7.54,2.60,0.03,0.22,16.53,2.72,11.74,4.80,3.15,5.67,6.00,22.69,64.58,8.63,3.17,4.80
24.60,24.6,21/11/2025 11:11:45,2.048,6.084,1181233.946,15.4,945514.0,647875.0,989574.28,261.80,1639.51,1604.99,438.25,4456.41,230.47,90.80,62.36,543.51,37.84,100.89,74.65,892.09,57.91,27.68,14.96,110.53,46.15,58.53,27.28,106.26,19.76,2064.72,185.87,3.26,0.45,4.97,0.23,6.29,2.04,0.00,0.00,7.93,1.73,6.43,3.42,4.82,4.13,16.20,19.85,54.62,7.67,3.01,4.13,19492.13,434.14,2718.76,3032.57,828.06,9533.75,493.05,208.06,142.89,1357.09,94.48,121.53,89.92,1248.22,81.03,46.18,24.96,197.32,82.39,85.54,39.87,152.68,28.39,2952.02,265.75,4.15,0.57,6.22,0.29,7.83,2.54,0.00,0.00,9.38,2.05,8.69,4.62,6.43,5.51,18.09,22.16,58.84,8.26,3.41,4.69
24.70,24.7,21/11/2025 11:12:11,1.669,6.882,,15.4,951277.0,645888.0,988383.44,449.74,1630.83,1736.51,454.09,4805.91,242.37,107.72,71.29,501.29,38.34,105.81,75.92,1000.37,59.42,117.61,33.22,93.16,46.10,60.42,27.66,186.17,33.54,2343.13,212.21,4.18,0.49,5.03,0.24,5.98,2.05,0.00,0.00,11.71,2.09,7.47,3.48,3.28,4.19,8.89,19.99,57.33,7.95,4.87,4.19,21526.99,745.79,2704.37,3281.07,857.99,10281.45,518.51,246.83,163.35,1251.67,95.73,127.46,91.45,1399.72,83.14,196.23,55.43,166.31,82.30,88.31,40.43,267.50,48.19,3350.08,303.41,5.32,0.62,6.30,0.30,7.44,2.55,0.00,0.00,13.85,2.47,10.09,4.70,4.37,5.59,9.93,22.32,61.76,8.56,5.52,4.75
24.80,24.8,21/11/2025 11:12:28,1.207,7.011,,15.4,948604.0,639496.0,988807.27,426.47,1620.68,1949.16,479.17,4270.19,223.56,48.81,39.06,500.97,37.90,135.80,81.57,1022.85,59.49,126.27,34.15,83.86,45.93,62.04,27.89,101.95,19.00,2327.03,210.65,3.89,0.47,26.28,1.67,7.12,2.06,0.00,0.00,12.40,2.13,10.61,3.46,3.00,4.11,9.83,19.96,59.02,7.76,5.17,4.22,20567.64,707.20,2687.53,3682.87,905.37,9135.37,478.27,111.84,89.50,1250.87,94.63,163.59,98.26,1431.18,83.24,210.68,56.98,149.71,81.99,90.67,40.76,146.49,27.30,3327.06,301.18,4.95,0.60,32.90,2.09,8.86,2.56,0.00,0.00,14.66,2.52,14.33,4.67,4.00,5.48,10.98,22.29,63.58,8.36,5.87,4.79
24.90,24.9,21/11/2025 11:12:46,0.805,12.835,,15.4,945158.0,639720.0,988916.68,371.85,1694.65,1585.93,437.96,4483.86,231.55,144.21,89.61,432.82,38.02,270.69,97.04,963.72,58.77,82.65,28.02,133.42,46.38,74.86,30.07,114.89,21.09,2291.17,207.18,3.39,0.45,18.93,1.05,9.01,2.06,0.00,0.00,12.74,2.14,8.21,3.44,2.00,4.14,17.18,19.80,58.91,7.79,2.88,4.14,20371.64,616.63,2810.20,2996.56,827.51,9592.48,495.36,330.44,205.33,1080.71,94.93,326.07,116.89,1348.44,82.23,137.90,46.75,238.18,82.80,109.41,43.95,165.08,30.30,3275.79,296.21,4.31,0.57,23.70,1.31,11.21,2.56,0.00,0.00,15.07,2.53,11.09,4.65,2.67,5.52,19.18,22.11,63.46,8.39,3.27,4.70
25.00,25.0,21/11/2025 11:13:20,1.492,10.781,,15.5,932992.0,637944.0,988905.38,365.03,1574.55,2123.60,494.01,4247.27,221.11,123.00,77.60,385.42,37.82,190.76,87.72,950.79,58.02,123.96,33.45,44.69,44.79,50.80,25.85,159.55,28.57,2225.12,200.82,3.75,0.46,5.14,0.24,6.68,2.02,0.00,0.00,10.10,1.91,6.42,3.40,1.56,4.09,6.77,19.67,59.11,7.70,5.10,4.14,20399.14,605.32,2611.04,4012.46,933.41,9086.33,473.03,281.84,177.81,962.36,94.43,229.79,105.67,1330.35,81.18,206.83,55.81,79.78,79.96,74.25,37.78,229.25,41.05,3181.35,287.12,4.77,0.59,6.43,0.30,8.31,2.51,0.00,0.00,11.94,2.26,8.67,4.59,2.08,5.45,7.56,21.96,63.67,8.29,5.79,4.70
25.10,25.1,21/11/2025 11:13:37,1.282,4.167,1181237.454,15.5,924197.0,638393.0,990151.27,343.29,1589.78,1686.95,439.15,4019.67,212.04,44.85,35.41,522.03,36.70,77.36,65.67,893.79,57.04,63.06,23.87,68.00,44.66,63.59,27.75,85.51,16.01,1876.61,167.93,4.11,0.47,5.17,0.23,6.31,1.93,0.02,0.17,5.45,1.41,2.85,3.30,1.79,4.05,16.85,19.46,57.29,7.67,4.19,4.00,18349.16,569.27,2636.29,3187.43,829.76,8599.42,453.62,102.77,81.14,1303.46,91.64,93.19,79.11,1250.60,79.81,105.22,39.83,121.39,79.73,92.94,40.56,122.86,23.00,2683.07,240.10,5.23,0.60,6.47,0.29,7.85,2.40,0.03,0.22,6.45,1.67,3.85,4.46,2.39,5.40,18.81,21.73,61.71,8.26,4.75,4.54
25.20,25.2,21/11/2025 11:13:55,1.120,7.078,,15.5,923121.0,637079.0,990398.79,308.65,1596.76,1526.86,419.54,3957.85,209.85,205.99,120.82,359.74,37.34,66.49,61.83,841.22,56.48,82.52,27.52,50.12,44.42,58.07,26.80,152.65,27.32,1900.30,170.18,3.83,0.46,5.17,0.24,5.77,1.96,0.07,0.16,6.65,1.55,5.99,3.33,3.14,4.03,9.07,19.46,47.05,7.34,4.01,3.96,17843.73,511.83,2647.87,2884.94,792.71,8467.17,448.94,472.00,276.84,898.24,93.23,80.09,74.48,1177.04,79.03,137.68,45.92,89.47,79.30,84.87,39.17,219.33,39.25,2716.94,243.31,4.87,0.59,6.47,0.30,7.18,2.44,0.09,0.21,7.86,1.83,8.09,4.50,4.19,5.37,10.13,21.73,50.68,7.91,4.55,4.49
25.30,25.3,21/11/2025 11:14:21,2.546,6.417,,15.5,927010.0,636632.0,989258.00,548.37,1624.66,1729.30,446.29,4272.36,221.86,123.76,78.04,480.76,37.07,91.07,69.52,992.90,58.03,110.43,31.69,68.54,44.88,57.27,26.77,155.11,27.71,2020.74,181.37,3.63,0.46,5.17,0.24,6.12,2.02,0.00,0.00,6.09,1.51,3.41,3.31,4.62,4.08,9.12,19.58,49.90,7.56,3.34,4.08,19906.49,909.35,2694.13,3267.45,843.25,9140.01,474.63,283.58,178.82,1200.41,92.56,109.70,83.74,1389.27,81.20,184.25,52.87,122.36,80.12,83.70,39.13,222.87,39.81,2889.14,259.31,4.62,0.59,6.47,0.30,7.62,2.51,0.00,0.00,7.20,1.79,4.61,4.47,6.16,5.44,10.18,21.86,53.75,8.14,3.79,4.63
25.40,25.4,21/11/2025 11:14:38,2.876,2.907,,15.5,927015.0,637508.0,989523.58,339.93,1578.22,1661.45,438.43,4657.72,235.26,36.65,30.87,462.72,37.37,45.71,52.83,929.54,57.73,82.75,27.52,97.59,45.24,47.34,25.30,119.79,21.83,1895.10,169.69,4.03,0.47,5.19,0.24,6.90,2.05,0.00,0.00,8.61,1.79,2.84,3.27,1.92,4.06,9.00,19.56,57.50,7.64,4.13,4.14,19638.96,563.70,2617.12,3139.25,828.40,9964.42,503.30,83.98,70.73,1155.37,93.31,55.06,63.64,1300.62,80.78,138.07,45.92,174.22,80.76,69.19,36.98,172.12,31.37,2709.51,242.61,5.13,0.60,6.50,0.30,8.59,2.55,0.00,0.00,10.18,2.12,3.84,4.42,2.56,5.41,10.05,21.84,61.94,8.23,4.69,4.70
25.50,25.5,21/11/2025 11:15:04,2.252,3.437,,15.5,921900.0,636201.0,989683.06,592.65,1583.65,1820.21,456.72,3970.29,211.30,145.60,89.22,476.79,36.90,100.12,72.10,930.68,57.07,41.34,18.44,57.07,44.48,52.71,25.95,136.46,24.45,1887.91,168.90,3.68,0.46,5.02,0.23,6.22,2.02,0.00,0.00,6.90,1.61,1.32,3.30,2.88,4.06,22.37,19.44,54.30,7.67,2.40,4.04,19124.59,982.78,2626.13,3439.22,862.96,8493.78,452.04,333.62,204.44,1190.50,92.14,120.61,86.85,1302.21,79.85,68.98,30.77,101.88,79.41,77.04,37.93,196.07,35.13,2699.23,241.48,4.68,0.59,6.28,0.29,7.74,2.51,0.00,0.00,8.16,1.90,1.78,4.46,3.84,5.41,24.98,21.70,58.49,8.26,2.72,4.58
25.60,25.6,21/11/2025 11:15:30,2.406,13.223,1181233.820,15.5,925332.0,639872.0,990561.90,289.51,1591.89,1322.73,396.00,4221.00,219.39,154.53,93.63,398.96,37.28,105.30,73.94,829.11,56.33,78.87,26.95,48.52,44.55,36.62,23.82,85.19,16.03,1785.53,159.48,3.76,0.46,4.91,0.23,5.32,1.93,0.00,0.00,5.07,1.36,2.91,3.30,3.47,4.04,5.99,19.54,47.74,7.38,3.05,4.01,17687.33,480.09,2639.79,2499.25,748.23,9030.13,469.35,354.08,214.54,996.16,93.08,126.84,89.07,1160.10,78.82,131.59,44.97,86.62,79.53,53.52,34.81,122.40,23.03,2552.85,228.02,4.78,0.59,6.15,0.29,6.62,2.40,0.00,0.00,6.00,1.61,3.93,4.46,4.63,5.39,6.69,21.82,51.43,7.95,3.46,4.55
25.70,25.7,21/11/2025 11:15:47,2.527,7.801,,15.4,945534.0,649213.0,987853.02,452.35,1617.86,2025.94,486.81,4918.69,244.95,124.29,78.94,493.61,37.97,205.23,91.26,1106.69,60.11,119.40,33.24,80.96,45.94,49.43,25.98,130.51,23.74,2327.71,210.57,3.79,0.48,5.22,0.24,7.20,2.11,0.00,0.00,10.60,2.03,5.06,3.47,2.96,4.19,14.17,19.99,57.61,7.97,5.54,4.27,22473.13,750.12,2682.86,3827.94,919.81,10522.73,524.03,284.79,180.88,1232.50,94.81,247.22,109.93,1548.49,84.11,199.22,55.46,144.53,82.01,72.24,37.97,187.52,34.11,3328.03,301.06,4.82,0.61,6.53,0.30,8.96,2.63,0.00,0.00,12.54,2.40,6.83,4.69,3.95,5.59,15.82,22.32,62.06,8.59,6.28,4.84
25.80,25.8,21/11/2025 11:16:04,1.721,7.731,,15.4,946152.0,640849.0,988545.68,320.22,1606.65,1927.03,475.35,4717.27,239.20,126.80,80.88,338.03,38.82,161.56,86.49,1094.53,60.60,115.55,32.88,111.28,46.40,41.15,24.80,127.38,23.25,2260.34,204.25,3.53,0.46,16.73,0.89,5.64,2.00,0.00,0.00,11.01,2.04,8.67,3.50,1.08,4.12,8.15,19.99,55.49,7.94,2.87,4.22,21121.63,531.01,2664.27,3641.05,898.16,10091.82,511.73,290.55,185.33,844.03,96.93,194.62,104.19,1531.47,84.79,192.79,54.86,198.66,82.83,60.14,36.25,183.02,33.41,3231.71,292.03,4.49,0.59,20.94,1.11,7.02,2.49,0.00,0.00,13.02,2.41,11.71,4.73,1.44,5.49,9.10,22.32,59.77,8.55,3.26,4.79
25.90,25.9,21/11/2025 11:16:22,0.764,9.982,,15.5,932037.0,627784.0,989123.46,90.30,1638.68,1571.56,435.26,4801.50,242.05,119.45,76.95,481.57,37.66,244.76,95.13,975.89,58.42,84.00,27.93,100.11,45.48,42.39,24.69,46.01,9.35,2209.16,199.27,3.52,0.45,5.11,0.24,6.77,2.08,0.00,0.00,17.99,2.44,11.05,3.41,2.10,3.98,9.58,19.64,49.83,7.56,3.88,4.19,20260.16,149.74,2717.38,2969.40,822.41,10272.02,517.83,273.70,176.32,1202.43,94.03,294.84,114.59,1365.47,81.74,140.15,46.60,178.71,81.19,61.96,36.09,66.11,13.43,3158.53,284.91,4.48,0.57,6.40,0.30,8.43,2.59,0.00,0.00,21.27,2.89,14.93,4.61,2.80,5.31,10.70,21.93,53.68,8.14,4.40,4.75
26.00,26.0,21/11/2025 11:16:56,2.489,8.399,,15.5,933465.0,626354.0,987401.15,275.59,1615.79,1891.82,470.69,5624.58,268.64,110.24,71.72,435.86,37.75,286.05,99.00,1145.57,60.61,112.10,32.23,92.39,45.86,37.23,24.29,28.97,6.16,2443.38,221.41,3.62,0.46,5.06,0.24,7.61,2.11,0.00,0.00,21.47,2.67,8.12,3.43,1.75,4.08,9.23,19.89,54.44,7.81,3.77,4.29,23426.50,457.00,2679.43,3574.52,889.35,12032.86,574.71,252.60,164.34,1088.30,94.26,344.58,119.26,1602.89,84.81,187.04,53.78,164.93,81.87,54.41,35.50,41.63,8.85,3493.41,316.56,4.61,0.59,6.33,0.30,9.47,2.63,0.00,0.00,25.39,3.16,10.97,4.63,2.33,5.44,10.31,22.21,58.64,8.41,4.28,4.87
26.10,26.1,21/11/2025 11:17:13,2.489,13.091,1181235.405,15.5,940863.0,633628.0,987067.05,352.31,1638.35,2068.98,491.65,5379.48,259.77,95.12,63.82,455.83,37.91,248.37,95.04,1235.24,61.49,64.59,24.46,140.60,46.53,70.82,29.36,124.80,22.62,2564.04,232.95,3.29,0.46,7.40,0.34,6.87,2.15,0.00,0.00,18.60,2.54,10.35,3.50,1.36,4.13,25.05,19.82,54.72,7.82,5.14,4.37,23845.70,584.23,2716.84,3909.26,928.95,11508.51,555.74,217.95,146.23,1138.16,94.66,299.19,114.49,1728.36,86.04,107.77,40.81,251.00,83.06,103.51,42.91,179.32,32.50,3665.92,333.06,4.19,0.59,9.26,0.43,8.55,2.68,0.00,0.00,22.00,3.00,13.98,4.73,1.81,5.51,27.97,22.13,58.95,8.42,5.83,4.96
26.20,26.2,21/11/2025 11:17:13,2.780,7.536,,15.5,949521.0,636026.0,986693.09,421.18,1588.76,1928.36,470.95,5267.38,256.96,95.99,64.82,407.51,38.65,314.29,102.64,1286.60,62.31,137.09,35.45,110.19,46.50,72.32,29.82,166.78,29.91,2979.23,272.88,3.43,0.47,5.41,0.25,7.10,2.11,0.00,0.00,20.09,2.65,7.71,3.54,2.86,4.26,12.20,20.05,57.15,7.97,4.05,4.34,24195.02,698.43,2634.60,3643.56,889.84,11268.69,549.72,219.95,148.53,1017.51,96.51,378.60,123.64,1800.22,87.18,228.73,59.15,196.71,83.01,105.70,43.58,239.64,42.98,4259.54,390.15,4.36,0.60,6.77,0.31,8.84,2.63,0.00,0.00,23.76,3.13,10.41,4.78,3.81,5.68,13.62,22.39,61.56,8.59,4.59,4.92
26.30,26.3,21/11/2025 11:17:57,1.651,7.606,,15.5,949865.0,626545.0,987104.61,494.87,1648.25,2088.11,497.04,4889.67,244.41,62.24,46.78,510.47,38.14,176.92,88.55,1228.11,61.69,114.75,33.00,118.14,46.82,73.15,30.00,171.77,30.86,2848.79,260.43,3.75,0.48,5.32,0.25,6.68,2.15,0.00,0.00,27.21,2.96,9.75,3.51,2.17,4.09,8.66,20.11,50.04,7.84,4.81,4.37,23541.52,820.63,2733.25,3945.41,939.14,10460.64,522.87,142.61,107.19,1274.59,95.23,213.12,106.67,1718.38,86.32,191.46,55.06,210.90,83.58,106.91,43.85,246.81,44.34,4073.04,372.35,4.77,0.61,6.66,0.31,8.31,2.68,0.00,0.00,32.18,3.50,13.17,4.74,2.89,5.45,9.67,22.45,53.90,8.45,5.46,4.96
26.40,26.4,21/11/2025 11:18:14,1.209,13.688,,15.5,948760.0,629610.0,987512.17,315.56,1710.70,1888.59,473.29,5004.51,248.14,38.77,32.77,633.66,38.11,210.48,92.53,1077.02,60.26,155.34,37.08,141.22,46.83,56.54,27.08,133.41,24.26,2714.72,247.56,3.72,0.47,5.28,0.24,6.55,2.02,0.00,0.00,20.34,2.65,11.10,3.47,2.95,4.12,9.00,20.01,54.89,7.87,4.17,4.35,23032.92,523.29,2836.81,3568.42,894.26,10706.32,530.85,88.84,75.09,1582.19,95.16,253.55,111.46,1506.97,84.32,259.18,61.87,252.10,83.60,82.64,39.58,191.69,34.86,3881.35,353.95,4.73,0.60,6.61,0.30,8.15,2.51,0.00,0.00,24.05,3.13,14.99,4.69,3.93,5.49,10.05,22.34,59.13,8.48,4.73,4.93
26.50,26.5,21/11/2025 11:18:48,2.549,6.809,,15.5,941382.0,632493.0,989062.62,317.45,1682.40,1742.43,453.15,4299.03,223.01,133.99,83.16,458.70,37.53,96.16,72.78,948.82,58.33,100.67,30.55,86.17,45.58,60.53,27.52,146.36,26.41,2436.17,221.01,3.69,0.46,5.17,0.24,6.27,2.01,0.00,0.00,14.63,2.27,5.33,3.42,1.94,4.04,13.23,19.79,56.12,7.78,4.54,4.31,20141.61,526.42,2789.88,3292.26,856.21,9197.06,477.09,307.02,190.55,1145.33,93.71,115.83,87.67,1327.59,81.62,167.97,50.97,153.83,81.37,88.47,40.22,210.30,37.95,3483.10,315.99,4.70,0.59,6.47,0.30,7.80,2.50,0.00,0.00,17.30,2.68,7.20,4.62,2.59,5.39,14.77,22.10,60.45,8.38,5.15,4.89
26.60,26.6,21/11/2025 11:19:06,3.031,2.843,1181238.775,15.5,931949.0,627536.0,990101.92,319.64,1577.55,1598.46,427.16,3817.44,205.10,199.03,116.91,498.02,37.05,100.66,73.36,849.81,57.15,28.55,14.74,70.32,45.05,58.12,26.92,48.33,9.75,2203.10,198.83,3.81,0.47,5.16,0.24,6.90,2.04,0.00,0.00,12.72,2.11,6.98,3.29,1.40,3.95,13.05,19.58,53.30,7.56,3.27,4.09,18326.29,530.05,2616.01,3020.23,807.10,8166.78,438.78,456.05,267.88,1243.51,92.51,121.26,88.37,1189.06,79.96,47.64,24.59,125.53,80.42,84.95,39.35,69.44,14.01,3149.87,284.28,4.85,0.60,6.46,0.30,8.59,2.54,0.00,0.00,15.04,2.50,9.43,4.44,1.87,5.27,14.57,21.86,57.42,8.14,3.71,4.64
26.70,26.7,21/11/2025 11:19:23,2.942,7.407,,15.5,932552.0,628543.0,989445.70,346.76,1611.95,1544.40,424.91,4028.49,213.94,160.13,96.82,418.76,37.30,186.96,87.17,874.16,56.76,83.86,27.79,92.74,45.21,66.12,28.23,148.30,26.54,2490.03,226.09,4.14,0.48,6.59,0.30,7.71,2.04,0.00,0.00,13.57,2.21,4.56,3.40,3.07,4.02,18.14,19.56,50.74,7.60,5.08,4.23,19277.66,575.02,2673.06,2918.09,802.85,8618.29,457.69,366.92,221.85,1045.60,93.13,225.21,105.01,1223.13,79.42,139.92,46.37,165.56,80.71,96.64,41.26,213.08,38.13,3560.11,323.25,5.27,0.61,8.25,0.38,9.60,2.54,0.00,0.00,16.05,2.61,6.16,4.59,4.09,5.36,20.25,21.84,54.66,8.19,5.76,4.80
26.80,26.8,21/11/2025 11:19:40,3.645,9.924,,15.5,936717.0,633519.0,989312.08,409.06,1610.57,1856.18,466.11,4256.92,222.94,110.60,72.43,510.66,37.59,78.90,67.80,860.10,57.22,52.77,21.83,103.22,45.60,55.66,26.65,101.58,18.86,2181.63,196.81,3.81,0.47,7.82,0.36,6.80,2.03,0.00,0.00,11.45,2.04,6.74,3.35,3.31,4.06,12.52,19.66,54.93,7.68,3.26,4.16,19865.29,678.33,2670.77,3507.18,880.70,9106.98,476.94,253.43,165.96,1275.07,93.86,95.04,81.67,1203.46,80.06,88.05,36.42,184.27,81.40,81.35,38.95,145.95,27.10,3119.17,281.39,4.85,0.60,9.79,0.45,8.46,2.53,0.00,0.00,13.54,2.41,9.10,4.53,4.41,5.41,13.98,21.95,59.17,8.27,3.70,4.72
26.90,26.9,21/11/2025 11:20:06,3.722,4.694,,15.5,931022.0,627603.0,988304.21,618.05,1561.03,1954.34,472.39,4567.58,232.34,163.71,99.08,618.18,37.68,118.84,77.53,960.75,58.06,37.36,17.36,86.18,45.31,64.17,28.03,129.42,23.39,2264.24,204.46,3.74,0.47,5.25,0.24,6.46,2.01,0.00,0.00,11.40,2.03,6.35,3.43,1.83,4.05,17.16,19.63,54.68,7.72,6.09,4.16,21757.28,1024.90,2588.62,3692.65,892.56,9771.58,497.05,375.12,227.03,1543.54,94.08,143.16,93.39,1344.29,81.24,62.33,28.97,153.85,80.89,93.79,40.97,185.96,33.61,3237.28,292.33,4.76,0.60,6.57,0.30,8.04,2.50,0.00,0.00,13.48,2.40,8.58,4.63,2.44,5.40,19.16,21.92,58.90,8.32,6.91,4.72
27.00,27.0,21/11/2025 11:20:32,3.878,4.166,,15.5,929345.0,624372.0,988635.50,455.06,1593.72,1921.30,469.77,4968.95,245.59,145.45,88.90,440.32,37.40,242.35,93.52,849.95,57.32,40.62,18.54,121.64,46.07,69.28,28.93,73.99,14.14,1933.63,173.21,4.19,0.48,5.14,0.24,5.19,1.94,0.00,0.00,11.39,2.05,6.02,3.36,1.72,3.96,12.88,19.70,51.25,7.63,4.19,4.12,21302.55,754.61,2642.83,3630.22,887.61,10630.25,525.40,333.28,203.70,1099.44,93.38,291.94,112.65,1189.26,80.20,67.77,30.93,217.15,82.24,101.26,42.28,106.31,20.32,2764.60,247.65,5.33,0.61,6.43,0.30,6.46,2.41,0.00,0.00,13.47,2.42,8.13,4.54,2.29,5.28,14.38,22.00,55.21,8.22,4.75,4.67
27.10,27.1,21/11/2025 11:20:49,3.061,6.146,1181234.745,15.6,926491.0,625532.0,989331.10,253.63,1522.16,1901.66,463.52,4497.50,228.72,114.74,73.13,429.32,37.36,168.25,84.96,912.11,57.57,102.58,30.82,67.19,44.92,55.23,26.44,70.99,13.58,1992.72,178.71,3.71,0.46,5.10,0.23,8.50,2.08,0.00,0.00,14.63,2.23,5.81,3.31,1.33,3.97,8.18,19.59,51.83,7.49,3.91,4.05,19890.06,420.59,2524.16,3593.12,875.80,9621.66,489.31,262.91,167.57,1071.97,93.28,202.67,102.34,1276.23,80.55,171.15,51.42,119.95,80.19,80.72,38.64,102.00,19.51,2849.08,255.51,4.72,0.59,6.38,0.29,10.58,2.59,0.00,0.00,17.30,2.64,7.85,4.47,1.77,5.29,9.13,21.87,55.83,8.07,4.44,4.59
27.20,27.2,21/11/2025 11:21:15,2.181,6.410,,15.6,917546.0,625457.0,988984.99,333.92,1584.71,1814.45,451.88,4809.97,238.56,118.41,74.39,409.40,37.36,232.68,92.20,910.58,57.26,70.26,24.96,124.77,45.05,80.83,30.85,83.81,15.59,1881.81,168.13,3.68,0.45,32.55,2.34,8.33,2.08,0.00,0.00,15.27,2.27,6.94,3.32,1.63,3.97,21.75,19.28,49.17,7.50,4.80,4.20,20557.26,553.73,2627.89,3428.34,853.81,10290.14,510.36,271.32,170.45,1022.23,93.28,280.29,111.06,1274.09,80.12,117.23,41.65,222.74,80.42,118.14,45.09,120.42,22.40,2690.51,240.38,4.68,0.57,40.75,2.93,10.37,2.59,0.00,0.00,18.06,2.68,9.37,4.48,2.17,5.29,24.28,21.53,52.97,8.08,5.45,4.76
27.30,27.3,21/11/2025 11:21:33,1.507,6.809,,15.6,905745.0,624110.0,990094.42,424.80,1601.12,1742.87,444.92,4177.34,217.98,176.44,104.92,390.73,36.42,273.45,94.58,776.06,55.10,37.11,17.00,118.88,44.68,77.27,29.96,53.63,10.46,1540.53,136.37,3.96,0.46,10.93,0.53,7.74,2.05,0.00,0.00,15.73,2.27,6.72,3.25,1.49,3.88,13.92,19.11,52.02,7.40,3.95,3.97,18530.20,704.44,2655.10,3293.09,840.66,8936.73,466.33,404.29,240.41,975.62,90.94,329.40,113.93,1085.87,77.10,61.92,28.36,212.22,79.76,112.93,43.79,77.06,15.03,2202.56,194.97,5.04,0.59,13.68,0.66,9.63,2.55,0.00,0.00,18.60,2.68,9.08,4.39,1.99,5.17,15.54,21.34,56.04,7.97,4.48,4.50
27.40,27.4,21/11/2025 11:21:50,2.175,7.009,,15.6,904905.0,623662.0,990369.06,323.50,1611.20,1625.17,432.26,4307.39,222.56,47.24,37.25,363.51,36.69,220.81,88.88,792.31,55.20,75.79,25.88,66.25,43.74,68.05,28.21,47.92,9.49,1587.41,140.75,3.33,0.43,9.61,0.46,6.68,2.04,0.00,0.00,13.15,2.12,4.83,3.26,2.37,3.89,8.15,19.06,52.84,7.41,4.62,4.06,18016.29,536.45,2671.81,3070.70,816.74,9214.95,476.13,108.24,85.35,907.65,91.61,265.99,107.07,1108.60,77.24,126.46,43.18,118.27,78.08,99.46,41.23,68.85,13.64,2269.59,201.24,4.24,0.55,12.03,0.58,8.31,2.54,0.00,0.00,15.55,2.51,6.52,4.40,3.16,5.19,9.10,21.28,56.92,7.98,5.24,4.61
27.50,27.5,21/11/2025 11:22:24,3.045,6.939,,15.6,911919.0,623522.0,988951.59,444.69,1599.34,1884.80,461.89,4718.85,236.09,85.08,58.21,482.07,36.67,281.97,96.15,895.14,56.71,91.03,28.64,95.74,44.86,47.79,25.19,47.13,9.41,1865.55,166.65,3.61,0.45,15.17,0.79,6.92,2.09,0.00,0.00,10.87,1.94,6.19,3.34,2.95,3.93,3.31,19.39,55.23,7.61,4.32,4.12,20637.72,737.42,2652.15,3561.26,872.72,10095.20,505.08,194.95,133.38,1203.68,91.56,339.66,115.82,1252.49,79.35,151.88,47.79,170.91,80.08,69.85,36.82,67.72,13.52,2667.26,238.27,4.59,0.57,18.99,0.99,8.61,2.60,0.00,0.00,12.85,2.29,8.36,4.51,3.93,5.24,3.70,21.65,59.49,8.20,4.90,4.67
27.60,27.6,21/11/2025 11:22:42,2.490,8.398,1181233.751,15.6,916980.0,627596.0,989895.11,179.45,1614.81,1625.22,428.83,4313.14,222.73,139.21,85.89,442.21,36.66,188.75,86.64,865.60,56.55,65.80,24.14,99.37,44.64,60.06,27.04,92.64,17.14,1899.90,169.97,3.83,0.45,31.04,2.18,7.51,2.01,0.00,0.00,10.35,1.93,5.04,3.30,2.42,3.98,18.69,19.28,51.72,7.56,2.95,4.05,18837.00,297.58,2677.80,3070.79,810.26,9227.25,476.49,318.98,196.81,1104.16,91.54,227.37,104.37,1211.15,79.13,109.79,40.28,177.39,79.69,87.78,39.52,133.11,24.63,2716.37,243.01,4.87,0.57,38.86,2.73,9.35,2.50,0.00,0.00,12.24,2.28,6.81,4.46,3.23,5.31,20.87,21.53,55.71,8.14,3.35,4.59
27.70,27.7,21/11/2025 11:22:59,2.039,13.824,,15.6,920628.0,628705.0,989010.92,388.89,1612.98,1949.76,471.90,4465.65,227.66,146.68,89.33,446.25,36.68,216.75,89.47,839.83,56.30,42.69,18.73,126.53,45.31,54.08,26.19,114.07,20.78,2055.17,184.66,3.70,0.46,46.07,4.16,8.56,2.07,0.00,0.00,9.09,1.83,3.36,3.28,4.48,4.05,15.74,19.37,48.44,7.43,3.33,4.07,20415.18,644.89,2674.77,3684.00,891.64,9553.52,487.04,336.10,204.69,1114.24,91.59,261.10,107.78,1175.10,78.78,71.23,31.25,225.88,80.89,79.04,38.28,163.90,29.86,2938.37,264.02,4.71,0.59,57.67,5.21,10.65,2.58,0.00,0.00,10.75,2.16,4.54,4.43,5.97,5.40,17.57,21.63,52.18,8.00,3.78,4.62
27.80,27.8,21/11/2025 11:23:25,2.034,13.688,,15.6,912519.0,630286.0,990337.00,411.25,1527.24,1926.87,458.35,3559.13,194.22,91.44,60.80,511.62,36.19,106.62,72.81,809.47,55.56,51.80,21.01,94.96,44.48,53.21,25.86,81.18,15.22,1847.66,165.08,3.57,0.46,30.17,2.10,5.83,1.97,0.00,0.00,4.66,1.31,1.91,3.28,1.42,3.94,16.82,19.22,48.43,7.47,4.99,4.01,17913.13,681.97,2532.59,3640.75,866.04,7614.17,415.50,209.52,139.32,1277.47,90.36,128.43,87.71,1132.62,77.74,86.43,35.06,169.52,79.41,77.77,37.80,116.64,21.87,2641.68,236.02,4.54,0.59,37.77,2.63,7.26,2.45,0.00,0.00,5.51,1.55,2.58,4.43,1.89,5.25,18.78,21.46,52.17,8.05,5.66,4.55
27.90,27.9,21/11/2025 11:23:42,1.979,7.672,,15.6,913057.0,630684.0,991244.78,162.24,1597.17,1400.25,403.43,3617.02,197.51,87.28,58.68,389.80,36.55,108.20,72.91,847.36,55.89,27.56,14.46,99.34,44.51,64.79,27.71,99.72,18.27,1759.85,156.92,3.45,0.45,6.64,0.31,6.46,1.96,0.00,0.00,6.87,1.59,5.34,3.27,2.29,3.97,9.76,19.17,47.78,7.31,3.22,3.99,16224.62,269.04,2648.55,2645.72,762.27,7738.02,422.54,199.99,134.46,973.29,91.26,130.34,87.83,1185.63,78.20,45.98,24.13,177.34,79.46,94.69,40.50,143.28,26.25,2516.13,224.36,4.39,0.57,8.31,0.39,8.04,2.44,0.00,0.00,8.12,1.88,7.21,4.42,3.05,5.29,10.90,21.40,51.47,7.87,3.65,4.53
28.00,28.0,21/11/2025 11:24:17,2.994,6.081,,15.6,912853.0,632115.0,991397.26,322.41,1511.95,1707.24,433.47,3187.01,181.93,40.32,52.73,403.86,36.43,32.08,42.10,855.14,55.92,27.33,14.48,92.12,44.45,48.67,25.12,114.43,20.70,1666.25,148.18,3.52,0.44,21.10,1.24,6.75,1.97,0.00,0.00,7.43,1.63,2.68,3.25,3.08,3.93,8.81,19.20,48.85,7.34,3.65,3.93,15864.76,534.64,2507.23,3225.77,819.03,6818.08,389.21,92.39,120.82,1008.40,90.96,38.64,50.71,1196.52,78.24,45.60,24.16,164.45,79.35,71.13,36.71,164.42,29.74,2382.31,211.86,4.48,0.56,26.41,1.55,8.40,2.45,0.00,0.00,8.79,1.93,3.62,4.39,4.11,5.24,9.84,21.44,52.62,7.91,4.14,4.46
28.10,28.1,21/11/2025 11:24:34,0.933,9.724,1181232.296,15.6,911362.0,633852.0,991812.42,351.87,1574.75,1444.69,403.95,3224.53,183.42,53.17,40.54,445.47,36.25,7.98,26.65,794.88,54.89,14.31,14.39,106.96,44.49,42.49,24.20,64.15,12.40,1529.86,135.68,3.85,0.45,16.53,0.89,7.37,1.96,0.00,0.00,3.82,1.23,3.90,3.23,3.39,3.92,15.44,19.13,49.68,7.37,3.24,3.95,15247.38,583.50,2611.37,2729.69,763.25,6898.35,392.40,121.83,92.89,1112.30,90.51,9.61,32.10,1112.20,76.80,23.88,24.01,190.94,79.42,62.10,35.37,92.17,17.82,2187.31,193.99,4.90,0.57,20.69,1.11,9.17,2.44,0.00,0.00,4.52,1.45,5.27,4.36,4.52,5.23,17.24,21.36,53.52,7.94,3.68,4.48
28.20,28.2,21/11/2025 11:24:51,1.950,9.588,,15.5,918723.0,634361.0,991053.98,430.53,1523.19,1619.68,425.32,3469.75,193.16,98.62,64.96,414.37,36.74,35.81,45.70,739.09,55.25,85.44,27.84,106.63,44.55,59.42,26.84,69.83,13.39,1729.69,154.20,3.66,0.45,5.11,0.23,6.21,2.01,0.00,0.00,4.68,1.31,6.55,3.28,3.06,3.93,4.96,19.19,47.98,7.29,4.97,3.97,16628.32,713.94,2525.87,3060.32,803.63,7422.96,413.23,225.97,148.85,1034.64,91.74,43.14,55.05,1034.14,77.31,142.56,46.45,190.35,79.53,86.85,39.23,100.33,19.24,2473.01,220.47,4.66,0.57,6.40,0.29,7.73,2.50,0.00,0.00,5.53,1.55,8.85,4.43,4.08,5.24,5.54,21.43,51.68,7.85,5.64,4.50
28.30,28.3,21/11/2025 11:25:09,1.886,16.070,,15.5,926663.0,638806.0,990689.40,313.35,1586.37,1761.52,449.02,3483.42,194.37,57.20,43.37,485.79,36.74,63.69,61.14,846.67,56.45,27.68,14.68,90.14,44.92,71.40,29.10,94.53,17.54,1915.86,171.69,3.73,0.46,7.03,0.33,5.71,2.01,0.00,0.00,4.22,1.29,3.73,3.33,3.10,3.99,18.87,19.43,50.02,7.45,2.92,4.03,17205.12,519.62,2630.64,3328.33,848.41,7452.20,415.82,131.07,99.38,1212.97,91.74,76.72,73.65,1184.67,78.99,46.18,24.49,160.92,80.19,104.36,42.53,135.82,25.20,2739.19,245.47,4.75,0.59,8.80,0.41,7.11,2.50,0.00,0.00,4.99,1.53,5.04,4.50,4.13,5.32,21.07,21.69,53.88,8.03,3.31,4.57
28.40,28.4,21/11/2025 11:25:35,1.581,9.392,,15.5,919895.0,635402.0,991148.42,433.45,1592.92,1629.39,431.15,3319.67,188.02,199.69,117.69,372.21,36.92,65.27,61.40,731.46,55.30,23.36,14.57,81.82,44.57,65.54,27.90,87.66,16.30,1747.66,155.87,3.74,0.46,5.09,0.23,8.49,2.02,0.00,0.00,5.64,1.43,2.84,3.23,2.52,3.97,12.27,19.30,49.54,7.35,4.26,4.00,16401.31,718.78,2641.50,3078.67,814.64,7101.89,402.24,457.56,269.67,929.37,92.19,78.62,73.96,1023.46,77.38,38.98,24.31,146.06,79.57,95.79,40.78,125.95,23.42,2498.71,222.85,4.76,0.59,6.37,0.29,10.57,2.51,0.00,0.00,6.67,1.69,3.84,4.36,3.36,5.29,13.70,21.55,53.37,7.92,4.83,4.54
28.50,28.5,21/11/2025 11:26:00,1.341,10.182,,15.5,926305.0,636224.0,991224.55,276.23,1620.03,1475.29,412.39,3391.59,189.95,96.73,64.06,389.21,37.06,23.46,35.46,769.96,55.54,24.93,14.55,73.24,44.49,45.71,24.80,77.31,14.68,2020.80,181.62,3.88,0.47,15.79,0.83,7.42,2.00,0.00,0.00,7.96,1.71,2.18,3.26,2.48,3.99,14.86,19.34,52.31,7.60,4.12,4.04,16167.05,458.07,2686.46,2787.51,779.20,7255.75,406.37,221.64,146.78,971.82,92.54,28.26,42.72,1077.33,77.71,41.60,24.28,130.75,79.42,66.81,36.25,111.08,21.09,2889.23,259.67,4.94,0.60,19.77,1.04,9.24,2.49,0.00,0.00,9.41,2.02,2.94,4.40,3.31,5.32,16.59,21.59,56.35,8.19,4.67,4.58
28.60,28.6,21/11/2025 11:26:26,0.294,5.289,1181235.338,15.5,933768.0,643455.0,990318.65,348.25,1564.37,1760.06,446.46,3324.18,187.92,196.67,116.09,483.08,37.19,40.39,49.59,887.63,57.25,11.70,14.73,122.17,45.58,71.60,29.17,133.29,24.00,2191.74,197.70,3.67,0.46,5.22,0.24,8.00,2.06,0.00,0.00,7.84,1.74,6.12,3.37,1.91,4.09,20.89,19.50,53.67,7.70,3.30,4.09,17755.61,577.49,2594.16,3325.57,843.57,7111.53,402.02,450.64,266.00,1206.20,92.86,48.65,59.74,1241.98,80.10,19.52,24.58,218.10,81.37,104.65,42.63,191.52,34.48,3133.63,282.66,4.67,0.59,6.53,0.30,9.96,2.56,0.00,0.00,9.27,2.06,8.27,4.55,2.55,5.45,23.32,21.77,57.81,8.29,3.74,4.64
28.70,28.7,21/11/2025 11:26:44,2.850,5.558,,15.5,937259.0,640735.0,990244.11,524.55,1599.82,1784.36,450.59,3635.60,199.43,4.07,4.28,500.47,37.27,4.27,27.84,778.14,56.45,26.42,14.80,93.57,45.29,44.17,24.81,146.85,26.46,2106.49,189.77,3.65,0.46,5.13,0.24,8.04,2.05,0.00,0.00,7.79,1.72,3.37,3.38,1.60,4.06,18.80,19.57,56.02,7.70,2.51,4.09,17991.54,869.85,2652.94,3371.48,851.37,7777.77,426.65,9.33,9.81,1249.63,93.06,5.14,33.54,1088.78,78.99,44.08,24.69,167.04,80.85,64.56,36.26,211.00,38.02,3011.74,271.32,4.64,0.59,6.42,0.30,10.01,2.55,0.00,0.00,9.21,2.03,4.55,4.57,2.13,5.41,20.99,21.85,60.35,8.29,2.85,4.64
28.80,28.8,21/11/2025 11:27:01,1.627,7.078,,15.5,932424.0,630264.0,990643.93,380.87,1598.12,1547.30,422.47,3780.08,204.99,83.45,57.42,379.93,37.34,96.55,72.02,816.24,56.36,89.66,28.76,89.44,44.98,61.70,27.42,45.66,9.27,1873.88,167.79,3.44,0.44,12.36,0.61,6.89,2.00,0.00,0.00,12.73,2.10,5.79,3.29,2.33,3.94,11.83,19.49,53.34,7.50,2.61,4.02,17312.52,631.59,2650.12,2923.57,798.24,8086.86,438.54,191.21,131.57,948.65,93.23,116.30,86.76,1142.09,78.86,149.60,47.99,159.67,80.30,90.18,40.08,65.61,13.32,2679.17,239.90,4.38,0.56,15.47,0.76,8.58,2.49,0.00,0.00,15.05,2.48,7.82,4.44,3.11,5.25,13.21,21.76,57.46,8.08,2.96,4.56
28.90,28.9,21/11/2025 11:27:18,0.815,7.537,,15.5,939580.0,630384.0,990058.37,397.82,1595.06,1598.86,433.98,3818.98,207.99,178.17,107.53,479.64,37.56,108.26,75.87,876.62,57.51,92.73,29.43,89.86,45.47,58.41,27.08,36.15,7.56,2097.19,188.87,3.69,0.45,5.21,0.24,6.55,1.98,0.00,0.00,14.64,2.25,6.84,3.34,0.42,3.93,8.38,19.71,58.76,7.75,4.45,4.11,18388.69,659.70,2645.05,3020.99,819.99,8170.08,444.96,408.25,246.39,1197.61,93.78,130.41,91.39,1226.57,80.47,154.72,49.10,160.42,81.17,85.37,39.58,51.94,10.86,2998.44,270.04,4.70,0.57,6.52,0.30,8.15,2.46,0.00,0.00,17.31,2.66,9.24,4.51,0.56,5.24,9.36,22.01,63.30,8.35,5.05,4.66
29.00,29.0,21/11/2025 11:27:53,1.519,6.680,,15.5,945334.0,636791.0,989724.19,320.33,1624.02,1708.54,448.11,3949.93,212.15,82.44,57.62,561.65,37.62,110.81,77.13,831.24,57.42,54.91,22.37,69.18,45.44,62.26,27.80,91.63,17.26,2328.14,210.87,3.74,0.46,5.18,0.24,5.04,2.02,0.00,0.00,8.77,1.85,6.54,3.38,3.25,4.07,12.30,19.78,55.60,7.72,4.33,4.23,18983.49,531.20,2693.07,3228.22,846.69,8450.22,453.86,188.90,132.03,1402.39,93.93,133.48,92.91,1163.08,80.34,91.62,37.32,123.50,81.12,91.00,40.63,131.66,24.80,3328.64,301.49,4.76,0.59,6.48,0.30,6.27,2.51,0.00,0.00,10.37,2.19,8.83,4.57,4.33,5.43,13.73,22.08,59.89,8.32,4.91,4.80
29.10,29.1,21/11/2025 11:28:10,-0.818,6.745,1181239.440,15.5,941629.0,633392.0,989066.48,745.35,1595.09,1837.75,458.37,3991.35,212.77,152.11,93.06,465.64,37.76,88.06,71.22,858.78,57.82,84.71,28.23,137.11,46.31,53.59,26.36,126.12,23.02,2287.69,206.94,3.74,0.46,5.23,0.24,6.13,2.07,0.00,0.00,12.50,2.13,8.05,3.40,1.86,4.09,10.83,19.74,53.14,7.79,3.78,4.15,20103.23,1236.00,2645.10,3472.36,866.07,8538.83,455.19,348.54,213.23,1162.66,94.28,106.08,85.79,1201.61,80.90,141.34,47.10,244.77,82.67,78.32,38.53,181.21,33.08,3270.81,295.87,4.76,0.59,6.55,0.30,7.63,2.58,0.00,0.00,14.78,2.52,10.87,4.59,2.48,5.45,12.09,22.04,57.24,8.39,4.29,4.71
29.20,29.2,21/11/2025 11:28:27,1.206,4.629,,15.5,940118.0,634100.0,989884.80,356.60,1628.03,1820.60,461.16,3596.69,199.02,191.50,113.64,474.75,37.45,92.02,71.21,851.77,57.05,19.69,14.77,62.29,44.97,79.03,30.64,143.92,25.86,2317.43,209.73,3.78,0.46,5.24,0.24,7.03,2.08,0.00,0.00,9.04,1.84,6.68,3.43,1.58,4.05,21.02,19.59,50.44,7.45,4.12,4.18,18556.77,591.34,2699.72,3439.96,871.34,7694.52,425.77,438.80,260.39,1185.41,93.51,110.85,85.78,1191.80,79.82,32.85,24.64,111.20,80.28,115.51,44.78,206.79,37.16,3313.33,299.86,4.81,0.59,6.56,0.30,8.75,2.59,0.00,0.00,10.69,2.18,9.02,4.63,2.11,5.40,23.47,21.87,54.33,8.03,4.67,4.74
29.30,29.3,21/11/2025 11:28:53,2.099,1.385,,15.5,935712.0,630747.0,989294.26,367.42,1532.99,2043.41,482.38,4048.89,213.83,43.92,53.76,488.52,37.36,66.96,62.90,890.59,57.63,71.77,25.97,74.05,45.35,66.59,28.51,104.25,19.30,2347.19,212.61,3.82,0.47,5.20,0.24,5.92,2.09,0.00,0.00,9.49,1.88,6.28,3.40,2.53,4.02,7.14,19.72,47.99,7.56,3.81,4.13,19740.11,609.28,2542.12,3860.95,911.44,8661.93,457.45,100.64,123.18,1219.79,93.28,80.66,75.77,1246.12,80.64,119.75,43.33,132.19,80.96,97.33,41.67,149.79,27.73,3355.88,303.98,4.86,0.60,6.51,0.30,7.37,2.60,0.00,0.00,11.22,2.22,8.48,4.59,3.37,5.36,7.97,22.02,51.70,8.14,4.32,4.69
29.40,29.4,21/11/2025 11:29:11,2.578,4.233,,15.5,939870.0,634492.0,990340.41,285.28,1640.16,1448.07,417.55,3664.88,201.74,67.83,49.59,537.06,37.30,24.32,36.91,880.92,57.46,50.81,21.24,97.14,45.30,51.57,25.88,170.77,30.65,2269.52,205.22,4.08,0.47,13.17,0.66,8.58,2.04,0.09,0.16,12.04,2.04,4.76,3.39,2.16,4.05,11.78,19.56,49.66,7.41,5.10,4.18,17760.07,473.07,2719.84,2736.07,788.95,7840.41,431.59,155.42,113.63,1340.99,93.13,29.30,44.46,1232.59,80.40,84.78,35.44,173.41,80.87,75.37,37.83,245.37,44.04,3244.83,293.41,5.19,0.60,16.49,0.83,10.68,2.54,0.12,0.21,14.24,2.41,6.43,4.58,2.88,5.40,13.15,21.84,53.49,7.98,5.79,4.74
29.50,29.5,21/11/2025 11:29:45,2.173,0.921,,15.5,935275.0,631016.0,990019.22,410.21,1628.76,1805.41,455.84,3728.54,202.73,157.48,95.11,473.51,37.44,11.35,27.66,855.76,57.22,26.45,14.83,40.10,44.91,65.46,28.23,125.18,22.81,2178.98,196.65,3.47,0.45,5.10,0.24,6.79,2.01,0.00,0.00,8.08,1.75,3.42,3.36,3.37,4.03,14.41,19.67,54.17,7.47,3.53,4.09,18445.31,680.24,2700.93,3411.25,861.29,7976.60,433.71,360.84,217.93,1182.31,93.48,13.67,33.32,1197.38,80.06,44.13,24.74,71.59,80.17,95.67,41.26,179.86,32.77,3115.38,281.16,4.42,0.57,6.38,0.30,8.45,2.50,0.00,0.00,9.56,2.07,4.62,4.54,4.49,5.37,16.09,21.96,58.35,8.05,4.00,4.64
29.60,29.6,21/11/2025 11:30:02,2.354,6.882,1181232.888,15.5,924664.0,628573.0,990687.75,333.09,1524.02,1833.34,452.23,3527.11,193.86,48.55,37.39,340.30,37.12,4.99,27.02,771.19,55.67,18.08,14.57,103.46,44.88,44.36,24.65,122.67,22.25,2051.31,184.49,3.99,0.46,17.38,0.94,6.41,1.95,0.00,0.00,7.17,1.63,3.44,3.26,1.62,3.96,22.58,19.35,48.37,7.45,2.83,4.04,17127.48,552.36,2527.25,3464.03,854.47,7545.67,414.73,111.25,85.67,849.70,92.69,6.01,32.55,1079.05,77.89,30.17,24.31,184.70,80.12,64.83,36.03,176.26,31.97,2932.85,263.77,5.08,0.59,21.76,1.18,7.98,2.43,0.00,0.00,8.48,1.93,4.65,4.40,2.16,5.28,25.21,21.60,52.10,8.03,3.21,4.58
29.70,29.7,21/11/2025 11:30:20,2.401,14.683,,15.5,923321.0,631743.0,990869.74,288.81,1551.80,1437.87,405.42,3521.73,194.33,88.12,59.46,519.44,36.86,54.85,56.71,838.66,56.29,25.97,14.63,77.30,44.70,63.47,27.64,134.15,24.16,1973.53,177.11,3.75,0.45,16.42,0.88,7.12,2.01,0.00,0.00,6.03,1.48,4.95,3.27,2.62,3.96,12.33,19.38,50.52,7.47,2.63,3.99,16879.48,478.93,2573.31,2716.80,766.03,7534.16,415.74,201.92,136.24,1296.99,92.04,66.07,68.31,1173.46,78.76,43.33,24.41,137.99,79.80,92.77,40.40,192.75,34.71,2821.64,253.22,4.77,0.57,20.55,1.10,8.86,2.50,0.00,0.00,7.13,1.75,6.69,4.42,3.49,5.28,13.77,21.64,54.42,8.05,2.98,4.53
29.80,29.8,21/11/2025 11:30:37,2.233,9.724,,15.6,913725.0,628900.0,991162.58,524.48,1577.52,1551.47,416.26,3100.40,179.28,82.60,56.33,354.75,36.80,92.12,68.75,832.97,55.60,48.91,20.35,82.14,44.06,71.68,28.92,144.55,25.74,1847.48,165.10,3.69,0.45,15.75,0.83,5.63,1.94,0.00,0.00,4.15,1.24,3.06,3.26,5.12,3.97,13.41,19.10,49.27,7.32,3.80,3.97,16087.25,869.73,2615.96,2931.44,786.51,6632.79,383.54,189.27,129.07,885.78,91.89,110.97,82.82,1165.50,77.80,81.61,33.95,146.64,78.66,104.76,42.27,207.70,36.98,2641.42,236.05,4.70,0.57,19.72,1.04,7.01,2.41,0.00,0.00,4.91,1.47,4.13,4.40,6.83,5.29,14.97,21.33,53.07,7.89,4.31,4.50
29.90,29.9,21/11/2025 11:31:03,1.830,8.404,,15.6,915255.0,632237.0,991319.54,430.52,1561.23,1273.79,388.56,3406.11,190.87,74.87,52.74,404.40,36.84,51.55,54.36,870.12,56.30,24.77,14.47,100.15,44.50,73.49,29.26,101.24,18.49,1773.11,158.19,3.63,0.44,9.52,0.45,6.79,1.96,0.00,0.00,4.18,1.25,2.44,3.26,3.26,3.96,14.96,19.16,48.81,7.39,2.77,3.94,15986.47,713.92,2588.95,2406.78,734.17,7286.81,408.33,171.55,120.85,1009.75,91.99,62.10,65.48,1217.48,78.78,41.33,24.14,178.79,79.44,107.41,42.77,145.47,26.57,2535.09,226.17,4.62,0.56,11.92,0.56,8.45,2.44,0.00,0.00,4.94,1.48,3.30,4.40,4.35,5.28,16.70,21.39,52.58,7.96,3.14,4.47
30.00,30.0,21/11/2025 11:31:29,1.921,7.208,,15.5,918956.0,633565.0,991315.27,269.35,1563.65,1506.07,414.08,3206.38,183.68,97.17,64.02,506.83,36.60,4.26,26.71,882.68,56.19,13.62,14.46,78.50,44.45,62.82,27.45,120.09,21.75,1832.08,163.80,4.03,0.46,13.58,0.69,6.97,1.98,0.00,0.00,4.32,1.27,4.65,3.28,2.35,3.99,19.12,19.28,46.58,7.31,3.28,4.00,16047.38,446.66,2592.96,2845.66,782.39,6859.52,392.95,222.65,146.69,1265.51,91.39,5.13,32.17,1235.05,78.62,22.72,24.13,140.14,79.35,91.81,40.12,172.55,31.25,2619.41,234.19,5.13,0.59,17.00,0.86,8.68,2.46,0.00,0.00,5.11,1.50,6.28,4.43,3.13,5.32,21.35,21.53,50.18,7.87,3.72,4.54
30.10,30.1,21/11/2025 11:31:55,2.101,4.366,1181236.723,15.5,917277.0,634880.0,991059.76,384.87,1517.77,1483.79,405.73,3150.26,180.15,164.68,97.89,410.34,36.43,28.88,39.86,840.10,56.26,28.60,14.51,99.09,44.49,70.41,28.74,125.17,22.61,2046.01,183.92,3.70,0.46,19.23,1.08,5.62,1.98,0.00,0.00,4.21,1.27,2.79,3.31,2.01,4.02,15.30,19.17,51.23,7.55,3.93,4.05,16350.00,638.22,2516.88,2803.57,766.61,6739.46,385.40,377.34,224.30,1024.58,90.96,34.79,48.02,1175.47,78.72,47.72,24.21,176.89,79.42,102.91,42.01,179.85,32.49,2925.27,262.96,4.71,0.59,24.07,1.35,7.00,2.46,0.00,0.00,4.98,1.50,3.77,4.47,2.68,5.36,17.08,21.40,55.19,8.13,4.46,4.59
30.20,30.2,21/11/2025 11:32:12,2.145,4.762,,15.5,916113.0,633816.0,991420.76,425.75,1585.66,1390.49,402.41,3174.71,182.35,57.55,42.76,418.96,36.65,10.39,26.71,817.08,55.51,21.23,14.43,83.58,44.32,56.16,26.28,104.05,19.02,1924.14,172.37,3.80,0.46,5.07,0.23,5.85,1.99,0.00,0.00,4.36,1.25,1.66,3.20,2.30,3.98,17.68,19.20,51.92,7.43,2.52,4.01,15733.50,706.01,2629.46,2627.28,760.34,6791.77,390.11,131.87,97.98,1046.10,91.51,12.52,32.17,1143.26,77.67,35.42,24.08,149.21,79.12,82.08,38.41,149.50,27.33,2751.03,246.44,4.84,0.59,6.35,0.29,7.28,2.48,0.00,0.00,5.16,1.48,2.24,4.32,3.07,5.31,19.74,21.44,55.93,8.00,2.86,4.55
30.30,30.3,21/11/2025 11:32:29,2.088,3.972,,15.5,921536.0,636233.0,990708.89,480.95,1599.93,1570.53,421.20,3497.73,193.50,139.42,85.38,383.84,37.08,12.84,26.92,813.41,55.72,23.99,14.62,98.89,45.05,60.50,27.14,132.02,23.83,1977.64,177.49,3.96,0.47,16.89,0.91,7.13,1.99,0.00,0.00,3.73,1.25,1.69,3.26,1.85,4.01,9.81,19.39,51.34,7.58,2.95,4.05,17115.31,797.55,2653.13,2967.46,795.84,7482.82,413.96,319.46,195.64,958.41,92.59,15.47,32.43,1138.13,77.96,40.03,24.39,176.54,80.42,88.42,39.67,189.69,34.24,2827.52,253.77,5.04,0.60,21.14,1.14,8.87,2.48,0.00,0.00,4.41,1.48,2.28,4.40,2.47,5.35,10.95,21.65,55.30,8.17,3.35,4.59
30.40,30.4,21/11/2025 11:32:47,1.150,3.312,,15.5,915716.0,633570.0,991051.26,315.97,1610.48,1317.25,393.65,3502.52,194.72,106.04,68.74,377.61,36.85,73.40,63.26,863.11,56.07,26.91,14.48,90.07,44.45,64.89,27.77,104.20,19.08,2001.53,179.67,3.58,0.45,19.10,1.07,6.42,2.00,0.00,0.00,4.04,1.28,2.59,3.26,2.46,4.02,16.31,19.21,48.65,7.42,2.08,4.01,16420.76,523.97,2670.62,2488.89,743.79,7493.06,416.57,242.98,157.51,942.86,92.01,88.42,76.20,1207.67,78.45,44.90,24.16,160.79,79.35,94.84,40.59,149.72,27.41,2861.68,256.88,4.56,0.57,23.91,1.34,7.99,2.49,0.00,0.00,4.78,1.51,3.50,4.40,3.28,5.36,18.21,21.45,52.41,7.99,2.36,4.55
30.50,30.5,21/11/2025 11:33:21,1.129,4.700,,15.5,919753.0,637272.0,990956.24,363.49,1521.46,1428.36,403.07,3435.02,192.26,37.58,31.20,457.07,36.64,90.87,68.67,799.74,55.54,35.30,16.62,96.31,44.71,67.78,28.34,150.70,26.93,1983.45,178.00,3.78,0.46,14.00,0.72,5.93,1.98,0.00,0.00,4.30,1.28,2.14,3.29,2.55,4.01,9.83,19.29,53.30,7.55,2.26,4.00,16600.39,602.77,2523.00,2698.83,761.59,7348.66,411.31,86.11,71.49,1141.26,91.49,109.46,82.72,1119.00,77.71,58.90,27.73,171.93,79.82,99.06,41.42,216.53,38.69,2835.83,254.49,4.81,0.59,17.52,0.90,7.38,2.46,0.00,0.00,5.09,1.51,2.89,4.44,3.40,5.35,10.98,21.54,57.42,8.13,2.56,4.54
30.60,30.6,21/11/2025 11:33:38,2.132,8.007,1181233.351,15.5,918817.0,636767.0,990858.65,505.97,1576.45,1288.13,389.78,3562.66,197.18,60.02,44.78,419.67,36.68,65.46,60.83,857.68,56.07,36.06,16.85,52.49,44.23,49.95,25.43,100.48,18.46,2050.23,184.28,3.32,0.44,6.44,0.30,7.45,2.04,0.00,0.00,6.68,1.57,4.01,3.29,3.38,4.04,10.48,19.34,47.69,7.39,3.10,4.06,16767.49,839.04,2614.19,2433.87,736.47,7621.72,421.83,137.53,102.61,1047.88,91.59,78.85,73.28,1200.07,78.45,60.17,28.11,93.70,78.96,73.00,37.17,144.37,26.52,2931.30,263.47,4.23,0.56,8.06,0.38,9.27,2.54,0.00,0.00,7.90,1.86,5.42,4.44,4.51,5.39,11.70,21.59,51.37,7.96,3.52,4.61
30.70,30.7,21/11/2025 11:33:56,2.402,8.333,,15.5,929257.0,639417.0,990140.74,255.23,1590.91,1612.50,430.86,3950.27,210.76,122.13,77.47,490.67,37.11,24.38,36.67,898.63,57.36,56.17,22.47,106.70,45.36,36.39,23.82,84.57,15.96,2124.54,191.36,3.74,0.46,5.08,0.23,7.93,2.02,0.00,0.00,5.28,1.43,5.66,3.32,2.18,4.11,10.75,19.53,53.52,7.65,2.91,4.08,18319.88,423.24,2638.17,3046.76,814.09,8450.95,450.89,279.84,177.51,1225.16,92.66,29.37,44.17,1257.37,80.26,93.72,37.49,190.48,80.98,53.19,34.81,121.51,22.93,3037.55,273.60,4.76,0.59,6.36,0.29,9.87,2.51,0.00,0.00,6.24,1.69,7.65,4.48,2.91,5.48,12.00,21.81,57.65,8.24,3.30,4.63
30.80,30.8,21/11/2025 11:34:22,2.591,15.475,,15.6,920475.0,629470.0,990545.00,406.93,1515.26,1636.19,427.03,3551.87,196.43,124.92,78.50,534.22,36.53,45.25,51.98,792.72,55.97,38.31,17.47,124.66,44.86,66.72,28.12,81.07,15.23,1948.27,174.62,3.60,0.45,5.03,0.23,6.73,2.03,0.00,0.00,12.38,2.07,3.37,3.29,2.13,3.96,20.65,19.19,46.79,7.43,3.21,4.02,17553.16,674.80,2512.72,3091.52,806.86,7598.64,420.23,286.24,179.87,1333.90,91.21,54.51,62.62,1109.18,78.31,63.92,29.15,222.54,80.08,97.52,41.10,116.48,21.88,2785.53,249.66,4.58,0.57,6.30,0.29,8.38,2.53,0.00,0.00,14.64,2.45,4.55,4.44,2.84,5.28,23.06,21.43,50.40,8.00,3.64,4.56
30.90,30.9,21/11/2025 11:34:39,2.555,15.216,,15.6,925388.0,622131.0,990291.89,546.29,1563.58,1611.61,428.74,3663.71,201.28,164.72,99.49,520.40,36.93,50.38,55.34,866.45,56.85,36.02,16.95,53.11,44.59,56.58,26.61,40.48,8.31,1976.21,177.30,3.64,0.45,15.03,0.78,8.68,2.02,0.00,0.00,15.03,2.25,3.37,3.28,1.80,3.90,19.16,19.49,50.30,7.34,5.13,4.10,18000.35,905.90,2592.85,3045.08,810.09,7837.90,430.61,377.43,227.97,1299.39,92.21,60.69,66.66,1212.34,79.54,60.10,28.28,94.81,79.60,82.69,38.89,58.16,11.94,2825.47,253.49,4.63,0.57,18.81,0.98,10.80,2.51,0.00,0.00,17.77,2.66,4.55,4.43,2.40,5.20,21.39,21.76,54.18,7.91,5.82,4.65
31.00,31.0,21/11/2025 11:35:13,2.549,7.407,,15.5,936963.0,634971.0,988206.92,308.14,1571.55,2066.76,489.60,5143.85,252.68,114.12,74.03,482.39,37.77,110.60,77.02,890.79,58.12,38.78,17.96,96.13,45.86,62.70,27.87,94.20,17.57,2281.51,206.17,3.69,0.47,5.30,0.24,7.29,2.07,0.00,0.00,10.40,1.97,7.01,3.42,2.73,4.11,9.02,19.78,52.91,7.73,4.77,4.22,22109.63,510.98,2606.06,3905.07,925.08,11004.42,540.57,261.49,169.63,1204.48,94.31,133.23,92.78,1246.40,81.32,64.70,29.97,171.61,81.87,91.64,40.73,135.35,25.25,3261.97,294.77,4.70,0.60,6.63,0.30,9.07,2.58,0.00,0.00,12.30,2.33,9.47,4.62,3.64,5.48,10.07,22.08,57.00,8.33,5.41,4.79
31.10,31.1,21/11/2025 11:35:31,2.495,7.008,1181233.024,15.4,945536.0,644041.0,988779.35,224.19,1624.47,1994.58,481.20,4589.25,233.08,118.43,75.57,516.45,37.93,96.53,73.12,925.48,58.29,63.86,24.54,117.95,46.38,55.15,26.72,112.41,20.76,2310.79,209.12,3.74,0.46,5.26,0.24,7.07,2.04,0.00,0.00,7.57,1.71,2.42,3.45,3.26,4.18,6.90,19.88,56.84,7.77,2.51,4.08,20902.07,371.77,2693.82,3768.68,909.21,9817.94,498.64,271.37,173.16,1289.53,94.71,116.28,88.08,1294.94,81.56,106.55,40.94,210.56,82.80,80.60,39.05,161.52,29.83,3303.84,298.99,4.76,0.59,6.58,0.30,8.80,2.54,0.00,0.00,8.95,2.02,3.27,4.66,4.35,5.57,7.70,22.20,61.23,8.37,2.85,4.63
31.20,31.2,21/11/2025 11:35:48,2.416,6.878,,15.4,943753.0,649995.0,988594.10,411.43,1564.97,1924.35,470.12,4536.86,230.99,245.59,143.59,475.49,37.77,151.51,83.75,997.82,58.77,57.89,23.21,126.46,46.59,60.74,27.66,107.00,19.84,2225.86,201.02,3.87,0.47,5.25,0.24,7.24,2.08,0.00,0.00,6.07,1.53,1.53,3.40,2.25,4.18,3.56,19.91,51.96,7.68,3.17,4.21,21196.34,682.26,2595.15,3635.99,888.27,9705.86,494.16,562.74,329.02,1187.25,94.31,182.51,100.89,1396.16,82.23,96.59,38.73,225.75,83.17,88.77,40.43,153.74,28.51,3182.41,287.41,4.92,0.60,6.57,0.30,9.01,2.59,0.00,0.00,7.18,1.81,2.07,4.59,3.00,5.57,3.97,22.23,55.97,8.27,3.60,4.78
31.30,31.3,21/11/2025 11:36:05,3.135,6.150,,15.4,938147.0,652219.0,990808.22,354.62,1653.29,1330.45,404.88,3795.92,206.74,47.63,54.24,516.13,37.16,13.11,28.01,807.09,56.76,25.28,14.72,103.82,45.41,57.35,26.82,43.39,8.92,2003.93,180.14,3.68,0.46,5.02,0.23,5.52,2.00,0.00,0.00,5.36,1.44,1.83,3.39,3.35,4.16,15.12,19.56,50.14,7.56,3.04,4.12,17109.83,588.06,2741.61,2513.84,765.01,8120.74,442.29,109.14,124.28,1288.73,92.78,15.79,33.74,1129.29,79.42,42.18,24.56,185.34,81.07,83.82,39.20,62.34,12.82,2865.11,257.55,4.68,0.59,6.28,0.29,6.87,2.49,0.00,0.00,6.34,1.70,2.47,4.58,4.47,5.55,16.88,21.84,54.01,8.14,3.45,4.67
31.40,31.4,21/11/2025 11:36:31,3.120,6.217,,15.4,939703.0,653261.0,990282.08,428.61,1611.68,1808.49,460.93,3514.65,196.28,167.69,100.97,407.18,37.63,109.17,75.50,829.51,56.82,27.92,14.78,139.93,45.91,65.61,28.19,89.51,16.83,2030.02,182.56,4.24,0.48,5.14,0.24,6.51,2.05,0.00,0.00,4.73,1.33,1.84,3.41,1.75,4.16,21.34,19.54,50.76,7.49,3.33,4.17,17875.86,710.75,2672.61,3417.07,870.91,7519.01,419.91,384.24,231.36,1016.69,93.96,131.51,90.95,1160.66,79.50,46.58,24.66,249.80,81.96,95.89,41.20,128.61,24.18,2902.41,261.01,5.40,0.61,6.43,0.30,8.10,2.55,0.00,0.00,5.59,1.57,2.49,4.61,2.33,5.55,23.83,21.82,54.68,8.07,3.78,4.73
31.50,31.5,21/11/2025 11:36:57,2.973,8.929,,15.4,940234.0,652832.0,990160.39,401.47,1624.59,1823.97,457.36,3784.36,205.21,86.45,59.36,517.33,37.27,74.09,65.95,803.83,56.48,53.31,22.07,43.10,45.19,50.85,25.92,123.90,22.62,1979.13,177.79,3.76,0.47,10.30,0.50,9.14,2.06,0.00,0.00,3.56,1.30,3.13,3.40,3.41,4.18,10.21,19.79,50.94,7.60,3.35,4.11,18271.86,665.75,2694.02,3446.32,864.16,8096.01,439.01,198.09,136.02,1291.72,93.06,89.25,79.44,1124.72,79.03,88.95,36.82,76.94,80.67,74.32,37.88,178.02,32.50,2829.65,254.19,4.78,0.60,12.89,0.63,11.38,2.56,0.00,0.00,4.21,1.54,4.23,4.59,4.55,5.57,11.40,22.10,54.87,8.19,3.80,4.66
31.60,31.6,21/11/2025 11:37:23,2.486,8.397,1181233.159,15.4,938568.0,654242.0,990306.67,299.67,1630.43,1782.16,453.93,3625.05,200.01,125.77,79.04,408.48,37.57,11.03,27.62,844.02,57.12,28.04,14.86,88.48,45.23,76.09,30.09,155.73,27.99,2151.52,194.04,4.01,0.47,5.20,0.24,7.65,2.07,0.00,0.00,5.63,1.47,1.28,3.43,2.96,4.20,16.48,19.56,51.26,7.65,2.82,4.15,17847.94,496.94,2703.70,3367.32,857.68,7755.20,427.89,288.19,181.11,1019.94,93.81,13.29,33.27,1180.96,79.92,46.78,24.79,157.95,80.74,111.21,43.98,223.76,40.22,3076.12,277.43,5.10,0.60,6.51,0.30,9.52,2.58,0.00,0.00,6.66,1.74,1.73,4.63,3.95,5.60,18.40,21.84,55.22,8.24,3.20,4.71
31.70,31.7,21/11/2025 11:37:40,2.518,6.149,,15.4,945434.0,654365.0,990188.79,249.10,1614.82,1714.36,447.08,3759.41,205.18,13.97,13.77,523.66,37.68,46.47,54.31,835.80,57.13,90.48,29.32,108.55,45.79,64.98,28.27,113.55,20.99,2209.62,199.66,3.90,0.48,5.12,0.24,6.18,2.05,0.00,0.00,3.09,1.29,2.77,3.42,2.07,4.20,5.71,19.74,48.93,7.63,3.49,4.14,18114.23,413.08,2677.82,3239.22,844.74,8042.64,438.95,32.01,31.55,1307.53,94.08,55.98,65.42,1169.46,79.94,150.97,48.92,193.78,81.74,94.97,41.32,163.15,30.16,3159.19,285.46,4.96,0.61,6.41,0.30,7.69,2.55,0.00,0.00,3.65,1.53,3.74,4.62,2.76,5.60,6.38,22.04,52.71,8.22,3.96,4.70
31.80,31.8,21/11/2025 11:37:58,2.689,6.012,,15.4,942694.0,651076.0,990658.70,686.30,1716.42,1581.92,435.72,3519.79,197.13,116.72,75.16,406.38,38.03,15.73,28.03,780.15,56.59,24.40,14.83,103.68,45.78,31.39,23.54,58.19,11.67,1921.60,172.54,3.82,0.46,5.12,0.24,6.11,2.01,0.00,0.00,3.82,1.28,2.00,3.32,2.96,4.11,16.11,19.75,50.94,7.57,4.15,4.13,17260.03,1138.07,2846.30,2988.98,823.28,7530.01,421.73,267.45,172.22,1014.69,94.96,18.95,33.77,1091.59,79.18,40.71,24.74,185.09,81.73,45.88,34.41,83.61,16.77,2747.40,246.69,4.86,0.59,6.41,0.30,7.61,2.50,0.00,0.00,4.52,1.51,2.70,4.48,3.95,5.48,17.99,22.05,54.87,8.15,4.71,4.69
31.90,31.9,21/11/2025 11:38:15,2.425,9.914,,15.4,941702.0,648043.0,990661.58,295.05,1659.35,1587.96,436.00,3560.35,198.27,154.69,94.44,501.23,37.56,22.52,35.18,784.60,56.43,25.72,14.88,89.42,45.38,76.31,30.19,126.84,23.09,1991.31,178.94,3.40,0.45,4.99,0.23,5.84,1.99,0.00,0.00,6.52,1.58,2.84,3.36,4.16,4.16,41.78,29.58,49.70,7.51,3.19,4.15,17319.49,489.27,2751.66,3000.39,823.81,7616.78,424.17,354.45,216.40,1251.52,93.78,27.13,42.38,1097.82,78.96,42.91,24.83,159.63,81.01,111.53,44.12,182.25,33.18,2847.06,255.84,4.33,0.57,6.25,0.29,7.27,2.48,0.00,0.00,7.71,1.87,3.84,4.54,5.55,5.55,46.65,33.03,53.54,8.09,3.62,4.71
32.00,32.0,21/11/2025 11:38:49,2.244,7.007,,15.5,933230.0,642074.0,990329.24,469.60,1613.47,1630.80,432.28,3640.64,199.34,94.89,63.08,499.64,37.10,57.64,58.58,832.84,56.64,23.69,14.73,61.18,44.94,59.19,27.09,140.56,25.34,2067.19,185.99,3.70,0.46,5.09,0.24,5.33,1.99,0.00,0.00,7.26,1.67,4.10,3.35,2.39,4.07,9.26,19.57,52.45,7.60,3.33,4.15,17846.75,778.73,2675.58,3081.34,816.78,7788.55,426.46,217.43,144.54,1247.55,92.64,69.43,70.57,1165.31,79.25,39.53,24.58,109.22,80.23,86.51,39.59,201.96,36.41,2955.55,265.92,4.71,0.59,6.37,0.30,6.63,2.48,0.00,0.00,8.59,1.97,5.54,4.53,3.19,5.43,10.34,21.85,56.50,8.19,3.78,4.71
32.10,32.1,21/11/2025 11:39:07,2.905,8.132,1181233.419,15.4,936713.0,644955.0,990377.95,306.28,1618.94,1578.82,428.15,3821.20,205.92,89.42,60.48,477.95,37.36,10.11,27.93,806.46,56.88,80.27,27.58,63.34,45.10,54.15,26.34,102.85,19.05,2130.08,192.00,4.01,0.47,11.14,0.54,6.68,2.03,0.00,0.00,9.92,1.89,4.81,3.37,2.60,4.13,3.96,19.68,52.87,7.60,5.13,4.12,17840.36,507.90,2684.65,2983.12,808.97,8174.83,440.53,204.89,138.58,1193.40,93.28,12.18,33.64,1128.40,79.59,133.93,46.02,113.07,80.51,79.14,38.50,147.78,27.37,3045.47,274.51,5.10,0.60,13.94,0.68,8.31,2.53,0.00,0.00,11.73,2.24,6.50,4.55,3.47,5.51,4.42,21.97,56.95,8.19,5.82,4.67
32.20,32.2,21/11/2025 11:39:33,2.330,6.154,,15.4,940805.0,645571.0,990039.94,333.95,1600.16,1604.62,432.63,3813.17,206.17,125.50,78.81,472.24,37.51,10.92,27.87,813.01,56.90,34.23,16.57,101.42,45.63,60.36,27.38,119.93,21.96,2361.77,214.04,4.03,0.48,5.22,0.24,7.28,2.09,0.00,0.00,9.86,1.94,8.74,3.47,3.73,4.15,10.67,19.66,54.37,7.81,5.03,4.19,18361.51,553.78,2653.51,3031.87,817.44,8157.65,441.07,287.57,180.58,1179.14,93.66,13.15,33.57,1137.57,79.61,57.11,27.65,181.05,81.46,88.22,40.02,172.32,31.55,3376.73,306.02,5.13,0.61,6.53,0.30,9.06,2.60,0.00,0.00,11.66,2.29,11.81,4.69,4.97,5.53,11.91,21.95,58.57,8.41,5.71,4.75
32.30,32.3,21/11/2025 11:39:50,2.310,10.251,,15.4,938429.0,648938.0,989706.71,709.99,1565.26,1863.23,460.23,3615.42,199.64,39.80,53.63,542.75,37.21,66.63,62.83,842.28,56.98,64.83,24.64,88.39,45.54,67.99,28.77,92.58,17.40,2207.12,199.31,4.05,0.47,10.50,0.51,7.69,2.02,0.00,0.00,7.99,1.75,3.90,3.37,1.74,4.13,2.83,19.73,50.17,7.51,3.39,4.15,18897.56,1177.36,2595.63,3520.50,869.59,7734.59,427.10,91.20,122.89,1355.19,92.91,80.26,75.69,1178.52,79.73,108.17,41.11,157.79,81.30,99.37,42.05,133.02,25.00,3155.62,284.96,5.15,0.60,13.14,0.64,9.57,2.51,0.00,0.00,9.45,2.07,5.27,4.55,2.32,5.51,3.16,22.03,54.04,8.09,3.85,4.71
32.40,32.4,21/11/2025 11:40:07,2.213,5.691,,15.4,934918.0,649375.0,990765.86,326.69,1599.67,1435.99,409.52,3791.85,204.75,53.88,41.24,462.07,37.21,6.47,27.46,797.87,56.43,65.16,24.54,51.90,44.82,57.23,26.80,63.22,12.42,2027.55,182.39,3.93,0.46,7.59,0.35,6.25,2.01,0.00,0.00,4.36,1.29,1.85,3.33,2.97,4.13,12.15,19.61,52.65,7.59,2.51,4.05,17150.16,541.74,2652.69,2713.25,773.77,8112.04,438.03,123.46,94.50,1153.74,92.91,7.79,33.08,1116.38,78.96,108.72,40.94,92.65,80.01,83.64,39.17,90.84,17.85,2898.88,260.77,5.00,0.59,9.50,0.44,7.78,2.50,0.00,0.00,5.16,1.53,2.50,4.50,3.96,5.51,13.57,21.89,56.72,8.18,2.85,4.59
32.50,32.5,21/11/2025 11:40:42,2.011,8.399,,15.4,930664.0,648288.0,990594.56,345.31,1532.37,1709.26,436.25,3701.43,199.96,97.09,63.50,455.79,37.17,50.67,54.89,756.57,55.77,18.27,14.75,62.41,44.95,45.71,24.99,67.23,13.06,1997.12,179.43,3.74,0.46,5.13,0.24,6.22,2.02,0.00,0.00,5.91,1.49,3.88,3.35,3.39,4.11,11.66,19.56,53.92,7.58,4.70,4.11,17473.75,572.62,2541.09,3229.58,824.28,7918.60,427.78,222.47,145.50,1138.06,92.81,61.04,66.12,1058.60,78.03,30.48,24.61,111.41,80.24,66.81,36.52,96.60,18.77,2855.37,256.54,4.76,0.59,6.42,0.30,7.74,2.51,0.00,0.00,6.99,1.76,5.24,4.53,4.52,5.48,13.02,21.84,58.08,8.17,5.33,4.66
32.60,32.6,21/11/2025 11:40:59,1.720,5.620,1181236.792,15.4,935616.0,652347.0,989426.71,1189.65,1603.32,1807.84,453.75,3447.37,193.17,140.92,87.08,495.58,37.35,14.16,27.52,804.29,56.52,22.64,14.70,131.84,45.87,59.32,27.22,83.68,15.90,2275.62,205.83,3.93,0.47,9.77,0.47,7.18,2.04,0.00,0.00,3.55,1.30,1.28,3.38,1.82,4.15,21.54,19.59,47.69,7.54,3.62,4.18,19314.10,1972.77,2658.75,3415.85,857.34,7375.08,413.26,322.90,199.53,1237.42,93.26,17.06,33.15,1125.37,79.08,37.77,24.53,235.36,81.89,86.70,39.78,120.23,22.85,3253.55,294.28,5.00,0.60,12.23,0.59,8.94,2.54,0.00,0.00,4.20,1.54,1.73,4.57,2.43,5.53,24.05,21.87,51.37,8.12,4.11,4.74
32.70,32.7,21/11/2025 11:41:16,2.041,2.779,,15.4,941713.0,653889.0,989919.57,362.23,1618.79,1512.56,421.79,3684.45,202.30,171.50,102.86,476.55,37.49,13.61,27.50,830.28,56.85,40.58,18.57,57.51,45.09,67.96,28.65,119.04,21.78,2642.47,240.93,3.86,0.48,12.95,0.65,6.43,2.05,0.00,0.00,1.91,1.28,3.84,3.46,1.87,4.24,13.57,19.66,54.29,7.84,2.96,4.20,18436.73,600.68,2684.40,2857.93,796.96,7882.27,432.79,392.97,235.69,1189.90,93.61,16.39,33.13,1161.73,79.54,67.71,30.98,102.67,80.49,99.33,41.87,171.04,31.29,3778.06,344.47,4.91,0.61,16.21,0.81,8.00,2.55,0.00,0.00,2.26,1.51,5.19,4.67,2.49,5.65,15.15,21.95,58.48,8.45,3.36,4.76
32.80,32.8,21/11/2025 11:41:42,1.650,3.307,,15.4,934798.0,651890.0,991085.30,275.15,1693.93,1378.45,409.50,3352.03,190.43,71.93,51.69,470.83,37.04,10.22,27.28,801.12,56.03,52.97,21.77,75.15,44.94,70.45,29.05,61.47,12.11,2202.98,199.02,3.41,0.45,10.12,0.49,7.36,2.03,0.00,0.00,3.29,1.27,5.60,3.38,2.50,4.16,9.13,19.54,46.99,7.50,3.54,4.13,16374.91,456.27,2809.00,2604.53,773.73,7171.11,407.39,164.82,118.44,1175.62,92.49,12.31,32.86,1120.93,78.40,88.38,36.32,134.16,80.23,102.97,42.46,88.32,17.40,3149.70,284.55,4.34,0.57,12.67,0.61,9.16,2.53,0.00,0.00,3.89,1.50,7.56,4.57,3.33,5.55,10.19,21.82,50.62,8.08,4.02,4.69
32.90,32.9,21/11/2025 11:42:00,1.818,2.187,,15.4,929459.0,649079.0,990371.90,789.62,1622.94,1643.99,434.20,3419.74,190.87,160.57,96.02,456.47,36.98,29.40,40.99,688.07,55.28,28.41,14.63,99.61,44.99,53.50,26.04,95.54,17.75,2045.10,183.95,3.78,0.46,24.77,1.55,6.49,1.98,0.00,0.00,3.80,1.29,3.76,3.37,3.92,4.18,16.89,19.40,51.44,7.59,3.21,4.06,17738.76,1309.41,2691.28,3106.26,820.40,7315.97,408.33,367.92,220.02,1139.76,92.34,35.42,49.38,962.75,77.35,47.40,24.41,177.82,80.32,78.19,38.06,137.28,25.50,2923.97,263.00,4.81,0.59,31.01,1.94,8.08,2.46,0.00,0.00,4.49,1.53,5.08,4.55,5.23,5.57,18.86,21.66,55.41,8.18,3.64,4.61
33.00,33.0,21/11/2025 11:42:25,1.984,2.979,,15.4,935056.0,652362.0,990565.00,299.09,1614.40,1532.24,424.36,3470.82,194.02,162.42,97.85,478.19,37.35,56.56,57.96,766.70,55.85,20.37,14.72,101.28,45.42,46.78,25.17,113.36,20.77,2274.92,205.77,3.60,0.46,27.67,1.83,6.82,2.00,0.00,0.00,4.15,1.30,2.11,3.42,1.15,4.14,12.07,19.56,52.35,7.60,2.38,4.13,17351.55,495.97,2677.12,2895.11,801.81,7425.25,415.07,372.16,224.21,1193.99,93.26,68.13,69.82,1072.77,78.15,33.99,24.56,180.80,81.08,68.37,36.79,162.88,29.84,3252.55,294.20,4.58,0.59,34.64,2.29,8.49,2.49,0.00,0.00,4.91,1.54,2.85,4.62,1.53,5.52,13.48,21.84,56.39,8.19,2.70,4.69
33.10,33.1,21/11/2025 11:42:51,1.660,3.770,1181234.809,15.4,934257.0,652847.0,990832.92,350.21,1592.78,1729.51,444.51,3328.08,188.49,34.24,28.95,366.50,37.63,12.48,27.23,729.60,55.70,22.59,14.79,38.48,44.74,52.79,26.12,109.40,20.19,2292.60,207.53,3.93,0.47,16.67,0.90,7.40,2.11,0.00,0.00,2.81,1.25,2.82,3.36,2.72,4.20,6.48,19.60,53.54,7.59,4.25,4.14,16732.06,580.74,2641.27,3267.84,839.89,7119.88,403.24,78.46,66.34,915.12,93.96,15.03,32.80,1020.86,77.94,37.69,24.68,68.69,79.87,77.16,38.18,157.19,29.01,3277.83,296.71,5.00,0.60,20.87,1.13,9.21,2.63,0.00,0.00,3.32,1.48,3.81,4.54,3.63,5.60,7.23,21.88,57.67,8.18,4.82,4.70
33.20,33.2,21/11/2025 11:43:09,1.812,4.762,,15.4,937988.0,652479.0,990940.72,424.12,1659.63,1359.63,405.52,3322.96,188.71,142.84,87.79,456.26,37.32,22.55,34.88,741.30,55.92,20.11,14.82,53.24,44.95,51.64,25.92,86.44,16.34,2267.92,205.20,4.10,0.48,19.51,1.11,7.15,2.05,0.00,0.00,4.29,1.28,1.46,3.35,2.55,4.18,14.48,19.62,53.64,7.68,3.09,4.10,16609.39,703.31,2752.12,2568.97,766.21,7108.92,403.71,327.30,201.16,1139.24,93.18,27.16,42.02,1037.23,78.24,33.55,24.73,95.04,80.24,75.47,37.88,124.20,23.48,3242.54,293.38,5.22,0.61,24.42,1.39,8.90,2.55,0.00,0.00,5.07,1.51,1.97,4.53,3.40,5.57,16.17,21.91,57.78,8.27,3.51,4.65
33.30,33.3,21/11/2025 11:43:26,1.614,4.229,,15.4,929230.0,649464.0,990803.18,568.58,1560.70,1650.14,431.32,3216.67,183.24,83.68,56.85,435.68,37.07,90.90,69.85,689.02,54.82,15.37,14.61,80.90,44.91,41.09,24.31,80.26,15.26,2145.78,193.57,4.02,0.47,5.97,0.27,8.58,2.10,0.00,0.00,4.06,1.26,3.32,3.35,3.76,4.12,17.89,19.48,49.25,7.44,1.89,4.02,16821.54,942.86,2588.07,3117.88,814.96,6881.53,392.01,191.74,130.26,1087.85,92.56,109.50,84.14,964.08,76.70,25.64,24.38,144.42,80.17,60.06,35.53,115.32,21.93,3067.92,276.76,5.12,0.60,7.47,0.34,10.68,2.61,0.00,0.00,4.80,1.49,4.48,4.53,5.01,5.49,19.97,21.75,53.05,8.01,2.14,4.56
33.40,33.4,21/11/2025 11:43:52,2.276,4.232,,15.5,921862.0,641437.0,991423.50,254.31,1579.32,1461.07,411.16,3051.51,178.07,92.61,61.81,449.97,36.68,0.00,0.00,705.64,54.75,23.79,14.57,107.62,44.85,64.29,27.62,75.64,14.34,2197.86,198.35,3.80,0.46,7.44,0.35,7.67,1.99,0.00,0.00,4.22,1.26,2.41,3.31,3.70,4.06,8.13,19.23,50.54,7.45,4.27,4.10,15715.70,421.72,2618.95,2760.64,776.87,6528.20,380.95,212.20,141.63,1123.53,91.59,0.00,0.00,987.34,76.61,39.69,24.31,192.12,80.07,93.96,40.37,108.68,20.60,3142.38,283.59,4.84,0.59,9.31,0.44,9.55,2.48,0.00,0.00,4.99,1.49,3.26,4.47,4.93,5.41,9.08,21.47,54.44,8.03,4.84,4.65
33.50,33.5,21/11/2025 11:44:18,1.818,4.627,,15.5,925718.0,643763.0,991059.67,309.31,1584.46,1671.18,434.17,3300.03,186.52,53.68,40.95,482.94,36.84,13.15,26.99,759.23,55.31,20.63,14.59,72.91,44.69,59.34,26.95,34.85,7.26,2065.86,185.88,3.91,0.46,14.72,0.76,5.13,1.93,0.00,0.00,4.13,1.27,1.93,3.31,1.39,4.04,7.81,19.39,54.46,7.58,3.75,4.04,16503.24,512.92,2627.47,3157.63,820.35,7059.87,399.03,123.00,93.83,1205.85,91.99,15.84,32.51,1062.32,77.39,34.42,24.34,130.16,79.78,86.73,39.39,50.07,10.43,2953.65,265.76,4.98,0.59,18.43,0.95,6.39,2.40,0.00,0.00,4.88,1.50,2.61,4.47,1.85,5.39,8.72,21.65,58.67,8.17,4.25,4.58
33.60,33.6,21/11/2025 11:44:35,1.916,8.069,1181231.965,15.5,924121.0,645501.0,991197.33,276.46,1683.10,1393.12,407.90,3224.20,183.88,86.78,58.06,444.76,36.83,7.65,26.78,746.92,55.28,15.76,14.49,123.06,45.09,61.88,27.26,85.26,15.98,2240.49,202.42,3.40,0.45,5.12,0.24,6.03,1.98,0.00,0.00,3.53,1.26,2.74,3.30,2.69,4.12,15.12,19.25,54.03,7.52,3.68,4.03,16123.23,458.45,2791.04,2632.25,770.71,6897.64,393.38,198.84,133.04,1110.52,91.96,9.22,32.26,1045.10,77.35,26.30,24.18,219.68,80.49,90.44,39.84,122.50,22.96,3203.33,289.41,4.33,0.57,6.41,0.30,7.51,2.46,0.00,0.00,4.17,1.49,3.70,4.46,3.59,5.49,16.88,21.49,58.20,8.10,4.17,4.57
33.70,33.7,21/11/2025 11:45:01,2.003,10.976,,15.4,931094.0,646779.0,990131.37,581.21,1591.75,1748.69,443.64,3328.81,187.70,123.42,77.12,436.89,37.33,97.44,70.89,787.66,55.90,19.97,14.72,86.32,45.06,70.55,28.98,124.06,22.52,2370.03,214.76,3.91,0.47,10.14,0.49,5.64,2.02,0.00,0.00,3.78,1.29,1.78,3.38,1.81,4.12,14.10,19.47,49.32,7.55,3.10,4.08,17946.16,963.81,2639.56,3304.08,838.24,7121.44,401.55,282.80,176.71,1090.87,93.21,117.38,85.39,1102.10,78.22,33.32,24.56,154.10,80.44,103.11,42.36,178.25,32.36,3388.54,307.05,4.98,0.60,12.69,0.61,7.02,2.51,0.00,0.00,4.47,1.53,2.40,4.57,2.41,5.49,15.74,21.74,53.13,8.13,3.52,4.63
33.80,33.8,21/11/2025 11:45:18,2.003,7.804,,15.5,924246.0,644923.0,991472.66,332.04,1587.15,1366.01,392.93,3242.11,183.63,113.18,71.66,338.67,37.07,15.95,26.72,740.52,55.24,19.39,14.55,41.40,44.18,55.51,26.29,31.32,6.61,2126.87,191.73,3.72,0.46,13.98,0.72,7.07,2.03,0.00,0.00,3.46,1.26,1.60,3.27,4.30,4.06,13.38,19.33,53.70,7.55,3.18,4.09,15620.60,550.61,2631.93,2581.02,742.43,6935.96,392.85,259.34,164.20,845.63,92.56,19.21,32.19,1036.14,77.29,32.35,24.28,73.91,78.87,81.13,38.42,45.00,9.50,3040.88,274.12,4.73,0.59,17.50,0.90,8.80,2.53,0.00,0.00,4.09,1.49,2.16,4.42,5.73,5.41,14.94,21.58,57.85,8.13,3.61,4.64
33.90,33.9,21/11/2025 11:45:18,1.996,7.935,,15.5,924905.0,643833.0,991092.31,355.31,1518.23,1456.08,405.64,3253.11,184.98,209.33,122.81,436.90,36.76,0.00,0.00,757.54,55.39,22.95,14.54,63.03,44.43,42.96,24.47,72.67,13.92,2138.69,192.79,3.40,0.45,5.17,0.24,7.60,2.06,0.00,0.00,1.58,1.24,2.71,3.31,3.67,4.13,16.38,19.37,55.19,7.65,3.39,4.11,16418.47,589.20,2517.64,2751.21,766.44,6959.49,395.73,479.65,281.40,1090.90,91.79,0.00,0.00,1059.95,77.50,38.29,24.26,112.52,79.32,62.79,35.76,104.42,20.00,3057.78,275.64,4.33,0.57,6.47,0.30,9.46,2.56,0.00,0.00,1.87,1.47,3.66,4.47,4.89,5.51,18.29,21.63,59.45,8.24,3.85,4.66
34.00,34.0,21/11/2025 11:46:10,1.805,7.212,,15.5,918250.0,638822.0,991010.10,354.36,1574.24,1652.98,432.10,3321.89,187.61,137.56,84.01,436.06,36.59,20.35,31.37,715.15,55.04,11.65,14.46,116.93,44.67,62.37,27.30,53.38,10.56,1983.67,178.05,3.41,0.45,17.02,0.92,4.98,1.91,0.00,0.00,3.30,1.24,1.15,3.26,3.04,4.07,34.79,24.41,52.11,7.33,3.78,3.95,16619.46,587.63,2610.52,3123.24,816.44,7106.64,401.36,315.20,192.50,1088.80,91.36,24.51,37.79,1000.64,77.01,19.44,24.13,208.74,79.74,91.16,39.90,76.70,15.17,2836.14,254.57,4.34,0.57,21.31,1.15,6.20,2.38,0.00,0.00,3.90,1.47,1.55,4.40,4.05,5.43,38.84,27.25,56.13,7.90,4.29,4.48
34.10,34.1,21/11/2025 11:46:27,1.759,5.552,1181234.679,15.5,914617.0,639300.0,991329.77,403.22,1537.04,1761.21,440.38,3133.45,179.71,36.72,30.29,351.46,36.64,14.06,26.57,716.90,54.75,20.65,14.45,44.11,44.03,55.05,26.15,76.09,14.40,1937.21,173.68,3.70,0.45,35.38,2.71,9.24,2.03,0.00,0.00,3.78,1.21,1.93,3.25,1.91,4.03,10.62,19.26,49.82,7.40,3.69,3.97,15894.15,668.65,2548.84,3327.74,832.08,6703.50,384.46,84.14,69.41,877.56,91.49,16.94,32.01,1003.09,76.61,34.45,24.11,78.74,78.60,80.46,38.22,109.33,20.69,2769.71,248.32,4.71,0.57,44.29,3.39,11.50,2.53,0.00,0.00,4.47,1.43,2.61,4.39,2.55,5.37,11.86,21.50,53.67,7.97,4.19,4.50
34.20,34.2,21/11/2025 11:46:45,2.489,5.688,,15.5,910979.0,636794.0,991887.17,70.83,1561.30,1405.21,399.58,2985.47,173.92,181.47,106.76,445.63,36.31,4.19,26.47,704.47,54.20,27.30,14.40,83.62,44.04,55.01,25.96,62.33,12.01,1976.07,177.27,3.50,0.44,26.88,1.76,6.83,1.99,0.00,0.00,3.12,1.23,2.93,3.25,2.50,4.00,14.00,19.07,48.65,7.33,2.80,4.00,14997.58,117.46,2589.07,2655.09,754.99,6386.92,372.07,415.81,244.63,1112.70,90.66,5.05,31.89,985.70,75.84,45.55,24.03,149.28,78.62,80.40,37.94,89.56,17.26,2825.27,253.45,4.45,0.56,33.65,2.20,8.50,2.48,0.00,0.00,3.69,1.45,3.96,4.39,3.33,5.33,15.63,21.29,52.41,7.90,3.18,4.54
34.30,34.3,21/11/2025 11:47:11,2.663,4.034,,15.5,915943.0,636397.0,991268.68,372.82,1603.07,1492.40,408.50,3184.95,181.08,3.38,3.50,423.54,36.49,39.22,46.92,718.90,54.73,24.99,14.41,87.44,44.17,54.90,25.96,93.18,17.15,2137.88,192.56,3.76,0.46,11.20,0.55,5.74,2.02,0.00,0.00,3.42,1.24,1.83,3.28,2.58,4.02,17.91,19.10,48.13,7.33,3.16,4.05,15950.04,618.24,2658.33,2819.83,771.85,6813.67,387.39,7.74,8.02,1057.54,91.11,47.24,56.52,1005.89,76.58,41.70,24.04,156.10,78.85,80.24,37.94,133.88,24.64,3056.62,275.31,4.78,0.59,14.02,0.69,7.14,2.51,0.00,0.00,4.04,1.47,2.47,4.43,3.44,5.36,20.00,21.33,51.85,7.90,3.58,4.59
34.40,34.4,21/11/2025 11:47:28,1.818,6.611,,15.5,917459.0,636565.0,991231.11,246.28,1567.10,1406.94,400.68,3306.43,187.17,89.13,60.01,522.53,36.29,5.84,26.51,745.45,54.79,21.36,14.47,49.35,44.10,61.23,27.20,48.98,9.81,2167.48,195.44,3.51,0.45,9.27,0.44,6.86,2.04,0.00,0.00,3.23,1.24,5.23,3.25,3.96,4.07,11.48,19.27,51.11,7.41,3.25,4.03,16194.21,408.40,2598.68,2658.36,757.07,7073.56,400.42,204.23,137.50,1304.71,90.61,7.03,31.93,1043.04,76.66,35.64,24.14,88.10,78.73,89.49,39.75,70.38,14.10,3098.94,279.43,4.47,0.57,11.60,0.55,8.54,2.54,0.00,0.00,3.82,1.47,7.06,4.39,5.28,5.43,12.82,21.52,55.06,7.98,3.69,4.57
34.50,34.5,21/11/2025 11:47:54,1.583,7.271,,15.5,916386.0,635147.0,991140.60,266.58,1558.38,1494.02,412.31,3312.53,186.37,66.37,47.48,466.60,36.37,0.88,26.50,770.58,55.13,21.78,14.46,72.54,44.33,60.86,27.07,82.68,15.47,2157.73,194.45,3.72,0.45,5.07,0.23,5.63,1.95,0.00,0.00,3.96,1.26,3.78,3.29,1.65,4.04,12.37,19.24,47.38,7.40,2.68,3.97,16304.52,442.06,2584.22,2822.89,779.04,7086.61,398.71,152.08,108.79,1165.06,90.81,1.06,31.92,1078.20,77.14,36.34,24.13,129.50,79.14,88.95,39.56,118.80,22.23,3085.00,278.01,4.73,0.57,6.35,0.29,7.01,2.43,0.00,0.00,4.68,1.49,5.11,4.44,2.20,5.39,13.81,21.48,51.04,7.97,3.04,4.50
34.60,34.6,21/11/2025 11:48:20,2.270,3.770,1181235.207,15.5,913435.0,633332.0,991388.08,338.39,1594.66,1381.20,400.06,3294.27,187.15,77.15,53.96,463.83,36.24,12.59,26.67,674.33,54.12,31.07,15.20,83.38,44.40,47.40,24.92,73.04,13.84,2055.38,184.77,3.62,0.45,5.13,0.23,7.97,2.03,0.00,0.00,3.32,1.20,2.05,3.24,2.86,3.99,5.70,19.23,46.92,7.20,2.34,3.97,15916.63,561.14,2644.39,2609.73,755.90,7047.55,400.38,176.78,123.64,1158.14,90.49,15.17,32.13,943.53,75.73,51.84,25.36,148.85,79.26,69.28,36.42,104.95,19.89,2938.67,264.17,4.61,0.57,6.42,0.29,9.92,2.53,0.00,0.00,3.93,1.42,2.77,4.38,3.81,5.32,6.36,21.47,50.54,7.76,2.65,4.50
34.70,34.7,21/11/2025 11:48:37,2.148,5.293,,15.5,914563.0,634251.0,990857.11,396.26,1575.41,1481.63,407.66,3376.13,188.37,181.81,106.79,404.15,36.44,21.67,32.48,765.29,55.04,27.31,14.46,86.36,44.30,63.40,27.44,92.26,17.07,2132.70,192.10,3.98,0.47,36.56,2.85,6.47,2.02,0.00,0.00,3.11,1.25,2.26,3.29,1.96,4.04,9.65,19.14,45.91,7.34,4.01,4.10,16809.07,657.11,2612.46,2799.48,770.26,7222.67,402.99,416.59,244.69,1009.12,90.99,26.10,39.13,1070.80,77.01,45.57,24.13,154.17,79.08,92.66,40.11,132.56,24.53,3049.21,274.65,5.06,0.60,45.76,3.57,8.05,2.51,0.00,0.00,3.68,1.48,3.05,4.44,2.61,5.39,10.77,21.37,49.46,7.91,4.55,4.65
34.80,34.8,21/11/2025 11:48:54,2.938,4.164,,15.5,914255.0,634003.0,990900.51,287.96,1571.54,1589.32,422.81,3351.08,188.06,211.10,123.17,389.21,36.63,49.65,52.55,730.80,54.61,11.35,14.42,87.92,44.51,65.78,27.88,95.24,17.55,2144.28,193.15,3.80,0.46,5.04,0.23,6.22,1.99,0.00,0.00,3.05,1.23,2.10,3.25,3.22,4.02,8.11,19.18,50.94,7.39,3.32,4.01,16759.40,477.52,2606.05,3002.96,798.88,7169.08,402.32,483.71,282.23,971.82,91.46,59.81,63.30,1022.54,76.41,18.94,24.06,156.95,79.46,96.14,40.75,136.84,25.22,3065.77,276.16,4.84,0.59,6.31,0.29,7.74,2.48,0.00,0.00,3.61,1.45,2.84,4.39,4.29,5.36,9.05,21.41,54.87,7.96,3.77,4.55
34.90,34.9,21/11/2025 11:49:20,3.789,6.940,,15.5,924412.0,641204.0,990209.48,332.47,1586.60,1644.72,432.05,3800.22,205.52,159.58,96.53,524.25,36.77,0.00,0.00,749.63,55.66,41.84,18.64,57.04,44.52,60.44,27.20,53.43,10.63,2276.48,205.84,3.74,0.46,5.21,0.24,6.49,2.09,0.00,0.00,2.50,1.23,2.35,3.34,1.98,4.12,10.90,19.44,53.05,7.40,4.19,4.14,18206.18,551.33,2631.02,3107.64,816.34,8129.94,439.68,365.66,221.19,1309.00,91.81,0.00,0.00,1048.89,77.88,69.81,31.10,101.83,79.48,88.34,39.75,76.77,15.27,3254.78,294.30,4.76,0.59,6.52,0.30,8.08,2.60,0.00,0.00,2.96,1.45,3.17,4.51,2.64,5.49,12.17,21.70,57.15,7.97,4.75,4.70
35.00,35.0,21/11/2025 11:49:46,3.742,4.427,,15.5,923383.0,640532.0,990640.81,376.94,1577.76,1459.78,410.69,3589.20,198.01,85.73,58.38,435.16,36.91,27.70,38.58,770.20,55.44,12.90,14.48,89.34,44.57,53.89,26.00,34.29,7.16,2323.99,210.38,3.73,0.46,5.17,0.24,5.87,2.01,0.00,0.00,2.92,1.25,2.13,3.31,4.36,4.10,23.21,19.28,50.09,7.54,2.58,4.06,17201.02,625.07,2616.36,2758.20,775.98,7678.50,423.61,196.44,133.77,1086.55,92.16,33.37,46.47,1077.67,77.57,21.52,24.16,159.49,79.57,78.76,38.00,49.27,10.29,3322.71,300.79,4.75,0.59,6.47,0.30,7.31,2.50,0.00,0.00,3.45,1.48,2.88,4.47,5.81,5.47,25.91,21.53,53.96,8.12,2.93,4.61
35.10,35.1,21/11/2025 11:50:03,3.523,5.954,1181233.089,15.5,913188.0,635522.0,990668.33,240.28,1593.28,1381.06,397.23,3478.15,191.18,84.04,55.86,442.97,36.24,81.17,65.02,742.68,54.87,27.38,14.40,101.17,44.26,72.27,29.02,136.93,24.46,2439.43,221.23,3.99,0.47,20.84,1.20,5.10,1.94,0.00,0.00,2.95,1.25,2.94,3.25,1.44,4.12,16.11,19.06,46.93,7.45,3.84,4.08,17020.61,398.45,2642.10,2609.46,750.55,7440.93,409.00,192.57,128.00,1106.05,90.49,97.78,78.32,1039.16,76.77,45.68,24.03,180.61,79.01,105.63,42.41,196.75,35.15,3487.76,316.30,5.08,0.60,26.09,1.50,6.35,2.41,0.00,0.00,3.49,1.48,3.97,4.39,1.92,5.49,17.99,21.28,50.55,8.03,4.36,4.63
35.20,35.2,21/11/2025 11:50:29,1.746,6.215,,15.5,915546.0,637331.0,990801.82,395.31,1598.49,1680.21,434.38,3312.18,186.53,142.31,86.41,433.20,36.45,7.50,26.52,670.53,54.00,39.98,17.95,62.51,44.21,33.68,23.30,95.62,17.72,2227.74,201.18,3.94,0.46,22.49,1.34,7.78,2.04,0.08,0.16,2.93,1.25,2.90,3.29,1.97,4.01,8.15,19.30,44.44,7.21,2.73,4.00,16934.12,655.53,2650.74,3174.69,820.74,7085.86,399.05,326.08,198.00,1081.66,91.01,9.03,31.95,938.21,75.56,66.71,29.95,111.59,78.92,49.23,34.05,137.39,25.46,3185.10,287.64,5.01,0.59,28.15,1.68,9.68,2.54,0.11,0.21,3.47,1.48,3.92,4.44,2.63,5.35,9.10,21.55,47.87,7.77,3.10,4.54
35.30,35.3,21/11/2025 11:50:47,1.746,7.539,,15.5,915464.0,634419.0,990677.19,401.73,1511.74,1716.52,436.71,3449.95,191.82,92.96,61.36,407.05,36.72,15.65,26.49,698.86,54.37,23.74,14.50,45.64,44.12,45.05,24.69,86.40,16.13,2238.86,202.20,3.65,0.45,22.86,1.38,5.47,1.97,0.00,0.00,3.17,1.23,1.35,3.29,2.50,4.00,5.76,19.30,52.05,7.52,3.59,3.96,17143.77,666.18,2506.88,3243.30,825.15,7380.60,410.37,213.01,140.60,1016.36,91.69,18.85,31.91,977.85,76.07,39.61,24.19,81.48,78.76,65.84,36.09,124.14,23.18,3201.00,289.09,4.64,0.57,28.62,1.73,6.81,2.45,0.00,0.00,3.75,1.45,1.82,4.44,3.33,5.33,6.43,21.55,56.07,8.10,4.07,4.49
35.40,35.4,21/11/2025 11:50:47,1.739,6.547,,15.5,916408.0,638013.0,990777.05,327.03,1589.75,1806.62,450.21,3403.30,189.39,104.03,66.62,387.04,36.74,2.57,26.51,716.63,54.75,29.16,14.49,100.55,44.54,57.17,26.40,60.13,11.68,2145.29,193.29,3.93,0.47,5.04,0.23,6.03,2.06,0.00,0.00,3.75,1.24,1.80,3.27,2.10,4.08,13.65,19.18,44.10,7.28,3.02,3.95,17007.20,542.31,2636.24,3413.54,850.65,7280.80,405.17,238.37,152.65,966.40,91.74,3.10,31.93,1002.71,76.61,48.65,24.18,179.50,79.51,83.56,38.59,86.40,16.78,3067.22,276.36,5.00,0.60,6.31,0.29,7.51,2.56,0.00,0.00,4.43,1.47,2.43,4.42,2.80,5.44,15.24,21.41,47.51,7.84,3.43,4.48
35.50,35.5,21/11/2025 11:51:38,1.347,6.217,,15.5,922515.0,639252.0,990527.41,333.34,1580.34,1331.12,397.95,3649.85,199.58,107.90,69.17,500.14,36.74,63.84,59.92,755.96,55.29,47.54,20.15,90.86,44.76,56.14,26.38,144.88,25.91,2286.47,206.68,3.62,0.46,15.92,0.84,5.37,2.03,0.00,0.00,3.95,1.27,0.99,3.32,2.44,4.08,15.26,19.36,53.08,7.63,3.92,4.05,17426.76,552.77,2620.64,2515.10,751.91,7808.25,426.97,247.24,158.49,1248.80,91.74,76.90,72.18,1057.74,77.36,79.32,33.62,162.20,79.90,82.05,38.56,208.17,37.23,3269.07,295.50,4.61,0.59,19.93,1.05,6.68,2.53,0.00,0.00,4.67,1.50,1.34,4.48,3.25,5.44,17.04,21.62,57.18,8.22,4.45,4.59
35.60,35.6,21/11/2025 11:51:56,1.543,7.475,1181232.891,15.5,922269.0,635112.0,990498.02,371.50,1574.79,1577.57,421.48,3678.51,200.13,24.46,51.94,440.30,36.94,15.18,26.72,713.14,54.95,15.92,14.49,90.44,44.74,59.53,26.95,94.87,17.56,2305.46,208.57,3.83,0.46,25.28,1.59,7.83,2.01,0.00,0.00,3.77,1.27,5.14,3.35,1.26,4.03,16.18,19.33,47.40,7.41,4.40,4.10,17478.94,616.05,2611.44,2980.76,796.37,7869.56,428.15,56.05,119.01,1099.39,92.24,18.29,32.19,997.83,76.89,26.56,24.18,161.45,79.87,87.01,39.39,136.31,25.23,3296.22,298.20,4.87,0.59,31.64,1.99,9.75,2.50,0.00,0.00,4.46,1.50,6.94,4.53,1.68,5.37,18.07,21.58,51.06,7.98,4.99,4.65
35.70,35.7,21/11/2025 11:52:13,0.338,7.938,,15.5,921273.0,635352.0,990309.37,336.14,1612.22,1477.46,416.23,3860.54,207.29,28.51,24.75,440.73,37.03,10.37,26.76,788.00,55.57,23.94,14.63,91.24,44.76,44.20,24.64,93.09,17.33,2368.55,214.55,4.06,0.46,28.13,1.86,8.03,2.01,0.00,0.00,4.40,1.29,7.84,3.33,2.90,4.08,20.11,19.36,49.70,7.54,2.69,4.04,17825.54,557.41,2673.51,2791.61,786.45,8258.99,443.46,65.33,56.71,1100.46,92.46,12.49,32.24,1102.57,77.75,39.94,24.41,162.88,79.90,64.60,36.01,133.76,24.90,3386.42,306.75,5.17,0.59,35.21,2.33,10.00,2.50,0.00,0.00,5.20,1.53,10.59,4.50,3.87,5.44,22.45,21.62,53.54,8.12,3.05,4.58
35.80,35.8,21/11/2025 11:52:39,1.205,6.875,,15.5,924532.0,640378.0,989947.38,345.93,1576.45,1561.70,422.09,3916.05,208.93,116.56,73.91,482.88,37.16,72.53,63.35,760.77,55.58,19.60,14.57,72.08,44.67,62.13,27.42,86.08,16.07,2464.88,223.69,3.59,0.46,5.69,0.26,7.52,2.04,0.00,0.00,3.98,1.27,3.00,3.36,1.46,4.12,11.10,19.38,51.63,7.60,3.46,4.04,18530.50,573.65,2614.19,2950.77,797.52,8377.74,446.97,267.08,169.35,1205.70,92.78,87.37,76.31,1064.47,77.77,32.70,24.31,128.68,79.74,90.81,40.08,123.68,23.09,3524.15,319.82,4.57,0.59,7.12,0.33,9.36,2.54,0.00,0.00,4.71,1.50,4.05,4.54,1.95,5.49,12.39,21.64,55.62,8.19,3.93,4.58
35.90,35.9,21/11/2025 11:52:56,0.351,8.066,,15.5,925550.0,640979.0,990450.73,587.97,1529.71,1434.96,402.62,3603.50,197.63,100.63,65.93,378.37,37.29,7.07,26.85,717.66,55.10,14.48,14.50,76.24,44.56,49.97,25.47,38.25,7.91,2419.57,219.52,3.87,0.47,32.66,2.36,7.95,2.05,0.00,0.00,4.62,1.28,3.94,3.33,2.09,4.09,12.25,19.32,50.50,7.58,2.72,4.03,17471.48,975.02,2536.68,2711.30,760.74,7709.09,422.80,230.58,151.07,944.75,93.11,8.52,32.34,1004.15,77.10,24.16,24.19,136.10,79.55,73.03,37.23,54.96,11.37,3459.37,313.86,4.92,0.60,40.88,2.95,9.90,2.55,0.00,0.00,5.46,1.51,5.32,4.50,2.79,5.45,13.68,21.57,54.40,8.17,3.09,4.57
36.00,36.0,21/11/2025 11:53:22,0.756,8.400,,15.5,931212.0,641622.0,990594.05,305.65,1557.41,1586.31,425.96,3391.60,190.87,8.94,9.00,488.01,36.95,89.20,68.92,729.65,55.45,39.72,18.19,37.36,44.44,78.03,30.43,81.84,15.50,2462.18,223.62,3.58,0.46,25.74,1.63,7.83,2.04,0.00,0.00,3.53,1.29,2.14,3.34,3.34,4.12,6.70,19.50,51.56,7.53,3.04,4.11,17136.68,506.85,2582.62,2997.27,804.84,7255.77,408.33,20.48,20.62,1218.51,92.26,107.45,83.02,1020.93,77.59,66.27,30.35,66.69,79.33,114.05,44.48,117.59,22.27,3520.29,319.72,4.56,0.59,32.22,2.04,9.75,2.54,0.00,0.00,4.17,1.53,2.89,4.51,4.45,5.49,7.48,21.77,55.54,8.11,3.45,4.66
36.10,36.1,21/11/2025 11:53:48,0.338,14.880,1181232.164,15.5,932069.0,639304.0,989446.99,433.16,1565.23,1597.61,425.18,3786.66,204.84,126.92,79.24,542.68,36.66,70.00,63.00,783.57,56.20,74.46,26.34,74.20,45.17,54.82,26.47,109.07,20.04,2780.95,254.13,3.90,0.48,29.07,1.95,6.55,2.04,0.00,0.00,6.19,1.54,6.85,3.45,2.59,4.19,10.08,19.66,50.54,7.73,3.15,4.13,19272.78,718.30,2595.58,3018.62,803.36,8100.93,438.22,290.82,181.57,1355.02,91.54,84.32,75.89,1096.38,78.64,124.24,43.95,132.46,80.64,80.12,38.69,156.72,28.79,3976.05,363.34,4.96,0.61,36.39,2.44,8.15,2.54,0.00,0.00,7.32,1.82,9.25,4.66,3.45,5.59,11.25,21.95,54.44,8.33,3.57,4.69
36.20,36.2,21/11/2025 11:54:05,-0.643,15.342,,15.5,932127.0,640112.0,989946.94,402.30,1556.48,1247.82,378.89,3636.86,198.86,111.53,70.95,442.10,37.31,36.58,46.14,818.78,56.67,70.88,25.48,121.51,45.37,72.35,29.32,118.49,21.53,2865.08,262.22,3.55,0.47,22.05,1.30,5.58,2.09,0.00,0.00,5.70,1.49,3.68,3.43,1.52,4.18,9.91,19.43,52.93,7.74,3.84,4.22,18187.19,667.12,2581.07,2357.71,715.90,7780.46,425.43,255.56,162.57,1103.88,93.16,44.06,55.58,1145.64,79.29,118.26,42.51,216.92,80.99,105.74,42.85,170.25,30.94,4096.33,374.91,4.52,0.60,27.60,1.63,6.95,2.60,0.00,0.00,6.74,1.76,4.97,4.63,2.03,5.57,11.06,21.69,57.02,8.34,4.36,4.79
36.30,36.3,21/11/2025 11:54:23,-0.036,7.606,,15.5,927165.0,636271.0,989539.73,294.23,1514.57,1502.43,411.78,4217.00,218.48,106.49,68.46,448.95,37.07,90.88,68.67,762.88,55.78,19.55,14.67,93.00,45.01,36.05,23.71,65.27,12.69,2696.65,245.98,4.05,0.49,24.37,1.50,6.74,2.01,0.00,0.00,6.34,1.54,1.70,3.33,3.73,4.15,25.79,19.48,51.62,7.60,2.54,4.15,19236.90,487.91,2511.57,2838.79,778.04,9021.58,467.40,244.01,156.87,1120.98,92.56,109.47,82.72,1067.43,78.05,32.62,24.48,166.02,80.35,52.69,34.65,93.78,18.23,3855.52,351.69,5.15,0.62,30.51,1.88,8.39,2.50,0.00,0.00,7.50,1.82,2.30,4.50,4.97,5.53,28.79,21.75,55.61,8.19,2.88,4.71
36.40,36.4,21/11/2025 11:54:48,2.006,7.407,,15.6,919702.0,631048.0,989864.78,303.68,1568.77,1346.89,397.20,4070.47,214.47,104.45,67.55,447.95,36.64,13.57,26.64,799.91,55.93,29.16,14.57,85.75,44.55,59.17,26.87,73.06,13.89,2705.38,246.72,3.56,0.46,7.16,0.33,7.47,2.07,0.00,0.00,7.77,1.70,2.57,3.31,2.32,4.07,9.55,19.27,52.57,7.67,2.80,4.05,18620.19,503.59,2601.45,2544.90,750.49,8708.10,458.82,239.33,154.78,1118.49,91.49,16.35,32.09,1119.24,78.26,48.65,24.31,153.08,79.53,86.48,39.27,104.98,19.96,3868.00,352.75,4.53,0.59,8.96,0.41,9.30,2.58,0.00,0.00,9.19,2.01,3.47,4.47,3.09,5.43,10.66,21.52,56.63,8.26,3.18,4.59
36.50,36.5,21/11/2025 11:55:14,0.887,9.392,,15.6,920089.0,630181.0,989385.57,750.68,1541.37,1576.60,420.84,3853.05,206.36,48.40,37.44,421.64,36.90,28.75,39.22,750.33,55.21,18.54,14.51,66.75,44.39,61.81,27.27,131.35,23.55,2791.03,254.95,3.80,0.47,22.94,1.37,7.15,2.09,0.00,0.00,5.57,1.44,4.82,3.34,2.50,4.09,11.17,19.27,53.40,7.65,4.14,4.17,19268.12,1244.83,2556.02,2978.93,795.16,8242.96,441.47,110.90,85.79,1052.79,92.14,34.63,47.24,1049.87,77.25,30.93,24.21,119.16,79.24,90.34,39.86,188.73,33.84,3990.46,364.51,4.84,0.60,28.72,1.71,8.90,2.60,0.00,0.00,6.59,1.70,6.51,4.51,3.33,5.45,12.47,21.52,57.52,8.24,4.70,4.73
36.60,36.6,21/11/2025 11:55:32,0.432,13.293,1181233.090,15.6,916257.0,630597.0,990581.47,267.44,1555.69,1461.89,405.61,3551.22,195.07,18.91,17.15,399.76,36.28,81.06,65.08,742.06,54.97,13.42,14.49,69.91,44.43,45.64,24.75,91.27,16.92,2569.16,233.73,3.64,0.46,18.07,0.99,5.80,2.05,0.00,0.00,4.43,1.28,2.96,3.29,2.60,4.06,14.33,19.31,51.24,7.63,3.72,4.08,17121.23,443.49,2579.76,2762.19,766.38,7597.25,417.32,43.33,39.30,998.16,90.59,97.65,78.40,1038.29,76.91,22.39,24.18,124.80,79.32,66.71,36.17,131.14,24.31,3673.24,334.17,4.63,0.59,22.62,1.24,7.22,2.55,0.00,0.00,5.24,1.51,4.00,4.44,3.47,5.41,16.00,21.56,55.20,8.22,4.22,4.63
36.70,36.7,21/11/2025 11:55:58,0.760,6.943,,15.6,918481.0,628645.0,989955.45,721.85,1553.34,1680.32,433.39,3384.81,189.43,110.87,70.66,388.01,36.89,31.82,41.79,765.73,55.29,21.70,14.54,83.55,44.46,55.44,26.18,140.17,25.00,2556.80,232.43,3.59,0.46,12.42,0.62,6.88,2.07,0.00,0.00,8.02,1.70,3.61,3.33,3.09,4.05,13.84,19.24,49.42,7.61,2.62,4.11,18187.96,1197.03,2575.87,3174.90,818.87,7241.24,405.25,254.04,161.91,968.82,92.11,38.33,50.34,1071.41,77.36,36.21,24.26,149.15,79.37,81.03,38.26,201.40,35.92,3655.57,332.32,4.57,0.59,15.55,0.78,8.56,2.58,0.00,0.00,9.48,2.01,4.88,4.50,4.12,5.40,15.45,21.48,53.24,8.20,2.97,4.66
36.80,36.8,21/11/2025 11:56:15,0.325,8.796,,15.6,916957.0,623698.0,990050.30,305.11,1583.90,1497.67,413.47,3744.41,201.95,120.96,75.47,515.84,36.56,81.22,65.40,777.01,55.14,44.65,19.28,52.34,43.97,65.09,27.83,57.83,11.30,2586.24,235.31,3.66,0.46,5.26,0.24,6.43,2.09,0.00,0.00,10.90,1.94,4.46,3.29,1.17,4.02,12.66,19.22,53.35,7.61,3.43,4.08,18255.53,505.96,2626.54,2829.79,781.24,8010.55,432.04,277.16,172.93,1288.00,91.29,97.84,78.78,1087.20,77.15,74.50,32.17,93.44,78.49,95.13,40.68,83.09,16.24,3697.66,336.43,4.66,0.59,6.58,0.30,8.00,2.60,0.00,0.00,12.89,2.29,6.02,4.44,1.56,5.36,14.13,21.46,57.47,8.20,3.89,4.63
36.90,36.9,21/11/2025 11:56:32,2.185,8.727,,15.6,914568.0,624103.0,990880.31,321.51,1608.79,1277.24,388.68,3619.81,198.18,4.03,4.18,388.07,36.74,11.97,26.33,721.69,54.50,51.49,21.03,69.75,44.09,58.62,26.68,76.62,14.45,2421.14,219.52,3.51,0.45,16.37,0.87,5.03,1.96,0.00,0.00,7.84,1.69,3.73,3.28,1.49,3.95,9.37,19.19,46.53,7.33,3.86,4.04,16673.14,533.15,2667.82,2413.30,734.40,7743.99,423.97,9.23,9.58,968.97,91.74,14.42,31.72,1009.79,76.26,85.91,35.09,124.52,78.71,85.68,38.99,110.09,20.76,3461.61,313.86,4.47,0.57,20.49,1.09,6.26,2.44,0.00,0.00,9.27,2.00,5.04,4.43,1.99,5.27,10.46,21.43,50.12,7.90,4.38,4.58
37.00,37.0,21/11/2025 11:57:07,0.218,8.993,,15.6,905438.0,619636.0,990747.75,218.83,1525.78,1513.02,410.28,3632.92,197.12,137.50,83.48,408.61,36.33,34.71,43.43,731.10,54.56,44.05,18.94,55.37,43.74,67.34,28.11,40.80,8.23,2265.58,204.58,3.30,0.44,15.28,0.80,6.56,2.04,0.00,0.00,6.23,1.50,1.69,3.23,2.75,3.91,11.01,19.10,52.80,7.51,2.80,3.91,17079.54,362.88,2530.16,2858.79,775.21,7772.03,421.71,315.06,191.28,1020.26,90.71,41.81,52.32,1022.96,76.34,73.50,31.60,98.85,78.08,98.42,41.08,58.62,11.83,3239.20,292.50,4.20,0.56,19.13,1.00,8.17,2.54,0.00,0.00,7.37,1.77,2.28,4.36,3.67,5.21,12.29,21.33,56.88,8.09,3.18,4.44
37.10,37.1,21/11/2025 11:57:24,0.868,6.940,1181233.157,15.6,906135.0,623189.0,990598.05,186.08,1476.29,1544.29,408.67,3660.16,197.36,113.27,70.66,347.42,36.61,52.89,54.12,774.44,54.95,23.51,14.36,83.28,44.09,54.91,26.02,34.57,7.12,2392.18,216.67,3.76,0.46,42.12,3.58,5.85,1.96,0.00,0.00,5.70,1.43,3.43,3.24,3.47,4.00,14.06,19.09,52.57,7.57,3.99,4.04,17226.76,308.57,2448.10,2917.88,772.17,7830.31,422.22,259.54,161.91,867.47,91.41,63.71,65.19,1083.60,76.89,39.23,23.96,148.67,78.71,80.25,38.03,49.67,10.23,3420.20,309.78,4.78,0.59,52.72,4.48,7.28,2.44,0.00,0.00,6.74,1.69,4.63,4.38,4.63,5.33,15.70,21.31,56.63,8.15,4.53,4.58
37.20,37.2,21/11/2025 11:57:41,0.999,7.403,,15.6,912563.0,626412.0,990716.98,378.04,1520.57,1449.62,403.35,3510.78,193.78,125.89,78.10,376.02,36.62,84.09,65.14,719.76,54.20,24.68,14.45,73.68,44.01,76.68,29.87,99.02,18.11,2242.62,202.44,3.83,0.46,24.52,1.52,6.24,2.00,0.00,0.00,4.36,1.27,4.97,3.29,2.23,3.97,17.26,19.11,55.06,7.62,3.66,4.04,16986.71,626.89,2521.52,2739.00,762.11,7510.73,414.56,288.46,178.96,938.89,91.44,101.30,78.47,1007.09,75.84,41.18,24.11,131.53,78.57,112.07,43.66,142.28,26.02,3206.37,289.44,4.87,0.59,30.69,1.90,7.77,2.49,0.00,0.00,5.16,1.50,6.71,4.44,2.97,5.29,19.27,21.34,59.31,8.21,4.15,4.58
37.30,37.3,21/11/2025 11:58:07,0.918,9.455,,15.6,908336.0,622676.0,990549.88,306.14,1533.10,1404.33,399.90,3783.64,203.63,156.69,93.99,413.86,36.60,49.35,52.20,742.48,54.67,33.87,16.01,66.78,44.09,56.10,26.26,53.96,10.62,2272.23,205.25,4.04,0.46,27.76,1.83,6.17,1.98,0.00,0.00,5.52,1.40,5.18,3.24,2.89,3.96,5.50,19.19,48.30,7.41,5.35,4.06,17459.45,507.66,2542.30,2653.43,755.60,8094.47,435.63,359.03,215.37,1033.37,91.39,59.45,62.88,1038.88,76.49,56.51,26.71,119.21,78.71,81.99,38.38,77.53,15.26,3248.71,293.45,5.14,0.59,34.75,2.29,7.68,2.46,0.00,0.00,6.53,1.66,7.00,4.38,3.85,5.28,6.14,21.43,52.03,7.98,6.07,4.61
37.40,37.4,21/11/2025 11:58:24,0.408,8.002,,15.5,924760.0,631915.0,989547.55,276.31,1579.55,1912.44,465.83,3960.52,210.05,91.57,61.18,384.20,37.58,38.09,46.78,768.44,55.85,59.71,23.13,75.28,44.66,51.38,25.73,73.13,13.96,2636.06,240.12,3.80,0.46,26.10,1.66,7.51,2.12,0.00,0.00,9.21,1.82,4.74,3.39,2.25,4.07,14.55,19.42,52.83,7.63,4.32,4.16,19163.06,458.20,2619.33,3613.48,880.17,8472.88,449.37,209.82,140.19,959.31,93.83,45.88,56.35,1075.21,78.15,99.63,38.59,134.39,79.73,75.09,37.61,105.08,20.06,3768.89,343.31,4.84,0.59,32.67,2.08,9.35,2.64,0.00,0.00,10.89,2.15,6.40,4.58,3.00,5.43,16.25,21.68,56.91,8.22,4.90,4.72
37.50,37.5,21/11/2025 11:58:59,-0.615,9.121,,15.5,921787.0,630276.0,989362.18,207.50,1565.61,1690.66,437.58,4409.94,225.36,175.66,104.19,437.26,37.30,93.51,69.78,779.70,56.21,53.42,21.64,73.04,44.78,44.66,24.82,82.43,21.46,2466.40,223.85,3.90,0.47,24.98,1.55,6.80,2.06,0.00,0.00,8.48,1.78,7.73,3.41,1.61,4.03,10.53,19.48,55.50,7.67,4.11,4.20,19743.84,344.09,2596.21,3194.44,826.79,9434.34,482.12,402.50,238.74,1091.80,93.13,112.64,84.06,1090.96,78.65,89.13,36.11,130.39,79.94,65.27,36.28,118.44,30.83,3526.32,320.05,4.96,0.60,31.27,1.94,8.46,2.56,0.00,0.00,10.03,2.11,10.44,4.61,2.15,5.37,11.76,21.75,59.79,8.26,4.66,4.76
37.60,37.6,21/11/2025 11:59:16,-1.246,9.458,1181231.701,15.5,921601.0,632736.0,990235.35,501.21,1603.33,1421.76,406.54,3816.51,204.77,196.34,115.13,371.80,37.16,12.37,26.55,744.85,55.20,20.42,14.49,101.22,44.90,52.09,25.77,31.02,6.52,2359.00,213.66,3.48,0.44,46.93,4.30,6.40,1.98,0.00,0.00,6.01,1.52,3.89,3.28,1.59,4.04,17.98,19.34,47.34,7.44,2.44,4.11,17985.33,831.14,2658.76,2686.36,768.14,8164.79,438.07,449.89,263.80,928.35,92.78,14.90,31.98,1042.20,77.24,34.07,24.18,180.70,80.15,76.13,37.66,44.57,9.37,3372.77,305.48,4.43,0.56,58.75,5.38,7.97,2.46,0.00,0.00,7.11,1.80,5.25,4.43,2.12,5.39,20.07,21.59,51.00,8.01,2.77,4.66
37.70,37.7,21/11/2025 11:59:34,-0.928,13.163,,15.5,921250.0,632070.0,989039.96,290.61,1607.49,1587.47,428.55,4867.50,241.66,39.69,53.19,419.02,37.16,97.39,70.22,761.75,55.68,29.90,14.76,97.56,44.98,69.61,28.82,103.08,18.93,2462.32,223.38,3.53,0.46,33.20,2.40,7.49,2.02,0.00,0.00,7.99,1.74,7.78,3.39,1.76,4.06,17.45,19.41,50.42,7.62,4.53,4.21,20365.95,481.91,2665.66,2999.47,809.73,10413.21,516.99,90.94,121.88,1046.25,92.78,117.32,84.59,1065.85,77.91,49.89,24.63,174.16,80.30,101.74,42.12,148.11,27.20,3520.49,319.38,4.49,0.59,41.56,3.00,9.32,2.51,0.00,0.00,9.45,2.06,10.51,4.58,2.35,5.41,19.48,21.67,54.31,8.21,5.14,4.78
37.80,37.8,21/11/2025 11:59:51,2.404,8.664,,15.6,919860.0,632455.0,989951.18,198.41,1601.33,1667.61,438.36,4064.65,213.88,39.60,32.26,449.03,37.07,11.86,26.76,728.12,55.31,38.32,17.57,80.33,44.58,59.72,26.98,74.38,14.15,2512.65,228.27,3.45,0.46,36.56,2.82,7.30,2.06,0.00,0.00,7.37,1.64,5.14,3.35,2.93,4.06,6.96,19.33,51.35,7.52,3.08,4.15,18559.88,329.02,2655.45,3150.89,828.26,8695.65,457.56,90.74,73.92,1121.18,92.56,14.29,32.24,1018.79,77.39,63.94,29.32,143.40,79.58,87.28,39.43,106.87,20.33,3592.45,326.37,4.39,0.59,45.76,3.53,9.09,2.56,0.00,0.00,8.72,1.94,6.94,4.53,3.91,5.41,7.77,21.58,55.32,8.10,3.49,4.71
37.90,37.9,21/11/2025 12:00:17,-0.849,10.118,,15.6,919697.0,627303.0,989366.97,333.88,1623.20,1560.38,423.35,4322.20,222.30,37.18,30.41,428.13,37.08,51.84,54.33,820.63,56.16,104.41,30.59,122.76,45.01,59.57,26.92,81.97,15.35,2596.97,236.21,3.84,0.47,28.28,1.87,7.69,2.06,0.00,0.00,7.82,1.72,5.38,3.36,2.35,4.00,5.43,19.28,49.48,7.62,2.83,4.15,19556.73,553.67,2691.71,2948.28,799.90,9246.63,475.57,85.19,69.68,1069.00,92.59,62.45,65.45,1148.23,78.58,174.21,51.04,219.15,80.35,87.06,39.35,117.78,22.06,3713.00,337.72,4.89,0.60,35.40,2.34,9.57,2.56,0.00,0.00,9.25,2.03,7.27,4.54,3.13,5.33,6.06,21.53,53.30,8.21,3.21,4.71
38.00,38.0,21/11/2025 12:00:43,1.363,11.176,,15.6,920533.0,627507.0,989671.33,288.39,1598.73,1416.59,406.05,4139.50,217.06,114.14,72.70,401.64,37.22,34.51,43.93,788.21,55.91,28.75,14.55,85.20,44.51,58.24,26.70,197.86,35.27,2647.43,241.13,3.57,0.46,29.44,1.99,7.03,2.08,0.00,0.00,10.00,1.92,5.56,3.31,2.64,4.02,15.14,19.28,51.12,7.68,3.70,4.14,18923.23,478.23,2651.14,2676.59,767.22,8855.78,464.36,261.54,166.58,1002.86,92.93,41.57,52.92,1102.87,78.23,47.97,24.28,152.10,79.46,85.12,39.02,284.29,50.68,3785.15,344.75,4.54,0.59,36.85,2.49,8.75,2.59,0.00,0.00,11.83,2.27,7.51,4.47,3.52,5.36,16.90,21.53,55.07,8.27,4.20,4.70
38.10,38.1,21/11/2025 12:01:09,-0.958,9.923,1181232.164,15.6,917771.0,628687.0,989595.21,498.69,1555.58,1453.03,404.02,4058.92,212.75,139.79,84.90,416.05,36.78,8.07,26.55,772.98,55.28,36.93,17.04,82.67,44.41,63.45,27.54,101.40,18.53,2651.47,241.48,3.99,0.48,18.78,1.04,8.21,2.11,0.00,0.00,6.48,1.57,5.99,3.34,2.37,4.08,19.05,19.25,53.50,7.70,2.97,4.08,19084.77,826.97,2579.58,2745.45,763.38,8683.39,455.14,320.31,194.54,1038.84,91.84,9.72,31.98,1081.56,77.35,61.62,28.43,147.58,79.28,92.74,40.25,145.70,26.62,3790.92,345.25,5.08,0.61,23.51,1.30,10.22,2.63,0.00,0.00,7.66,1.86,8.09,4.51,3.16,5.44,21.27,21.49,57.63,8.29,3.37,4.63
38.20,38.2,21/11/2025 12:01:26,-1.029,8.068,,15.5,919714.0,633118.0,989754.45,355.62,1569.76,1620.50,428.65,3834.47,205.71,92.52,61.23,384.03,37.02,99.70,70.63,744.80,55.43,25.39,14.54,81.25,44.45,59.56,26.88,124.83,22.47,2707.44,246.91,4.03,0.48,20.77,1.19,8.20,2.06,0.00,0.00,5.58,1.45,5.27,3.36,2.41,4.09,12.19,19.25,51.94,7.73,5.03,4.17,18646.22,589.72,2603.10,3061.87,809.92,8203.22,440.08,212.00,140.30,958.89,92.44,120.10,85.08,1042.13,77.56,42.36,24.26,145.05,79.35,87.05,39.29,179.36,32.29,3870.95,353.02,5.13,0.61,26.00,1.49,10.21,2.56,0.00,0.00,6.60,1.71,7.12,4.54,3.21,5.45,13.61,21.49,55.95,8.33,5.71,4.73
38.30,38.3,21/11/2025 12:01:43,1.962,9.522,,15.5,924669.0,635393.0,989746.55,448.18,1609.21,1424.39,407.33,4147.68,216.37,25.07,22.16,353.05,37.16,15.04,26.57,755.19,55.42,28.06,14.54,113.10,44.69,59.91,26.85,149.10,26.55,2623.74,238.87,4.43,0.49,21.83,1.28,6.57,2.06,0.00,0.00,3.58,1.27,1.68,3.39,2.21,4.12,15.15,19.16,51.47,7.58,4.03,4.14,18750.89,743.21,2668.51,2691.33,769.63,8873.28,462.89,57.44,50.78,881.53,92.78,18.12,32.01,1056.67,77.54,46.82,24.26,201.90,79.78,87.56,39.24,214.23,38.15,3751.28,341.52,5.64,0.62,27.33,1.60,8.18,2.56,0.00,0.00,4.23,1.50,2.27,4.58,2.95,5.49,16.92,21.39,55.44,8.17,4.57,4.70
38.40,38.4,21/11/2025 12:02:00,0.152,12.828,,15.5,923227.0,632477.0,989658.71,449.70,1569.41,1497.09,412.38,3993.55,210.87,74.81,52.07,413.13,36.90,134.62,77.45,822.80,56.17,19.83,14.63,92.71,44.92,54.01,26.13,56.30,11.10,2609.27,237.51,3.77,0.47,34.02,2.50,6.60,2.04,0.00,0.16,4.61,1.32,1.56,3.35,2.64,4.06,17.70,19.40,48.22,7.44,4.33,4.14,18866.66,745.73,2602.51,2828.70,779.18,8543.54,451.12,171.42,119.31,1031.55,92.14,162.16,93.30,1151.27,78.59,33.09,24.41,165.50,80.19,78.94,38.19,80.89,15.95,3730.59,339.58,4.80,0.60,42.59,3.13,8.22,2.54,0.00,0.21,5.45,1.56,2.11,4.53,3.52,5.41,19.76,21.66,51.94,8.01,4.91,4.70
38.50,38.5,21/11/2025 12:02:35,1.407,15.344,,15.5,925673.0,629466.0,990310.93,298.52,1605.50,1408.23,406.07,3654.63,200.58,24.83,22.12,446.04,37.07,18.59,29.37,790.23,56.11,29.06,14.61,94.14,44.57,88.80,32.35,87.88,16.33,2639.62,240.48,3.80,0.46,14.60,0.75,6.18,2.01,0.00,0.00,5.20,1.40,7.26,3.38,1.72,4.08,18.50,19.23,48.53,7.55,2.72,4.09,17644.66,495.03,2662.36,2660.80,767.25,7818.48,429.11,56.89,50.69,1113.72,92.56,22.39,35.38,1105.69,78.51,48.49,24.38,168.06,79.57,129.79,47.28,126.27,23.46,3773.98,343.82,4.84,0.59,18.28,0.94,7.69,2.50,0.00,0.00,6.15,1.66,9.81,4.57,2.29,5.44,20.66,21.47,52.28,8.13,3.09,4.64
38.60,38.6,21/11/2025 12:02:52,1.824,9.387,1181236.926,15.5,930078.0,633424.0,989692.08,292.65,1610.81,1489.52,415.77,3785.79,204.90,226.86,132.87,532.69,37.05,26.81,38.17,800.80,56.26,24.11,14.73,75.17,45.02,30.63,23.24,41.90,8.62,2866.28,262.37,3.89,0.48,19.78,1.11,7.81,2.07,0.00,0.00,8.93,1.83,5.46,3.36,2.50,4.15,7.31,19.55,53.84,7.69,5.22,4.21,18911.65,485.29,2671.17,2814.39,785.58,8099.07,438.35,519.82,304.45,1330.08,92.51,32.30,45.98,1120.48,78.72,40.23,24.58,134.19,80.37,44.77,33.97,60.20,12.39,4098.05,375.12,4.95,0.61,24.76,1.39,9.72,2.58,0.00,0.00,10.56,2.16,7.38,4.54,3.33,5.53,8.16,21.83,58.00,8.28,5.92,4.78
38.70,38.7,21/11/2025 12:03:10,1.533,9.921,,15.5,934450.0,636564.0,989215.88,289.20,1632.26,1682.99,439.96,4016.72,213.13,69.29,49.66,486.39,37.57,155.34,82.05,786.24,56.40,27.03,14.86,49.99,45.09,52.59,26.08,82.29,15.54,2974.39,272.74,3.76,0.48,25.45,1.59,7.95,2.09,0.00,0.00,10.84,2.01,4.08,3.42,3.62,4.19,2.88,19.68,49.80,7.67,3.29,4.19,19625.45,479.57,2706.74,3179.95,831.29,8593.11,455.96,158.77,113.79,1214.47,93.81,187.12,98.84,1100.11,78.92,45.10,24.79,89.24,80.49,76.86,38.12,118.24,22.33,4252.62,389.95,4.78,0.61,31.86,1.99,9.90,2.60,0.00,0.00,12.82,2.38,5.51,4.62,4.83,5.59,3.22,21.97,53.65,8.26,3.73,4.75
38.80,38.8,21/11/2025 12:03:36,1.764,3.242,,15.5,935445.0,635823.0,989596.54,302.86,1567.37,1670.56,438.20,3756.22,204.04,123.04,77.20,478.94,37.66,5.44,27.28,886.21,57.58,28.00,14.82,70.86,45.21,58.01,26.93,91.07,17.04,2814.97,257.44,4.23,0.48,21.31,1.23,8.06,2.07,0.03,0.17,7.95,1.75,3.37,3.39,2.98,4.13,12.80,19.65,52.91,7.74,3.63,4.20,18967.84,502.23,2599.13,3156.46,827.96,8035.81,436.51,281.93,176.89,1195.87,94.03,6.55,32.86,1239.99,80.57,46.72,24.73,126.50,80.71,84.78,39.36,130.85,24.48,4024.69,368.07,5.38,0.61,26.68,1.54,10.03,2.58,0.04,0.22,9.40,2.07,4.55,4.58,3.97,5.51,14.29,21.94,57.00,8.34,4.12,4.76
38.90,38.9,21/11/2025 12:03:53,2.829,2.116,,15.4,939544.0,644918.0,989757.44,308.92,1663.40,1564.04,427.79,3612.12,198.96,231.13,135.32,573.65,37.75,22.28,34.26,892.18,57.68,14.71,14.80,94.51,45.59,61.22,27.50,34.70,7.29,2719.00,248.21,3.79,0.47,22.57,1.34,8.35,2.07,0.00,0.00,4.54,1.31,3.76,3.41,2.56,4.20,15.12,19.66,50.55,7.66,2.86,4.19,18784.12,512.27,2758.38,2955.20,808.29,7727.53,425.64,529.60,310.07,1432.35,94.26,26.84,41.27,1248.34,80.71,24.54,24.69,168.72,81.39,89.48,40.19,49.86,10.47,3887.47,354.88,4.82,0.60,28.25,1.68,10.39,2.58,0.00,0.00,5.37,1.55,5.08,4.61,3.41,5.60,16.88,21.95,54.45,8.25,3.24,4.75
39.00,39.0,21/11/2025 12:04:36,1.754,8.065,,15.4,946260.0,648763.0,990044.53,216.32,1661.47,1190.57,387.84,3838.84,208.11,10.40,10.46,554.23,37.83,12.96,27.39,898.05,57.93,32.47,15.95,58.59,45.10,58.10,27.05,32.95,7.00,2958.52,271.42,3.91,0.48,10.94,0.53,6.88,2.10,0.00,0.00,4.32,1.34,3.33,3.42,1.99,4.24,8.42,19.68,50.82,7.78,2.84,4.18,18128.50,358.72,2755.18,2249.54,732.81,8212.56,445.22,23.83,23.97,1383.86,94.46,15.61,32.99,1256.56,81.06,54.18,26.61,104.59,80.51,84.92,39.54,47.34,10.06,4229.93,388.06,4.98,0.61,13.69,0.66,8.56,2.61,0.00,0.00,5.11,1.58,4.50,4.62,2.65,5.65,9.40,21.97,54.74,8.38,3.22,4.74
39.10,39.1,21/11/2025 12:05:11,1.623,9.784,1181236.397,15.4,938013.0,647249.0,990309.83,368.70,1608.46,1489.20,414.62,3313.26,188.39,75.53,53.11,521.70,37.07,17.96,29.15,812.37,56.11,57.65,23.00,78.94,45.17,62.30,27.68,73.85,14.24,2702.55,246.71,4.26,0.49,37.30,2.91,7.57,2.02,0.00,0.00,3.88,1.31,1.82,3.36,3.40,4.20,3.38,19.61,50.94,7.71,3.60,4.21,17581.45,611.41,2667.27,2813.79,783.41,7088.17,403.03,173.07,121.69,1302.63,92.56,21.63,35.11,1136.67,78.51,96.19,38.38,140.92,80.64,91.05,40.46,106.11,20.46,3863.95,352.73,5.42,0.62,46.69,3.64,9.42,2.51,0.00,0.00,4.59,1.55,2.46,4.54,4.53,5.60,3.77,21.89,54.87,8.31,4.08,4.78
39.20,39.2,21/11/2025 12:05:45,0.922,3.571,,15.5,929514.0,639677.0,990592.83,383.59,1622.92,1279.14,391.76,3454.91,193.07,193.15,113.99,441.35,37.35,3.78,26.83,734.09,55.25,35.73,16.99,35.80,44.52,51.01,25.76,74.06,14.19,2603.83,237.23,3.87,0.47,36.27,2.79,7.61,2.10,0.00,0.00,4.25,1.29,9.65,3.47,2.59,4.10,1.62,19.54,48.56,7.53,2.31,4.10,17185.83,636.10,2691.25,2416.89,740.22,7391.21,413.04,442.58,261.19,1102.01,93.26,4.55,32.32,1027.14,77.31,59.62,28.35,63.91,79.48,74.55,37.65,106.41,20.39,3722.81,339.18,4.92,0.60,45.40,3.49,9.47,2.61,0.00,0.00,5.03,1.53,13.03,4.69,3.45,5.47,1.81,21.82,52.31,8.11,2.62,4.65
39.30,39.3,21/11/2025 12:06:11,0.936,3.108,,15.4,941437.0,644290.0,989740.32,519.90,1593.79,1428.69,409.16,3626.41,200.37,92.52,62.29,499.35,37.72,15.30,27.13,694.76,55.76,21.46,14.80,48.68,45.01,61.51,27.55,81.15,15.45,3067.64,281.95,3.63,0.47,24.36,1.49,5.67,2.03,0.00,0.00,4.54,1.31,1.68,3.44,2.66,4.18,7.87,19.66,48.16,7.60,3.74,4.16,18602.48,862.14,2642.94,2699.46,773.09,7758.11,428.66,212.00,142.73,1246.83,94.18,18.43,32.68,972.11,78.02,35.81,24.69,86.90,80.35,89.90,40.27,116.60,22.20,4385.94,403.12,4.62,0.60,30.49,1.87,7.06,2.53,0.00,0.00,5.37,1.55,2.27,4.65,3.55,5.57,8.79,21.95,51.88,8.19,4.24,4.72
39.40,39.4,21/11/2025 12:06:46,0.962,2.515,,15.4,941353.0,642161.0,989550.90,370.30,1618.13,1598.59,431.18,3740.69,203.76,16.86,16.02,517.05,37.67,34.34,44.78,782.62,56.22,25.66,14.77,82.20,45.27,69.69,29.01,86.35,16.35,3011.25,276.49,3.80,0.47,28.93,1.93,7.15,2.10,0.00,0.00,6.64,1.62,5.14,3.45,2.15,4.18,9.81,19.61,47.25,7.70,2.64,4.22,18956.45,614.06,2683.31,3020.48,814.70,8002.59,435.91,38.63,36.71,1291.02,94.06,41.37,53.94,1095.05,78.66,42.81,24.64,146.74,80.82,101.86,42.40,124.07,23.49,4305.32,395.31,4.84,0.60,36.21,2.42,8.90,2.61,0.00,0.00,7.85,1.92,6.94,4.66,2.87,5.57,10.95,21.89,50.90,8.29,2.99,4.79
39.50,39.5,21/11/2025 12:07:29,1.265,1.388,,15.4,941829.0,643901.0,989508.51,395.24,1632.97,1592.57,431.70,3709.74,203.14,77.17,54.25,583.42,37.50,34.25,44.61,780.81,56.48,23.93,14.85,100.41,45.71,31.44,23.44,60.56,11.98,2981.20,273.55,3.74,0.48,25.45,1.59,7.13,2.11,0.00,0.00,5.16,1.41,3.91,3.40,1.17,4.21,17.86,19.72,52.96,7.82,3.37,4.25,19121.98,655.42,2707.91,3009.10,815.68,7936.38,434.58,176.82,124.31,1456.74,93.63,41.26,53.74,1092.51,79.03,39.93,24.78,179.25,81.60,45.95,34.26,87.01,17.21,4262.35,391.11,4.76,0.61,31.86,1.99,8.87,2.63,0.00,0.00,6.10,1.67,5.28,4.59,1.56,5.61,19.94,22.02,57.05,8.42,3.82,4.82
39.60,39.6,21/11/2025 12:08:03,2.044,4.961,1181234.148,15.4,937771.0,646086.0,990372.20,226.63,1683.66,1210.00,386.82,3394.39,191.43,191.12,113.43,518.99,37.15,21.44,33.18,758.15,56.15,34.55,16.54,106.72,45.45,62.95,27.79,32.56,6.92,2951.60,270.76,3.82,0.47,28.33,1.88,8.16,2.15,0.00,0.00,4.24,1.32,1.63,3.41,3.02,4.23,16.12,19.57,50.98,7.70,2.41,4.19,17488.58,375.82,2791.97,2286.25,730.88,7261.74,409.53,437.93,259.91,1295.87,92.76,25.83,39.97,1060.81,78.57,57.65,27.60,190.51,81.14,92.00,40.62,46.78,9.94,4220.03,387.12,4.86,0.60,35.46,2.35,10.16,2.68,0.00,0.00,5.01,1.56,2.20,4.61,4.03,5.64,18.00,21.85,54.92,8.29,2.73,4.75
39.70,39.7,21/11/2025 12:08:38,1.065,8.797,,15.5,928661.0,642833.0,990471.23,378.39,1546.45,1484.66,410.90,3386.94,189.81,134.28,82.61,422.13,37.22,19.02,30.02,695.50,54.62,18.96,14.60,75.59,44.86,50.61,25.63,41.72,8.58,2695.02,246.01,3.77,0.46,32.93,2.38,7.59,2.01,0.00,0.00,2.97,1.26,3.33,3.37,4.13,4.17,14.28,19.46,52.75,7.60,4.21,4.19,17336.45,627.47,2564.44,2805.21,776.38,7245.80,406.07,307.68,189.29,1054.02,92.93,22.91,36.16,973.15,76.42,31.63,24.36,134.94,80.08,73.97,37.46,59.94,12.33,3853.19,351.73,4.80,0.59,41.22,2.98,9.45,2.50,0.00,0.00,3.51,1.49,4.50,4.55,5.51,5.56,15.94,21.73,56.82,8.19,4.78,4.75
39.80,39.8,21/11/2025 12:09:12,0.319,11.177,,15.5,930336.0,645288.0,990009.30,217.54,1595.21,1594.16,430.97,3655.18,200.93,111.49,71.83,496.61,37.31,95.82,70.50,732.95,55.78,40.32,18.23,80.12,44.83,52.22,25.92,34.74,7.29,2738.23,250.08,3.60,0.47,54.66,5.56,6.94,2.08,0.00,0.00,4.05,1.29,2.98,3.35,2.10,4.14,7.41,19.44,55.73,7.87,3.86,4.13,18246.38,360.74,2645.30,3012.11,814.30,7819.65,429.86,255.46,164.59,1239.99,93.16,115.43,84.92,1025.55,78.05,67.27,30.42,143.03,80.03,76.32,37.88,49.92,10.47,3914.97,357.55,4.58,0.60,68.42,6.96,8.64,2.59,0.00,0.00,4.79,1.53,4.03,4.53,2.80,5.52,8.27,21.70,60.03,8.48,4.38,4.69
39.90,39.9,21/11/2025 12:09:38,0.424,4.562,,15.4,937349.0,647997.0,989669.30,425.86,1598.75,1511.41,419.57,3683.77,201.58,116.96,74.30,416.13,37.75,151.74,80.40,781.72,56.15,20.12,14.67,86.33,45.03,67.96,28.58,45.46,9.25,2866.83,262.48,3.81,0.47,58.11,6.16,7.33,2.06,0.00,0.00,2.81,1.29,3.12,3.40,4.11,4.25,22.13,19.51,51.77,7.76,3.22,4.16,18661.40,706.19,2651.17,2855.75,792.76,7880.82,431.25,268.00,170.25,1039.04,94.26,182.79,96.85,1093.79,78.57,33.57,24.48,154.12,80.39,99.33,41.77,65.32,13.29,4098.83,375.28,4.85,0.60,72.74,7.71,9.12,2.56,0.00,0.00,3.32,1.53,4.21,4.59,5.48,5.67,24.71,21.78,55.77,8.36,3.65,4.72
40.00,40.0,21/11/2025 12:10:30,0.105,13.092,,15.4,937900.0,646857.0,989041.67,287.72,1591.72,1775.27,452.51,3943.26,211.02,122.15,76.99,432.97,37.74,26.32,37.90,768.24,56.49,13.36,14.69,105.26,45.33,58.52,26.99,105.52,19.46,3193.80,294.02,3.88,0.49,24.50,1.50,6.55,2.08,0.00,0.00,2.91,1.29,3.08,3.48,2.94,4.31,24.58,19.54,52.93,7.75,4.57,4.20,19893.57,477.12,2639.51,3354.31,855.00,8435.95,451.44,279.89,176.41,1081.08,94.23,31.71,45.65,1074.93,79.04,22.29,24.51,187.91,80.92,85.53,39.45,151.62,27.96,4566.32,420.37,4.94,0.62,30.67,1.88,8.15,2.59,0.00,0.00,3.44,1.53,4.16,4.70,3.92,5.75,27.44,21.82,57.02,8.35,5.18,4.76
40.10,40.1,21/11/2025 12:10:56,0.021,10.446,1181233.024,15.5,926090.0,642711.0,989632.92,447.19,1532.15,1485.00,407.17,3581.97,195.88,112.20,70.65,474.90,36.88,13.61,26.49,735.60,55.48,23.86,14.61,67.61,44.50,59.15,26.88,144.78,25.92,3110.39,285.92,3.96,0.48,21.37,1.24,4.65,2.01,0.00,0.00,3.59,1.27,2.01,3.38,3.66,4.26,12.88,19.34,55.79,7.92,2.91,4.16,18728.21,741.56,2540.73,2805.85,769.33,7663.03,419.05,257.09,161.88,1185.78,92.09,16.39,31.91,1029.26,77.63,39.81,24.38,120.70,79.44,86.45,39.29,208.03,37.24,4447.06,408.79,5.04,0.61,26.75,1.55,5.79,2.50,0.00,0.00,4.25,1.50,2.72,4.57,4.88,5.68,14.38,21.59,60.10,8.53,3.30,4.72
40.20,40.2,21/11/2025 12:11:31,-0.496,11.044,,15.5,921646.0,637910.0,990220.77,489.45,1582.75,1540.46,419.80,3476.34,193.57,27.01,23.68,439.03,36.97,57.17,56.33,771.96,55.45,28.00,14.61,45.46,44.29,58.90,26.83,64.26,12.42,2643.45,240.87,3.46,0.46,50.95,4.94,5.37,2.01,0.00,0.00,3.73,1.26,1.52,3.32,2.88,4.13,13.31,19.36,52.31,7.51,4.21,4.04,17713.35,811.64,2624.64,2910.64,793.20,7437.06,414.11,61.89,54.26,1096.22,92.31,68.87,67.86,1080.13,77.59,46.72,24.38,81.15,79.07,86.09,39.21,92.33,17.85,3779.46,344.38,4.40,0.59,63.78,6.18,6.68,2.50,0.00,0.00,4.41,1.49,2.05,4.48,3.84,5.51,14.86,21.62,56.35,8.09,4.78,4.58
40.30,40.3,21/11/2025 12:12:05,-0.633,7.672,,15.5,928350.0,638827.0,989512.03,414.22,1625.45,1548.68,424.21,3934.65,210.27,102.92,67.21,443.31,37.40,122.58,75.89,817.58,56.48,16.56,14.67,78.13,44.89,69.88,28.87,59.53,11.66,2753.31,251.40,3.52,0.47,35.25,2.65,6.48,2.09,0.00,0.00,3.80,1.26,1.99,3.30,2.90,4.16,20.19,19.47,49.51,7.59,2.98,3.98,19103.23,686.89,2695.44,2926.17,801.53,8417.53,449.84,235.83,154.00,1106.90,93.38,147.66,91.42,1143.96,79.03,27.63,24.48,139.48,80.14,102.13,42.20,85.54,16.75,3936.53,359.44,4.48,0.60,44.13,3.32,8.07,2.60,0.00,0.00,4.49,1.49,2.69,4.46,3.87,5.55,22.54,21.74,53.33,8.18,3.38,4.52
40.40,40.4,21/11/2025 12:12:40,-0.424,8.133,,15.5,928530.0,639728.0,986736.24,376.31,1484.66,2094.39,484.06,5370.04,258.55,101.72,66.59,469.15,37.76,185.35,85.98,940.75,58.52,131.13,34.22,83.90,45.49,60.44,27.47,134.19,24.10,3220.81,296.23,3.85,0.48,5.49,0.25,8.50,2.15,0.00,0.00,5.41,1.42,5.14,3.48,2.24,4.29,8.73,19.77,51.41,7.85,4.84,4.22,24377.63,624.03,2461.98,3957.27,914.61,11488.31,553.13,233.08,152.58,1171.42,94.28,223.27,103.57,1316.30,81.88,218.79,57.10,149.78,81.21,88.34,40.15,192.81,34.63,4604.93,423.53,4.90,0.61,6.87,0.31,10.58,2.68,0.00,0.00,6.40,1.68,6.94,4.70,2.99,5.72,9.75,22.07,55.38,8.46,5.49,4.79
40.50,40.5,21/11/2025 12:13:23,-1.368,11.439,,15.5,935442.0,640618.0,986447.03,461.00,1534.12,1986.76,473.18,5343.81,258.12,46.15,54.12,448.60,37.76,299.81,98.12,1108.41,60.28,134.04,34.93,134.15,46.65,56.63,26.97,71.41,13.72,3329.32,306.72,3.75,0.49,43.72,3.68,8.33,2.20,0.00,0.00,7.11,1.66,5.08,3.46,1.72,4.30,4.33,19.93,55.35,8.09,3.49,4.22,24652.90,764.47,2543.99,3753.91,894.06,11432.20,552.21,105.75,124.01,1120.11,94.28,361.15,118.20,1550.89,84.34,223.64,58.28,239.48,83.28,82.77,39.42,102.60,19.71,4760.07,438.53,4.77,0.62,54.73,4.61,10.37,2.74,0.00,0.00,8.41,1.96,6.86,4.67,2.29,5.73,4.83,22.25,59.62,8.71,3.96,4.79
40.60,40.6,21/11/2025 12:13:58,-2.639,9.650,1181238.712,15.4,946655.0,647658.0,988300.04,284.99,1662.69,1575.38,434.20,4244.16,221.80,197.89,117.06,534.87,38.01,109.97,75.16,963.94,59.03,130.15,34.77,73.95,45.89,44.29,25.21,84.06,15.97,3346.15,308.73,4.02,0.49,32.17,2.25,7.21,2.13,0.00,0.00,4.70,1.34,1.89,3.43,2.29,4.30,0.20,20.01,54.49,8.00,3.19,4.26,21245.96,472.59,2757.20,2976.62,820.40,9079.68,474.50,453.44,268.23,1335.52,94.91,132.47,90.54,1348.75,82.60,217.15,58.01,132.01,81.92,64.73,36.85,120.78,22.95,4784.14,441.40,5.12,0.62,40.27,2.82,8.97,2.65,0.00,0.00,5.56,1.58,2.55,4.63,3.05,5.73,0.22,22.34,58.70,8.62,3.62,4.83
40.70,40.7,21/11/2025 12:14:32,-0.704,5.290,,15.3,960453.0,655069.0,987726.06,234.55,1630.38,1553.84,433.17,4748.76,240.73,18.37,17.65,553.60,38.47,212.87,92.17,1000.17,59.89,52.69,22.22,72.52,46.45,53.26,26.73,92.27,17.50,3556.16,329.17,3.95,0.50,26.63,1.68,7.66,2.14,0.00,0.00,9.49,1.90,2.22,3.55,2.67,4.40,14.67,20.21,54.25,8.10,3.36,4.29,22220.81,388.95,2703.62,2935.92,818.46,10159.19,515.00,42.09,40.44,1382.29,96.06,256.42,111.03,1399.44,83.80,87.91,37.07,129.46,82.92,77.84,39.07,132.58,25.14,5084.40,470.63,5.03,0.64,33.33,2.10,9.53,2.66,0.00,0.00,11.22,2.25,3.00,4.80,3.56,5.87,16.38,22.56,58.44,8.73,3.81,4.87
40.80,40.8,21/11/2025 12:14:58,-1.375,4.563,,15.3,968105.0,659950.0,986086.23,410.49,1626.07,2171.36,506.82,5313.96,259.35,36.55,31.46,589.26,39.25,184.97,90.49,1059.71,61.01,100.91,31.77,74.74,47.06,40.87,25.25,98.19,18.54,3716.45,344.62,4.11,0.51,23.50,1.40,7.24,2.17,0.00,0.00,8.06,1.81,5.43,3.60,1.60,4.45,2.61,20.49,58.31,8.15,5.46,4.36,25363.15,680.71,2696.47,4102.70,957.62,11368.34,554.84,83.75,72.09,1471.33,98.00,222.82,109.00,1482.75,85.37,168.37,53.01,133.42,84.01,59.73,36.90,141.08,26.64,5313.57,492.72,5.23,0.65,29.42,1.75,9.01,2.70,0.00,0.00,9.53,2.14,7.33,4.86,2.13,5.93,2.91,22.88,62.81,8.78,6.19,4.95
40.90,40.9,21/11/2025 12:15:33,-0.876,4.366,,15.3,975012.0,664016.0,985639.92,398.53,1680.84,2141.88,507.13,5409.41,263.33,117.39,76.27,597.38,39.36,227.08,96.07,1097.36,62.01,146.27,37.25,116.81,47.68,62.58,28.53,54.69,11.18,3885.95,361.14,4.11,0.52,5.41,0.26,6.30,2.20,0.00,0.00,7.14,1.70,5.05,3.67,2.59,4.53,9.47,20.54,60.96,8.40,3.72,4.43,26147.53,660.87,2787.30,4047.00,958.20,11572.54,563.35,268.98,174.76,1491.60,98.28,273.54,115.73,1535.43,86.76,244.05,62.15,208.53,85.12,91.46,41.70,78.58,16.06,5555.91,516.34,5.23,0.66,6.77,0.33,7.84,2.74,0.00,0.00,8.44,2.01,6.82,4.96,3.45,6.04,10.57,22.93,65.67,9.05,4.22,5.03
41.00,41.0,21/11/2025 12:16:16,-1.006,11.508,,15.1,995202.0,677229.0,984645.67,284.08,1749.77,2192.01,518.84,5848.58,279.06,169.66,104.12,590.09,40.59,250.84,100.56,1118.07,63.03,77.73,28.43,140.56,49.14,58.10,28.20,134.34,24.99,4377.26,409.13,4.32,0.53,5.66,0.26,9.71,2.30,0.00,0.00,6.92,1.70,3.47,3.82,2.46,4.75,13.47,20.97,60.97,8.56,6.05,4.61,27898.92,471.08,2901.60,4141.72,980.33,12512.07,597.00,388.75,238.58,1473.40,101.35,302.16,121.14,1564.41,88.19,129.69,47.44,250.93,87.72,84.92,41.22,193.03,35.91,6258.36,584.95,5.50,0.67,7.09,0.33,12.09,2.86,0.00,0.00,8.18,2.01,4.69,5.16,3.28,6.33,15.04,23.41,65.68,9.22,6.86,5.23
41.10,41.1,21/11/2025 12:16:50,-1.023,20.171,1181232.496,15.1,994806.0,677548.0,984561.83,288.66,1736.13,2026.58,501.13,5732.80,276.91,120.49,79.14,678.68,40.48,379.49,112.46,1270.37,64.46,169.76,40.20,114.20,48.64,68.17,29.86,148.65,27.40,4335.72,404.97,4.10,0.54,5.63,0.26,7.93,2.32,0.00,0.00,8.64,1.91,6.91,3.85,2.78,4.71,7.30,20.99,56.92,8.48,4.39,4.59,27896.68,478.68,2878.98,3829.15,946.87,12264.38,592.40,276.09,181.34,1694.60,101.07,457.14,135.47,1777.51,90.19,283.24,67.07,203.87,86.83,99.63,43.64,213.59,39.37,6198.97,579.00,5.22,0.69,7.05,0.33,9.87,2.89,0.00,0.00,10.22,2.26,9.33,5.20,3.71,6.28,8.15,23.44,61.32,9.13,4.98,5.21
41.20,41.2,21/11/2025 12:17:25,-1.743,23.874,,15.1,1001037.0,677806.0,982155.54,308.98,1752.54,2562.97,570.24,7006.99,319.06,8.04,8.63,607.38,41.43,496.51,124.74,1490.23,67.55,234.80,45.94,119.55,49.36,43.83,26.53,116.45,22.01,4738.88,444.13,4.61,0.56,5.87,0.27,7.30,2.32,0.03,0.19,15.09,2.49,8.46,3.94,4.69,4.87,1.53,21.34,57.71,8.61,4.55,4.69,32302.39,512.37,2906.19,4842.64,1077.45,14990.30,682.58,18.42,19.77,1516.57,103.45,598.10,150.26,2085.14,94.52,391.76,76.65,213.42,88.12,64.06,38.78,167.32,31.62,6775.38,634.99,5.87,0.71,7.35,0.34,9.09,2.89,0.04,0.25,17.85,2.94,11.43,5.32,6.25,6.49,1.71,23.83,62.17,9.27,5.16,5.32
41.30,41.3,21/11/2025 12:18:00,-0.690,27.377,,15.2,1002428.0,668764.0,981694.49,401.39,1702.46,2472.26,556.75,6956.01,317.74,276.57,164.72,920.90,48.39,328.60,110.56,1469.37,67.68,305.66,51.25,85.34,49.33,52.51,27.87,161.81,29.77,4766.37,446.75,4.29,0.56,5.86,0.27,7.49,2.31,0.00,0.00,19.68,2.79,9.25,3.92,2.61,4.78,0.00,0.00,53.66,8.49,5.89,4.77,33515.12,665.62,2823.15,4671.24,1051.96,14881.23,679.75,633.72,377.43,2299.40,120.83,395.83,133.18,2055.95,94.70,509.99,85.51,152.35,88.06,76.75,40.73,232.49,42.77,6814.69,638.74,5.46,0.71,7.34,0.34,9.32,2.88,0.00,0.00,23.27,3.30,12.49,5.30,3.48,6.37,0.00,0.00,57.80,9.15,6.68,5.41
41.40,41.4,21/11/2025 12:18:34,-0.773,26.120,,15.2,1000869.0,658291.0,980511.62,338.99,1747.17,2469.36,561.81,8129.20,357.33,47.91,40.31,690.83,41.30,543.70,129.43,1692.21,69.91,338.06,53.10,137.94,49.79,58.46,28.68,185.98,33.90,4697.10,439.67,4.00,0.53,26.85,1.64,8.74,2.44,0.00,0.00,31.22,3.35,14.49,3.96,2.35,4.74,7.01,21.46,53.79,8.70,10.21,4.84,35541.57,562.14,2897.29,4665.76,1061.52,17391.08,764.45,109.78,92.36,1724.94,103.12,654.94,155.91,2367.75,97.82,564.05,88.60,246.25,88.88,85.44,41.92,267.22,48.71,6715.65,628.62,5.09,0.67,33.61,2.05,10.88,3.04,0.00,0.00,36.92,3.96,19.57,5.35,3.13,6.32,7.83,23.96,57.94,9.37,11.58,5.49
41.50,41.5,21/11/2025 12:19:17,-2.240,36.633,,15.4,994327.0,625910.0,972517.93,385.87,1777.06,3983.70,766.06,13561.92,535.22,9.83,10.52,502.12,42.03,1091.70,190.87,2294.79,76.55,437.21,60.29,159.03,51.77,68.53,31.00,150.90,27.54,4670.94,435.90,4.03,0.54,7.20,0.33,7.92,2.39,0.00,0.00,50.18,4.26,21.52,4.13,0.90,4.71,1.23,22.24,64.52,9.20,8.02,4.95,51184.83,639.88,2946.86,7527.05,1447.44,29013.49,1145.01,22.52,24.11,1253.75,104.94,1315.07,229.92,3210.88,107.11,729.48,100.59,283.90,92.42,100.16,45.31,216.82,39.57,6678.25,623.23,5.13,0.69,9.01,0.41,9.86,2.97,0.00,0.00,59.34,5.04,29.07,5.58,1.20,6.28,1.37,24.83,69.50,9.91,9.10,5.62
41.60,41.6,21/11/2025 12:19:43,-2.365,39.214,1181231.306,15.5,1001891.0,608694.0,959681.93,286.14,1729.54,5496.27,981.11,22434.25,827.77,74.72,57.53,577.80,43.49,1642.76,263.99,3144.16,87.19,696.26,78.87,171.87,55.00,73.22,33.27,155.54,28.46,5355.13,501.09,4.03,0.57,30.31,1.83,9.79,2.66,0.00,0.00,62.45,4.99,26.17,4.52,0.00,0.00,0.00,0.00,68.43,9.78,8.78,5.49,76549.62,474.50,2868.05,10385.00,1853.77,47994.37,1770.88,171.21,131.82,1442.71,108.59,1978.88,318.00,4399.33,122.00,1161.71,131.59,306.82,98.19,107.02,48.63,223.49,40.89,7656.46,716.43,5.13,0.73,37.94,2.29,12.19,3.31,0.00,0.00,73.85,5.90,35.35,6.11,0.00,0.00,0.00,0.00,73.71,10.54,9.96,6.23
41.70,41.7,21/11/2025 12:20:18,-2.002,44.503,,15.5,994668.0,607865.0,952336.02,353.86,1720.15,7293.49,1247.31,28113.17,1015.55,10.24,63.98,626.84,43.96,2017.99,315.59,3002.11,87.69,607.93,73.98,199.24,57.05,60.85,31.84,158.32,28.84,5003.61,465.85,4.74,0.60,23.79,1.29,12.07,2.83,0.00,0.00,61.94,5.03,27.83,4.59,1.62,5.14,0.99,24.36,69.73,10.10,13.61,5.70,91826.93,586.80,2852.48,13780.78,2356.75,60143.49,2172.60,23.46,146.60,1565.16,109.76,2430.88,380.16,4200.57,122.70,1014.33,123.44,355.68,101.84,88.94,46.54,227.48,41.44,7153.88,666.05,6.03,0.76,29.78,1.61,15.02,3.52,0.00,0.00,73.25,5.95,37.59,6.20,2.16,6.85,1.11,27.20,75.11,10.88,15.44,6.47
41.80,41.8,21/11/2025 12:20:52,-0.342,45.827,,15.5,991203.0,605878.0,956466.08,264.59,1748.04,6311.68,1101.31,26231.38,952.92,35.40,63.40,421.87,44.05,1771.44,281.43,2638.49,83.20,543.30,69.35,155.36,55.31,81.61,34.75,106.46,20.12,4748.53,441.49,4.30,0.58,32.11,1.99,12.92,2.73,0.00,0.00,61.47,4.92,28.75,4.47,0.41,5.00,0.00,0.00,70.19,9.96,13.68,5.46,83952.53,438.76,2898.73,11925.68,2080.88,56117.71,2038.61,81.11,145.27,1053.37,109.99,2133.88,339.01,3691.79,116.41,906.49,115.71,277.35,98.74,119.28,50.79,152.97,28.91,6789.18,631.22,5.47,0.74,40.19,2.49,16.08,3.40,0.00,0.00,72.69,5.82,38.83,6.04,0.55,6.67,0.00,0.00,75.61,10.73,15.52,6.19
41.90,41.9,21/11/2025 12:21:27,-1.785,40.600,,15.5,980781.0,603157.0,966134.36,410.38,1758.14,4664.01,859.28,19286.99,722.37,50.56,61.38,479.11,42.30,1404.19,231.32,2403.53,78.92,452.69,62.08,116.35,52.40,55.11,29.49,128.76,23.69,4184.03,387.52,4.02,0.54,43.51,3.31,9.12,2.49,0.00,0.00,62.91,4.81,28.09,4.16,2.53,4.64,0.00,0.00,66.66,9.28,13.09,5.05,64604.96,680.52,2915.48,8812.47,1623.58,41261.33,1545.39,115.85,140.64,1196.29,105.62,1691.49,278.65,3363.03,110.43,755.31,103.58,207.71,93.54,80.55,43.10,185.01,34.04,5982.09,554.05,5.12,0.69,54.46,4.14,11.35,3.10,0.00,0.00,74.40,5.69,37.94,5.62,3.37,6.19,0.00,0.00,71.81,10.00,14.85,5.73
42.00,42.0,21/11/2025 12:22:10,-0.324,39.809,,15.6,975749.0,599102.0,961752.11,289.49,1710.76,4923.50,895.19,23008.03,845.02,19.55,19.57,535.57,42.26,1543.22,249.57,2549.00,80.75,471.82,63.34,171.67,53.74,89.40,35.50,116.36,21.51,4251.62,393.49,4.14,0.55,84.93,10.26,10.74,2.61,0.00,0.00,60.03,4.75,27.92,4.33,1.14,4.77,9.38,23.02,67.36,9.45,13.04,5.27,73615.59,480.05,2836.91,9302.77,1691.43,49221.88,1807.78,44.80,44.84,1337.27,105.52,1858.97,300.63,3566.58,112.99,787.23,105.68,306.46,95.94,130.66,51.89,167.19,30.91,6078.73,562.59,5.27,0.70,106.31,12.84,13.37,3.25,0.00,0.00,70.99,5.62,37.71,5.85,1.52,6.36,10.47,25.70,72.56,10.18,14.79,5.98
42.10,42.1,21/11/2025 12:22:45,-0.376,44.634,1181233.422,15.5,976170.0,600262.0,963910.99,338.44,1736.99,4328.38,812.52,21464.12,794.32,82.60,61.34,447.87,42.36,1827.28,287.22,2449.54,79.27,491.96,64.42,175.46,53.51,70.84,32.10,96.58,18.32,4082.65,377.37,4.62,0.56,54.51,4.77,10.82,2.58,0.00,0.00,55.56,4.56,33.70,4.39,0.00,0.00,0.00,0.00,60.74,9.19,13.33,5.27,69087.47,561.23,2880.41,8178.31,1535.23,45918.94,1699.32,189.27,140.55,1118.29,105.77,2201.15,345.99,3427.41,110.92,820.83,107.48,313.23,95.53,103.54,46.92,138.77,26.32,5837.14,539.54,5.88,0.71,68.23,5.97,13.47,3.21,0.00,0.00,65.71,5.39,45.52,5.93,0.00,0.00,0.00,0.00,65.43,9.90,15.12,5.98
42.20,42.2,21/11/2025 12:23:19,-0.146,38.551,,15.5,986834.0,606186.0,961824.09,266.64,1726.30,5083.23,920.68,21729.02,803.52,104.72,73.45,550.36,42.65,2036.95,316.23,2709.03,82.45,459.72,63.11,176.61,54.55,77.72,33.55,169.82,30.58,4543.47,421.93,4.27,0.56,72.13,7.61,10.88,2.59,0.00,0.00,60.45,4.86,33.05,4.48,1.13,4.86,6.22,23.31,67.98,9.75,12.51,5.39,72647.93,442.16,2862.68,9604.57,1739.59,46485.65,1719.00,239.95,168.30,1374.20,106.49,2453.72,380.93,3790.49,115.36,767.04,105.30,315.28,97.38,113.59,49.04,244.00,43.94,6496.00,603.25,5.43,0.71,90.29,9.53,13.54,3.22,0.00,0.00,71.49,5.75,44.64,6.05,1.51,6.48,6.94,26.03,73.23,10.50,14.19,6.11
42.30,42.3,21/11/2025 12:23:45,-0.404,36.832,,15.5,997012.0,607009.0,957347.75,488.72,1701.12,6115.86,1069.51,23884.82,875.27,119.60,81.02,605.98,43.08,1853.34,292.52,3217.12,88.67,575.35,71.58,132.58,55.25,84.77,35.40,228.87,41.13,5115.02,477.29,4.82,0.61,26.68,1.52,11.42,2.76,0.00,0.00,64.33,5.09,31.80,4.54,0.00,0.00,0.00,0.00,78.47,10.15,12.71,5.63,81219.11,810.43,2820.93,11555.69,2020.80,51097.63,1872.50,274.05,185.65,1513.07,107.57,2232.54,352.37,4501.41,124.07,959.97,119.43,236.68,98.63,123.90,51.74,328.85,59.10,7313.17,682.40,6.13,0.78,33.40,1.90,14.21,3.44,0.00,0.00,76.08,6.02,42.95,6.13,0.00,0.00,0.00,0.00,84.53,10.93,14.42,6.39
42.40,42.4,21/11/2025 12:24:20,-0.215,37.231,,15.5,997971.0,606855.0,951715.51,514.44,1714.32,7028.19,1207.13,28517.33,1029.15,59.73,49.53,567.90,44.24,2013.27,314.70,3103.61,88.55,567.75,71.45,219.85,57.56,86.99,36.18,153.82,28.06,5198.24,484.78,3.97,0.58,40.34,2.77,10.37,2.78,0.00,0.00,68.62,5.33,40.95,4.84,0.00,0.00,6.01,24.37,69.10,10.23,14.00,5.70,92885.36,853.08,2842.82,13279.50,2280.83,61008.12,2201.70,136.86,113.49,1417.99,110.46,2425.19,379.09,4342.59,123.90,947.29,119.21,392.47,102.76,127.14,52.88,221.01,40.32,7432.15,693.11,5.05,0.74,50.50,3.47,12.91,3.46,0.00,0.00,81.15,6.30,55.31,6.54,0.00,0.00,6.71,27.21,74.44,11.02,15.88,6.47
42.50,42.5,21/11/2025 12:25:03,-0.377,42.783,,15.5,996756.0,606005.0,954441.70,370.00,1748.70,6056.08,1063.33,27915.40,1008.42,8.94,63.58,439.23,44.59,2064.63,321.53,3002.59,87.35,546.85,69.90,159.38,55.94,85.83,35.79,169.66,30.67,4530.43,419.91,4.26,0.58,20.27,1.05,8.98,2.63,0.00,0.00,60.96,4.93,31.02,4.58,0.39,5.01,0.20,24.15,68.51,9.95,14.69,5.63,87872.88,613.56,2899.83,11442.74,2009.12,59720.39,2157.35,20.48,145.69,1096.72,111.34,2487.06,387.32,4201.24,122.22,912.42,116.63,284.52,99.86,125.45,52.31,243.77,44.07,6477.35,600.36,5.42,0.74,25.37,1.31,11.18,3.27,0.00,0.00,72.09,5.83,41.90,6.19,0.52,6.68,0.22,26.96,73.80,10.72,16.66,6.39
42.60,42.6,21/11/2025 12:25:37,-0.818,36.440,1181231.433,15.5,998469.0,605596.0,952651.44,332.83,1731.96,7011.12,1204.90,28134.48,1016.25,40.65,36.56,576.04,44.14,1644.17,265.51,3192.65,89.06,600.67,73.37,226.05,57.47,83.11,35.50,132.85,24.65,5125.36,477.82,4.36,0.59,48.77,3.76,13.04,2.78,0.00,0.00,68.11,5.30,26.23,4.62,0.00,0.00,0.45,24.33,76.91,10.38,10.73,5.65,91307.85,551.92,2872.07,13247.25,2276.61,60189.07,2174.10,93.14,83.77,1438.32,110.21,1980.57,319.83,4467.18,124.61,1002.21,122.42,403.54,102.59,121.47,51.89,190.88,35.42,7327.95,683.16,5.55,0.75,61.05,4.71,16.23,3.46,0.00,0.00,80.55,6.27,35.43,6.24,0.00,0.00,0.50,27.16,82.85,11.18,12.17,6.41
42.70,42.7,21/11/2025 12:26:12,-0.734,38.555,,15.5,990678.0,601510.0,949203.72,261.91,1756.01,7059.84,1213.07,32143.13,1148.72,32.46,65.30,521.13,44.65,2128.75,331.00,2908.44,87.63,526.79,68.74,174.80,57.19,83.86,35.85,121.39,22.60,4567.28,422.94,4.60,0.60,59.82,5.28,12.61,2.83,0.00,0.00,61.82,5.04,28.61,4.63,0.00,0.00,15.76,24.55,70.94,10.21,12.35,5.68,98882.17,434.32,2911.95,13339.30,2292.05,68764.92,2457.50,74.38,149.63,1301.21,111.49,2564.30,398.72,4069.51,122.61,878.95,114.69,312.05,102.09,122.57,52.40,174.42,32.47,6530.04,604.70,5.85,0.76,74.88,6.61,15.70,3.52,0.00,0.00,73.11,5.96,38.65,6.25,0.00,0.00,17.60,27.41,76.42,11.00,14.01,6.44
42.80,42.8,21/11/2025 12:26:47,-0.786,37.236,,15.5,991636.0,605280.0,949485.15,653.55,1692.06,7585.70,1287.86,30605.63,1097.60,16.92,17.36,369.35,45.00,1627.23,263.13,3324.59,90.84,613.30,74.48,220.30,57.78,81.96,35.38,173.71,31.33,5003.02,465.46,4.62,0.62,34.05,2.13,10.58,2.77,0.00,0.00,70.14,5.39,33.53,4.74,0.00,0.00,0.00,0.00,75.10,10.43,11.57,5.66,97688.23,1083.77,2805.90,14332.90,2433.36,65475.69,2348.13,38.77,39.78,922.23,112.36,1960.17,316.97,4651.79,127.10,1023.29,124.27,393.28,103.15,119.79,51.71,249.59,45.02,7153.04,665.49,5.88,0.79,42.62,2.67,13.17,3.45,0.00,0.00,82.95,6.37,45.29,6.40,0.00,0.00,0.00,0.00,80.90,11.24,13.13,6.42
42.90,42.9,21/11/2025 12:27:21,-0.917,38.292,,15.5,996840.0,606245.0,949817.12,326.27,1757.16,7389.95,1262.14,30387.11,1090.74,14.05,14.84,529.14,44.49,1962.07,308.02,3128.51,89.11,609.28,74.47,160.35,56.98,78.98,35.02,160.22,29.16,5190.77,483.83,4.75,0.61,40.09,2.73,11.83,2.79,0.00,0.00,68.83,5.34,25.73,4.68,0.00,0.00,0.00,0.00,79.38,10.55,15.57,5.75,96966.87,541.05,2913.86,13963.03,2384.77,65008.20,2333.46,32.19,34.00,1321.21,111.09,2363.52,371.04,4377.43,124.68,1016.58,124.25,286.25,101.72,115.43,51.18,230.21,41.90,7421.47,691.75,6.04,0.78,50.18,3.42,14.72,3.47,0.00,0.00,81.40,6.32,34.76,6.32,0.00,0.00,0.00,0.00,85.51,11.36,17.66,6.52
43.00,43.0,21/11/2025 12:28:04,-0.900,38.494,,15.5,994191.0,604556.0,948085.31,1358.63,1684.34,7852.93,1327.79,31478.43,1126.88,80.35,61.56,560.07,44.73,1900.35,299.60,2864.44,87.16,635.32,76.35,142.02,56.88,91.90,37.41,113.09,21.28,4610.27,427.14,4.55,0.60,32.10,1.96,11.06,2.81,0.00,0.00,64.84,5.15,30.72,4.67,0.29,5.13,0.00,0.00,70.82,10.19,12.53,5.62,100784.05,2252.98,2793.10,14837.82,2508.81,67342.90,2410.77,184.11,141.06,1398.44,111.69,2289.17,360.90,4007.94,121.95,1060.03,127.39,253.53,101.54,134.32,54.68,162.49,30.58,6591.51,610.70,5.79,0.76,40.18,2.45,13.77,3.50,0.00,0.00,76.68,6.09,41.50,6.31,0.39,6.84,0.00,0.00,76.29,10.98,14.21,6.38
43.10,43.1,21/11/2025 12:28:30,-0.912,40.143,1181232.429,15.5,990794.0,603877.0,953582.19,368.25,1736.63,6356.19,1107.77,28605.32,1031.33,42.62,64.46,567.54,44.06,2025.66,315.62,2804.26,85.02,557.25,70.56,153.46,56.03,99.47,38.42,107.74,20.32,4499.21,416.82,4.37,0.58,37.83,2.54,10.62,2.73,0.00,0.00,61.73,4.93,29.84,4.55,0.32,5.02,6.90,24.22,65.16,9.84,14.08,5.51,89905.78,610.66,2879.81,12009.78,2093.09,61196.36,2206.36,97.66,147.70,1417.09,110.01,2440.12,380.20,3923.74,118.96,929.77,117.73,273.95,100.02,145.38,56.15,154.81,29.20,6432.72,595.95,5.56,0.74,47.35,3.18,13.22,3.40,0.00,0.00,73.00,5.83,40.31,6.15,0.43,6.69,7.70,27.04,70.19,10.60,15.97,6.25
43.20,43.2,21/11/2025 12:29:05,-1.408,42.653,,15.5,992019.0,603963.0,956712.77,941.49,1752.86,5904.24,1040.26,25185.66,918.27,34.15,63.34,497.99,43.81,1917.99,301.09,2855.75,85.13,603.60,72.76,230.96,56.49,62.36,31.63,117.96,22.08,4676.63,434.48,4.80,0.59,52.13,4.28,12.15,2.70,0.00,0.00,64.64,5.05,34.14,4.55,0.08,4.99,7.93,23.86,67.92,9.79,14.64,5.45,82899.74,1561.25,2906.73,11155.84,1965.53,53880.56,1964.49,78.25,145.14,1243.43,109.39,2310.42,362.69,3995.78,119.11,1007.10,121.40,412.31,100.85,91.14,46.23,169.49,31.73,6686.38,621.20,6.11,0.75,65.26,5.36,15.12,3.36,0.00,0.00,76.44,5.97,46.12,6.15,0.11,6.65,8.85,26.64,73.16,10.55,16.61,6.18
43.30,43.3,21/11/2025 12:29:39,-0.866,34.916,,15.5,987749.0,603673.0,956223.16,525.21,1744.63,6557.73,1135.38,26325.97,955.62,46.70,63.84,494.45,43.99,1883.53,296.30,2586.21,82.63,522.34,67.87,159.31,55.35,75.99,33.79,140.33,25.78,4223.70,390.41,4.11,0.57,43.32,3.18,7.71,2.52,0.00,0.00,59.90,4.80,32.61,4.47,0.00,0.00,0.00,0.00,67.95,9.76,19.79,5.54,84597.76,870.94,2893.08,12390.59,2145.26,56320.07,2044.39,107.01,146.28,1234.59,109.84,2268.91,356.92,3618.64,115.62,871.52,113.24,284.40,98.81,111.06,49.39,201.63,37.04,6038.81,558.19,5.23,0.73,54.23,3.98,9.60,3.14,0.00,0.00,70.84,5.68,44.05,6.04,0.00,0.00,0.00,0.00,73.20,10.51,22.45,6.28
43.40,43.4,21/11/2025 12:30:14,-1.096,34.388,,15.5,997275.0,605540.0,951506.18,266.67,1750.24,6953.34,1196.79,29626.88,1065.60,38.53,65.07,526.90,44.51,2126.19,330.47,2755.11,85.89,618.96,75.03,197.91,57.30,76.00,34.34,186.83,33.73,4890.96,454.80,4.62,0.60,30.15,1.79,13.26,2.86,0.00,0.00,61.85,5.02,29.56,4.67,1.81,5.09,0.00,0.00,74.23,10.22,14.06,5.71,93812.10,442.21,2902.38,13138.08,2261.29,63381.82,2279.68,88.29,149.10,1315.62,111.14,2561.22,398.09,3854.97,120.18,1032.73,125.19,353.31,102.29,111.08,50.19,268.44,48.46,6992.82,650.25,5.88,0.76,37.74,2.24,16.50,3.56,0.00,0.00,73.14,5.94,39.93,6.31,2.41,6.79,0.00,0.00,79.96,11.01,15.95,6.48
43.50,43.5,21/11/2025 12:30:57,-1.834,42.723,,15.5,979725.0,604539.0,959326.68,181.32,1621.07,5500.58,975.75,23538.58,862.09,71.45,53.87,446.94,41.97,1841.59,289.65,2935.11,84.34,668.07,76.55,186.57,54.87,68.55,32.32,185.62,33.38,4823.75,448.95,4.74,0.59,35.09,2.28,9.30,2.64,0.00,0.00,63.48,5.01,30.50,4.49,0.37,4.94,0.67,23.59,68.86,9.86,12.18,5.50,77634.01,300.68,2688.18,10393.14,1843.64,50356.91,1844.30,163.72,123.44,1115.97,104.80,2218.39,348.91,4106.82,118.01,1114.67,127.72,333.06,97.95,100.19,47.24,266.71,47.96,6896.73,641.88,6.03,0.75,43.92,2.85,11.58,3.29,0.00,0.00,75.07,5.92,41.20,6.06,0.49,6.59,0.75,26.34,74.18,10.62,13.82,6.24
43.60,43.6,21/11/2025 12:31:32,-3.364,36.307,1181231.435,15.6,954911.0,605234.0,965449.35,266.90,1570.67,3818.33,722.27,19344.35,720.60,19.59,54.03,405.56,38.64,1617.88,257.45,3116.43,83.72,562.85,68.34,195.35,52.93,90.54,35.32,135.86,24.68,4767.51,444.00,4.45,0.57,25.47,1.45,11.05,2.66,0.00,0.00,57.85,4.68,27.38,4.30,0.22,4.75,0.00,0.00,66.84,9.39,16.22,5.29,65087.29,442.59,2604.60,7214.59,1364.70,41384.04,1541.60,44.89,123.80,1012.64,96.48,1948.91,310.13,4360.53,117.14,939.11,114.02,348.74,94.49,132.33,51.62,195.21,35.46,6816.32,634.81,5.66,0.73,31.88,1.82,13.75,3.31,0.00,0.00,68.41,5.53,36.98,5.81,0.29,6.33,0.00,0.00,72.00,10.12,18.40,6.00
43.70,43.7,21/11/2025 12:32:06,-2.539,38.289,,15.6,933089.0,604027.0,969228.16,259.39,1460.26,3158.82,622.89,17439.54,655.84,28.08,51.60,455.04,36.38,1726.59,270.81,2442.29,76.28,446.23,60.06,148.32,50.92,94.89,35.71,146.63,26.28,4233.76,392.33,3.88,0.54,16.82,0.85,8.75,2.50,0.00,0.00,53.28,4.39,26.28,4.16,0.38,4.61,0.00,0.00,67.96,9.21,14.90,5.18,58043.17,430.14,2421.51,5968.47,1176.93,37309.02,1403.06,64.34,118.23,1136.19,90.84,2079.86,326.22,3417.27,106.73,744.53,100.21,264.78,90.90,138.69,52.19,210.68,37.76,6053.19,560.93,4.94,0.69,21.05,1.06,10.89,3.11,0.00,0.00,63.01,5.19,35.50,5.62,0.51,6.15,0.00,0.00,73.21,9.92,16.90,5.88
43.80,43.8,21/11/2025 12:32:41,-3.198,39.084,,15.7,907478.0,600629.0,972990.47,297.00,1392.00,2620.61,537.34,14925.91,570.34,12.52,48.13,360.79,34.39,1706.41,266.59,2163.21,72.12,427.98,57.55,158.47,49.48,76.86,31.68,123.64,22.24,3930.42,363.11,3.78,0.52,37.77,2.69,10.21,2.47,0.00,0.00,50.25,4.20,27.02,4.03,0.41,4.48,0.00,0.00,66.06,9.00,10.21,4.90,50537.92,492.51,2308.32,4951.54,1015.28,31931.52,1220.15,28.69,110.28,900.86,85.87,2055.55,321.14,3026.78,100.91,714.08,96.02,282.90,88.33,112.34,46.30,177.65,31.96,5619.49,519.15,4.81,0.66,47.28,3.37,12.71,3.07,0.00,0.00,59.43,4.97,36.50,5.44,0.55,5.97,0.00,0.00,71.16,9.69,11.58,5.56
43.90,43.9,21/11/2025 12:33:07,-3.286,39.941,,15.8,888076.0,597381.0,977388.48,153.65,1332.22,1965.41,437.61,11977.99,470.02,0.00,0.00,425.94,32.56,1368.99,220.04,2067.32,69.61,365.90,52.14,138.51,47.42,84.47,32.52,103.05,18.70,3722.84,343.33,3.71,0.50,53.95,4.96,9.16,2.35,0.00,0.00,48.48,4.07,31.80,3.92,1.48,4.29,12.87,20.43,65.00,8.79,11.01,4.84,41933.32,254.79,2209.19,3713.57,826.85,25624.93,1005.53,0.00,0.00,1063.53,81.30,1649.09,265.06,2892.61,97.40,610.50,87.00,247.27,84.65,123.46,47.53,148.07,26.87,5322.71,490.87,4.72,0.64,67.53,6.21,11.40,2.93,0.00,0.00,57.33,4.81,42.95,5.30,1.97,5.72,14.37,22.81,70.02,9.47,12.49,5.49
44.00,44.0,21/11/2025 12:33:50,-3.807,40.870,,15.8,878628.0,595452.0,979602.91,203.31,1296.58,1622.57,385.80,10023.49,404.47,12.79,42.98,415.16,31.51,1299.68,210.08,2020.66,68.31,402.25,54.10,171.34,47.39,72.91,30.08,68.44,12.96,3866.88,357.58,3.96,0.50,44.79,3.64,10.82,2.39,0.00,0.00,52.37,4.20,24.01,3.85,0.00,0.00,6.61,20.19,61.59,8.58,13.46,4.72,37273.88,337.14,2150.09,3065.79,728.95,21443.60,865.30,29.31,98.48,1036.61,78.68,1565.60,253.06,2827.32,95.58,671.15,90.27,305.87,84.60,106.56,43.96,98.34,18.62,5528.65,511.25,5.04,0.64,56.07,4.56,13.47,2.97,0.00,0.00,61.93,4.97,32.43,5.20,0.00,0.00,7.38,22.54,66.35,9.24,15.27,5.35
44.10,44.1,21/11/2025 12:34:24,-3.375,38.489,1181233.220,15.8,868515.0,594075.0,980411.49,237.17,1256.31,1316.82,337.79,9267.39,377.39,25.35,17.71,355.56,30.38,1624.74,253.24,2091.20,68.56,340.99,50.17,149.92,47.04,67.15,29.07,80.71,14.99,3780.62,349.18,3.84,0.49,78.00,9.55,10.69,2.36,0.00,0.00,50.84,4.15,26.41,3.85,1.33,4.20,5.36,20.17,62.40,8.63,12.00,4.74,35292.72,393.29,2083.31,2488.08,638.24,19826.05,807.36,58.09,40.58,887.80,75.86,1957.17,305.05,2926.02,95.93,568.94,83.71,267.63,83.98,98.14,42.49,115.97,21.54,5405.32,499.24,4.89,0.62,97.64,11.95,13.31,2.94,0.00,0.00,60.12,4.91,35.67,5.20,1.77,5.60,5.98,22.52,67.22,9.30,13.61,5.38
44.20,44.2,21/11/2025 12:34:59,-3.459,40.807,,15.9,840402.0,590019.0,983717.92,232.04,1212.13,1011.11,290.28,7668.80,322.44,4.28,3.33,298.03,29.39,1278.19,205.01,1720.65,63.66,332.19,48.58,154.89,45.29,42.10,24.43,74.88,13.80,3259.41,298.81,3.60,0.47,53.21,5.01,7.78,2.20,0.00,0.00,45.76,3.82,26.16,3.68,0.00,0.00,0.00,0.00,58.08,8.04,10.91,4.55,29307.86,384.79,2010.05,1910.45,548.47,16406.13,689.81,9.81,7.63,744.15,73.38,1539.71,246.96,2407.54,89.07,554.26,81.06,276.51,80.85,61.53,35.71,107.59,19.83,4660.12,427.22,4.58,0.60,66.61,6.27,9.68,2.74,0.00,0.00,54.12,4.52,35.34,4.97,0.00,0.00,0.00,0.00,62.56,8.66,12.38,5.16
44.30,44.3,21/11/2025 12:35:34,-3.000,39.482,,16.0,830763.0,583285.0,986462.77,0.00,0.00,1036.31,280.87,5303.64,239.88,34.87,38.47,316.39,28.02,897.18,155.10,1829.29,63.36,350.96,49.00,140.83,44.10,62.05,27.10,93.10,16.70,3272.46,300.32,3.73,0.48,52.40,4.93,8.83,2.21,0.09,0.17,40.94,3.58,22.01,3.58,0.45,3.92,0.00,0.00,60.86,7.95,10.83,4.46,23792.79,0.00,0.00,1958.07,530.69,11346.26,513.18,79.90,88.15,790.00,69.96,1080.75,186.83,2559.55,88.65,585.57,81.76,251.41,78.73,90.69,39.61,133.77,24.00,4678.78,429.38,4.75,0.61,65.59,6.17,10.99,2.75,0.12,0.22,48.42,4.23,29.73,4.84,0.60,5.23,0.00,0.00,65.56,8.56,12.29,5.06
44.40,44.4,21/11/2025 12:36:08,-2.846,39.943,,16.0,817297.0,581468.0,987181.03,130.56,1198.48,873.84,258.36,4730.75,218.80,36.22,21.65,415.77,28.21,934.60,158.66,1808.24,62.49,309.01,45.77,100.57,42.88,73.75,29.03,58.85,10.99,3146.47,288.12,3.27,0.46,48.53,4.35,6.54,2.13,0.00,0.00,43.16,3.64,23.58,3.55,0.00,0.00,5.26,18.67,61.12,8.07,8.88,4.37,22389.15,216.50,1987.41,1651.09,488.16,10120.66,468.09,82.99,49.61,1038.14,70.44,1125.82,191.12,2530.10,87.44,515.58,76.37,179.54,76.55,107.79,42.43,84.56,15.79,4498.65,411.94,4.16,0.59,60.75,5.45,8.14,2.65,0.00,0.00,51.04,4.30,31.85,4.80,0.00,0.00,5.87,20.85,65.84,8.69,10.07,4.96
44.50,44.5,21/11/2025 12:36:51,-2.914,40.540,,16.0,814307.0,582581.0,987428.80,167.32,1123.97,692.90,225.02,4688.82,216.69,31.03,35.98,386.19,27.57,957.15,161.43,1722.84,61.75,298.52,45.18,147.59,43.63,59.86,26.44,121.82,21.17,3096.40,283.22,3.48,0.46,53.43,5.14,9.78,2.22,0.00,0.00,46.06,3.77,22.97,3.48,0.00,0.00,1.96,18.63,53.59,7.89,9.47,4.27,21907.38,277.46,1863.85,1309.21,425.17,10030.96,463.57,71.10,82.44,964.28,68.84,1152.99,194.46,2410.61,86.40,498.08,75.38,263.48,77.89,87.49,38.64,175.04,30.42,4427.06,404.93,4.43,0.59,66.88,6.43,12.17,2.76,0.00,0.00,54.47,4.46,31.03,4.70,0.00,0.00,2.19,20.80,57.73,8.50,10.74,4.84
44.60,44.6,21/11/2025 12:37:17,-2.012,41.730,1181233.290,16.1,799012.0,577969.0,988590.93,83.84,1194.51,688.48,227.47,4341.07,204.24,9.49,34.61,288.77,26.25,906.15,154.06,1558.19,59.32,282.78,43.37,96.58,42.01,67.90,27.64,77.66,13.96,2787.59,253.50,3.86,0.46,78.89,10.37,8.51,2.13,0.00,0.00,38.83,3.44,18.57,3.42,1.03,3.74,8.00,18.30,56.00,7.77,6.86,4.22,19845.71,139.03,1980.83,1300.86,429.80,9287.00,436.94,21.75,79.30,721.03,65.54,1091.55,185.58,2180.23,83.00,471.82,72.36,172.41,75.00,99.24,40.40,111.58,20.06,3985.54,362.44,4.91,0.59,98.75,12.98,10.59,2.65,0.00,0.00,45.92,4.07,25.08,4.62,1.37,4.99,8.93,20.43,60.32,8.37,7.78,4.79
44.70,44.7,21/11/2025 12:37:52,-2.013,41.659,,16.1,782031.0,572179.0,990076.02,148.47,1110.69,756.14,228.37,3446.57,170.79,16.70,10.45,305.65,25.73,916.74,154.72,1202.26,55.11,234.64,39.50,115.52,41.64,75.79,28.87,51.63,9.60,2439.34,220.06,3.29,0.44,71.56,8.86,10.07,2.12,0.00,0.00,32.27,3.08,21.00,3.35,0.35,3.67,12.18,17.96,55.94,7.68,7.88,4.09,17162.63,246.20,1841.83,1428.70,431.50,7373.37,365.38,38.27,23.94,763.18,64.25,1104.31,186.38,1682.21,77.11,391.50,65.91,206.22,74.34,110.77,42.20,74.18,13.79,3487.63,314.63,4.19,0.56,89.58,11.09,12.53,2.64,0.00,0.00,38.16,3.64,28.37,4.53,0.47,4.89,13.60,20.05,60.26,8.27,8.94,4.64
44.80,44.8,21/11/2025 12:38:26,-3.248,40.340,,16.2,767752.0,564637.0,990706.60,90.50,1048.05,591.57,201.10,3161.01,159.09,43.36,34.61,289.65,24.97,730.00,130.70,1331.45,55.84,237.39,39.56,108.34,40.92,71.06,27.72,44.05,8.24,2407.18,216.95,3.45,0.44,65.78,7.66,8.41,2.06,0.00,0.00,33.44,3.13,19.78,3.27,0.63,3.62,0.26,17.69,49.52,7.42,6.56,4.08,16018.87,150.07,1737.96,1117.75,379.97,6762.46,340.35,99.35,79.30,723.23,62.35,879.36,157.44,1862.97,78.13,396.08,66.01,193.41,73.05,103.86,40.51,63.29,11.84,3441.65,310.18,4.39,0.56,82.34,9.59,10.47,2.56,0.00,0.00,39.55,3.70,26.72,4.42,0.84,4.83,0.29,19.75,53.34,7.99,7.44,4.63
44.90,44.9,21/11/2025 12:39:01,-3.916,42.983,,16.2,777107.0,569715.0,989856.54,165.00,1126.47,518.99,195.20,2951.68,151.98,26.63,32.95,270.50,24.81,676.46,124.91,1672.93,59.37,423.61,51.92,151.75,41.83,54.76,24.92,116.01,19.82,2897.72,263.97,3.35,0.44,80.60,10.79,7.18,2.12,0.00,0.00,41.18,3.49,18.82,3.35,0.77,3.74,0.00,0.00,55.97,7.68,9.55,4.22,17088.71,273.62,1868.00,980.61,368.82,6314.63,325.14,61.02,75.50,675.41,61.95,814.87,150.47,2340.77,83.07,706.79,86.63,270.90,74.67,80.03,36.42,166.69,28.48,4143.00,377.41,4.26,0.56,100.89,13.51,8.94,2.64,0.00,0.00,48.70,4.13,25.42,4.53,1.03,4.99,0.00,0.00,60.29,8.27,10.83,4.79
45.00,45.0,21/11/2025 12:39:44,-3.541,42.917,,16.2,771711.0,567649.0,991026.29,95.98,1109.43,596.72,201.83,2621.06,138.91,30.83,32.68,420.80,26.76,699.97,128.37,1489.85,57.65,224.51,39.02,80.34,41.11,43.17,23.35,43.94,8.36,2449.47,221.13,3.41,0.44,51.10,4.91,8.28,2.03,0.00,0.00,35.86,3.23,18.35,3.26,0.00,0.00,0.89,18.00,47.73,7.39,11.47,4.17,15300.69,159.16,1839.74,1127.48,381.35,5607.33,297.18,70.64,74.88,1050.70,66.82,843.19,154.64,2084.61,80.66,374.59,65.10,143.42,73.39,63.10,34.13,63.13,12.01,3502.11,316.16,4.34,0.56,63.97,6.15,10.31,2.53,0.00,0.00,42.41,3.82,24.79,4.40,0.00,0.00,0.99,20.10,51.42,7.96,13.01,4.73
45.10,45.1,21/11/2025 12:40:19,-2.435,41.862,1181233.554,16.2,762985.0,569000.0,991304.42,149.10,1029.90,420.68,169.69,2537.38,134.67,42.01,33.22,295.30,24.67,665.91,122.85,1333.43,55.65,283.46,42.32,128.29,40.78,77.16,28.81,69.24,12.30,2486.85,224.57,3.72,0.45,71.22,8.82,10.40,2.06,0.00,0.00,34.07,3.14,21.63,3.32,0.20,3.64,1.16,17.53,54.81,7.54,9.55,4.15,14689.48,247.25,1707.86,794.86,320.62,5428.31,288.10,96.26,76.12,737.34,61.60,802.16,147.99,1865.74,77.87,472.95,70.61,229.02,72.80,112.77,42.11,99.49,17.67,3555.56,321.08,4.73,0.57,89.15,11.04,12.95,2.56,0.00,0.00,40.29,3.71,29.22,4.48,0.27,4.85,1.30,19.57,59.04,8.12,10.83,4.71
45.20,45.2,21/11/2025 12:40:53,-1.555,43.116,,16.3,751370.0,562817.0,990538.53,86.53,1081.57,400.10,168.20,3546.19,172.20,10.15,30.48,267.89,23.99,890.09,149.08,1404.82,55.85,224.24,38.22,139.46,41.14,65.42,26.56,35.65,6.75,2198.11,196.76,3.48,0.44,56.89,5.93,7.81,2.01,0.00,0.00,34.70,3.14,27.19,3.38,0.63,3.57,2.86,17.54,50.68,7.33,8.57,4.04,16360.10,143.49,1793.54,755.97,317.81,7586.49,368.39,23.26,69.84,668.90,59.90,1072.21,179.58,1965.63,78.15,374.14,63.77,248.96,73.44,95.62,38.82,51.22,9.70,3142.73,281.32,4.43,0.56,71.21,7.42,9.72,2.50,0.00,0.00,41.04,3.71,36.73,4.57,0.84,4.76,3.19,19.58,54.59,7.90,9.72,4.58
45.30,45.3,21/11/2025 12:41:28,-0.727,44.240,,16.3,753935.0,563396.0,990797.29,133.22,1117.95,460.69,177.56,2594.76,136.66,19.24,31.02,294.27,24.32,768.37,134.26,1479.85,56.76,238.44,39.21,138.05,41.10,55.44,24.77,66.95,11.94,2750.64,249.85,3.18,0.43,65.80,7.59,9.18,2.09,0.00,0.00,36.67,3.29,19.51,3.29,0.00,0.00,5.14,17.55,55.38,7.56,7.92,4.07,15413.64,220.92,1853.87,870.46,335.49,5551.06,292.36,44.09,71.08,734.76,60.72,925.58,161.73,2070.62,79.42,397.84,65.42,246.44,73.37,81.03,36.20,96.20,17.16,3932.71,357.22,4.05,0.55,82.37,9.50,11.43,2.60,0.00,0.00,43.37,3.89,26.35,4.44,0.00,0.00,5.74,19.59,59.66,8.14,8.98,4.62
45.40,45.4,21/11/2025 12:41:54,-1.656,44.965,,16.3,745997.0,560586.0,990833.99,147.05,1027.21,559.27,188.66,2924.18,148.59,20.92,30.16,262.63,23.60,780.56,135.21,1417.72,55.81,255.76,40.23,107.22,40.31,59.09,25.35,35.03,6.64,2437.90,219.73,3.08,0.42,38.50,3.03,7.30,2.04,0.00,0.00,30.23,2.97,17.52,3.19,1.18,3.58,1.53,17.47,51.77,7.28,7.56,4.05,15612.67,243.85,1703.40,1056.72,356.47,6255.80,317.88,47.94,69.11,655.76,58.93,940.27,162.87,1983.68,78.09,426.73,67.12,191.41,71.96,86.36,37.05,50.33,9.54,3485.57,314.16,3.92,0.53,48.19,3.79,9.09,2.54,0.00,0.00,35.75,3.51,23.67,4.31,1.57,4.77,1.71,19.51,55.77,7.84,8.58,4.59
45.50,45.5,21/11/2025 12:42:46,-1.252,51.711,,16.3,743755.0,560154.0,990553.61,142.27,1054.26,582.97,193.42,3108.03,155.45,5.84,29.79,249.31,23.33,901.28,149.89,1366.23,55.02,270.83,41.29,126.53,40.68,52.53,24.21,43.44,8.07,2436.87,219.60,3.45,0.44,35.93,2.70,8.46,2.04,0.00,0.00,33.73,3.13,20.40,3.23,0.04,3.57,1.88,17.48,49.57,7.38,6.78,4.00,16111.38,235.92,1748.25,1101.50,365.46,6649.12,332.56,13.38,68.26,622.50,58.25,1085.69,180.56,1911.64,76.98,451.88,68.89,225.88,72.62,76.78,35.38,62.42,11.60,3484.10,313.97,4.39,0.56,44.98,3.38,10.53,2.54,0.00,0.00,39.89,3.70,27.56,4.36,0.05,4.76,2.10,19.52,53.40,7.95,7.69,4.54
45.60,45.6,21/11/2025 12:43:12,-0.373,49.598,1181230.844,16.3,745090.0,561635.0,991751.39,123.52,1050.68,367.54,157.93,2201.95,120.37,35.65,30.91,245.28,23.24,695.91,124.80,1263.73,53.83,295.49,42.44,158.76,40.82,72.74,27.76,70.00,12.35,2546.31,230.23,3.35,0.43,30.60,2.09,10.45,2.07,0.00,0.00,35.93,3.18,19.58,3.26,1.61,3.53,8.38,17.30,53.70,7.31,8.15,3.94,13737.65,204.83,1742.32,694.45,298.40,4710.71,257.51,81.69,70.83,612.44,58.03,838.30,150.33,1768.22,75.32,493.02,70.81,283.42,72.87,106.31,40.57,100.58,17.74,3640.57,329.17,4.26,0.55,38.30,2.62,13.01,2.58,0.00,0.00,42.49,3.76,26.45,4.40,2.15,4.71,9.36,19.32,57.85,7.87,9.25,4.47
45.70,45.7,21/11/2025 12:43:46,0.961,53.562,,16.3,736946.0,559578.0,991771.78,137.62,1030.74,396.76,164.25,2571.47,135.01,20.22,29.73,340.34,24.54,685.58,123.66,1147.46,52.85,256.20,39.79,121.79,40.08,58.05,25.01,25.04,4.87,2314.23,207.96,3.15,0.42,26.71,1.71,7.58,2.02,0.00,0.00,31.94,2.99,19.96,3.21,0.87,3.51,3.86,17.25,51.18,7.32,8.22,3.99,14062.63,228.21,1709.25,749.66,310.34,5501.24,288.83,46.33,68.12,849.80,61.27,825.85,148.96,1605.53,73.95,427.47,66.39,217.42,71.55,84.84,36.55,35.98,7.00,3308.76,297.33,4.01,0.53,33.43,2.14,9.43,2.51,0.00,0.00,37.77,3.54,26.96,4.34,1.16,4.68,4.31,19.26,55.13,7.89,9.33,4.53
45.80,45.8,21/11/2025 12:44:21,0.656,53.567,,16.3,729846.0,556933.0,993059.60,92.42,1007.97,371.64,154.29,1918.18,108.15,37.39,31.09,313.81,23.71,536.45,105.96,1081.03,51.48,186.15,34.47,124.80,39.59,70.96,27.17,23.39,4.56,1996.07,177.78,3.45,0.43,62.25,7.10,8.64,1.96,0.00,0.00,32.49,3.01,21.45,3.19,0.00,0.00,3.06,16.94,51.22,7.21,5.56,3.87,11737.04,153.26,1671.49,702.20,291.53,4103.63,231.37,85.67,71.24,783.55,59.20,646.21,127.64,1512.58,72.03,310.59,57.51,222.79,70.68,103.71,39.71,33.61,6.55,2853.87,254.18,4.39,0.55,77.92,8.89,10.75,2.44,0.00,0.00,38.42,3.56,28.97,4.31,0.00,0.00,3.42,18.91,55.18,7.77,6.31,4.39
45.90,45.9,21/11/2025 12:44:55,0.693,55.880,,16.4,727348.0,553707.0,992764.62,66.92,996.49,465.99,170.53,1966.27,110.18,45.97,31.92,275.89,22.90,627.93,115.83,1089.24,51.48,188.82,34.44,129.18,39.70,61.50,25.42,77.31,19.23,2067.09,184.43,3.25,0.42,44.08,3.86,8.41,1.98,0.00,0.00,26.33,2.72,16.38,3.12,0.00,0.00,14.05,16.97,53.88,7.12,6.92,3.91,12179.29,110.97,1652.46,880.47,322.21,4206.51,235.71,105.33,73.14,688.87,57.18,756.41,139.53,1524.07,72.03,315.04,57.46,230.61,70.87,89.89,37.15,111.08,27.63,2955.41,263.69,4.14,0.53,55.18,4.83,10.47,2.46,0.00,0.00,31.14,3.22,22.13,4.21,0.00,0.00,15.69,18.95,58.04,7.67,7.85,4.44
46.00,46.0,21/11/2025 12:45:38,-0.013,54.817,,16.4,725999.0,555570.0,993703.44,86.04,983.55,393.40,154.77,1226.21,77.62,14.31,28.15,231.79,22.31,542.66,106.14,1138.07,51.97,166.45,32.90,106.64,39.28,55.30,24.24,27.50,5.27,2111.47,188.74,2.83,0.41,69.20,8.58,7.61,1.93,0.00,0.00,30.26,2.92,19.80,3.16,1.31,3.40,8.38,16.93,50.38,7.20,6.93,3.89,10209.65,142.68,1631.00,743.31,292.43,2623.27,166.06,32.79,64.50,578.76,55.71,653.69,127.86,1592.39,72.72,277.72,54.89,190.37,70.12,80.82,35.43,39.51,7.57,3018.86,269.85,3.60,0.52,86.62,10.74,9.47,2.40,0.00,0.00,35.79,3.45,26.75,4.27,1.75,4.53,9.36,18.90,54.27,7.76,7.86,4.41
46.10,46.1,21/11/2025 12:46:13,-0.663,54.224,1181230.644,16.4,721740.0,555923.0,993053.17,90.12,1005.73,255.72,130.17,1904.62,107.75,11.36,28.30,288.72,23.22,622.26,115.57,1121.97,51.50,165.37,32.59,85.09,38.99,51.44,23.67,10.77,2.19,2142.62,191.64,2.96,0.40,69.35,8.58,7.25,1.97,0.00,0.00,28.15,2.81,20.10,3.19,0.00,0.00,7.22,16.97,52.78,7.29,8.97,3.94,11590.63,149.44,1667.78,483.17,245.95,4074.62,230.51,26.03,64.85,720.91,57.98,749.58,139.22,1569.87,72.06,275.92,54.38,151.90,69.60,75.18,34.60,15.47,3.15,3063.40,274.00,3.77,0.51,86.81,10.74,9.02,2.45,0.00,0.00,33.29,3.32,27.15,4.31,0.00,0.00,8.06,18.95,56.86,7.85,10.18,4.47
46.20,46.2,21/11/2025 12:46:48,-1.157,55.551,,16.4,718925.0,553091.0,993628.14,29.40,1035.45,314.45,144.11,1428.11,87.18,20.28,28.60,221.65,22.11,568.48,108.74,1146.55,51.73,142.37,30.41,115.07,39.07,70.96,26.99,30.29,5.71,2117.99,189.23,3.11,0.41,41.30,3.48,7.67,1.97,0.00,0.00,27.35,2.76,18.80,3.15,0.00,0.00,14.39,16.74,45.07,7.03,8.57,3.88,10402.72,48.75,1717.06,594.14,272.29,3055.21,186.51,46.47,65.53,553.44,55.21,684.79,130.99,1604.26,72.38,237.54,50.74,205.42,69.75,103.71,39.45,43.52,8.20,3028.18,270.55,3.96,0.52,51.70,4.36,9.55,2.45,0.00,0.00,32.34,3.26,25.39,4.25,0.00,0.00,16.07,18.69,48.55,7.57,9.72,4.40
46.30,46.3,21/11/2025 12:47:22,-2.039,56.076,,16.4,717799.0,553764.0,993810.04,20.99,1060.85,278.53,135.14,1524.09,90.60,1.91,1.12,324.05,23.50,419.51,93.50,1077.74,51.11,157.72,31.90,92.53,38.97,53.11,23.86,6.89,1.42,2054.95,183.33,3.06,0.40,61.31,6.94,8.64,1.98,0.00,0.00,27.03,2.74,17.49,3.11,0.30,3.39,4.98,16.89,48.66,7.16,6.49,3.93,10315.08,34.81,1759.18,526.27,255.34,3260.54,193.82,4.38,2.57,809.12,58.68,505.34,112.63,1507.98,71.51,263.15,53.22,165.18,69.57,77.62,34.87,9.90,2.04,2938.05,262.11,3.89,0.51,76.75,8.69,10.75,2.46,0.00,0.00,31.97,3.24,23.62,4.20,0.40,4.52,5.56,18.86,52.42,7.71,7.36,4.46
46.40,46.4,21/11/2025 12:47:48,-2.660,54.293,,16.4,705792.0,548005.0,993324.73,79.47,998.14,432.01,163.67,2219.36,119.39,15.90,27.67,288.97,23.17,562.61,108.37,920.77,49.09,129.61,29.18,78.52,38.55,49.58,23.12,17.79,3.48,1685.88,148.35,2.84,0.40,74.24,9.83,8.34,1.96,0.00,0.00,25.31,2.63,18.58,3.08,0.00,0.00,5.77,16.76,51.13,7.08,8.59,3.90,11518.09,131.78,1655.19,816.27,309.25,4747.95,255.42,36.43,63.40,721.53,57.85,677.72,130.54,1288.35,68.69,216.25,48.69,140.17,68.82,72.46,33.79,25.56,5.00,2410.38,212.10,3.61,0.51,92.93,12.30,10.38,2.44,0.00,0.00,29.93,3.11,25.10,4.16,0.00,0.00,6.44,18.71,55.08,7.63,9.74,4.42
46.50,46.5,21/11/2025 12:48:31,-1.732,49.929,,16.4,705701.0,548731.0,993316.94,80.93,1008.86,325.58,140.59,1645.67,95.37,20.12,27.55,219.30,21.79,573.52,107.84,986.25,49.30,132.80,28.93,140.39,38.89,54.53,23.77,32.92,6.11,2292.40,205.80,3.13,0.42,45.24,4.05,8.17,2.05,0.00,0.00,27.61,2.75,17.37,3.13,0.08,3.40,15.31,16.46,53.69,7.23,8.04,3.90,11022.32,134.20,1672.97,615.17,265.64,3520.64,204.03,46.10,63.13,547.57,54.41,690.86,129.90,1379.97,68.98,221.58,48.27,250.62,69.43,79.70,34.74,47.30,8.78,3277.54,294.24,3.98,0.53,56.63,5.07,10.17,2.55,0.00,0.00,32.65,3.25,23.46,4.23,0.11,4.53,17.09,18.38,57.84,7.79,9.12,4.42
46.60,46.6,21/11/2025 12:49:06,-2.221,50.991,1181230.510,16.4,702329.0,548205.0,992679.09,149.28,1015.92,285.07,135.22,2269.71,121.87,14.86,27.37,209.88,21.59,446.27,95.00,1141.49,51.27,202.20,34.80,116.14,38.58,59.86,24.78,16.24,3.16,2206.53,197.46,3.27,0.42,70.64,8.84,8.05,1.97,0.00,0.00,24.87,2.65,20.09,3.17,0.00,0.00,12.81,16.58,56.11,7.39,7.52,3.93,12387.43,247.55,1684.68,538.63,255.49,4855.67,260.72,34.05,62.71,524.05,53.91,537.58,114.44,1597.18,71.74,337.37,58.06,207.33,68.87,87.49,36.22,23.33,4.54,3154.77,282.32,4.16,0.53,88.43,11.07,10.02,2.45,0.00,0.00,29.41,3.13,27.14,4.28,0.00,0.00,14.30,18.51,60.44,7.96,8.53,4.46
46.70,46.7,21/11/2025 12:49:40,-0.840,57.336,,16.5,700122.0,545398.0,992052.64,100.62,946.32,533.15,174.31,2716.20,138.06,37.73,29.82,249.78,22.27,645.62,116.95,1106.42,51.02,134.74,29.36,115.42,38.87,54.39,23.89,79.97,19.10,1998.85,177.68,3.06,0.41,49.53,4.72,7.49,1.92,0.00,0.00,25.98,2.69,20.33,3.17,0.42,3.44,8.85,16.65,49.55,7.19,9.26,3.93,13711.87,166.86,1569.26,1007.37,329.35,5810.86,295.36,86.45,68.33,623.68,55.61,777.72,140.88,1548.11,71.39,224.81,48.99,206.05,69.39,79.49,34.92,114.90,27.44,2857.84,254.04,3.89,0.52,62.00,5.91,9.32,2.39,0.00,0.00,30.72,3.18,27.46,4.28,0.56,4.59,9.88,18.59,53.38,7.75,10.50,4.46
46.80,46.8,21/11/2025 12:50:15,-0.919,51.386,,16.5,699044.0,546331.0,993777.95,79.08,949.69,366.34,148.02,1552.02,91.02,25.29,27.14,206.01,21.20,458.57,94.78,1062.25,50.04,134.92,29.25,101.91,38.12,68.85,26.38,3.20,0.66,1980.30,176.05,3.30,0.41,60.43,6.77,8.23,1.91,0.00,0.00,27.63,2.77,16.95,3.05,0.04,3.38,10.44,16.42,48.89,7.01,7.42,3.86,10316.69,131.14,1574.85,692.19,279.68,3320.29,194.72,57.95,62.19,514.39,52.93,552.40,114.17,1486.31,70.02,225.11,48.80,181.93,68.05,100.63,38.56,4.60,0.95,2831.32,251.71,4.20,0.52,75.64,8.47,10.24,2.38,0.00,0.00,32.68,3.28,22.90,4.12,0.05,4.51,11.66,18.33,52.67,7.55,8.42,4.38
46.90,46.9,21/11/2025 12:50:49,-0.648,50.590,,16.4,702488.0,549472.0,993386.04,76.11,982.27,254.25,125.09,2097.91,114.35,24.32,27.61,197.82,21.30,539.42,105.46,982.05,49.72,164.59,32.29,97.26,38.64,46.30,22.62,13.77,2.74,1950.41,173.27,3.19,0.40,53.17,5.39,9.14,1.96,0.00,0.00,27.10,2.76,16.81,3.12,0.00,0.00,4.71,16.73,51.26,7.18,4.38,3.85,11194.76,126.21,1628.87,480.40,236.35,4488.13,244.63,55.73,63.26,493.94,53.18,649.79,127.04,1374.09,69.57,274.62,53.88,173.63,68.98,67.67,33.06,19.79,3.94,2788.59,247.73,4.06,0.51,66.56,6.75,11.38,2.44,0.00,0.00,32.05,3.26,22.71,4.21,0.00,0.00,5.26,18.68,55.22,7.73,4.97,4.37
47.00,47.0,21/11/2025 12:51:33,-0.993,53.305,,16.4,702985.0,551925.0,993027.70,58.46,1002.36,427.48,162.83,1968.77,109.15,20.40,27.57,289.78,22.81,446.76,95.38,1076.72,50.52,186.28,33.89,110.28,38.79,60.37,24.95,54.11,9.58,2090.77,186.48,3.06,0.41,59.99,6.64,8.79,2.02,0.00,0.00,30.06,2.91,18.78,3.14,0.23,3.42,6.00,16.70,48.48,7.15,6.73,3.92,11812.16,96.94,1662.19,807.71,307.66,4211.86,233.51,46.74,63.17,723.55,56.95,538.17,114.90,1506.55,70.69,310.81,56.55,196.87,69.25,88.23,36.47,77.75,13.76,2989.27,266.62,3.89,0.52,75.09,8.31,10.94,2.51,0.00,0.00,35.55,3.44,25.37,4.24,0.31,4.56,6.70,18.65,52.22,7.70,7.63,4.45
47.10,47.1,21/11/2025 12:52:07,-1.103,42.260,1181231.500,16.4,702377.0,551455.0,991507.49,80.22,997.53,465.92,169.15,3346.16,161.79,36.64,29.05,252.95,22.26,776.24,132.95,1006.64,50.09,170.50,32.96,120.58,39.32,41.21,21.99,78.74,19.22,1956.04,173.65,3.16,0.42,47.18,4.33,9.06,1.97,0.00,0.00,25.91,2.71,17.63,3.18,0.07,3.45,1.49,16.84,49.42,7.16,6.75,3.90,14892.23,133.03,1654.18,880.34,319.60,7158.56,346.12,83.96,66.56,631.59,55.58,935.06,160.15,1408.50,70.09,284.48,54.99,215.26,70.19,60.23,32.14,113.14,27.62,2796.64,248.28,4.02,0.53,59.06,5.42,11.28,2.45,0.00,0.00,30.64,3.20,23.81,4.30,0.09,4.60,1.66,18.80,53.24,7.71,7.66,4.42
47.20,47.2,21/11/2025 12:52:42,-1.018,45.830,,16.5,692231.0,547452.0,992062.86,77.12,900.12,625.18,191.08,3256.50,158.65,8.78,26.89,233.40,21.63,581.70,109.08,971.11,49.21,150.64,30.59,119.43,38.65,60.17,24.79,22.02,4.18,1664.06,146.05,3.19,0.41,44.11,3.90,6.78,1.91,0.00,0.00,28.09,2.78,18.47,3.13,0.77,3.41,9.47,16.53,48.12,7.02,8.01,3.87,14099.99,127.89,1492.65,1181.25,361.04,6966.74,339.41,20.12,61.61,582.78,54.01,700.72,131.40,1358.78,68.85,251.34,51.04,213.20,69.00,87.94,36.23,31.64,6.01,2379.18,208.81,4.06,0.52,55.22,4.88,8.44,2.38,0.00,0.00,33.22,3.29,24.95,4.23,1.03,4.55,10.57,18.46,51.84,7.56,9.09,4.39
47.30,47.3,21/11/2025 12:53:16,-0.521,35.776,,16.4,698729.0,551065.0,992581.50,147.99,990.46,524.74,176.29,2329.79,123.11,9.26,26.65,188.55,21.17,436.71,93.21,1105.63,50.59,136.85,29.54,110.61,38.43,66.80,26.02,51.27,9.06,2141.93,191.28,3.22,0.41,42.25,3.60,8.08,1.91,0.00,0.00,27.82,2.83,17.76,3.15,0.94,3.44,8.75,16.49,54.33,7.30,5.21,3.89,12645.06,245.41,1642.46,991.48,333.09,4984.20,263.37,21.22,61.06,470.79,52.86,526.06,112.28,1547.00,70.79,228.33,49.29,197.46,68.60,97.63,38.03,73.67,13.02,3062.41,273.48,4.10,0.52,52.89,4.51,10.06,2.38,0.00,0.00,32.90,3.35,23.99,4.25,1.25,4.59,9.77,18.41,58.53,7.86,5.91,4.41
47.40,47.4,21/11/2025 12:53:42,-1.098,35.319,,16.4,695695.0,551824.0,994378.64,109.86,926.55,343.09,139.88,1177.73,74.24,31.67,28.34,261.36,21.86,290.61,78.26,978.46,48.98,98.55,25.49,120.21,38.46,75.74,27.70,20.38,3.91,1975.41,175.61,3.18,0.41,26.31,1.69,7.53,1.91,0.00,0.00,23.97,2.60,14.89,3.08,1.59,3.36,7.39,16.38,47.96,7.03,5.46,3.92,9300.67,182.18,1536.48,648.26,264.30,2519.56,158.82,72.57,64.94,652.59,54.58,350.07,94.27,1369.07,68.53,164.43,42.53,214.60,68.66,110.70,40.49,29.28,5.62,2824.33,251.08,4.05,0.52,32.93,2.12,9.37,2.38,0.00,0.00,28.35,3.07,20.11,4.16,2.12,4.48,8.25,18.29,51.66,7.57,6.19,4.45
47.50,47.5,21/11/2025 12:54:25,-3.205,28.440,,16.4,697003.0,558386.0,995390.10,61.17,945.05,183.91,101.54,617.36,56.28,17.25,25.95,218.69,21.18,63.07,46.46,837.21,47.20,41.25,15.59,99.91,37.81,65.61,25.56,30.91,5.77,2216.15,198.77,3.34,0.42,53.77,5.55,6.03,1.85,0.00,0.00,20.64,2.45,11.50,3.03,0.90,3.39,9.75,16.21,46.73,6.99,4.73,3.82,7345.46,101.44,1567.15,347.49,191.86,1320.74,120.40,39.53,59.46,546.05,52.88,75.97,55.97,1171.43,66.04,68.83,26.01,178.36,67.50,95.89,37.36,44.41,8.29,3168.53,284.19,4.25,0.53,67.31,6.95,7.51,2.30,0.00,0.00,24.41,2.90,15.53,4.09,1.20,4.52,10.89,18.10,50.34,7.53,5.37,4.33
47.60,47.6,21/11/2025 12:55:00,-2.171,28.438,1181230.908,16.4,704459.0,564466.0,994809.61,61.68,925.29,225.45,110.40,647.87,56.85,15.09,25.85,202.67,21.07,9.25,20.80,836.64,47.60,63.79,20.28,112.32,38.20,52.98,23.41,87.69,14.88,2727.44,247.95,3.03,0.41,41.24,3.46,7.13,1.89,0.00,0.00,21.27,2.49,8.39,3.06,1.13,3.51,11.38,16.34,49.39,7.25,4.58,3.88,8220.04,102.28,1534.39,425.98,208.60,1386.01,121.62,34.58,59.23,506.05,52.61,11.14,25.06,1170.63,66.60,106.43,33.84,200.51,68.19,77.43,34.22,126.00,21.38,3899.54,354.50,3.86,0.52,51.62,4.33,8.87,2.35,0.00,0.00,25.15,2.94,11.33,4.13,1.51,4.68,12.71,18.24,53.20,7.81,5.20,4.40
47.70,47.7,21/11/2025 12:55:35,-3.435,28.436,,16.3,705961.0,570674.0,994297.87,125.16,971.84,207.53,110.34,742.81,60.07,29.30,27.34,213.62,21.18,110.66,56.95,928.10,48.21,110.73,26.85,130.21,38.62,65.38,25.66,16.28,3.20,2892.02,263.81,3.38,0.43,21.44,1.24,7.68,1.97,0.00,0.00,20.68,2.47,11.34,3.14,0.22,3.57,10.64,16.39,51.34,7.32,3.61,3.88,9044.26,207.55,1611.58,392.12,208.48,1589.12,128.51,67.14,62.65,533.39,52.88,133.30,68.60,1298.60,67.46,184.75,44.80,232.45,68.94,95.56,37.50,23.39,4.60,4134.85,377.18,4.30,0.55,26.84,1.55,9.56,2.45,0.00,0.00,24.46,2.92,15.32,4.24,0.29,4.76,11.88,18.30,55.30,7.89,4.10,4.40
47.80,47.8,21/11/2025 12:56:09,-1.525,18.449,,16.3,706526.0,577588.0,994749.32,0.00,0.00,310.46,128.27,601.08,55.28,38.13,27.92,253.55,21.42,0.00,0.00,788.34,46.96,50.10,17.67,106.63,38.27,66.59,25.90,18.13,3.55,2854.11,260.32,3.42,0.44,66.58,7.99,6.95,1.95,0.00,0.00,15.48,2.22,6.74,3.08,1.42,3.59,10.20,16.38,48.84,7.29,3.93,3.90,8368.10,0.00,0.00,586.60,242.36,1285.91,118.26,87.37,63.97,633.09,53.48,0.00,0.00,1103.05,65.71,83.59,29.48,190.35,68.32,97.33,37.85,26.05,5.10,4080.65,372.19,4.35,0.56,83.34,10.00,8.65,2.43,0.00,0.00,18.31,2.63,9.10,4.16,1.89,4.79,11.39,18.29,52.61,7.85,4.46,4.42
47.90,47.9,21/11/2025 12:56:44,-2.080,16.268,,16.3,707155.0,582876.0,994676.96,92.36,998.38,90.82,66.48,627.82,56.24,38.77,28.64,279.39,22.06,2.84,20.62,685.11,45.58,62.48,20.05,121.81,38.36,63.72,25.30,30.86,5.81,3072.57,281.47,3.31,0.44,66.18,7.86,7.25,1.96,0.00,0.00,7.81,1.64,6.87,3.11,1.88,3.67,8.73,16.31,49.09,7.27,3.36,3.96,8452.06,153.16,1655.59,171.60,125.61,1343.12,120.32,88.84,65.62,697.61,55.08,3.42,24.84,958.61,63.78,104.25,33.45,217.45,68.48,93.13,36.98,44.34,8.35,4392.99,402.43,4.21,0.56,82.84,9.84,9.02,2.44,0.00,0.00,9.24,1.94,9.28,4.20,2.51,4.89,9.75,18.21,52.88,7.83,3.81,4.49
48.00,48.0,21/11/2025 12:57:27,-0.687,14.083,,16.3,700489.0,580934.0,995638.01,30.02,956.10,82.65,60.62,570.25,53.48,38.40,28.03,308.32,22.21,40.81,37.73,635.88,45.14,23.99,12.11,75.25,37.59,62.36,25.05,8.32,1.69,2335.53,210.38,3.47,0.43,55.42,5.87,7.56,1.94,0.00,0.00,7.49,1.58,6.51,3.02,1.26,3.58,13.21,16.29,52.02,7.13,3.27,3.82,7016.32,49.78,1585.48,156.16,114.54,1219.96,114.41,87.99,64.23,769.85,55.46,49.16,45.45,889.73,63.16,40.03,20.21,134.34,67.11,91.14,36.61,11.95,2.43,3339.21,300.79,4.42,0.55,69.37,7.35,9.41,2.41,0.00,0.00,8.86,1.87,8.79,4.08,1.68,4.77,14.75,18.19,56.04,7.68,3.71,4.33
48.10,48.1,21/11/2025 12:58:01,-1.040,17.858,1181232.296,16.3,699905.0,583119.0,995893.10,37.68,957.56,255.63,117.76,451.42,49.74,34.14,27.66,304.23,22.20,0.00,0.00,588.74,44.30,38.74,15.16,69.16,37.78,55.31,23.81,29.46,5.57,2112.12,189.05,3.24,0.42,34.16,2.59,6.55,1.95,0.00,0.00,4.93,1.28,14.55,3.16,1.15,3.57,9.22,16.42,53.26,7.14,3.19,3.75,6657.25,62.48,1587.90,483.00,222.50,965.74,106.41,78.23,63.38,759.63,55.43,0.00,0.00,823.77,61.98,64.64,25.29,123.46,67.44,80.84,34.80,42.33,8.00,3019.79,270.29,4.12,0.53,42.76,3.24,8.15,2.43,0.00,0.00,5.83,1.51,19.65,4.27,1.53,4.76,10.29,18.33,57.37,7.69,3.62,4.25
48.20,48.2,21/11/2025 12:58:36,-1.209,10.450,,16.3,695241.0,582112.0,996240.05,113.07,939.34,91.44,65.78,429.47,49.25,31.91,26.93,257.75,21.29,0.00,0.00,570.41,44.08,15.51,12.04,91.21,37.62,55.91,23.71,18.28,3.55,1951.51,173.71,3.16,0.41,40.75,3.49,6.49,1.88,0.00,0.00,3.61,1.16,5.25,3.01,1.84,3.51,18.31,16.19,49.80,7.04,4.27,3.78,6036.57,187.50,1557.68,172.77,124.29,918.78,105.36,73.12,61.71,643.58,53.16,0.00,0.00,798.12,61.68,25.88,20.09,162.83,67.16,81.72,34.65,26.27,5.10,2790.16,248.36,4.02,0.52,51.01,4.37,8.08,2.34,0.00,0.00,4.27,1.37,7.09,4.07,2.45,4.68,20.44,18.08,53.65,7.58,4.84,4.29
48.30,48.3,21/11/2025 12:59:02,-2.662,11.108,,16.3,699116.0,585422.0,995771.40,51.04,923.90,274.15,119.45,452.39,49.19,35.23,27.69,315.17,22.41,0.00,0.00,665.53,45.22,10.91,12.08,114.72,38.25,61.56,24.88,63.87,11.17,2067.10,184.69,3.56,0.43,22.63,1.37,5.91,1.88,0.00,0.00,7.43,1.54,4.04,3.01,0.67,3.57,19.13,16.31,49.05,7.07,4.53,3.79,6864.19,84.64,1532.08,518.00,225.70,967.81,105.23,80.72,63.45,786.95,55.96,0.00,0.00,931.21,63.27,18.20,20.16,204.80,68.28,89.97,36.36,91.77,16.05,2955.42,264.06,4.53,0.55,28.33,1.71,7.36,2.34,0.00,0.00,8.79,1.82,5.46,4.07,0.89,4.76,21.36,18.21,52.84,7.62,5.14,4.30
48.40,48.4,21/11/2025 12:59:36,-1.460,11.708,,16.3,697791.0,593867.0,996144.35,83.26,999.01,43.02,47.03,454.87,49.72,33.33,27.43,277.36,21.82,0.00,0.00,629.50,44.78,30.82,12.84,106.54,37.92,59.35,24.42,59.22,10.45,1944.45,173.08,3.53,0.43,38.53,3.17,6.54,1.89,0.00,0.00,4.13,1.17,2.53,2.99,2.17,3.63,20.85,16.25,51.86,7.24,3.77,3.82,6191.18,138.07,1656.63,81.28,88.86,973.12,106.37,76.37,62.85,692.54,54.48,0.00,0.00,880.80,62.66,51.42,21.42,190.19,67.69,86.74,35.69,85.09,15.01,2780.07,247.46,4.49,0.55,48.23,3.97,8.14,2.35,0.00,0.00,4.88,1.38,3.42,4.04,2.89,4.84,23.28,18.14,55.86,7.80,4.28,4.33
48.50,48.5,21/11/2025 13:00:20,-1.976,7.145,,16.2,699111.0,599689.0,996020.27,106.84,889.17,198.11,101.32,405.38,47.87,21.94,25.88,277.98,21.87,0.00,0.00,555.54,43.95,26.29,12.22,88.39,37.99,51.80,23.16,34.94,6.51,2084.01,186.36,3.60,0.43,51.96,5.28,8.32,1.91,0.00,0.00,3.51,1.13,1.11,3.01,2.08,3.66,5.72,16.36,49.64,7.14,2.57,3.79,6398.76,177.17,1474.49,374.32,191.44,867.24,102.41,50.27,59.30,694.09,54.61,0.00,0.00,777.31,61.50,43.86,20.39,157.79,67.82,75.71,33.85,50.20,9.35,2979.60,266.45,4.58,0.55,65.04,6.61,10.36,2.38,0.00,0.00,4.15,1.34,1.50,4.07,2.77,4.88,6.39,18.27,53.47,7.69,2.92,4.30
48.60,48.6,21/11/2025 13:00:54,-2.030,8.662,1181230.972,16.2,697779.0,598200.0,995817.49,67.72,941.97,241.71,112.55,437.36,48.64,37.87,27.91,290.28,22.04,0.00,0.00,573.54,44.01,15.82,12.05,97.72,37.91,66.16,25.74,16.22,3.20,2221.42,199.46,3.51,0.43,26.65,1.74,7.57,1.93,0.00,0.00,3.87,1.15,1.95,3.02,0.83,3.67,16.21,16.27,52.11,7.14,4.01,3.72,6749.99,112.30,1562.05,456.70,212.66,935.66,104.06,86.77,63.95,724.80,55.03,0.00,0.00,802.50,61.58,26.40,20.11,174.45,67.68,96.70,37.62,23.31,4.60,3176.06,285.18,4.47,0.55,33.36,2.18,9.42,2.40,0.00,0.00,4.58,1.36,2.63,4.08,1.11,4.89,18.10,18.17,56.13,7.69,4.55,4.22
48.70,48.7,21/11/2025 13:01:29,-1.946,9.657,,16.3,697983.0,592780.0,996068.69,124.80,944.07,96.65,67.04,412.92,48.18,21.32,25.99,273.92,21.65,0.00,0.00,551.04,43.77,22.34,12.16,94.98,37.98,43.65,21.82,76.93,13.25,2061.12,184.19,3.68,0.43,64.89,7.82,7.12,1.90,0.00,0.00,6.87,1.51,3.46,3.01,1.45,3.62,9.70,16.31,50.07,7.16,4.42,3.79,6284.09,206.95,1565.53,182.62,126.67,883.37,103.07,48.85,59.55,683.95,54.06,0.00,0.00,771.02,61.24,37.27,20.29,169.56,67.80,63.80,31.89,110.54,19.04,2946.87,263.34,4.68,0.55,81.23,9.79,8.86,2.36,0.00,0.00,8.12,1.79,4.67,4.07,1.93,4.83,10.83,18.21,53.94,7.71,5.01,4.30
48.80,48.8,21/11/2025 13:02:03,-0.994,9.920,,16.3,696503.0,591031.0,996126.12,107.83,939.45,140.54,83.14,379.19,46.32,28.44,26.24,288.22,21.85,0.00,0.00,478.81,43.31,5.88,12.05,66.36,37.45,50.79,22.93,64.09,11.20,2101.13,188.01,3.28,0.42,60.36,6.88,7.65,1.87,0.00,0.00,5.76,1.39,4.46,3.00,1.56,3.62,22.28,16.32,53.70,7.18,3.53,3.72,6199.92,178.81,1557.87,265.55,157.09,811.21,99.09,65.17,60.13,719.66,54.56,0.00,0.00,669.95,60.60,9.81,20.11,118.46,66.86,74.23,33.51,92.09,16.09,3004.08,268.81,4.17,0.53,75.56,8.61,9.52,2.33,0.00,0.00,6.81,1.64,6.02,4.05,2.08,4.83,24.88,18.22,57.85,7.73,4.00,4.22
48.90,48.9,21/11/2025 13:02:38,-0.622,13.094,,16.2,699238.0,599592.0,996192.63,0.00,0.00,143.40,84.95,359.86,46.45,28.18,27.08,312.35,22.54,0.00,0.00,524.63,43.49,27.32,12.27,50.81,37.63,28.29,19.92,50.54,9.10,2176.88,195.31,3.42,0.42,32.70,2.42,5.68,1.86,0.00,0.00,3.03,1.15,1.69,3.04,1.65,3.67,4.05,16.47,49.34,7.08,3.54,3.68,6104.10,0.00,0.00,270.95,160.51,769.86,99.37,64.57,62.05,779.91,56.28,0.00,0.00,734.07,60.85,45.58,20.47,90.71,67.18,41.35,29.11,72.62,13.08,3112.38,279.24,4.35,0.53,40.93,3.03,7.07,2.32,0.00,0.00,3.58,1.36,2.28,4.11,2.20,4.89,4.52,18.39,53.15,7.63,4.02,4.17
49.00,49.0,21/11/2025 13:03:21,-0.978,7.935,,16.2,696441.0,598320.0,996243.19,91.35,940.05,93.18,64.24,394.05,47.17,26.88,26.45,278.58,21.86,0.00,0.00,506.31,43.25,22.71,12.10,100.68,37.94,54.46,23.57,52.81,9.42,2008.34,179.18,3.40,0.42,41.74,3.63,7.76,1.93,0.00,0.00,3.49,1.16,1.54,3.00,2.07,3.64,15.73,16.28,50.04,7.02,1.69,3.71,6029.26,151.48,1558.86,176.06,121.38,843.00,100.91,61.59,60.61,695.59,54.58,0.00,0.00,708.43,60.52,37.89,20.19,179.73,67.73,79.60,34.45,75.88,13.54,2871.41,256.18,4.33,0.53,52.25,4.54,9.66,2.40,0.00,0.00,4.13,1.37,2.08,4.05,2.76,4.85,17.56,18.18,53.90,7.56,1.92,4.21
49.10,49.1,21/11/2025 13:03:56,-1.191,7.602,1181231.966,16.2,696199.0,597042.0,996143.74,31.31,943.55,130.89,79.76,408.99,47.68,30.20,26.30,258.65,21.26,0.00,0.00,574.80,44.15,10.65,12.11,83.21,37.74,63.68,25.26,20.62,4.01,2111.22,188.94,3.73,0.43,51.72,5.24,6.62,1.93,0.00,0.00,2.97,1.17,2.09,3.00,1.13,3.66,12.86,16.28,48.34,7.13,2.59,3.76,6155.94,51.92,1564.67,247.31,150.70,874.97,102.00,69.20,60.26,645.82,53.08,0.00,0.00,804.26,61.77,17.77,20.21,148.55,67.37,93.07,36.92,29.63,5.76,3018.50,270.14,4.75,0.55,64.74,6.56,8.24,2.40,0.00,0.00,3.51,1.38,2.82,4.05,1.51,4.88,14.36,18.18,52.07,7.68,2.94,4.27
49.20,49.2,21/11/2025 13:04:30,-1.414,7.603,,16.3,694210.0,595523.0,996230.19,0.00,0.00,108.05,70.53,419.41,48.52,39.73,28.52,313.37,22.28,0.00,0.00,515.64,43.28,48.32,17.41,77.89,37.71,48.60,22.63,15.47,3.07,2054.61,183.62,3.32,0.42,50.94,5.12,6.58,1.92,0.00,0.00,3.75,1.17,7.46,3.04,1.58,3.65,4.05,16.34,46.83,7.00,4.21,3.78,6099.43,0.00,0.00,204.16,133.26,897.26,103.80,91.04,65.35,782.45,55.63,0.00,0.00,721.49,60.56,80.62,29.05,139.05,67.32,71.03,33.08,22.23,4.41,2937.57,262.53,4.23,0.53,63.77,6.41,8.19,2.39,0.00,0.00,4.43,1.38,10.08,4.11,2.11,4.87,4.52,18.24,50.45,7.54,4.78,4.29
49.30,49.3,21/11/2025 13:04:56,-4.345,7.671,,16.3,692635.0,596155.0,996388.23,136.58,919.73,108.62,71.90,393.49,47.57,15.79,25.24,239.33,21.05,0.00,0.00,463.04,42.72,1.94,12.01,78.55,37.58,65.64,25.57,35.72,6.60,1935.66,172.26,3.02,0.41,51.80,5.28,8.01,1.89,0.00,0.00,3.07,1.15,3.26,2.98,2.84,3.61,12.68,16.24,50.20,7.03,2.55,3.71,5775.01,226.49,1525.17,205.23,135.85,841.81,101.77,36.18,57.83,597.58,52.56,0.00,0.00,647.89,59.77,3.24,20.04,140.23,67.09,95.94,37.37,51.32,9.48,2767.50,246.29,3.84,0.52,64.84,6.61,9.97,2.35,0.00,0.00,3.63,1.36,4.40,4.03,3.79,4.81,14.16,18.13,54.08,7.57,2.89,4.21
49.40,49.4,21/11/2025 13:05:31,-2.599,12.165,,16.3,692581.0,592244.0,996600.35,82.67,970.10,161.68,94.76,334.95,45.34,29.15,26.49,254.01,21.35,0.00,0.00,485.09,42.93,25.72,12.03,96.39,37.67,43.69,21.79,74.81,18.51,1712.02,151.25,3.31,0.41,20.89,1.22,6.22,1.83,0.00,0.00,3.65,1.14,2.14,2.92,3.40,3.57,9.10,16.19,47.17,6.92,3.58,3.73,5487.88,137.09,1608.69,305.49,179.05,716.57,97.00,66.79,60.70,634.24,53.31,0.00,0.00,678.74,60.07,42.91,20.07,172.07,67.25,63.86,31.85,107.49,26.60,2447.75,216.25,4.21,0.52,26.15,1.53,7.74,2.28,0.00,0.00,4.32,1.35,2.89,3.94,4.53,4.76,10.16,18.08,50.81,7.45,4.06,4.23
49.50,49.5,21/11/2025 13:06:14,-2.299,8.794,,16.3,695557.0,589676.0,996263.55,136.78,894.31,209.45,103.72,381.18,46.96,12.35,25.23,266.29,21.64,0.00,0.00,482.21,43.01,19.03,12.09,51.67,37.51,44.08,21.97,40.30,7.43,1988.25,177.34,3.31,0.41,30.61,2.18,6.94,1.91,0.00,0.00,3.19,1.13,1.33,2.95,2.27,3.57,7.00,16.38,45.16,6.92,5.05,3.76,6016.91,226.82,1483.01,395.75,195.98,815.47,100.46,28.30,57.81,664.90,54.03,0.00,0.00,674.71,60.18,31.75,20.17,92.24,66.96,64.43,32.11,57.90,10.68,2842.69,253.55,4.21,0.52,38.32,2.73,8.64,2.38,0.00,0.00,3.77,1.34,1.80,3.98,3.03,4.76,7.82,18.29,48.65,7.45,5.73,4.27
49.60,49.6,21/11/2025 13:06:48,-2.100,2.442,1181239.375,16.3,696728.0,586127.0,996096.46,112.68,920.90,155.68,89.81,382.33,47.62,5.26,25.35,270.21,21.57,0.00,0.00,547.49,44.07,18.47,12.13,102.20,38.04,52.46,23.23,31.67,5.94,2092.30,187.13,3.19,0.41,45.92,4.26,7.22,1.93,0.00,0.00,5.64,1.37,3.57,3.01,1.75,3.56,14.11,16.29,47.63,6.94,3.75,3.83,6234.29,186.85,1527.11,294.15,169.69,817.93,101.88,12.05,58.09,674.69,53.86,0.00,0.00,766.05,61.66,30.82,20.24,182.45,67.91,76.67,33.95,45.50,8.53,2991.45,267.55,4.06,0.52,57.48,5.33,8.99,2.40,0.00,0.00,6.67,1.62,4.82,4.07,2.33,4.75,15.75,18.19,51.31,7.48,4.25,4.34
49.70,49.7,21/11/2025 13:07:23,-2.156,8.661,,16.3,694585.0,586300.0,996008.59,49.71,941.56,126.27,78.76,404.18,47.71,45.46,28.78,301.50,22.14,0.00,0.00,544.46,43.78,25.05,12.05,90.22,37.65,36.64,20.77,40.22,7.38,2189.10,196.35,3.72,0.43,44.88,4.08,7.06,1.85,0.00,0.00,9.89,1.78,4.46,3.00,2.40,3.53,15.22,16.24,46.94,7.00,4.00,3.75,6411.25,82.43,1561.37,238.58,148.81,864.68,102.07,104.17,65.95,752.82,55.28,0.00,0.00,761.81,61.26,41.80,20.11,161.06,67.21,53.55,30.36,57.79,10.60,3129.85,280.73,4.73,0.55,56.18,5.11,8.79,2.30,0.00,0.00,11.70,2.11,6.02,4.05,3.20,4.71,16.99,18.13,50.56,7.54,4.54,4.25
49.80,49.8,21/11/2025 13:07:58,-1.387,1.649,,16.3,696852.0,590907.0,996079.91,65.99,949.16,147.60,86.18,372.56,46.39,32.90,27.18,299.04,22.11,0.00,0.00,557.51,44.01,12.57,12.05,72.13,37.47,54.87,23.62,63.60,11.10,2116.04,189.40,3.16,0.40,38.51,3.15,6.94,1.92,0.00,0.00,4.13,1.18,1.91,3.00,0.89,3.60,19.79,16.27,46.34,7.02,3.61,3.77,6279.81,109.43,1573.97,278.88,162.83,797.03,99.24,75.39,62.28,746.67,55.21,0.00,0.00,780.07,61.58,20.97,20.11,128.77,66.89,80.20,34.52,91.38,15.95,3025.40,270.79,4.02,0.51,48.21,3.94,8.64,2.39,0.00,0.00,4.88,1.40,2.58,4.05,1.19,4.80,22.10,18.17,49.92,7.56,4.10,4.28
49.90,49.9,21/11/2025 13:08:32,-0.423,7.208,,16.3,697756.0,592950.0,996098.01,55.79,926.93,168.83,93.15,409.76,47.79,33.04,27.25,261.18,21.58,0.00,0.00,587.20,44.11,22.94,12.17,60.39,37.64,65.62,25.70,73.76,12.74,2028.66,181.12,3.27,0.41,54.21,5.69,6.31,1.88,0.00,0.00,7.69,1.60,1.79,3.02,2.12,3.59,10.71,16.40,46.32,6.86,2.37,3.75,6244.78,92.52,1537.11,319.00,176.00,876.61,102.24,75.71,62.44,652.14,53.88,0.00,0.00,821.61,61.72,38.28,20.31,107.81,67.19,95.91,37.56,105.98,18.31,2900.46,258.96,4.16,0.52,67.86,7.12,7.85,2.34,0.00,0.00,9.09,1.89,2.42,4.08,2.83,4.79,11.96,18.31,49.90,7.39,2.69,4.25
50.00,50.0,21/11/2025 13:09:15,-2.217,1.519,,16.3,700067.0,591106.0,996058.04,88.92,925.45,115.63,73.83,417.25,48.38,9.37,25.32,240.99,21.24,0.00,0.00,570.72,44.17,75.64,22.37,90.73,38.04,58.26,24.37,56.93,10.13,2111.43,189.01,3.30,0.41,18.73,1.04,7.47,1.93,0.00,0.00,10.45,1.80,6.00,3.00,0.94,3.57,9.11,16.43,46.16,7.00,3.92,3.79,6277.25,147.45,1534.65,218.48,139.50,892.64,103.50,21.47,58.02,601.73,53.03,0.00,0.00,798.55,61.80,126.20,37.32,161.97,67.91,85.15,35.62,81.80,14.56,3018.80,270.24,4.20,0.52,23.45,1.30,9.30,2.40,0.00,0.00,12.36,2.13,8.10,4.05,1.25,4.76,10.17,18.34,49.72,7.54,4.45,4.30
50.10,50.1,21/11/2025 13:09:50,-0.951,7.668,1181231.636,16.2,699513.0,597338.0,996003.38,89.11,883.82,192.05,97.64,524.66,51.77,27.02,26.45,244.00,21.43,0.00,0.00,535.36,43.88,14.02,12.07,93.83,37.99,65.76,25.67,14.38,2.86,2085.86,186.58,3.18,0.42,30.16,2.12,6.10,1.92,0.00,0.00,5.28,1.33,2.03,3.00,0.89,3.64,11.40,16.31,48.57,7.10,2.96,3.69,6471.19,147.77,1465.62,362.87,184.49,1122.42,110.75,61.91,60.61,609.24,53.51,0.00,0.00,749.08,61.40,23.39,20.14,167.50,67.82,96.11,37.52,20.66,4.11,2982.25,266.76,4.05,0.53,37.75,2.65,7.59,2.39,0.00,0.00,6.24,1.57,2.74,4.05,1.19,4.85,12.73,18.21,52.32,7.65,3.36,4.19
50.20,50.2,21/11/2025 13:10:24,-1.941,10.118,,16.2,702410.0,598030.0,996127.92,49.19,955.04,97.77,68.02,440.88,49.04,43.83,28.47,246.78,21.26,0.00,0.00,502.35,43.71,14.93,12.15,90.27,38.06,56.19,23.94,17.83,3.52,2205.10,198.01,3.41,0.42,21.65,1.28,6.90,1.88,0.00,0.00,3.38,1.16,2.04,2.98,2.19,3.63,16.53,16.39,48.06,7.05,2.79,3.71,6198.63,81.57,1583.72,184.73,128.52,943.19,104.91,100.43,65.24,616.19,53.08,0.00,0.00,702.89,61.16,24.91,20.27,161.15,67.94,82.12,34.99,25.62,5.06,3152.73,283.10,4.34,0.53,27.10,1.60,8.59,2.34,0.00,0.00,4.00,1.37,2.76,4.03,2.92,4.84,18.46,18.30,51.77,7.59,3.17,4.21
50.30,50.3,21/11/2025 13:10:50,-1.879,10.380,,16.2,705955.0,597973.0,995947.11,37.70,916.97,235.20,107.46,384.12,46.51,37.98,28.07,282.31,22.02,0.00,0.00,514.00,43.77,50.76,18.11,100.12,38.45,49.39,22.91,29.00,5.57,2220.16,199.48,3.32,0.42,34.11,2.58,5.84,1.91,0.02,0.15,6.22,1.44,2.85,3.00,3.09,3.62,5.67,16.52,47.03,7.04,3.99,3.73,6522.40,62.52,1520.59,444.40,203.04,821.76,99.50,87.03,64.32,704.90,54.98,0.00,0.00,719.19,61.24,84.69,30.22,178.73,68.64,72.19,33.48,41.67,8.00,3174.26,285.21,4.23,0.53,42.70,3.23,7.27,2.38,0.03,0.20,7.36,1.70,3.85,4.05,4.12,4.83,6.33,18.44,50.66,7.58,4.53,4.23
50.40,50.4,21/11/2025 13:11:25,-1.329,8.201,,16.2,708411.0,599350.0,995951.50,65.68,980.49,157.90,93.09,471.14,50.58,21.03,26.04,265.32,21.80,0.00,0.00,557.66,44.70,22.73,12.27,86.47,38.19,52.22,23.33,42.64,7.87,2200.98,197.66,3.10,0.42,20.65,1.20,6.91,1.89,0.00,0.00,6.03,1.42,3.35,2.99,1.28,3.63,13.86,16.47,46.63,7.09,2.92,3.76,6503.63,108.92,1625.92,298.35,175.89,1007.93,108.21,48.19,59.67,662.48,54.43,0.00,0.00,780.28,62.54,37.92,20.47,154.36,68.18,76.32,34.10,61.27,11.31,3146.84,282.60,3.95,0.53,25.85,1.50,8.60,2.35,0.00,0.00,7.13,1.68,4.53,4.04,1.71,4.84,15.47,18.39,50.23,7.64,3.31,4.27
50.50,50.5,21/11/2025 13:12:08,-1.510,8.593,,16.2,714001.0,602520.0,995997.78,128.13,962.35,214.14,107.43,410.51,48.68,17.07,25.86,258.44,21.76,0.00,0.00,546.01,44.38,18.16,12.33,75.58,38.41,60.40,24.88,40.01,7.43,2114.42,189.44,3.69,0.43,29.72,2.07,6.91,1.87,0.00,0.00,7.14,1.52,4.18,3.05,1.52,3.66,12.85,16.63,50.01,7.16,3.31,3.80,6416.36,212.47,1595.84,404.61,202.98,878.22,104.14,39.11,59.25,645.30,54.33,0.00,0.00,763.98,62.10,30.30,20.57,134.92,68.57,88.28,36.36,57.49,10.68,3023.08,270.85,4.70,0.55,37.20,2.59,8.60,2.33,0.00,0.00,8.44,1.80,5.65,4.12,2.03,4.88,14.35,18.57,53.87,7.71,3.75,4.31
50.60,50.6,21/11/2025 13:12:43,-1.863,9.123,1181231.834,16.2,716025.0,599397.0,996047.44,95.43,982.31,97.80,67.90,418.97,48.13,28.00,27.03,305.45,22.43,0.00,0.00,531.08,44.49,12.78,12.37,83.72,38.66,58.77,24.64,35.77,6.74,2167.65,194.54,3.19,0.41,18.50,1.03,7.13,1.90,0.00,0.00,12.09,1.93,5.13,3.03,2.56,3.66,11.84,16.68,51.65,7.20,5.06,3.79,6351.87,158.25,1628.94,184.79,128.29,896.32,102.97,64.16,61.94,762.68,56.01,0.00,0.00,743.09,62.25,21.32,20.64,149.46,69.02,85.90,36.01,51.40,9.68,3099.18,278.14,4.06,0.52,23.16,1.29,8.87,2.36,0.00,0.00,14.30,2.28,6.93,4.09,3.41,4.88,13.22,18.62,55.64,7.76,5.74,4.30
50.70,50.7,21/11/2025 13:13:17,-1.863,13.425,,16.2,715461.0,603532.0,995949.64,51.00,928.19,220.30,107.81,513.61,52.27,18.85,25.96,312.30,22.54,0.00,0.00,559.87,45.02,15.94,12.35,91.34,38.70,53.41,23.75,27.46,5.34,2057.20,184.09,3.49,0.42,24.48,1.53,7.94,1.89,0.00,0.00,10.41,1.83,9.62,3.11,3.24,3.68,17.05,16.69,49.88,7.11,2.96,3.73,6605.11,84.57,1539.20,416.25,203.70,1098.78,111.82,43.19,59.48,779.78,56.28,0.00,0.00,783.37,62.99,26.60,20.61,163.06,69.09,78.06,34.71,39.46,7.67,2941.27,263.20,4.44,0.53,30.64,1.92,9.88,2.35,0.00,0.00,12.31,2.16,12.99,4.20,4.32,4.91,19.04,18.63,53.73,7.66,3.36,4.23
50.80,50.8,21/11/2025 13:13:17,-1.823,15.011,,16.2,709600.0,597777.0,996069.96,110.94,917.86,356.84,137.92,385.93,47.29,23.04,26.20,298.68,22.02,0.00,0.00,553.32,44.35,16.41,12.30,71.82,38.32,70.81,26.89,6.04,1.26,1914.93,170.49,3.25,0.42,38.56,3.18,6.19,1.89,0.11,0.15,6.96,1.51,4.59,2.97,1.26,3.58,12.67,16.62,44.20,6.71,3.48,3.73,6404.31,183.97,1522.07,674.24,260.59,825.63,101.17,52.79,60.03,745.78,54.98,0.00,0.00,774.21,62.05,27.38,20.52,128.21,68.41,103.49,39.30,8.68,1.81,2737.86,243.76,4.14,0.53,48.27,3.98,7.70,2.35,0.15,0.20,8.23,1.79,6.20,4.01,1.68,4.77,14.15,18.56,47.61,7.23,3.95,4.23
50.90,50.9,21/11/2025 13:14:26,-1.236,15.471,,16.2,706121.0,599070.0,996279.65,59.67,927.71,128.76,80.32,398.06,47.77,19.59,25.83,261.12,21.61,0.00,0.00,531.34,44.03,11.42,12.11,69.30,37.88,61.82,25.04,40.01,7.41,2025.79,180.97,3.19,0.42,25.98,1.68,6.46,1.86,0.00,0.00,7.86,1.57,4.91,3.00,2.32,3.60,13.93,16.44,45.18,6.93,3.63,3.73,5953.11,98.95,1538.40,243.29,151.76,851.58,102.20,44.89,59.19,651.99,53.96,0.00,0.00,743.45,61.61,19.05,20.21,123.71,67.62,90.35,36.60,57.49,10.65,2896.36,258.74,4.06,0.53,32.52,2.10,8.04,2.32,0.00,0.00,9.30,1.86,6.63,4.05,3.09,4.80,15.55,18.36,48.67,7.47,4.12,4.23
51.00,51.0,21/11/2025 13:15:10,-3.335,14.018,,16.2,708088.0,600372.0,995978.49,122.35,966.73,121.42,78.23,373.60,46.92,37.59,28.60,325.29,22.89,0.00,0.00,543.67,44.12,20.81,12.29,67.21,38.06,60.11,24.81,78.60,18.88,2161.33,193.89,3.42,0.42,30.65,2.17,5.85,1.85,0.00,0.00,5.31,1.33,3.29,3.01,2.31,3.65,7.78,16.53,47.74,6.97,3.20,3.76,6463.81,202.89,1603.10,229.42,147.81,799.26,100.38,86.13,65.53,812.22,57.15,0.00,0.00,760.71,61.73,34.72,20.51,119.98,67.94,87.85,36.26,112.94,27.13,3090.15,277.21,4.35,0.53,38.37,2.72,7.28,2.30,0.00,0.00,6.28,1.57,4.44,4.07,3.08,4.87,8.69,18.46,51.43,7.51,3.63,4.27
51.10,51.1,21/11/2025 13:15:44,-3.830,22.551,1181231.239,16.2,707606.0,597070.0,996207.32,37.16,959.82,85.10,63.05,404.93,48.43,37.70,27.79,242.20,21.29,0.00,0.00,587.50,44.64,20.12,12.29,68.28,37.96,58.74,24.45,54.23,9.70,2081.47,186.23,3.03,0.40,32.57,2.40,7.44,1.93,0.00,0.00,4.68,1.21,2.05,3.00,2.03,3.63,9.96,16.46,50.72,7.08,2.79,3.70,6030.89,61.62,1591.65,160.79,119.13,866.28,103.61,86.38,63.68,604.75,53.16,0.00,0.00,822.03,62.46,33.57,20.51,121.89,67.77,85.85,35.74,77.92,13.94,2975.97,266.26,3.86,0.51,40.77,3.00,9.26,2.40,0.00,0.00,5.53,1.43,2.77,4.05,2.71,4.84,11.12,18.38,54.64,7.63,3.17,4.20
51.20,51.2,21/11/2025 13:16:19,-2.715,16.066,,16.3,709316.0,588392.0,995909.09,32.47,957.27,56.53,47.00,473.42,50.86,21.30,25.98,254.56,21.57,0.00,0.00,585.02,44.68,27.01,12.26,116.07,38.61,45.15,22.23,39.25,7.32,2294.76,206.62,3.37,0.42,39.58,3.29,7.03,1.92,0.00,0.00,11.09,1.90,14.94,3.14,0.15,3.61,16.59,16.48,49.29,7.04,3.34,3.80,6503.51,53.84,1587.42,106.81,88.80,1012.80,108.81,48.81,59.53,635.61,53.86,0.00,0.00,818.56,62.52,45.07,20.46,207.21,68.93,65.99,32.49,56.40,10.52,3280.92,295.41,4.29,0.53,49.55,4.12,8.75,2.39,0.00,0.00,13.12,2.25,20.18,4.24,0.20,4.81,18.52,18.40,53.10,7.58,3.79,4.31
51.30,51.3,21/11/2025 13:16:53,-1.530,21.029,,16.4,692235.0,567127.0,995700.76,67.89,906.46,73.16,54.12,631.21,56.02,21.73,26.18,231.73,20.91,37.56,35.76,733.80,45.70,65.02,20.50,72.46,37.46,68.83,26.22,3.10,0.64,2156.94,193.20,2.97,0.40,34.32,2.59,8.89,1.97,0.00,0.00,19.01,2.32,6.76,2.95,2.28,3.48,7.47,16.27,50.17,7.08,3.96,3.71,6887.66,112.58,1503.16,138.23,102.26,1350.37,119.85,49.79,59.99,578.61,52.21,45.24,43.08,1026.74,63.94,108.49,34.20,129.35,66.87,100.60,38.32,4.45,0.92,3083.87,276.23,3.78,0.51,42.96,3.24,11.07,2.45,0.00,0.00,22.48,2.74,9.13,3.98,3.04,4.64,8.34,18.17,54.04,7.63,4.49,4.21
51.40,51.4,21/11/2025 13:17:19,-1.931,14.610,,16.3,703732.0,576175.0,995291.42,102.38,961.81,174.96,96.22,583.06,54.26,18.91,25.53,289.37,21.92,0.00,0.00,783.45,46.88,57.70,19.24,74.32,37.79,46.48,22.39,88.74,15.11,2364.14,213.07,3.30,0.42,23.54,1.43,6.31,1.90,0.00,0.00,17.78,2.30,5.94,3.01,1.41,3.54,15.63,16.43,45.72,7.00,5.43,3.83,7559.59,169.77,1594.95,330.58,181.80,1247.36,116.08,43.33,58.50,722.53,54.73,0.00,0.00,1096.21,65.59,96.27,32.10,132.67,67.46,67.93,32.72,127.51,21.71,3380.11,304.64,4.20,0.53,29.47,1.79,7.85,2.36,0.00,0.00,21.03,2.72,8.02,4.07,1.88,4.72,17.45,18.34,49.25,7.54,6.16,4.34
51.50,51.5,21/11/2025 13:18:02,-1.824,13.289,,16.2,705267.0,590321.0,995765.67,53.91,935.32,157.03,89.90,475.78,50.96,15.12,25.76,227.37,21.17,0.00,0.00,609.52,44.80,27.34,12.26,103.22,38.22,62.34,25.06,74.59,12.91,2323.72,209.32,3.12,0.41,7.65,0.35,7.15,1.89,0.00,0.00,10.09,1.83,5.27,3.03,1.09,3.61,13.49,16.38,52.02,6.97,4.51,3.81,6728.82,89.40,1551.02,296.70,169.86,1017.85,109.02,34.65,59.03,567.72,52.86,0.00,0.00,852.84,62.68,45.62,20.46,184.27,68.23,91.11,36.63,107.17,18.55,3322.32,299.27,3.97,0.52,9.58,0.44,8.90,2.35,0.00,0.00,11.93,2.16,7.12,4.09,1.45,4.81,15.06,18.29,56.04,7.51,5.12,4.32
51.60,51.6,21/11/2025 13:18:37,-1.688,9.857,1181233.087,16.2,707630.0,597413.0,995726.66,0.00,0.00,179.88,97.78,469.29,50.12,18.48,25.88,274.39,21.88,4.26,20.50,571.64,44.38,27.75,12.25,107.45,38.44,68.49,26.31,34.09,6.40,2403.64,216.99,3.11,0.42,22.73,1.37,7.13,1.91,0.00,0.00,8.82,1.72,4.60,3.05,2.17,3.66,9.85,16.43,50.58,7.15,4.99,3.87,6832.05,0.00,0.00,339.88,184.75,1003.97,107.22,42.34,59.30,685.13,54.63,5.13,24.69,799.84,62.10,46.30,20.44,191.82,68.62,100.10,38.45,48.98,9.20,3436.59,310.24,3.96,0.53,28.45,1.71,8.87,2.38,0.00,0.00,10.43,2.03,6.21,4.12,2.89,4.88,11.00,18.34,54.49,7.70,5.66,4.39
51.70,51.7,21/11/2025 13:19:12,-3.562,9.524,,16.2,706194.0,598856.0,995802.63,0.00,0.00,100.90,66.44,434.34,48.60,39.46,28.04,273.09,21.75,0.00,0.00,551.25,44.24,26.74,12.27,115.62,38.50,57.41,24.19,23.45,4.55,2439.48,220.50,3.36,0.43,51.83,5.21,6.69,1.87,0.00,0.00,5.19,1.32,3.03,3.06,0.92,3.69,9.15,16.40,51.57,7.29,3.89,3.96,6679.03,0.00,0.00,190.65,125.54,929.20,103.97,90.42,64.25,681.88,54.31,0.00,0.00,771.31,61.90,44.62,20.47,206.40,68.73,83.91,35.36,33.69,6.54,3487.83,315.26,4.28,0.55,64.88,6.52,8.33,2.33,0.00,0.00,6.14,1.56,4.09,4.13,1.23,4.92,10.22,18.31,55.55,7.85,4.41,4.49
51.80,51.8,21/11/2025 13:19:46,-2.546,13.690,,16.3,701960.0,590105.0,995505.34,76.13,949.65,221.78,109.00,458.05,49.48,18.05,25.16,308.72,22.17,0.00,0.00,578.12,44.32,24.62,12.18,106.53,38.27,49.72,22.85,34.42,6.45,2482.51,224.56,3.15,0.41,52.78,5.37,6.41,1.90,0.00,0.00,7.48,1.60,4.67,3.05,2.72,3.63,9.26,16.36,46.14,7.15,3.40,3.80,7209.79,126.24,1574.78,419.05,205.95,979.92,105.85,41.36,57.65,770.84,55.36,0.00,0.00,808.91,62.01,41.08,20.32,190.18,68.32,72.67,33.40,49.46,9.27,3549.35,321.06,4.01,0.52,66.07,6.72,7.98,2.36,0.00,0.00,8.85,1.89,6.31,4.12,3.63,4.84,10.34,18.27,49.70,7.70,3.86,4.31
51.90,51.9,21/11/2025 13:20:21,-1.732,13.425,,16.3,701863.0,580873.0,995863.38,0.00,0.00,195.56,102.47,360.24,46.38,23.69,26.32,235.59,21.15,0.00,0.00,552.09,43.94,29.86,12.70,51.23,37.56,71.16,26.83,46.59,8.48,2450.24,221.52,2.70,0.40,34.00,2.56,6.54,1.95,0.00,0.00,9.03,1.74,7.47,3.04,3.27,3.60,6.42,16.42,47.45,7.12,3.49,3.81,6512.14,0.00,0.00,369.50,193.61,770.67,99.22,54.28,60.31,588.25,52.81,0.00,0.00,772.49,61.48,49.82,21.19,91.46,67.05,104.00,39.21,66.94,12.18,3503.22,316.72,3.44,0.51,42.56,3.20,8.14,2.43,0.00,0.00,10.68,2.06,10.09,4.11,4.36,4.80,7.17,18.33,51.11,7.67,3.96,4.32
52.00,52.0,21/11/2025 13:21:04,-0.704,12.698,,16.4,694583.0,567522.0,995075.29,116.11,960.05,213.03,107.30,763.17,59.83,33.33,27.02,241.06,21.16,53.37,42.85,756.40,46.32,60.47,19.75,59.97,37.49,41.21,21.49,15.37,3.03,2416.20,218.00,3.06,0.41,53.34,5.46,6.94,1.93,0.00,0.00,14.85,2.15,8.43,3.03,0.54,3.50,11.97,16.37,50.28,7.21,5.60,3.88,7956.32,192.54,1592.03,402.51,202.74,1632.68,128.00,76.37,61.91,601.90,52.83,64.29,51.62,1058.36,64.81,100.89,32.95,107.06,66.93,60.23,31.41,22.08,4.35,3454.55,311.68,3.89,0.52,66.77,6.83,8.64,2.40,0.00,0.00,17.56,2.54,11.39,4.09,0.72,4.67,13.36,18.28,54.16,7.77,6.35,4.40
52.10,52.1,21/11/2025 13:21:38,-0.427,13.819,1181231.041,16.4,690188.0,565761.0,994713.39,52.30,977.58,274.28,123.87,889.39,64.04,12.23,25.90,296.10,22.72,24.20,28.09,870.60,47.58,96.12,25.06,49.15,37.47,50.96,23.15,77.10,18.64,2430.63,219.26,3.22,0.42,55.51,5.83,7.77,1.98,0.00,0.00,20.76,2.49,10.12,3.06,1.06,3.50,4.77,16.46,54.48,7.18,5.84,3.92,8624.41,86.73,1621.10,518.24,234.05,1902.70,137.00,28.02,59.35,739.33,56.73,29.15,33.84,1218.15,66.57,160.38,41.81,87.74,66.89,74.48,33.84,110.78,26.78,3475.18,313.49,4.10,0.53,69.49,7.30,9.67,2.46,0.00,0.00,24.55,2.94,13.67,4.13,1.41,4.67,5.33,18.38,58.69,7.73,6.63,4.45
52.20,52.2,21/11/2025 13:22:13,-0.293,12.232,,16.3,695653.0,576919.0,995285.13,0.00,0.00,228.64,109.52,644.14,55.89,21.17,25.78,277.42,21.62,4.54,20.34,752.47,46.33,47.00,17.04,81.54,37.69,65.95,25.68,32.86,6.09,2396.01,216.05,3.31,0.42,60.83,6.88,7.53,1.93,0.00,0.00,15.52,2.21,8.34,3.06,0.36,3.56,13.54,16.31,49.52,7.20,4.17,3.90,7595.86,0.00,0.00,432.01,206.93,1378.03,119.57,48.51,59.07,692.69,53.98,5.47,24.50,1052.86,64.83,78.42,28.43,145.56,67.28,96.39,37.53,47.21,8.75,3425.68,308.90,4.21,0.53,76.15,8.61,9.37,2.40,0.00,0.00,18.35,2.61,11.27,4.13,0.48,4.75,15.12,18.21,53.34,7.76,4.73,4.42
52.30,52.3,21/11/2025 13:22:48,-0.555,11.703,,16.3,697768.0,583758.0,994867.47,75.46,946.11,266.83,120.03,796.16,61.17,24.05,26.31,251.16,21.33,65.04,46.78,714.35,46.06,66.31,20.63,79.30,37.51,62.87,25.10,55.45,9.77,2512.10,227.19,3.60,0.44,59.37,6.56,7.66,1.94,0.00,0.00,15.36,2.21,7.36,3.13,1.80,3.65,12.75,16.26,52.61,7.27,2.92,3.90,8301.24,125.13,1568.91,504.17,226.79,1703.25,130.86,55.11,60.29,627.12,53.26,78.35,56.35,999.52,64.45,110.64,34.42,141.57,66.96,91.89,36.69,79.67,14.04,3591.66,324.82,4.58,0.56,74.32,8.21,9.53,2.41,0.00,0.00,18.16,2.61,9.94,4.23,2.40,4.87,14.24,18.15,56.67,7.83,3.31,4.42
52.40,52.4,21/11/2025 13:23:22,-0.555,12.760,,16.3,693870.0,582532.0,995498.19,105.95,976.38,126.63,80.70,605.78,55.29,26.04,26.73,295.25,22.08,0.42,20.45,640.40,44.78,24.41,12.14,66.26,37.49,54.69,23.60,80.27,18.72,2308.97,207.72,3.16,0.42,66.93,8.19,7.30,1.92,0.00,0.00,11.97,1.99,5.77,3.03,2.20,3.57,13.70,16.29,51.67,7.15,4.03,3.86,7257.18,175.69,1619.11,239.26,152.48,1295.97,118.28,59.67,61.25,737.21,55.13,0.51,24.63,896.05,62.66,40.73,20.26,118.29,66.93,79.93,34.49,115.34,26.90,3301.24,296.99,4.02,0.53,83.78,10.25,9.09,2.39,0.00,0.00,14.16,2.35,7.79,4.09,2.93,4.76,15.30,18.19,55.66,7.70,4.57,4.38
52.50,52.5,21/11/2025 13:23:22,-0.460,9.721,,16.3,698201.0,588662.0,995676.34,37.33,913.50,276.40,121.07,413.59,48.04,28.03,26.04,295.67,22.05,3.34,20.43,639.21,44.89,27.50,12.17,83.96,37.83,46.52,22.36,29.87,5.65,2307.89,207.76,3.27,0.42,48.53,4.66,5.89,1.88,0.00,0.00,8.87,1.72,6.59,3.05,1.16,3.59,7.89,16.35,46.90,7.06,5.23,3.87,6934.67,61.90,1514.83,522.25,228.76,884.81,102.77,64.23,59.67,738.26,55.06,4.02,24.61,894.39,62.81,45.88,20.31,149.88,67.53,67.99,32.68,42.92,8.12,3299.69,297.04,4.16,0.53,60.75,5.83,7.33,2.34,0.00,0.00,10.49,2.03,8.90,4.12,1.55,4.79,8.81,18.25,50.52,7.61,5.93,4.39
52.60,52.6,21/11/2025 13:24:31,-0.922,7.341,1181234.145,16.2,701392.0,599290.0,995835.80,126.33,959.25,50.29,45.58,395.73,47.40,33.27,27.42,285.51,21.78,0.00,0.00,512.35,43.43,8.06,12.13,48.98,37.55,65.72,25.69,38.85,7.17,2486.96,225.04,3.27,0.43,22.43,1.35,5.60,1.94,0.00,0.00,3.19,1.18,2.46,3.06,1.62,3.71,17.86,16.41,51.74,7.20,3.99,3.86,6594.26,209.49,1590.70,95.02,86.12,846.60,101.40,76.23,62.83,712.89,54.38,0.00,0.00,716.88,60.77,13.45,20.24,87.44,67.03,96.05,37.55,55.82,10.30,3555.72,321.75,4.16,0.55,28.08,1.69,6.97,2.41,0.00,0.00,3.77,1.40,3.32,4.13,2.16,4.95,19.94,18.32,55.74,7.76,4.53,4.38
52.70,52.7,21/11/2025 13:25:06,-1.236,5.295,,16.2,701939.0,602022.0,995824.37,5.21,948.10,177.42,95.44,398.37,47.35,46.64,29.11,261.64,21.42,0.00,0.00,574.86,44.26,28.19,12.24,115.28,38.44,50.56,23.02,12.26,2.47,2396.15,216.32,3.67,0.45,24.75,1.56,8.32,2.00,0.00,0.00,3.20,1.18,3.12,3.07,1.86,3.71,8.63,16.38,52.08,7.23,3.42,3.85,6656.95,8.64,1572.21,335.23,180.33,852.25,101.30,106.87,66.70,653.29,53.48,0.00,0.00,804.35,61.93,47.03,20.42,205.80,68.62,73.90,33.65,17.62,3.55,3425.88,309.28,4.67,0.57,30.98,1.95,10.36,2.49,0.00,0.00,3.78,1.40,4.21,4.15,2.48,4.95,9.64,18.29,56.10,7.79,3.88,4.37
52.80,52.8,21/11/2025 13:25:40,-0.963,6.882,,16.2,698382.0,600010.0,996227.92,0.00,0.00,173.84,92.88,395.22,46.75,19.98,25.20,255.05,21.21,0.00,0.00,518.32,43.46,14.80,12.03,94.20,37.85,56.89,23.99,42.25,7.71,2086.10,186.58,3.31,0.42,36.80,2.94,5.63,1.88,0.00,0.00,2.99,1.16,1.41,3.00,1.95,3.70,12.48,16.26,47.90,7.03,2.96,3.74,6035.34,0.00,0.00,328.46,175.49,845.51,100.01,45.78,57.74,636.84,52.96,0.00,0.00,725.24,60.81,24.69,20.07,168.16,67.57,83.15,35.06,60.71,11.08,2982.59,266.76,4.21,0.53,46.07,3.68,7.01,2.34,0.00,0.00,3.54,1.37,1.90,4.05,2.60,4.93,13.93,18.15,51.60,7.57,3.36,4.24
52.90,52.9,21/11/2025 13:26:15,0.034,4.235,,16.2,701910.0,598085.0,996324.53,0.00,0.00,55.72,45.23,345.87,45.45,31.81,27.15,259.19,21.43,0.00,0.00,484.31,43.14,4.57,12.07,103.73,38.23,62.41,25.10,11.20,2.27,2190.11,196.64,3.59,0.43,39.68,3.32,7.60,1.89,0.00,0.00,3.26,1.17,2.61,3.00,1.68,3.63,14.85,16.37,49.99,7.19,3.29,3.82,5821.81,0.00,0.00,105.28,85.46,739.93,97.23,72.89,62.21,647.17,53.51,0.00,0.00,677.65,60.36,7.63,20.14,185.18,68.25,91.22,36.69,16.09,3.26,3131.30,281.14,4.57,0.55,49.67,4.16,9.46,2.35,0.00,0.00,3.86,1.38,3.53,4.05,2.24,4.84,16.58,18.28,53.85,7.75,3.73,4.33
53.00,53.0,21/11/2025 13:26:58,-0.069,3.903,,16.2,699893.0,597555.0,995894.89,141.01,938.96,235.47,109.51,364.89,45.55,34.59,26.87,247.29,21.22,0.00,0.00,467.97,43.16,5.83,12.09,83.25,37.84,57.94,24.21,40.12,7.39,2282.48,205.39,3.50,0.43,52.36,5.33,7.66,1.94,0.00,0.00,4.72,1.25,1.16,3.03,1.81,3.64,20.07,16.36,48.88,7.15,4.11,3.83,6543.72,233.83,1557.05,444.91,206.92,780.62,97.45,79.26,61.57,617.46,52.98,0.00,0.00,654.79,60.39,9.73,20.17,148.62,67.55,84.68,35.38,57.65,10.62,3263.36,293.66,4.45,0.55,65.54,6.67,9.53,2.41,0.00,0.00,5.58,1.48,1.57,4.09,2.41,4.85,22.41,18.27,52.65,7.70,4.66,4.34
53.10,53.1,21/11/2025 13:27:33,-1.379,6.944,1181232.163,16.2,701480.0,600585.0,995738.45,51.83,931.53,107.53,71.13,433.01,48.73,33.20,27.67,296.77,22.15,0.00,0.00,508.31,43.55,12.28,12.15,87.18,38.13,59.33,24.52,79.57,18.77,2453.85,221.83,3.66,0.44,53.41,5.49,7.06,1.91,0.00,0.00,4.99,1.29,2.09,3.01,3.23,3.74,12.58,16.42,47.96,7.21,3.72,3.84,6792.59,85.95,1544.73,203.17,134.40,926.35,104.25,76.07,63.40,741.01,55.31,0.00,0.00,711.23,60.94,20.49,20.27,155.63,68.07,86.71,35.84,114.33,26.97,3508.38,317.16,4.66,0.56,66.86,6.87,8.79,2.38,0.00,0.00,5.90,1.53,2.82,4.07,4.31,4.99,14.05,18.33,51.66,7.77,4.22,4.36
53.20,53.2,21/11/2025 13:28:07,-2.423,5.754,,16.2,705906.0,605226.0,995732.95,127.62,966.30,166.21,92.24,344.07,45.37,29.33,26.97,235.88,21.06,0.00,0.00,434.92,42.82,17.79,12.21,62.83,37.87,59.79,24.68,45.77,8.34,2602.66,236.21,3.35,0.43,60.64,6.86,8.30,1.97,0.00,0.00,2.76,1.18,3.15,3.07,1.46,3.76,9.65,16.47,47.59,7.19,3.30,3.83,6708.36,211.63,1602.39,314.05,174.28,736.08,97.06,67.21,61.80,588.97,52.58,0.00,0.00,608.54,59.91,29.68,20.37,112.16,67.60,87.39,36.07,65.76,11.98,3721.14,337.72,4.26,0.55,75.91,8.59,10.33,2.45,0.00,0.00,3.26,1.40,4.25,4.15,1.95,5.01,10.77,18.39,51.26,7.75,3.74,4.34
53.30,53.3,21/11/2025 13:28:42,-2.642,6.615,,16.2,704924.0,604440.0,995679.00,19.79,950.31,134.23,81.29,342.21,45.53,33.07,27.84,294.16,22.21,0.00,0.00,541.48,44.14,12.71,12.17,48.34,37.66,60.05,24.72,43.05,7.91,2659.31,241.66,3.65,0.44,49.89,4.86,7.05,1.91,0.00,0.00,3.34,1.17,1.80,3.09,3.57,3.79,12.59,16.46,47.85,7.18,2.87,3.85,6801.58,32.82,1575.88,253.62,153.59,732.10,97.40,75.78,63.79,734.49,55.46,0.00,0.00,757.64,61.76,21.21,20.31,86.30,67.23,87.77,36.13,61.86,11.37,3802.13,345.51,4.64,0.56,62.45,6.08,8.78,2.38,0.00,0.00,3.95,1.38,2.43,4.17,4.76,5.05,14.06,18.38,51.54,7.73,3.26,4.37
53.40,53.4,21/11/2025 13:29:16,-3.235,8.330,,16.2,700776.0,606426.0,996234.58,45.78,949.21,96.36,66.91,364.69,46.19,30.07,26.94,268.46,21.64,0.00,0.00,509.10,43.31,26.15,12.14,80.52,37.76,60.79,24.75,43.71,7.99,2130.00,190.87,3.30,0.42,39.26,3.27,5.81,1.91,0.00,0.00,2.26,1.13,1.72,3.04,2.62,3.73,7.43,16.32,43.86,6.98,3.54,3.84,6002.74,75.92,1574.05,182.07,126.42,780.19,98.82,68.90,61.73,670.32,54.03,0.00,0.00,712.34,60.60,43.63,20.26,143.74,67.41,88.85,36.17,62.80,11.48,3045.35,272.90,4.20,0.53,49.14,4.09,7.23,2.38,0.00,0.00,2.67,1.34,2.32,4.11,3.49,4.97,8.30,18.22,47.25,7.52,4.02,4.36
53.50,53.5,21/11/2025 13:30:00,-3.101,8.269,,16.2,696763.0,605844.0,996588.28,12.65,950.87,51.59,46.92,360.34,46.28,39.86,27.96,237.92,21.16,0.00,0.00,505.23,43.31,24.08,12.04,76.38,37.60,42.61,21.67,35.15,6.56,1924.69,171.33,3.53,0.42,26.87,1.78,6.23,1.86,0.00,0.00,1.89,1.13,0.88,2.97,2.87,3.69,8.64,16.29,48.16,7.03,2.14,3.68,5439.87,20.98,1576.80,97.48,88.65,770.89,99.01,91.33,64.07,594.06,52.83,0.00,0.00,706.92,60.60,40.18,20.09,136.35,67.12,62.28,31.67,50.50,9.43,2751.81,244.96,4.49,0.53,33.64,2.23,7.75,2.32,0.00,0.00,2.24,1.34,1.19,4.01,3.83,4.92,9.65,18.19,51.88,7.57,2.43,4.17
53.60,53.6,21/11/2025 13:30:34,-3.130,6.280,1181232.496,16.2,695397.0,604228.0,996646.99,0.00,0.00,110.23,71.53,346.97,44.72,41.14,27.52,271.66,21.47,0.00,0.00,485.69,43.33,16.51,12.05,75.65,37.70,52.42,23.23,36.19,6.73,1786.02,158.23,3.30,0.42,51.78,5.31,7.70,1.92,0.00,0.00,3.87,1.15,1.52,2.97,1.18,3.66,8.89,16.31,50.01,7.11,2.29,3.65,5400.68,0.00,0.00,208.28,135.15,742.29,95.67,94.27,63.06,678.31,53.61,0.00,0.00,679.58,60.63,27.55,20.11,135.05,67.30,76.61,33.95,52.00,9.67,2553.55,226.23,4.20,0.53,64.82,6.65,9.58,2.39,0.00,0.00,4.58,1.36,2.05,4.01,1.57,4.88,9.93,18.21,53.87,7.66,2.60,4.14
53.70,53.7,21/11/2025 13:31:09,-2.999,5.753,,16.2,699122.0,603351.0,996476.15,48.60,946.40,63.84,49.82,319.61,45.12,16.97,25.70,280.17,21.53,0.00,0.00,588.75,44.39,10.14,12.09,63.05,37.65,54.73,23.68,24.82,4.77,1941.49,172.91,3.72,0.44,27.43,1.84,7.38,1.92,0.00,0.00,3.21,1.17,1.22,2.99,4.23,3.68,13.07,16.37,48.62,7.02,2.80,3.75,5597.64,80.59,1569.39,120.62,94.13,683.75,96.53,38.88,58.89,699.56,53.76,0.00,0.00,823.78,62.11,16.92,20.17,112.56,67.21,79.99,34.61,35.66,6.85,2775.83,247.22,4.73,0.56,34.34,2.30,9.19,2.39,0.00,0.00,3.80,1.38,1.65,4.04,5.64,4.91,14.59,18.28,52.37,7.56,3.18,4.25
53.80,53.8,21/11/2025 13:31:35,-2.224,6.279,,16.2,698888.0,603517.0,996306.36,88.80,973.01,134.63,84.24,406.41,48.24,17.64,25.69,268.09,21.75,0.00,0.00,584.91,44.08,16.90,12.11,78.31,37.76,64.45,25.44,0.60,0.13,1897.43,168.75,3.58,0.42,46.59,4.39,7.67,1.93,0.00,0.00,2.13,1.11,3.11,2.97,2.75,3.69,15.85,16.34,50.38,7.11,3.39,3.73,5933.82,147.25,1613.52,254.38,159.17,869.45,103.20,40.42,58.87,669.39,54.31,0.00,0.00,818.41,61.68,28.20,20.21,139.80,67.41,94.20,37.18,0.86,0.19,2712.84,241.27,4.56,0.53,58.32,5.50,9.55,2.40,0.00,0.00,2.52,1.31,4.20,4.01,3.67,4.92,17.70,18.24,54.27,7.66,3.85,4.23
53.90,53.9,21/11/2025 13:32:09,-2.433,6.017,,16.2,699035.0,602681.0,996314.12,63.00,958.09,196.26,103.71,441.36,49.40,26.62,26.51,255.71,21.55,0.00,0.00,537.02,43.70,11.45,12.16,53.76,37.71,61.53,24.91,27.21,5.19,1879.27,167.02,3.50,0.43,49.76,4.93,8.27,1.96,0.00,0.00,2.89,1.15,3.77,3.02,2.44,3.63,12.02,16.43,47.48,6.88,2.56,3.70,5957.64,104.47,1588.78,370.83,195.96,944.22,105.68,61.00,60.74,638.48,53.81,0.00,0.00,751.40,61.15,19.10,20.29,95.97,67.32,89.93,36.41,39.10,7.46,2686.87,238.80,4.45,0.55,62.29,6.17,10.29,2.44,0.00,0.00,3.42,1.36,5.09,4.08,3.25,4.84,13.42,18.34,51.15,7.41,2.90,4.20
54.00,54.0,21/11/2025 13:32:52,-0.570,7.275,,16.2,696874.0,597502.0,996662.91,89.37,919.37,74.38,55.96,363.59,46.42,36.42,27.82,238.13,21.21,0.00,0.00,464.33,42.97,10.70,12.09,51.98,37.45,54.60,23.65,24.51,4.72,1819.64,161.41,3.22,0.41,36.53,2.92,6.37,1.85,0.00,0.00,3.31,1.14,2.00,2.93,0.89,3.58,10.92,16.35,43.39,6.82,2.83,3.66,5349.30,148.20,1524.57,140.54,105.73,777.84,99.31,83.45,63.75,594.59,52.96,0.00,0.00,649.69,60.12,17.85,20.17,92.79,66.86,79.80,34.57,35.22,6.78,2601.62,230.77,4.10,0.52,45.73,3.66,7.93,2.30,0.00,0.00,3.91,1.35,2.70,3.96,1.19,4.77,12.19,18.25,46.74,7.35,3.21,4.15
54.10,54.1,21/11/2025 13:33:27,-0.294,8.530,1181232.033,16.3,697068.0,582944.0,996471.30,61.46,970.68,116.87,76.23,339.88,45.58,37.36,27.57,310.77,22.06,0.00,0.00,529.90,44.09,18.95,12.17,71.51,37.81,55.81,23.89,26.27,5.04,1817.92,161.21,3.28,0.41,53.90,5.68,5.44,1.83,0.00,0.00,10.27,1.82,9.50,3.00,1.34,3.47,9.23,16.39,46.12,6.82,2.93,3.76,5699.11,101.92,1609.66,220.82,144.03,727.12,97.51,85.61,63.17,775.96,55.08,0.00,0.00,741.44,61.69,31.62,20.31,127.66,67.50,81.57,34.92,37.75,7.24,2599.16,230.49,4.17,0.52,67.47,7.11,6.77,2.28,0.00,0.00,12.15,2.15,12.83,4.05,1.79,4.63,10.31,18.30,49.68,7.35,3.32,4.27
54.20,54.2,21/11/2025 13:34:01,-1.371,6.812,,16.2,703939.0,594921.0,996065.53,109.46,937.20,303.04,124.98,360.21,45.85,11.32,25.20,275.18,21.85,0.00,0.00,538.86,44.05,45.76,16.94,61.30,37.85,56.29,24.05,31.31,5.93,2005.61,179.02,2.96,0.40,51.47,5.21,6.62,1.87,0.00,0.00,10.14,1.83,5.84,2.99,2.76,3.63,4.52,16.50,48.89,7.08,2.94,3.72,6333.31,181.51,1554.14,572.58,236.15,770.61,98.09,25.94,57.74,687.10,54.56,0.00,0.00,753.98,61.64,76.35,28.26,109.43,67.57,82.27,35.15,44.99,8.52,2867.51,255.95,3.77,0.51,64.43,6.52,8.24,2.33,0.00,0.00,11.99,2.16,7.89,4.04,3.68,4.84,5.05,18.42,52.67,7.63,3.34,4.22
54.30,54.3,21/11/2025 13:34:36,-1.186,7.737,,16.2,707400.0,604772.0,996197.29,56.15,970.25,160.84,91.88,382.27,47.35,24.33,26.14,265.73,21.63,0.00,0.00,557.00,44.69,19.19,12.22,57.76,37.98,32.18,20.45,65.71,11.58,2043.55,182.67,3.49,0.42,58.26,6.48,6.39,1.95,0.00,0.00,4.16,1.20,3.17,3.03,3.34,3.67,10.59,16.56,46.13,7.06,2.49,3.80,6075.08,93.11,1608.94,303.90,173.60,817.80,101.30,55.75,59.90,663.50,54.01,0.00,0.00,779.36,62.53,32.02,20.39,103.11,67.80,47.03,29.89,94.41,16.64,2921.75,261.17,4.44,0.53,72.93,8.11,7.95,2.43,0.00,0.00,4.92,1.42,4.28,4.09,4.45,4.89,11.82,18.49,49.69,7.61,2.82,4.31
54.40,54.4,21/11/2025 13:35:11,-0.993,8.263,,16.2,709617.0,605652.0,996286.71,30.76,985.65,133.14,85.45,350.05,45.91,33.34,27.15,263.22,21.53,0.00,0.00,510.70,43.83,23.33,12.33,72.49,38.17,44.94,22.23,70.19,12.30,2057.39,183.99,3.48,0.43,39.17,3.26,7.54,1.95,0.00,0.00,3.62,1.17,3.90,3.04,2.03,3.70,11.91,16.56,48.96,7.02,3.12,3.83,5920.74,51.01,1634.48,251.56,161.45,748.87,98.22,76.39,62.21,657.24,53.76,0.00,0.00,714.57,61.33,38.93,20.57,129.41,68.14,65.68,32.49,100.85,17.67,2941.54,263.06,4.43,0.55,49.03,4.08,9.39,2.43,0.00,0.00,4.28,1.38,5.27,4.11,2.71,4.93,13.30,18.49,52.74,7.56,3.54,4.34
54.50,54.5,21/11/2025 13:35:54,-0.269,9.457,,16.2,708896.0,605311.0,996437.67,16.61,927.40,93.69,64.97,381.42,47.00,26.43,26.34,248.13,21.51,0.00,0.00,522.42,43.94,18.42,12.26,75.81,38.03,44.32,22.11,17.90,3.56,2004.28,179.00,3.62,0.43,29.61,2.07,5.94,1.90,0.00,0.00,4.11,1.18,2.44,3.03,3.18,3.69,17.28,16.50,43.44,6.88,3.30,3.74,5685.11,27.54,1537.88,177.02,122.76,815.99,100.55,60.56,60.35,619.56,53.71,0.00,0.00,730.97,61.48,30.73,20.46,135.33,67.89,64.78,32.32,25.72,5.12,2865.61,255.92,4.61,0.55,37.07,2.59,7.39,2.36,0.00,0.00,4.86,1.40,3.30,4.09,4.24,4.92,19.29,18.42,46.79,7.41,3.74,4.24
54.60,54.6,21/11/2025 13:36:28,-1.625,9.324,1181230.843,16.2,706328.0,604377.0,996493.48,27.52,986.82,56.82,48.94,356.96,46.81,34.46,27.76,273.09,21.78,3.16,20.46,511.20,43.57,16.76,12.21,78.22,37.96,53.34,23.50,59.11,10.54,1916.39,170.61,3.51,0.43,33.65,2.54,7.72,1.86,0.00,0.00,4.48,1.20,2.30,2.99,2.28,3.63,13.30,16.43,47.38,7.06,4.88,3.74,5606.08,45.64,1636.42,107.36,92.47,763.66,100.14,78.96,63.61,681.88,54.38,3.81,24.65,715.27,60.96,27.96,20.37,139.64,67.77,77.96,34.35,84.93,15.14,2739.95,243.93,4.47,0.55,42.12,3.18,9.61,2.32,0.00,0.00,5.30,1.42,3.11,4.04,3.04,4.84,14.85,18.34,51.04,7.61,5.54,4.24
54.70,54.7,21/11/2025 13:37:03,-0.553,15.802,,16.2,704423.0,597742.0,996316.62,15.16,896.31,119.65,72.64,402.28,47.28,44.08,28.58,289.07,21.96,0.00,0.00,550.44,44.25,23.21,12.23,71.47,37.92,55.30,23.86,43.87,8.05,1954.01,174.15,3.44,0.42,33.99,2.58,6.46,1.87,0.10,0.15,7.28,1.57,3.82,3.00,0.98,3.61,10.17,16.45,45.32,6.85,3.29,3.76,5942.77,25.14,1486.33,226.07,137.25,860.61,101.15,101.00,65.49,721.78,54.83,0.00,0.00,770.18,61.91,38.73,20.41,127.59,67.69,80.82,34.87,63.03,11.57,2793.73,248.99,4.38,0.53,42.55,3.23,8.04,2.33,0.13,0.20,8.61,1.86,5.16,4.05,1.31,4.81,11.35,18.37,48.82,7.38,3.73,4.27
54.80,54.8,21/11/2025 13:37:37,0.691,9.789,,16.2,705328.0,595402.0,996110.60,156.99,956.41,118.36,76.61,468.90,50.74,22.70,26.45,246.84,21.64,0.00,0.00,652.09,45.13,20.17,12.24,88.72,38.19,50.95,23.16,25.75,4.98,1892.61,168.32,3.60,0.43,51.06,5.15,7.01,1.90,0.00,0.00,8.19,1.64,4.11,3.01,1.62,3.62,17.33,16.48,48.35,7.00,4.05,3.82,6247.96,260.33,1585.99,223.64,144.75,1003.13,108.55,52.01,60.61,616.34,54.03,0.00,0.00,912.41,63.15,33.65,20.42,158.38,68.18,74.47,33.85,37.00,7.16,2705.95,240.65,4.58,0.55,63.92,6.45,8.73,2.36,0.00,0.00,9.69,1.94,5.55,4.07,2.16,4.83,19.35,18.40,52.08,7.54,4.59,4.33
54.90,54.9,21/11/2025 13:38:03,0.968,10.578,,16.3,701033.0,586763.0,996455.01,0.00,0.00,54.73,45.12,380.75,47.03,32.22,27.57,257.06,21.65,0.00,0.00,579.28,44.58,21.90,12.17,81.28,37.84,62.82,25.16,27.92,5.32,1909.05,169.85,3.11,0.42,44.62,4.08,7.22,1.88,0.00,0.00,13.36,2.05,6.13,2.97,0.57,3.51,13.27,16.36,45.80,6.88,3.90,3.78,5649.42,0.00,0.00,103.41,85.25,814.55,100.61,73.83,63.17,641.85,54.06,0.00,0.00,810.53,62.38,36.54,20.31,145.10,67.55,91.81,36.77,40.12,7.64,2729.45,242.84,3.96,0.53,55.85,5.11,8.99,2.34,0.00,0.00,15.80,2.42,8.28,4.01,0.76,4.68,14.82,18.27,49.34,7.41,4.42,4.29
55.00,55.0,21/11/2025 13:38:47,-1.165,10.582,,16.3,696392.0,588857.0,996365.50,97.62,890.31,174.61,93.04,386.16,46.74,39.89,28.04,252.25,21.49,0.00,0.00,522.65,43.29,24.92,12.10,82.99,37.74,49.43,22.74,32.01,6.00,1823.68,161.71,3.77,0.43,59.11,6.68,9.81,1.98,0.00,0.00,9.87,1.77,4.27,2.95,1.03,3.55,9.38,16.30,46.63,6.99,4.42,3.70,5861.36,161.88,1476.38,329.92,175.80,826.13,99.99,91.40,64.25,629.84,53.66,0.00,0.00,731.30,60.57,41.58,20.19,148.15,67.37,72.24,33.24,45.99,8.62,2607.40,231.20,4.80,0.55,73.99,8.36,12.21,2.46,0.00,0.00,11.67,2.09,5.77,3.98,1.37,4.73,10.47,18.20,50.23,7.53,5.01,4.20
55.10,55.1,21/11/2025 13:39:21,-2.113,14.612,1181230.115,16.3,700663.0,591077.0,996105.48,111.17,932.98,120.57,78.04,398.71,48.04,11.35,25.12,271.32,21.78,0.00,0.00,691.96,45.80,16.53,12.19,100.38,38.25,68.19,26.17,35.60,6.60,1924.11,171.17,3.39,0.42,50.43,5.03,6.20,1.90,0.00,0.00,8.57,1.68,5.16,3.04,1.47,3.58,16.32,16.40,49.78,7.05,3.31,3.82,6215.20,184.35,1547.14,227.81,147.45,852.97,102.77,26.01,57.56,677.46,54.38,0.00,0.00,968.19,64.08,27.58,20.34,179.20,68.28,99.66,38.25,51.15,9.48,2750.98,244.73,4.31,0.53,63.13,6.30,7.72,2.36,0.00,0.00,10.13,1.99,6.97,4.11,1.96,4.77,18.22,18.31,53.62,7.59,3.75,4.33
55.20,55.2,21/11/2025 13:39:56,-1.830,14.214,,16.2,703753.0,596169.0,996278.21,0.00,0.00,79.39,58.89,385.91,47.37,22.38,26.11,260.77,21.58,3.89,20.51,606.92,44.69,24.92,12.24,98.37,38.21,52.75,23.36,19.01,3.74,2028.53,181.18,3.50,0.43,51.18,5.16,6.39,1.92,0.00,0.00,4.28,1.18,3.89,3.03,2.26,3.60,12.07,16.40,51.78,7.24,3.60,3.87,5916.90,0.00,0.00,150.00,111.27,825.59,101.34,51.28,59.83,651.12,53.88,4.69,24.71,849.21,62.53,41.58,20.42,175.61,68.21,77.10,34.14,27.31,5.37,2900.28,259.04,4.45,0.55,64.07,6.46,7.95,2.39,0.00,0.00,5.06,1.40,5.25,4.09,3.01,4.80,13.48,18.31,55.78,7.80,4.08,4.39
55.30,55.3,21/11/2025 13:40:30,-3.826,14.220,,16.2,705239.0,599714.0,995814.96,138.48,925.37,233.36,113.13,473.00,50.64,11.62,25.54,217.11,21.02,2.16,20.68,610.67,45.02,30.14,12.73,97.04,38.12,47.43,22.51,28.61,5.46,2127.95,190.64,3.17,0.41,75.10,10.13,6.72,1.91,0.00,0.00,5.23,1.34,1.65,3.03,2.13,3.64,20.66,16.42,50.31,7.15,2.50,3.83,6682.39,229.64,1534.52,440.93,213.75,1011.91,108.34,26.63,58.52,542.10,52.48,2.60,24.91,854.45,62.99,50.29,21.24,173.23,68.05,69.32,32.90,41.11,7.85,3042.42,272.57,4.03,0.52,94.01,12.68,8.36,2.38,0.00,0.00,6.18,1.58,2.23,4.09,2.84,4.85,23.07,18.33,54.19,7.70,2.84,4.34
55.40,55.4,21/11/2025 13:41:05,-1.980,15.940,,16.2,704796.0,601127.0,995812.11,47.58,927.56,193.18,102.63,499.51,52.11,22.27,26.29,289.97,22.09,8.10,20.65,678.95,45.81,18.47,12.19,89.83,38.15,38.06,21.18,5.28,1.10,2130.50,190.87,3.50,0.43,84.19,12.44,6.97,1.95,0.00,0.00,5.08,1.31,3.07,3.10,2.42,3.65,11.36,16.44,46.61,7.13,3.00,3.83,6745.99,78.90,1538.15,365.01,193.92,1068.62,111.48,51.03,60.24,724.03,55.16,9.76,24.88,949.99,64.10,30.82,20.34,160.36,68.10,55.63,30.96,7.59,1.58,3046.07,272.90,4.45,0.55,105.39,15.57,8.68,2.43,0.00,0.00,6.01,1.55,4.15,4.19,3.23,4.87,12.68,18.36,50.21,7.68,3.40,4.34
55.50,55.5,21/11/2025 13:41:48,-1.384,12.763,,16.3,701181.0,588142.0,996146.00,22.31,934.05,87.58,62.89,443.15,49.61,21.13,25.61,225.70,20.94,0.00,0.00,605.05,44.87,28.12,12.19,88.26,37.94,64.85,25.54,43.51,7.94,2050.98,183.25,3.58,0.42,73.48,9.77,7.11,1.94,0.00,0.00,13.01,2.04,7.58,3.04,1.07,3.52,12.94,16.37,47.70,7.11,6.87,3.94,6109.29,37.00,1548.91,165.48,118.83,948.05,106.13,48.42,58.68,563.55,52.29,0.00,0.00,846.59,62.78,46.92,20.34,157.56,67.73,94.78,37.33,62.52,11.41,2932.38,262.00,4.56,0.53,91.98,12.23,8.85,2.41,0.00,0.00,15.39,2.41,10.24,4.11,1.43,4.69,14.45,18.28,51.38,7.66,7.79,4.47
55.60,55.6,21/11/2025 13:42:23,-0.542,11.112,1181232.162,16.3,701263.0,577029.0,995858.50,0.00,0.00,287.00,121.38,437.52,48.61,24.32,25.56,252.21,21.20,0.00,0.00,608.12,44.47,97.44,25.46,114.26,38.42,37.26,20.98,41.49,7.62,2079.39,185.92,3.36,0.43,64.42,7.71,6.30,1.94,0.00,0.00,15.45,2.19,12.73,3.11,0.60,3.51,6.04,16.44,45.83,7.01,7.73,3.92,6662.16,0.00,0.00,542.28,229.34,936.00,103.99,55.73,58.57,629.74,52.93,0.00,0.00,850.89,62.22,162.58,42.48,203.98,68.59,54.46,30.66,59.61,10.95,2972.99,265.82,4.28,0.55,80.64,9.65,7.84,2.41,0.00,0.00,18.27,2.59,17.20,4.20,0.80,4.68,6.74,18.36,49.37,7.55,8.77,4.45
55.70,55.7,21/11/2025 13:42:57,-0.181,7.675,,16.3,701447.0,589691.0,996273.13,30.77,980.62,48.89,46.81,432.49,49.51,29.64,26.86,242.18,21.12,0.00,0.00,548.25,44.16,15.70,12.14,56.49,37.45,62.12,24.97,17.32,3.41,2088.52,186.87,3.38,0.42,64.35,7.72,7.16,1.95,0.00,0.00,6.74,1.50,5.93,3.02,1.24,3.59,12.93,16.32,50.31,7.11,2.48,3.80,5919.98,51.03,1626.14,92.38,88.45,925.24,105.92,67.92,61.55,604.70,52.73,0.00,0.00,767.11,61.79,26.20,20.26,100.85,66.86,90.79,36.50,24.89,4.90,2986.05,267.18,4.30,0.53,80.55,9.66,8.91,2.43,0.00,0.00,7.97,1.77,8.01,4.08,1.65,4.79,14.44,18.22,54.19,7.66,2.81,4.31
55.80,55.8,21/11/2025 13:43:32,-1.583,7.868,,16.2,702192.0,599845.0,996398.24,0.00,0.00,257.49,116.13,390.03,47.28,22.70,26.06,233.95,21.39,0.00,0.00,509.06,43.85,6.96,12.10,43.62,37.55,44.15,22.06,56.09,10.06,1903.48,169.39,3.48,0.43,52.74,5.46,7.32,1.93,0.00,0.00,3.87,1.17,3.01,3.00,2.05,3.60,11.78,16.44,45.84,7.00,4.14,3.85,5783.62,0.00,0.00,486.52,219.42,834.40,101.15,52.01,59.71,584.15,53.41,0.00,0.00,712.28,61.36,11.61,20.19,77.87,67.03,64.53,32.24,80.59,14.45,2721.49,242.18,4.43,0.55,66.02,6.83,9.11,2.40,0.00,0.00,4.58,1.38,4.07,4.05,2.73,4.80,13.15,18.36,49.38,7.54,4.70,4.37
55.90,55.9,21/11/2025 13:44:06,-2.314,7.079,,16.2,701633.0,600982.0,996442.50,0.00,0.00,102.82,69.68,400.54,47.66,44.61,29.25,263.01,21.79,0.00,0.00,517.58,43.67,5.57,12.08,77.41,38.01,49.37,22.84,33.22,6.28,1894.48,168.52,3.30,0.42,85.20,12.83,7.33,1.90,0.00,0.00,4.33,1.15,1.82,2.98,2.62,3.63,13.70,16.44,47.72,7.07,2.88,3.73,5711.30,0.00,0.00,194.27,131.66,856.89,101.96,102.22,67.02,656.71,54.41,0.00,0.00,724.20,61.10,9.29,20.16,138.19,67.85,72.16,33.38,47.73,9.02,2708.62,240.94,4.20,0.53,106.65,16.06,9.12,2.36,0.00,0.00,5.12,1.36,2.46,4.03,3.49,4.84,15.30,18.36,51.40,7.62,3.27,4.23
56.00,56.0,21/11/2025 13:44:49,-2.334,7.541,,16.2,701947.0,601387.0,996255.25,73.77,927.20,93.61,64.58,408.10,47.80,26.16,26.20,284.03,21.63,0.00,0.00,556.11,44.00,18.78,12.23,57.05,37.75,48.85,22.77,42.63,7.85,1988.75,177.43,3.22,0.41,59.81,6.79,8.34,1.96,0.00,0.00,3.56,1.17,2.18,3.00,2.00,3.64,16.93,16.48,47.13,7.12,3.74,3.76,6001.83,122.33,1537.55,176.87,122.02,873.06,102.26,59.94,60.03,709.20,54.01,0.00,0.00,778.11,61.57,31.33,20.41,101.84,67.39,71.40,33.28,61.25,11.28,2843.40,253.68,4.10,0.52,74.87,8.50,10.38,2.44,0.00,0.00,4.21,1.38,2.94,4.05,2.67,4.85,18.90,18.40,50.77,7.67,4.24,4.27
56.10,56.1,21/11/2025 13:45:24,-2.574,7.078,1181231.635,16.2,699711.0,602261.0,996221.46,54.73,972.02,139.60,84.85,412.23,47.58,16.09,24.90,235.47,20.94,0.00,0.00,517.50,43.56,25.65,12.13,108.07,38.08,50.02,22.80,82.56,14.09,2014.09,179.64,3.46,0.42,41.55,3.60,5.68,1.86,0.00,0.00,3.95,1.17,1.58,2.97,2.12,3.65,13.57,16.28,47.48,7.03,3.13,3.72,6035.38,90.76,1611.88,263.77,160.32,881.90,101.79,36.87,57.05,587.95,52.29,0.00,0.00,724.09,60.95,42.80,20.24,192.92,67.98,73.11,33.32,118.63,20.25,2879.63,256.84,4.40,0.53,52.01,4.51,7.07,2.32,0.00,0.00,4.67,1.38,2.13,4.01,2.83,4.87,15.15,18.18,51.15,7.57,3.55,4.22
56.20,56.2,21/11/2025 13:45:59,-2.343,9.391,,16.2,701927.0,602178.0,996045.60,71.67,938.61,238.90,112.73,419.00,47.88,36.78,27.71,311.38,22.46,0.00,0.00,559.43,44.26,20.88,12.15,79.93,37.91,44.84,22.10,51.75,9.31,1992.60,177.77,3.33,0.42,54.59,5.78,5.29,1.86,0.00,0.15,3.15,1.16,1.93,3.04,1.90,3.69,7.24,16.39,47.38,7.02,2.43,3.74,6427.37,118.85,1556.47,451.39,213.00,896.38,102.43,84.28,63.49,777.49,56.08,0.00,0.00,782.76,61.93,34.84,20.27,142.69,67.68,65.54,32.30,74.36,13.38,2848.91,254.17,4.24,0.53,68.33,7.24,6.58,2.32,0.00,0.20,3.73,1.37,2.61,4.11,2.53,4.92,8.08,18.30,51.04,7.56,2.76,4.24
56.30,56.3,21/11/2025 13:46:33,-0.978,8.067,,16.2,702140.0,602447.0,996156.45,15.19,950.72,220.02,109.09,393.91,47.34,41.53,28.55,286.11,22.00,0.00,0.00,515.84,43.85,19.11,12.20,92.66,38.14,48.41,22.66,1.49,0.31,2073.98,185.51,3.43,0.43,53.25,5.53,6.64,1.89,0.00,0.00,2.33,1.15,2.93,2.95,2.21,3.70,11.39,16.40,50.87,7.09,2.25,3.71,6209.40,25.19,1576.56,415.72,206.12,842.71,101.28,95.16,65.42,714.39,54.93,0.00,0.00,721.77,61.36,31.88,20.36,165.42,68.09,70.75,33.12,2.14,0.45,2965.26,265.23,4.36,0.55,66.66,6.92,8.26,2.35,0.00,0.00,2.76,1.36,3.96,3.98,2.95,4.93,12.72,18.31,54.80,7.64,2.55,4.21
56.40,56.4,21/11/2025 13:47:08,-1.320,9.322,,16.2,696945.0,600388.0,996248.99,141.65,943.26,164.94,91.88,404.84,47.71,6.63,25.08,275.46,21.84,0.00,0.00,485.15,43.08,14.79,12.00,101.42,37.96,60.45,24.65,29.08,5.51,1939.70,172.74,3.05,0.41,41.49,3.60,8.09,1.93,0.00,0.00,2.42,1.13,2.10,2.99,1.85,3.65,14.40,16.26,50.37,7.05,3.17,3.70,6051.57,234.89,1564.19,311.65,173.60,866.09,102.07,15.19,57.47,687.80,54.53,0.00,0.00,678.82,60.28,24.68,20.02,181.05,67.77,88.35,36.03,41.78,7.92,2773.27,246.97,3.88,0.52,51.94,4.51,10.07,2.40,0.00,0.00,2.86,1.34,2.84,4.04,2.47,4.87,16.08,18.15,54.26,7.59,3.60,4.20
56.50,56.5,21/11/2025 13:47:51,-0.745,8.665,,16.2,695508.0,596937.0,996408.33,13.43,919.65,125.72,76.23,409.58,47.58,31.90,27.06,255.44,21.22,0.00,0.00,460.62,42.77,14.48,12.06,51.60,37.37,62.54,25.02,13.77,2.74,2013.86,179.75,3.28,0.41,63.15,7.49,6.53,1.91,0.18,0.15,3.41,1.15,1.94,2.95,1.76,3.61,9.78,16.29,45.11,6.70,3.58,3.74,5762.38,22.27,1525.03,237.54,144.03,876.23,101.79,73.09,62.00,637.81,52.98,0.00,0.00,644.50,59.84,24.16,20.12,92.12,66.71,91.41,36.57,19.79,3.94,2879.30,257.00,4.17,0.52,79.05,9.38,8.13,2.38,0.24,0.20,4.03,1.36,2.62,3.98,2.35,4.81,10.92,18.19,48.59,7.22,4.06,4.24
56.60,56.6,21/11/2025 13:48:17,-0.796,8.461,1181231.504,16.3,695645.0,591322.0,996184.64,0.00,0.00,116.89,73.36,422.66,48.43,44.30,28.77,222.65,20.75,0.00,0.00,509.04,43.25,5.71,12.08,50.11,37.48,53.67,23.46,32.76,6.13,2221.06,199.48,3.09,0.41,46.04,4.27,8.09,1.92,0.00,0.00,4.53,1.21,4.84,3.00,1.76,3.59,14.33,16.37,51.28,7.13,2.53,3.72,6054.79,0.00,0.00,220.86,138.61,904.21,103.61,101.51,65.92,555.94,51.81,0.00,0.00,712.25,60.52,9.53,20.16,89.46,66.91,78.44,34.29,47.07,8.81,3175.55,285.21,3.93,0.52,57.63,5.35,10.07,2.39,0.00,0.00,5.36,1.43,6.54,4.05,2.35,4.79,16.00,18.28,55.24,7.68,2.87,4.22
56.70,56.7,21/11/2025 13:48:51,-2.033,8.131,,16.3,694625.0,584819.0,996382.24,17.45,955.44,70.15,54.46,419.82,48.63,22.59,25.89,261.56,21.33,0.00,0.00,524.07,43.60,7.33,12.08,64.05,37.61,62.34,25.00,52.55,9.38,1981.05,176.62,3.19,0.41,41.15,3.55,6.55,1.87,0.00,0.00,8.11,1.61,6.13,3.00,0.93,3.51,10.73,16.32,53.04,7.08,4.94,3.76,5780.89,28.94,1584.38,132.55,102.90,898.14,104.04,51.76,59.32,653.09,53.26,0.00,0.00,733.28,61.01,12.23,20.16,114.34,67.14,91.11,36.54,75.51,13.48,2832.39,252.52,4.06,0.52,51.51,4.44,8.15,2.33,0.00,0.00,9.59,1.90,8.28,4.05,1.24,4.68,11.98,18.22,57.14,7.63,5.60,4.27
56.80,56.8,21/11/2025 13:49:26,-1.111,8.395,,16.2,702671.0,595902.0,995913.67,0.00,0.00,165.75,90.10,479.11,50.02,14.24,25.41,264.44,21.64,0.00,0.00,490.28,43.36,21.34,12.16,76.96,37.82,59.78,24.60,46.65,8.48,2330.37,209.99,3.26,0.41,53.96,5.62,6.11,1.90,0.00,0.00,5.57,1.36,5.07,3.05,3.32,3.64,9.95,16.36,47.45,7.14,2.73,3.79,6538.78,0.00,0.00,313.18,170.24,1024.98,107.01,32.63,58.22,660.28,54.03,0.00,0.00,686.00,60.67,35.61,20.29,137.39,67.52,87.37,35.95,67.03,12.18,3331.83,300.23,4.15,0.52,67.55,7.03,7.61,2.36,0.00,0.00,6.59,1.61,6.85,4.12,4.43,4.85,11.11,18.27,51.11,7.69,3.10,4.30
56.90,56.9,21/11/2025 13:50:00,-1.505,9.588,,16.2,699502.0,598005.0,996011.33,43.89,953.76,184.53,100.16,417.47,48.63,15.01,25.24,267.42,21.52,0.00,0.00,560.87,43.88,0.00,0.00,92.87,38.04,63.57,25.27,24.54,4.71,2174.34,194.99,3.22,0.42,52.78,5.42,7.32,1.91,0.00,0.00,4.16,1.19,1.82,3.02,2.11,3.64,16.97,16.38,52.23,7.20,3.56,3.73,6372.87,72.78,1581.60,348.66,189.25,893.11,104.04,34.39,57.83,667.72,53.73,0.00,0.00,784.77,61.40,0.00,0.00,165.79,67.91,92.91,36.93,35.26,6.77,3108.75,278.79,4.10,0.53,66.07,6.78,9.11,2.38,0.00,0.00,4.92,1.41,2.46,4.08,2.81,4.85,18.95,18.29,56.26,7.76,4.04,4.23
57.00,57.0,21/11/2025 13:50:44,-1.505,8.664,,16.2,700578.0,603862.0,996183.97,55.54,946.69,154.95,88.98,409.33,48.19,7.73,25.10,287.46,21.85,0.00,0.00,516.93,43.51,5.53,12.17,65.16,37.92,61.31,24.94,2.90,0.61,2093.84,187.43,3.23,0.42,73.06,9.69,6.95,1.92,0.00,0.00,4.06,1.20,2.59,3.03,2.35,3.67,16.02,16.50,43.89,7.04,3.20,3.84,6116.75,92.10,1569.87,292.77,168.12,875.69,103.09,17.71,57.51,717.76,54.56,0.00,0.00,723.29,60.88,9.23,20.31,116.32,67.69,89.61,36.45,4.17,0.88,2993.65,267.98,4.11,0.53,91.45,12.13,8.65,2.39,0.00,0.00,4.80,1.42,3.50,4.09,3.13,4.89,17.89,18.42,47.28,7.58,3.63,4.36
57.10,57.1,21/11/2025 13:50:44,-1.889,9.127,1181232.495,15.6,803977.0,679155.0,994202.69,137.11,1127.55,149.52,100.33,634.57,58.72,36.81,30.62,421.66,26.44,0.00,0.00,800.76,50.63,90.07,26.73,102.60,42.08,33.84,22.40,59.29,11.40,3234.51,298.04,3.83,0.48,4.95,0.24,8.19,2.16,0.00,0.00,4.81,1.38,2.90,3.54,2.24,4.37,8.29,18.20,57.73,8.04,3.62,4.23,9327.07,227.37,1869.79,282.51,189.57,1357.56,125.62,84.35,70.16,1052.84,66.02,0.00,0.00,1120.43,70.84,150.28,44.60,183.16,75.12,49.46,32.74,85.19,16.38,4624.52,426.12,4.87,0.61,6.20,0.30,10.19,2.69,0.00,0.00,5.69,1.63,3.92,4.78,2.99,5.83,9.26,20.32,62.19,8.66,4.11,4.80
57.20,57.2,21/11/2025 13:51:53,-0.855,7.539,,15.7,795615.0,663660.0,994677.47,0.00,0.00,106.10,79.16,565.98,56.33,29.66,29.19,383.05,25.50,0.00,0.00,741.39,49.66,64.84,22.53,44.40,41.29,34.52,22.36,133.12,23.48,3134.37,288.25,3.85,0.48,5.13,0.24,6.62,2.05,0.00,0.00,8.94,1.87,2.68,3.44,1.10,4.21,0.00,0.00,53.30,7.76,3.49,4.15,8480.16,0.00,0.00,200.47,149.57,1210.82,120.51,67.96,66.88,956.44,63.67,0.00,0.00,1037.36,69.48,108.19,37.59,79.26,73.71,50.45,32.68,191.27,33.74,4481.35,412.12,4.90,0.61,6.42,0.30,8.24,2.55,0.00,0.00,10.57,2.21,3.62,4.65,1.47,5.61,0.00,0.00,57.42,8.36,3.96,4.71
57.30,57.3,21/11/2025 13:52:27,-1.232,8.797,,15.7,793962.0,657086.0,994497.04,26.38,1035.48,206.30,114.38,516.72,54.66,29.12,29.29,419.26,26.25,0.00,0.00,750.06,49.38,34.80,15.18,35.48,40.97,42.59,23.32,197.56,34.86,3142.87,289.04,3.67,0.48,5.09,0.24,7.30,2.04,0.00,0.00,9.07,1.89,4.44,3.45,1.75,4.19,9.99,18.02,56.41,7.69,4.09,4.26,8778.80,43.75,1717.11,389.80,216.12,1105.44,116.94,66.72,67.11,1046.85,65.54,0.00,0.00,1049.49,69.09,58.06,25.33,63.34,73.14,62.25,34.08,283.86,50.09,4493.50,413.25,4.67,0.61,6.37,0.30,9.09,2.54,0.00,0.00,10.73,2.24,6.00,4.66,2.33,5.59,11.15,20.12,60.77,8.28,4.64,4.83
57.40,57.4,21/11/2025 13:53:02,-1.115,8.928,,15.8,794744.0,649173.0,994483.80,0.00,0.00,147.59,97.51,533.69,55.45,29.35,29.31,324.04,24.05,0.00,0.00,710.66,49.18,17.91,13.21,132.29,41.84,69.40,27.49,249.03,44.50,3195.37,294.07,3.94,0.49,5.07,0.24,6.61,2.05,0.00,0.00,14.09,2.25,6.98,3.44,3.81,4.17,9.53,17.74,53.15,7.79,3.70,4.25,8708.02,0.00,0.00,278.87,184.24,1141.74,118.63,67.25,67.16,809.10,60.05,0.00,0.00,994.36,68.81,29.88,22.04,236.16,74.69,101.43,40.18,357.82,63.94,4568.56,420.44,5.01,0.62,6.35,0.30,8.23,2.55,0.00,0.00,16.66,2.66,9.43,4.65,5.08,5.56,10.64,19.81,57.25,8.39,4.20,4.82
57.50,57.5,21/11/2025 13:53:45,-3.047,10.644,,15.8,795055.0,649853.0,994306.20,76.32,1103.14,139.19,94.95,540.50,56.03,34.07,29.98,286.78,23.55,0.00,0.00,772.55,49.60,26.46,13.25,122.01,41.51,67.35,27.10,257.49,46.14,3252.25,299.55,4.11,0.49,5.10,0.24,7.96,2.07,0.00,0.00,13.91,2.24,4.06,3.46,3.61,4.15,20.01,17.73,54.64,7.83,5.44,4.36,8936.84,126.56,1829.31,262.99,179.40,1156.31,119.87,78.07,68.70,716.06,58.80,0.00,0.00,1080.96,69.40,44.15,22.11,217.81,74.10,98.44,39.61,369.97,66.30,4649.88,428.28,5.23,0.62,6.38,0.30,9.91,2.58,0.00,0.00,16.45,2.65,5.48,4.67,4.81,5.53,22.34,19.80,58.86,8.43,6.17,4.95
57.60,57.6,21/11/2025 13:54:20,-0.339,9.190,1181232.232,15.8,792326.0,649050.0,994290.96,0.00,0.00,229.74,122.12,621.91,58.18,36.30,30.09,349.96,24.53,0.00,0.00,736.09,49.65,17.23,13.15,96.59,41.05,55.52,24.98,226.18,40.00,3221.97,296.60,3.51,0.46,5.15,0.24,7.70,2.09,0.00,0.00,15.93,2.36,3.45,3.44,1.62,4.18,21.81,17.71,52.90,7.75,5.51,4.29,9099.14,0.00,0.00,434.09,230.74,1330.47,124.47,83.18,68.95,873.82,61.25,0.00,0.00,1029.94,69.47,28.75,21.94,172.43,73.28,81.15,36.51,324.98,57.47,4606.59,424.06,4.47,0.59,6.45,0.30,9.58,2.60,0.00,0.00,18.84,2.79,4.66,4.65,2.16,5.57,24.35,19.77,56.98,8.35,6.25,4.87
57.70,57.7,21/11/2025 13:54:54,-0.572,9.653,,15.8,782996.0,642247.0,994491.17,44.90,1070.75,152.30,99.92,758.71,62.86,36.68,30.38,393.75,25.93,0.00,0.00,881.35,50.57,66.35,22.39,93.28,41.06,32.93,21.89,83.74,15.19,2858.44,261.35,3.75,0.46,4.92,0.23,6.01,1.98,0.00,0.00,18.41,2.51,8.96,3.41,2.09,4.03,6.24,17.78,51.29,7.61,4.73,4.28,8940.92,74.46,1775.60,287.77,188.80,1623.13,134.48,84.05,69.61,983.16,64.74,0.00,0.00,1233.19,70.76,110.70,37.36,166.52,73.30,48.13,31.99,120.32,21.83,4086.84,373.66,4.77,0.59,6.16,0.29,7.48,2.46,0.00,0.00,21.77,2.97,12.10,4.61,2.79,5.37,6.97,19.85,55.25,8.20,5.37,4.86
57.80,57.8,21/11/2025 13:55:29,0.317,7.933,,15.9,777064.0,635257.0,994762.33,8.77,1063.60,139.38,94.93,849.73,64.81,41.26,30.90,392.94,25.87,0.00,0.00,851.60,50.07,127.19,30.69,57.37,40.64,32.59,21.89,63.32,11.80,2564.90,233.00,3.74,0.46,8.92,0.42,6.63,1.98,0.00,0.00,18.47,2.49,9.70,3.36,2.00,3.97,0.43,17.87,54.40,7.70,4.35,4.21,8609.19,14.54,1763.74,263.35,179.37,1817.86,138.65,94.54,70.80,981.13,64.59,0.00,0.00,1191.56,70.06,212.22,51.21,102.42,72.55,47.63,31.99,90.98,16.95,3667.15,333.13,4.76,0.59,11.17,0.53,8.25,2.46,0.00,0.00,21.84,2.94,13.10,4.54,2.67,5.29,0.48,19.95,58.60,8.29,4.93,4.78
57.90,57.9,21/11/2025 13:56:03,0.018,9.124,,15.9,777214.0,631606.0,994397.45,13.63,1131.59,170.68,108.47,1029.67,70.49,25.14,28.97,393.22,25.79,11.56,24.22,1054.56,52.28,161.44,33.92,81.44,41.04,26.93,21.27,24.95,5.10,2497.88,226.46,3.93,0.47,5.08,0.23,6.08,1.97,0.00,0.00,21.01,2.63,7.69,3.34,2.98,3.92,5.98,17.92,54.70,7.63,3.99,4.19,9266.36,22.60,1876.49,322.49,204.95,2202.81,150.80,57.60,66.38,981.83,64.40,13.93,29.18,1475.55,73.15,269.36,56.60,145.39,73.26,39.36,31.09,35.85,7.33,3571.33,323.78,5.00,0.60,6.36,0.29,7.57,2.45,0.00,0.00,24.85,3.11,10.39,4.51,3.97,5.23,6.68,20.01,58.92,8.22,4.53,4.75
58.00,58.0,21/11/2025 13:56:47,0.923,6.478,,15.9,772145.0,629360.0,994651.45,0.00,0.00,289.79,138.58,997.95,69.38,21.26,28.94,352.72,25.28,7.35,23.99,913.23,50.63,115.55,29.25,89.54,40.72,34.97,21.94,22.36,4.61,2395.08,216.63,3.40,0.45,4.95,0.23,6.19,1.99,0.00,0.00,20.41,2.57,8.86,3.32,2.42,3.88,3.55,17.68,54.42,7.55,4.55,4.08,8884.11,0.00,0.00,547.55,261.84,2134.95,148.43,48.71,66.31,880.71,63.12,8.85,28.90,1277.80,70.84,192.79,48.80,159.85,72.69,51.11,32.07,32.13,6.62,3424.35,309.73,4.33,0.57,6.20,0.29,7.70,2.48,0.00,0.00,24.14,3.04,11.97,4.48,3.23,5.17,3.96,19.74,58.62,8.13,5.16,4.63
58.10,58.1,21/11/2025 13:57:21,0.311,8.664,1181230.446,15.9,771762.0,631684.0,995066.54,73.57,1063.94,263.00,130.35,755.59,62.40,39.02,30.52,399.17,25.80,0.00,0.00,754.74,49.14,82.41,24.94,70.65,40.55,43.87,23.13,23.29,4.78,2317.30,209.27,4.04,0.47,5.81,0.26,7.35,1.96,0.00,0.00,19.92,2.52,7.64,3.29,2.19,3.89,5.89,17.69,51.83,7.51,6.16,4.06,8179.63,122.00,1764.31,496.93,246.29,1616.46,133.49,89.41,69.93,996.69,64.42,0.00,0.00,1056.04,68.76,137.50,41.61,126.12,72.39,64.12,33.81,33.46,6.87,3313.15,299.20,5.14,0.60,7.27,0.33,9.15,2.44,0.00,0.00,23.56,2.98,10.32,4.44,2.92,5.19,6.58,19.75,55.83,8.09,6.99,4.61
58.20,58.2,21/11/2025 13:57:56,0.130,8.399,,15.9,774529.0,632902.0,995196.03,23.84,1067.53,130.33,89.47,696.53,60.36,26.72,28.80,407.68,25.96,0.00,0.00,843.52,50.30,137.40,31.67,59.72,40.53,47.01,23.71,17.74,3.72,2310.28,208.64,3.49,0.45,4.95,0.23,7.49,2.01,0.00,0.00,16.17,2.31,8.44,3.24,2.26,3.88,1.84,17.80,52.47,7.52,6.10,4.11,7887.48,39.53,1770.26,246.25,169.05,1490.11,129.13,61.23,65.99,1017.94,64.82,0.00,0.00,1180.26,70.38,229.25,52.84,106.61,72.35,68.71,34.65,25.49,5.35,3303.11,298.30,4.44,0.57,6.20,0.29,9.32,2.50,0.00,0.00,19.12,2.73,11.40,4.38,3.01,5.17,2.05,19.87,56.52,8.10,6.92,4.66
58.30,58.3,21/11/2025 13:58:30,-0.530,8.399,,15.9,774805.0,635969.0,995221.22,4.97,1061.35,180.22,104.77,799.83,63.38,13.98,28.06,390.13,25.52,0.00,0.00,836.57,50.03,106.51,28.01,88.32,40.77,33.68,21.93,3.57,0.80,2220.54,200.10,3.62,0.45,4.98,0.23,6.03,1.92,0.10,0.16,14.88,2.26,6.95,3.27,2.20,3.93,7.37,17.73,50.59,7.36,3.72,4.12,7916.43,8.24,1760.01,340.52,197.96,1711.10,135.59,32.03,64.30,974.12,63.72,0.00,0.00,1170.53,70.00,177.71,46.73,157.67,72.78,49.23,32.05,5.13,1.15,3174.80,286.09,4.61,0.57,6.23,0.29,7.51,2.39,0.13,0.21,17.60,2.67,9.39,4.42,2.93,5.24,8.23,19.80,54.50,7.93,4.22,4.67
58.40,58.4,21/11/2025 13:59:05,-0.682,7.671,,15.9,776660.0,639383.0,995693.22,0.00,0.00,202.30,113.75,528.93,55.09,3.58,2.13,367.28,24.53,0.00,0.00,676.37,48.22,41.54,16.82,108.97,40.59,67.37,26.87,70.29,12.83,2133.01,191.75,3.61,0.45,4.94,0.23,6.32,1.93,0.00,0.00,11.50,2.00,4.58,3.30,2.54,3.92,18.32,17.43,50.87,7.38,4.49,4.06,7020.57,0.00,0.00,382.24,214.93,1131.56,117.86,8.20,4.88,917.06,61.25,0.00,0.00,946.38,67.47,69.31,28.06,194.53,72.46,98.47,39.27,101.00,18.43,3049.66,274.15,4.59,0.57,6.18,0.29,7.87,2.40,0.00,0.00,13.60,2.37,6.19,4.46,3.39,5.23,20.45,19.46,54.80,7.95,5.09,4.61
58.50,58.5,21/11/2025 13:59:48,-0.287,6.941,,15.8,779226.0,644456.0,995579.79,35.97,1054.47,196.20,111.78,591.32,56.66,31.59,29.21,325.33,23.90,0.00,0.00,643.70,47.78,45.39,17.90,114.49,41.00,58.10,25.31,43.68,8.47,2241.21,202.13,3.73,0.45,4.96,0.23,7.64,1.93,0.00,0.00,8.53,1.77,3.89,3.27,1.78,4.00,7.53,17.56,51.45,7.56,3.72,4.00,7219.15,59.65,1748.60,370.71,211.20,1265.03,121.21,72.38,66.93,812.32,59.68,0.00,0.00,900.67,66.85,75.73,29.87,204.39,73.19,84.92,36.99,62.76,12.17,3204.36,288.99,4.75,0.57,6.21,0.29,9.51,2.40,0.00,0.00,10.09,2.09,5.25,4.42,2.37,5.33,8.41,19.61,55.42,8.14,4.22,4.54
58.60,58.6,21/11/2025 14:00:23,-0.016,6.875,1181231.437,16.1,747153.0,606159.0,996715.02,119.17,1067.42,208.90,112.71,443.36,50.95,38.20,29.92,332.69,24.57,0.00,0.00,520.49,44.60,20.65,12.58,100.80,39.81,35.03,21.50,54.59,18.42,1320.58,115.59,3.67,0.42,4.81,0.22,6.72,1.85,0.00,0.00,3.00,1.14,2.60,2.98,2.84,3.60,9.99,17.13,53.48,7.16,3.42,3.71,5521.99,197.62,1770.08,394.71,212.96,948.50,109.00,87.53,68.56,830.69,61.35,0.00,0.00,728.27,62.40,34.45,20.99,179.95,71.07,51.20,31.42,78.44,26.47,1888.09,165.26,4.67,0.53,6.02,0.28,8.36,2.30,0.00,0.00,3.55,1.35,3.51,4.03,3.79,4.80,11.15,19.13,57.61,7.71,3.88,4.21
58.70,58.7,21/11/2025 14:00:48,0.014,6.609,,16.1,742567.0,599760.0,997005.17,35.18,1025.07,149.66,93.63,469.51,51.69,38.44,29.54,292.39,23.05,0.00,0.00,444.78,44.00,1.00,12.46,108.98,39.17,58.17,24.61,29.45,5.73,1263.13,110.14,3.59,0.43,4.82,0.22,7.23,1.88,0.00,0.00,3.44,1.15,1.93,2.95,1.54,3.56,24.02,16.82,53.32,7.20,4.25,3.69,5032.95,58.34,1699.85,282.78,176.91,1004.44,110.58,88.08,67.69,730.07,57.55,0.00,0.00,622.34,61.57,1.67,20.79,194.55,69.93,85.02,35.97,42.31,8.23,1805.95,157.47,4.57,0.55,6.03,0.28,9.00,2.34,0.00,0.00,4.07,1.36,2.61,3.98,2.05,4.75,26.82,18.78,57.44,7.76,4.82,4.19
58.80,58.8,21/11/2025 14:01:23,0.333,6.349,,16.1,739009.0,595999.0,997266.65,19.45,993.14,117.97,80.34,401.92,49.25,19.71,10.16,271.59,22.80,0.00,0.00,421.40,43.50,2.40,12.34,111.98,39.09,66.03,26.07,11.37,2.35,1194.49,103.97,3.35,0.41,4.73,0.22,6.37,1.83,0.00,0.00,5.63,1.35,4.56,2.92,1.63,3.51,16.49,16.72,49.46,6.96,2.81,3.69,4560.47,32.25,1646.90,222.90,151.80,859.84,105.36,45.16,23.28,678.13,56.93,0.00,0.00,589.63,60.87,4.00,20.59,199.91,69.78,96.51,38.10,16.34,3.38,1707.81,148.65,4.26,0.52,5.92,0.28,7.93,2.28,0.00,0.00,6.66,1.60,6.16,3.94,2.17,4.68,18.41,18.67,53.28,7.50,3.19,4.19
58.90,58.9,21/11/2025 14:01:58,0.077,5.551,,16.2,736837.0,594038.0,997221.37,74.18,1031.74,38.35,48.18,415.35,49.75,32.81,28.65,315.64,23.88,0.00,0.00,424.88,43.44,12.96,12.45,72.84,39.05,50.39,23.46,58.45,18.18,1193.79,103.88,3.10,0.40,4.84,0.22,7.20,1.85,0.00,0.00,4.22,1.16,2.05,2.93,2.77,3.51,16.68,16.96,45.33,6.81,2.78,3.60,4658.97,123.01,1710.91,72.46,91.03,888.57,106.43,75.18,65.65,788.12,59.63,0.00,0.00,594.49,60.78,21.62,20.77,130.03,69.71,73.65,34.29,83.98,26.12,1706.81,148.52,3.95,0.51,6.06,0.28,8.96,2.30,0.00,0.00,4.99,1.37,2.77,3.96,3.69,4.68,18.62,18.94,48.83,7.34,3.15,4.08
59.00,59.0,21/11/2025 14:02:41,0.494,5.816,,16.2,734720.0,594469.0,997440.96,0.00,0.00,138.28,90.99,388.22,49.16,31.87,28.92,328.65,24.35,0.00,0.00,431.69,43.41,16.52,12.46,77.64,39.10,33.96,21.09,51.34,17.96,984.37,85.36,3.37,0.41,4.75,0.22,5.37,1.81,0.00,0.00,3.92,1.12,1.32,2.83,2.45,3.47,6.21,16.93,44.95,6.81,4.16,3.57,4373.11,0.00,0.00,261.27,171.92,830.53,105.17,73.03,66.27,820.61,60.80,0.00,0.00,604.02,60.74,27.56,20.79,138.60,69.80,49.63,30.82,73.77,25.81,1407.40,122.04,4.29,0.52,5.95,0.28,6.68,2.25,0.00,0.00,4.64,1.32,1.78,3.82,3.27,4.63,6.93,18.90,48.42,7.34,4.72,4.05
59.10,59.1,21/11/2025 14:03:15,0.913,9.854,1181230.777,16.2,731199.0,597065.0,997671.36,0.00,0.00,109.98,77.76,384.52,48.76,36.26,29.04,246.26,22.31,0.00,0.00,416.15,43.28,1.48,12.34,96.59,38.62,72.59,27.22,55.83,17.88,804.32,69.72,3.78,0.42,5.92,0.27,6.65,1.81,0.00,0.00,3.83,1.12,1.13,2.85,2.72,3.50,25.48,16.67,51.60,6.92,3.55,3.59,3940.10,0.00,0.00,207.80,146.92,822.62,104.31,83.08,66.54,614.89,55.71,0.00,0.00,582.28,60.56,2.47,20.59,172.43,68.94,106.09,39.78,80.22,25.69,1149.97,99.68,4.81,0.53,7.41,0.34,8.28,2.25,0.00,0.00,4.53,1.32,1.53,3.85,3.63,4.67,28.45,18.61,55.58,7.45,4.03,4.07
59.20,59.2,21/11/2025 14:03:50,1.587,7.271,,16.2,730425.0,597251.0,997770.09,0.00,0.00,86.87,65.89,390.46,48.95,23.51,27.51,238.53,22.14,0.00,0.00,392.40,43.11,3.44,12.31,114.81,38.78,61.82,25.11,50.24,17.65,760.58,65.98,3.61,0.41,12.93,0.65,5.99,1.79,0.00,0.00,2.09,1.10,1.87,2.84,2.60,3.47,24.60,16.61,50.70,6.90,2.85,3.54,3780.65,0.00,0.00,164.14,124.50,835.32,104.72,53.87,63.04,595.59,55.28,0.00,0.00,549.05,60.32,5.74,20.54,204.96,69.23,90.35,36.70,72.19,25.36,1087.43,94.33,4.59,0.52,16.19,0.81,7.46,2.23,0.00,0.00,2.47,1.30,2.53,3.84,3.47,4.63,27.47,18.55,54.61,7.43,3.23,4.02
59.30,59.3,21/11/2025 14:04:24,0.722,8.198,,16.2,728251.0,594033.0,997732.11,0.00,0.00,210.08,109.23,375.43,47.69,31.09,28.42,332.66,24.15,0.00,0.00,420.62,43.08,10.81,12.32,54.71,38.55,37.71,21.51,53.60,17.93,652.38,57.06,3.51,0.41,8.98,0.42,5.38,1.76,0.00,0.00,1.87,1.08,1.93,2.83,3.44,3.41,15.26,16.86,46.61,6.82,1.82,3.48,3972.19,0.00,0.00,396.94,206.39,803.17,102.02,71.24,65.12,830.62,60.30,0.00,0.00,588.53,60.28,18.04,20.56,97.67,68.82,55.12,31.44,77.01,25.76,932.74,81.58,4.47,0.52,11.24,0.53,6.70,2.19,0.00,0.00,2.21,1.28,2.61,3.82,4.59,4.55,17.04,18.82,50.21,7.35,2.06,3.95
59.40,59.4,21/11/2025 14:04:59,0.154,8.395,,16.2,724528.0,586943.0,997680.74,139.37,990.59,132.77,85.59,377.04,47.86,32.56,28.35,236.98,22.13,0.00,0.00,360.62,42.38,0.00,0.00,121.55,38.77,72.19,27.05,61.04,17.94,691.22,60.05,3.15,0.39,4.73,0.21,6.86,1.84,0.00,0.00,2.68,1.09,1.86,2.82,1.61,3.40,21.73,16.53,48.16,6.84,3.14,3.55,3963.97,231.11,1642.67,250.86,161.72,806.61,102.39,74.61,64.96,591.72,55.26,0.00,0.00,504.58,59.30,0.00,0.00,216.99,69.21,105.51,39.54,87.70,25.78,988.27,85.86,4.01,0.50,5.92,0.26,8.54,2.29,0.00,0.00,3.17,1.29,2.51,3.81,2.15,4.53,24.26,18.46,51.88,7.37,3.56,4.03
59.50,59.5,21/11/2025 14:05:42,-0.136,7.999,,16.2,725666.0,588634.0,997636.73,43.86,1023.54,155.14,94.28,409.21,49.38,27.10,27.95,207.78,21.90,0.00,0.00,373.90,42.76,0.17,12.21,143.48,39.15,64.96,25.60,66.53,18.20,767.65,66.44,3.76,0.41,13.07,0.66,6.28,1.78,0.00,0.00,2.47,1.12,2.18,2.87,1.95,3.40,22.92,16.52,48.40,6.87,2.44,3.63,4007.79,72.73,1697.31,293.13,178.14,875.44,105.64,62.10,64.04,518.81,54.68,0.00,0.00,523.16,59.83,0.28,20.37,256.14,69.89,94.94,37.42,95.59,26.15,1097.54,94.99,4.78,0.52,16.36,0.83,7.82,2.22,0.00,0.00,2.92,1.32,2.94,3.88,2.60,4.53,25.59,18.44,52.14,7.40,2.77,4.12
59.60,59.6,21/11/2025 14:06:17,0.084,8.138,1181232.426,16.2,728652.0,594691.0,997740.07,41.36,997.80,50.81,49.48,378.35,48.11,25.27,27.73,304.74,23.91,0.00,0.00,419.26,42.98,7.84,12.32,37.91,38.47,50.24,23.44,41.75,17.58,822.46,71.26,3.82,0.42,4.58,0.21,6.40,1.82,0.00,0.00,2.27,1.08,2.06,2.86,2.95,3.47,7.63,16.88,47.65,6.78,2.59,3.60,3860.28,68.59,1654.63,96.00,93.49,809.42,102.92,57.90,63.54,760.91,59.70,0.00,0.00,586.63,60.14,13.08,20.56,67.68,68.68,73.43,34.26,59.99,25.26,1175.91,101.88,4.86,0.53,5.73,0.26,7.97,2.27,0.00,0.00,2.68,1.28,2.78,3.86,3.93,4.63,8.52,18.85,51.33,7.30,2.94,4.08
59.70,59.7,21/11/2025 14:06:51,-0.256,11.905,,16.2,728549.0,594970.0,997499.23,48.62,1066.73,82.45,65.97,395.61,48.69,39.28,29.24,250.60,22.29,0.00,0.00,435.38,43.51,14.36,12.36,79.85,38.51,67.38,26.19,65.27,18.21,932.18,80.52,3.32,0.41,4.79,0.21,7.17,1.82,0.00,0.00,2.13,1.10,3.34,2.92,1.28,3.43,17.47,16.66,47.83,6.90,2.45,3.57,4200.91,80.63,1768.93,155.79,124.65,846.34,104.16,90.00,67.00,625.72,55.66,0.00,0.00,609.19,60.88,23.96,20.62,142.55,68.75,98.48,38.28,93.78,26.16,1332.78,115.12,4.23,0.52,6.00,0.26,8.92,2.27,0.00,0.00,2.52,1.30,4.51,3.94,1.71,4.57,19.51,18.60,51.52,7.43,2.78,4.05
59.80,59.8,21/11/2025 14:07:26,-0.128,14.284,,16.2,731596.0,590693.0,997402.62,0.00,0.00,172.24,101.64,438.35,50.52,37.72,29.08,229.31,21.93,0.00,0.00,418.68,43.71,17.01,12.34,102.67,38.80,71.79,27.13,70.80,18.56,947.91,82.03,3.38,0.41,4.70,0.21,6.80,1.86,0.00,0.00,3.02,1.13,4.25,2.87,1.91,3.42,14.65,16.64,48.47,6.86,3.72,3.70,4384.92,0.00,0.00,325.44,192.04,937.78,108.08,86.43,66.63,572.57,54.76,0.00,0.00,585.82,61.16,28.38,20.59,183.28,69.27,104.93,39.65,101.73,26.67,1355.27,117.28,4.30,0.52,5.88,0.26,8.46,2.32,0.00,0.00,3.57,1.34,5.74,3.88,2.55,4.56,16.36,18.58,52.21,7.39,4.22,4.20
59.90,59.9,21/11/2025 14:08:00,-0.035,7.409,,16.2,732731.0,590840.0,997238.01,51.95,1028.02,209.66,112.74,414.94,49.72,33.44,29.13,282.54,23.08,0.00,0.00,433.96,43.66,14.75,12.41,103.77,38.96,64.51,25.72,79.12,18.98,975.66,84.46,3.44,0.41,4.75,0.21,6.33,1.83,0.00,0.00,3.77,1.15,2.42,2.89,2.62,3.48,22.27,16.73,48.88,6.91,3.21,3.64,4682.64,86.15,1704.74,396.14,213.02,887.70,106.37,76.62,66.75,705.48,57.63,0.00,0.00,607.20,61.09,24.61,20.71,185.25,69.55,94.29,37.59,113.68,27.27,1394.94,120.76,4.38,0.52,5.95,0.26,7.88,2.28,0.00,0.00,4.46,1.36,3.27,3.90,3.49,4.64,24.86,18.68,52.65,7.44,3.64,4.13
60.00,60.0,21/11/2025 14:08:44,0.433,7.013,,16.2,732961.0,594825.0,997527.22,30.21,1071.25,26.25,48.87,410.30,50.07,31.53,29.07,323.05,24.19,0.00,0.00,395.86,43.25,3.66,12.40,63.20,38.82,46.91,22.86,70.23,18.55,981.05,84.94,3.55,0.41,4.73,0.21,6.32,1.86,0.00,0.00,3.15,1.13,2.40,2.91,1.18,3.48,16.69,16.94,49.28,6.96,3.23,3.69,4203.51,50.10,1776.43,49.60,92.34,877.77,107.12,72.25,66.61,806.62,60.40,0.00,0.00,553.89,60.52,6.11,20.69,112.82,69.30,68.56,33.41,100.91,26.65,1402.65,121.44,4.52,0.52,5.92,0.26,7.87,2.32,0.00,0.00,3.73,1.34,3.24,3.93,1.57,4.64,18.63,18.91,53.09,7.50,3.66,4.19
60.10,60.1,21/11/2025 14:09:18,0.105,12.633,1181231.898,16.2,731562.0,592304.0,997271.20,0.00,0.00,227.61,115.81,459.50,51.12,36.56,29.60,296.03,23.75,0.00,0.00,428.84,43.24,19.09,12.41,61.14,38.81,53.66,23.97,51.38,17.90,1012.34,87.69,3.26,0.40,4.77,0.22,6.07,1.87,0.00,0.00,3.55,1.16,4.72,2.91,1.86,3.45,5.69,16.90,49.26,6.92,3.47,3.72,4670.77,0.00,0.00,430.06,218.82,983.02,109.36,83.77,67.82,739.16,59.30,0.00,0.00,600.04,60.50,31.85,20.71,109.15,69.28,78.43,35.03,73.82,25.72,1447.39,125.37,4.15,0.51,5.97,0.28,7.56,2.33,0.00,0.00,4.20,1.37,6.38,3.93,2.48,4.60,6.35,18.87,53.06,7.45,3.94,4.22
60.20,60.2,21/11/2025 14:09:53,-0.026,11.310,,16.2,727826.0,589084.0,997287.41,86.79,1047.51,97.78,72.91,477.68,52.03,4.97,2.88,296.56,23.94,0.00,0.00,555.85,44.82,21.84,12.34,69.05,38.61,39.34,21.70,46.46,17.71,917.94,79.33,3.59,0.42,4.67,0.21,6.36,1.80,0.00,0.00,7.26,1.54,8.46,2.96,2.32,3.43,12.92,16.80,49.00,6.88,3.74,3.62,4589.48,143.92,1737.06,184.75,137.76,1021.92,111.31,11.39,6.60,740.48,59.78,0.00,0.00,777.75,62.71,36.44,20.59,123.27,68.93,57.50,31.72,66.76,25.45,1312.42,113.42,4.57,0.53,5.85,0.26,7.92,2.24,0.00,0.00,8.59,1.82,11.43,4.00,3.09,4.57,14.43,18.76,52.78,7.41,4.24,4.11
60.30,60.3,21/11/2025 14:10:27,-0.411,15.211,,16.2,729147.0,590896.0,997558.72,0.00,0.00,93.62,69.98,472.90,51.84,36.46,29.30,315.14,24.12,0.00,0.00,510.72,44.38,17.82,12.37,101.50,39.15,41.68,22.10,55.57,18.05,704.53,61.30,3.65,0.41,6.11,0.28,6.47,1.82,0.00,0.00,4.27,1.17,3.70,2.87,2.58,3.41,12.98,16.83,48.45,6.85,3.12,3.63,4236.65,0.00,0.00,176.89,132.22,1011.69,110.90,83.54,67.14,786.87,60.23,0.00,0.00,714.60,62.10,29.73,20.64,181.20,69.89,60.92,32.30,79.85,25.93,1007.30,87.64,4.64,0.52,7.65,0.35,8.05,2.27,0.00,0.00,5.05,1.38,5.00,3.88,3.44,4.55,14.49,18.79,52.19,7.38,3.54,4.12
60.40,60.4,21/11/2025 14:11:02,-0.012,8.600,,16.2,731290.0,592299.0,997299.42,178.44,978.19,276.44,124.29,396.45,48.25,17.42,27.57,298.48,23.14,0.00,0.00,459.93,43.80,5.28,12.36,117.24,39.13,74.12,27.57,66.05,18.30,712.88,62.02,3.84,0.42,5.51,0.25,7.28,1.83,0.00,0.00,3.84,1.14,3.70,2.86,1.07,3.44,19.86,16.70,49.04,6.81,3.71,3.60,4646.69,295.90,1622.11,522.32,234.84,848.14,103.22,39.92,63.17,745.28,57.78,0.00,0.00,643.54,61.29,8.81,20.62,209.30,69.85,108.33,40.30,94.90,26.29,1019.24,88.67,4.89,0.53,6.90,0.31,9.06,2.28,0.00,0.00,4.54,1.35,5.00,3.86,1.43,4.59,22.17,18.65,52.83,7.34,4.21,4.08
60.50,60.5,21/11/2025 14:11:45,-0.387,7.869,,16.2,729475.0,594228.0,997603.17,0.00,0.00,208.41,109.58,391.03,48.95,28.63,29.13,316.04,24.09,0.00,0.00,432.16,43.49,0.00,0.00,112.07,39.14,64.58,25.77,60.39,18.18,681.93,59.52,3.57,0.40,12.75,0.64,6.76,1.80,0.00,0.00,4.08,1.13,3.30,2.84,3.51,3.43,18.69,16.75,46.90,6.86,2.04,3.55,4162.52,0.00,0.00,393.78,207.05,836.54,104.72,65.60,66.75,789.12,60.15,0.00,0.00,604.68,60.85,0.00,0.00,200.07,69.87,94.39,37.66,86.77,26.12,974.99,85.10,4.54,0.51,15.96,0.80,8.41,2.24,0.00,0.00,4.83,1.34,4.46,3.84,4.68,4.57,20.87,18.70,50.52,7.39,2.31,4.03
60.60,60.6,21/11/2025 14:12:20,-0.930,7.478,1181231.632,16.2,729392.0,595130.0,997677.55,0.00,0.00,50.31,48.44,437.19,50.21,23.71,27.65,317.39,24.03,0.00,0.00,457.58,43.52,11.88,12.39,84.04,39.05,42.66,22.16,62.76,18.26,751.69,65.33,3.17,0.39,5.57,0.25,7.90,1.83,0.00,0.00,4.12,1.13,0.95,2.84,2.41,3.46,8.97,16.85,47.17,6.82,3.00,3.57,4008.96,0.00,0.00,95.06,91.53,935.30,107.42,54.33,63.36,792.49,60.00,0.00,0.00,640.25,60.89,19.82,20.67,150.03,69.71,62.35,32.39,90.18,26.24,1074.72,93.41,4.03,0.50,6.97,0.31,9.83,2.28,0.00,0.00,4.87,1.34,1.28,3.84,3.21,4.61,10.02,18.81,50.81,7.35,3.40,4.05
60.70,60.7,21/11/2025 14:12:46,-1.592,8.669,,16.2,734035.0,594742.0,997080.42,59.89,1005.46,220.80,112.82,455.04,51.12,35.52,29.74,316.51,24.19,0.00,0.00,508.29,44.89,15.25,12.39,89.02,39.21,31.06,20.78,61.52,18.38,1035.64,89.82,3.94,0.43,4.77,0.21,7.21,1.88,0.00,0.00,5.65,1.35,5.08,2.90,2.89,3.43,11.43,16.93,46.70,6.83,3.39,3.64,4976.00,99.31,1667.33,417.19,213.17,973.48,109.36,81.39,68.15,790.30,60.40,0.00,0.00,711.20,62.81,25.44,20.67,158.92,70.00,45.40,30.37,88.39,26.41,1480.70,128.42,5.01,0.55,5.97,0.26,8.97,2.34,0.00,0.00,6.68,1.60,6.86,3.92,3.85,4.57,12.76,18.90,50.31,7.36,3.85,4.13
60.80,60.8,21/11/2025 14:13:20,-1.231,15.016,,16.2,736397.0,593463.0,997274.44,0.00,0.00,99.60,72.56,457.90,51.05,7.20,3.97,322.54,23.91,0.00,0.00,496.01,44.62,7.62,12.49,53.10,39.21,18.30,19.68,51.78,18.08,1112.47,96.73,3.39,0.41,4.78,0.21,13.28,2.38,0.00,0.00,7.90,1.56,5.45,2.88,1.97,3.47,7.40,17.12,49.12,6.87,5.75,3.61,4596.72,0.00,0.00,188.19,137.10,979.60,109.21,16.50,9.10,805.35,59.70,0.00,0.00,694.02,62.43,12.71,20.84,94.79,70.00,26.75,28.76,74.40,25.98,1590.55,138.30,4.31,0.52,5.98,0.26,16.53,2.96,0.00,0.00,9.34,1.84,7.36,3.89,2.63,4.63,8.26,19.11,52.91,7.40,6.52,4.10
60.90,60.9,21/11/2025 14:13:55,-2.481,8.664,,16.2,731491.0,589773.0,997185.75,0.00,0.00,69.69,55.93,509.80,52.84,45.88,30.56,339.65,24.39,0.00,0.00,535.50,44.70,22.98,12.51,37.41,38.61,43.43,22.41,47.59,17.83,1052.72,91.21,3.25,0.40,4.70,0.21,29.31,4.60,0.00,0.00,8.78,1.63,3.85,2.85,0.91,3.42,2.80,16.96,51.96,6.94,4.05,3.63,4793.88,0.00,0.00,131.68,105.68,1090.63,113.04,105.13,70.02,848.07,60.90,0.00,0.00,749.27,62.54,38.34,20.87,66.78,68.93,63.48,32.75,68.38,25.62,1505.12,130.41,4.14,0.51,5.88,0.26,36.48,5.73,0.00,0.00,10.38,1.93,5.20,3.85,1.21,4.56,3.13,18.94,55.97,7.48,4.59,4.12
