Exported at 01/12/2025 09:02:01, , , , , , , , , , , , , , , , , , , , , , , , , , , , , , , , , , , , , , , , , , , , , , , , , , , , , , , , , , , , , , , , , , , , , , , , , , , , , , , , , , , , , , , , , , , , , , , , , , 
Core ID:,TL09-B-30m, , , , , , , , , , , , , , , , , , , , , , , , , , , , , , , , , , , , , , , , , , , , , , , , , , , , , , , , , , , , , , , , , , , , , , , , , , , , , , , , , , , , , , , , , , , , , , , , , 
Comments:,, , , , , , , , , , , , , , , , , , , , , , , , , , , , , , , , , , , , , , , , , , , , , , , , , , , , , , , , , , , , , , , , , , , , , , , , , , , , , , , , , , , , , , , , , , , , , , , , , 
XRF Measurement Mode:,He - 15x1mm, , , , , , , , , , , , , , , , , , , , , , , , , , , , , , , , , , , , , , , , , , , , , , , , , , , , , , , , , , , , , , , , , , , , , , , , , , , , , , , , , , , , , , , , , , , , , , , , , 
Depth,Depth In Core,Time Stamp,Laser Profiler,Magnetic Susceptibility,Mag Sus in Air,XRF Total Live Time,XRF Total Counts,,XRF Elements(ppm), , , , , , , , , , , , , , , , , , , , , , , , , , , , , , , , , , , , , , , , , , , , ,XRF Oxides(ppm), , , , , , , , , , , , , , , , , , , , , , , , , , , , , , , , , , , , , , , , , , , , 
cm,cm,,mm,x10^-5 SI,x10^-5 SI,Seconds,Beam 1,Beam 2,LE (Value),Mg (Value),Mg (Error),Al (Value),Al (Error),Si (Value),Si (Error),P (Value),P (Error),S (Value),S (Error),K (Value),K (Error),Ca (Value),Ca (Error),Ti (Value),Ti (Error),V (Value),V (Error),Cr (Value),Cr (Error),Mn (Value),Mn (Error),Fe (Value),Fe (Error),Ni (Value),Ni (Error),Cu (Value),Cu (Error),Zn (Value),Zn (Error),As (Value),As (Error),Sr (Value),Sr (Error),Zr (Value),Zr (Error),Mo (Value),Mo (Error),Ba (Value),Ba (Error),Pb (Value),Pb (Error),U (Value),U (Error),LE (Value),MgO (Value),MgO (Error),Al2O3 (Value),Al2O3 (Error),SiO2 (Value),SiO2 (Error),P2O5 (Value),P2O5 (Error),SO3 (Value),SO3 (Error),K2O (Value),K2O (Error),CaO (Value),CaO (Error),TiO2 (Value),TiO2 (Error),V2O5 (Value),V2O5 (Error),Cr2O3 (Value),Cr2O3 (Error),Mn2O3 (Value),Mn2O3 (Error),Fe2O3 (Value),Fe2O3 (Error),NiO (Value),NiO (Error),CuO (Value),CuO (Error),ZnO (Value),ZnO (Error),As2O3 (Value),As2O3 (Error),SrO (Value),SrO (Error),ZrO2 (Value),ZrO2 (Error),MoO2 (Value),MoO2 (Error),BaO (Value),BaO (Error),PbO (Value),PbO (Error),UO2 (Value),UO2 (Error)
0.00,0.0,28/11/2025 09:27:25*,22.181, , , , , , , , , , , , , , , , , , , , , , , , , , , , , , , , , , , , , , , , , , , , , , , , , , , , , , , , , , , , , , , , , , , , , , , , , , , , , , , , , , , , , , , , , , , , , , , 
0.11,0.1,28/11/2025 09:27:25*,22.184, , , , , , , , , , , , , , , , , , , , , , , , , , , , , , , , , , , , , , , , , , , , , , , , , , , , , , , , , , , , , , , , , , , , , , , , , , , , , , , , , , , , , , , , , , , , , , , 
0.20,0.2,28/11/2025 09:27:25*,-7.094, , , , , , , , , , , , , , , , , , , , , , , , , , , , , , , , , , , , , , , , , , , , , , , , , , , , , , , , , , , , , , , , , , , , , , , , , , , , , , , , , , , , , , , , , , , , , , , 
0.30,0.3,28/11/2025 09:27:25*,12.255, , , , , , , , , , , , , , , , , , , , , , , , , , , , , , , , , , , , , , , , , , , , , , , , , , , , , , , , , , , , , , , , , , , , , , , , , , , , , , , , , , , , , , , , , , , , , , , 
0.40,0.4,28/11/2025 09:27:25*,-38.865, , , , , , , , , , , , , , , , , , , , , , , , , , , , , , , , , , , , , , , , , , , , , , , , , , , , , , , , , , , , , , , , , , , , , , , , , , , , , , , , , , , , , , , , , , , , , , , 
0.50,0.5,28/11/2025 09:27:25*,-0.451, , , , , , , , , , , , , , , , , , , , , , , , , , , , , , , , , , , , , , , , , , , , , , , , , , , , , , , , , , , , , , , , , , , , , , , , , , , , , , , , , , , , , , , , , , , , , , , 
0.60,0.6,28/11/2025 09:27:25*,-5.387, , , , , , , , , , , , , , , , , , , , , , , , , , , , , , , , , , , , , , , , , , , , , , , , , , , , , , , , , , , , , , , , , , , , , , , , , , , , , , , , , , , , , , , , , , , , , , , 
0.70,0.7,28/11/2025 09:27:25*,-5.800, , , , , , , , , , , , , , , , , , , , , , , , , , , , , , , , , , , , , , , , , , , , , , , , , , , , , , , , , , , , , , , , , , , , , , , , , , , , , , , , , , , , , , , , , , , , , , , 
0.80,0.8,28/11/2025 09:27:25*,-5.788, , , , , , , , , , , , , , , , , , , , , , , , , , , , , , , , , , , , , , , , , , , , , , , , , , , , , , , , , , , , , , , , , , , , , , , , , , , , , , , , , , , , , , , , , , , , , , , 
0.90,0.9,28/11/2025 09:27:25*,-5.867, , , , , , , , , , , , , , , , , , , , , , , , , , , , , , , , , , , , , , , , , , , , , , , , , , , , , , , , , , , , , , , , , , , , , , , , , , , , , , , , , , , , , , , , , , , , , , , 
1.00,1.0,28/11/2025 09:27:25*,-5.779, , , , , , , , , , , , , , , , , , , , , , , , , , , , , , , , , , , , , , , , , , , , , , , , , , , , , , , , , , , , , , , , , , , , , , , , , , , , , , , , , , , , , , , , , , , , , , , 
1.10,1.1,28/11/2025 09:27:25*,-5.913, , , , , , , , , , , , , , , , , , , , , , , , , , , , , , , , , , , , , , , , , , , , , , , , , , , , , , , , , , , , , , , , , , , , , , , , , , , , , , , , , , , , , , , , , , , , , , , 
1.20,1.2,28/11/2025 09:27:25*,-6.668, , , , , , , , , , , , , , , , , , , , , , , , , , , , , , , , , , , , , , , , , , , , , , , , , , , , , , , , , , , , , , , , , , , , , , , , , , , , , , , , , , , , , , , , , , , , , , , 
1.30,1.3,28/11/2025 09:27:25*,-6.945, , , , , , , , , , , , , , , , , , , , , , , , , , , , , , , , , , , , , , , , , , , , , , , , , , , , , , , , , , , , , , , , , , , , , , , , , , , , , , , , , , , , , , , , , , , , , , , 
1.40,1.4,28/11/2025 09:27:25*,-7.164, , , , , , , , , , , , , , , , , , , , , , , , , , , , , , , , , , , , , , , , , , , , , , , , , , , , , , , , , , , , , , , , , , , , , , , , , , , , , , , , , , , , , , , , , , , , , , , 
1.50,1.5,28/11/2025 09:27:25*,-7.224, , , , , , , , , , , , , , , , , , , , , , , , , , , , , , , , , , , , , , , , , , , , , , , , , , , , , , , , , , , , , , , , , , , , , , , , , , , , , , , , , , , , , , , , , , , , , , , 
1.60,1.6,28/11/2025 09:27:25*,-7.280, , , , , , , , , , , , , , , , , , , , , , , , , , , , , , , , , , , , , , , , , , , , , , , , , , , , , , , , , , , , , , , , , , , , , , , , , , , , , , , , , , , , , , , , , , , , , , , 
1.70,1.7,28/11/2025 09:27:25*,-7.356, , , , , , , , , , , , , , , , , , , , , , , , , , , , , , , , , , , , , , , , , , , , , , , , , , , , , , , , , , , , , , , , , , , , , , , , , , , , , , , , , , , , , , , , , , , , , , , 
1.80,1.8,28/11/2025 09:27:25*,-7.500, , , , , , , , , , , , , , , , , , , , , , , , , , , , , , , , , , , , , , , , , , , , , , , , , , , , , , , , , , , , , , , , , , , , , , , , , , , , , , , , , , , , , , , , , , , , , , , 
1.90,1.9,28/11/2025 09:27:25*,-7.674, , , , , , , , , , , , , , , , , , , , , , , , , , , , , , , , , , , , , , , , , , , , , , , , , , , , , , , , , , , , , , , , , , , , , , , , , , , , , , , , , , , , , , , , , , , , , , , 
2.00,2.0,28/11/2025 09:27:25*,-7.854, , , , , , , , , , , , , , , , , , , , , , , , , , , , , , , , , , , , , , , , , , , , , , , , , , , , , , , , , , , , , , , , , , , , , , , , , , , , , , , , , , , , , , , , , , , , , , , 
2.11,2.1,28/11/2025 09:27:25*,-7.857, , , , , , , , , , , , , , , , , , , , , , , , , , , , , , , , , , , , , , , , , , , , , , , , , , , , , , , , , , , , , , , , , , , , , , , , , , , , , , , , , , , , , , , , , , , , , , , 
2.21,2.2,28/11/2025 09:27:25*,-7.973, , , , , , , , , , , , , , , , , , , , , , , , , , , , , , , , , , , , , , , , , , , , , , , , , , , , , , , , , , , , , , , , , , , , , , , , , , , , , , , , , , , , , , , , , , , , , , , 
2.31,2.3,28/11/2025 09:27:25*,-8.000, , , , , , , , , , , , , , , , , , , , , , , , , , , , , , , , , , , , , , , , , , , , , , , , , , , , , , , , , , , , , , , , , , , , , , , , , , , , , , , , , , , , , , , , , , , , , , , 
2.41,2.4,28/11/2025 09:27:25*,-7.909, , , , , , , , , , , , , , , , , , , , , , , , , , , , , , , , , , , , , , , , , , , , , , , , , , , , , , , , , , , , , , , , , , , , , , , , , , , , , , , , , , , , , , , , , , , , , , , 
2.51,2.5,28/11/2025 09:27:25*,-7.786, , , , , , , , , , , , , , , , , , , , , , , , , , , , , , , , , , , , , , , , , , , , , , , , , , , , , , , , , , , , , , , , , , , , , , , , , , , , , , , , , , , , , , , , , , , , , , , 
2.61,2.6,28/11/2025 09:27:25*,-7.652, , , , , , , , , , , , , , , , , , , , , , , , , , , , , , , , , , , , , , , , , , , , , , , , , , , , , , , , , , , , , , , , , , , , , , , , , , , , , , , , , , , , , , , , , , , , , , , 
2.71,2.7,28/11/2025 09:27:25*,-7.706, , , , , , , , , , , , , , , , , , , , , , , , , , , , , , , , , , , , , , , , , , , , , , , , , , , , , , , , , , , , , , , , , , , , , , , , , , , , , , , , , , , , , , , , , , , , , , , 
2.81,2.8,28/11/2025 09:27:25*,-7.668, , , , , , , , , , , , , , , , , , , , , , , , , , , , , , , , , , , , , , , , , , , , , , , , , , , , , , , , , , , , , , , , , , , , , , , , , , , , , , , , , , , , , , , , , , , , , , , 
2.91,2.9,28/11/2025 09:27:25*,-7.666, , , , , , , , , , , , , , , , , , , , , , , , , , , , , , , , , , , , , , , , , , , , , , , , , , , , , , , , , , , , , , , , , , , , , , , , , , , , , , , , , , , , , , , , , , , , , , , 
3.01,3.0,28/11/2025 09:27:25*,-7.682, , , , , , , , , , , , , , , , , , , , , , , , , , , , , , , , , , , , , , , , , , , , , , , , , , , , , , , , , , , , , , , , , , , , , , , , , , , , , , , , , , , , , , , , , , , , , , , 
3.11,3.1,28/11/2025 09:27:25*,-7.577, , , , , , , , , , , , , , , , , , , , , , , , , , , , , , , , , , , , , , , , , , , , , , , , , , , , , , , , , , , , , , , , , , , , , , , , , , , , , , , , , , , , , , , , , , , , , , , 
3.21,3.2,28/11/2025 09:27:25*,-7.580, , , , , , , , , , , , , , , , , , , , , , , , , , , , , , , , , , , , , , , , , , , , , , , , , , , , , , , , , , , , , , , , , , , , , , , , , , , , , , , , , , , , , , , , , , , , , , , 
3.31,3.3,28/11/2025 09:27:25*,-7.578, , , , , , , , , , , , , , , , , , , , , , , , , , , , , , , , , , , , , , , , , , , , , , , , , , , , , , , , , , , , , , , , , , , , , , , , , , , , , , , , , , , , , , , , , , , , , , , 
3.41,3.4,28/11/2025 09:27:25*,-7.580, , , , , , , , , , , , , , , , , , , , , , , , , , , , , , , , , , , , , , , , , , , , , , , , , , , , , , , , , , , , , , , , , , , , , , , , , , , , , , , , , , , , , , , , , , , , , , , 
3.51,3.5,28/11/2025 09:27:25*,-7.551, , , , , , , , , , , , , , , , , , , , , , , , , , , , , , , , , , , , , , , , , , , , , , , , , , , , , , , , , , , , , , , , , , , , , , , , , , , , , , , , , , , , , , , , , , , , , , , 
3.61,3.6,28/11/2025 09:27:25*,-7.375, , , , , , , , , , , , , , , , , , , , , , , , , , , , , , , , , , , , , , , , , , , , , , , , , , , , , , , , , , , , , , , , , , , , , , , , , , , , , , , , , , , , , , , , , , , , , , , 
3.71,3.7,28/11/2025 09:27:25*,-7.365, , , , , , , , , , , , , , , , , , , , , , , , , , , , , , , , , , , , , , , , , , , , , , , , , , , , , , , , , , , , , , , , , , , , , , , , , , , , , , , , , , , , , , , , , , , , , , , 
3.81,3.8,28/11/2025 09:27:25*,-7.386, , , , , , , , , , , , , , , , , , , , , , , , , , , , , , , , , , , , , , , , , , , , , , , , , , , , , , , , , , , , , , , , , , , , , , , , , , , , , , , , , , , , , , , , , , , , , , , 
3.91,3.9,28/11/2025 09:27:25*,-7.473, , , , , , , , , , , , , , , , , , , , , , , , , , , , , , , , , , , , , , , , , , , , , , , , , , , , , , , , , , , , , , , , , , , , , , , , , , , , , , , , , , , , , , , , , , , , , , , 
4.01,4.0,28/11/2025 09:27:25*,-7.767, , , , , , , , , , , , , , , , , , , , , , , , , , , , , , , , , , , , , , , , , , , , , , , , , , , , , , , , , , , , , , , , , , , , , , , , , , , , , , , , , , , , , , , , , , , , , , , 
4.11,4.1,28/11/2025 09:27:25*,-8.285, , , , , , , , , , , , , , , , , , , , , , , , , , , , , , , , , , , , , , , , , , , , , , , , , , , , , , , , , , , , , , , , , , , , , , , , , , , , , , , , , , , , , , , , , , , , , , , 
4.21,4.2,28/11/2025 09:27:25*,-8.426, , , , , , , , , , , , , , , , , , , , , , , , , , , , , , , , , , , , , , , , , , , , , , , , , , , , , , , , , , , , , , , , , , , , , , , , , , , , , , , , , , , , , , , , , , , , , , , 
4.31,4.3,28/11/2025 09:27:25*,-8.076, , , , , , , , , , , , , , , , , , , , , , , , , , , , , , , , , , , , , , , , , , , , , , , , , , , , , , , , , , , , , , , , , , , , , , , , , , , , , , , , , , , , , , , , , , , , , , , 
4.41,4.4,28/11/2025 09:27:25*,-8.146, , , , , , , , , , , , , , , , , , , , , , , , , , , , , , , , , , , , , , , , , , , , , , , , , , , , , , , , , , , , , , , , , , , , , , , , , , , , , , , , , , , , , , , , , , , , , , , 
4.51,4.5,28/11/2025 09:27:25*,-8.160, , , , , , , , , , , , , , , , , , , , , , , , , , , , , , , , , , , , , , , , , , , , , , , , , , , , , , , , , , , , , , , , , , , , , , , , , , , , , , , , , , , , , , , , , , , , , , , 
4.61,4.6,28/11/2025 09:27:25*,-8.472, , , , , , , , , , , , , , , , , , , , , , , , , , , , , , , , , , , , , , , , , , , , , , , , , , , , , , , , , , , , , , , , , , , , , , , , , , , , , , , , , , , , , , , , , , , , , , , 
4.71,4.7,28/11/2025 09:27:25*,-8.280, , , , , , , , , , , , , , , , , , , , , , , , , , , , , , , , , , , , , , , , , , , , , , , , , , , , , , , , , , , , , , , , , , , , , , , , , , , , , , , , , , , , , , , , , , , , , , , 
4.81,4.8,28/11/2025 09:27:25*,-7.076, , , , , , , , , , , , , , , , , , , , , , , , , , , , , , , , , , , , , , , , , , , , , , , , , , , , , , , , , , , , , , , , , , , , , , , , , , , , , , , , , , , , , , , , , , , , , , , 
4.91,4.9,28/11/2025 09:27:25*,-7.640, , , , , , , , , , , , , , , , , , , , , , , , , , , , , , , , , , , , , , , , , , , , , , , , , , , , , , , , , , , , , , , , , , , , , , , , , , , , , , , , , , , , , , , , , , , , , , , 
5.01,5.0,28/11/2025 09:27:25*,-8.066, , , , , , , , , , , , , , , , , , , , , , , , , , , , , , , , , , , , , , , , , , , , , , , , , , , , , , , , , , , , , , , , , , , , , , , , , , , , , , , , , , , , , , , , , , , , , , , 
5.11,5.1,28/11/2025 09:27:25*,-8.350, , , , , , , , , , , , , , , , , , , , , , , , , , , , , , , , , , , , , , , , , , , , , , , , , , , , , , , , , , , , , , , , , , , , , , , , , , , , , , , , , , , , , , , , , , , , , , , 
5.21,5.2,28/11/2025 09:27:25*,-8.467, , , , , , , , , , , , , , , , , , , , , , , , , , , , , , , , , , , , , , , , , , , , , , , , , , , , , , , , , , , , , , , , , , , , , , , , , , , , , , , , , , , , , , , , , , , , , , , 
5.31,5.3,28/11/2025 09:27:25*,-8.165, , , , , , , , , , , , , , , , , , , , , , , , , , , , , , , , , , , , , , , , , , , , , , , , , , , , , , , , , , , , , , , , , , , , , , , , , , , , , , , , , , , , , , , , , , , , , , , 
5.41,5.4,28/11/2025 09:27:25*,-8.380, , , , , , , , , , , , , , , , , , , , , , , , , , , , , , , , , , , , , , , , , , , , , , , , , , , , , , , , , , , , , , , , , , , , , , , , , , , , , , , , , , , , , , , , , , , , , , , 
5.51,5.5,28/11/2025 09:27:25*,-6.963, , , , , , , , , , , , , , , , , , , , , , , , , , , , , , , , , , , , , , , , , , , , , , , , , , , , , , , , , , , , , , , , , , , , , , , , , , , , , , , , , , , , , , , , , , , , , , , 
5.61,5.6,28/11/2025 09:27:25*,-7.863, , , , , , , , , , , , , , , , , , , , , , , , , , , , , , , , , , , , , , , , , , , , , , , , , , , , , , , , , , , , , , , , , , , , , , , , , , , , , , , , , , , , , , , , , , , , , , , 
5.71,5.7,28/11/2025 09:27:25*,-8.150, , , , , , , , , , , , , , , , , , , , , , , , , , , , , , , , , , , , , , , , , , , , , , , , , , , , , , , , , , , , , , , , , , , , , , , , , , , , , , , , , , , , , , , , , , , , , , , 
5.81,5.8,28/11/2025 09:27:25*,-8.105, , , , , , , , , , , , , , , , , , , , , , , , , , , , , , , , , , , , , , , , , , , , , , , , , , , , , , , , , , , , , , , , , , , , , , , , , , , , , , , , , , , , , , , , , , , , , , , 
5.91,5.9,28/11/2025 09:27:25*,-7.972, , , , , , , , , , , , , , , , , , , , , , , , , , , , , , , , , , , , , , , , , , , , , , , , , , , , , , , , , , , , , , , , , , , , , , , , , , , , , , , , , , , , , , , , , , , , , , , 
6.01,6.0,28/11/2025 09:27:25*,-8.064, , , , , , , , , , , , , , , , , , , , , , , , , , , , , , , , , , , , , , , , , , , , , , , , , , , , , , , , , , , , , , , , , , , , , , , , , , , , , , , , , , , , , , , , , , , , , , , 
6.11,6.1,28/11/2025 09:27:25*,-8.129, , , , , , , , , , , , , , , , , , , , , , , , , , , , , , , , , , , , , , , , , , , , , , , , , , , , , , , , , , , , , , , , , , , , , , , , , , , , , , , , , , , , , , , , , , , , , , , 
6.21,6.2,28/11/2025 09:27:25*,-8.046, , , , , , , , , , , , , , , , , , , , , , , , , , , , , , , , , , , , , , , , , , , , , , , , , , , , , , , , , , , , , , , , , , , , , , , , , , , , , , , , , , , , , , , , , , , , , , , 
6.31,6.3,28/11/2025 09:27:25*,-8.118, , , , , , , , , , , , , , , , , , , , , , , , , , , , , , , , , , , , , , , , , , , , , , , , , , , , , , , , , , , , , , , , , , , , , , , , , , , , , , , , , , , , , , , , , , , , , , , 
6.41,6.4,28/11/2025 09:27:25*,-8.541, , , , , , , , , , , , , , , , , , , , , , , , , , , , , , , , , , , , , , , , , , , , , , , , , , , , , , , , , , , , , , , , , , , , , , , , , , , , , , , , , , , , , , , , , , , , , , , 
6.51,6.5,28/11/2025 09:27:25*,-9.277, , , , , , , , , , , , , , , , , , , , , , , , , , , , , , , , , , , , , , , , , , , , , , , , , , , , , , , , , , , , , , , , , , , , , , , , , , , , , , , , , , , , , , , , , , , , , , , 
6.61,6.6,28/11/2025 09:27:25*,-9.765, , , , , , , , , , , , , , , , , , , , , , , , , , , , , , , , , , , , , , , , , , , , , , , , , , , , , , , , , , , , , , , , , , , , , , , , , , , , , , , , , , , , , , , , , , , , , , , 
6.71,6.7,28/11/2025 09:27:25*,-9.510, , , , , , , , , , , , , , , , , , , , , , , , , , , , , , , , , , , , , , , , , , , , , , , , , , , , , , , , , , , , , , , , , , , , , , , , , , , , , , , , , , , , , , , , , , , , , , , 
6.81,6.8,28/11/2025 09:27:25*,-8.232, , , , , , , , , , , , , , , , , , , , , , , , , , , , , , , , , , , , , , , , , , , , , , , , , , , , , , , , , , , , , , , , , , , , , , , , , , , , , , , , , , , , , , , , , , , , , , , 
6.91,6.9,28/11/2025 09:27:25*,-8.199, , , , , , , , , , , , , , , , , , , , , , , , , , , , , , , , , , , , , , , , , , , , , , , , , , , , , , , , , , , , , , , , , , , , , , , , , , , , , , , , , , , , , , , , , , , , , , , 
7.01,7.0,28/11/2025 09:27:25*,-8.670, , , , , , , , , , , , , , , , , , , , , , , , , , , , , , , , , , , , , , , , , , , , , , , , , , , , , , , , , , , , , , , , , , , , , , , , , , , , , , , , , , , , , , , , , , , , , , , 
7.11,7.1,28/11/2025 09:27:25*,-9.119, , , , , , , , , , , , , , , , , , , , , , , , , , , , , , , , , , , , , , , , , , , , , , , , , , , , , , , , , , , , , , , , , , , , , , , , , , , , , , , , , , , , , , , , , , , , , , , 
7.21,7.2,28/11/2025 09:27:25*,-8.313, , , , , , , , , , , , , , , , , , , , , , , , , , , , , , , , , , , , , , , , , , , , , , , , , , , , , , , , , , , , , , , , , , , , , , , , , , , , , , , , , , , , , , , , , , , , , , , 
7.31,7.3,28/11/2025 09:27:25*,-8.039, , , , , , , , , , , , , , , , , , , , , , , , , , , , , , , , , , , , , , , , , , , , , , , , , , , , , , , , , , , , , , , , , , , , , , , , , , , , , , , , , , , , , , , , , , , , , , , 
7.41,7.4,28/11/2025 09:27:25*,-7.782, , , , , , , , , , , , , , , , , , , , , , , , , , , , , , , , , , , , , , , , , , , , , , , , , , , , , , , , , , , , , , , , , , , , , , , , , , , , , , , , , , , , , , , , , , , , , , , 
7.51,7.5,28/11/2025 09:27:25*,-6.668, , , , , , , , , , , , , , , , , , , , , , , , , , , , , , , , , , , , , , , , , , , , , , , , , , , , , , , , , , , , , , , , , , , , , , , , , , , , , , , , , , , , , , , , , , , , , , , 
7.61,7.6,28/11/2025 09:27:25*,-7.683, , , , , , , , , , , , , , , , , , , , , , , , , , , , , , , , , , , , , , , , , , , , , , , , , , , , , , , , , , , , , , , , , , , , , , , , , , , , , , , , , , , , , , , , , , , , , , , 
7.71,7.7,28/11/2025 09:27:25*,-6.823, , , , , , , , , , , , , , , , , , , , , , , , , , , , , , , , , , , , , , , , , , , , , , , , , , , , , , , , , , , , , , , , , , , , , , , , , , , , , , , , , , , , , , , , , , , , , , , 
7.81,7.8,28/11/2025 09:27:25*,-6.853, , , , , , , , , , , , , , , , , , , , , , , , , , , , , , , , , , , , , , , , , , , , , , , , , , , , , , , , , , , , , , , , , , , , , , , , , , , , , , , , , , , , , , , , , , , , , , , 
7.91,7.9,28/11/2025 09:27:25*,-7.500, , , , , , , , , , , , , , , , , , , , , , , , , , , , , , , , , , , , , , , , , , , , , , , , , , , , , , , , , , , , , , , , , , , , , , , , , , , , , , , , , , , , , , , , , , , , , , , 
8.01,8.0,28/11/2025 09:27:25*,-7.611, , , , , , , , , , , , , , , , , , , , , , , , , , , , , , , , , , , , , , , , , , , , , , , , , , , , , , , , , , , , , , , , , , , , , , , , , , , , , , , , , , , , , , , , , , , , , , , 
8.11,8.1,28/11/2025 09:27:25*,-8.189, , , , , , , , , , , , , , , , , , , , , , , , , , , , , , , , , , , , , , , , , , , , , , , , , , , , , , , , , , , , , , , , , , , , , , , , , , , , , , , , , , , , , , , , , , , , , , , 
8.21,8.2,28/11/2025 09:27:25*,-8.091, , , , , , , , , , , , , , , , , , , , , , , , , , , , , , , , , , , , , , , , , , , , , , , , , , , , , , , , , , , , , , , , , , , , , , , , , , , , , , , , , , , , , , , , , , , , , , , 
8.31,8.3,28/11/2025 09:27:25*,-8.701, , , , , , , , , , , , , , , , , , , , , , , , , , , , , , , , , , , , , , , , , , , , , , , , , , , , , , , , , , , , , , , , , , , , , , , , , , , , , , , , , , , , , , , , , , , , , , , 
8.41,8.4,28/11/2025 09:27:25*,-9.956, , , , , , , , , , , , , , , , , , , , , , , , , , , , , , , , , , , , , , , , , , , , , , , , , , , , , , , , , , , , , , , , , , , , , , , , , , , , , , , , , , , , , , , , , , , , , , , 
8.51,8.5,28/11/2025 09:27:25*,-9.300, , , , , , , , , , , , , , , , , , , , , , , , , , , , , , , , , , , , , , , , , , , , , , , , , , , , , , , , , , , , , , , , , , , , , , , , , , , , , , , , , , , , , , , , , , , , , , , 
8.61,8.6,28/11/2025 09:27:25*,-8.564, , , , , , , , , , , , , , , , , , , , , , , , , , , , , , , , , , , , , , , , , , , , , , , , , , , , , , , , , , , , , , , , , , , , , , , , , , , , , , , , , , , , , , , , , , , , , , , 
8.71,8.7,28/11/2025 09:27:25*,-8.083, , , , , , , , , , , , , , , , , , , , , , , , , , , , , , , , , , , , , , , , , , , , , , , , , , , , , , , , , , , , , , , , , , , , , , , , , , , , , , , , , , , , , , , , , , , , , , , 
8.81,8.8,28/11/2025 09:27:25*,-7.910, , , , , , , , , , , , , , , , , , , , , , , , , , , , , , , , , , , , , , , , , , , , , , , , , , , , , , , , , , , , , , , , , , , , , , , , , , , , , , , , , , , , , , , , , , , , , , , 
8.91,8.9,28/11/2025 09:27:25*,-7.683, , , , , , , , , , , , , , , , , , , , , , , , , , , , , , , , , , , , , , , , , , , , , , , , , , , , , , , , , , , , , , , , , , , , , , , , , , , , , , , , , , , , , , , , , , , , , , , 
9.01,9.0,28/11/2025 09:27:25*,-7.461, , , , , , , , , , , , , , , , , , , , , , , , , , , , , , , , , , , , , , , , , , , , , , , , , , , , , , , , , , , , , , , , , , , , , , , , , , , , , , , , , , , , , , , , , , , , , , , 
9.11,9.1,28/11/2025 09:27:25*,-7.636, , , , , , , , , , , , , , , , , , , , , , , , , , , , , , , , , , , , , , , , , , , , , , , , , , , , , , , , , , , , , , , , , , , , , , , , , , , , , , , , , , , , , , , , , , , , , , , 
9.21,9.2,28/11/2025 09:27:25*,-7.205, , , , , , , , , , , , , , , , , , , , , , , , , , , , , , , , , , , , , , , , , , , , , , , , , , , , , , , , , , , , , , , , , , , , , , , , , , , , , , , , , , , , , , , , , , , , , , , 
9.31,9.3,28/11/2025 09:27:25*,-6.910, , , , , , , , , , , , , , , , , , , , , , , , , , , , , , , , , , , , , , , , , , , , , , , , , , , , , , , , , , , , , , , , , , , , , , , , , , , , , , , , , , , , , , , , , , , , , , , 
9.41,9.4,28/11/2025 09:27:25*,-6.765, , , , , , , , , , , , , , , , , , , , , , , , , , , , , , , , , , , , , , , , , , , , , , , , , , , , , , , , , , , , , , , , , , , , , , , , , , , , , , , , , , , , , , , , , , , , , , , 
9.51,9.5,28/11/2025 09:27:25*,-6.370, , , , , , , , , , , , , , , , , , , , , , , , , , , , , , , , , , , , , , , , , , , , , , , , , , , , , , , , , , , , , , , , , , , , , , , , , , , , , , , , , , , , , , , , , , , , , , , 
9.61,9.6,28/11/2025 09:27:25*,-5.709, , , , , , , , , , , , , , , , , , , , , , , , , , , , , , , , , , , , , , , , , , , , , , , , , , , , , , , , , , , , , , , , , , , , , , , , , , , , , , , , , , , , , , , , , , , , , , , 
9.71,9.7,28/11/2025 09:27:25*,-5.429, , , , , , , , , , , , , , , , , , , , , , , , , , , , , , , , , , , , , , , , , , , , , , , , , , , , , , , , , , , , , , , , , , , , , , , , , , , , , , , , , , , , , , , , , , , , , , , 
9.81,9.8,28/11/2025 09:27:25*,-5.324, , , , , , , , , , , , , , , , , , , , , , , , , , , , , , , , , , , , , , , , , , , , , , , , , , , , , , , , , , , , , , , , , , , , , , , , , , , , , , , , , , , , , , , , , , , , , , , 
9.91,9.9,28/11/2025 09:27:25*,-4.588, , , , , , , , , , , , , , , , , , , , , , , , , , , , , , , , , , , , , , , , , , , , , , , , , , , , , , , , , , , , , , , , , , , , , , , , , , , , , , , , , , , , , , , , , , , , , , , 
10.01,10.0,28/11/2025 09:27:25*,-4.258, , , , , , , , , , , , , , , , , , , , , , , , , , , , , , , , , , , , , , , , , , , , , , , , , , , , , , , , , , , , , , , , , , , , , , , , , , , , , , , , , , , , , , , , , , , , , , , 
10.11,10.1,28/11/2025 09:27:25*,-3.963, , , , , , , , , , , , , , , , , , , , , , , , , , , , , , , , , , , , , , , , , , , , , , , , , , , , , , , , , , , , , , , , , , , , , , , , , , , , , , , , , , , , , , , , , , , , , , , 
10.21,10.2,28/11/2025 09:27:25*,-3.269, , , , , , , , , , , , , , , , , , , , , , , , , , , , , , , , , , , , , , , , , , , , , , , , , , , , , , , , , , , , , , , , , , , , , , , , , , , , , , , , , , , , , , , , , , , , , , , 
10.31,10.3,28/11/2025 09:27:25*,-2.926, , , , , , , , , , , , , , , , , , , , , , , , , , , , , , , , , , , , , , , , , , , , , , , , , , , , , , , , , , , , , , , , , , , , , , , , , , , , , , , , , , , , , , , , , , , , , , , 
10.41,10.4,28/11/2025 09:27:25*,-3.362, , , , , , , , , , , , , , , , , , , , , , , , , , , , , , , , , , , , , , , , , , , , , , , , , , , , , , , , , , , , , , , , , , , , , , , , , , , , , , , , , , , , , , , , , , , , , , , 
10.51,10.5,28/11/2025 09:27:25*,-4.133, , , , , , , , , , , , , , , , , , , , , , , , , , , , , , , , , , , , , , , , , , , , , , , , , , , , , , , , , , , , , , , , , , , , , , , , , , , , , , , , , , , , , , , , , , , , , , , 
10.61,10.6,28/11/2025 09:27:25*,-4.296, , , , , , , , , , , , , , , , , , , , , , , , , , , , , , , , , , , , , , , , , , , , , , , , , , , , , , , , , , , , , , , , , , , , , , , , , , , , , , , , , , , , , , , , , , , , , , , 
10.71,10.7,28/11/2025 09:27:25*,-2.559, , , , , , , , , , , , , , , , , , , , , , , , , , , , , , , , , , , , , , , , , , , , , , , , , , , , , , , , , , , , , , , , , , , , , , , , , , , , , , , , , , , , , , , , , , , , , , , 
10.81,10.8,28/11/2025 09:27:25*,-1.585, , , , , , , , , , , , , , , , , , , , , , , , , , , , , , , , , , , , , , , , , , , , , , , , , , , , , , , , , , , , , , , , , , , , , , , , , , , , , , , , , , , , , , , , , , , , , , , 
10.91,10.9,28/11/2025 09:27:25*,-1.079, , , , , , , , , , , , , , , , , , , , , , , , , , , , , , , , , , , , , , , , , , , , , , , , , , , , , , , , , , , , , , , , , , , , , , , , , , , , , , , , , , , , , , , , , , , , , , , 
11.01,11.0,28/11/2025 09:27:25*,-0.594, , , , , , , , , , , , , , , , , , , , , , , , , , , , , , , , , , , , , , , , , , , , , , , , , , , , , , , , , , , , , , , , , , , , , , , , , , , , , , , , , , , , , , , , , , , , , , , 
11.11,11.1,28/11/2025 09:27:25*,0.094, , , , , , , , , , , , , , , , , , , , , , , , , , , , , , , , , , , , , , , , , , , , , , , , , , , , , , , , , , , , , , , , , , , , , , , , , , , , , , , , , , , , , , , , , , , , , , , 
11.21,11.2,28/11/2025 09:27:25*,0.234, , , , , , , , , , , , , , , , , , , , , , , , , , , , , , , , , , , , , , , , , , , , , , , , , , , , , , , , , , , , , , , , , , , , , , , , , , , , , , , , , , , , , , , , , , , , , , , 
11.31,11.3,28/11/2025 09:27:25*,0.480, , , , , , , , , , , , , , , , , , , , , , , , , , , , , , , , , , , , , , , , , , , , , , , , , , , , , , , , , , , , , , , , , , , , , , , , , , , , , , , , , , , , , , , , , , , , , , , 
11.41,11.4,28/11/2025 09:27:25*,1.496, , , , , , , , , , , , , , , , , , , , , , , , , , , , , , , , , , , , , , , , , , , , , , , , , , , , , , , , , , , , , , , , , , , , , , , , , , , , , , , , , , , , , , , , , , , , , , , 
11.51,11.5,28/11/2025 09:27:25*,1.410, , , , , , , , , , , , , , , , , , , , , , , , , , , , , , , , , , , , , , , , , , , , , , , , , , , , , , , , , , , , , , , , , , , , , , , , , , , , , , , , , , , , , , , , , , , , , , , 
11.61,11.6,28/11/2025 09:27:25*,1.577, , , , , , , , , , , , , , , , , , , , , , , , , , , , , , , , , , , , , , , , , , , , , , , , , , , , , , , , , , , , , , , , , , , , , , , , , , , , , , , , , , , , , , , , , , , , , , , 
11.71,11.7,28/11/2025 09:27:25*,1.818, , , , , , , , , , , , , , , , , , , , , , , , , , , , , , , , , , , , , , , , , , , , , , , , , , , , , , , , , , , , , , , , , , , , , , , , , , , , , , , , , , , , , , , , , , , , , , , 
11.81,11.8,28/11/2025 09:27:25*,2.241, , , , , , , , , , , , , , , , , , , , , , , , , , , , , , , , , , , , , , , , , , , , , , , , , , , , , , , , , , , , , , , , , , , , , , , , , , , , , , , , , , , , , , , , , , , , , , , 
11.91,11.9,28/11/2025 09:27:25*,2.659, , , , , , , , , , , , , , , , , , , , , , , , , , , , , , , , , , , , , , , , , , , , , , , , , , , , , , , , , , , , , , , , , , , , , , , , , , , , , , , , , , , , , , , , , , , , , , , 
12.01,12.0,28/11/2025 09:27:25*,3.037, , , , , , , , , , , , , , , , , , , , , , , , , , , , , , , , , , , , , , , , , , , , , , , , , , , , , , , , , , , , , , , , , , , , , , , , , , , , , , , , , , , , , , , , , , , , , , , 
12.11,12.1,28/11/2025 09:27:25*,3.498, , , , , , , , , , , , , , , , , , , , , , , , , , , , , , , , , , , , , , , , , , , , , , , , , , , , , , , , , , , , , , , , , , , , , , , , , , , , , , , , , , , , , , , , , , , , , , , 
12.21,12.2,28/11/2025 09:27:25*,3.910, , , , , , , , , , , , , , , , , , , , , , , , , , , , , , , , , , , , , , , , , , , , , , , , , , , , , , , , , , , , , , , , , , , , , , , , , , , , , , , , , , , , , , , , , , , , , , , 
12.31,12.3,28/11/2025 09:27:25*,3.723, , , , , , , , , , , , , , , , , , , , , , , , , , , , , , , , , , , , , , , , , , , , , , , , , , , , , , , , , , , , , , , , , , , , , , , , , , , , , , , , , , , , , , , , , , , , , , , 
12.41,12.4,28/11/2025 09:27:25*,3.501, , , , , , , , , , , , , , , , , , , , , , , , , , , , , , , , , , , , , , , , , , , , , , , , , , , , , , , , , , , , , , , , , , , , , , , , , , , , , , , , , , , , , , , , , , , , , , , 
12.51,12.5,28/11/2025 09:27:25*,-46.359, , , , , , , , , , , , , , , , , , , , , , , , , , , , , , , , , , , , , , , , , , , , , , , , , , , , , , , , , , , , , , , , , , , , , , , , , , , , , , , , , , , , , , , , , , , , , , , 
12.61,12.6,28/11/2025 09:27:25*,-80.784, , , , , , , , , , , , , , , , , , , , , , , , , , , , , , , , , , , , , , , , , , , , , , , , , , , , , , , , , , , , , , , , , , , , , , , , , , , , , , , , , , , , , , , , , , , , , , , 
12.71,12.7,28/11/2025 09:27:25*,-80.825, , , , , , , , , , , , , , , , , , , , , , , , , , , , , , , , , , , , , , , , , , , , , , , , , , , , , , , , , , , , , , , , , , , , , , , , , , , , , , , , , , , , , , , , , , , , , , , 
12.81,12.8,28/11/2025 09:27:25*,-80.830, , , , , , , , , , , , , , , , , , , , , , , , , , , , , , , , , , , , , , , , , , , , , , , , , , , , , , , , , , , , , , , , , , , , , , , , , , , , , , , , , , , , , , , , , , , , , , , 
12.91,12.9,28/11/2025 09:27:25*,-80.836, , , , , , , , , , , , , , , , , , , , , , , , , , , , , , , , , , , , , , , , , , , , , , , , , , , , , , , , , , , , , , , , , , , , , , , , , , , , , , , , , , , , , , , , , , , , , , , 
13.01,13.0,28/11/2025 09:27:25*,-80.835, , , , , , , , , , , , , , , , , , , , , , , , , , , , , , , , , , , , , , , , , , , , , , , , , , , , , , , , , , , , , , , , , , , , , , , , , , , , , , , , , , , , , , , , , , , , , , , 
13.11,13.1,28/11/2025 09:27:25*,-80.829, , , , , , , , , , , , , , , , , , , , , , , , , , , , , , , , , , , , , , , , , , , , , , , , , , , , , , , , , , , , , , , , , , , , , , , , , , , , , , , , , , , , , , , , , , , , , , , 
13.21,13.2,28/11/2025 09:27:25*,-80.830, , , , , , , , , , , , , , , , , , , , , , , , , , , , , , , , , , , , , , , , , , , , , , , , , , , , , , , , , , , , , , , , , , , , , , , , , , , , , , , , , , , , , , , , , , , , , , , 
13.31,13.3,28/11/2025 09:27:25*,-80.836, , , , , , , , , , , , , , , , , , , , , , , , , , , , , , , , , , , , , , , , , , , , , , , , , , , , , , , , , , , , , , , , , , , , , , , , , , , , , , , , , , , , , , , , , , , , , , , 
13.41,13.4,28/11/2025 09:27:25*,-80.842, , , , , , , , , , , , , , , , , , , , , , , , , , , , , , , , , , , , , , , , , , , , , , , , , , , , , , , , , , , , , , , , , , , , , , , , , , , , , , , , , , , , , , , , , , , , , , , 
13.51,13.5,28/11/2025 09:27:25*,-80.841, , , , , , , , , , , , , , , , , , , , , , , , , , , , , , , , , , , , , , , , , , , , , , , , , , , , , , , , , , , , , , , , , , , , , , , , , , , , , , , , , , , , , , , , , , , , , , , 
13.61,13.6,28/11/2025 09:27:25*,-43.513, , , , , , , , , , , , , , , , , , , , , , , , , , , , , , , , , , , , , , , , , , , , , , , , , , , , , , , , , , , , , , , , , , , , , , , , , , , , , , , , , , , , , , , , , , , , , , , 
13.71,13.7,28/11/2025 09:27:25*,1.311, , , , , , , , , , , , , , , , , , , , , , , , , , , , , , , , , , , , , , , , , , , , , , , , , , , , , , , , , , , , , , , , , , , , , , , , , , , , , , , , , , , , , , , , , , , , , , , 
13.81,13.8,28/11/2025 09:27:25*,2.517, , , , , , , , , , , , , , , , , , , , , , , , , , , , , , , , , , , , , , , , , , , , , , , , , , , , , , , , , , , , , , , , , , , , , , , , , , , , , , , , , , , , , , , , , , , , , , , 
13.91,13.9,28/11/2025 09:27:25*,5.081, , , , , , , , , , , , , , , , , , , , , , , , , , , , , , , , , , , , , , , , , , , , , , , , , , , , , , , , , , , , , , , , , , , , , , , , , , , , , , , , , , , , , , , , , , , , , , , 
14.01,14.0,28/11/2025 09:27:25*,5.286, , , , , , , , , , , , , , , , , , , , , , , , , , , , , , , , , , , , , , , , , , , , , , , , , , , , , , , , , , , , , , , , , , , , , , , , , , , , , , , , , , , , , , , , , , , , , , , 
14.10,14.1,28/11/2025 09:27:25,5.955,8.601,1181251.670,15.6,989752.0,592110.0,952535.23,6178.74,2086.33,8764.66,1471.32,17185.77,656.88,134.42,87.48,7160.16,216.20,708.34,151.92,2205.13,79.59,57.95,24.55,150.61,55.49,99.71,38.15,113.50,21.25,4567.52,423.75,4.15,0.56,20.36,1.06,11.44,2.75,0.00,0.00,2.23,1.58,3.39,4.18,1.99,5.01,19.09,23.61,72.00,9.98,3.61,5.18,93060.21,10246.06,3459.72,16560.49,2780.01,36766.11,1405.29,308.01,200.45,17878.24,539.82,853.27,183.00,3085.43,111.36,96.69,40.96,268.86,99.06,145.74,55.76,163.07,30.53,6530.39,605.85,5.28,0.71,25.49,1.32,14.25,3.42,0.00,0.00,2.64,1.87,4.57,5.65,2.65,6.68,21.32,26.36,77.56,10.75,4.10,5.87
14.20,14.2,28/11/2025 09:27:25,6.818,10.254,,15.4,1005185.0,618416.0,943567.73,10910.76,2274.72,10042.26,1666.53,18654.79,708.08,159.02,102.15,7782.76,234.23,747.00,159.36,2357.54,82.88,65.51,27.22,148.95,57.98,96.38,38.32,235.90,42.44,5105.49,475.50,4.52,0.62,7.12,0.33,10.04,2.86,0.00,0.00,3.11,1.66,1.96,4.52,3.39,5.44,13.93,24.68,78.48,10.57,3.36,5.54,109268.53,18093.04,3772.11,18974.48,3148.84,39908.84,1514.82,364.37,234.06,19432.80,584.85,899.84,191.97,3298.68,115.97,109.31,45.41,265.89,103.51,140.86,56.00,338.95,60.98,7299.54,679.84,5.75,0.79,8.91,0.41,12.50,3.56,0.00,0.00,3.68,1.96,2.65,6.11,4.52,7.26,15.56,27.55,84.54,11.39,3.81,6.29
14.30,14.3,28/11/2025 09:27:25,5.492,9.263,,15.3,1003107.0,633741.0,945514.79,10381.68,2276.86,9789.27,1628.86,18386.46,698.98,91.80,67.22,7598.54,229.30,750.58,158.99,2286.45,81.85,119.07,36.93,146.32,57.30,88.44,36.70,161.96,29.58,4547.83,421.41,4.75,0.61,14.91,0.73,13.10,2.82,0.00,0.00,3.40,1.70,3.36,4.51,4.44,5.53,17.91,24.46,71.44,10.18,3.48,5.40,105813.99,17215.70,3775.66,18496.46,3077.66,39334.79,1495.36,210.36,154.03,18972.84,572.53,904.15,191.52,3199.21,114.52,198.67,61.62,261.20,102.30,129.26,53.64,232.71,42.50,6502.23,602.50,6.05,0.78,18.66,0.91,16.31,3.51,0.00,0.00,4.03,2.02,4.54,6.10,5.92,7.38,19.99,27.32,76.96,10.97,3.95,6.13
14.40,14.4,28/11/2025 09:27:25,3.781,7.606,,15.2,1009888.0,655522.0,947038.14,9030.85,2215.96,10095.11,1675.32,18176.76,691.93,67.93,54.04,7366.16,222.99,679.60,151.31,2297.73,82.31,31.49,18.59,135.05,57.56,67.27,33.24,170.82,31.28,4702.68,436.72,4.85,0.63,14.96,0.74,9.43,2.82,0.00,0.00,3.93,1.73,3.69,4.57,3.34,5.63,23.70,24.62,72.40,10.39,4.08,5.67,103038.91,14975.65,3674.67,19074.33,3165.46,38886.18,1480.28,155.66,123.83,18392.60,556.79,818.65,182.27,3215.00,115.17,52.55,31.02,241.09,102.76,98.32,48.59,245.44,44.95,6723.63,624.39,6.17,0.81,18.73,0.93,11.74,3.51,0.00,0.00,4.65,2.05,4.99,6.17,4.45,7.50,26.46,27.49,77.99,11.19,4.63,6.43
14.50,14.5,28/11/2025 09:27:25,2.688,8.202,,15.2,1002494.0,658526.0,948290.57,8571.84,2142.00,9446.25,1574.67,18067.70,687.62,12.11,12.56,6854.65,208.26,647.77,145.07,2260.86,81.56,53.91,24.21,115.43,56.88,57.96,31.70,220.20,39.87,5227.92,488.08,5.10,0.64,51.59,4.15,12.51,2.89,0.00,0.00,3.47,1.72,3.19,4.62,2.71,5.73,14.33,24.44,74.12,10.39,5.79,5.79,100175.33,14214.47,3552.02,17848.34,2975.29,38652.86,1471.04,27.74,28.78,17115.40,520.00,780.31,174.76,3163.40,114.11,89.94,40.40,206.07,101.54,84.72,46.33,316.39,57.29,7474.59,697.82,6.50,0.81,64.58,5.20,15.57,3.60,0.00,0.00,4.10,2.03,4.31,6.24,3.62,7.64,16.00,27.29,79.85,11.19,6.57,6.57
14.60,14.6,28/11/2025 09:27:25,3.103,11.569,1181250.022,15.3,990006.0,658100.0,951402.22,8068.52,2098.58,8934.01,1494.53,16485.64,633.52,37.65,32.66,6562.02,199.95,653.88,144.39,2129.69,79.11,75.12,28.96,123.59,55.73,68.18,32.74,123.93,23.17,5182.50,483.90,4.66,0.62,36.49,2.42,12.83,2.96,0.00,0.00,4.34,1.71,1.62,4.53,2.95,5.65,14.82,23.91,70.10,10.33,5.25,5.49,93977.31,13379.83,3480.03,16880.48,2823.87,35268.31,1355.31,86.26,74.83,16384.72,499.25,787.66,173.94,2979.88,110.70,125.34,48.32,220.62,99.49,99.65,47.85,178.07,33.30,7409.64,691.86,5.93,0.80,45.67,3.03,15.97,3.68,0.00,0.00,5.13,2.02,2.18,6.12,3.94,7.54,16.55,26.70,75.51,11.13,5.95,6.23
14.70,14.7,28/11/2025 09:27:25,2.423,11.903,,15.3,994830.0,655387.0,948833.18,10131.08,2195.34,8924.02,1493.31,16832.61,645.23,120.72,79.24,6218.33,190.45,645.63,143.14,2227.84,79.99,61.36,25.96,130.21,56.36,71.22,33.36,155.98,28.57,5466.85,511.55,4.68,0.61,70.77,7.11,11.90,2.93,0.00,0.00,3.70,1.71,3.47,4.55,3.75,5.70,8.49,24.11,67.01,10.18,7.19,5.76,98062.92,16800.12,3640.48,16861.60,2821.56,36010.60,1380.37,276.62,181.57,15526.56,475.53,777.73,172.43,3117.21,111.92,102.37,43.31,232.45,100.61,104.09,48.75,224.11,41.05,7816.19,731.38,5.96,0.78,88.59,8.90,14.82,3.65,0.00,0.00,4.38,2.02,4.69,6.14,5.00,7.61,9.48,26.92,72.18,10.97,8.16,6.54
14.80,14.8,28/11/2025 09:27:25,2.646,11.109,,15.3,985092.0,650701.0,950213.27,9777.04,2176.99,9112.69,1522.26,16206.90,624.86,18.73,18.17,6452.71,197.09,551.22,132.92,2131.74,78.90,43.37,20.42,135.38,55.41,83.75,35.21,283.08,51.08,4786.24,445.01,4.59,0.60,72.01,7.42,11.69,2.82,0.00,0.00,4.35,1.67,3.52,4.47,3.55,5.52,27.76,23.71,71.67,10.15,4.73,5.51,95829.58,16213.02,3610.04,17218.09,2876.26,34671.99,1336.79,42.91,41.64,16111.81,492.11,664.00,160.12,2982.74,110.40,72.36,34.08,241.67,98.92,122.41,51.46,406.74,73.39,6843.10,636.25,5.84,0.76,90.14,9.29,14.55,3.51,0.00,0.00,5.15,1.98,4.75,6.03,4.73,7.36,31.00,26.48,77.21,10.93,5.37,6.25
14.90,14.9,28/11/2025 09:27:25,3.965,16.664,,15.4,976350.0,641982.0,950885.41,9443.56,2146.57,9089.72,1517.19,16161.96,622.47,21.58,20.37,6172.55,189.15,577.77,134.74,2148.57,78.44,45.74,21.18,70.20,54.37,77.09,33.84,180.47,32.41,4947.83,460.87,4.99,0.61,65.57,6.32,9.79,2.73,0.00,0.00,2.44,1.64,4.62,4.46,2.83,5.46,15.23,23.58,67.96,10.09,4.11,5.41,94430.70,15660.03,3559.61,17174.69,2866.68,34575.84,1331.67,49.45,46.68,15412.27,472.28,695.98,162.31,3006.29,109.75,76.32,35.34,125.33,97.06,112.67,49.47,259.31,46.56,7074.13,658.93,6.35,0.78,82.07,7.91,12.19,3.40,0.00,0.00,2.89,1.94,6.24,6.02,3.77,7.29,17.01,26.33,73.21,10.87,4.66,6.14
15.00,15.0,28/11/2025 09:27:25,3.300,9.788,,15.4,969474.0,633080.0,954741.43,7873.38,2053.74,7826.42,1324.43,15246.03,590.90,164.63,100.05,5532.79,171.08,508.86,125.46,1990.09,75.63,77.72,28.91,108.19,53.47,88.13,35.39,169.75,30.45,5487.87,514.03,4.32,0.58,75.71,8.14,12.97,2.83,0.00,0.00,4.61,1.66,5.91,4.39,5.63,5.39,8.99,23.02,62.02,9.82,4.58,5.38,86811.04,13056.23,3405.67,14787.72,2502.47,32616.36,1264.13,377.22,229.25,13814.84,427.17,612.97,151.13,2784.54,105.83,129.68,48.23,193.14,95.46,128.81,51.72,243.90,43.75,7846.25,734.93,5.50,0.74,94.77,10.19,16.14,3.52,0.00,0.00,5.45,1.97,7.99,5.92,7.50,7.19,10.03,25.70,66.81,10.58,5.20,6.10
15.10,15.1,28/11/2025 09:27:25,3.003,10.974,1181249.028,15.4,970669.0,631755.0,956652.99,6101.69,1972.92,7731.65,1308.15,14216.76,555.87,81.82,56.67,5483.43,169.35,499.17,123.74,1983.02,75.15,47.30,21.30,108.20,53.05,69.16,31.79,217.56,38.75,6658.91,629.15,4.96,0.62,34.52,2.20,14.67,2.90,0.00,0.00,3.46,1.68,3.87,4.42,2.94,5.45,7.62,22.78,70.99,9.99,5.32,5.52,82774.71,10118.28,3271.64,14608.66,2471.71,30414.41,1189.19,187.48,129.85,13691.60,422.86,601.31,149.06,2774.66,105.14,78.92,35.54,193.16,94.71,101.08,46.47,312.60,55.68,9520.54,899.53,6.31,0.79,43.21,2.76,18.26,3.61,0.00,0.00,4.09,1.98,5.22,5.97,3.92,7.27,8.50,25.44,76.47,10.76,6.03,6.27
15.20,15.2,28/11/2025 09:27:25,2.894,13.685,,15.4,989510.0,637877.0,953010.28,6749.83,2060.88,7839.05,1328.64,14908.75,580.87,80.97,57.66,5725.87,176.95,591.74,135.10,2075.38,77.35,48.70,21.97,116.08,54.16,84.85,35.02,526.04,102.04,8066.47,767.33,4.78,0.66,54.27,4.39,13.19,3.01,0.00,0.00,4.16,1.75,5.56,4.73,4.97,5.75,11.74,23.24,72.38,10.72,4.93,5.86,88906.14,11193.09,3417.51,14811.59,2510.42,31894.81,1242.67,185.53,132.11,14296.94,441.84,712.81,162.75,2903.89,108.23,81.25,36.66,207.23,96.69,124.01,51.18,755.83,146.61,11532.99,1097.08,6.08,0.84,67.94,5.49,16.42,3.75,0.00,0.00,4.92,2.07,7.51,6.39,6.63,7.67,13.11,25.94,77.97,11.54,5.59,6.65
15.30,15.3,28/11/2025 09:27:25,3.128,12.232,,15.3,997187.0,644399.0,950656.23,8197.70,2079.66,7634.48,1297.17,15561.24,602.73,77.76,56.52,5972.52,183.94,676.46,144.53,2143.71,78.49,86.38,31.03,119.28,54.99,68.60,32.53,450.96,85.47,8167.44,777.04,4.86,0.66,69.90,6.69,12.73,3.04,0.00,0.00,4.06,1.83,5.89,4.81,4.37,5.86,6.76,23.60,73.49,10.83,5.17,5.94,93218.49,13594.05,3448.65,14425.06,2450.96,33290.70,1289.44,178.18,129.51,14912.81,459.28,814.87,174.10,2999.49,109.82,144.12,51.77,212.94,98.17,100.26,47.55,647.96,122.80,11677.35,1110.97,6.18,0.84,87.50,8.37,15.84,3.78,0.00,0.00,4.81,2.17,7.96,6.50,5.83,7.81,7.54,26.35,79.17,11.67,5.87,6.74
15.40,15.4,28/11/2025 09:27:25,3.686,9.387,,15.3,989970.0,644951.0,950438.15,8584.07,2119.01,8146.77,1374.91,15708.26,608.05,61.30,47.31,6020.94,184.93,609.86,138.11,2168.80,78.81,64.89,26.42,118.61,55.04,81.39,34.62,515.64,99.58,7274.82,689.08,4.74,0.65,83.83,9.30,12.73,3.00,0.00,0.00,2.81,1.75,3.87,4.75,3.12,5.82,19.39,23.59,71.70,10.77,4.32,5.87,94000.70,14234.76,3513.91,15393.02,2597.84,33605.24,1300.82,140.45,108.41,15033.71,461.75,734.64,166.37,3034.60,110.27,108.27,44.08,211.75,98.25,118.96,50.60,740.89,143.08,10401.13,985.20,6.03,0.83,104.93,11.64,15.85,3.73,0.00,0.00,3.32,2.07,5.22,6.41,4.16,7.77,21.65,26.34,77.23,11.61,4.90,6.66
15.50,15.5,28/11/2025 09:27:25,3.799,8.597,,15.3,988146.0,643843.0,951847.97,6978.28,2075.56,8473.61,1424.65,16178.91,623.02,101.57,68.74,6118.49,187.17,717.35,149.22,2199.68,78.96,75.39,28.74,74.32,54.33,94.97,37.13,288.69,52.16,6653.76,628.10,4.94,0.65,74.95,7.75,13.86,2.99,0.00,0.00,3.98,1.75,3.75,4.64,4.26,5.69,8.06,23.56,77.54,10.76,5.68,5.76,92203.54,11571.91,3441.86,16010.56,2691.83,34612.11,1332.84,232.74,157.50,15277.28,467.35,864.12,179.75,3077.81,110.48,125.78,47.95,132.68,96.99,138.81,54.26,414.80,74.95,9513.17,898.02,6.28,0.82,93.82,9.70,17.25,3.73,0.00,0.00,4.71,2.07,5.06,6.27,5.67,7.59,9.00,26.31,83.53,11.60,6.44,6.53
15.60,15.6,28/11/2025 09:27:25,2.625,8.531,1181248.894,15.4,982856.0,640307.0,952164.52,7068.43,1996.69,7954.02,1343.00,15865.64,611.71,147.42,91.78,6267.60,191.63,689.80,146.21,2110.19,77.96,112.52,35.02,144.97,54.74,86.58,35.41,438.55,82.67,6806.40,643.03,5.02,0.64,15.42,0.76,12.91,2.96,0.00,0.00,3.61,1.75,4.39,4.61,5.62,5.64,19.14,23.35,72.03,10.68,5.24,5.76,91562.00,11721.40,3311.07,15028.83,2537.55,33941.92,1308.65,337.78,210.31,15649.59,478.49,830.94,176.13,2952.59,109.09,187.74,58.43,258.80,97.72,126.54,51.75,630.12,118.78,9731.40,919.36,6.39,0.82,19.30,0.95,16.07,3.68,0.00,0.00,4.26,2.07,5.93,6.22,7.49,7.52,21.37,26.07,77.59,11.50,5.94,6.53
15.70,15.7,28/11/2025 09:27:25,2.648,10.316,,15.4,977464.0,634816.0,952556.32,7167.53,1991.87,7847.33,1327.45,16056.68,618.10,125.82,81.14,6223.36,190.60,577.22,133.83,2116.35,77.62,107.19,34.17,77.95,53.87,86.74,35.45,400.06,74.53,6486.60,611.69,4.75,0.63,56.86,4.84,12.25,2.97,0.00,0.00,4.20,1.70,4.22,4.51,3.63,5.60,10.07,23.37,70.59,10.44,4.28,5.68,91041.45,11885.73,3303.08,14827.24,2508.17,34350.62,1322.32,288.30,185.92,15539.12,475.90,695.32,161.22,2961.21,108.61,178.85,57.01,139.16,96.16,126.77,51.82,574.83,107.08,9274.18,874.56,6.04,0.80,71.18,6.06,15.24,3.69,0.00,0.00,4.97,2.01,5.70,6.10,4.84,7.47,11.24,26.10,76.04,11.24,4.85,6.45
15.80,15.8,28/11/2025 09:27:25,3.022,9.526,,15.4,966424.0,630725.0,956301.91,5844.07,1927.82,7796.77,1317.96,14943.71,580.11,102.19,68.14,5578.81,172.57,637.33,137.31,2060.34,75.65,129.08,36.42,138.57,53.06,84.27,34.48,536.22,104.41,5669.82,531.81,4.06,0.58,55.63,4.75,11.36,2.81,0.00,0.00,3.95,1.67,5.18,4.37,3.33,5.35,15.77,22.69,73.43,10.23,4.19,5.48,83876.15,9691.09,3196.86,14731.71,2490.24,31969.61,1241.04,234.16,156.14,13929.74,430.88,767.73,165.40,2882.84,105.85,215.37,60.76,247.37,94.72,123.16,50.40,770.47,150.02,8106.39,760.36,5.16,0.74,69.64,5.95,14.14,3.50,0.00,0.00,4.67,1.97,7.00,5.90,4.44,7.14,17.61,25.33,79.10,11.02,4.76,6.22
15.90,15.9,28/11/2025 09:27:25,3.321,9.789,,15.4,966684.0,631711.0,957305.37,5798.55,1912.85,7606.97,1288.40,14741.12,573.50,48.15,58.47,5407.64,167.85,579.52,131.53,2030.45,75.28,22.72,17.16,77.65,52.64,99.84,37.46,565.38,111.16,5558.63,521.08,4.63,0.61,36.04,2.38,9.57,2.71,0.00,0.00,3.31,1.62,6.60,4.36,3.32,5.31,22.42,22.79,68.13,9.95,4.01,5.44,81942.01,9615.59,3172.04,14373.08,2434.39,31536.19,1226.90,110.33,133.97,13502.35,419.09,698.09,158.44,2841.01,105.33,37.91,28.64,138.62,93.97,145.92,54.75,812.35,159.72,7947.41,745.01,5.89,0.78,45.11,2.98,11.91,3.37,0.00,0.00,3.91,1.92,8.91,5.89,4.42,7.08,25.03,25.44,73.39,10.72,4.54,6.17
16.00,16.0,28/11/2025 09:27:25,3.674,9.985,,15.4,972499.0,637837.0,957264.22,6705.36,2019.96,7229.16,1233.46,14421.57,563.06,0.88,0.94,5720.08,176.40,536.24,128.53,2034.91,75.73,93.75,31.95,84.02,53.08,71.02,32.33,365.11,67.58,5331.88,499.00,4.70,0.60,42.82,3.13,13.20,2.81,0.00,0.00,3.01,1.62,4.25,4.33,2.68,5.30,2.45,23.00,64.46,9.85,4.22,5.37,82132.76,11119.33,3349.65,13659.23,2330.57,30852.57,1204.57,2.02,2.16,14282.49,440.46,645.96,154.82,2847.27,105.96,156.42,53.30,150.00,94.76,103.80,47.26,524.61,97.10,7623.22,713.45,5.98,0.77,53.60,3.91,16.43,3.50,0.00,0.00,3.56,1.92,5.74,5.85,3.58,7.06,2.73,25.68,69.44,10.61,4.79,6.09
16.10,16.1,28/11/2025 09:27:25,3.459,10.586,1181248.694,15.4,970354.0,640923.0,956912.68,6269.36,1917.89,7997.13,1345.81,13838.39,543.34,140.13,86.89,5883.66,181.02,527.83,127.84,2048.72,76.19,82.48,29.88,82.28,53.14,85.02,34.81,580.16,114.74,5367.32,502.40,4.17,0.59,78.76,8.74,12.50,2.90,0.00,0.00,4.28,1.66,3.73,4.45,3.03,5.41,5.31,23.02,67.23,9.96,5.82,5.51,82760.80,10396.33,3180.39,15110.28,2542.86,29604.94,1162.39,321.09,199.11,14690.94,452.00,635.83,154.00,2866.58,106.61,137.62,49.85,146.89,94.87,124.26,50.87,833.59,164.86,7673.90,718.31,5.31,0.75,98.59,10.94,15.56,3.61,0.00,0.00,5.06,1.96,5.04,6.01,4.04,7.22,5.93,25.70,72.42,10.73,6.60,6.25
16.20,16.2,28/11/2025 09:27:25,3.423,10.977,,15.4,974815.0,639024.0,956847.34,6236.30,2010.70,7594.41,1288.14,14477.13,564.71,88.61,60.47,5667.62,174.88,547.49,130.68,2006.00,76.39,121.84,36.53,61.97,53.19,73.24,32.85,552.22,108.31,5588.27,524.02,4.53,0.60,24.34,1.35,11.65,2.83,0.00,0.00,4.64,1.69,1.33,4.44,3.69,5.45,3.84,23.18,78.17,10.26,5.36,5.56,82844.89,10341.50,3334.29,14349.35,2433.89,30971.43,1208.11,203.05,138.55,14151.51,436.66,659.51,157.41,2806.80,106.89,203.30,60.95,110.64,94.95,107.04,48.01,793.45,155.62,7989.80,749.21,5.77,0.77,30.46,1.70,14.50,3.52,0.00,0.00,5.49,1.99,1.80,5.99,4.92,7.26,4.28,25.88,84.21,11.05,6.08,6.31
16.30,16.3,28/11/2025 09:27:25,3.177,9.725,,15.4,971499.0,639572.0,957655.62,6173.69,2008.02,7387.19,1257.74,14451.16,563.99,152.57,93.97,5798.41,178.90,583.04,133.75,2027.24,75.73,99.91,32.90,57.68,52.78,108.11,39.32,439.34,83.25,4922.70,458.95,4.73,0.60,40.52,2.88,10.28,2.67,0.00,0.00,4.34,1.65,2.48,4.28,3.82,5.28,7.72,23.00,63.43,9.81,6.03,5.43,81741.93,10237.67,3329.86,13957.82,2376.45,30915.87,1206.55,349.59,215.33,14478.08,446.69,702.33,161.12,2836.53,105.96,166.70,54.89,102.97,94.22,158.01,57.47,631.25,119.62,7038.19,656.18,6.01,0.76,50.72,3.60,12.80,3.32,0.00,0.00,5.14,1.95,3.35,5.78,5.10,7.05,8.62,25.68,68.33,10.57,6.84,6.16
16.40,16.4,28/11/2025 09:27:25,2.261,8.666,,15.5,954660.0,629773.0,958194.26,6341.36,1931.82,7616.17,1288.60,14672.06,569.78,49.83,57.27,5424.17,167.67,616.92,134.61,1984.86,74.47,88.75,30.58,79.19,52.01,88.40,34.99,414.30,77.55,4313.76,399.43,4.39,0.57,15.53,0.77,10.08,2.69,0.17,0.21,4.72,1.61,4.39,4.17,2.26,5.14,8.38,22.55,61.21,9.30,4.82,5.29,80787.45,10515.72,3203.50,14390.47,2434.77,31388.46,1218.96,114.19,131.22,13543.64,418.66,743.15,162.15,2777.23,104.20,148.08,51.02,141.38,92.85,129.21,51.14,595.28,111.42,6167.58,571.08,5.59,0.73,19.44,0.97,12.54,3.35,0.22,0.27,5.58,1.91,5.93,5.63,3.01,6.85,9.35,25.17,65.93,10.02,5.47,6.00
16.50,16.5,28/11/2025 09:27:25,1.774,10.316,,15.4,960749.0,633445.0,955570.03,7435.16,2027.62,7926.80,1336.69,15229.37,588.90,199.34,117.38,5668.69,174.60,637.02,138.16,2087.95,76.19,125.67,36.51,116.73,53.45,69.26,32.06,397.82,74.18,4411.10,408.79,4.69,0.58,29.90,1.82,10.26,2.67,0.00,0.00,3.99,1.61,3.02,4.25,4.06,5.21,4.53,23.00,60.30,9.55,4.29,5.28,85730.35,12329.55,3362.35,14977.39,2525.62,32580.72,1259.85,456.76,268.97,14154.18,435.96,767.36,166.43,2921.48,106.60,209.67,60.92,208.39,95.41,101.23,46.86,571.60,106.58,6306.74,584.46,5.97,0.74,37.43,2.27,12.78,3.32,0.00,0.00,4.72,1.90,4.08,5.75,5.41,6.94,5.05,25.68,64.96,10.29,4.87,5.99
16.60,16.6,28/11/2025 09:27:25,2.064,9.191,1181248.567,15.4,968662.0,641431.0,958177.69,6292.40,1980.24,7367.33,1253.24,14316.86,558.87,75.58,53.21,5746.78,176.82,653.57,140.38,2038.83,76.08,144.03,38.95,151.67,53.75,93.42,36.30,369.14,68.31,4421.96,410.06,4.43,0.58,36.73,2.48,12.77,2.75,0.00,0.00,3.64,1.61,3.10,4.28,3.83,5.32,10.62,22.89,69.76,9.88,5.87,5.33,80820.81,10434.54,3283.79,13920.30,2367.96,30628.57,1195.62,173.18,121.93,14349.15,441.50,787.29,169.11,2852.74,106.44,240.32,64.98,270.76,95.95,136.54,53.05,530.40,98.15,6322.27,586.29,5.64,0.74,45.97,3.11,15.90,3.42,0.00,0.00,4.30,1.91,4.19,5.78,5.11,7.09,11.85,25.56,75.14,10.65,6.65,6.04
16.70,16.7,28/11/2025 09:27:25,2.882,9.782,,15.4,971775.0,642746.0,956515.16,7578.11,1995.11,7707.79,1302.96,14515.42,565.46,59.50,44.46,5580.66,172.09,580.78,133.73,2053.94,76.44,107.93,33.94,128.37,53.59,93.27,36.40,397.24,74.27,4530.08,420.59,5.28,0.62,34.06,2.21,12.39,2.75,0.00,0.00,4.51,1.65,5.24,4.33,4.50,5.33,20.78,22.98,62.10,9.71,2.89,5.29,83597.48,12566.59,3308.44,14563.59,2461.89,31053.34,1209.71,136.33,101.87,13934.38,429.69,699.61,161.09,2873.89,106.95,180.07,56.62,229.16,95.66,136.32,53.20,570.77,106.72,6476.85,601.33,6.72,0.79,42.64,2.76,15.42,3.42,0.00,0.00,5.34,1.95,7.08,5.85,6.01,7.10,23.20,25.66,66.89,10.46,3.28,6.00
16.80,16.8,28/11/2025 09:27:25,3.206,9.915,,15.3,981353.0,647343.0,956411.13,6819.04,2003.04,7868.30,1329.46,14500.86,565.70,43.38,35.67,5982.28,183.54,736.19,150.15,2156.34,77.74,137.25,38.84,54.48,53.79,83.15,34.76,352.56,65.05,4721.53,439.25,4.48,0.59,13.09,0.63,14.51,2.86,0.00,0.00,4.15,1.66,7.55,4.35,2.99,5.40,6.59,23.46,75.92,10.21,4.22,5.39,83995.58,11307.85,3321.60,14866.86,2511.96,31022.21,1210.22,99.39,81.74,14937.19,458.27,886.82,180.87,3017.16,108.77,229.00,64.80,97.26,96.03,121.53,50.81,506.57,93.46,6750.58,628.02,5.70,0.76,16.38,0.79,18.06,3.56,0.00,0.00,4.90,1.96,10.20,5.87,3.99,7.20,7.35,26.19,81.78,11.00,4.79,6.11
16.90,16.9,28/11/2025 09:27:25,3.773,8.795,,15.2,1003520.0,660255.0,952309.12,8135.99,2087.69,8451.80,1420.44,15258.88,593.14,56.08,44.31,6684.30,203.06,625.52,142.76,2226.99,80.63,197.17,45.96,139.55,56.22,89.56,36.49,461.54,88.14,5190.65,484.80,5.26,0.64,47.22,3.62,12.79,2.97,0.00,0.00,4.91,1.76,3.36,4.62,5.39,5.71,13.78,24.09,74.91,10.46,5.23,5.67,91787.74,13491.72,3461.96,15969.36,2683.87,32643.85,1268.92,128.50,101.52,16690.06,507.01,753.51,171.97,3116.01,112.81,328.98,76.69,249.13,100.36,130.90,53.33,663.16,126.64,7421.30,693.14,6.69,0.82,59.10,4.53,15.91,3.70,0.00,0.00,5.81,2.08,4.54,6.23,7.18,7.62,15.38,26.90,80.70,11.27,5.94,6.43
17.00,17.0,28/11/2025 09:27:25,3.677,13.753,,15.2,1010321.0,663440.0,953380.23,7932.89,2148.20,8259.65,1395.31,15311.58,595.96,4.78,5.21,6835.29,207.97,662.91,147.34,2243.10,80.94,170.46,43.59,130.58,56.33,82.80,35.38,245.76,44.65,4584.41,425.83,5.05,0.62,44.41,3.32,11.68,2.83,0.00,0.00,3.94,1.69,5.74,4.56,2.07,5.64,8.37,24.20,69.18,10.04,5.12,5.54,90260.52,13154.93,3562.32,15606.30,2636.39,32756.59,1274.95,10.96,11.93,17067.06,519.29,798.54,177.49,3138.56,113.25,284.42,72.73,233.11,100.56,121.01,51.72,353.11,64.15,6554.53,608.83,6.43,0.79,55.60,4.15,14.54,3.52,0.00,0.00,4.66,2.00,7.76,6.15,2.76,7.52,9.35,27.02,74.52,10.81,5.81,6.29
17.10,17.1,28/11/2025 09:27:25,3.992,10.382,1181246.979,15.2,1007360.0,662106.0,953947.69,7666.53,2136.83,8588.62,1443.74,14808.22,578.12,55.21,43.82,6441.14,196.56,697.68,150.27,2232.35,80.49,50.35,23.26,106.33,55.94,82.74,35.22,425.70,80.56,4760.13,442.99,4.98,0.62,22.75,1.24,12.46,2.85,0.00,0.00,4.86,1.72,2.46,4.51,4.42,5.58,7.23,24.06,71.70,10.35,6.45,5.63,88764.31,12713.23,3543.46,16227.87,2727.89,31679.74,1236.79,126.51,100.40,16082.91,490.79,840.43,181.02,3123.51,112.62,84.00,38.81,189.81,99.87,120.93,51.47,611.67,115.75,6805.77,633.36,6.34,0.79,28.48,1.56,15.51,3.54,0.00,0.00,5.75,2.03,3.32,6.09,5.89,7.44,8.08,26.87,77.24,11.15,7.31,6.38
17.20,17.2,28/11/2025 09:27:25,4.134,10.842,,15.2,1013370.0,662653.0,953044.30,7949.19,2181.52,8490.59,1432.91,15836.35,614.34,26.69,25.07,6499.98,198.50,654.52,146.84,2187.42,80.13,112.37,36.25,132.21,56.47,74.32,33.96,359.75,66.86,4463.57,414.04,5.21,0.63,40.54,2.87,12.85,2.91,0.00,0.00,5.01,1.71,4.81,4.52,2.24,5.61,21.18,24.22,71.84,10.29,5.07,5.49,90870.28,13181.95,3617.57,16042.65,2707.42,33879.25,1314.28,61.16,57.44,16229.83,495.63,788.43,176.88,3060.65,112.12,187.49,60.49,236.03,100.81,108.63,49.64,516.91,96.07,6381.76,591.97,6.62,0.80,50.74,3.60,16.00,3.62,0.00,0.00,5.92,2.02,6.50,6.10,2.98,7.48,23.65,27.04,77.38,11.09,5.75,6.22
17.30,17.3,28/11/2025 09:27:25,3.232,9.123,,15.1,1022325.0,671822.0,948784.17,9349.86,2207.73,9662.65,1608.77,17296.97,662.96,153.96,98.65,7009.59,213.19,632.29,147.49,2214.79,82.27,112.27,37.10,110.51,57.69,89.53,37.16,323.36,59.57,4116.96,380.17,5.22,0.65,27.51,1.61,11.76,2.84,0.00,0.00,3.89,1.72,4.85,4.64,7.50,5.76,5.59,24.87,72.93,10.44,3.86,5.59,99513.83,15504.64,3661.03,18257.21,3039.70,37004.02,1418.30,352.78,226.04,17502.27,532.32,761.66,177.66,3098.95,115.11,187.32,61.90,197.29,102.99,130.85,54.31,464.62,85.59,5886.20,543.54,6.64,0.82,34.43,2.02,14.64,3.54,0.00,0.00,4.60,2.03,6.55,6.27,10.00,7.68,6.24,27.77,78.56,11.25,4.38,6.34
17.40,17.4,28/11/2025 09:27:25,2.389,8.658,,15.0,1042818.0,681543.0,945637.21,9398.37,2310.61,10188.25,1693.05,18052.95,689.32,220.63,134.29,7799.29,235.12,626.95,150.29,2462.61,86.00,114.26,37.77,89.55,58.84,103.26,40.29,311.23,57.46,4853.24,451.54,5.38,0.66,14.86,0.74,10.71,2.91,0.00,0.00,3.42,1.78,6.86,4.85,3.58,6.05,19.42,25.47,70.05,10.67,7.92,5.88,105687.76,15585.08,3831.63,19250.32,3198.95,38621.30,1474.69,505.55,307.70,19474.07,587.08,755.23,181.04,3445.70,120.33,190.64,63.02,159.87,105.05,150.92,58.88,447.19,82.56,6938.90,645.59,6.85,0.84,18.60,0.92,13.33,3.63,0.00,0.00,4.05,2.11,9.27,6.55,4.77,8.07,21.68,28.44,75.46,11.50,8.98,6.68
17.50,17.5,28/11/2025 09:27:25,2.023,9.190,,15.0,1039675.0,685172.0,944719.42,10288.73,2352.75,9818.10,1636.75,18618.74,707.75,97.18,69.88,7483.14,226.39,843.48,171.34,2476.02,85.70,100.91,35.75,130.96,59.63,90.05,37.86,370.78,69.22,4836.80,449.83,5.23,0.66,6.94,0.33,11.64,3.02,0.00,0.00,5.20,1.83,3.13,4.86,1.87,6.09,13.54,25.56,72.49,10.80,5.66,5.96,106956.31,17061.56,3901.51,18550.94,3092.58,39831.71,1514.11,222.68,160.12,18684.68,565.27,1016.06,206.40,3464.46,119.92,168.37,59.65,233.78,106.45,131.62,55.34,532.74,99.46,6915.39,643.14,6.66,0.84,8.68,0.41,14.49,3.76,0.00,0.00,6.14,2.16,4.23,6.57,2.49,8.12,15.12,28.54,78.09,11.64,6.42,6.76
17.60,17.6,28/11/2025 09:27:25,2.496,8.332,1181246.649,15.0,1036593.0,684433.0,947980.53,8774.05,2205.42,9328.92,1558.77,17399.15,666.26,200.19,122.46,7504.14,226.66,726.54,158.57,2357.07,84.37,201.48,47.83,140.04,58.74,67.93,33.91,368.01,68.74,4813.55,447.84,5.59,0.67,13.91,0.68,12.55,2.99,0.00,0.00,5.97,1.80,3.44,4.75,3.62,6.01,16.59,25.24,71.03,10.61,5.70,5.86,101022.65,14549.80,3657.19,17626.65,2945.23,37222.61,1425.36,458.71,280.61,18737.12,565.94,875.19,191.01,3298.03,118.05,336.17,79.80,250.00,104.86,99.29,49.57,528.77,98.77,6882.15,640.29,7.11,0.86,17.41,0.86,15.62,3.73,0.00,0.00,7.06,2.13,4.64,6.42,4.83,8.01,18.52,28.18,76.52,11.42,6.47,6.65
17.70,17.7,28/11/2025 09:27:25,4.642,10.179,,15.0,1039670.0,685998.0,942645.92,11963.22,2377.26,10096.71,1678.18,18437.88,702.47,171.88,108.60,7653.93,231.35,730.56,161.25,2452.59,86.40,110.27,37.36,127.85,59.79,103.58,40.48,346.85,64.40,5023.12,467.89,5.34,0.67,7.09,0.33,11.33,3.07,0.00,0.00,4.58,1.84,3.43,4.98,3.93,6.13,20.73,25.66,74.18,10.97,5.03,5.98,110574.73,19838.32,3942.16,19077.35,3170.86,39444.80,1502.83,393.84,248.83,19111.12,577.66,880.04,194.24,3431.67,120.90,183.99,62.33,228.23,106.74,151.40,59.17,498.37,92.53,7181.78,668.96,6.80,0.86,8.87,0.42,14.10,3.83,0.00,0.00,5.42,2.17,4.63,6.72,5.25,8.17,23.15,28.65,79.90,11.82,5.71,6.79
17.80,17.8,28/11/2025 09:27:25,5.174,8.926,,15.0,1039454.0,684549.0,945289.24,10099.76,2291.96,9877.84,1645.46,18127.24,692.40,95.73,69.81,7870.98,237.14,714.33,158.43,2464.65,85.72,166.38,45.18,89.48,59.19,103.04,40.32,290.41,53.50,4668.65,433.55,5.61,0.66,23.53,1.30,11.05,3.00,0.00,0.00,5.11,1.81,5.96,4.81,3.72,6.04,5.10,25.67,75.17,10.86,7.01,5.95,106217.93,16748.19,3800.70,18663.81,3109.04,38780.23,1481.28,219.36,159.96,19653.08,592.12,860.49,190.85,3448.55,119.95,277.61,75.38,159.73,105.67,150.59,58.93,417.27,76.86,6674.98,619.87,7.14,0.84,29.46,1.62,13.76,3.73,0.00,0.00,6.04,2.14,8.05,6.49,4.96,8.05,5.70,28.66,80.98,11.70,7.95,6.75
17.90,17.9,28/11/2025 09:27:25,5.485,9.788,,15.0,1041507.0,682229.0,944142.50,10524.06,2356.14,10118.71,1682.08,18672.05,709.81,134.76,89.58,7250.55,220.08,965.75,184.54,2510.84,86.25,167.71,45.28,126.21,59.83,78.39,35.96,282.23,51.85,4889.44,454.93,4.94,0.65,7.69,0.36,12.73,2.94,0.00,0.00,4.77,1.83,7.08,4.91,5.49,6.06,6.41,25.74,81.27,10.98,6.44,6.01,107777.86,17451.79,3907.13,19118.92,3178.23,39945.77,1518.53,308.79,205.27,18103.93,549.53,1163.34,222.30,3513.18,120.68,279.82,75.54,225.31,106.81,114.57,52.56,405.53,74.51,6990.65,650.43,6.28,0.83,9.63,0.45,15.84,3.66,0.00,0.00,5.64,2.16,9.57,6.63,7.32,8.08,7.16,28.74,87.54,11.83,7.30,6.82
18.00,18.0,28/11/2025 09:27:25,4.380,10.048,,15.0,1043550.0,681096.0,943287.69,9862.46,2333.35,10563.85,1750.62,19375.62,734.05,52.14,65.82,7383.29,224.57,887.02,177.23,2523.36,86.78,172.95,46.02,72.29,59.60,91.43,38.38,366.31,68.27,5232.81,488.32,5.45,0.67,7.14,0.33,12.22,3.04,0.00,0.00,6.23,1.84,8.98,4.85,3.03,6.13,6.61,25.94,73.21,10.81,5.92,5.96,109626.38,16354.69,3869.35,19959.99,3307.74,41450.95,1570.37,119.47,150.82,18435.36,560.73,1068.50,213.49,3530.69,121.42,288.56,76.79,129.04,106.40,133.63,56.09,526.33,98.10,7481.57,698.18,6.93,0.86,8.94,0.42,15.21,3.78,0.00,0.00,7.36,2.18,12.14,6.55,4.04,8.17,7.38,28.96,78.87,11.65,6.72,6.77
18.10,18.1,28/11/2025 09:27:25,4.194,14.940,1181246.650,15.0,1036876.0,678997.0,945643.47,10476.06,2292.97,9824.98,1636.14,17671.11,676.90,190.81,118.72,7283.82,221.25,742.07,160.17,2472.73,85.83,118.53,38.86,141.33,59.58,83.77,36.72,279.12,51.37,4914.93,457.60,5.47,0.67,35.12,2.26,14.11,2.96,0.00,0.00,4.72,1.81,3.48,4.84,3.13,6.00,6.75,25.50,76.07,10.64,8.41,5.95,104901.15,17372.20,3802.38,18563.94,3091.43,37804.43,1448.12,437.21,272.04,18187.00,552.43,893.90,192.94,3459.87,120.09,197.77,64.84,252.30,106.36,122.44,53.66,401.05,73.81,7027.08,654.25,6.96,0.85,43.96,2.83,17.57,3.69,0.00,0.00,5.58,2.14,4.70,6.54,4.18,8.00,7.54,28.47,81.95,11.47,9.54,6.75
18.20,18.2,28/11/2025 09:27:25,2.566,11.174,,15.0,1042752.0,679746.0,945297.44,9072.05,2250.34,10427.86,1728.59,18327.06,698.70,223.69,136.43,7409.94,224.38,723.66,158.78,2467.96,86.37,157.00,43.91,119.71,59.64,50.04,31.91,334.95,62.21,5215.62,486.92,5.48,0.68,43.34,3.11,13.79,3.06,0.01,0.24,6.03,1.82,7.60,4.94,2.30,6.05,8.92,25.71,78.27,10.91,7.28,6.00,105982.57,15043.96,3731.69,19703.05,3266.11,39207.72,1494.75,512.57,312.60,18501.91,560.26,871.73,191.27,3453.18,120.85,261.95,73.26,213.71,106.46,73.13,46.64,481.27,89.38,7457.00,696.17,6.97,0.86,54.25,3.89,17.17,3.81,0.01,0.31,7.13,2.16,10.26,6.67,3.07,8.07,9.96,28.71,84.31,11.75,8.26,6.81
18.30,18.3,28/11/2025 09:27:25,2.416,11.174,,15.0,1050032.0,681812.0,942721.88,10727.70,2350.43,10456.39,1733.92,18620.07,709.08,35.71,32.98,7516.76,227.70,857.67,174.16,2488.82,87.04,169.72,45.44,126.61,60.13,73.37,35.35,304.07,56.18,5737.37,537.68,5.13,0.67,24.66,1.36,14.01,3.10,0.00,0.00,4.62,1.83,8.40,5.03,3.37,6.21,19.16,25.88,77.91,11.04,6.59,6.11,110192.23,17789.49,3897.66,19756.96,3276.18,39834.56,1516.96,81.82,75.57,18768.63,568.55,1033.16,209.79,3482.38,121.79,283.17,75.82,226.03,107.35,107.24,51.67,436.90,80.73,8202.97,768.74,6.53,0.86,30.87,1.71,17.44,3.86,0.00,0.00,5.46,2.17,11.35,6.80,4.49,8.29,21.39,28.90,83.93,11.89,7.47,6.93
18.40,18.4,28/11/2025 09:27:25,3.097,14.279,,15.0,1049415.0,680913.0,942413.48,10069.42,2345.28,10291.18,1709.94,19402.65,734.71,15.15,15.83,7879.44,237.76,906.76,179.92,2508.75,87.59,237.20,52.31,98.22,60.03,116.23,43.24,271.98,49.99,5640.63,528.09,5.77,0.70,32.70,2.01,10.63,3.00,0.00,0.00,6.26,1.88,8.97,5.03,2.85,6.11,0.00,0.00,75.02,10.82,6.69,6.17,111332.60,16697.88,3889.12,19444.80,3230.86,41508.77,1571.80,34.70,36.27,19674.22,593.66,1092.29,216.73,3510.26,122.55,395.77,87.29,175.33,107.17,169.88,63.20,390.79,71.82,8064.66,755.04,7.35,0.90,40.94,2.52,13.23,3.74,0.00,0.00,7.41,2.23,12.11,6.79,3.80,8.15,0.00,0.00,80.82,11.66,7.59,7.00
18.50,18.5,28/11/2025 09:30:27,4.507,10.312,,15.1,1031337.0,672141.0,942082.76,11645.45,2330.92,10312.11,1709.27,18923.27,717.97,177.07,110.99,7329.90,222.10,894.37,176.39,2508.88,86.39,151.12,42.99,101.21,59.28,87.23,37.40,251.94,45.97,5362.61,500.81,4.94,0.65,46.05,3.40,12.19,3.06,0.00,0.00,5.48,1.83,5.06,4.92,4.33,5.99,6.35,25.63,77.60,10.98,10.07,6.18,111364.30,19311.36,3865.30,19484.35,3229.61,40483.21,1535.98,405.73,254.33,18302.07,554.57,1077.37,212.48,3510.44,120.88,252.14,71.73,180.68,105.82,127.50,54.66,362.00,66.05,7667.16,716.03,6.29,0.83,57.64,4.26,15.17,3.81,0.00,0.00,6.48,2.17,6.83,6.65,5.77,7.99,7.09,28.61,83.60,11.83,11.42,7.01
18.60,18.6,28/11/2025 09:30:47,4.392,11.639,1181247.309,15.3,996207.0,653511.0,950958.13,9342.46,2163.96,9157.40,1528.28,16430.98,631.63,34.59,30.50,6267.54,192.06,763.22,156.22,2144.34,79.34,123.93,38.02,84.38,55.81,89.32,36.50,227.08,41.03,4208.13,388.97,5.10,0.62,54.03,4.59,12.15,2.87,0.00,0.00,4.90,1.70,7.30,4.43,1.98,5.50,2.07,24.18,73.72,10.17,7.26,5.61,94623.04,15492.37,3588.44,17302.57,2887.62,35151.38,1351.27,79.25,69.90,15649.45,479.56,919.37,188.19,3000.37,111.01,206.78,63.44,150.63,99.62,130.55,53.34,326.28,58.95,6016.54,556.13,6.49,0.79,67.63,5.75,15.13,3.57,0.00,0.00,5.79,2.01,9.86,5.98,2.64,7.33,2.31,27.00,79.42,10.95,8.23,6.37
18.70,18.7,28/11/2025 09:31:06,4.053,12.501,,15.3,993838.0,650206.0,951506.84,8480.76,2134.09,9149.67,1527.06,16866.86,645.96,101.39,69.43,6347.15,194.27,669.50,146.43,2186.59,79.99,80.03,30.11,151.32,56.18,70.18,33.14,122.69,23.06,4054.10,374.03,5.10,0.62,85.71,10.25,12.11,2.79,0.00,0.00,4.51,1.69,4.30,4.44,2.13,5.40,17.36,23.94,74.68,10.13,7.02,5.52,94111.25,14063.43,3538.92,17287.96,2885.32,36083.87,1381.93,232.32,159.08,15848.23,485.07,806.48,176.39,3059.49,111.93,133.54,50.23,270.14,100.30,102.57,48.44,176.28,33.13,5796.32,534.77,6.49,0.79,107.29,12.83,15.07,3.48,0.00,0.00,5.34,2.00,5.81,6.00,2.84,7.19,19.39,26.73,80.45,10.92,7.97,6.26
18.80,18.8,28/11/2025 09:31:26,3.175,11.371,,15.2,1003352.0,655597.0,946084.60,10731.36,2250.06,9945.74,1650.93,17464.77,667.78,81.18,59.53,6877.20,208.92,795.03,161.30,2300.01,82.31,106.69,35.62,116.77,57.39,47.12,30.55,256.77,46.58,4946.78,460.46,5.23,0.64,118.73,17.74,14.33,2.99,0.00,0.00,5.42,1.75,5.88,4.70,3.73,5.72,16.86,24.70,69.89,10.45,5.91,5.83,103674.40,17795.55,3731.23,18792.10,3119.36,37362.99,1428.60,186.00,136.40,17171.70,521.66,957.70,194.31,3218.19,115.17,178.01,59.43,208.45,102.45,68.87,44.65,368.94,66.92,7072.62,658.34,6.65,0.82,148.62,22.21,17.83,3.72,0.00,0.00,6.41,2.07,7.95,6.35,4.98,7.63,18.83,27.58,75.29,11.26,6.71,6.62
18.90,18.9,28/11/2025 09:31:46,3.465,16.268,,15.2,1017438.0,658639.0,946863.75,8587.00,2144.76,10021.47,1662.86,18008.09,686.21,3.81,4.23,6748.56,206.04,820.75,164.45,2406.94,83.42,195.63,47.00,97.79,57.42,84.91,36.29,258.92,47.00,5708.61,534.99,5.28,0.66,70.88,7.03,12.79,3.02,0.00,0.00,7.55,1.98,5.63,4.78,4.01,5.84,5.20,24.87,75.86,10.84,6.57,5.81,102303.04,14239.62,3556.60,18935.20,3141.92,38525.33,1468.03,8.73,9.68,16850.52,514.46,988.67,198.10,3367.81,116.72,326.41,78.41,174.57,102.51,124.09,53.04,372.03,67.53,8161.85,764.90,6.72,0.84,88.72,8.80,15.92,3.75,0.00,0.00,8.93,2.34,7.60,6.45,5.35,7.79,5.80,27.77,81.72,11.68,7.46,6.59
19.00,19.0,28/11/2025 09:32:16,1.665,10.512,,15.2,1010773.0,652419.0,944308.79,11542.70,2308.23,9984.99,1658.32,18132.49,690.95,64.28,51.02,6614.29,202.67,915.60,175.65,2361.27,83.18,188.76,46.29,107.37,57.79,91.43,37.59,227.92,41.30,5287.51,493.60,5.02,0.64,43.20,3.08,14.97,2.92,0.00,0.00,5.46,1.79,7.75,4.76,2.44,5.77,8.32,24.97,78.90,10.74,6.53,5.78,106596.58,19140.98,3827.69,18866.26,3133.33,38791.46,1478.16,147.29,116.90,16515.26,506.05,1102.93,211.59,3303.91,116.38,314.94,77.23,191.68,103.16,133.63,54.94,327.49,59.34,7559.79,705.72,6.39,0.81,54.08,3.85,18.63,3.64,0.00,0.00,6.46,2.11,10.47,6.43,3.25,7.70,9.29,27.88,85.00,11.56,7.41,6.56
19.10,19.1,28/11/2025 09:32:35,3.327,10.250,1181246.714,15.3,989977.0,642401.0,951609.83,8684.52,2124.17,9050.65,1511.71,16170.73,623.29,78.49,57.32,6076.55,186.80,799.62,159.11,2261.64,79.81,134.33,39.00,65.79,55.16,70.17,33.09,228.56,41.20,4579.90,425.10,5.18,0.62,63.38,5.98,14.28,2.92,0.00,0.00,7.10,1.85,13.90,4.45,2.20,5.42,7.95,24.04,68.26,10.05,6.95,5.49,93121.69,14401.33,3522.46,17100.87,2856.32,34594.61,1333.42,179.86,131.34,15172.57,466.42,963.23,191.67,3164.50,111.67,224.12,65.08,117.45,98.48,102.56,48.36,328.40,59.20,6548.08,607.78,6.60,0.79,79.34,7.49,17.77,3.64,0.00,0.00,8.40,2.19,18.77,6.01,2.94,7.23,8.88,26.84,73.53,10.82,7.89,6.23
19.20,19.2,28/11/2025 09:32:55,1.494,10.381,,15.3,1004529.0,649298.0,949422.14,8456.79,2211.17,9015.04,1511.28,17472.01,667.98,114.95,78.17,6634.61,202.83,854.71,167.42,2315.99,81.71,129.94,38.60,134.42,56.87,71.18,33.63,230.62,41.78,4954.31,461.45,4.69,0.62,63.20,5.88,9.08,2.84,0.00,0.00,5.48,1.76,5.14,4.63,2.56,5.59,17.88,24.38,79.31,10.64,5.95,5.71,97736.19,14023.69,3666.72,17033.58,2855.50,37378.48,1429.03,263.39,179.11,16565.99,506.45,1029.58,201.68,3240.55,114.33,216.80,64.40,239.97,101.53,104.04,49.15,331.37,60.03,7083.40,659.75,5.96,0.79,79.12,7.36,11.30,3.53,0.00,0.00,6.48,2.08,6.94,6.26,3.41,7.45,19.96,27.22,85.43,11.46,6.75,6.48
19.30,19.3,28/11/2025 09:33:15,3.570,11.175,,15.3,1000706.0,646233.0,947561.70,10229.28,2201.44,9483.35,1578.35,17514.38,668.52,84.98,61.52,6514.85,199.45,728.23,154.21,2208.20,81.14,198.97,46.11,147.72,56.92,63.11,32.39,236.49,42.80,4832.53,449.45,5.20,0.64,78.36,8.53,11.56,2.90,0.00,0.00,7.07,1.91,4.78,4.59,3.92,5.56,11.65,24.37,68.69,10.26,4.99,5.66,100947.95,16962.97,3650.59,17918.43,2982.23,37469.13,1430.19,194.73,140.97,16266.94,498.00,877.23,185.76,3089.72,113.53,331.98,76.94,263.70,101.61,92.23,47.33,339.80,61.50,6909.27,642.60,6.61,0.82,98.09,10.67,14.39,3.62,0.00,0.00,8.37,2.26,6.45,6.20,5.22,7.41,13.01,27.21,73.99,11.06,5.66,6.42
19.40,19.4,28/11/2025 09:33:35,4.118,11.242,,15.3,995255.0,644140.0,951184.27,8844.69,2170.20,8883.85,1487.42,16710.69,641.07,48.12,61.17,6466.36,197.81,645.32,144.20,2215.70,80.17,106.68,35.09,122.31,55.97,92.21,36.92,174.51,31.65,4320.83,399.82,4.92,0.61,59.17,5.33,12.58,2.77,0.00,0.00,4.79,1.69,5.67,4.45,3.74,5.39,15.03,24.01,72.18,10.13,6.36,5.53,94511.73,14666.94,3598.78,16785.71,2810.42,35749.75,1371.46,110.27,140.17,16145.89,493.91,777.36,173.70,3100.23,112.17,178.00,58.55,218.34,99.91,134.77,53.96,250.74,45.48,6177.68,571.64,6.26,0.77,74.07,6.67,15.65,3.45,0.00,0.00,5.67,2.00,7.66,6.01,4.99,7.19,16.78,26.81,77.75,10.91,7.22,6.27
19.50,19.5,28/11/2025 09:34:05,4.132,9.784,,15.3,989778.0,641870.0,951778.43,9149.03,2090.82,9130.04,1521.67,16276.76,626.06,134.35,86.12,6173.87,189.49,632.55,143.26,2090.35,79.10,139.21,39.65,124.44,55.66,107.56,39.83,164.84,29.96,3941.35,363.07,4.15,0.58,37.60,2.57,10.09,2.68,0.00,0.00,5.71,1.66,11.75,4.37,2.36,5.29,3.72,23.90,76.84,10.05,5.00,5.36,93321.00,15171.61,3467.15,17250.87,2875.14,34821.44,1339.35,307.85,197.32,15415.55,473.15,761.97,172.58,2924.84,110.68,232.27,66.15,222.14,99.36,157.20,58.21,236.85,43.04,5635.12,519.10,5.29,0.73,47.07,3.21,12.56,3.34,0.00,0.00,6.75,1.97,15.87,5.90,3.15,7.06,4.16,26.68,82.77,10.83,5.67,6.08
19.60,19.6,28/11/2025 09:34:24,3.249,9.458,1181246.909,15.3,986330.0,643118.0,955422.38,7028.25,2073.28,8777.50,1470.99,15522.13,601.14,84.21,60.16,6030.00,185.52,687.73,146.77,2100.10,77.90,113.67,35.97,81.73,54.67,82.56,34.82,187.50,33.86,3716.14,341.52,4.56,0.58,51.36,4.30,10.13,2.74,0.00,0.00,5.13,1.64,8.83,4.32,2.78,5.21,6.91,23.70,71.25,9.84,5.15,5.27,86696.24,11654.78,3438.07,16584.76,2779.37,33207.03,1286.04,192.97,137.85,15056.32,463.23,828.44,176.80,2938.47,109.00,189.66,60.02,145.91,97.60,120.67,50.89,269.40,48.66,5313.13,488.29,5.80,0.74,64.29,5.38,12.61,3.41,0.00,0.00,6.06,1.94,11.92,5.84,3.71,6.95,7.71,26.46,76.75,10.59,5.85,5.98
19.70,19.7,28/11/2025 09:34:44,3.906,9.461,,15.4,980845.0,640885.0,956040.94,7314.96,2034.26,8476.62,1423.84,15881.33,612.79,70.50,52.87,5732.74,177.60,735.30,151.66,2011.54,77.04,87.45,31.26,120.22,54.57,67.55,32.10,138.50,25.44,3165.66,288.48,4.62,0.56,45.31,3.52,10.23,2.66,0.00,0.00,4.78,1.61,6.05,4.12,2.74,5.13,12.73,23.43,66.48,9.57,3.74,5.17,85665.14,12130.22,3373.37,16016.25,2690.29,33975.49,1310.97,161.55,121.14,14314.11,443.44,885.74,182.69,2814.56,107.80,145.90,52.15,214.61,97.42,98.73,46.92,199.00,36.55,4526.08,412.46,5.88,0.72,56.72,4.41,12.74,3.31,0.00,0.00,5.65,1.90,8.17,5.56,3.65,6.83,14.21,26.16,71.61,10.31,4.24,5.86
19.80,19.8,28/11/2025 09:35:04,4.062,9.787,,15.4,977362.0,635819.0,954241.17,8116.29,2060.47,8525.02,1429.88,16149.54,621.19,100.69,68.43,5649.81,174.92,839.26,161.83,2129.61,77.57,141.69,38.95,142.07,54.68,78.60,34.02,157.68,28.68,3569.18,327.17,4.90,0.59,32.13,2.03,12.08,2.62,0.00,0.00,5.59,1.63,8.31,4.28,3.38,5.14,18.23,23.40,68.73,9.74,6.04,5.27,88564.08,13459.04,3416.83,16107.71,2701.70,34549.27,1328.93,230.72,156.79,14107.03,436.77,1010.97,194.94,2979.77,108.53,236.42,64.98,253.62,97.61,114.88,49.73,226.56,41.20,5103.01,467.78,6.24,0.75,40.22,2.54,15.03,3.26,0.00,0.00,6.61,1.93,11.22,5.78,4.51,6.85,20.35,26.13,74.04,10.49,6.85,5.97
19.90,19.9,28/11/2025 09:35:24,4.294,10.121,,15.4,965302.0,629149.0,957996.82,7654.71,2067.40,8303.72,1397.22,14958.91,581.75,38.73,33.04,5485.58,170.23,543.52,130.12,1940.10,75.28,34.45,17.39,75.38,53.07,54.31,29.76,48.86,10.05,2699.87,244.04,4.03,0.54,47.97,3.94,9.06,2.46,0.00,0.00,5.18,1.57,8.39,4.02,4.09,4.85,16.94,23.02,64.43,9.25,4.94,5.07,81935.40,12693.62,3428.32,15689.56,2640.00,32002.12,1244.55,88.73,75.70,13696.98,425.04,654.73,156.75,2714.60,105.33,57.48,29.02,134.57,94.75,79.38,43.50,70.20,14.44,3860.13,348.91,5.13,0.68,60.05,4.93,11.28,3.07,0.00,0.00,6.13,1.85,11.33,5.43,5.46,6.47,18.91,25.71,69.40,9.96,5.61,5.75
20.00,20.0,28/11/2025 09:35:54,3.277,10.118,,15.5,949946.0,622627.0,959124.46,6609.46,2005.61,8159.50,1372.46,14996.11,581.01,134.83,84.63,5439.22,168.76,582.09,132.67,1865.95,73.86,29.59,16.91,112.35,52.33,86.68,34.67,97.66,18.23,2564.79,231.00,4.24,0.54,82.99,10.21,7.10,2.46,0.00,0.00,5.50,1.55,10.11,4.05,2.60,4.81,20.14,22.47,60.03,9.15,4.59,4.99,80079.33,10960.30,3325.86,15417.07,2593.22,32081.71,1242.98,308.94,193.91,13581.21,421.37,701.19,159.81,2610.85,103.35,49.37,28.22,200.57,93.41,126.69,50.67,140.33,26.19,3666.99,330.27,5.40,0.69,103.89,12.79,8.83,3.07,0.00,0.00,6.50,1.84,13.66,5.47,3.46,6.41,22.49,25.09,64.67,9.85,5.21,5.66
20.10,20.1,28/11/2025 09:36:13,2.764,10.646,1181247.108,15.6,942061.0,617838.0,958634.73,7775.20,2032.09,7921.51,1335.31,14398.39,560.36,33.72,28.40,5268.21,163.68,667.70,140.03,1884.08,73.19,134.46,36.87,104.74,51.97,62.00,30.30,134.57,24.22,2801.38,253.40,4.13,0.54,61.03,5.91,9.05,2.53,0.00,0.00,5.17,1.53,5.57,3.91,2.90,4.82,16.84,22.44,68.83,9.39,5.77,5.06,80246.30,12893.43,3369.77,14967.40,2523.03,30802.98,1198.79,77.27,65.08,13154.21,408.69,804.32,168.68,2636.21,102.41,224.35,61.52,186.98,92.77,90.61,44.29,193.36,34.81,4005.26,362.30,5.26,0.69,76.40,7.40,11.27,3.15,0.00,0.00,6.12,1.80,7.52,5.29,3.87,6.43,18.81,25.05,74.15,10.12,6.55,5.74
20.20,20.2,28/11/2025 09:36:33,3.131,10.980,,15.6,943038.0,616881.0,960606.09,6523.96,1946.98,8016.38,1347.48,13911.81,544.06,142.34,87.82,4983.42,156.15,586.27,131.77,1867.27,73.11,105.97,33.11,107.06,51.66,77.33,32.72,77.72,14.87,2811.47,254.51,4.15,0.54,72.13,7.98,9.02,2.43,0.00,0.00,5.28,1.54,7.81,3.99,2.82,4.75,10.57,22.25,65.14,9.12,6.00,4.97,76643.81,10818.52,3228.64,15146.65,2546.01,29762.02,1163.92,326.16,201.22,12443.12,389.90,706.22,158.73,2612.70,102.30,176.81,55.24,191.13,92.22,113.02,47.83,111.67,21.36,4019.68,363.89,5.28,0.69,90.29,9.99,11.23,3.02,0.00,0.00,6.24,1.82,10.55,5.39,3.76,6.33,11.80,24.84,70.17,9.82,6.81,5.64
20.30,20.3,28/11/2025 09:36:53,1.098,11.111,,15.7,923493.0,605777.0,961597.35,6657.48,1953.21,7931.90,1333.39,13406.27,526.17,91.13,60.66,4981.83,155.74,623.91,133.57,1821.01,71.41,55.00,22.74,88.43,50.72,74.93,31.98,81.33,15.28,2390.88,214.40,4.04,0.52,94.23,12.98,10.21,2.43,0.00,0.00,4.44,1.46,5.22,3.79,2.16,4.62,15.47,21.91,58.49,8.81,4.30,4.74,74785.44,11039.93,3238.96,14987.02,2519.39,28680.51,1125.65,208.81,138.99,12439.14,388.86,751.56,160.89,2547.97,99.91,91.77,37.95,157.86,90.54,109.51,46.74,116.87,21.96,3418.35,306.54,5.14,0.66,117.95,16.25,12.70,3.03,0.00,0.00,5.25,1.73,7.05,5.12,2.88,6.17,17.28,24.46,63.00,9.50,4.88,5.37
20.40,20.4,28/11/2025 09:37:12,2.351,10.713,,15.7,910154.0,597589.0,963970.14,6562.11,1955.53,7290.49,1236.28,12543.19,497.26,75.50,52.12,4470.61,141.54,499.58,119.95,1698.94,69.56,36.77,17.08,117.01,49.56,81.61,32.65,107.11,19.28,2324.67,208.09,4.30,0.53,103.72,15.60,11.43,2.42,0.00,0.00,4.73,1.42,4.32,3.73,1.95,4.49,18.01,21.22,68.08,8.94,5.71,4.71,69936.24,10881.79,3242.80,13775.11,2335.91,26834.09,1063.81,173.01,119.43,11162.68,353.41,601.80,144.49,2377.16,97.33,61.35,28.50,208.89,88.47,119.27,47.72,153.91,27.71,3323.68,297.51,5.47,0.67,129.84,19.53,14.23,3.01,0.00,0.00,5.60,1.68,5.84,5.04,2.60,5.99,20.11,23.69,73.33,9.63,6.48,5.34
20.50,20.5,28/11/2025 09:37:42,3.398,15.941,,15.7,907287.0,596622.0,965899.56,6163.25,1941.32,6516.08,1119.98,12293.27,488.22,175.58,103.40,4413.22,140.23,439.12,113.36,1622.68,68.28,49.12,20.81,75.36,49.03,72.53,30.97,55.52,10.78,2004.67,178.14,4.38,0.52,120.05,20.58,9.69,2.32,0.00,0.00,3.57,1.41,6.19,3.66,3.46,4.41,10.12,21.25,58.22,8.58,4.38,4.60,66585.30,10220.36,3219.25,12311.89,2116.16,26299.41,1044.47,402.31,236.92,11019.39,350.15,528.96,136.56,2270.46,95.54,81.95,34.72,134.53,87.52,106.00,45.27,79.78,15.49,2866.16,254.70,5.57,0.66,150.28,25.76,12.06,2.88,0.00,0.00,4.22,1.67,8.36,4.94,4.61,5.89,11.30,23.72,62.72,9.24,4.96,5.22
20.60,20.6,28/11/2025 09:38:02,3.292,10.247,1181245.987,15.8,897081.0,595236.0,966850.99,6422.48,1809.03,6655.51,1135.80,11530.99,462.26,14.92,52.78,4148.00,132.35,413.46,109.75,1574.41,67.61,43.49,18.97,93.15,48.49,79.93,32.04,21.97,4.61,1944.78,172.53,3.80,0.49,103.04,15.76,10.11,2.39,0.00,0.00,5.10,1.42,4.31,3.54,3.08,4.37,10.92,20.90,60.70,8.53,4.85,4.54,64399.78,10650.24,2999.87,12575.34,2146.05,24668.64,988.93,34.18,120.94,10357.16,330.48,498.06,132.21,2202.92,94.59,72.56,31.65,166.29,86.56,116.82,46.83,31.56,6.62,2780.54,246.68,4.84,0.62,128.99,19.73,12.59,2.98,0.00,0.00,6.03,1.68,5.83,4.78,4.10,5.83,12.19,23.33,65.39,9.19,5.50,5.15
20.70,20.7,28/11/2025 09:38:22,3.082,11.636,,15.8,900607.0,594854.0,966908.04,5476.95,1826.87,6635.22,1134.28,12038.89,479.07,17.80,16.03,4453.70,140.84,465.74,115.17,1588.42,67.59,24.44,15.83,107.11,48.79,90.44,34.15,68.80,12.98,1915.95,169.89,3.90,0.49,99.31,14.71,9.27,2.38,0.00,0.00,5.18,1.43,5.91,3.70,2.24,4.34,16.89,20.94,61.12,8.50,4.69,4.62,64769.59,9082.29,3029.46,12537.01,2143.17,25755.22,1024.89,40.78,36.74,11120.47,351.67,561.03,138.73,2222.52,94.57,40.78,26.42,191.21,87.10,132.18,49.91,98.85,18.65,2739.32,242.90,4.96,0.62,124.32,18.41,11.54,2.96,0.00,0.00,6.12,1.69,7.98,4.99,2.99,5.78,18.86,23.38,65.83,9.16,5.32,5.25
20.80,20.8,28/11/2025 09:38:42,3.225,11.109,,15.7,913867.0,601460.0,964092.27,6700.21,1893.59,7202.87,1220.36,12698.30,501.69,37.41,30.34,4322.39,137.56,524.12,122.15,1693.50,69.37,32.56,16.12,117.30,49.69,81.93,32.78,47.45,9.41,2232.62,199.53,4.09,0.51,97.26,13.95,10.27,2.43,0.00,0.00,5.67,1.51,5.04,3.69,2.50,4.47,26.74,21.30,59.96,8.55,5.54,4.70,69666.52,11110.80,3140.09,13609.55,2305.83,27165.92,1073.28,85.71,69.53,10792.59,343.47,631.36,147.14,2369.56,97.06,54.32,26.90,209.40,88.70,119.75,47.91,68.18,13.51,3192.07,285.28,5.21,0.65,121.74,17.46,12.78,3.03,0.00,0.00,6.71,1.78,6.81,4.99,3.34,5.96,29.86,23.79,64.59,9.21,6.29,5.34
20.90,20.9,28/11/2025 09:39:01,3.490,18.646,,15.7,907647.0,597748.0,964687.75,6352.95,1862.49,6919.76,1179.61,12485.16,495.58,26.01,22.69,4530.96,143.53,373.30,107.39,1719.54,69.42,114.87,33.06,80.43,49.09,76.97,31.86,45.48,9.02,2406.51,215.88,3.88,0.50,78.34,9.46,8.86,2.37,0.00,0.00,4.75,1.45,7.62,3.77,2.88,4.45,7.08,21.30,62.19,8.67,4.72,4.72,68715.96,10534.94,3088.52,13074.64,2228.83,26709.94,1060.21,59.60,51.99,11313.38,358.37,449.68,129.36,2405.99,97.13,191.66,55.15,143.59,87.64,112.50,46.57,65.34,12.96,3440.69,308.65,4.94,0.64,98.06,11.84,11.03,2.95,0.00,0.00,5.61,1.72,10.29,5.10,3.83,5.93,7.90,23.78,66.99,9.34,5.36,5.36
21.00,21.0,28/11/2025 09:39:31,2.815,14.678,,15.7,909220.0,600300.0,966620.72,5942.39,1904.57,6534.26,1122.42,12221.13,486.16,41.69,33.25,4478.98,141.82,361.90,106.12,1584.32,67.77,26.14,15.96,69.54,48.94,66.54,29.96,83.42,23.29,1762.19,155.80,3.95,0.50,106.75,16.81,8.48,2.30,0.00,0.00,3.29,1.39,3.21,3.62,2.04,4.40,15.09,21.23,59.29,8.49,4.69,4.57,65427.81,9854.12,3158.30,12346.24,2120.78,26145.09,1040.06,95.52,76.18,11183.58,354.12,435.94,127.83,2216.79,94.82,43.61,26.63,124.14,87.37,97.25,43.78,119.86,33.47,2519.48,222.76,5.02,0.64,133.63,21.04,10.55,2.86,0.00,0.00,3.89,1.64,4.34,4.90,2.73,5.87,16.85,23.70,63.87,9.14,5.32,5.19
21.10,21.1,28/11/2025 09:39:51,2.192,12.833,1181246.248,15.7,913248.0,604424.0,965277.16,6439.64,1875.58,6547.40,1121.74,12227.17,486.18,49.62,37.92,4412.45,139.95,501.30,119.85,1714.85,69.50,74.67,26.71,79.13,48.99,86.86,33.61,100.19,18.17,2311.70,206.94,4.01,0.50,67.34,7.26,9.94,2.40,0.00,0.00,4.33,1.45,7.07,3.75,3.32,4.50,11.86,21.22,64.76,8.79,5.22,4.74,67393.93,10678.70,3110.22,12371.07,2119.48,26158.02,1040.11,113.69,86.89,11017.46,349.43,603.87,144.37,2399.43,97.24,124.59,44.57,141.26,87.45,126.95,49.12,143.96,26.10,3305.14,295.87,5.11,0.64,84.29,9.08,12.37,2.99,0.00,0.00,5.12,1.71,9.55,5.07,4.43,6.00,13.24,23.69,69.77,9.47,5.92,5.38
21.20,21.2,28/11/2025 09:40:11,1.923,12.037,,15.7,917476.0,605244.0,962498.86,6731.62,1901.02,7079.92,1202.95,13165.69,517.35,35.15,29.00,4798.13,150.30,594.03,129.57,1841.92,71.20,91.49,29.76,131.44,50.35,78.39,32.31,104.33,18.91,2658.24,239.71,4.09,0.52,71.16,7.85,11.25,2.46,0.00,0.00,6.62,1.64,6.42,3.84,2.15,4.64,17.31,21.51,65.11,9.01,6.66,4.81,72736.83,11162.88,3152.41,13377.25,2272.93,28165.82,1106.79,80.55,66.45,11980.46,375.30,715.58,156.08,2577.22,99.63,152.66,49.65,234.65,89.88,114.57,47.22,149.90,27.17,3800.61,342.72,5.21,0.67,89.08,9.83,14.00,3.06,0.00,0.00,7.83,1.94,8.67,5.19,2.87,6.19,19.32,24.02,70.14,9.71,7.55,5.46
21.30,21.3,28/11/2025 09:40:30,2.790,20.170,,15.7,906487.0,598256.0,965838.37,6337.49,1887.25,6686.70,1144.09,12005.32,479.18,58.18,43.07,4609.50,145.39,477.07,117.17,1637.44,68.42,30.24,15.98,126.74,49.52,92.15,34.66,36.65,7.40,1900.26,168.35,4.08,0.51,64.96,6.89,7.00,2.31,0.00,0.00,4.47,1.41,7.41,3.63,1.28,4.36,14.68,21.14,56.20,8.36,3.82,4.50,66709.98,10509.31,3129.59,12634.27,2161.71,25683.40,1025.13,133.31,98.68,11509.49,363.01,574.68,141.15,2291.11,95.73,50.46,26.67,226.25,88.40,134.68,50.65,52.66,10.63,2716.89,240.70,5.19,0.64,81.31,8.62,8.71,2.88,0.00,0.00,5.28,1.67,10.00,4.91,1.71,5.81,16.39,23.60,60.54,9.00,4.34,5.10
21.40,21.4,28/11/2025 09:40:50,3.394,14.153,,15.8,899291.0,593725.0,966192.98,6500.33,1926.53,6555.55,1123.97,12325.08,488.44,6.90,6.71,4175.45,132.90,500.93,118.04,1559.55,67.16,46.29,19.82,57.46,48.23,70.63,30.39,24.46,5.07,1792.56,158.34,3.88,0.49,77.70,9.51,10.54,2.38,0.00,0.00,6.38,1.56,6.74,3.60,2.93,4.30,17.08,20.98,62.06,8.53,4.52,4.54,65868.37,10779.35,3194.71,12386.47,2123.70,26367.48,1044.94,15.82,15.37,10425.69,331.83,603.42,142.19,2182.13,93.97,77.24,33.07,102.58,86.11,103.23,44.41,35.15,7.28,2562.90,226.39,4.93,0.62,97.26,11.90,13.11,2.96,0.00,0.00,7.55,1.85,9.10,4.86,3.90,5.73,19.07,23.43,66.85,9.18,5.13,5.15
21.50,21.5,28/11/2025 09:41:20,3.526,15.740,,15.7,908497.0,596422.0,963667.25,7219.76,1936.68,6874.49,1172.31,12690.22,501.35,26.87,23.08,4468.58,141.32,448.12,114.06,1725.43,69.36,80.45,27.59,108.70,49.30,93.02,34.91,98.10,17.79,2297.40,205.43,4.49,0.53,98.82,14.30,8.91,2.35,0.01,0.19,5.13,1.46,6.57,3.71,3.10,4.49,12.86,21.20,57.89,8.67,3.84,4.71,70413.85,11972.35,3211.55,12989.10,2215.03,27148.63,1072.55,61.57,52.89,11157.62,352.86,539.80,137.40,2414.24,97.04,134.23,46.04,194.05,88.01,135.95,51.02,140.95,25.55,3284.69,293.71,5.72,0.67,123.70,17.90,11.08,2.93,0.01,0.25,6.07,1.73,8.88,5.01,4.13,5.98,14.36,23.67,62.36,9.34,4.36,5.34
21.60,21.6,28/11/2025 09:41:40,3.315,14.216,1181246.316,15.7,909172.0,597456.0,963498.60,6097.60,1891.79,6879.06,1172.38,12834.93,506.11,167.36,98.63,4585.48,144.44,695.33,139.27,1863.08,70.48,117.11,33.22,132.29,49.82,78.55,32.13,107.83,19.38,2724.45,245.93,4.21,0.52,98.72,14.08,10.31,2.46,0.00,0.00,8.09,1.84,7.01,3.79,2.37,4.56,15.96,21.28,66.35,9.07,5.31,4.78,70700.71,10111.50,3137.10,12997.72,2215.16,27458.21,1082.75,383.48,226.00,11449.51,360.66,837.60,167.77,2606.84,98.62,195.40,55.44,236.16,88.93,114.81,46.97,154.94,27.84,3895.26,351.62,5.36,0.66,123.58,17.62,12.83,3.06,0.00,0.00,9.56,2.18,9.47,5.12,3.16,6.07,17.82,23.76,71.48,9.77,6.02,5.43
21.70,21.7,28/11/2025 09:42:00,4.542,13.228,,15.7,910841.0,599774.0,965491.77,5559.68,1901.05,6923.89,1181.13,12536.61,496.69,18.52,16.86,4330.48,137.57,544.32,123.68,1726.26,69.26,116.95,33.42,142.28,49.86,69.65,30.49,12.53,2.73,2351.21,210.69,3.83,0.50,73.38,8.44,9.03,2.29,0.00,0.00,5.05,1.48,8.12,3.69,1.66,4.41,9.90,21.23,60.62,8.71,4.26,4.70,67187.11,9219.48,3152.47,13082.44,2231.70,26820.02,1062.58,42.44,38.62,10812.79,343.51,655.68,148.99,2415.39,96.91,195.13,55.76,254.00,89.00,101.80,44.57,18.01,3.92,3361.62,301.23,4.88,0.64,91.85,10.56,11.24,2.85,0.00,0.00,5.97,1.74,10.97,4.98,2.22,5.88,11.06,23.70,65.30,9.39,4.83,5.33
21.80,21.8,28/11/2025 09:42:19,3.328,12.833,,15.6,924637.0,605386.0,961510.11,7093.87,1889.55,7529.35,1271.63,13323.47,523.84,94.72,62.50,4533.27,143.47,552.11,125.90,1876.99,72.05,182.74,41.37,123.14,50.87,79.05,32.66,109.69,19.89,2828.39,255.95,4.03,0.52,63.74,6.44,5.98,2.39,0.02,0.20,4.89,1.53,5.66,3.89,1.40,4.68,3.58,21.86,69.49,9.19,4.31,4.86,74354.10,11763.59,3133.39,14226.42,2402.69,28503.36,1120.67,217.04,143.20,11319.14,358.22,665.08,151.66,2626.29,100.81,304.89,69.02,219.83,90.82,115.54,47.74,157.61,28.59,4043.87,365.95,5.13,0.67,79.79,8.06,7.45,2.97,0.03,0.26,5.78,1.80,7.65,5.25,1.86,6.24,4.00,24.41,74.86,9.90,4.89,5.51
21.90,21.9,28/11/2025 09:42:39,2.089,12.370,,15.6,932723.0,609342.0,960034.14,7009.45,1940.28,7717.39,1302.31,14141.04,551.64,33.31,28.09,4658.23,146.92,672.78,139.39,1968.80,73.11,171.39,40.28,124.43,51.21,71.20,31.48,121.40,21.89,3100.32,281.94,4.33,0.54,49.58,4.14,10.12,2.52,0.00,0.00,6.93,1.72,12.53,4.07,2.86,4.79,18.02,22.01,65.86,9.16,5.91,5.01,77156.51,11623.61,3217.52,14581.72,2460.66,30252.41,1180.15,76.32,64.37,11631.16,366.86,810.43,167.91,2754.76,102.30,285.96,67.21,222.13,91.42,104.06,46.02,174.43,31.46,4432.66,403.10,5.51,0.69,62.06,5.18,12.59,3.13,0.00,0.00,8.20,2.04,16.93,5.49,3.82,6.39,20.12,24.58,70.95,9.86,6.71,5.69
22.00,22.0,28/11/2025 09:43:09,3.513,14.880,,15.7,921209.0,604270.0,962127.62,5513.17,1841.95,7381.47,1249.28,14086.18,548.35,111.48,71.39,5010.51,156.60,549.25,125.81,1888.47,71.94,103.74,31.92,130.99,50.79,63.88,29.96,117.19,21.08,2696.85,243.30,4.37,0.53,99.41,14.19,9.54,2.53,0.00,0.00,8.62,1.94,8.23,3.95,1.96,4.63,15.01,21.70,67.90,9.13,4.16,4.90,74079.52,9142.35,3054.47,13947.02,2360.47,30135.07,1173.09,255.44,163.59,12510.77,391.01,661.62,151.56,2642.36,100.65,173.10,53.26,233.83,90.67,93.36,43.78,168.38,30.29,3855.80,347.86,5.56,0.67,124.44,17.76,11.87,3.15,0.00,0.00,10.19,2.30,11.11,5.34,2.62,6.17,16.76,24.23,73.14,9.84,4.72,5.56
22.10,22.1,28/11/2025 09:43:29,3.108,11.444,1181248.432,15.7,911672.0,604520.0,962092.72,7162.77,1925.24,7174.10,1218.03,13196.92,519.18,83.97,57.25,5060.75,157.69,608.09,131.21,1751.48,70.26,39.79,18.24,115.16,50.35,71.92,31.13,63.20,12.07,2368.36,212.07,3.82,0.51,103.92,15.53,9.27,2.46,0.00,0.00,5.01,1.50,4.90,3.86,0.65,4.59,17.26,21.57,60.41,8.89,5.53,4.83,73782.03,11877.85,3192.58,13555.20,2301.42,28232.63,1110.70,192.40,131.19,12636.20,393.73,732.51,158.06,2450.68,98.30,66.39,30.43,205.58,89.88,105.12,45.50,90.81,17.34,3386.15,303.21,4.86,0.66,130.09,19.44,11.54,3.07,0.00,0.00,5.93,1.77,6.62,5.21,0.86,6.12,19.27,24.08,65.08,9.58,6.27,5.48
22.20,22.2,28/11/2025 09:43:49,3.108,11.377,,15.7,920451.0,606911.0,962142.66,6624.78,1944.71,7101.77,1209.55,13502.04,529.48,143.63,87.43,4996.61,155.90,497.88,120.11,1848.95,71.28,97.21,30.93,101.24,50.25,72.36,31.37,23.25,4.92,2610.76,235.21,4.20,0.53,118.53,19.55,10.56,2.52,0.00,0.00,5.22,1.51,5.83,3.85,3.24,4.69,16.28,21.68,68.35,9.13,4.66,4.84,73778.72,10985.72,3224.86,13418.53,2285.40,28885.38,1132.73,329.11,200.33,12476.06,389.27,599.75,144.68,2587.06,99.74,162.19,51.60,180.73,89.71,105.76,45.84,33.41,7.07,3732.72,336.29,5.34,0.67,148.37,24.48,13.14,3.14,0.00,0.00,6.17,1.79,7.87,5.20,4.32,6.26,18.17,24.21,73.63,9.84,5.28,5.49
22.30,22.3,28/11/2025 09:43:49,3.343,18.250,,15.6,928705.0,613140.0,959992.01,8116.42,2004.16,7708.28,1300.05,13787.47,539.16,83.49,56.82,4916.49,153.90,520.04,123.64,1848.96,71.94,54.45,22.61,140.36,51.72,67.73,30.91,70.36,13.49,2482.79,223.03,4.30,0.54,94.08,12.88,9.94,2.48,0.00,0.00,5.67,1.57,6.00,3.93,2.40,4.70,11.89,22.02,71.80,9.31,5.09,4.94,77541.86,13459.26,3323.45,14564.50,2456.39,29496.03,1153.45,191.30,130.19,12276.00,384.29,626.44,148.94,2587.07,100.66,90.85,37.72,250.58,92.33,99.00,45.18,101.10,19.38,3549.75,318.88,5.47,0.68,117.76,16.12,12.37,3.09,0.00,0.00,6.70,1.86,8.11,5.31,3.21,6.27,13.27,24.59,77.34,10.03,5.78,5.61
22.40,22.4,28/11/2025 09:44:28,2.969,14.548,,15.6,942026.0,618214.0,958576.72,7833.77,2017.51,7655.33,1294.52,14303.84,556.93,96.92,64.08,5174.79,160.80,528.83,125.50,1899.67,73.60,155.37,39.37,119.80,52.07,72.12,31.88,154.14,27.41,3195.18,291.05,4.76,0.56,119.40,19.32,10.78,2.60,0.00,0.00,6.04,1.62,8.34,4.13,2.23,4.83,9.30,22.38,66.52,9.47,6.15,5.12,80141.41,12990.55,3345.60,14464.45,2445.94,30600.70,1191.45,222.08,146.83,12920.94,401.51,637.04,151.18,2658.03,102.98,259.24,65.69,213.87,92.96,105.40,46.59,221.48,39.38,4568.29,416.13,6.06,0.71,149.46,24.18,13.41,3.24,0.00,0.00,7.14,1.92,11.26,5.58,2.98,6.44,10.38,24.99,71.66,10.20,6.98,5.81
22.50,22.5,28/11/2025 09:44:58,3.048,16.999,,15.5,942184.0,622425.0,957536.01,8682.09,2080.58,7888.32,1331.38,14285.09,557.15,58.68,43.98,5393.77,167.28,576.05,131.14,1960.90,74.28,154.69,39.61,83.16,52.09,53.33,29.24,99.98,18.61,3005.09,272.83,4.27,0.55,115.42,18.21,11.36,2.55,0.00,0.00,5.58,1.57,10.73,4.13,2.94,4.91,0.47,22.64,67.45,9.37,4.60,5.03,82094.54,14397.31,3450.18,14904.69,2515.59,30560.60,1191.94,134.45,100.77,13467.72,417.68,693.91,157.97,2743.71,103.93,258.10,66.10,148.46,92.99,77.94,42.74,143.66,26.73,4296.51,390.08,5.44,0.70,144.48,22.80,14.13,3.17,0.00,0.00,6.60,1.86,14.50,5.58,3.92,6.55,0.52,25.28,72.66,10.09,5.22,5.71
22.60,22.6,28/11/2025 09:45:18,3.582,14.279,1181246.384,15.5,941001.0,623683.0,961011.62,6635.91,1960.23,7202.56,1225.44,13981.83,546.18,48.22,56.82,5452.21,168.66,545.50,127.53,1894.38,73.28,77.51,28.32,90.97,51.84,58.42,29.74,66.12,12.91,2756.06,249.26,4.43,0.54,61.86,6.11,7.95,2.39,0.00,0.00,9.01,1.99,7.02,3.99,1.35,4.84,9.95,22.41,68.38,9.26,8.74,5.00,76178.99,11004.17,3250.61,13608.97,2315.42,29911.82,1168.46,110.48,130.20,13613.65,421.14,657.11,153.63,2650.63,102.54,129.33,47.26,162.40,92.54,85.39,43.46,95.00,18.55,3940.46,356.38,5.63,0.69,77.43,7.64,9.89,2.98,0.00,0.00,10.65,2.35,9.49,5.40,1.80,6.46,11.11,25.02,73.66,9.98,9.92,5.67
22.70,22.7,28/11/2025 09:45:38,2.428,18.185,,15.5,955282.0,631039.0,957987.76,8076.20,2073.75,8086.75,1361.28,14577.66,567.11,156.29,95.22,5730.34,176.88,560.03,130.97,2000.87,75.36,35.08,17.33,77.11,52.90,52.17,29.42,37.94,7.99,2446.25,219.94,4.37,0.54,47.96,3.95,9.23,2.52,0.00,0.00,7.50,1.82,6.25,4.02,2.57,4.85,25.18,22.96,65.76,9.28,6.71,5.00,82028.02,13392.57,3438.86,15279.61,2572.09,31186.51,1213.24,358.11,218.19,14308.12,441.65,674.61,157.77,2799.64,105.44,58.53,28.92,137.66,94.43,76.24,43.00,54.52,11.48,3497.51,314.46,5.56,0.69,60.04,4.94,11.49,3.14,0.00,0.00,8.87,2.15,8.44,5.42,3.43,6.46,28.12,25.64,70.84,9.99,7.61,5.68
22.80,22.8,28/11/2025 09:45:58,3.324,18.450,,15.5,954381.0,630938.0,957428.85,7776.71,2050.20,8134.88,1369.08,15105.37,584.68,110.21,71.96,5542.30,170.93,678.02,141.88,1993.37,75.21,104.62,33.20,97.03,52.57,87.44,34.93,129.68,23.50,2634.76,237.53,3.98,0.54,59.14,5.58,11.22,2.54,0.00,0.00,5.61,1.56,4.50,4.07,2.20,4.96,17.34,22.70,66.97,9.41,5.79,5.06,82914.67,12895.93,3399.79,15370.56,2586.82,32315.44,1250.83,252.54,164.89,13838.60,426.79,816.74,170.91,2789.14,105.23,174.56,55.39,173.22,93.84,127.80,51.05,186.33,33.77,3767.04,339.61,5.06,0.68,74.03,6.99,13.96,3.17,0.00,0.00,6.63,1.84,6.08,5.49,2.93,6.61,19.36,25.35,72.14,10.13,6.57,5.74
22.90,22.9,28/11/2025 09:46:17,1.610,10.251,,15.5,949650.0,624955.0,958953.36,7743.80,2004.90,8107.89,1363.85,14523.30,565.57,68.81,50.35,5314.08,164.83,512.81,124.76,1960.13,74.56,66.55,26.12,102.71,52.33,85.41,34.45,15.34,3.40,2321.77,208.10,4.11,0.52,102.22,14.91,9.21,2.45,0.00,0.00,5.01,1.51,5.84,3.99,2.23,4.78,24.01,22.56,65.77,9.15,5.64,4.96,80044.19,12841.36,3324.68,15319.55,2576.94,31070.21,1209.95,157.66,115.36,13268.75,411.55,617.74,150.29,2742.63,104.33,111.04,43.58,183.36,93.42,124.84,50.35,22.05,4.89,3319.53,297.52,5.23,0.66,127.96,18.67,11.46,3.04,0.00,0.00,5.93,1.79,7.89,5.39,2.97,6.37,26.80,25.19,70.84,9.86,6.39,5.63
23.00,23.0,28/11/2025 09:46:47,1.223,11.968,,15.5,953774.0,630518.0,960977.69,5488.83,1942.85,7803.68,1318.96,14618.04,568.41,87.31,60.20,5487.95,170.01,496.63,124.32,1952.20,74.54,121.29,35.67,78.78,52.06,60.49,30.23,18.13,4.02,2580.90,232.77,4.45,0.54,117.60,19.16,12.40,2.52,0.00,0.00,4.41,1.54,4.91,4.05,2.08,4.86,6.73,22.62,69.54,9.20,5.94,4.95,76771.96,9101.99,3221.78,14744.77,2492.13,31272.89,1216.02,200.06,137.95,13702.88,424.49,598.25,149.75,2731.52,104.30,202.37,59.51,140.65,92.94,88.42,44.18,26.05,5.77,3690.03,332.80,5.66,0.69,147.22,23.98,15.43,3.14,0.00,0.00,5.22,1.82,6.63,5.47,2.77,6.48,7.51,25.25,74.91,9.91,6.74,5.62
23.10,23.1,28/11/2025 09:47:07,2.160,10.845,1181246.052,15.5,943508.0,626327.0,961340.95,6113.20,1927.93,7067.75,1206.38,13936.73,545.25,133.58,83.29,5202.50,161.82,585.74,130.77,2010.92,73.87,150.43,38.73,98.84,51.54,79.78,33.21,96.73,18.06,2980.28,270.69,4.58,0.55,93.09,12.51,11.03,2.58,0.00,0.00,4.95,1.57,5.25,4.05,2.95,4.91,7.62,22.30,67.99,9.18,5.13,5.07,75307.02,10137.36,3197.05,13354.25,2279.40,29815.33,1166.48,306.08,190.85,12990.14,404.06,705.59,157.52,2813.69,103.36,251.00,64.62,176.45,92.01,116.61,48.54,138.98,25.94,4261.03,387.01,5.83,0.70,116.53,15.66,13.73,3.21,0.00,0.00,5.85,1.86,7.09,5.47,3.93,6.54,8.50,24.90,73.24,9.89,5.82,5.76
23.20,23.2,28/11/2025 09:47:27,2.748,9.391,,15.6,931606.0,617880.0,962579.43,5794.98,1921.31,7078.77,1206.51,13351.83,524.83,89.33,59.86,5030.59,156.99,586.87,130.23,1912.21,72.60,151.43,38.60,80.99,50.63,80.28,33.01,91.21,16.91,2955.86,268.26,4.60,0.55,116.31,18.75,9.91,2.50,0.00,0.00,5.92,1.59,6.09,3.94,4.50,4.79,0.00,0.00,65.10,9.27,3.79,4.80,72828.07,9609.68,3186.07,13375.08,2279.66,28564.03,1122.78,204.68,137.16,12560.90,391.99,706.95,156.88,2675.57,101.58,252.65,64.40,144.59,90.38,117.33,48.25,131.05,24.30,4226.13,383.54,5.86,0.70,145.59,23.47,12.33,3.11,0.00,0.00,7.00,1.88,8.23,5.33,6.00,6.38,0.00,0.00,70.12,9.99,4.30,5.44
23.30,23.3,28/11/2025 09:47:46,2.806,12.696,,15.7,917117.0,608647.0,962882.17,7810.31,1976.85,7022.47,1194.60,12683.07,501.40,41.48,54.78,4165.70,133.18,535.40,123.22,1777.32,70.34,96.42,30.74,92.21,49.72,62.25,29.48,67.68,12.87,2576.63,232.04,4.18,0.52,85.83,11.04,11.17,2.42,0.00,0.00,3.79,1.46,6.16,3.82,2.14,4.56,7.70,21.50,62.15,8.87,3.78,4.75,71401.64,12951.65,3278.17,13268.70,2257.15,27133.34,1072.65,95.03,125.52,10401.36,332.53,644.94,148.43,2486.84,98.42,160.87,51.29,164.61,88.75,90.98,43.09,97.24,18.49,3683.92,331.75,5.32,0.66,107.44,13.82,13.90,3.01,0.00,0.00,4.48,1.73,8.32,5.16,2.85,6.08,8.60,24.01,66.95,9.56,4.29,5.39
23.40,23.4,28/11/2025 09:48:06,2.578,17.525,,15.7,907658.0,603070.0,967277.61,4257.62,1844.89,6536.15,1123.99,12282.67,488.61,58.93,43.23,4333.51,137.68,577.42,126.09,1796.49,69.36,79.98,27.29,151.26,49.33,67.39,29.90,68.63,12.96,2357.03,211.25,4.16,0.51,44.80,3.61,9.12,2.40,0.00,0.00,3.56,1.43,3.22,3.68,3.19,4.48,24.91,20.94,56.99,8.53,5.37,4.61,64002.82,7060.30,3059.34,12349.82,2123.74,26276.75,1045.29,135.03,99.06,10820.36,343.77,695.56,151.89,2513.66,97.05,133.45,45.53,270.02,88.06,98.50,43.71,98.60,18.62,3369.95,302.04,5.29,0.65,56.08,4.52,11.35,2.99,0.00,0.00,4.21,1.69,4.35,4.97,4.25,5.98,27.81,23.38,61.39,9.18,6.09,5.23
23.50,23.5,28/11/2025 09:48:35,2.732,11.635,,15.7,903587.0,600976.0,965259.93,6416.28,1881.50,6700.63,1145.39,12187.64,484.78,48.35,36.81,4417.58,140.10,498.35,118.42,1720.80,68.91,90.70,29.43,110.93,49.15,62.59,29.18,63.36,12.01,2269.43,202.79,4.03,0.51,56.05,5.28,8.83,2.37,0.00,0.00,4.48,1.42,4.45,3.70,1.82,4.51,8.91,21.13,61.59,8.73,3.28,4.57,67479.72,10639.95,3120.05,12660.58,2164.17,26073.44,1037.10,110.80,84.34,11030.26,349.81,600.31,142.65,2407.76,96.43,151.33,49.11,198.04,87.75,91.49,42.65,91.04,17.26,3244.70,289.94,5.13,0.65,70.16,6.60,10.99,2.95,0.00,0.00,5.29,1.68,6.01,5.00,2.43,6.02,9.95,23.59,66.34,9.41,3.72,5.18
23.60,23.6,28/11/2025 09:48:55,2.527,9.193,1181246.185,15.8,894810.0,599694.0,966863.58,6172.73,1803.63,6253.68,1074.11,11715.32,467.42,83.31,54.63,4103.84,131.05,516.57,119.52,1650.67,67.87,71.82,25.75,113.00,48.48,71.54,30.45,20.27,4.26,2195.27,195.91,4.14,0.50,64.84,6.85,8.90,2.29,0.00,0.00,3.10,1.38,3.00,3.64,2.59,4.44,15.40,20.81,61.61,8.48,4.83,4.62,64276.48,10236.10,2990.91,11816.09,2029.50,25062.98,999.96,190.89,125.18,10246.89,327.23,622.26,143.98,2309.63,94.97,119.83,42.96,201.73,86.54,104.55,44.50,29.12,6.12,3138.68,280.10,5.27,0.64,81.16,8.58,11.08,2.84,0.00,0.00,3.66,1.63,4.06,4.92,3.45,5.92,17.19,23.23,66.37,9.14,5.47,5.24
23.70,23.7,28/11/2025 09:49:15,2.327,12.698,,15.7,898051.0,600132.0,967944.73,5118.14,1784.83,6120.73,1056.33,11908.06,474.34,22.23,19.17,4183.95,133.23,470.09,114.78,1686.86,68.03,79.90,27.16,106.32,48.36,75.30,31.10,68.18,12.82,2043.16,181.69,4.00,0.50,68.76,7.63,7.52,2.24,0.00,0.00,3.77,1.40,3.96,3.70,2.13,4.39,17.95,20.79,61.94,8.55,2.31,4.51,62606.80,8487.29,2959.74,11564.90,1995.89,25475.34,1014.78,50.94,43.93,10446.91,332.66,566.28,138.27,2360.26,95.19,133.31,45.32,189.81,86.33,110.06,45.46,97.96,18.43,2921.20,259.77,5.09,0.64,86.07,9.55,9.35,2.79,0.00,0.00,4.46,1.66,5.35,5.00,2.84,5.86,20.04,23.21,66.72,9.21,2.62,5.11
23.80,23.8,28/11/2025 09:49:34,1.808,12.234,,15.7,898203.0,599761.0,967894.68,4667.66,1830.24,6601.91,1130.29,11725.00,468.50,69.24,47.77,4268.86,135.39,376.85,105.66,1724.57,68.42,51.77,21.11,123.68,48.44,76.20,31.23,50.13,9.71,2189.51,195.34,4.37,0.52,61.33,6.22,7.17,2.21,0.00,0.00,4.08,1.40,5.74,3.65,1.79,4.41,28.96,20.73,61.47,8.67,5.05,4.68,62814.08,7740.27,3035.04,12474.06,2135.63,25083.70,1002.27,158.65,109.46,10658.94,338.05,453.95,127.28,2413.02,95.74,86.38,35.23,220.80,86.47,111.37,45.65,72.02,13.96,3130.43,279.28,5.56,0.66,76.77,7.79,8.93,2.75,0.00,0.00,4.83,1.65,7.75,4.92,2.38,5.89,32.33,23.15,66.22,9.34,5.73,5.31
23.90,23.9,28/11/2025 09:49:54,3.077,10.645,,15.7,902126.0,599137.0,966558.32,4870.60,1814.39,6415.83,1101.82,11981.92,477.85,119.92,74.75,4380.69,138.85,539.07,121.87,1787.82,69.30,112.83,32.47,110.46,48.76,68.35,29.94,156.86,27.22,2732.11,246.68,4.30,0.52,59.72,5.84,8.80,2.38,0.00,0.00,4.60,1.44,6.78,3.77,3.18,4.51,14.31,20.95,60.24,8.75,3.28,4.66,65008.02,8076.80,3008.76,12122.47,2081.86,25633.34,1022.28,274.78,171.29,10938.16,346.70,649.37,146.80,2501.53,96.96,188.26,54.18,197.19,87.05,99.90,43.75,225.38,39.11,3906.22,352.68,5.47,0.66,74.76,7.31,10.96,2.96,0.00,0.00,5.44,1.71,9.16,5.10,4.24,6.01,15.98,23.39,64.89,9.43,3.73,5.28
24.00,24.0,28/11/2025 09:50:23,2.242,11.839,,15.7,902245.0,597309.0,964173.18,6056.49,1889.96,6751.94,1154.37,12602.06,498.34,67.57,47.50,4601.23,144.85,605.48,129.31,1815.38,70.01,178.16,39.96,68.30,48.65,78.87,32.07,71.74,13.38,2754.76,248.79,4.26,0.52,75.82,8.82,9.23,2.37,0.00,0.00,5.17,1.49,7.22,3.74,1.24,4.53,4.12,21.22,63.04,8.81,4.73,4.79,69457.38,10043.33,3134.08,12757.55,2181.13,26960.03,1066.12,154.84,108.85,11488.83,361.68,729.36,155.77,2540.08,97.95,297.26,66.67,121.93,86.84,115.28,46.87,103.08,19.23,3938.61,355.71,5.42,0.66,94.91,11.04,11.49,2.96,0.00,0.00,6.11,1.76,9.75,5.05,1.66,6.03,4.60,23.69,67.91,9.49,5.37,5.44
24.10,24.1,28/11/2025 09:50:43,2.293,16.006,1181247.176,15.8,895423.0,595701.0,966884.74,5668.57,1761.46,6280.43,1079.45,11671.12,466.36,78.79,52.27,4032.93,128.78,377.87,105.90,1784.54,68.55,137.90,35.49,102.17,48.19,72.66,30.57,130.76,22.94,2609.99,235.15,3.83,0.50,68.24,7.42,11.11,2.40,0.00,0.00,4.81,1.43,5.08,3.75,2.20,4.41,7.39,20.78,60.71,8.80,4.18,4.65,64073.77,9400.04,2920.98,11866.64,2039.58,24968.43,997.70,180.54,119.77,10069.83,321.55,455.18,127.56,2496.94,95.92,230.09,59.21,182.40,86.04,106.19,44.68,187.88,32.97,3731.61,336.21,4.87,0.64,85.42,9.29,13.83,2.98,0.00,0.00,5.69,1.69,6.87,5.06,2.93,5.89,8.25,23.20,65.40,9.48,4.74,5.27
24.20,24.2,28/11/2025 09:51:03,2.642,12.038,,15.8,895408.0,597276.0,966196.06,6249.16,1883.23,6327.19,1088.57,11793.10,470.65,85.59,56.09,4097.88,130.76,506.45,118.06,1754.52,68.76,121.33,33.44,76.56,48.17,56.83,28.12,92.18,16.71,2444.81,219.43,4.39,0.52,92.54,12.79,10.43,2.36,0.00,0.00,4.44,1.45,4.19,3.70,5.02,4.45,11.34,20.94,62.29,8.69,3.70,4.68,65326.40,10362.83,3122.91,11954.98,2056.82,25229.38,1006.87,196.12,128.53,10232.02,326.51,610.07,142.21,2454.94,96.20,202.44,55.79,136.68,85.99,83.07,41.10,132.45,24.01,3495.46,313.73,5.58,0.66,115.84,16.01,12.98,2.94,0.00,0.00,5.25,1.72,5.65,4.99,6.69,5.94,12.66,23.38,67.10,9.36,4.20,5.31
24.30,24.3,28/11/2025 09:51:22,2.763,15.474,,15.8,895191.0,596956.0,967467.03,5056.16,1794.58,6228.23,1072.20,11614.74,464.64,26.92,22.54,4155.33,132.45,534.29,120.78,1858.41,69.40,112.47,31.98,126.76,48.26,90.11,33.87,118.94,20.94,2433.70,218.31,4.07,0.51,69.02,7.59,8.53,2.34,0.00,0.00,5.29,1.45,3.84,3.67,2.68,4.46,18.90,20.65,59.75,8.60,4.84,4.71,63085.65,8384.51,2975.91,11768.00,2025.89,24847.82,994.03,61.68,51.64,10375.46,330.71,643.60,145.49,2600.30,97.10,187.65,53.36,226.28,86.15,131.71,49.50,170.90,30.08,3479.57,312.12,5.18,0.65,86.39,9.50,10.62,2.91,0.00,0.00,6.26,1.72,5.18,4.96,3.57,5.95,21.11,23.05,64.36,9.26,5.49,5.34
24.40,24.4,28/11/2025 09:51:42,0.657,8.862,,15.8,890686.0,597076.0,967320.62,5568.86,1793.10,6311.45,1083.57,11619.05,464.32,13.46,12.20,4028.19,128.69,447.82,111.38,1717.78,68.02,123.49,33.75,107.06,48.29,80.61,32.07,74.12,13.71,2432.39,218.23,3.85,0.50,57.32,5.51,8.93,2.38,0.00,0.00,4.53,1.42,5.32,3.68,2.62,4.42,7.13,20.79,61.32,8.64,4.09,4.58,63330.42,9234.71,2973.46,11925.25,2047.37,24857.03,993.34,30.83,27.96,10057.99,321.32,539.45,134.17,2403.53,95.17,206.04,56.31,191.12,86.20,117.82,46.87,106.49,19.70,3477.70,312.02,4.90,0.64,71.76,6.89,11.11,2.97,0.00,0.00,5.35,1.68,7.19,4.97,3.49,5.89,7.96,23.21,66.05,9.31,4.64,5.20
24.50,24.5,28/11/2025 09:52:11,0.657,9.916,,15.8,887842.0,598575.0,967636.09,5168.68,1788.36,6321.27,1084.07,11523.14,460.48,69.07,46.97,4276.83,135.69,465.35,113.47,1731.05,67.90,116.43,32.51,93.40,47.85,71.42,30.31,39.26,7.77,2299.10,205.57,3.90,0.50,78.15,9.52,7.52,2.29,0.00,0.00,4.60,1.39,8.31,3.64,2.90,4.46,16.98,20.68,62.25,8.57,4.30,4.58,63019.01,8571.10,2965.59,11943.81,2048.31,24651.85,985.12,158.25,107.62,10678.85,338.80,560.56,136.69,2422.09,95.00,194.26,54.24,166.74,85.42,104.39,44.30,56.41,11.16,3287.13,293.91,4.96,0.63,97.83,11.92,9.36,2.85,0.00,0.00,5.44,1.65,11.23,4.92,3.86,5.95,18.96,23.09,67.05,9.24,4.87,5.20
24.60,24.6,28/11/2025 09:52:11,1.514,8.594,1181247.375,15.8,883201.0,597543.0,971575.73,3852.13,1739.34,5594.03,976.28,10549.33,427.68,44.61,51.58,3840.58,123.15,337.54,100.20,1631.80,66.58,87.34,27.94,104.08,47.04,75.01,30.62,61.03,11.53,2086.90,185.80,3.35,0.46,64.98,7.00,8.71,2.27,0.00,0.00,4.09,1.40,1.24,3.54,2.49,4.27,12.82,20.24,59.04,8.41,3.16,4.46,55608.12,6387.90,2884.30,10569.71,1844.65,22568.54,914.95,102.21,118.20,9589.55,307.50,406.60,120.70,2283.23,93.16,145.73,46.62,185.81,83.98,109.64,44.75,87.69,16.56,2983.73,265.65,4.27,0.59,81.34,8.76,10.84,2.83,0.00,0.00,4.83,1.65,1.68,4.78,3.32,5.69,14.31,22.60,63.60,9.06,3.58,5.06
24.70,24.7,28/11/2025 09:52:50,0.988,15.537,,15.8,883950.0,597838.0,969651.34,4734.75,1772.40,5538.15,967.05,11018.19,443.63,46.72,34.59,4061.87,129.47,456.77,111.63,1685.55,67.01,104.24,30.62,110.47,47.41,88.07,33.23,63.32,11.85,2288.26,204.65,4.31,0.51,58.14,5.69,7.39,2.20,0.00,0.00,4.68,1.39,2.51,3.63,1.90,4.39,11.35,20.37,57.69,8.47,4.32,4.52,59086.16,7851.53,2939.13,10464.13,1827.21,23571.60,949.07,107.05,79.27,10142.09,323.27,550.23,134.47,2358.43,93.76,173.92,51.09,197.21,84.63,128.72,48.56,90.97,17.03,3271.62,292.60,5.49,0.65,72.78,7.12,9.19,2.73,0.00,0.00,5.54,1.64,3.38,4.90,2.54,5.85,12.67,22.75,62.15,9.12,4.91,5.13
24.80,24.8,28/11/2025 09:53:10,4.241,8.727,,15.8,884099.0,596874.0,970535.51,3478.52,1714.78,5630.03,980.64,11086.84,445.40,107.71,65.88,4124.19,131.04,459.35,111.60,1693.17,66.91,65.95,24.19,109.55,47.42,73.34,30.35,51.85,9.89,2423.08,217.44,4.08,0.51,62.04,6.38,10.04,2.36,0.00,0.00,4.89,1.39,6.21,3.62,3.18,4.35,9.21,20.35,57.94,8.46,3.32,4.50,57733.38,5768.35,2843.58,10637.73,1852.88,23718.46,952.85,246.80,150.95,10297.71,327.20,553.33,134.43,2369.10,93.62,110.03,40.37,195.57,84.65,107.19,44.36,74.50,14.21,3464.38,310.88,5.19,0.65,77.66,7.98,12.50,2.94,0.00,0.00,5.78,1.65,8.39,4.89,4.24,5.81,10.28,22.72,62.41,9.11,3.77,5.10
24.90,24.9,28/11/2025 09:53:29,2.380,14.151,,15.8,886677.0,596618.0,968337.59,5423.53,1789.11,5600.26,976.17,11192.83,449.64,48.32,35.35,4232.57,134.28,502.40,116.59,1731.82,67.69,74.97,26.11,99.24,47.86,83.68,32.49,61.50,11.54,2446.68,219.61,4.12,0.51,62.25,6.37,7.64,2.26,0.00,0.00,4.83,1.43,1.51,3.61,2.94,4.39,9.39,20.60,67.34,8.64,4.57,4.59,61431.43,8993.71,2966.84,10581.49,1844.43,23945.21,961.94,110.72,80.99,10568.32,335.28,605.19,140.44,2423.18,94.72,125.09,43.56,177.17,85.44,122.30,47.49,88.36,16.59,3498.13,313.99,5.25,0.64,77.93,7.97,9.52,2.81,0.00,0.00,5.71,1.69,2.03,4.88,3.92,5.85,10.48,23.00,72.54,9.30,5.19,5.21
25.00,25.0,28/11/2025 09:53:59,1.868,14.948,,15.8,887598.0,596420.0,968171.70,4901.84,1783.76,5906.83,1023.01,11634.69,464.30,128.78,76.94,3976.88,127.01,488.07,115.15,1745.49,68.11,124.13,33.52,113.40,47.86,76.97,31.17,123.20,21.57,2420.68,217.05,4.13,0.50,94.20,13.27,8.29,2.29,0.00,0.00,3.65,1.42,5.02,3.70,1.78,4.44,6.91,20.55,60.61,8.57,2.74,4.52,61818.15,8128.60,2957.97,11160.74,1932.93,24890.49,993.30,295.09,176.30,9929.89,317.14,587.93,138.71,2442.30,95.31,207.12,55.93,202.44,85.44,112.50,45.55,177.01,30.99,3460.95,310.33,5.26,0.64,117.92,16.61,10.31,2.85,0.00,0.00,4.32,1.68,6.78,5.00,2.37,5.92,7.71,22.94,65.30,9.24,3.11,5.13
25.10,25.1,28/11/2025 09:54:19,2.040,4.497,1181254.649,15.8,885736.0,598365.0,970179.87,3623.86,1684.18,5575.81,971.96,11252.03,451.05,81.72,53.17,4304.63,136.18,320.84,100.09,1767.34,67.56,120.96,33.10,115.90,47.79,61.28,28.42,26.49,5.43,2383.87,213.79,4.04,0.50,87.07,11.62,8.02,2.22,0.00,0.00,4.17,1.41,6.52,3.60,3.23,4.41,6.07,20.52,63.25,8.49,3.03,4.54,58576.56,6009.36,2792.84,10535.28,1836.49,24071.87,964.94,187.26,121.83,10748.26,340.02,386.48,120.57,2472.88,94.53,201.83,55.22,206.91,85.31,89.56,41.54,38.06,7.80,3408.32,305.66,5.14,0.63,108.99,14.54,9.98,2.77,0.00,0.00,4.93,1.67,8.81,4.87,4.31,5.88,6.78,22.91,68.13,9.15,3.44,5.15
25.20,25.2,28/11/2025 09:54:38,1.948,7.275,,15.8,891963.0,599301.0,969624.07,4068.75,1750.68,5848.16,1013.72,11006.86,443.79,59.32,41.89,4035.46,128.83,527.78,119.45,1732.09,67.99,184.06,39.66,95.23,47.66,108.64,37.69,122.33,21.57,2409.68,216.22,4.19,0.51,75.37,8.94,9.76,2.32,0.00,0.00,3.98,1.40,5.98,3.66,1.64,4.41,5.00,20.65,67.45,8.77,4.21,4.57,59082.42,6747.10,2903.12,11049.87,1915.39,23547.35,949.42,135.92,95.99,10076.15,321.68,635.77,143.89,2423.55,95.14,307.11,66.17,170.01,85.08,158.79,55.09,175.77,31.00,3445.22,309.14,5.34,0.65,94.35,11.19,12.15,2.89,0.00,0.00,4.71,1.66,8.08,4.94,2.18,5.89,5.58,23.05,72.66,9.45,4.77,5.18
25.30,25.3,28/11/2025 09:54:58,1.622,7.144,,15.8,891051.0,599861.0,967492.55,6191.75,1839.52,6043.08,1044.01,11265.36,452.38,49.20,52.52,4010.95,128.30,354.00,102.97,1755.25,68.03,99.63,30.52,90.64,48.16,50.35,27.03,91.32,16.59,2339.31,209.52,3.65,0.48,69.50,7.74,8.31,2.29,0.00,0.00,4.31,1.39,2.65,3.64,3.62,4.38,9.56,20.83,60.34,8.66,4.66,4.56,62870.19,10267.63,3050.43,11418.18,1972.61,24100.38,967.80,112.74,120.34,10014.96,320.35,426.43,124.04,2455.95,95.19,166.24,50.93,161.81,85.98,73.59,39.51,131.21,23.84,3344.61,299.56,4.64,0.61,87.00,9.68,10.34,2.86,0.00,0.00,5.10,1.64,3.57,4.92,4.82,5.84,10.67,23.26,65.00,9.32,5.29,5.18
25.40,25.4,28/11/2025 09:55:17,1.303,6.874,,15.8,890177.0,599519.0,969101.10,5178.59,1793.62,5599.95,976.72,11170.51,448.80,45.63,33.76,3935.60,126.06,457.78,112.13,1766.60,68.12,122.45,33.33,68.92,47.39,71.92,30.32,77.82,14.34,2244.93,200.68,3.76,0.49,61.35,6.25,8.71,2.32,0.00,0.00,4.02,1.40,3.26,3.60,2.10,4.41,9.79,20.63,60.85,8.63,4.36,4.56,59960.30,8587.52,2974.31,10580.89,1845.47,23897.46,960.14,104.56,77.36,9826.82,314.76,551.45,135.08,2471.84,95.31,204.31,55.60,123.04,84.61,105.11,44.31,111.81,20.60,3209.68,286.92,4.78,0.63,76.79,7.82,10.84,2.89,0.00,0.00,4.75,1.65,4.41,4.86,2.80,5.88,10.93,23.03,65.55,9.30,4.95,5.17
25.50,25.5,28/11/2025 09:55:47,1.557,4.761,,15.8,893360.0,601499.0,967241.92,6298.33,1791.15,5852.35,1013.94,11150.09,449.02,125.57,76.16,4309.46,136.64,375.85,105.85,1730.18,68.10,124.96,33.69,153.99,48.86,80.68,32.06,90.13,16.36,2281.60,204.03,3.62,0.48,87.17,11.56,7.98,2.33,0.00,0.00,4.11,1.41,1.34,3.72,3.07,4.47,14.36,20.71,58.79,8.59,4.45,4.55,63489.36,10444.36,2970.23,11057.80,1915.80,23853.78,960.60,287.73,174.52,10760.31,341.18,452.74,127.51,2420.88,95.28,208.50,56.21,274.89,87.22,117.93,46.86,129.51,23.51,3262.11,291.71,4.61,0.61,109.11,14.47,9.93,2.89,0.00,0.00,4.86,1.66,1.81,5.03,4.10,5.96,16.04,23.12,63.32,9.26,5.05,5.16
25.60,25.6,28/11/2025 09:56:07,2.289,10.909,1181250.352,15.8,889646.0,601629.0,970416.19,3805.17,1687.08,5561.47,969.42,10814.20,436.56,80.29,52.15,3982.36,127.33,573.06,123.69,1704.57,67.42,64.58,23.97,106.15,47.70,80.40,31.79,120.99,21.27,2517.14,226.46,3.78,0.49,71.74,8.21,8.35,2.20,0.00,0.00,4.10,1.40,4.81,3.62,2.07,4.46,14.17,20.49,61.25,8.51,3.16,4.55,57548.25,6310.02,2797.64,10508.19,1831.69,23135.19,933.96,183.97,119.49,9943.56,317.92,690.31,148.99,2385.05,94.34,107.75,40.00,189.49,85.16,117.51,46.46,173.84,30.56,3598.87,323.78,4.81,0.62,89.81,10.27,10.39,2.74,0.00,0.00,4.85,1.66,6.49,4.89,2.76,5.95,15.83,22.88,65.98,9.17,3.59,5.16
25.70,25.7,28/11/2025 09:56:26,1.781,11.305,,15.7,895062.0,603035.0,968333.88,5012.66,1754.25,5878.94,1017.93,11122.81,448.07,63.08,43.94,4198.37,133.28,488.27,115.58,1781.64,68.69,141.07,35.87,93.31,47.99,69.24,29.96,123.92,21.86,2490.04,223.81,4.32,0.52,108.51,17.09,7.44,2.31,0.00,0.00,5.81,1.53,4.25,3.72,3.08,4.47,2.99,20.76,61.36,8.75,5.01,4.70,61408.09,8312.38,2909.03,11108.04,1923.34,23795.41,958.58,144.55,100.69,10482.93,332.80,588.17,139.23,2492.88,96.11,235.38,59.86,166.57,85.66,101.19,43.79,178.06,31.40,3560.11,319.98,5.50,0.66,135.83,21.39,9.27,2.88,0.00,0.00,6.87,1.81,5.74,5.03,4.11,5.97,3.34,23.18,66.10,9.43,5.69,5.33
25.80,25.8,28/11/2025 09:56:46,2.282,9.786,,15.8,890511.0,601231.0,969493.94,4935.29,1750.54,5734.74,996.26,10829.11,437.70,25.93,21.43,4215.12,133.65,496.93,116.20,1733.42,67.97,85.36,28.22,112.01,48.15,68.26,29.79,21.03,4.42,2069.74,184.28,3.96,0.50,93.32,13.23,9.08,2.31,0.00,0.00,3.72,1.37,2.52,3.60,2.35,4.33,5.29,20.68,55.08,8.33,3.82,4.57,59440.13,8184.07,2902.88,10835.57,1882.40,23167.09,936.39,59.41,49.09,10524.75,333.70,598.60,139.97,2425.41,95.11,142.41,47.08,199.95,85.96,99.76,43.53,30.22,6.35,2959.20,263.48,5.04,0.63,116.81,16.56,11.30,2.88,0.00,0.00,4.40,1.62,3.41,4.87,3.13,5.77,5.91,23.09,59.33,8.98,4.33,5.18
25.90,25.9,28/11/2025 09:57:05,0.891,10.249,,15.8,883240.0,598466.0,969445.41,5986.87,1773.28,5794.48,1003.85,10580.26,428.86,51.79,37.41,4137.56,131.69,194.01,87.03,1651.53,66.69,69.85,24.95,104.44,47.59,73.78,30.56,34.29,6.89,1722.54,151.89,3.99,0.49,61.19,6.31,6.49,2.19,0.00,0.00,3.35,1.34,1.53,3.54,3.57,4.31,13.00,20.47,56.76,8.32,3.31,4.42,59608.19,9927.88,2940.59,10948.46,1896.74,22634.71,917.47,118.67,85.73,10331.10,328.83,233.71,104.84,2310.82,93.32,116.54,41.64,186.45,84.96,107.83,44.67,49.27,9.90,2462.80,217.16,5.08,0.62,76.60,7.90,8.08,2.73,0.00,0.00,3.97,1.59,2.07,4.79,4.77,5.75,14.51,22.85,61.14,8.96,3.76,5.01
26.00,26.0,28/11/2025 09:57:35,1.129,8.530,,15.8,881888.0,598295.0,970924.98,5523.89,1728.07,5927.93,1021.96,10306.91,419.16,51.77,37.11,3522.43,114.62,220.36,89.00,1548.79,66.10,49.06,20.25,87.06,46.98,74.93,30.63,33.43,6.71,1545.00,135.66,3.65,0.47,72.77,8.67,8.63,2.22,0.00,0.00,3.68,1.35,3.49,3.51,4.52,4.20,16.88,20.30,67.03,8.56,2.81,4.31,56576.57,9160.14,2865.62,11200.60,1930.96,22049.93,896.72,118.61,85.04,8795.17,286.20,265.45,107.21,2167.08,92.49,81.85,33.79,155.41,83.87,109.52,44.76,48.03,9.65,2208.96,193.95,4.65,0.59,91.09,10.85,10.74,2.76,0.00,0.00,4.35,1.60,4.72,4.74,6.02,5.60,18.84,22.67,72.20,9.22,3.19,4.89
26.10,26.1,28/11/2025 09:57:55,1.313,7.668,1181253.593,15.8,881677.0,598122.0,971221.79,4248.18,1712.81,5583.41,970.37,10301.30,419.20,87.21,55.80,4335.15,136.72,385.14,104.81,1681.15,67.06,68.66,24.78,91.14,47.29,71.15,30.00,19.92,4.17,1758.39,155.25,4.18,0.49,48.77,4.27,8.82,2.17,0.00,0.00,4.51,1.35,4.48,3.51,2.24,4.29,10.10,20.41,60.55,8.31,3.74,4.42,56569.13,7044.65,2840.31,10549.65,1833.48,22037.92,896.81,199.83,127.85,10824.45,341.37,463.94,126.26,2352.27,93.83,114.56,41.35,162.71,84.42,103.99,43.84,28.63,5.99,2514.05,221.97,5.32,0.63,61.05,5.34,10.98,2.70,0.00,0.00,5.33,1.60,6.06,4.74,2.99,5.72,11.28,22.79,65.23,8.95,4.25,5.02
26.20,26.2,28/11/2025 09:58:14,1.295,8.063,,15.8,886216.0,596509.0,970269.55,4720.91,1693.16,5899.65,1017.64,10646.34,430.83,130.25,77.37,3920.22,125.47,438.20,110.28,1683.24,67.29,32.22,15.46,104.11,47.55,69.04,29.73,50.69,9.82,1863.99,165.05,3.70,0.48,61.40,6.33,7.79,2.21,0.00,0.00,4.25,1.39,3.70,3.54,2.73,4.29,20.46,20.46,63.78,8.42,3.79,4.42,58000.90,7828.58,2807.73,11147.16,1922.79,22776.09,921.69,298.44,177.29,9788.42,313.28,527.85,132.84,2355.20,94.15,53.77,25.79,185.86,84.89,100.91,43.45,72.84,14.10,2665.02,235.98,4.71,0.61,76.85,7.93,9.70,2.75,0.00,0.00,5.03,1.64,5.00,4.78,3.64,5.73,22.84,22.84,68.70,9.07,4.30,5.02
26.30,26.3,28/11/2025 09:58:34,1.410,8.196,,15.8,884824.0,594509.0,970628.37,5105.87,1744.25,5773.03,999.45,10532.89,426.73,68.67,46.07,3781.07,121.71,223.33,90.02,1661.91,66.44,40.70,17.97,83.41,47.28,71.03,30.02,41.19,8.11,1851.25,163.85,3.83,0.48,43.17,3.48,6.25,2.15,0.00,0.00,3.46,1.36,4.72,3.55,1.96,4.26,10.43,20.44,60.73,8.32,2.72,4.38,57287.51,8466.94,2892.45,10907.92,1888.43,22533.37,912.92,157.36,105.56,9440.97,303.90,269.03,108.44,2325.35,92.96,67.92,29.98,148.91,84.41,103.82,43.88,59.19,11.66,2646.81,234.26,4.87,0.61,54.03,4.35,7.78,2.67,0.00,0.00,4.09,1.60,6.38,4.79,2.62,5.68,11.65,22.82,65.42,8.96,3.09,4.96
26.40,26.4,28/11/2025 09:58:53,-0.145,8.663,,15.8,889812.0,594141.0,968084.90,6079.78,1790.90,6025.26,1038.10,10701.50,433.56,10.33,9.56,4187.67,133.29,467.95,113.61,1704.19,67.67,113.64,32.33,131.16,48.50,78.49,31.63,48.74,9.50,2212.92,197.64,4.14,0.50,52.42,4.75,7.53,2.29,0.00,0.00,7.26,1.70,5.66,3.64,2.76,4.31,10.71,20.71,57.67,8.33,5.31,4.48,61741.34,10081.96,2969.80,11384.51,1961.45,22894.08,927.53,23.67,21.91,10456.22,332.81,563.69,136.85,2384.52,94.68,189.61,53.94,234.14,86.58,114.71,46.22,70.04,13.65,3163.91,282.58,5.27,0.64,65.62,5.94,9.37,2.85,0.00,0.00,8.58,2.02,7.64,4.92,3.68,5.75,11.96,23.12,62.12,8.98,6.02,5.08
26.50,26.5,28/11/2025 09:59:23,0.311,1.587,,15.8,891716.0,590478.0,968545.18,5219.12,1761.29,5757.15,999.80,11217.98,450.77,35.96,52.25,3936.07,126.42,484.93,115.20,1754.24,68.12,97.83,29.91,98.44,47.85,71.50,30.28,102.15,18.29,2500.57,224.80,3.70,0.49,65.56,6.97,9.01,2.36,0.01,0.18,9.86,1.98,5.09,3.61,2.20,4.40,20.00,20.64,57.82,8.45,5.63,4.61,60856.64,8654.74,2920.70,10877.91,1889.09,23999.01,964.35,82.40,119.72,9827.99,315.65,584.15,138.77,2454.54,95.32,163.23,49.91,175.74,85.42,104.51,44.25,146.78,26.27,3575.18,321.41,4.71,0.63,82.07,8.72,11.21,2.93,0.01,0.24,11.66,2.34,6.88,4.88,2.93,5.87,22.33,23.04,62.28,9.10,6.39,5.23
26.60,26.6,28/11/2025 09:59:43,1.755,16.071,1181246.381,15.8,887931.0,591929.0,968865.47,4880.02,1762.18,5657.87,983.95,11025.74,443.47,105.42,64.69,3981.43,127.28,540.37,120.87,1744.95,68.09,100.54,30.22,117.26,47.81,67.82,29.53,61.19,11.54,2692.91,243.12,3.59,0.48,43.77,3.47,9.48,2.32,0.00,0.00,8.09,1.80,5.92,3.65,0.86,4.36,20.96,20.51,61.21,8.65,5.14,4.67,60245.10,8092.43,2922.18,10690.33,1859.14,23587.75,948.74,241.55,148.22,9941.24,317.80,650.94,145.60,2441.54,95.27,167.75,50.43,209.34,85.36,99.12,43.16,87.92,16.58,3850.17,347.60,4.57,0.62,54.79,4.35,11.80,2.88,0.00,0.00,9.57,2.13,8.00,4.93,1.14,5.82,23.40,22.90,65.93,9.32,5.83,5.30
26.70,26.7,28/11/2025 10:00:02,1.009,16.599,,15.8,887895.0,593650.0,968576.39,4813.84,1711.79,5669.00,984.69,11385.82,455.17,66.73,44.93,3972.04,126.96,489.19,114.81,1825.00,68.52,126.45,33.94,86.85,47.65,79.43,31.72,102.84,18.34,2629.10,237.02,3.59,0.48,78.95,9.65,8.65,2.28,0.00,0.00,7.17,1.69,6.65,3.62,3.08,4.36,6.66,20.64,57.12,8.51,5.44,4.61,60865.34,7982.67,2838.62,10711.36,1860.54,24358.07,973.76,152.89,102.95,9917.80,317.00,589.29,138.30,2553.56,95.87,210.99,56.63,155.05,85.06,116.09,46.36,147.77,26.35,3758.94,338.88,4.56,0.61,98.83,12.08,10.77,2.84,0.00,0.00,8.48,2.00,8.99,4.89,4.11,5.81,7.44,23.05,61.53,9.16,6.17,5.23
26.80,26.8,28/11/2025 10:00:22,1.626,17.462,,15.8,888760.0,597769.0,968136.27,4970.15,1761.26,5942.00,1025.23,11259.72,451.23,42.39,51.91,4182.17,132.76,540.89,120.73,1911.39,69.48,112.68,32.18,109.88,48.33,54.59,27.62,75.13,13.90,2485.14,223.29,4.42,0.52,79.19,9.71,9.29,2.32,0.00,0.00,8.01,1.80,6.78,3.68,2.84,4.44,6.73,20.79,55.77,8.55,4.57,4.63,61759.48,8241.88,2920.66,11227.19,1937.14,24088.30,965.32,97.13,118.95,10442.46,331.48,651.56,145.43,2674.43,97.21,188.00,53.69,196.16,86.27,79.78,40.37,107.95,19.97,3553.11,319.24,5.63,0.66,99.13,12.15,11.56,2.88,0.00,0.00,9.47,2.13,9.15,4.98,3.79,5.92,7.51,23.21,60.08,9.21,5.18,5.25
26.90,26.9,28/11/2025 10:00:41,1.905,16.006,,15.8,885684.0,596491.0,968897.58,5195.59,1724.14,5693.46,989.82,11150.52,448.47,36.76,51.84,4044.36,129.02,465.24,112.48,1711.18,67.30,80.29,26.85,128.93,47.96,59.27,28.12,78.36,14.41,2296.25,205.40,3.98,0.49,54.71,5.11,9.38,2.33,0.00,0.00,6.34,1.55,4.11,3.62,2.31,4.34,19.21,20.49,57.09,8.55,5.08,4.54,60401.78,8615.72,2859.10,10757.59,1870.23,23854.69,959.44,84.22,118.78,10098.38,322.15,560.43,135.49,2394.29,94.16,133.96,44.79,230.16,85.62,86.62,41.10,112.58,20.71,3283.05,293.67,5.06,0.63,68.49,6.40,11.68,2.90,0.00,0.00,7.50,1.83,5.56,4.88,3.09,5.79,21.44,22.87,61.50,9.22,5.77,5.15
27.00,27.0,28/11/2025 10:01:11,1.785,10.054,,15.8,884496.0,590404.0,969410.83,4905.92,1721.48,5595.05,973.70,11167.21,448.37,30.72,24.62,4236.30,134.29,246.28,92.47,1687.88,67.12,89.57,28.57,100.20,47.55,65.06,29.02,33.54,6.71,2278.69,203.77,3.83,0.49,53.43,4.92,8.26,2.25,0.00,0.00,7.94,1.77,5.30,3.56,3.08,4.29,10.72,20.49,56.44,8.39,3.73,4.46,59813.08,8135.37,2854.69,10571.63,1839.77,23890.40,959.21,70.40,56.40,10577.64,335.31,296.67,111.39,2361.70,93.91,149.46,47.67,178.88,84.88,95.10,42.42,48.20,9.64,3257.94,291.34,4.87,0.62,66.89,6.16,10.28,2.80,0.00,0.00,9.39,2.10,7.16,4.81,4.11,5.72,11.97,22.88,60.80,9.04,4.23,5.06
27.10,27.1,28/11/2025 10:01:31,2.466,12.431,1181250.021,15.8,881860.0,591648.0,969054.28,5327.75,1761.83,5464.92,956.40,11025.81,443.79,41.25,51.56,4188.90,132.80,426.27,108.89,1785.97,68.11,93.89,29.33,72.97,47.34,79.88,31.76,7.86,1.71,2254.99,201.53,3.54,0.47,79.19,9.81,7.93,2.24,0.00,0.00,4.90,1.42,4.37,3.59,2.01,4.30,15.62,20.57,54.32,8.31,3.39,4.49,60161.47,8834.88,2921.59,10325.76,1807.07,23587.90,949.42,94.53,118.15,10459.29,331.60,513.49,131.17,2498.94,95.30,156.65,48.94,130.26,84.51,116.75,46.42,11.29,2.46,3224.06,288.13,4.50,0.60,99.12,12.28,9.87,2.79,0.00,0.00,5.80,1.68,5.90,4.85,2.68,5.73,17.44,22.96,58.51,8.96,3.85,5.09
27.20,27.2,28/11/2025 10:01:50,0.608,10.577,,15.8,884842.0,593376.0,970568.47,3537.09,1720.18,5621.75,979.15,11115.48,446.26,46.67,34.44,4105.30,130.71,507.25,116.95,1755.93,67.59,32.33,15.44,91.48,47.38,81.16,31.90,82.68,15.05,2239.08,200.05,4.00,0.49,108.74,17.36,6.96,2.18,0.00,0.00,8.72,1.84,2.53,3.61,2.77,4.30,15.00,20.43,62.39,8.57,4.24,4.50,57604.73,5865.47,2852.53,10622.09,1850.07,23779.74,954.69,106.95,78.91,10250.53,326.37,611.03,140.88,2456.91,94.58,53.94,25.76,163.31,84.59,118.61,46.62,118.79,21.63,3201.30,286.02,5.10,0.62,136.11,21.74,8.66,2.72,0.00,0.00,10.31,2.18,3.42,4.88,3.69,5.73,16.75,22.81,67.21,9.23,4.81,5.11
27.30,27.3,28/11/2025 10:02:10,1.840,10.579,,15.8,886044.0,595740.0,970259.37,3813.03,1674.94,5791.73,1003.05,10829.12,437.12,20.89,17.73,4183.07,132.60,365.47,102.62,1739.72,67.49,64.68,23.98,56.39,47.05,73.57,30.47,122.38,21.42,2498.02,224.58,4.25,0.51,72.06,8.28,7.17,2.20,0.00,0.00,8.03,1.80,7.17,3.63,1.84,4.34,14.63,20.49,62.11,8.63,5.31,4.56,58079.39,6323.05,2777.51,10943.25,1895.22,23167.11,935.15,47.87,40.62,10444.71,331.10,440.25,123.61,2434.23,94.44,107.91,40.01,100.66,83.99,107.52,44.54,175.85,30.78,3571.53,321.09,5.41,0.65,90.21,10.36,8.93,2.74,0.00,0.00,9.50,2.13,9.68,4.90,2.45,5.79,16.34,22.87,66.90,9.29,6.03,5.17
27.40,27.4,28/11/2025 10:02:29,2.050,12.429,,15.8,885102.0,597951.0,969493.41,4736.16,1712.62,6023.86,1037.76,10924.75,440.08,136.48,80.61,3999.91,127.74,457.32,111.79,1736.59,67.37,73.67,25.83,61.88,47.42,73.66,30.69,10.04,2.18,2095.76,186.60,3.82,0.49,80.75,10.22,9.05,2.30,0.00,0.00,4.82,1.42,3.43,3.61,1.68,4.31,11.57,20.64,58.03,8.44,3.34,4.52,59449.17,7853.86,2840.00,11381.86,1960.81,23371.69,941.49,312.72,184.70,9987.39,318.96,550.89,134.66,2429.85,94.27,122.92,43.10,110.47,84.66,107.66,44.86,14.43,3.13,2996.40,266.79,4.87,0.62,101.08,12.79,11.26,2.86,0.00,0.00,5.70,1.68,4.63,4.88,2.24,5.75,12.92,23.04,62.51,9.09,3.79,5.13
27.50,27.5,28/11/2025 10:02:59,2.687,10.973,,15.8,889053.0,600482.0,968432.03,5497.66,1803.22,5865.52,1016.28,11245.62,451.39,106.37,65.78,4078.34,130.02,294.29,97.73,1761.74,68.07,47.38,19.83,133.62,48.27,88.51,33.44,51.22,9.86,2188.28,195.24,3.75,0.49,96.17,13.89,9.56,2.36,0.00,0.00,5.91,1.54,4.12,3.68,2.21,4.40,25.70,20.57,58.54,8.60,3.46,4.57,61401.44,9116.64,2990.24,11082.69,1920.21,24058.14,965.67,243.74,150.72,10183.23,324.65,354.50,117.73,2465.04,95.24,79.05,33.09,238.54,86.17,129.36,48.87,73.60,14.17,3128.68,279.15,4.77,0.62,120.38,17.39,11.90,2.94,0.00,0.00,6.99,1.83,5.56,4.98,2.94,5.86,28.69,22.97,63.06,9.26,3.93,5.18
27.60,27.6,28/11/2025 10:03:19,3.311,11.104,1181250.287,15.7,891264.0,605317.0,969860.17,4141.57,1727.68,5836.47,1012.54,10924.97,441.11,41.47,51.88,4161.35,132.11,463.41,113.39,1814.39,68.82,75.09,26.15,131.69,48.28,76.72,31.27,65.06,12.27,2209.30,197.33,3.96,0.50,95.01,13.61,8.38,2.32,0.00,0.00,6.60,1.64,6.59,3.71,3.02,4.42,11.07,20.60,59.49,8.62,4.22,4.62,58811.36,6867.86,2864.97,11027.80,1913.15,23372.16,943.68,95.02,118.88,10390.49,329.86,558.23,136.59,2538.71,96.30,125.29,43.64,235.09,86.19,112.13,45.70,93.49,17.63,3158.73,282.13,5.04,0.63,118.93,17.04,10.43,2.89,0.00,0.00,7.80,1.94,8.90,5.01,4.03,5.90,12.36,23.00,64.09,9.29,4.79,5.24
27.70,27.7,28/11/2025 10:03:38,0.786,10.380,,15.7,894891.0,608516.0,966743.70,6881.14,1816.68,6274.06,1075.85,11014.49,444.13,42.67,32.37,4219.08,133.64,383.00,105.72,1730.21,68.42,53.68,21.70,141.00,49.05,63.41,29.10,45.37,8.94,2200.38,196.46,4.13,0.50,103.99,15.91,9.09,2.30,0.00,0.00,3.54,1.41,3.91,3.71,4.22,4.52,19.87,20.86,54.44,8.46,4.60,4.55,64236.85,11410.82,3012.55,11854.61,2032.78,23563.69,950.15,97.77,74.18,10534.64,333.69,461.37,127.36,2420.93,95.74,89.57,36.21,251.71,87.57,92.68,42.53,65.19,12.85,3145.98,280.88,5.26,0.64,130.17,19.91,11.32,2.87,0.00,0.00,4.19,1.67,5.29,5.01,5.63,6.02,22.18,23.29,58.64,9.12,5.22,5.16
27.80,27.8,28/11/2025 10:03:58,2.281,10.647,,15.7,896036.0,607341.0,967753.09,5224.49,1777.43,6295.68,1080.83,11551.39,462.04,44.25,33.21,4286.05,135.79,405.21,108.18,1809.70,69.09,26.90,15.78,92.22,48.64,55.39,27.97,78.27,14.59,2203.06,196.80,4.03,0.50,73.77,8.62,7.70,2.24,0.00,0.00,4.21,1.43,3.46,3.72,2.99,4.48,14.89,20.97,59.72,8.60,3.55,4.63,62853.29,8663.64,2947.47,11895.46,2042.19,24712.29,988.47,101.39,76.11,10701.85,339.05,488.12,130.31,2532.14,96.67,44.88,26.33,164.63,86.84,80.95,40.88,112.46,20.97,3149.81,281.37,5.13,0.64,92.34,10.78,9.59,2.79,0.00,0.00,4.97,1.70,4.67,5.02,3.99,5.97,16.62,23.42,64.33,9.26,4.02,5.25
27.90,27.9,28/11/2025 10:04:17,1.890,10.910,,15.7,891035.0,606457.0,968981.96,5166.19,1789.92,5805.77,1007.35,11143.13,447.70,34.18,26.93,4380.95,138.15,353.58,102.42,1684.74,67.28,31.71,15.61,78.22,47.99,50.97,27.08,69.62,13.08,2058.87,183.25,3.99,0.50,62.79,6.54,8.72,2.28,0.00,0.00,4.71,1.42,3.35,3.67,1.39,4.39,8.46,20.78,61.25,8.55,5.45,4.60,60674.81,8566.97,2968.17,10969.79,1903.36,23838.89,957.78,78.31,61.70,10938.80,344.95,425.93,123.37,2357.30,94.14,52.92,26.05,139.63,85.67,74.50,39.58,100.03,18.80,2943.66,262.00,5.07,0.63,78.59,8.18,10.86,2.84,0.00,0.00,5.57,1.68,4.53,4.96,1.85,5.86,9.44,23.20,65.98,9.21,6.19,5.22
28.00,28.0,28/11/2025 10:04:47,1.416,5.224,,15.7,893820.0,604765.0,967942.80,6356.41,1808.42,5953.03,1027.48,11201.73,449.86,20.98,17.87,3949.88,126.26,398.02,106.98,1719.04,68.04,103.23,31.01,103.90,48.27,65.03,29.31,79.97,14.78,1919.55,170.20,4.07,0.50,95.42,13.76,7.34,2.24,0.00,0.00,5.12,1.40,2.48,3.62,2.37,4.38,10.60,20.80,56.86,8.48,2.17,4.47,62082.27,10540.68,2998.86,11248.03,1941.38,23964.25,962.41,48.08,40.94,9862.48,315.26,479.46,128.86,2405.29,95.20,172.23,51.75,185.48,86.18,95.04,42.83,114.91,21.24,2744.46,243.35,5.17,0.64,119.45,17.22,9.13,2.79,0.00,0.00,6.06,1.66,3.35,4.89,3.16,5.84,11.83,23.22,61.25,9.14,2.46,5.07
28.10,28.1,28/11/2025 10:05:07,1.743,12.964,1181248.432,15.8,884138.0,597230.0,970184.81,5405.69,1784.31,5579.37,971.07,10612.15,429.74,87.95,55.81,3942.42,125.98,443.59,109.70,1678.71,66.60,31.48,15.53,94.32,47.81,71.17,30.17,35.27,7.09,1647.02,144.97,3.78,0.49,85.84,11.54,8.31,2.25,0.00,0.00,6.61,1.63,4.52,3.55,1.75,4.25,15.22,20.60,55.75,8.12,4.27,4.56,58088.82,8964.13,2958.87,10542.01,1834.80,22702.95,919.35,201.52,127.88,9843.85,314.57,534.35,132.15,2348.86,93.19,52.52,25.91,168.37,85.36,104.02,44.10,50.68,10.19,2354.82,207.28,4.81,0.62,107.45,14.45,10.34,2.80,0.00,0.00,7.81,1.93,6.11,4.79,2.34,5.67,17.00,23.00,60.06,8.75,4.85,5.18
28.20,28.2,28/11/2025 10:05:26,1.263,13.424,,15.8,880683.0,595236.0,972265.53,3461.86,1714.29,5705.27,991.66,10457.46,424.07,120.90,72.16,3868.30,123.73,348.27,100.58,1625.43,66.06,26.80,15.15,131.38,47.46,71.99,30.03,68.06,12.65,1654.23,145.51,3.77,0.47,82.88,10.89,7.14,2.17,0.00,0.00,5.53,1.45,5.21,3.54,1.22,4.24,20.26,20.21,65.33,8.50,3.21,4.39,54598.87,5740.71,2842.76,10779.90,1873.71,22372.00,907.23,277.02,165.35,9658.76,308.95,419.52,121.15,2274.31,92.43,44.71,25.27,234.53,84.72,105.22,43.89,97.79,18.18,2365.13,208.05,4.80,0.60,103.74,13.64,8.89,2.70,0.00,0.00,6.54,1.71,7.04,4.78,1.62,5.65,22.62,22.56,70.37,9.15,3.64,4.98
28.30,28.3,28/11/2025 10:05:46,1.228,11.575,,15.8,882001.0,598660.0,969241.15,5498.56,1777.33,5847.01,1012.77,10750.58,434.58,57.09,39.85,4150.87,131.47,429.20,109.10,1643.38,66.89,33.37,15.64,149.39,48.26,75.92,30.93,59.70,11.30,1886.14,166.90,3.71,0.48,67.53,7.46,6.86,2.25,0.00,0.00,6.99,1.66,3.08,3.57,2.88,4.31,22.23,20.43,59.70,8.41,4.65,4.49,59900.78,9118.13,2947.31,11047.70,1913.60,22999.08,929.71,130.80,91.31,10364.32,328.27,517.02,131.42,2299.42,93.59,55.68,26.09,266.69,86.16,110.97,45.21,85.78,16.24,2696.70,238.62,4.72,0.61,84.53,9.34,8.54,2.80,0.00,0.00,8.27,1.97,4.17,4.83,3.84,5.75,24.82,22.81,64.31,9.06,5.28,5.09
28.40,28.4,28/11/2025 10:06:05,0.621,13.295,,15.8,881809.0,600031.0,969997.87,5140.20,1787.39,5587.27,974.62,10820.23,436.87,46.79,34.27,4019.21,128.24,427.10,108.04,1683.92,66.90,50.14,20.42,106.38,47.60,61.42,28.42,5.13,1.13,1879.40,166.42,4.10,0.49,77.65,9.59,7.38,2.21,0.00,0.18,4.92,1.40,3.14,3.58,3.00,4.34,14.62,20.45,57.15,8.37,2.98,4.37,58507.03,8523.87,2963.99,10556.93,1841.51,23148.10,934.60,107.20,78.52,10035.58,320.21,514.49,130.14,2356.15,93.61,83.66,34.08,189.91,84.97,89.77,41.54,7.37,1.63,2687.07,237.94,5.22,0.62,97.20,12.01,9.18,2.75,0.01,0.24,5.82,1.65,4.24,4.83,4.01,5.79,16.32,22.83,61.57,9.01,3.38,4.96
28.50,28.5,28/11/2025 10:06:35,0.191,12.568,,15.8,883329.0,600207.0,970194.91,4312.60,1701.62,5622.69,978.25,11070.33,445.16,111.21,68.03,3925.26,125.82,416.94,107.52,1734.78,67.49,134.27,34.69,77.87,47.12,78.38,31.38,44.51,8.69,2113.36,188.16,4.20,0.50,77.04,9.41,8.51,2.30,0.00,0.00,5.95,1.51,2.95,3.60,3.85,4.33,2.54,20.47,53.38,8.29,4.47,4.51,58200.92,7151.47,2821.76,10623.86,1848.37,23683.15,952.35,254.83,155.88,9801.01,314.15,502.25,129.52,2427.31,94.43,224.03,57.88,139.01,84.11,114.55,45.86,63.96,12.48,3021.56,269.03,5.35,0.64,96.44,11.77,10.59,2.86,0.00,0.00,7.04,1.78,3.98,4.86,5.14,5.78,2.83,22.86,57.50,8.93,5.07,5.11
28.60,28.6,28/11/2025 10:06:55,1.014,14.545,1181246.385,15.8,879740.0,599647.0,969833.94,5424.80,1725.95,5432.15,949.00,10619.49,429.79,94.86,59.22,3986.56,127.02,433.59,108.31,1769.57,67.51,55.50,21.74,89.23,47.21,62.12,28.53,41.85,8.23,1981.94,175.89,3.67,0.48,85.64,11.39,8.26,2.22,0.00,0.00,4.49,1.41,2.11,3.54,1.93,4.34,7.21,20.40,57.94,8.31,3.15,4.49,58591.42,8995.82,2862.11,10263.84,1793.09,22718.65,919.46,217.36,135.70,9954.05,317.17,522.30,130.47,2476.00,94.45,92.60,36.27,159.29,84.28,90.80,41.69,60.13,11.82,2833.66,251.47,4.67,0.62,107.20,14.26,10.28,2.76,0.00,0.00,5.32,1.67,2.85,4.78,2.57,5.78,8.05,22.77,62.42,8.95,3.58,5.09
28.70,28.7,28/11/2025 10:07:14,1.498,14.610,,15.8,881658.0,598059.0,972511.19,2834.32,1680.61,5556.51,967.97,10541.05,426.33,29.50,23.54,4100.35,130.37,435.08,109.06,1692.74,66.76,50.18,20.45,65.82,46.90,49.78,26.58,57.68,10.96,1908.65,169.09,4.07,0.49,69.37,7.89,8.00,2.23,0.00,0.00,5.79,1.49,3.77,3.51,1.84,4.24,9.41,20.41,58.83,8.42,6.09,4.39,54230.98,4700.09,2786.92,10498.82,1828.95,22550.84,912.07,67.60,53.94,10238.18,325.53,524.09,131.37,2368.49,93.41,83.73,34.13,117.49,83.73,72.76,38.85,82.88,15.75,2728.88,241.75,5.18,0.62,86.84,9.88,9.95,2.78,0.00,0.00,6.84,1.76,5.09,4.74,2.45,5.65,10.50,22.79,63.38,9.07,6.91,4.98
28.80,28.8,28/11/2025 10:07:34,1.242,14.677,,15.8,881940.0,598034.0,970824.00,4169.76,1630.98,6018.51,1033.89,10543.33,427.22,56.53,39.89,3791.25,121.92,365.89,102.74,1707.37,67.15,31.56,15.40,82.32,47.16,72.05,30.13,111.02,19.61,2035.09,180.83,4.09,0.49,80.84,10.29,9.78,2.30,0.00,0.00,4.82,1.40,3.24,3.56,2.22,4.29,19.26,20.39,63.47,8.51,3.61,4.49,56867.37,6914.61,2704.62,11371.75,1953.49,22555.71,913.96,129.53,91.41,9466.38,304.43,440.76,123.76,2388.96,93.96,52.65,25.70,146.96,84.19,105.30,44.03,159.52,28.17,2909.66,258.55,5.21,0.62,101.20,12.88,12.17,2.87,0.00,0.00,5.70,1.65,4.37,4.81,2.96,5.72,21.50,22.77,68.38,9.17,4.09,5.10
28.90,28.9,28/11/2025 10:07:53,1.126,13.353,,15.8,879863.0,596162.0,969736.56,5056.37,1705.70,5888.74,1015.35,10796.66,435.36,49.10,35.45,4014.13,127.85,439.51,109.83,1614.20,66.43,38.94,17.28,100.44,47.25,84.57,32.49,59.63,11.20,1946.48,172.51,4.01,0.49,69.82,7.92,9.18,2.29,0.00,0.00,4.67,1.39,4.05,3.53,3.72,4.31,17.01,20.33,57.96,8.33,4.24,4.46,58975.18,8384.85,2828.53,11126.55,1918.46,23097.67,931.38,112.51,81.24,10022.89,319.24,529.44,132.30,2258.60,92.95,64.98,28.83,179.31,84.34,123.60,47.48,85.67,16.10,2782.97,246.64,5.10,0.62,87.40,9.91,11.43,2.86,0.00,0.00,5.53,1.64,5.47,4.76,4.96,5.75,18.99,22.70,62.44,8.97,4.81,5.06
29.00,29.0,28/11/2025 10:08:23,0.957,13.488,,15.8,879032.0,595147.0,970250.01,5031.57,1736.06,5471.82,955.42,10573.12,428.13,92.23,58.12,4279.33,135.06,192.66,85.68,1675.05,66.28,77.28,26.26,125.16,47.40,81.88,31.91,53.27,10.15,1907.30,168.86,4.24,0.50,97.40,14.39,7.97,2.22,0.00,0.00,5.12,1.40,3.15,3.56,1.55,4.28,8.83,20.24,57.26,8.37,3.81,4.40,58275.19,8343.74,2878.86,10338.79,1805.23,22619.44,915.92,211.32,133.17,10685.08,337.22,232.08,103.21,2343.74,92.74,128.94,43.82,223.43,84.61,119.68,46.64,76.55,14.58,2726.95,241.42,5.39,0.64,121.92,18.01,9.92,2.76,0.00,0.00,6.05,1.66,4.25,4.81,2.07,5.70,9.86,22.59,61.68,9.02,4.32,5.00
29.10,29.1,28/11/2025 10:08:43,1.021,10.717,1181245.851,15.8,872469.0,596718.0,969588.86,5616.21,1753.20,5685.05,986.24,10668.72,431.00,58.81,40.42,3897.65,124.67,246.74,91.24,1702.65,66.59,66.31,24.20,74.00,46.85,71.88,30.09,141.97,24.59,2013.62,178.69,3.87,0.49,75.84,9.16,8.82,2.30,0.00,0.00,4.50,1.41,2.64,3.55,3.11,4.31,6.09,20.33,59.18,8.42,3.50,4.46,59054.38,9313.23,2907.28,10741.68,1863.47,22823.96,922.05,134.75,92.63,9732.05,311.29,297.22,109.91,2382.36,93.17,110.64,40.38,132.10,83.64,105.05,43.98,203.99,35.34,2878.95,255.48,4.92,0.62,94.94,11.47,10.98,2.87,0.00,0.00,5.32,1.67,3.57,4.80,4.15,5.75,6.80,22.70,63.75,9.07,3.97,5.06
29.20,29.2,28/11/2025 10:09:02,1.351,11.178,,15.8,874037.0,598032.0,970184.49,5478.33,1719.89,5651.18,980.10,10507.82,425.47,92.55,58.08,3844.60,123.53,306.73,97.24,1667.80,66.65,35.57,16.18,94.28,46.91,57.45,27.60,97.17,17.41,1805.40,159.46,3.40,0.46,75.39,9.13,9.24,2.29,0.00,0.00,4.57,1.36,3.18,3.52,4.08,4.35,16.42,20.23,56.79,8.28,3.58,4.46,57998.13,9084.58,2852.06,10677.69,1851.86,22479.74,910.23,212.06,133.09,9599.58,308.45,369.49,117.13,2333.60,93.26,59.35,26.99,168.31,83.74,83.97,40.34,139.61,25.01,2581.25,227.99,4.33,0.59,94.37,11.43,11.50,2.85,0.00,0.00,5.41,1.61,4.29,4.75,5.44,5.80,18.33,22.59,61.17,8.92,4.06,5.06
29.30,29.3,28/11/2025 10:09:22,0.762,14.752,,15.8,879226.0,598507.0,970912.14,4642.11,1766.42,5422.67,951.18,10675.60,432.35,34.46,26.93,4029.47,128.26,268.77,93.56,1732.59,66.93,68.43,24.43,120.97,47.23,53.33,26.94,74.83,13.75,1784.76,157.53,4.53,0.50,74.67,8.98,7.50,2.21,0.00,0.00,3.86,1.38,2.00,3.55,2.78,4.31,21.86,20.23,59.22,8.45,3.43,4.45,56949.69,7697.90,2929.21,10245.93,1797.21,22838.68,924.93,78.97,61.71,10061.21,320.26,323.76,112.70,2424.25,93.65,114.18,40.76,215.95,84.32,77.95,39.37,107.52,19.75,2551.75,225.23,5.76,0.64,93.47,11.24,9.34,2.75,0.00,0.00,4.57,1.63,2.71,4.80,3.71,5.75,24.40,22.59,63.80,9.10,3.89,5.04
29.40,29.4,28/11/2025 10:09:41,0.126,9.589,,15.8,880635.0,598758.0,968743.93,5836.60,1792.94,5823.73,1008.99,10934.88,440.98,92.47,58.46,3936.35,125.46,382.38,104.89,1758.00,67.91,54.27,21.46,133.51,47.91,73.83,30.52,41.04,8.05,2010.30,178.48,3.78,0.48,74.58,8.86,8.71,2.25,0.00,0.00,3.96,1.38,2.67,3.60,4.26,4.37,17.66,20.40,59.90,8.46,3.19,4.42,60617.60,9678.69,2973.20,11003.73,1906.44,23393.38,943.40,211.89,133.96,9828.68,313.27,460.61,126.36,2459.80,95.02,90.55,35.80,238.34,85.53,107.91,44.61,58.97,11.57,2874.21,255.18,4.81,0.62,93.36,11.09,10.84,2.80,0.00,0.00,4.68,1.63,3.61,4.87,5.68,5.83,19.72,22.78,64.52,9.12,3.62,5.02
29.50,29.5,28/11/2025 10:10:11,-0.098,13.161,,15.8,877502.0,598530.0,970316.09,4565.53,1720.48,5664.13,983.45,10836.77,437.24,129.02,76.98,3997.58,127.41,413.52,106.71,1706.31,66.96,38.52,17.14,124.17,47.44,58.45,27.76,97.48,17.39,1865.40,164.92,3.84,0.48,81.66,10.48,7.79,2.24,0.00,0.00,4.00,1.36,1.96,3.53,1.85,4.33,22.13,20.27,59.95,8.37,3.84,4.47,58018.14,7570.91,2853.03,10702.16,1858.19,23183.48,935.41,295.64,176.38,9981.57,318.14,498.12,128.54,2387.49,93.70,64.27,28.59,221.66,84.68,85.42,40.57,140.06,24.99,2667.05,235.79,4.88,0.61,102.22,13.12,9.70,2.79,0.00,0.00,4.72,1.61,2.65,4.77,2.47,5.77,24.71,22.63,64.58,9.01,4.36,5.07
29.60,29.6,28/11/2025 10:10:31,-0.636,9.395,1181248.496,15.8,871494.0,598532.0,970809.42,5325.96,1699.17,5537.02,962.00,10373.88,420.64,42.21,50.56,3824.86,122.37,329.72,97.99,1652.96,66.00,38.62,17.08,73.11,46.61,80.85,31.63,93.48,16.66,1638.74,143.94,4.29,0.49,83.86,11.10,8.30,2.19,0.00,0.00,3.29,1.34,3.43,3.47,1.40,4.27,15.01,20.20,55.95,8.23,3.63,4.38,56846.88,8831.92,2817.69,10461.99,1817.66,22193.20,899.89,96.72,115.86,9550.31,305.55,397.18,118.04,2312.83,92.34,64.44,28.50,130.51,83.20,118.16,46.23,134.31,23.94,2342.98,205.80,5.46,0.63,104.97,13.89,10.33,2.73,0.00,0.00,3.90,1.58,4.64,4.68,1.87,5.69,16.76,22.55,60.28,8.86,4.11,4.97
29.70,29.7,28/11/2025 10:10:50,-0.429,11.972,,15.8,875386.0,598888.0,970035.74,4924.46,1713.42,5692.45,987.50,10744.50,433.76,14.19,12.43,4085.59,129.76,414.15,106.91,1706.62,67.03,71.32,25.22,87.69,47.06,85.20,32.58,61.85,11.56,1887.22,166.95,3.87,0.48,89.58,12.36,8.00,2.25,0.00,0.00,4.29,1.38,3.27,3.56,2.40,4.37,8.70,20.33,64.61,8.54,4.28,4.47,58439.59,8166.12,2841.33,10755.68,1865.85,22986.09,927.96,32.51,28.49,10201.33,324.01,498.88,128.78,2387.91,93.79,119.00,42.07,156.54,84.01,124.52,47.62,88.87,16.61,2698.24,238.70,4.93,0.61,112.13,15.48,9.96,2.79,0.00,0.00,5.08,1.64,4.41,4.81,3.21,5.82,9.72,22.70,69.60,9.20,4.86,5.07
29.80,29.8,28/11/2025 10:11:10,4.259,6.019,,15.8,874772.0,597689.0,968821.98,5958.95,1723.19,5912.25,1019.05,10818.50,436.56,61.73,42.63,4182.57,132.59,183.01,84.82,1719.02,67.01,65.29,23.91,99.88,47.33,70.65,29.92,101.74,18.08,1820.34,160.72,4.60,0.51,77.84,9.60,8.30,2.22,0.00,0.00,4.50,1.39,6.66,3.60,1.46,4.36,17.17,20.38,58.56,8.35,5.01,4.50,60764.71,9881.58,2857.53,11170.97,1925.46,23144.40,933.96,141.45,97.68,10443.48,331.07,220.46,102.17,2405.26,93.77,108.94,39.90,178.30,84.49,103.26,43.74,146.18,25.98,2602.63,229.79,5.86,0.65,97.43,12.02,10.33,2.77,0.00,0.00,5.32,1.64,8.99,4.86,1.94,5.82,19.17,22.76,63.08,8.99,5.68,5.11
29.90,29.9,28/11/2025 10:11:29,1.525,10.453,,15.8,874246.0,598951.0,971552.80,4413.84,1694.01,5444.15,950.95,10537.20,427.05,45.17,51.37,3978.25,126.65,314.14,97.26,1612.17,65.92,19.88,15.22,89.21,47.01,79.94,31.47,59.80,11.24,1671.73,147.10,4.36,0.50,84.36,11.24,7.16,2.20,0.05,0.18,3.63,1.36,3.85,3.49,1.54,4.27,11.81,20.23,60.47,8.15,4.50,4.45,55819.88,7319.37,2809.13,10286.52,1796.79,22542.59,913.60,103.51,117.72,9933.30,316.23,378.41,117.15,2255.76,92.24,33.16,25.39,159.25,83.92,116.83,46.00,85.92,16.15,2390.15,210.31,5.55,0.64,105.60,14.07,8.91,2.74,0.07,0.23,4.30,1.61,5.20,4.72,2.05,5.69,13.18,22.59,65.14,8.78,5.11,5.05
30.00,30.0,28/11/2025 10:11:59,-0.152,6.418,,15.8,876897.0,597861.0,969739.66,5481.13,1742.40,5794.29,1002.66,10834.02,436.91,121.27,72.63,3746.29,120.65,357.75,101.60,1668.76,66.56,66.25,24.11,107.83,47.36,85.64,32.69,99.24,17.70,1730.66,152.50,3.89,0.48,74.21,8.86,7.85,2.22,0.10,0.18,4.16,1.37,1.31,3.53,3.24,4.28,12.84,20.33,54.62,8.07,5.01,4.50,58855.57,9089.22,2889.39,10948.09,1894.48,23177.59,934.69,277.86,166.41,9354.13,301.24,430.95,122.38,2334.94,93.14,110.53,40.23,192.50,84.55,125.16,47.78,142.59,25.43,2474.39,218.04,4.96,0.62,92.89,11.09,9.77,2.76,0.14,0.24,4.92,1.62,1.77,4.77,4.32,5.71,14.34,22.70,58.84,8.69,5.68,5.10
30.10,30.1,28/11/2025 10:12:18,-1.416,7.874,1181248.828,15.8,875573.0,599666.0,970926.73,4162.14,1708.57,5929.54,1021.48,10751.70,433.16,77.31,49.90,3647.70,117.57,412.96,105.90,1749.62,67.03,56.88,22.19,72.34,46.78,71.76,29.98,102.62,18.23,1881.55,166.53,3.58,0.47,69.43,7.87,9.88,2.25,0.00,0.00,3.89,1.38,3.63,3.56,1.24,4.28,5.86,20.29,57.16,8.38,2.48,4.37,56690.10,6901.97,2833.28,11203.64,1930.05,23001.48,926.68,177.15,114.34,9107.95,293.57,497.46,127.57,2448.08,93.78,94.90,37.02,129.15,83.51,104.89,43.82,147.44,26.19,2690.13,238.09,4.56,0.60,86.91,9.85,12.30,2.80,0.00,0.00,4.60,1.64,4.90,4.81,1.65,5.71,6.54,22.65,61.58,9.02,2.81,4.96
30.20,30.2,28/11/2025 10:12:38,0.989,7.938,,15.8,876238.0,599829.0,971379.89,3361.39,1653.02,5509.83,959.32,10981.43,441.01,41.74,30.93,3910.11,124.70,431.01,108.02,1775.12,67.44,113.80,31.80,86.59,46.74,84.38,32.34,76.75,13.99,2045.61,181.75,4.21,0.50,105.97,16.70,6.76,2.19,0.00,0.00,4.91,1.39,4.90,3.61,2.49,4.35,6.98,20.23,62.35,8.58,3.77,4.49,56083.62,5574.11,2741.16,10410.62,1812.61,23492.95,943.47,95.64,70.87,9763.17,311.37,519.20,130.13,2483.76,94.36,189.87,53.06,154.58,83.44,123.33,47.27,110.28,20.10,2924.70,259.85,5.36,0.64,132.65,20.90,8.42,2.72,0.00,0.00,5.80,1.65,6.62,4.88,3.32,5.81,7.80,22.59,67.17,9.24,4.27,5.09
30.30,30.3,28/11/2025 10:12:57,0.449,8.265,,15.8,882325.0,598886.0,971730.86,2966.12,1717.28,5450.07,954.23,11012.01,442.87,0.43,0.42,4067.12,129.33,314.29,97.34,1778.22,67.71,100.47,30.04,95.62,47.03,76.58,30.94,81.50,14.87,2151.11,191.84,3.68,0.48,85.88,11.45,7.45,2.23,0.00,0.00,3.65,1.39,2.96,3.60,3.84,4.35,9.73,20.30,54.01,8.31,4.41,4.50,55649.43,4918.65,2847.72,10297.70,1802.99,23558.38,947.44,0.98,0.96,10155.22,322.93,378.60,117.26,2488.09,94.73,167.63,50.12,170.71,83.96,111.92,45.21,117.10,21.36,3075.54,274.28,4.68,0.61,107.51,14.33,9.27,2.77,0.00,0.00,4.31,1.64,4.00,4.87,5.12,5.81,10.86,22.66,58.18,8.96,5.00,5.10
30.40,30.4,28/11/2025 10:13:17,0.007,3.572,,15.8,881287.0,599131.0,968654.00,5087.99,1698.86,6212.29,1063.38,10804.19,435.62,129.59,76.88,4190.96,133.09,200.13,87.47,1800.28,67.95,84.20,27.66,84.06,47.20,90.10,33.71,116.69,20.56,2344.83,209.99,3.92,0.49,108.06,17.06,7.72,2.27,0.00,0.00,4.32,1.41,2.62,3.65,2.22,4.45,7.06,20.44,60.62,8.41,4.16,4.53,60992.13,8437.29,2817.18,11737.88,2009.21,23113.78,931.93,296.94,176.16,10464.42,332.32,241.08,105.37,2518.96,95.07,140.49,46.14,150.07,84.27,131.69,49.27,167.66,29.54,3352.50,300.23,4.99,0.63,135.27,21.36,9.61,2.82,0.00,0.00,5.10,1.67,3.54,4.93,2.96,5.93,7.88,22.82,65.31,9.06,4.72,5.14
30.50,30.5,28/11/2025 10:13:47,0.975,4.564,,15.8,875621.0,597643.0,971961.26,3816.24,1746.97,5542.48,967.98,10394.86,422.88,28.35,23.06,3805.45,122.12,350.28,100.39,1674.41,66.34,71.86,25.07,108.12,46.85,85.72,32.54,86.28,15.55,1880.71,166.37,3.91,0.48,87.59,11.95,10.19,2.28,0.00,0.00,5.19,1.42,5.95,3.49,2.55,4.31,14.97,20.12,58.49,8.30,5.10,4.45,54851.91,6328.38,2896.97,10472.32,1828.97,22238.08,904.69,64.96,52.84,9501.85,304.91,421.95,120.93,2342.85,92.82,119.90,41.83,193.01,83.63,125.29,47.57,123.97,22.34,2688.94,237.87,4.98,0.61,109.65,14.96,12.69,2.84,0.00,0.00,6.14,1.67,8.04,4.72,3.41,5.74,16.72,22.46,63.01,8.94,5.78,5.05
30.60,30.6,28/11/2025 10:14:06,2.663,10.907,1181243.475,15.8,872822.0,598035.0,971197.89,4196.64,1691.83,5498.68,957.37,10504.23,425.74,80.58,52.44,3766.15,121.13,353.57,100.43,1725.29,66.63,85.58,27.47,119.27,46.90,62.77,28.30,127.25,22.12,2075.33,184.52,3.67,0.48,102.11,15.64,8.75,2.34,0.00,0.00,6.16,1.56,2.42,3.54,4.08,4.31,14.65,20.09,60.53,8.47,4.40,4.48,56092.51,6959.19,2805.52,10389.55,1808.91,22472.07,910.79,184.63,120.16,9403.72,302.44,425.91,120.98,2414.04,93.24,142.79,45.83,212.93,83.72,91.74,41.37,182.83,31.78,2967.20,263.81,4.66,0.62,127.83,19.57,10.89,2.91,0.00,0.00,7.29,1.85,3.27,4.78,5.44,5.74,16.35,22.43,65.20,9.12,4.99,5.08
30.70,30.7,28/11/2025 10:14:26,1.612,12.431,,15.8,873678.0,597126.0,970614.12,5133.68,1759.97,5475.19,955.72,10478.15,424.74,110.46,66.68,3945.45,125.95,245.72,91.14,1709.10,66.31,26.72,15.30,79.22,47.06,52.06,26.82,55.35,10.54,1874.29,165.87,3.89,0.48,97.05,14.35,8.82,2.22,0.00,0.00,4.50,1.39,4.19,3.54,4.00,4.34,13.19,20.36,60.18,8.35,4.66,4.50,57326.35,8513.06,2918.52,10345.17,1805.80,22416.28,908.65,253.10,152.79,9851.41,314.48,296.00,109.79,2391.38,92.79,44.58,25.53,141.42,84.02,76.08,39.20,79.53,15.14,2679.75,237.15,4.95,0.62,121.48,17.96,10.98,2.77,0.00,0.00,5.33,1.64,5.66,4.78,5.34,5.78,14.72,22.73,64.83,8.99,5.28,5.11
30.80,30.8,28/11/2025 10:14:45,-0.792,9.850,,15.8,876527.0,597413.0,969760.17,4396.01,1690.41,6038.33,1038.16,11048.05,443.28,46.60,51.03,4081.03,129.50,198.86,86.18,1801.57,67.58,90.92,28.77,57.66,46.86,69.05,29.64,115.07,20.20,2113.91,188.15,4.15,0.50,96.84,14.14,8.52,2.23,0.00,0.00,4.30,1.40,2.07,3.58,2.00,4.38,4.32,20.43,57.63,8.43,2.93,4.53,59152.65,7289.79,2803.17,11409.20,1961.56,23635.49,948.32,106.78,116.93,10189.95,323.34,239.55,103.81,2520.77,94.56,151.70,48.01,102.93,83.66,100.91,43.32,165.34,29.03,3022.34,269.01,5.28,0.64,121.22,17.70,10.61,2.77,0.00,0.00,5.09,1.65,2.80,4.83,2.67,5.84,4.82,22.81,62.08,9.08,3.32,5.14
30.90,30.9,28/11/2025 10:15:05,-2.667,9.319,,15.8,874757.0,598828.0,971407.95,3702.92,1654.32,5609.12,974.54,10607.29,428.72,66.78,44.73,3807.18,121.70,441.33,108.33,1782.44,67.00,55.59,21.61,120.65,47.17,70.40,29.71,82.61,14.94,2049.02,182.09,4.00,0.49,97.81,14.47,8.39,2.25,0.00,0.00,3.96,1.39,2.43,3.61,2.34,4.29,16.07,20.18,58.16,8.39,3.55,4.52,55809.03,6140.46,2743.32,10598.23,1841.36,22692.55,917.17,153.01,102.50,9506.16,303.86,531.63,130.49,2494.00,93.74,92.75,36.06,215.38,84.21,102.90,43.43,118.70,21.46,2929.57,260.35,5.09,0.62,122.44,18.12,10.44,2.80,0.00,0.00,4.68,1.64,3.28,4.87,3.12,5.73,17.94,22.53,62.65,9.04,4.03,5.13
31.00,31.0,28/11/2025 10:15:35,-0.655,9.588,,15.8,873935.0,597528.0,970215.03,5094.67,1739.91,5786.58,1003.07,10510.87,426.83,19.65,16.78,3840.44,123.07,363.65,101.37,1685.09,66.40,48.32,19.81,128.07,47.38,82.95,32.06,53.59,10.15,1971.80,174.78,4.11,0.49,99.52,14.94,7.43,2.22,0.00,0.00,3.46,1.37,3.29,3.60,2.75,4.30,14.05,20.18,60.44,8.39,4.26,4.42,57861.75,8448.37,2885.26,10933.52,1895.27,22486.27,913.13,45.02,38.44,9589.20,307.30,438.05,122.12,2357.79,92.90,80.63,33.05,228.63,84.59,121.24,46.85,77.00,14.58,2819.17,249.89,5.23,0.62,124.58,18.70,9.25,2.77,0.00,0.00,4.09,1.62,4.44,4.86,3.67,5.74,15.68,22.53,65.11,9.04,4.83,5.02
31.10,31.1,28/11/2025 10:15:54,-2.197,11.179,1181245.254,15.8,871416.0,597208.0,970367.38,5362.60,1738.37,5539.91,963.01,10449.52,423.14,88.80,55.40,3787.22,121.44,388.36,103.33,1660.22,66.04,32.30,15.23,114.35,47.07,70.19,29.68,65.28,12.15,1889.31,167.10,3.85,0.48,83.87,11.02,8.29,2.23,0.00,0.00,3.78,1.38,2.15,3.53,3.09,4.35,15.68,20.16,61.23,8.47,2.63,4.43,57539.53,8892.67,2882.69,10467.46,1819.58,22355.02,905.24,203.46,126.93,9456.33,303.24,467.82,124.47,2322.99,92.41,53.89,25.41,204.13,84.03,102.59,43.38,93.80,17.45,2701.22,238.92,4.89,0.61,104.99,13.80,10.32,2.77,0.00,0.00,4.47,1.64,2.90,4.76,4.12,5.80,17.50,22.51,65.96,9.12,2.98,5.03
31.20,31.2,28/11/2025 10:16:14,0.425,10.318,,15.8,872635.0,597206.0,971410.70,4532.13,1714.85,5618.58,974.31,10369.91,420.01,51.10,35.99,3728.10,119.64,391.60,103.77,1680.05,66.40,26.41,15.20,95.07,46.89,54.96,27.12,89.93,16.19,1761.85,155.44,3.87,0.48,87.01,11.84,8.46,2.22,0.00,0.00,3.29,1.36,4.17,3.52,3.49,4.26,15.44,20.19,60.39,8.38,3.52,4.45,55731.71,7515.52,2843.70,10616.10,1840.92,22184.72,898.54,117.08,82.47,9308.72,298.73,471.72,125.00,2350.74,92.90,44.06,25.36,169.72,83.71,80.33,39.63,129.21,23.26,2518.99,222.24,4.92,0.61,108.91,14.82,10.53,2.76,0.00,0.00,3.89,1.61,5.63,4.75,4.65,5.68,17.23,22.54,65.05,9.03,4.00,5.05
31.30,31.3,28/11/2025 10:16:33,0.135,8.536,,15.8,874386.0,596477.0,970221.99,5430.19,1785.24,5276.82,927.69,10656.19,430.99,85.80,54.44,3832.32,122.97,424.01,107.89,1708.53,66.77,80.98,26.92,100.65,47.26,62.20,28.42,109.79,19.39,1848.17,163.38,4.08,0.49,67.00,7.38,7.92,2.22,0.00,0.00,3.58,1.38,7.61,3.61,2.46,4.32,7.20,20.36,60.24,8.36,2.27,4.42,57837.23,9004.76,2960.42,9970.35,1752.83,22797.15,922.04,196.59,124.75,9568.93,307.05,510.77,129.97,2390.58,93.42,135.11,44.92,179.68,84.37,90.91,41.53,157.76,27.86,2642.41,233.58,5.20,0.63,83.87,9.24,9.86,2.76,0.00,0.00,4.23,1.63,10.28,4.87,3.27,5.76,8.04,22.73,64.89,9.01,2.57,5.02
31.40,31.4,28/11/2025 10:16:53,1.385,9.394,,15.8,874823.0,596312.0,971685.80,4231.96,1721.67,5560.78,968.47,10457.81,424.26,34.55,26.89,3617.25,117.23,390.76,103.60,1692.65,66.02,25.50,15.16,102.40,46.86,70.15,29.60,79.43,14.43,1846.66,163.24,3.79,0.47,93.41,13.43,7.54,2.19,0.00,0.00,4.10,1.36,3.28,3.54,3.77,4.24,19.29,20.13,64.99,8.51,4.15,4.46,55171.48,7017.75,2855.01,10506.88,1829.88,22372.75,907.64,79.16,61.62,9031.91,292.72,470.71,124.80,2368.37,92.38,42.55,25.29,182.79,83.66,102.53,43.26,114.12,20.73,2640.25,233.39,4.83,0.60,116.92,16.81,9.39,2.73,0.00,0.00,4.85,1.61,4.43,4.79,5.03,5.65,21.54,22.48,70.01,9.16,4.70,5.06
31.50,31.5,28/11/2025 10:17:23,1.911,7.541,,15.8,879619.0,597746.0,970875.38,4152.65,1746.22,5587.06,974.05,10681.52,431.54,28.45,22.85,4200.40,133.09,215.40,88.45,1744.64,67.13,83.25,27.38,74.01,46.87,76.26,30.87,93.92,16.79,2022.80,179.67,3.97,0.49,72.52,8.48,7.83,2.20,0.00,0.00,3.39,1.38,3.86,3.57,3.22,4.34,8.68,20.34,57.35,8.33,3.44,4.39,57151.88,6886.24,2895.71,10556.53,1840.44,22851.34,923.21,65.19,52.35,10488.01,332.31,259.48,106.55,2441.11,93.93,138.91,45.69,132.12,83.66,111.45,45.11,134.95,24.13,2892.08,256.88,5.05,0.63,90.77,10.61,9.75,2.74,0.00,0.00,4.01,1.63,5.21,4.82,4.29,5.79,9.69,22.71,61.78,8.97,3.91,4.98
31.60,31.6,28/11/2025 10:17:42,1.520,9.319,1181244.929,15.8,877825.0,599310.0,970719.84,4674.63,1711.90,5393.71,944.30,10455.18,424.60,76.40,50.13,3862.12,123.80,385.53,103.45,1842.80,67.85,85.51,27.52,107.26,47.16,68.05,29.40,101.23,18.07,2036.28,180.98,3.42,0.47,87.99,11.96,8.83,2.31,0.00,0.00,4.34,1.40,6.70,3.64,2.61,4.38,15.58,20.28,57.89,8.39,4.09,4.45,56889.43,7751.82,2838.79,10191.22,1784.22,22367.13,908.37,175.07,114.88,9643.34,309.11,464.41,124.62,2578.45,94.94,142.67,45.92,191.48,84.19,99.45,42.96,145.46,25.96,2911.36,258.76,4.36,0.60,110.14,14.97,11.00,2.87,0.00,0.00,5.13,1.66,9.05,4.91,3.48,5.84,17.39,22.64,62.36,9.04,4.64,5.05
31.70,31.7,28/11/2025 10:18:02,0.819,8.591,,15.8,876090.0,596673.0,970961.76,4432.22,1699.44,5724.24,991.47,10331.79,419.44,52.92,36.97,4091.46,129.81,436.12,108.74,1701.69,66.89,37.25,16.82,82.25,46.99,78.73,31.35,111.30,19.68,1820.79,160.90,4.02,0.49,44.60,3.66,8.51,2.23,0.00,0.00,4.16,1.36,1.78,3.52,1.89,4.28,9.91,20.32,59.77,8.29,2.84,4.35,56759.63,7349.85,2818.14,10815.74,1873.35,22103.15,897.33,121.25,84.71,10215.98,324.12,525.35,130.99,2381.01,93.59,62.15,28.07,146.83,83.88,115.07,45.83,159.92,28.28,2603.26,230.05,5.12,0.62,55.83,4.58,10.60,2.78,0.00,0.00,4.92,1.61,2.40,4.76,2.52,5.71,11.07,22.68,64.38,8.94,3.22,4.94
31.80,31.8,28/11/2025 10:18:21,0.432,7.669,,15.8,882693.0,598529.0,969061.17,5912.20,1792.05,5487.03,958.06,10885.79,438.72,28.95,50.76,3817.37,122.72,417.32,107.86,1843.16,68.40,37.93,17.07,130.97,48.11,60.79,28.35,98.88,17.74,2067.79,183.95,4.07,0.50,52.30,4.76,8.65,2.28,0.00,0.00,4.85,1.41,2.36,3.63,1.48,4.34,14.43,20.50,58.66,8.43,3.86,4.44,59799.97,9804.06,2971.71,10367.54,1810.21,23288.36,938.56,66.35,116.30,9531.61,306.41,502.70,129.93,2578.96,95.71,63.28,28.49,233.81,85.88,88.85,41.44,142.08,25.49,2956.41,263.00,5.18,0.64,65.47,5.96,10.76,2.84,0.00,0.00,5.74,1.67,3.18,4.90,1.97,5.78,16.11,22.89,63.19,9.08,4.38,5.04
31.90,31.9,28/11/2025 10:18:41,0.576,8.795,,15.8,882052.0,598183.0,970030.32,4635.21,1715.27,5635.65,978.28,10842.16,436.56,48.72,35.10,3982.23,126.93,437.19,108.99,1759.37,67.49,120.99,32.90,104.24,47.53,69.44,29.79,123.37,21.65,2048.30,182.05,3.65,0.48,71.12,8.15,6.82,2.18,0.00,0.00,5.01,1.41,3.29,3.59,1.11,4.39,7.41,20.49,60.19,8.49,4.21,4.49,58360.21,7686.45,2844.40,10648.36,1848.42,23195.01,933.96,111.63,80.43,9943.24,316.93,526.64,131.29,2461.73,94.43,201.87,54.90,186.09,84.84,101.49,43.54,177.26,31.11,2928.54,260.29,4.64,0.61,89.02,10.20,8.49,2.72,0.00,0.00,5.92,1.66,4.44,4.86,1.49,5.86,8.28,22.88,64.84,9.15,4.78,5.09
32.00,32.0,28/11/2025 10:19:11,0.354,8.264,,15.8,880513.0,598432.0,970761.01,4442.52,1688.86,5893.32,1017.81,10473.12,425.07,11.72,10.56,3703.56,119.12,380.50,103.37,1753.40,67.25,77.65,26.44,118.31,47.45,58.92,27.85,196.62,34.05,1955.45,173.35,3.80,0.48,83.42,10.88,8.14,2.25,0.07,0.18,4.69,1.39,1.91,3.56,2.29,4.35,5.71,20.32,61.04,8.38,2.83,4.38,56804.84,7366.93,2800.59,11135.20,1923.12,22405.50,909.37,26.86,24.19,9247.44,297.44,458.35,124.52,2453.37,94.09,129.56,44.12,211.21,84.71,86.11,40.71,282.52,48.93,2795.79,247.84,4.84,0.61,104.42,13.62,10.13,2.80,0.09,0.24,5.55,1.65,2.58,4.81,3.05,5.80,6.38,22.68,65.75,9.02,3.21,4.97
32.10,32.1,28/11/2025 10:19:30,1.344,7.478,1181245.190,15.8,874781.0,597843.0,970183.77,5799.29,1731.68,5510.12,959.76,10150.76,414.01,105.71,64.62,3924.53,125.23,332.54,98.68,1750.49,67.27,30.39,15.39,95.07,47.19,65.07,28.89,56.20,10.68,1816.83,160.51,3.96,0.49,80.29,10.21,9.19,2.23,0.00,0.00,3.36,1.38,3.00,3.57,3.30,4.33,16.85,20.32,56.16,8.15,3.15,4.41,57841.28,9616.82,2871.61,10411.16,1813.43,21715.88,885.71,242.22,148.07,9799.18,312.69,400.58,118.87,2449.29,94.13,50.70,25.68,169.72,84.25,95.11,42.23,80.74,15.35,2597.61,229.48,5.03,0.62,100.50,12.78,11.44,2.77,0.00,0.00,3.97,1.63,4.05,4.82,4.40,5.77,18.81,22.69,60.50,8.78,3.57,5.01
32.20,32.2,28/11/2025 10:19:50,0.862,12.104,,15.8,879084.0,597730.0,969765.90,5294.10,1709.17,6010.78,1032.44,10579.35,427.81,30.39,50.45,3928.01,125.47,191.55,86.19,1725.95,67.43,61.59,23.19,113.90,47.52,74.22,30.47,174.41,30.10,1881.89,166.47,3.99,0.49,70.24,8.01,8.71,2.23,0.01,0.18,4.44,1.38,2.85,3.55,3.26,4.33,13.75,20.35,57.10,8.18,3.60,4.43,58846.25,8779.08,2834.27,11357.14,1950.76,22632.78,915.22,69.64,115.59,9807.85,313.29,230.74,103.82,2414.95,94.35,102.77,38.70,203.32,84.84,108.47,44.54,250.61,43.26,2690.62,238.01,5.08,0.62,87.93,10.02,10.84,2.78,0.01,0.23,5.25,1.63,3.85,4.79,4.34,5.78,15.35,22.72,61.51,8.81,4.09,5.03
32.30,32.3,28/11/2025 10:20:10,0.938,8.333,,15.8,879809.0,599311.0,970159.21,5422.60,1771.14,5500.15,960.27,10528.82,427.11,32.02,25.34,4106.36,130.97,161.27,81.66,1782.76,67.54,58.72,22.56,70.92,47.09,61.34,28.39,43.74,8.59,1903.67,168.69,4.11,0.49,80.86,10.32,8.09,2.20,0.08,0.18,4.24,1.40,3.01,3.56,3.74,4.30,8.82,20.45,53.26,8.03,2.19,4.46,58223.69,8992.16,2937.03,10392.33,1814.40,22524.67,913.73,73.36,58.06,10253.19,327.02,194.27,98.36,2494.45,94.51,97.97,37.63,126.60,84.06,89.65,41.49,62.85,12.35,2721.76,241.19,5.23,0.63,101.22,12.92,10.07,2.74,0.10,0.23,5.01,1.65,4.07,4.80,4.99,5.74,9.85,22.83,57.37,8.65,2.49,5.06
32.40,32.4,28/11/2025 10:20:29,0.953,9.063,,15.8,880323.0,600263.0,971595.21,3942.03,1752.49,5444.89,953.03,10317.04,419.82,53.36,37.82,3987.00,126.99,382.26,103.74,1732.33,66.97,82.14,26.90,98.64,46.77,72.76,30.15,145.99,25.35,1960.21,173.87,3.63,0.48,81.55,10.47,8.88,2.28,0.00,0.00,3.98,1.40,2.60,3.58,2.26,4.36,15.92,20.17,63.70,8.48,3.66,4.49,55509.59,6536.96,2906.12,10287.91,1800.72,22071.61,898.14,122.26,86.66,9955.15,317.08,460.47,124.96,2423.89,93.71,137.04,44.89,176.08,83.49,106.34,44.07,209.76,36.43,2802.59,248.59,4.63,0.61,102.08,13.11,11.05,2.84,0.00,0.00,4.70,1.65,3.51,4.83,3.02,5.82,17.78,22.52,68.61,9.13,4.15,5.10
32.50,32.5,28/11/2025 10:20:59,0.771,9.528,,15.8,880788.0,598572.0,969869.70,5510.50,1724.51,5591.40,972.33,10531.79,427.12,28.22,22.67,3952.48,126.21,317.76,98.60,1689.17,67.38,21.26,15.27,139.96,47.64,82.44,32.01,112.62,19.87,1973.15,175.05,4.00,0.50,77.29,9.49,6.96,2.21,0.00,0.00,4.04,1.40,1.97,3.55,2.74,4.34,24.65,20.23,54.83,8.33,3.08,4.49,58513.99,9137.93,2859.72,10564.75,1837.19,22531.02,913.75,64.66,51.94,9868.97,315.14,382.78,118.78,2363.49,94.28,35.46,25.48,249.86,85.04,120.49,46.78,161.82,28.55,2821.10,250.28,5.08,0.63,96.75,11.88,8.66,2.75,0.00,0.00,4.78,1.65,2.67,4.79,3.66,5.79,27.53,22.59,59.06,8.97,3.50,5.10
32.60,32.6,28/11/2025 10:21:19,1.967,11.838,1181247.507,15.8,874290.0,598734.0,971079.55,5041.05,1717.39,5363.60,938.25,10053.73,410.77,47.66,34.57,3857.72,123.51,377.83,103.05,1688.36,66.61,27.47,15.13,89.84,46.65,75.29,30.60,154.94,26.82,1949.77,172.87,4.07,0.49,84.65,11.20,8.41,2.18,0.00,0.00,3.61,1.35,4.12,3.56,3.60,4.30,23.11,20.15,56.28,8.29,5.35,4.54,56116.40,8359.44,2847.90,10134.32,1772.78,21508.30,878.77,109.20,79.21,9632.35,308.39,455.14,124.14,2362.36,93.21,45.83,25.24,160.37,83.28,110.04,44.72,222.63,38.54,2787.67,247.16,5.18,0.62,105.96,14.02,10.47,2.71,0.00,0.00,4.27,1.60,5.56,4.81,4.80,5.74,25.81,22.50,60.62,8.93,6.07,5.15
32.70,32.7,28/11/2025 10:21:38,1.519,9.124,,15.8,872354.0,596399.0,970486.13,5323.52,1694.59,5555.98,965.45,10044.70,410.36,36.76,28.13,3950.13,126.19,433.31,107.83,1757.39,66.75,66.85,24.02,86.92,46.62,74.80,30.54,126.40,22.06,1858.11,164.25,3.91,0.49,83.71,10.97,8.39,2.24,0.00,0.00,4.60,1.39,5.45,3.54,0.85,4.27,30.06,20.19,56.22,8.29,5.80,4.55,57192.03,8827.86,2810.10,10497.82,1824.18,21488.99,877.89,84.22,64.47,9863.10,315.08,521.97,129.89,2458.95,93.40,111.53,40.08,155.17,83.23,109.33,44.63,181.62,31.69,2656.63,234.84,4.98,0.62,104.79,13.73,10.45,2.79,0.00,0.00,5.44,1.64,7.37,4.78,1.13,5.70,33.56,22.54,60.56,8.94,6.58,5.16
32.80,32.8,28/11/2025 10:21:58,1.679,7.734,,15.8,874170.0,597050.0,969936.05,5468.19,1692.19,5499.02,957.12,10518.28,426.18,27.47,22.09,4242.79,134.30,232.92,90.50,1728.38,67.17,45.95,19.25,73.82,46.75,69.66,29.69,97.50,17.42,1876.03,165.96,4.21,0.50,75.72,9.16,9.01,2.19,0.00,0.00,6.64,1.61,2.64,3.61,2.54,4.30,20.72,20.28,58.55,8.40,3.93,4.43,58665.20,9067.77,2806.13,10390.19,1808.45,22502.12,911.74,62.94,50.62,10593.84,335.33,280.57,109.02,2418.35,93.98,76.66,32.11,131.78,83.46,101.82,43.40,140.09,25.02,2682.24,237.28,5.36,0.64,94.79,11.47,11.22,2.72,0.00,0.00,7.85,1.90,3.57,4.87,3.39,5.74,23.13,22.64,63.07,9.05,4.46,5.02
32.90,32.9,28/11/2025 10:22:18,1.531,12.168,,15.8,875633.0,597339.0,971636.59,3726.87,1647.48,5654.24,980.40,10560.36,427.45,76.47,49.94,3778.66,121.46,388.68,103.68,1718.58,66.70,64.26,23.70,84.83,46.73,72.51,30.13,109.58,19.36,1965.29,174.31,3.93,0.49,73.06,8.62,9.18,2.25,0.00,0.00,5.20,1.40,1.74,3.50,1.95,4.30,9.70,20.22,53.63,8.22,4.71,4.40,55463.67,6180.18,2731.97,10683.47,1852.43,22592.15,914.45,175.22,114.44,9434.95,303.28,468.21,124.89,2404.65,93.32,107.22,39.54,151.43,83.42,105.97,44.04,157.45,27.82,2809.86,249.21,5.00,0.62,91.45,10.79,11.42,2.80,0.00,0.00,6.15,1.65,2.35,4.73,2.60,5.73,10.82,22.57,57.78,8.85,5.34,4.99
33.00,33.0,28/11/2025 10:22:48,1.868,5.551,,15.8,877343.0,598684.0,970888.83,4957.14,1707.82,5287.47,927.18,10159.35,414.74,81.72,52.80,4149.98,131.70,155.46,80.63,1749.41,66.91,97.36,29.58,117.63,47.21,68.87,29.51,111.59,19.77,1990.73,176.76,4.23,0.50,89.18,12.28,8.98,2.25,0.00,0.00,4.09,1.39,1.77,3.57,3.32,4.31,8.54,20.24,59.20,8.27,5.16,4.53,56828.09,8220.31,2832.04,9990.48,1751.87,21734.26,887.26,187.24,120.98,10362.10,328.85,187.26,97.13,2447.79,93.62,162.44,49.35,209.99,84.28,100.65,43.14,160.34,28.41,2846.24,252.72,5.38,0.64,111.63,15.37,11.18,2.80,0.00,0.00,4.84,1.65,2.39,4.82,4.43,5.75,9.53,22.60,63.77,8.91,5.85,5.14
33.10,33.1,28/11/2025 10:23:07,1.296,8.530,1181245.453,15.8,876378.0,598775.0,972833.21,3462.55,1649.09,5268.72,922.65,10036.27,409.21,49.92,51.02,4038.83,128.41,127.03,75.94,1712.87,66.57,99.16,29.79,106.14,46.69,58.12,27.53,112.94,19.90,1957.54,173.65,3.98,0.49,49.86,4.44,8.33,2.25,0.00,0.00,3.76,1.36,3.56,3.54,1.89,4.25,7.11,20.09,54.79,8.20,3.43,4.51,53477.89,5741.87,2734.65,9955.05,1743.31,21470.95,875.43,114.39,116.91,10084.57,320.63,153.02,91.48,2396.65,93.14,165.44,49.70,189.47,83.34,84.95,40.24,162.28,28.59,2798.78,248.28,5.07,0.62,62.41,5.56,10.36,2.80,0.00,0.00,4.45,1.61,4.81,4.78,2.52,5.67,7.94,22.44,59.02,8.84,3.89,5.11
33.20,33.2,28/11/2025 10:23:27,-0.961,10.122,,15.8,874641.0,598344.0,972331.05,4084.19,1653.71,5391.18,940.14,10023.59,409.28,46.88,51.28,3734.74,120.19,429.64,107.90,1695.99,66.46,37.04,16.93,54.68,46.79,61.61,28.29,179.27,31.02,1785.17,157.59,3.96,0.48,60.00,6.12,10.44,2.23,0.00,0.00,4.48,1.37,3.96,3.46,2.07,4.23,0.28,20.38,56.03,8.24,3.75,4.48,53957.09,6772.72,2742.31,10186.43,1776.37,21443.81,875.59,107.43,117.50,9325.28,300.10,517.55,129.98,2373.04,92.99,61.80,28.25,97.61,83.54,90.05,41.34,257.58,44.57,2552.34,225.32,5.04,0.62,75.10,7.66,12.99,2.78,0.00,0.00,5.30,1.62,5.35,4.68,2.76,5.65,0.32,22.76,60.36,8.88,4.25,5.08
33.30,33.3,28/11/2025 10:23:47,1.039,10.915,,15.8,877870.0,597639.0,971197.76,4741.70,1708.71,5399.64,943.07,10105.46,412.44,88.88,56.31,3888.42,124.47,359.72,101.51,1695.19,66.63,27.78,15.17,124.62,47.33,75.36,30.66,139.93,24.37,1963.04,174.12,3.85,0.48,86.89,11.74,7.55,2.27,0.00,0.00,4.51,1.38,4.53,3.51,1.71,4.30,22.66,20.21,56.01,8.30,4.77,4.51,56016.87,7863.05,2833.52,10202.42,1781.89,21618.97,882.35,203.67,129.02,9709.00,310.80,433.32,122.28,2371.92,93.24,46.36,25.31,222.47,84.48,110.15,44.81,201.06,35.01,2806.65,248.95,4.89,0.61,108.77,14.69,9.39,2.83,0.00,0.00,5.33,1.63,6.12,4.74,2.28,5.73,25.30,22.56,60.34,8.95,5.41,5.12
33.40,33.4,28/11/2025 10:24:06,2.303,9.525,,15.8,878944.0,598291.0,970166.57,4987.48,1698.67,5693.55,984.37,10320.24,418.55,36.23,27.35,3954.30,125.98,416.93,107.69,1726.06,67.57,68.67,24.68,99.81,47.20,66.73,29.17,205.75,35.66,2076.83,184.66,4.23,0.49,87.79,11.87,6.47,2.22,0.00,0.00,5.25,1.43,3.31,3.62,4.00,4.37,11.32,20.31,54.40,8.19,4.08,4.55,57851.14,8270.61,2816.86,10757.75,1859.93,22078.45,895.42,83.02,62.67,9873.50,314.56,502.23,129.72,2415.11,94.55,114.58,41.17,178.18,84.25,97.53,42.63,295.63,51.24,2969.34,264.02,5.39,0.63,109.89,14.85,8.06,2.77,0.00,0.00,6.20,1.69,4.47,4.89,5.34,5.82,12.64,22.68,58.60,8.82,4.63,5.16
33.50,33.5,28/11/2025 10:24:36,3.314,9.595,,15.8,877078.0,596830.0,971547.99,4592.57,1718.07,5598.59,972.26,9965.55,407.58,31.64,50.71,3735.00,120.49,354.50,100.75,1757.39,67.04,38.67,17.09,120.37,47.10,82.47,31.96,147.27,25.56,1865.26,165.04,3.69,0.48,55.51,5.33,8.97,2.25,0.00,0.00,3.82,1.37,4.25,3.54,2.88,4.25,20.66,20.14,59.16,8.34,3.81,4.46,55267.07,7615.74,2849.03,10578.32,1837.04,21319.66,871.95,72.50,116.20,9325.93,300.86,427.03,121.37,2458.95,93.80,64.52,28.52,214.89,84.07,120.53,46.71,211.60,36.73,2666.84,235.96,4.70,0.61,69.48,6.67,11.16,2.80,0.00,0.00,4.52,1.62,5.74,4.78,3.84,5.66,23.06,22.48,63.72,8.99,4.32,5.06
33.60,33.6,28/11/2025 10:24:56,1.906,9.917,1181245.259,15.8,873398.0,597433.0,972481.43,4171.66,1707.01,5367.14,936.82,9669.81,397.17,45.66,33.09,3783.82,121.82,382.95,103.24,1658.94,65.84,29.83,15.19,112.11,47.15,80.28,31.51,148.12,25.70,1889.54,167.32,3.93,0.49,83.14,10.91,8.90,2.28,0.00,0.00,4.68,1.38,2.91,3.51,1.67,4.23,10.83,20.18,58.71,8.26,3.94,4.36,53573.97,6917.77,2830.70,10141.02,1770.08,20686.96,849.67,104.62,75.82,9447.83,304.18,461.30,124.36,2321.19,92.12,49.78,25.35,200.13,84.17,117.34,46.06,212.83,36.92,2701.56,239.23,5.01,0.62,104.08,13.66,11.08,2.84,0.00,0.00,5.53,1.63,3.93,4.74,2.23,5.64,12.09,22.53,63.24,8.90,4.47,4.94
33.70,33.7,28/11/2025 10:25:16,2.458,9.126,,15.8,875271.0,596662.0,972798.21,3582.41,1665.47,5181.92,910.33,9810.13,402.08,71.07,46.96,3889.03,124.10,343.13,98.94,1715.38,66.30,43.80,18.62,106.12,46.71,70.34,29.63,176.43,30.46,2030.24,180.40,4.00,0.49,69.05,7.81,9.03,2.21,0.00,0.00,4.67,1.38,2.63,3.53,3.35,4.27,22.58,20.09,63.25,8.45,3.24,4.39,53140.57,5940.62,2761.81,9791.04,1720.04,20987.15,860.18,162.84,107.61,9710.54,309.88,413.33,119.18,2400.17,92.77,73.09,31.06,189.44,83.38,102.81,43.31,253.50,43.76,2902.72,257.93,5.09,0.62,86.44,9.77,11.24,2.75,0.00,0.00,5.53,1.63,3.55,4.77,4.47,5.69,25.21,22.43,68.13,9.10,3.67,4.98
33.80,33.8,28/11/2025 10:25:35,0.733,8.928,,15.8,873879.0,598524.0,973053.98,3050.10,1665.31,5230.30,916.52,10333.09,418.84,9.96,8.83,3601.23,116.29,379.38,101.96,1739.67,66.39,69.64,24.78,70.26,46.31,58.78,27.62,144.99,25.15,2080.15,185.16,4.24,0.50,88.68,12.20,8.81,2.16,0.00,0.00,4.38,1.38,2.33,3.45,2.25,4.29,6.28,20.12,58.59,8.33,2.91,4.45,52674.28,5057.91,2761.54,9882.46,1731.73,22105.95,896.04,22.82,20.23,8991.93,290.35,457.00,122.83,2434.16,92.89,116.19,41.34,125.43,82.67,85.91,40.36,208.33,36.13,2974.09,264.74,5.39,0.63,111.00,15.28,10.96,2.69,0.00,0.00,5.18,1.63,3.14,4.66,2.99,5.72,7.02,22.46,63.11,8.97,3.31,5.05
33.90,33.9,28/11/2025 10:25:55,0.515,7.801,,15.8,877589.0,598444.0,972086.87,3460.34,1648.35,5364.07,935.71,10216.92,414.85,103.56,62.84,3822.39,122.27,346.50,99.75,1746.80,66.90,66.92,24.20,97.81,46.70,87.06,32.83,171.12,29.55,2258.56,201.94,3.64,0.47,72.03,8.35,7.83,2.24,0.00,0.00,4.94,1.39,2.34,3.51,1.97,4.35,14.02,20.12,60.53,8.50,3.81,4.41,54463.63,5738.20,2733.43,10135.21,1767.98,21857.41,887.51,237.28,143.98,9544.13,305.29,417.40,120.16,2444.13,93.61,111.65,40.38,174.60,83.37,127.25,47.98,245.87,42.47,3229.16,288.72,4.63,0.60,90.16,10.46,9.74,2.78,0.00,0.00,5.84,1.64,3.16,4.74,2.62,5.80,15.65,22.47,65.20,9.16,4.33,5.00
34.00,34.0,28/11/2025 10:26:25,0.173,13.354,,15.8,879964.0,599187.0,971018.19,4140.91,1690.77,5509.25,960.59,10335.93,420.59,42.53,31.83,3930.20,125.51,370.44,102.14,1730.64,66.99,84.08,27.56,83.48,46.96,78.51,31.35,189.91,32.91,2304.36,206.29,3.73,0.48,86.57,11.55,6.90,2.20,0.00,0.00,6.50,1.59,3.44,3.59,1.70,4.36,6.86,20.35,61.95,8.41,3.95,4.52,56353.55,6866.76,2803.77,10409.51,1814.99,22112.02,899.78,97.44,72.93,9813.32,313.38,446.24,123.04,2421.52,93.73,140.29,45.98,149.03,83.83,114.74,45.82,272.86,47.29,3294.64,294.94,4.74,0.62,108.36,14.46,8.58,2.74,0.00,0.00,7.69,1.88,4.65,4.84,2.27,5.82,7.66,22.72,66.73,9.06,4.48,5.13
34.10,34.1,28/11/2025 10:26:45,0.865,8.929,1181244.396,15.8,876084.0,600664.0,971219.43,4663.00,1635.05,5594.93,969.73,9836.65,403.26,33.29,25.82,3727.42,120.11,359.31,100.69,1740.58,66.83,54.00,21.33,104.40,46.99,60.00,27.97,171.22,29.64,2280.01,203.95,4.44,0.51,54.07,5.05,10.93,2.32,0.00,0.00,4.39,1.39,6.94,3.64,1.66,4.35,7.54,20.20,61.36,8.46,4.42,4.47,55652.66,7732.54,2711.37,10571.42,1832.27,21043.89,862.72,76.29,59.16,9307.00,299.91,432.83,121.29,2435.43,93.51,90.10,35.59,186.37,83.89,87.70,40.88,246.01,42.58,3259.83,291.60,5.65,0.64,67.69,6.32,13.60,2.89,0.00,0.00,5.19,1.65,9.38,4.92,2.21,5.81,8.42,22.55,66.10,9.11,5.02,5.07
34.20,34.2,28/11/2025 10:27:05,1.180,8.664,,15.8,876985.0,599030.0,973220.41,3544.33,1713.00,5315.58,931.52,9685.07,398.02,32.47,50.11,3805.20,122.32,184.32,83.96,1735.53,66.30,51.13,20.65,81.53,46.46,76.84,30.85,61.59,11.63,2048.79,182.37,4.06,0.49,63.55,6.78,8.68,2.21,0.00,0.00,5.02,1.38,4.04,3.51,2.93,4.27,6.66,20.10,58.65,8.33,3.61,4.37,52413.13,5877.48,2840.63,10043.59,1760.08,20719.60,851.51,74.39,114.82,9501.21,305.42,222.03,101.14,2428.36,92.76,85.32,34.46,145.55,82.93,112.31,45.08,88.50,16.71,2929.24,260.74,5.17,0.63,79.56,8.48,10.80,2.75,0.00,0.00,5.93,1.63,5.46,4.74,3.91,5.69,7.44,22.44,63.18,8.97,4.10,4.96
34.30,34.3,28/11/2025 10:27:24,1.481,9.588,,15.8,874526.0,599076.0,971856.23,4339.76,1671.05,5582.55,968.26,9893.86,404.77,38.24,28.80,3856.99,123.66,304.82,96.36,1693.65,66.54,59.13,22.66,30.71,46.40,47.65,26.14,151.45,26.32,1996.05,177.30,3.93,0.49,62.58,6.57,8.12,2.24,0.00,0.00,3.28,1.36,3.57,3.52,1.73,4.28,4.76,20.34,57.41,8.42,3.53,4.50,54836.11,7196.53,2771.06,10548.02,1829.50,21166.27,865.95,87.62,65.99,9630.52,308.76,367.19,116.08,2369.76,93.11,98.66,37.81,54.83,82.83,69.64,38.21,217.61,37.81,2853.84,253.49,5.00,0.62,78.33,8.23,10.11,2.79,0.00,0.00,3.88,1.61,4.83,4.75,2.31,5.70,5.31,22.71,61.84,9.07,4.01,5.11
34.40,34.4,28/11/2025 10:27:44,1.001,9.126,,15.8,878625.0,597978.0,969304.35,6246.29,1776.02,5619.25,974.51,10117.04,412.95,46.93,34.29,4124.27,131.24,119.19,75.55,1714.93,67.34,48.78,20.13,100.11,47.16,84.81,32.50,124.63,21.76,2201.00,196.36,3.93,0.49,51.33,4.61,8.31,2.25,0.00,0.00,4.50,1.40,3.77,3.56,1.69,4.37,11.35,20.28,59.68,8.47,3.87,4.47,59451.32,10358.07,2945.13,10617.37,1841.30,21643.73,883.44,107.53,78.57,10297.90,327.69,143.58,91.01,2399.54,94.22,81.39,33.59,178.72,84.19,123.96,47.51,179.07,31.27,3146.87,280.75,5.00,0.62,64.25,5.77,10.34,2.80,0.00,0.00,5.32,1.66,5.09,4.80,2.25,5.82,12.67,22.65,64.29,9.12,4.39,5.07
34.50,34.5,28/11/2025 10:28:14,0.503,9.856,,15.8,882526.0,600375.0,970787.08,4681.14,1681.24,5417.27,945.83,10178.42,414.79,39.35,29.57,3901.76,124.72,405.51,106.01,1777.52,67.59,55.94,21.86,91.88,47.03,77.36,31.11,64.71,12.14,2343.70,210.02,4.02,0.50,72.33,8.39,6.97,2.17,0.00,0.00,5.10,1.43,3.67,3.57,2.31,4.38,21.01,20.30,60.04,8.43,2.90,4.50,56605.61,7762.62,2787.96,10235.74,1787.12,21775.05,887.37,90.18,67.76,9742.32,311.42,488.48,127.70,2487.12,94.58,93.34,36.47,164.02,83.96,113.07,45.47,92.97,17.45,3350.89,300.28,5.12,0.63,90.54,10.50,8.67,2.70,0.00,0.00,6.03,1.70,4.96,4.83,3.07,5.84,23.46,22.67,64.67,9.08,3.29,5.11
34.60,34.6,28/11/2025 10:28:34,0.573,11.311,1181244.660,15.8,876588.0,598884.0,972454.26,3925.77,1662.82,5137.41,903.20,9916.42,405.69,70.95,46.76,3804.45,121.95,324.57,98.11,1661.76,66.34,72.71,25.25,90.88,46.61,79.58,31.37,91.90,16.49,2191.12,195.60,3.99,0.49,84.32,11.13,7.46,2.20,0.00,0.00,3.78,1.38,3.22,3.54,1.34,4.32,13.47,20.13,57.48,8.27,3.17,4.44,53685.26,6510.01,2757.41,9706.94,1706.56,21214.55,867.91,162.57,107.14,9499.35,304.50,390.98,118.19,2325.15,92.82,121.31,42.14,162.24,83.20,116.32,45.85,132.05,23.69,3132.74,279.65,5.07,0.62,105.54,13.93,9.28,2.74,0.00,0.00,4.47,1.63,4.35,4.78,1.79,5.76,15.04,22.48,61.92,8.90,3.59,5.04
34.70,34.7,28/11/2025 10:28:54,0.948,16.406,,15.8,879180.0,600242.0,971378.21,4126.43,1693.68,5068.57,892.74,10453.69,423.15,78.60,50.58,4039.50,128.48,384.90,104.15,1785.02,67.52,27.35,15.31,79.93,47.18,55.92,27.52,84.24,15.39,2283.17,204.32,3.79,0.49,63.01,6.60,6.17,2.19,0.00,0.00,4.31,1.41,3.12,3.57,1.75,4.35,7.05,20.41,61.58,8.54,3.70,4.56,55848.05,6842.76,2808.60,9576.87,1686.81,22363.95,905.25,180.09,115.90,10086.25,320.79,463.65,125.46,2497.61,94.47,45.64,25.54,142.69,84.23,81.74,40.22,121.04,22.11,3264.34,292.13,4.82,0.62,78.87,8.26,7.68,2.73,0.00,0.00,5.09,1.67,4.21,4.82,2.34,5.81,7.88,22.79,66.33,9.20,4.19,5.18
34.80,34.8,28/11/2025 10:29:14,0.100,11.838,,15.8,878968.0,598444.0,970314.44,4705.26,1706.29,5460.04,950.98,10249.55,417.35,79.81,52.08,4060.54,129.09,367.48,102.10,1773.03,67.25,62.74,23.35,129.01,47.48,79.01,31.37,69.31,12.84,2487.22,223.52,4.02,0.50,68.02,7.49,8.23,2.28,0.00,0.00,4.64,1.42,3.90,3.60,1.14,4.37,10.56,20.24,57.35,8.31,4.69,4.55,57589.36,7802.61,2829.50,10316.54,1796.84,21927.23,892.85,182.87,119.33,10138.78,322.33,442.67,122.99,2480.83,94.10,104.67,38.96,230.30,84.76,115.48,45.85,99.59,18.45,3556.09,319.57,5.12,0.63,85.15,9.37,10.24,2.84,0.00,0.00,5.49,1.68,5.27,4.86,1.52,5.82,11.79,22.59,61.78,8.95,5.32,5.17
34.90,34.9,28/11/2025 10:29:34,1.219,10.783,,15.8,883706.0,601015.0,971607.14,4068.52,1700.38,5129.05,902.80,10014.07,409.93,67.40,45.77,4141.50,131.24,339.08,99.55,1733.42,67.35,35.48,16.28,92.70,47.19,58.05,27.78,29.32,5.98,2526.67,227.53,3.72,0.49,59.90,6.02,9.12,2.30,0.00,0.00,4.71,1.40,3.30,3.62,1.15,4.37,13.09,20.35,57.22,8.35,5.38,4.54,55339.71,6746.72,2819.70,9691.15,1705.81,21423.46,876.98,154.43,104.87,10340.93,327.70,408.45,119.91,2425.41,94.24,59.21,27.17,165.49,84.24,84.84,40.60,42.13,8.59,3612.50,325.31,4.74,0.62,74.98,7.53,11.36,2.86,0.00,0.00,5.57,1.65,4.45,4.89,1.53,5.82,14.62,22.72,61.64,9.00,6.11,5.15
35.00,35.0,28/11/2025 10:30:04,0.508,8.001,,15.8,882549.0,600912.0,970961.66,3847.22,1643.02,5506.91,956.24,10353.86,420.13,65.25,44.02,4102.77,130.31,304.01,97.14,1792.09,67.92,94.88,29.14,125.35,47.52,74.21,30.51,134.81,23.55,2475.73,222.58,3.96,0.50,72.86,8.46,6.97,2.23,0.00,0.00,4.55,1.41,2.23,3.59,1.99,4.38,11.71,20.31,53.49,8.30,3.49,4.53,56617.18,6379.75,2724.59,10405.09,1806.77,22150.36,898.81,149.51,100.88,10244.23,325.37,366.22,117.02,2507.50,95.04,158.31,48.62,223.77,84.83,108.46,44.58,193.70,33.84,3539.66,318.23,5.04,0.63,91.20,10.59,8.68,2.78,0.00,0.00,5.38,1.67,3.02,4.85,2.66,5.85,13.07,22.68,57.62,8.94,3.96,5.14
35.10,35.1,28/11/2025 10:30:24,0.264,8.930,1181244.926,15.8,882098.0,602857.0,970701.32,5102.43,1723.69,5324.37,930.79,9915.55,406.02,141.77,82.70,3881.78,124.31,293.01,95.89,1742.83,67.42,73.93,25.88,69.48,47.11,58.32,27.92,113.29,20.08,2413.98,216.75,3.67,0.49,70.82,8.08,7.04,2.20,0.00,0.00,4.97,1.41,3.64,3.60,3.88,4.37,7.27,20.48,63.27,8.54,3.38,4.57,56687.86,8461.24,2858.36,10060.19,1758.69,21212.68,868.62,324.84,189.50,9692.44,310.38,352.96,115.51,2438.58,94.33,123.35,43.19,124.03,84.09,85.24,40.80,162.78,28.85,3451.37,309.89,4.67,0.62,88.65,10.11,8.76,2.73,0.00,0.00,5.88,1.67,4.92,4.87,5.18,5.83,8.12,22.87,68.15,9.20,3.83,5.19
35.20,35.2,28/11/2025 10:30:44,-0.791,8.530,,15.8,881745.0,600054.0,970626.47,5197.52,1738.59,5456.73,950.98,9922.37,405.83,207.58,117.06,4133.39,131.17,140.79,79.04,1655.87,66.41,49.84,20.24,126.27,47.32,73.98,30.45,16.19,3.43,2230.06,199.31,4.08,0.50,53.37,4.95,8.04,2.20,0.00,0.00,4.78,1.38,0.99,3.59,2.47,4.35,21.52,20.22,63.91,8.56,3.78,4.44,57257.13,8618.92,2883.06,10310.29,1796.84,21227.28,868.21,475.64,268.23,10320.67,327.51,169.59,95.22,2316.90,92.92,83.16,33.77,225.42,84.47,108.13,44.50,23.27,4.93,3188.42,284.96,5.19,0.63,66.80,6.19,10.01,2.74,0.00,0.00,5.65,1.64,1.34,4.85,3.29,5.80,24.03,22.57,68.85,9.22,4.28,5.03
35.30,35.3,28/11/2025 10:31:04,3.530,7.868,,15.8,882514.0,600375.0,971743.39,4373.04,1690.28,5457.71,951.81,9987.07,408.28,21.66,18.03,3835.07,122.98,273.10,93.56,1654.83,66.53,32.22,15.20,109.24,46.95,63.70,28.55,76.45,14.06,2227.82,199.15,4.08,0.50,42.91,3.43,5.98,2.16,0.00,0.00,4.09,1.39,4.48,3.55,1.24,4.33,22.31,20.17,55.78,8.27,3.81,4.45,55004.56,7251.71,2802.95,10312.13,1798.41,21365.69,873.44,49.63,41.30,9575.81,307.07,328.97,112.71,2315.45,93.08,53.76,25.37,195.01,83.82,93.10,41.72,109.85,20.21,3185.21,284.73,5.20,0.63,53.71,4.29,7.45,2.69,0.00,0.00,4.84,1.64,6.05,4.79,1.66,5.78,24.91,22.52,60.09,8.91,4.33,5.05
35.40,35.4,28/11/2025 10:31:23,3.047,7.142,,15.8,881287.0,603075.0,970749.82,5534.65,1774.34,5200.01,914.59,10068.93,411.26,33.91,26.30,3873.16,124.03,335.46,99.39,1658.52,66.53,16.98,15.34,126.32,47.86,47.50,26.21,79.70,14.60,2101.41,187.21,3.61,0.48,83.41,10.90,7.29,2.19,0.00,0.00,2.72,1.35,2.76,3.58,2.32,4.33,12.24,20.38,55.02,8.18,4.25,4.48,56665.47,9177.97,2942.35,9825.23,1728.08,21540.82,879.83,77.71,60.27,9670.90,309.69,404.10,119.73,2320.61,93.08,28.34,25.60,225.50,85.43,69.42,38.30,114.52,20.98,3004.48,267.66,4.60,0.61,104.41,13.64,9.07,2.72,0.00,0.00,3.22,1.60,3.73,4.83,3.09,5.77,13.67,22.76,59.27,8.81,4.82,5.09
35.50,35.5,28/11/2025 10:31:53,0.894,8.333,,15.8,881188.0,601210.0,970708.01,5172.08,1706.87,5253.86,921.88,10321.04,420.09,146.24,85.53,4180.53,132.81,117.88,74.48,1707.98,66.83,26.07,15.26,75.70,46.92,67.23,29.27,16.25,3.44,2060.66,183.44,3.74,0.48,46.73,3.96,8.25,2.19,0.01,0.18,2.55,1.36,2.13,3.54,2.26,4.28,25.23,20.35,53.09,8.08,2.50,4.36,57306.22,8576.73,2830.47,9926.97,1741.85,22080.15,898.72,335.08,195.97,10438.39,331.62,141.99,89.72,2389.82,93.51,43.49,25.47,135.13,83.76,98.26,42.79,23.35,4.94,2946.21,262.27,4.76,0.62,58.49,4.95,10.27,2.73,0.01,0.23,3.01,1.60,2.87,4.78,3.02,5.71,28.17,22.72,57.19,8.71,2.84,4.95
35.60,35.6,28/11/2025 10:32:13,0.300,12.830,1181245.390,15.8,875917.0,596756.0,971199.66,5026.31,1699.25,5107.40,897.56,9869.91,404.13,10.59,9.49,4210.96,133.28,201.30,86.89,1733.77,66.72,57.83,22.12,86.00,46.58,89.89,33.43,52.36,9.98,2175.29,194.04,3.98,0.49,69.31,7.83,7.79,2.25,0.00,0.00,5.96,1.52,8.55,3.58,0.67,4.30,15.38,20.15,62.61,8.41,4.49,4.50,56084.75,8335.01,2817.82,9650.24,1695.91,21115.05,864.56,24.26,21.74,10514.36,332.79,242.49,104.67,2425.90,93.36,96.49,36.91,153.52,83.16,131.38,48.87,75.24,14.33,3110.10,277.43,5.06,0.63,86.76,9.80,9.69,2.80,0.00,0.00,7.04,1.80,11.54,4.84,0.90,5.73,17.17,22.49,67.45,9.06,5.09,5.10
35.70,35.7,28/11/2025 10:32:33,1.853,12.367,,15.8,881609.0,597157.0,969930.25,5323.94,1736.29,5775.15,998.79,10171.19,415.06,9.91,9.01,3922.20,125.13,375.17,103.48,1731.96,67.41,29.86,15.44,131.27,48.08,62.16,28.54,73.74,13.62,2292.30,205.10,4.30,0.51,68.59,7.63,9.49,2.34,0.00,0.00,6.38,1.61,2.79,3.63,2.40,4.36,15.26,20.46,58.40,8.37,3.29,4.52,58151.14,8828.56,2879.24,10911.92,1887.17,21759.57,887.96,22.70,20.64,9793.36,312.43,451.93,124.66,2423.37,94.31,49.83,25.76,234.34,85.83,90.85,41.72,105.95,19.57,3277.41,293.24,5.48,0.65,85.85,9.55,11.82,2.92,0.00,0.00,7.54,1.90,3.76,4.90,3.21,5.81,17.04,22.85,62.91,9.01,3.74,5.13
35.80,35.8,28/11/2025 10:32:53,2.380,8.333,,15.8,881318.0,599603.0,971428.89,4703.38,1737.28,5158.67,908.68,9991.37,408.62,81.27,52.15,3786.59,121.57,380.63,103.38,1668.60,66.40,69.45,24.80,88.40,46.93,67.34,29.23,34.73,6.96,2369.64,212.61,3.53,0.47,72.63,8.48,7.98,2.21,0.00,0.00,6.72,1.64,3.37,3.56,2.59,4.36,12.37,20.28,59.08,8.41,2.77,4.41,55367.56,7799.49,2880.89,9747.12,1716.92,21374.88,874.17,186.23,119.50,9454.74,303.55,458.51,124.54,2334.71,92.91,115.88,41.38,157.80,83.78,98.42,42.72,49.90,10.00,3387.98,303.98,4.50,0.60,90.92,10.62,9.93,2.76,0.00,0.00,7.95,1.93,4.56,4.80,3.46,5.82,13.81,22.64,63.64,9.06,3.15,5.00
35.90,35.9,28/11/2025 10:33:13,1.803,13.954,,15.8,881287.0,601564.0,971734.91,4849.06,1716.08,5153.65,906.98,9942.00,406.73,21.73,18.11,3955.77,126.51,299.47,95.90,1695.71,66.73,32.55,15.30,76.11,46.93,51.77,26.78,21.41,4.45,2006.05,178.29,3.71,0.48,63.02,6.66,8.16,2.22,0.00,0.00,3.89,1.37,1.47,3.53,3.29,4.35,12.57,20.34,59.90,8.33,3.79,4.39,55060.69,8041.08,2845.73,9737.63,1713.70,21269.26,870.13,49.79,41.49,9877.18,315.89,360.74,115.52,2372.64,93.37,54.31,25.52,135.88,83.78,75.66,39.15,30.77,6.40,2868.13,254.92,4.73,0.61,78.89,8.34,10.15,2.76,0.00,0.00,4.60,1.62,1.98,4.77,4.39,5.80,14.03,22.71,64.53,8.98,4.30,4.98
36.00,36.0,28/11/2025 10:33:43,1.064,8.333,,15.8,887007.0,603790.0,969150.98,5922.13,1760.52,5509.60,960.66,10254.49,418.34,61.96,42.58,4217.92,133.55,185.64,86.04,1790.54,68.24,48.88,20.25,97.80,47.70,62.64,28.72,40.25,7.98,2472.81,222.26,4.32,0.51,83.04,10.67,6.89,2.17,0.00,0.00,3.43,1.40,4.63,3.65,3.30,4.43,13.24,20.56,61.60,8.64,3.92,4.53,59730.48,9820.52,2919.43,10410.18,1815.14,21937.78,894.97,141.98,97.57,10531.73,333.46,223.62,103.64,2505.33,95.48,81.55,33.79,174.58,85.15,91.56,41.98,57.83,11.47,3535.49,317.77,5.49,0.65,103.95,13.35,8.58,2.71,0.00,0.00,4.05,1.66,6.25,4.94,4.41,5.91,14.78,22.95,66.36,9.31,4.44,5.14
36.10,36.1,28/11/2025 10:34:03,-0.218,10.983,1181246.511,15.8,880799.0,603335.0,971045.98,5035.80,1726.71,5445.15,949.49,10019.58,409.37,39.56,29.87,4213.76,133.85,99.47,70.70,1722.37,67.03,25.93,15.30,55.98,46.74,64.90,28.89,27.90,5.69,2017.65,179.34,4.15,0.49,86.53,11.68,7.57,2.16,0.00,0.00,4.79,1.38,1.75,3.58,2.80,4.34,17.14,20.36,57.65,8.31,3.57,4.43,56599.13,8350.75,2863.35,10288.41,1794.02,21435.23,875.79,90.65,68.45,10521.34,334.20,119.82,85.16,2409.95,93.79,43.27,25.54,99.94,83.45,94.86,42.23,40.09,8.18,2884.72,256.41,5.29,0.62,108.32,14.62,9.42,2.68,0.00,0.00,5.67,1.64,2.37,4.84,3.74,5.79,19.14,22.73,62.10,8.95,4.05,5.02
36.20,36.2,28/11/2025 10:34:23,1.247,5.958,,15.7,887159.0,607366.0,970600.12,4878.37,1738.58,5420.30,948.35,10473.99,425.14,65.46,44.44,4088.27,130.13,204.24,87.76,1776.38,67.49,57.78,22.34,116.72,47.52,81.96,32.03,27.96,5.72,2050.86,182.48,4.35,0.51,50.51,4.51,8.39,2.29,0.00,0.00,3.96,1.38,1.83,3.56,3.12,4.41,16.66,20.36,64.63,8.54,4.14,4.50,57408.44,8089.69,2883.04,10241.45,1791.87,22407.36,909.52,150.00,101.83,10208.01,324.92,246.03,105.72,2485.52,94.43,96.40,37.27,208.37,84.84,119.79,46.81,40.17,8.21,2932.20,260.91,5.53,0.65,63.22,5.65,10.45,2.85,0.00,0.00,4.69,1.64,2.47,4.81,4.16,5.87,18.60,22.73,69.62,9.20,4.69,5.11
36.30,36.3,28/11/2025 10:34:43,1.327,7.148,,15.7,893221.0,607825.0,969809.78,4695.36,1745.27,5651.15,985.45,10620.66,431.46,47.64,52.59,4298.21,135.92,417.00,107.87,1817.02,68.53,39.60,17.68,112.08,47.97,73.94,30.72,50.29,9.78,2207.06,197.17,4.32,0.52,59.17,5.88,7.05,2.23,0.00,0.00,3.20,1.39,4.49,3.66,2.85,4.44,17.40,20.57,57.25,8.44,4.48,4.61,58861.26,7786.20,2894.15,10677.64,1861.97,22721.15,923.03,109.16,120.51,10732.21,339.38,502.32,129.94,2542.39,95.89,66.07,29.50,200.09,85.63,108.06,44.89,72.26,14.05,3155.52,281.90,5.50,0.66,74.06,7.36,8.78,2.77,0.00,0.00,3.78,1.64,6.07,4.95,3.81,5.92,19.42,22.97,61.67,9.09,5.08,5.23
36.40,36.4,28/11/2025 10:35:03,1.124,6.284,,15.7,895787.0,608505.0,970273.15,4275.99,1763.74,5554.40,970.04,10767.16,435.61,22.10,18.90,4306.51,136.02,419.38,108.73,1783.45,68.38,32.62,15.73,105.31,48.39,72.64,30.58,25.52,5.32,2202.04,196.79,4.12,0.51,72.68,8.47,7.64,2.30,0.00,0.00,3.92,1.41,0.99,3.65,2.59,4.43,5.64,20.77,56.88,8.44,5.27,4.61,58146.67,7090.78,2924.76,10494.83,1832.85,23034.56,931.92,50.64,43.30,10752.94,339.63,505.19,130.98,2495.42,95.68,54.43,26.25,187.99,86.39,106.16,44.70,36.67,7.64,3148.35,281.35,5.24,0.65,90.98,10.60,9.52,2.86,0.00,0.00,4.63,1.66,1.34,4.93,3.45,5.91,6.29,23.19,61.28,9.09,5.98,5.23
36.50,36.5,28/11/2025 10:35:33,0.621,4.964,,15.7,905088.0,611345.0,969915.80,4322.62,1755.09,5552.09,970.65,11056.07,445.83,126.36,76.18,4270.56,135.21,363.51,104.23,1784.89,68.76,24.16,15.66,132.40,48.75,66.37,29.59,86.31,15.93,2125.16,189.63,4.19,0.50,53.90,5.01,8.76,2.32,0.00,0.00,5.21,1.43,3.16,3.67,3.10,4.47,26.45,20.81,64.63,8.60,4.31,4.50,58937.66,7168.10,2910.42,10490.47,1834.00,23652.63,953.78,289.55,174.55,10663.17,337.60,437.88,125.56,2497.42,96.21,40.31,26.12,236.37,87.03,97.00,43.25,124.01,22.88,3038.43,271.12,5.33,0.64,67.48,6.27,10.90,2.89,0.00,0.00,6.16,1.69,4.26,4.95,4.14,5.96,29.53,23.24,69.62,9.27,4.89,5.11
36.60,36.6,28/11/2025 10:35:53,1.970,13.819,1181244.732,15.7,903189.0,611671.0,969164.06,4746.43,1728.82,5980.83,1032.10,11143.23,448.22,148.41,86.87,4181.87,132.50,382.69,105.44,1816.17,68.92,23.14,15.75,98.45,48.65,69.35,30.21,47.85,9.45,2030.63,180.77,4.22,0.50,55.92,5.34,8.74,2.25,0.00,0.00,4.75,1.44,1.69,3.67,3.06,4.44,23.84,20.98,61.62,8.56,3.06,4.55,60276.95,7870.89,2866.86,11300.56,1950.11,23839.10,958.90,340.05,199.04,10441.73,330.83,460.99,127.01,2541.19,96.44,38.61,26.28,175.75,86.85,101.36,44.16,68.75,13.58,2903.27,258.46,5.37,0.64,70.00,6.68,10.88,2.80,0.00,0.00,5.62,1.70,2.28,4.96,4.08,5.93,26.61,23.42,66.38,9.22,3.47,5.16
36.70,36.7,28/11/2025 10:36:12,2.131,13.222,,15.6,910864.0,614185.0,968236.69,5518.92,1807.74,5934.42,1027.67,11139.17,448.78,113.22,69.79,4396.99,139.00,368.92,106.41,1831.55,69.98,27.31,15.91,90.40,49.14,54.88,28.09,68.33,13.04,2082.57,185.67,3.91,0.50,39.52,2.97,8.33,2.32,0.00,0.00,5.57,1.51,3.64,3.69,1.31,4.46,15.53,21.22,56.48,8.40,2.33,4.56,61962.36,9151.89,2997.73,11212.87,1941.74,23830.42,960.10,259.43,159.91,10978.86,347.07,444.40,128.18,2562.71,97.92,45.56,26.55,161.38,87.72,80.22,41.06,98.18,18.74,2977.54,265.46,4.97,0.63,49.47,3.72,10.36,2.89,0.00,0.00,6.59,1.78,4.91,4.98,1.75,5.94,17.34,23.69,60.85,9.05,2.64,5.17
36.80,36.8,28/11/2025 10:36:32,2.933,7.204,,15.7,906558.0,614188.0,969630.51,4879.07,1777.83,5934.79,1028.20,11096.44,447.80,95.36,61.41,4289.92,135.97,385.53,106.93,1774.44,68.95,60.26,23.46,70.37,48.42,50.90,27.35,38.74,7.86,1555.71,137.00,4.00,0.50,34.29,2.40,7.53,2.29,0.00,0.00,5.94,1.53,2.97,3.54,2.20,4.41,18.52,21.06,58.68,8.30,3.83,4.52,59660.73,8090.84,2948.13,11213.56,1942.74,23739.01,957.99,218.49,140.72,10711.53,339.50,464.41,128.81,2482.81,96.47,100.54,39.14,125.63,86.44,74.39,39.97,55.66,11.29,2224.26,195.88,5.10,0.63,42.92,3.00,9.37,2.85,0.00,0.00,7.03,1.81,4.01,4.78,2.94,5.88,20.68,23.51,63.21,8.94,4.35,5.13
36.90,36.9,28/11/2025 10:36:52,2.222,13.557,,15.7,898103.0,611231.0,967312.56,6874.48,1856.11,6103.18,1052.82,11092.99,446.91,96.50,60.85,4457.21,140.47,473.30,115.72,1693.14,68.30,29.07,15.89,74.43,48.72,59.95,28.72,28.97,5.99,1571.17,138.24,4.21,0.50,43.65,3.52,9.37,2.28,0.00,0.00,4.72,1.39,2.44,3.57,2.80,4.41,7.49,21.10,54.81,8.29,3.57,4.57,63665.37,11399.78,3077.95,11531.73,1989.26,23731.62,956.09,221.11,139.42,11129.23,350.73,570.14,139.40,2369.05,95.57,48.50,26.51,132.88,86.98,87.62,41.98,41.62,8.60,2246.37,197.64,5.36,0.64,54.64,4.41,11.67,2.83,0.00,0.00,5.58,1.64,3.29,4.83,3.74,5.88,8.36,23.55,59.05,8.93,4.05,5.18
37.00,37.0,28/11/2025 10:37:22,0.355,8.395,,15.7,895038.0,608286.0,969643.68,4145.96,1785.94,6173.14,1064.69,11259.60,452.43,123.30,75.08,4341.80,137.47,375.11,105.18,1758.47,68.12,64.48,24.23,74.49,47.99,72.97,30.72,86.59,23.02,1710.05,150.89,4.25,0.51,84.15,11.07,7.00,2.23,0.00,0.00,4.50,1.39,2.67,3.65,1.80,4.40,7.22,20.82,55.48,8.32,3.28,4.45,59781.93,6875.15,2961.58,11663.92,2011.69,24088.07,967.91,282.52,172.04,10841.06,343.26,451.86,126.70,2460.46,95.32,107.58,40.43,132.98,85.68,106.65,44.89,124.42,33.08,2444.94,215.73,5.40,0.65,105.34,13.85,8.72,2.78,0.00,0.00,5.32,1.64,3.60,4.93,2.40,5.87,8.06,23.25,59.77,8.96,3.72,5.05
37.10,37.1,28/11/2025 10:37:42,0.606,12.105,1181245.192,15.7,890295.0,607270.0,969544.47,5334.05,1796.71,5775.76,1003.18,10783.41,436.58,56.76,40.24,4169.08,132.37,345.83,101.83,1689.94,67.40,34.00,16.02,83.60,47.98,66.70,29.51,6.41,1.41,1917.17,170.09,4.10,0.51,99.10,14.83,8.69,2.30,0.00,0.00,4.29,1.39,2.47,3.57,2.13,4.40,12.02,20.74,55.38,8.36,4.63,4.52,59432.15,8845.33,2979.45,10913.09,1895.47,23069.33,933.99,130.05,92.21,10409.79,330.52,416.59,122.67,2364.57,94.30,56.74,26.73,149.24,85.64,97.49,43.12,9.21,2.03,2741.07,243.18,5.22,0.64,124.05,18.56,10.82,2.86,0.00,0.00,5.07,1.65,3.33,4.82,2.84,5.86,13.42,23.16,59.66,9.01,5.25,5.13
37.20,37.2,28/11/2025 10:38:02,1.360,9.588,,15.7,890576.0,607172.0,968490.67,5754.74,1813.72,6002.52,1036.57,10686.88,432.74,79.03,51.54,4247.63,134.43,382.26,104.91,1728.98,67.60,48.43,20.16,99.71,47.96,65.58,29.43,7.56,1.66,2208.81,197.31,3.70,0.48,92.55,12.99,8.32,2.30,0.00,0.00,4.39,1.41,5.93,3.73,1.68,4.46,11.23,20.67,64.93,8.71,4.45,4.64,61171.44,9542.94,3007.65,11341.54,1958.57,22862.82,925.78,181.08,118.10,10605.93,335.67,460.48,126.38,2419.20,94.59,80.80,33.64,178.01,85.62,95.85,43.02,10.86,2.39,3158.03,282.10,4.71,0.62,115.86,16.26,10.36,2.87,0.00,0.00,5.20,1.67,8.01,5.04,2.25,5.95,12.54,23.08,69.95,9.39,5.05,5.26
37.30,37.3,28/11/2025 10:38:22,0.912,8.004,,15.7,892431.0,604704.0,968777.00,5107.67,1771.98,6213.16,1067.70,10840.31,438.01,101.92,63.47,4232.91,134.37,364.45,104.02,1743.96,68.14,59.68,22.89,151.52,48.68,60.09,28.36,51.41,9.96,2094.77,186.55,4.12,0.51,98.54,14.54,9.23,2.29,0.00,0.00,4.65,1.43,6.79,3.67,3.05,4.44,15.62,20.62,56.30,8.46,2.84,4.58,60849.28,8469.93,2938.43,11739.53,2017.38,23191.06,937.05,233.53,145.43,10569.16,335.51,439.02,125.30,2440.16,95.35,99.57,38.20,270.50,86.90,87.83,41.44,73.86,14.31,2994.99,266.71,5.24,0.65,123.35,18.21,11.49,2.85,0.00,0.00,5.50,1.69,9.18,4.95,4.07,5.92,17.44,23.02,60.65,9.11,3.22,5.20
37.40,37.4,28/11/2025 10:38:42,1.065,9.855,,15.7,893843.0,603719.0,969875.48,4442.47,1725.74,5809.11,1006.65,10820.23,437.22,69.49,47.07,4057.97,129.25,359.39,102.69,1748.54,67.99,58.43,22.71,62.34,47.31,71.01,30.19,114.76,20.37,2356.22,211.23,4.26,0.50,58.70,5.79,7.29,2.24,0.00,0.00,4.68,1.42,3.89,3.66,2.42,4.41,10.66,20.60,58.30,8.43,4.37,4.57,58689.99,7366.84,2861.76,10976.10,1902.02,23148.10,935.35,159.22,107.86,10132.36,322.72,432.92,123.70,2446.56,95.13,97.48,37.90,111.29,84.46,103.79,44.13,164.90,29.26,3368.79,302.01,5.42,0.64,73.48,7.24,9.08,2.79,0.00,0.00,5.54,1.68,5.25,4.94,3.22,5.87,11.90,23.00,62.80,9.08,4.96,5.18
37.50,37.5,28/11/2025 10:39:12,1.262,7.539,,15.7,892151.0,605583.0,967853.98,6036.51,1775.13,6158.56,1058.69,11027.99,444.49,21.44,18.23,3870.56,124.67,377.07,104.25,1800.40,68.44,57.60,22.58,104.88,48.33,78.19,31.63,15.30,3.27,2423.17,217.60,3.50,0.48,86.09,11.34,8.96,2.36,0.00,0.00,4.03,1.41,1.61,3.65,3.64,4.48,5.71,20.77,57.98,8.56,2.84,4.61,62017.34,10010.21,2943.66,11636.36,2000.35,23592.56,950.90,49.12,41.76,9664.41,311.29,454.22,125.58,2519.13,95.76,96.11,37.67,187.23,86.27,114.28,46.22,21.99,4.70,3464.51,311.12,4.45,0.61,107.76,14.20,11.15,2.94,0.00,0.00,4.77,1.67,2.18,4.94,4.85,5.97,6.38,23.18,62.45,9.23,3.22,5.23
37.60,37.6,28/11/2025 10:39:32,-0.022,12.497,1181243.868,15.8,887620.0,603025.0,970732.81,4324.53,1731.96,5827.03,1009.18,10420.70,423.79,50.26,36.42,3948.97,126.34,334.35,99.58,1756.83,67.43,52.20,21.16,82.32,47.59,59.94,28.26,6.12,1.35,2222.87,198.71,3.68,0.48,84.98,11.23,8.43,2.27,0.00,0.00,4.87,1.39,2.68,3.58,2.65,4.37,9.14,20.60,59.83,8.49,4.79,4.55,57034.06,7171.27,2872.07,11009.96,1906.81,22293.37,906.62,115.18,83.45,9860.19,315.45,402.76,119.96,2458.17,94.35,87.10,35.30,146.96,84.96,87.61,41.31,8.79,1.94,3178.13,284.10,4.68,0.61,106.38,14.06,10.50,2.82,0.00,0.00,5.76,1.65,3.62,4.83,3.54,5.83,10.20,23.00,64.45,9.14,5.43,5.16
37.70,37.7,28/11/2025 10:39:51,1.643,10.053,,15.8,885357.0,603443.0,969187.61,5089.29,1697.68,6022.63,1036.28,10855.77,437.98,39.99,51.53,3951.93,126.28,350.40,101.14,1742.25,67.79,67.62,24.52,112.94,47.73,87.85,33.23,86.46,15.66,2248.27,200.91,4.20,0.51,66.31,7.17,7.05,2.23,0.00,0.00,3.97,1.40,3.16,3.62,1.51,4.39,8.01,20.46,59.44,8.49,3.31,4.47,59828.58,8439.45,2815.23,11379.53,1958.01,23224.12,936.98,91.64,118.08,9867.60,315.30,422.09,121.83,2437.77,94.85,112.82,40.92,201.63,85.21,128.40,48.57,124.24,22.50,3214.45,287.25,5.35,0.65,83.00,8.98,8.78,2.77,0.00,0.00,4.70,1.65,4.27,4.90,2.01,5.86,8.94,22.84,64.03,9.14,3.76,5.07
37.80,37.8,28/11/2025 10:40:11,0.635,8.531,,15.8,887008.0,603008.0,970838.28,4963.70,1735.67,5461.47,953.96,10292.63,418.99,39.50,30.05,3945.65,126.20,367.06,102.11,1679.48,66.53,18.56,15.31,92.80,47.29,77.72,31.19,18.31,3.85,2037.58,181.21,4.23,0.50,57.01,5.56,9.78,2.27,0.00,0.00,2.94,1.37,4.11,3.59,4.31,4.37,23.94,20.39,57.07,8.27,3.84,4.47,56750.37,8231.18,2878.22,10319.25,1802.46,22019.39,896.36,90.52,68.85,9851.90,315.11,442.17,123.00,2349.95,93.09,30.96,25.54,165.67,84.42,113.59,45.58,26.31,5.53,2913.21,259.08,5.38,0.64,71.37,6.96,12.17,2.83,0.00,0.00,3.48,1.62,5.55,4.85,5.75,5.82,26.73,22.76,61.48,8.91,4.36,5.07
37.90,37.9,28/11/2025 10:40:31,0.120,12.961,,15.8,886936.0,602038.0,970738.67,4224.20,1749.10,5836.77,1011.39,10443.92,424.36,68.77,46.15,4144.18,131.42,326.08,98.60,1709.66,67.03,30.19,15.41,114.47,47.65,70.29,29.89,31.02,6.29,2114.39,188.44,3.58,0.48,53.79,5.02,8.11,2.19,0.00,0.00,3.87,1.37,2.64,3.55,3.19,4.34,11.72,20.39,57.33,8.36,3.14,4.43,57264.33,7004.90,2900.50,11028.36,1910.98,22343.04,907.84,157.59,105.74,10347.62,328.15,392.80,118.77,2392.17,93.79,50.38,25.72,204.36,85.06,102.73,43.69,44.57,9.03,3023.04,269.42,4.56,0.61,67.33,6.28,10.10,2.72,0.00,0.00,4.58,1.62,3.57,4.79,4.26,5.79,13.09,22.76,61.76,9.01,3.56,5.03
38.00,38.0,28/11/2025 10:41:14,1.009,15.016,,15.8,888667.0,602541.0,969618.18,5318.24,1765.82,5677.97,987.09,10666.89,432.03,56.44,40.11,4035.57,128.56,325.82,98.82,1649.24,66.80,21.12,15.37,77.26,47.24,79.22,31.55,59.47,11.28,2252.20,201.42,3.64,0.48,57.74,5.65,7.12,2.20,0.05,0.18,3.48,1.38,2.48,3.59,2.21,4.39,24.01,20.46,56.86,8.37,4.79,4.48,59057.55,8819.10,2928.21,10728.31,1865.07,22820.04,924.25,129.32,91.91,10076.44,321.00,392.48,119.03,2307.63,93.46,35.24,25.65,137.93,84.33,115.79,46.11,85.45,16.21,3220.07,287.98,4.64,0.62,72.28,7.07,8.86,2.73,0.07,0.24,4.11,1.63,3.36,4.85,2.95,5.85,26.81,22.84,61.25,9.01,5.43,5.09
38.10,38.1,28/11/2025 10:41:47,2.420,9.655,1181244.265,15.8,885853.0,602562.0,971150.32,4056.16,1715.40,5538.98,966.94,10527.32,427.42,10.34,9.46,4063.65,129.40,379.04,103.56,1663.10,66.39,38.98,17.46,95.78,47.49,73.27,30.41,35.56,7.13,2224.63,198.84,4.14,0.49,58.36,5.77,7.31,2.18,0.00,0.00,3.21,1.37,2.44,3.59,1.51,4.33,3.70,20.44,59.00,8.42,3.22,4.44,56409.93,6726.23,2844.61,10465.70,1826.99,22521.46,914.38,23.69,21.68,10146.53,323.09,456.59,124.75,2327.02,92.89,65.04,29.14,170.98,84.78,107.09,44.45,51.09,10.24,3180.65,284.29,5.27,0.62,73.05,7.22,9.10,2.71,0.00,0.00,3.79,1.63,3.30,4.85,2.01,5.78,4.13,22.82,63.56,9.07,3.65,5.03
38.20,38.2,28/11/2025 10:42:19,2.242,8.200,,15.8,887418.0,603058.0,969925.29,4525.21,1753.70,5748.76,998.15,10946.70,441.27,143.65,84.77,4079.09,129.91,348.49,101.49,1668.38,67.22,18.91,15.40,97.15,47.72,73.43,30.51,56.49,10.77,2197.00,196.14,3.83,0.50,64.97,6.95,7.85,2.24,0.00,0.00,2.95,1.37,4.97,3.60,3.50,4.37,21.18,20.53,58.49,8.40,3.70,4.51,58789.54,7504.04,2908.11,10862.07,1885.96,23418.65,944.03,329.17,194.23,10185.09,324.36,419.80,122.26,2334.41,94.05,31.56,25.69,173.42,85.19,107.32,44.59,81.17,15.48,3141.14,280.43,4.88,0.63,81.33,8.69,9.78,2.79,0.00,0.00,3.49,1.62,6.72,4.86,4.67,5.83,23.65,22.92,63.01,9.05,4.20,5.11
38.30,38.3,28/11/2025 10:42:52,1.107,8.266,,15.8,887272.0,602496.0,969235.69,5553.36,1803.22,5728.38,995.51,10619.46,430.38,65.90,45.11,4127.86,131.56,340.68,100.79,1720.12,67.29,38.90,17.41,116.85,47.99,65.17,29.13,53.04,10.21,2195.07,195.96,4.28,0.50,48.97,4.24,9.80,2.27,0.00,0.00,3.52,1.37,1.93,3.63,2.31,4.39,9.49,20.54,56.21,8.35,3.02,4.44,59772.89,9209.01,2990.23,10823.55,1880.98,22718.57,920.73,150.99,103.36,10306.87,328.49,410.39,121.41,2406.80,94.15,64.90,29.04,208.61,85.67,95.25,42.57,76.21,14.67,3138.38,280.17,5.44,0.63,61.30,5.31,12.20,2.82,0.00,0.00,4.16,1.62,2.61,4.91,3.08,5.85,10.60,22.93,60.55,9.00,3.43,5.03
38.40,38.4,28/11/2025 10:43:25,0.717,10.314,,15.8,887810.0,604281.0,971525.29,4001.55,1717.26,5480.69,958.40,10293.30,419.97,76.06,50.51,4080.71,129.80,334.77,99.30,1665.38,66.47,21.75,15.24,115.87,47.43,63.67,28.73,113.46,20.21,2058.23,183.28,4.17,0.50,68.21,7.61,8.53,2.22,0.00,0.00,2.28,1.35,2.18,3.53,3.01,4.38,22.96,20.34,55.16,8.27,2.77,4.49,55750.07,6635.67,2847.69,10355.56,1810.86,22020.82,898.46,174.28,115.73,10189.14,324.09,403.26,119.61,2330.21,93.00,36.29,25.43,206.85,84.67,93.06,41.99,163.03,29.04,2942.74,262.04,5.31,0.63,85.38,9.53,10.61,2.77,0.00,0.00,2.70,1.60,2.94,4.76,4.01,5.84,25.63,22.70,59.42,8.91,3.15,5.10
38.50,38.5,28/11/2025 10:44:09,1.728,7.670,,15.8,885997.0,604689.0,969907.64,5457.22,1747.49,5750.10,997.43,10341.61,421.55,16.34,14.47,4172.72,132.57,316.43,98.43,1645.39,66.92,19.03,15.33,92.76,47.47,69.65,29.80,87.61,15.91,1939.03,172.00,4.30,0.50,90.28,12.55,6.42,2.22,0.03,0.18,2.69,1.35,1.73,3.58,1.77,4.42,19.56,20.46,53.21,8.16,4.47,4.47,58594.05,9049.58,2897.82,10864.60,1884.61,22124.16,901.85,37.45,33.15,10418.89,331.01,381.17,118.56,2302.25,93.64,31.75,25.58,165.60,84.75,101.79,43.55,125.89,22.86,2772.31,245.92,5.47,0.63,113.01,15.71,7.99,2.76,0.04,0.24,3.18,1.60,2.34,4.84,2.37,5.89,21.84,22.84,57.32,8.78,5.07,5.08
38.60,38.6,28/11/2025 10:44:41,1.160,10.382,1181248.695,15.8,883010.0,603964.0,968471.82,6785.28,1797.09,5660.17,982.79,10640.63,431.33,83.81,54.32,4043.83,128.84,407.02,107.08,1642.85,66.94,29.94,15.55,85.86,47.74,75.59,30.98,52.05,10.03,1864.96,165.03,3.72,0.48,71.22,8.21,8.28,2.28,0.00,0.00,2.72,1.38,3.07,3.57,2.40,4.36,6.48,20.59,56.42,8.33,1.87,4.43,61028.30,11251.87,2980.07,10694.68,1856.94,22763.87,922.75,192.04,124.48,10097.05,321.69,490.30,128.99,2298.68,93.67,49.96,25.95,153.27,85.23,110.48,45.27,74.79,14.42,2666.42,235.96,4.74,0.62,89.15,10.27,10.30,2.84,0.00,0.00,3.22,1.63,4.14,4.82,3.20,5.82,7.23,22.99,60.77,8.97,2.12,5.03
38.70,38.7,28/11/2025 10:45:14,0.821,8.134,,15.8,880982.0,601751.0,970424.28,5777.36,1795.36,5730.78,995.03,9945.55,408.06,68.43,46.39,3705.49,119.73,421.69,106.99,1659.05,66.08,28.11,15.35,100.87,47.35,59.35,28.01,19.97,4.19,1900.97,168.50,3.57,0.47,66.13,7.24,6.85,2.19,0.00,0.00,3.42,1.36,1.74,3.56,3.08,4.32,14.05,20.37,55.12,8.18,4.12,4.39,57170.21,9580.46,2977.20,10828.10,1880.08,21276.87,872.97,156.80,106.30,9252.24,298.94,507.96,128.89,2321.36,92.45,46.90,25.61,180.07,84.53,86.75,40.94,28.70,6.02,2717.91,240.91,4.55,0.60,82.79,9.07,8.53,2.73,0.00,0.00,4.04,1.60,2.35,4.81,4.10,5.76,15.69,22.74,59.38,8.82,4.68,4.98
38.80,38.8,28/11/2025 10:45:47,0.791,7.411,,15.8,879705.0,602610.0,970115.00,5795.26,1750.94,5639.40,978.31,10034.42,410.03,37.85,50.76,4079.72,129.44,377.45,103.10,1651.36,66.26,26.03,15.22,98.99,47.10,72.79,30.29,47.77,9.28,1853.27,164.00,4.24,0.50,78.00,9.69,7.26,2.16,0.00,0.00,3.31,1.34,1.22,3.51,1.46,4.31,16.53,20.27,54.95,8.37,3.74,4.48,58017.54,9610.14,2903.54,10655.44,1848.49,21466.98,877.20,86.74,116.30,10186.67,323.19,454.68,124.19,2310.59,92.72,43.43,25.40,176.71,84.09,106.39,44.27,68.63,13.33,2649.70,234.47,5.39,0.64,97.64,12.13,9.03,2.69,0.00,0.00,3.91,1.58,1.65,4.75,1.95,5.75,18.46,22.64,59.19,9.01,4.24,5.08
38.90,38.9,28/11/2025 10:46:20,0.289,9.919,,15.8,880801.0,603387.0,969499.67,5747.13,1733.82,5831.96,1007.58,10333.16,420.89,57.23,40.52,4198.67,133.47,300.81,96.44,1592.02,66.09,30.18,15.38,94.54,47.40,82.48,32.18,94.54,17.03,1966.69,174.54,4.02,0.49,72.05,8.37,8.69,2.28,0.00,0.00,5.12,1.39,3.23,3.55,3.05,4.34,13.73,20.42,57.36,8.30,3.69,4.42,59349.68,9530.33,2875.16,11019.28,1903.79,22106.08,900.43,131.14,92.85,10483.67,333.25,362.35,116.17,2227.56,92.48,50.35,25.66,168.77,84.62,120.55,47.03,135.83,24.48,2811.86,249.54,5.11,0.62,90.19,10.48,10.81,2.84,0.00,0.00,6.05,1.65,4.37,4.80,4.06,5.78,15.33,22.80,61.78,8.94,4.18,5.01
39.00,39.0,28/11/2025 10:47:03,-0.187,10.581,,15.8,880657.0,603077.0,972073.16,3913.97,1759.64,5562.59,971.34,10156.03,414.54,93.46,58.88,3919.70,125.47,248.27,90.95,1649.53,66.38,29.17,15.27,87.63,46.93,62.23,28.32,24.37,5.02,2002.31,177.95,4.11,0.50,84.18,11.15,5.90,2.17,0.00,0.00,2.87,1.36,2.03,3.51,3.69,4.32,15.02,20.25,56.66,8.27,3.11,4.38,54740.47,6490.45,2917.96,10510.31,1835.31,21727.14,886.83,214.15,134.92,9787.11,313.28,299.07,109.56,2308.03,92.88,48.67,25.47,156.44,83.78,90.95,41.39,35.02,7.21,2862.80,254.43,5.23,0.63,105.38,13.96,7.35,2.71,0.00,0.00,3.39,1.60,2.75,4.75,4.91,5.76,16.77,22.61,61.03,8.91,3.52,4.97
39.10,39.1,28/11/2025 10:47:36,-0.029,12.828,1181246.579,15.8,881846.0,601289.0,969740.45,5821.05,1726.59,5638.13,976.89,10238.65,417.18,28.48,51.07,4080.62,130.02,311.43,97.65,1668.97,66.75,31.26,15.44,80.60,47.39,66.40,29.31,89.07,22.91,2015.40,179.16,4.06,0.50,93.58,13.36,7.57,2.25,0.00,0.00,3.83,1.37,1.68,3.54,2.88,4.38,13.03,20.51,59.69,8.46,3.20,4.52,58701.77,9652.91,2863.16,10653.03,1845.79,21903.89,892.48,65.26,117.02,10188.91,324.64,375.15,117.63,2335.23,93.39,52.16,25.77,143.88,84.61,97.05,42.84,127.97,32.91,2881.50,256.16,5.16,0.63,117.14,16.73,9.42,2.80,0.00,0.00,4.53,1.62,2.27,4.78,3.84,5.84,14.55,22.90,64.29,9.11,3.63,5.12
39.20,39.2,28/11/2025 10:48:09,-0.736,9.658,,15.8,881721.0,602685.0,970999.30,4497.89,1695.20,5657.80,982.51,10151.78,414.87,62.81,43.01,3981.14,127.03,343.95,100.02,1674.45,66.51,28.21,15.26,122.83,47.47,73.37,30.30,48.07,9.30,2205.39,197.00,3.99,0.49,59.34,5.95,7.31,2.27,0.00,0.00,2.92,1.37,3.12,3.61,2.75,4.30,11.49,20.24,58.63,8.44,3.50,4.45,56484.14,7458.74,2811.10,10690.21,1856.41,21718.05,887.54,143.91,98.56,9940.52,317.18,414.32,120.49,2342.90,93.06,47.06,25.46,219.27,84.74,107.23,44.29,69.07,13.36,3153.14,281.66,5.08,0.63,74.28,7.45,9.10,2.82,0.00,0.00,3.45,1.62,4.21,4.87,3.66,5.73,12.83,22.60,63.16,9.09,3.97,5.05
39.30,39.3,28/11/2025 10:48:42,-1.044,10.055,,15.8,881305.0,600812.0,971666.27,3718.22,1717.85,5495.69,960.82,10242.79,417.39,121.22,72.45,3993.77,127.29,409.26,105.73,1674.96,66.16,20.53,15.21,110.49,47.38,59.20,27.93,97.42,17.46,2234.92,199.73,3.80,0.49,57.94,5.71,6.65,2.19,0.00,0.00,3.55,1.36,2.41,3.57,2.51,4.37,12.91,20.30,61.66,8.46,3.83,4.43,55383.91,6165.84,2848.67,10383.90,1815.43,21912.75,892.94,277.77,166.01,9972.06,317.83,492.99,127.36,2343.61,92.57,34.25,25.38,197.24,84.59,86.53,40.82,139.97,25.09,3195.37,285.56,4.83,0.63,72.53,7.15,8.28,2.73,0.00,0.00,4.20,1.61,3.25,4.82,3.34,5.83,14.42,22.67,66.42,9.12,4.34,5.03
39.40,39.4,28/11/2025 10:49:14,-1.896,11.907,,15.8,879659.0,601845.0,971348.82,4291.19,1761.49,5532.73,964.51,10184.33,415.17,45.66,51.90,4060.82,129.45,275.63,93.35,1652.80,66.16,28.59,15.28,81.16,46.94,57.46,27.67,29.33,5.94,2229.44,199.19,3.62,0.47,91.55,12.86,8.43,2.22,0.00,0.00,2.55,1.35,1.27,3.50,2.99,4.31,9.83,20.30,58.01,8.34,3.80,4.48,55968.71,7115.98,2921.03,10453.88,1822.40,21787.70,888.20,104.62,118.93,10139.48,323.22,332.03,112.44,2312.60,92.57,47.71,25.49,144.88,83.79,83.98,40.45,42.14,8.53,3187.53,284.80,4.61,0.60,114.60,16.10,10.49,2.77,0.00,0.00,3.02,1.59,1.72,4.73,3.99,5.75,10.97,22.67,62.48,8.98,4.31,5.08
39.50,39.5,28/11/2025 10:49:58,-2.288,11.572,,15.8,879794.0,600982.0,969912.46,5674.86,1761.10,5509.34,960.64,10316.77,419.57,128.82,75.96,3953.30,125.72,352.69,100.38,1646.23,66.14,31.42,15.30,98.67,47.34,63.85,28.79,24.40,5.04,2111.16,188.07,3.96,0.48,84.29,11.07,9.33,2.26,0.00,0.00,3.15,1.36,2.04,3.58,0.92,4.32,14.70,20.38,53.91,8.32,3.75,4.37,58369.60,9410.49,2920.40,10409.69,1815.09,22071.03,897.60,295.17,174.05,9871.02,313.91,424.85,120.92,2303.42,92.54,52.42,25.54,176.14,84.52,93.32,42.08,35.06,7.23,3018.42,268.89,5.04,0.62,105.51,13.86,11.61,2.81,0.00,0.00,3.72,1.61,2.75,4.84,1.23,5.76,16.41,22.75,58.07,8.97,4.25,4.96
39.60,39.6,28/11/2025 10:50:31,-0.421,9.789,1181245.589,15.8,880567.0,602004.0,970947.90,4697.78,1759.64,5241.72,921.72,10361.57,421.52,27.84,50.86,4023.05,128.11,422.97,107.14,1672.60,66.34,36.01,16.53,90.24,47.34,61.35,28.32,20.71,4.31,2244.31,200.65,4.05,0.50,60.33,6.12,7.42,2.25,0.00,0.00,3.65,1.38,4.83,3.57,2.10,4.36,9.17,20.42,56.40,8.35,4.03,4.39,56548.37,7790.21,2917.97,9904.04,1741.55,22166.86,901.77,63.79,116.53,10045.16,319.88,509.51,129.06,2340.32,92.82,60.08,27.57,161.10,84.51,89.66,41.39,29.75,6.20,3208.79,286.88,5.15,0.64,75.52,7.67,9.23,2.80,0.00,0.00,4.31,1.63,6.52,4.82,2.80,5.82,10.24,22.79,60.76,9.00,4.57,4.98
39.70,39.7,28/11/2025 10:51:04,0.173,6.348,,15.8,878377.0,601250.0,971565.75,4943.89,1731.57,5178.35,911.90,10020.66,410.18,79.90,51.97,3959.15,126.24,233.57,89.09,1608.51,65.67,8.19,15.19,94.42,46.92,61.58,28.24,10.96,2.36,2051.99,182.57,4.25,0.50,64.58,6.95,7.81,2.19,0.00,0.00,3.55,1.36,1.72,3.53,2.29,4.26,35.75,23.93,60.33,8.32,2.81,4.34,55456.28,8198.34,2871.42,9784.30,1723.01,21437.55,877.51,183.09,119.08,9885.61,315.21,281.36,107.32,2250.63,91.89,13.67,25.34,168.55,83.77,90.01,41.27,15.75,3.39,2933.82,261.03,5.40,0.64,80.84,8.70,9.72,2.73,0.00,0.00,4.19,1.61,2.33,4.77,3.05,5.68,39.91,26.71,64.99,8.97,3.19,4.93
39.80,39.8,28/11/2025 10:51:38,-0.056,11.310,,15.8,876141.0,601000.0,972372.35,4295.04,1712.24,5505.09,957.62,9571.40,394.38,82.60,52.87,3703.48,119.14,342.85,98.36,1628.14,65.20,26.09,15.08,119.98,46.92,81.82,31.77,16.50,3.47,2067.29,183.99,3.91,0.49,86.66,11.75,7.88,2.22,0.00,0.00,2.99,1.35,2.50,3.47,1.36,4.29,16.01,20.04,61.96,8.40,4.10,4.35,53706.02,7122.37,2839.37,10401.66,1809.38,20476.43,843.71,189.26,121.14,9247.24,297.47,413.00,118.48,2278.10,91.23,43.53,25.16,214.18,83.77,119.59,46.43,23.70,4.99,2955.70,263.06,4.97,0.62,108.48,14.70,9.81,2.76,0.00,0.00,3.54,1.60,3.38,4.68,1.82,5.72,17.87,22.37,66.75,9.04,4.66,4.94
39.90,39.9,28/11/2025 10:52:11,0.958,9.985,,15.8,878394.0,600270.0,972618.04,4440.19,1717.36,5071.78,895.27,9632.46,397.27,64.22,44.09,3788.48,121.60,246.50,90.09,1622.71,65.36,26.60,15.20,107.32,47.02,46.65,25.84,8.63,1.87,2185.72,195.22,3.56,0.47,55.71,5.37,8.64,2.21,0.00,0.00,2.47,1.34,2.64,3.54,2.47,4.29,9.81,20.15,52.39,8.05,3.03,4.44,53334.28,7363.05,2847.85,9582.93,1691.59,20607.07,849.90,147.14,101.01,9459.47,303.62,296.94,108.52,2270.50,91.45,44.38,25.36,191.59,83.93,68.18,37.77,12.40,2.68,3125.02,279.11,4.53,0.60,69.73,6.73,10.75,2.75,0.00,0.00,2.92,1.58,3.56,4.79,3.29,5.72,10.96,22.50,56.43,8.67,3.44,5.03
40.00,40.0,28/11/2025 10:52:54,1.425,13.027,,15.8,875080.0,599600.0,971590.22,4787.14,1669.73,5576.97,966.17,9683.22,398.20,37.51,28.45,3936.39,125.61,327.55,98.09,1599.40,65.61,28.48,15.26,86.67,47.02,75.69,30.77,74.67,13.74,2046.71,182.03,4.12,0.49,60.68,6.22,7.56,2.19,0.01,0.18,3.90,1.35,2.23,3.54,3.77,4.31,5.88,20.29,58.36,8.31,2.86,4.37,55261.11,7938.40,2768.87,10537.47,1825.55,20715.66,851.89,85.94,65.19,9828.78,313.64,394.57,118.15,2237.90,91.80,47.52,25.46,154.72,83.93,110.62,44.98,107.30,19.74,2926.28,260.25,5.25,0.63,75.96,7.79,9.41,2.73,0.01,0.24,4.61,1.60,3.01,4.78,5.03,5.75,6.57,22.65,62.87,8.95,3.24,4.96
40.10,40.1,28/11/2025 10:53:27,2.019,8.003,1181245.257,15.8,875903.0,600783.0,970593.91,6061.45,1754.31,5415.31,943.06,9671.82,397.87,4.06,3.83,3857.51,123.30,310.64,96.77,1594.18,65.53,19.95,15.22,96.23,47.16,71.53,30.00,93.15,22.87,2040.40,181.46,3.84,0.48,76.60,9.38,8.35,2.27,0.00,0.00,4.18,1.39,3.64,3.53,3.06,4.37,8.98,20.27,58.77,8.42,2.42,4.44,56782.68,10051.56,2909.13,10232.03,1781.87,20691.25,851.17,9.31,8.77,9631.82,307.86,374.20,116.57,2230.58,91.69,33.29,25.40,171.78,84.20,104.55,43.85,133.85,32.85,2917.25,259.45,4.89,0.62,95.89,11.74,10.40,2.83,0.00,0.00,4.95,1.64,4.92,4.77,4.08,5.83,10.03,22.63,63.31,9.06,2.74,5.04
40.20,40.2,28/11/2025 10:54:01,0.583,12.035,,15.8,878325.0,601416.0,972495.33,4877.57,1706.15,5128.66,902.07,9476.82,391.13,0.78,0.75,3670.81,118.19,336.37,98.88,1559.46,65.24,32.75,15.24,132.96,47.05,88.77,33.09,34.70,6.93,1968.58,174.84,3.83,0.48,91.03,12.86,9.63,2.23,0.00,0.00,3.85,1.36,2.72,3.52,3.16,4.26,19.55,20.01,59.06,8.28,3.63,4.41,53326.47,8088.36,2829.27,9690.41,1704.43,20274.09,836.76,1.78,1.72,9165.66,295.12,405.19,119.11,2182.00,91.28,54.64,25.42,237.36,83.99,129.74,48.37,49.85,9.95,2814.57,249.98,4.87,0.61,113.95,16.10,11.98,2.77,0.00,0.00,4.56,1.60,3.68,4.75,4.21,5.68,21.83,22.34,63.62,8.91,4.12,5.00
40.30,40.3,28/11/2025 10:54:34,0.303,12.235,,15.8,877500.0,602467.0,972245.14,4626.34,1698.28,5246.70,919.02,9704.97,398.79,70.88,47.20,3923.43,125.80,251.75,91.21,1595.75,65.61,28.50,15.20,91.47,46.95,58.81,27.81,83.85,15.32,1942.17,172.36,3.67,0.47,44.41,3.66,8.75,2.23,0.00,0.00,3.32,1.35,2.73,3.49,2.56,4.26,5.52,20.24,56.37,8.26,2.90,4.41,54188.70,7671.75,2816.22,9913.44,1736.46,20762.19,853.14,162.41,108.16,9796.43,314.10,303.26,109.87,2232.79,91.80,47.55,25.36,163.30,83.81,85.96,40.65,120.49,22.01,2776.81,246.42,4.67,0.60,55.59,4.58,10.89,2.77,0.00,0.00,3.92,1.60,3.68,4.71,3.42,5.68,6.16,22.60,60.73,8.90,3.29,5.01
40.40,40.4,28/11/2025 10:55:07,0.768,12.300,,15.8,876037.0,600613.0,970872.75,5355.31,1695.33,5723.48,988.38,9726.60,399.73,126.24,75.13,4099.33,130.43,109.33,72.21,1570.29,65.38,21.49,15.19,98.96,47.10,70.30,29.73,40.52,7.97,2017.49,179.32,3.79,0.48,79.64,10.08,8.30,2.28,0.00,0.00,4.71,1.38,2.57,3.51,2.64,4.28,11.01,20.24,52.22,8.27,3.04,4.38,56814.46,8880.58,2811.32,10814.31,1867.50,20808.45,855.15,289.25,172.15,10235.63,325.66,131.70,86.98,2197.16,91.47,35.86,25.34,176.66,84.08,102.75,43.45,58.22,11.45,2884.49,256.38,4.83,0.61,99.69,12.61,10.33,2.84,0.00,0.00,5.57,1.64,3.47,4.74,3.53,5.71,12.30,22.60,56.25,8.90,3.45,4.97
40.50,40.5,28/11/2025 10:55:51,0.700,13.027,,15.8,876342.0,599836.0,971905.34,4835.76,1727.50,5223.63,914.40,9624.08,395.76,35.12,27.03,4107.37,130.44,100.40,70.10,1620.40,65.70,29.76,15.15,138.64,47.42,68.44,29.35,52.66,10.11,2073.42,184.63,4.08,0.49,90.48,12.67,8.37,2.22,0.00,0.00,2.98,1.35,4.40,3.52,1.87,4.30,13.99,20.13,55.65,8.20,3.16,4.40,54859.68,8019.03,2864.67,9869.85,1727.73,20589.13,846.67,80.47,61.94,10255.70,325.70,120.95,84.44,2267.27,91.93,49.66,25.27,247.49,84.66,100.03,42.89,75.66,14.52,2964.46,263.97,5.19,0.63,113.26,15.86,10.42,2.77,0.00,0.00,3.53,1.60,5.94,4.75,2.49,5.73,15.62,22.47,59.95,8.84,3.59,4.99
40.60,40.6,28/11/2025 10:56:23,-1.000,6.089,1181249.950,15.9,850566.0,599113.0,979170.88,1795.61,1480.33,4004.44,725.19,7712.03,327.73,30.64,22.37,3263.24,106.03,276.29,89.68,1519.06,62.53,30.68,14.56,101.68,45.06,58.68,26.96,88.42,21.83,1820.14,161.11,3.79,0.48,42.15,3.43,7.62,2.12,0.00,0.00,3.21,1.29,3.12,3.36,2.98,4.12,8.96,19.36,53.19,7.85,3.19,4.17,40916.79,2977.61,2454.80,7566.25,1370.23,16498.61,701.13,70.21,51.26,8147.98,264.75,332.82,108.03,2125.48,87.49,51.20,24.29,181.51,80.44,85.76,39.41,127.04,31.37,2602.33,230.35,4.82,0.61,52.77,4.30,9.48,2.64,0.00,0.00,3.80,1.52,4.22,4.54,3.98,5.49,10.00,21.61,57.30,8.45,3.62,4.73
40.70,40.7,28/11/2025 10:56:56,-1.202,3.240,,15.9,833738.0,598647.0,981430.32,1367.05,1434.74,3428.86,635.91,6621.23,289.14,47.44,30.66,3255.73,105.24,117.40,69.89,1443.79,60.88,17.98,14.22,83.39,43.99,68.47,28.31,46.60,8.84,1906.25,169.11,3.42,0.45,75.23,9.47,7.16,2.04,0.00,0.00,3.55,1.30,2.91,3.33,1.54,4.04,13.90,18.99,54.26,7.82,3.53,4.15,36577.13,2266.95,2379.19,6478.70,1201.54,14165.04,618.57,108.71,70.24,8129.24,262.77,141.42,84.19,2020.16,85.19,30.00,23.73,148.87,78.52,100.07,41.37,66.95,12.70,2725.44,241.79,4.35,0.57,94.17,11.86,8.92,2.54,0.00,0.00,4.20,1.54,3.93,4.50,2.05,5.39,15.52,21.20,58.45,8.42,4.00,4.71
40.80,40.8,28/11/2025 10:57:29,-0.910,7.675,,15.9,819934.0,598282.0,984282.11,545.97,1333.00,2908.77,553.49,5563.67,251.26,45.10,28.35,2883.81,94.46,99.84,64.75,1334.87,58.73,14.65,13.86,100.11,43.10,71.81,28.60,21.99,4.45,1945.53,172.88,3.56,0.45,80.01,10.70,8.66,2.12,0.00,0.00,3.95,1.28,1.15,3.28,2.66,4.01,24.46,18.56,53.65,7.78,3.65,4.13,30931.74,905.38,2210.49,5496.01,1045.80,11902.56,537.53,103.35,64.97,7200.61,235.86,120.27,77.99,1867.76,82.18,24.45,23.13,178.72,76.94,104.95,41.80,31.60,6.39,2781.62,247.17,4.53,0.58,100.15,13.40,10.79,2.64,0.00,0.00,4.67,1.51,1.55,4.43,3.54,5.35,27.31,20.72,57.79,8.38,4.14,4.68
40.90,40.9,28/11/2025 10:58:02,-0.757,5.555,,16.0,804246.0,598087.0,985417.04,759.59,1226.88,2676.79,512.09,4946.30,227.94,29.30,38.83,2516.63,84.03,44.74,44.97,1373.24,58.33,28.03,13.71,69.81,42.10,66.37,27.33,25.58,5.05,1895.93,168.14,3.43,0.44,62.45,6.94,6.77,2.05,0.00,0.00,4.07,1.25,2.04,3.20,1.47,3.95,12.46,18.26,53.36,7.76,4.59,4.06,28418.31,1259.61,2034.50,5057.70,967.58,10581.80,487.64,67.13,88.98,6283.78,209.81,53.89,54.17,1921.45,81.61,46.76,22.87,124.62,75.15,97.01,39.94,36.76,7.26,2710.69,240.39,4.37,0.56,78.17,8.68,8.43,2.55,0.00,0.00,4.82,1.48,2.76,4.33,1.96,5.27,13.91,20.39,57.48,8.36,5.20,4.60
41.00,41.0,28/11/2025 10:58:46,-0.250,8.470,,16.0,793491.0,598598.0,987036.67,521.89,1206.30,2242.47,447.46,4241.74,201.41,29.06,17.99,2269.15,76.57,60.00,50.74,1392.34,57.45,36.29,15.48,102.34,42.21,72.65,28.39,6.57,1.39,1842.85,163.27,3.34,0.43,56.15,5.80,7.91,2.09,0.00,0.00,4.89,1.30,2.53,3.18,2.30,3.92,11.16,18.11,54.62,7.53,3.05,4.01,25095.03,865.44,2000.38,4237.07,845.47,9074.51,430.88,66.60,41.21,5665.86,191.19,72.28,61.12,1948.17,80.38,60.55,25.83,182.70,75.36,106.18,41.50,9.45,2.00,2634.81,233.44,4.25,0.55,70.29,7.26,9.84,2.60,0.00,0.00,5.78,1.54,3.42,4.30,3.07,5.22,12.46,20.22,58.84,8.11,3.45,4.55
41.10,41.1,28/11/2025 10:59:18,-1.348,6.872,1181252.005,16.0,785257.0,599417.0,988072.21,102.82,1244.71,1805.53,382.71,3908.08,188.83,46.48,38.26,2305.37,77.23,73.52,55.10,1354.50,56.79,12.83,13.33,102.46,41.53,65.90,26.96,12.10,2.50,1977.30,175.90,3.41,0.44,70.38,8.65,7.35,2.03,0.00,0.00,2.83,1.23,1.26,3.18,3.59,3.89,18.10,17.83,50.61,7.56,3.37,4.03,23124.27,170.50,2064.07,3411.49,723.11,8360.69,403.97,106.50,87.68,5756.29,192.84,88.56,66.37,1895.22,79.47,21.40,22.24,182.91,74.15,96.31,39.41,17.39,3.59,2827.03,251.50,4.34,0.55,88.10,10.82,9.14,2.53,0.00,0.00,3.35,1.45,1.71,4.30,4.79,5.19,20.21,19.91,54.52,8.14,3.82,4.57
41.20,41.2,28/11/2025 10:59:51,-1.976,7.932,,16.0,774919.0,600017.0,988793.83,133.09,1155.22,1798.24,378.99,3658.91,178.77,21.57,13.09,2017.97,68.94,60.96,50.13,1360.45,56.53,16.42,13.27,71.80,41.19,59.10,25.69,23.50,4.67,1847.98,163.79,3.53,0.44,50.00,4.77,6.62,2.01,0.00,0.00,2.87,1.21,1.91,3.16,2.10,3.87,8.52,17.83,55.85,7.65,4.81,4.05,21588.15,220.69,1915.67,3397.70,716.09,7827.63,382.45,49.41,30.00,5038.68,172.15,73.43,60.38,1903.55,79.10,27.39,22.15,128.17,73.53,86.37,37.55,33.76,6.71,2642.13,234.18,4.49,0.56,62.58,5.97,8.24,2.50,0.00,0.00,3.40,1.43,2.58,4.26,2.80,5.17,9.51,19.91,60.16,8.24,5.46,4.59
41.30,41.3,28/11/2025 11:00:24,-1.190,7.534,,16.1,765924.0,600516.0,989585.22,172.05,1122.39,1692.52,360.59,3190.21,161.25,22.79,13.77,1890.85,65.29,12.88,22.73,1265.07,55.17,15.36,13.01,70.34,40.51,61.88,25.96,77.92,19.69,1781.01,157.50,4.04,0.46,65.77,7.76,7.98,2.03,0.00,0.00,2.86,1.22,2.19,3.12,4.11,3.87,15.06,17.57,56.89,7.63,2.99,3.96,19958.00,285.31,1861.24,3197.96,681.32,6824.93,344.96,52.21,31.55,4721.27,163.02,15.51,27.38,1770.09,77.19,25.63,21.71,125.57,72.31,90.44,37.94,111.96,28.29,2546.39,225.18,5.14,0.59,82.33,9.72,9.94,2.53,0.00,0.00,3.38,1.44,2.96,4.22,5.48,5.16,16.81,19.62,61.29,8.22,3.39,4.49
41.40,41.4,28/11/2025 11:00:57,-2.262,6.414,,16.1,760740.0,597285.0,990400.83,69.90,1136.32,1304.07,306.13,2916.13,150.37,29.94,33.08,1694.02,59.39,90.48,57.60,1272.82,54.73,13.83,12.91,63.54,39.99,54.51,24.57,27.85,5.40,1902.72,168.92,3.56,0.44,71.76,9.08,6.38,1.90,0.00,0.00,4.43,1.23,2.59,3.14,3.19,3.81,15.15,17.39,49.02,7.40,3.27,3.97,18172.16,115.91,1884.34,2463.99,578.42,6238.59,321.68,68.61,75.79,4229.81,148.29,108.99,69.38,1780.94,76.58,23.08,21.53,113.43,71.39,79.67,35.91,40.02,7.75,2720.41,241.51,4.52,0.56,89.83,11.36,7.94,2.37,0.00,0.00,5.24,1.46,3.49,4.24,4.25,5.09,16.92,19.42,52.81,7.97,3.71,4.51
41.50,41.5,28/11/2025 11:01:40,-3.181,7.207,,16.1,753890.0,597529.0,990462.16,121.67,1063.11,1378.86,312.81,2755.08,143.40,41.56,33.17,1662.27,58.04,53.10,45.72,1284.19,54.59,24.79,12.93,82.38,40.06,63.09,25.98,5.39,1.13,1929.92,171.48,3.76,0.44,53.63,5.42,5.82,1.94,0.00,0.00,3.78,1.22,2.93,3.10,1.69,3.78,12.01,17.30,49.69,7.22,2.23,3.84,18014.66,201.77,1762.93,2605.30,591.03,5894.05,306.77,95.22,76.01,4150.53,144.93,63.97,55.08,1796.84,76.39,41.37,21.57,147.06,71.52,92.21,37.97,7.75,1.62,2759.29,245.18,4.78,0.56,67.13,6.79,7.24,2.42,0.00,0.00,4.47,1.44,3.95,4.19,2.26,5.04,13.41,19.32,53.53,7.77,2.53,4.36
41.60,41.6,28/11/2025 11:02:13,-0.829,5.686,1181253.788,16.1,751903.0,596417.0,990697.43,167.40,1094.23,1190.87,286.09,2660.05,139.56,39.02,32.73,1618.66,56.85,35.00,36.79,1294.68,54.65,42.65,16.50,97.11,40.02,59.34,25.25,36.47,6.86,1918.34,170.33,3.48,0.44,50.38,4.87,6.72,2.01,0.00,0.00,4.65,1.25,5.23,3.13,1.79,3.79,14.46,17.22,52.95,7.48,3.32,3.90,17497.32,277.59,1814.53,2250.10,540.55,5690.74,298.56,89.41,75.00,4041.65,141.94,42.16,44.31,1811.53,76.47,71.15,27.54,173.35,71.44,86.73,36.90,52.40,9.86,2742.74,243.53,4.43,0.56,63.06,6.09,8.36,2.50,0.00,0.00,5.50,1.48,7.07,4.23,2.39,5.05,16.15,19.23,57.04,8.06,3.77,4.42
41.70,41.7,28/11/2025 11:02:46,0.389,4.498,,16.1,750515.0,598347.0,990572.49,255.20,1033.77,1281.94,295.00,2584.85,136.13,35.24,31.85,1585.13,55.91,93.54,57.57,1333.39,55.11,45.93,17.50,87.58,40.10,71.36,27.52,36.94,6.92,1874.62,166.19,3.49,0.42,56.16,5.88,6.88,1.99,0.00,0.00,4.17,1.24,0.59,3.16,2.17,3.83,7.87,17.30,56.39,7.51,4.05,3.96,17628.92,423.20,1714.27,2422.17,557.39,5529.87,291.22,80.75,72.97,3957.93,139.60,112.68,69.35,1865.69,77.11,76.64,29.19,156.35,71.58,104.29,40.23,53.08,9.95,2680.23,237.61,4.44,0.54,70.30,7.36,8.56,2.47,0.00,0.00,4.93,1.46,0.80,4.27,2.89,5.11,8.79,19.32,60.75,8.09,4.60,4.49
41.80,41.8,28/11/2025 11:03:20,0.645,5.024,,16.1,749049.0,601253.0,991215.66,109.39,1083.98,1107.78,274.37,2428.12,130.12,17.61,30.24,1549.63,54.83,52.50,45.24,1248.82,54.01,32.55,13.87,77.96,39.97,36.74,21.84,11.97,2.45,1972.80,175.60,3.82,0.44,51.23,5.02,7.51,1.96,0.00,0.00,3.99,1.20,2.01,3.13,1.88,3.82,8.76,17.33,55.35,7.49,3.93,3.91,16436.41,181.40,1797.53,2093.11,518.42,5194.57,278.37,40.35,69.29,3869.27,136.89,63.24,54.50,1747.36,75.57,54.31,23.14,139.17,71.35,53.70,31.92,17.20,3.52,2820.59,251.06,4.86,0.56,64.12,6.28,9.34,2.44,0.00,0.00,4.72,1.42,2.72,4.23,2.51,5.09,9.78,19.35,59.62,8.07,4.46,4.44
41.90,41.9,28/11/2025 11:03:53,0.355,4.760,,16.1,746535.0,600450.0,990863.29,141.79,1072.46,1235.33,288.64,2332.75,126.13,41.86,32.33,1613.25,56.31,86.08,55.02,1369.25,54.61,24.52,12.79,85.44,39.90,62.97,25.94,26.06,5.07,1995.65,177.71,3.65,0.45,36.81,2.86,6.23,1.98,0.00,0.00,4.52,1.23,1.65,3.13,3.75,3.86,15.20,17.24,46.83,7.27,3.10,3.91,17021.57,235.13,1778.44,2334.10,545.37,4990.53,269.83,95.91,74.09,4028.14,140.60,103.70,66.28,1915.86,76.41,40.92,21.34,152.53,71.23,92.03,37.91,37.44,7.28,2853.27,254.08,4.65,0.57,46.08,3.58,7.76,2.47,0.00,0.00,5.34,1.45,2.24,4.23,5.00,5.14,16.98,19.25,50.45,7.83,3.52,4.43
42.00,42.0,28/11/2025 11:04:37,0.142,4.631,,16.1,738058.0,599471.0,991160.35,111.36,1033.63,1272.48,288.78,2317.64,124.37,36.24,31.19,1477.09,52.55,24.12,28.80,1260.71,53.59,18.80,12.70,96.12,39.67,55.42,24.45,41.60,7.71,1966.74,174.91,3.66,0.43,71.40,9.02,9.27,2.01,0.00,0.00,3.87,1.21,1.89,3.13,2.22,3.84,14.71,17.05,51.76,7.33,2.52,3.84,16457.83,184.67,1714.04,2404.31,545.64,4958.21,266.06,83.05,71.48,3688.16,131.21,29.05,34.69,1764.00,74.98,31.38,21.18,171.59,70.81,80.99,35.74,59.77,11.08,2811.94,250.08,4.65,0.55,89.38,11.28,11.53,2.50,0.00,0.00,4.58,1.44,2.56,4.23,2.96,5.12,16.43,19.04,55.76,7.89,2.86,4.36
42.10,42.1,28/11/2025 11:05:10,-0.500,8.926,1181250.745,16.1,733361.0,599693.0,992001.51,123.44,1058.11,962.64,249.23,2108.72,116.14,40.22,30.41,1224.82,44.56,57.44,45.84,1240.44,53.03,9.43,12.60,134.44,40.06,65.08,26.03,39.97,7.40,1823.84,161.46,3.35,0.43,71.24,9.04,7.68,1.97,0.00,0.00,2.58,1.18,6.49,3.18,1.67,3.79,18.47,16.93,51.34,7.42,5.18,3.87,14704.83,204.70,1754.64,1818.87,470.90,4511.25,248.47,92.17,69.69,3058.25,111.25,69.19,55.22,1735.63,74.20,15.74,21.03,240.00,71.52,95.12,38.04,57.43,10.63,2607.62,230.85,4.26,0.55,89.18,11.32,9.56,2.45,0.00,0.00,3.05,1.39,8.77,4.30,2.22,5.05,20.63,18.90,55.31,8.00,5.87,4.39
42.20,42.2,28/11/2025 11:05:43,-0.500,8.332,,16.2,732076.0,599183.0,992447.24,150.45,1048.77,752.95,216.62,1903.66,107.41,35.31,30.05,1263.12,45.80,21.89,26.85,1196.63,52.60,23.85,12.56,89.48,39.18,57.19,24.63,73.76,19.04,1832.98,162.35,3.95,0.45,71.68,9.16,6.65,1.95,0.00,0.00,3.48,1.20,1.34,3.07,2.03,3.75,9.29,16.88,51.26,7.31,1.82,3.82,13869.33,249.49,1739.16,1422.68,409.29,4072.57,229.79,80.90,68.87,3153.90,114.36,26.36,32.34,1674.33,73.59,39.79,20.96,159.74,69.95,83.59,36.01,105.98,27.35,2620.69,232.12,5.03,0.57,89.72,11.47,8.27,2.43,0.00,0.00,4.12,1.42,1.81,4.14,2.71,5.01,10.37,18.85,55.22,7.87,2.06,4.33
42.30,42.3,28/11/2025 11:05:43,-0.560,9.061,,16.1,730260.0,600026.0,992178.05,131.34,997.33,1015.30,251.69,1861.43,105.86,11.72,6.53,1354.77,48.56,18.19,23.35,1282.01,53.11,21.61,12.64,40.40,38.94,69.72,27.00,50.34,9.10,1842.05,163.17,3.87,0.45,38.19,3.06,6.63,1.91,0.00,0.00,3.49,1.18,2.44,3.12,3.30,3.79,13.23,17.05,49.38,7.26,2.57,3.84,14403.40,217.80,1653.85,1918.37,475.56,3982.22,226.46,26.86,14.96,3382.72,121.26,21.91,28.13,1793.80,74.32,36.06,21.10,72.11,69.52,101.90,39.46,72.33,13.07,2633.66,233.29,4.93,0.57,47.80,3.83,8.25,2.38,0.00,0.00,4.12,1.40,3.29,4.22,4.40,5.05,14.77,19.03,53.19,7.82,2.91,4.35
42.40,42.4,28/11/2025 11:06:49,-0.226,5.229,,16.1,733720.0,601953.0,991666.98,103.09,1020.46,1055.05,257.27,1954.66,109.49,27.51,29.17,1391.64,49.60,22.45,27.26,1268.57,53.48,17.19,12.60,111.86,39.96,66.32,26.38,78.47,13.59,2083.54,185.99,3.49,0.43,64.49,7.51,7.23,1.90,0.00,0.00,3.00,1.20,3.70,3.14,1.95,3.83,11.05,17.03,54.63,7.50,3.11,3.90,15283.00,170.96,1692.20,1993.49,486.10,4181.68,234.24,63.03,66.84,3474.79,123.84,27.05,32.84,1775.00,74.82,28.69,21.03,199.69,71.34,96.93,38.56,112.75,19.53,2978.94,265.91,4.44,0.55,80.72,9.40,8.99,2.37,0.00,0.00,3.55,1.42,5.00,4.24,2.60,5.11,12.34,19.02,58.84,8.07,3.53,4.42
42.50,42.5,28/11/2025 11:07:33,-0.765,8.926,,16.1,734957.0,603587.0,991762.13,188.03,999.60,1045.00,256.89,1969.83,110.21,13.72,27.67,1319.49,47.20,13.79,21.64,1265.84,53.53,26.35,12.76,89.29,39.64,55.46,24.45,5.77,1.20,2103.58,187.97,3.58,0.43,58.24,6.29,6.46,1.92,0.00,0.00,4.46,1.23,1.45,3.09,1.94,3.84,8.85,17.08,52.73,7.43,3.99,3.92,15081.13,311.81,1657.60,1974.49,485.38,4214.13,235.77,31.44,63.40,3294.65,117.87,16.61,26.06,1771.18,74.90,43.96,21.29,159.40,70.77,81.06,35.73,8.29,1.73,3007.58,268.74,4.55,0.55,72.90,7.87,8.04,2.39,0.00,0.00,5.27,1.45,1.96,4.17,2.59,5.12,9.89,19.07,56.81,8.00,4.53,4.45
42.60,42.6,28/11/2025 11:08:06,-0.350,14.218,1181246.184,16.1,740860.0,606892.0,991778.77,124.76,1043.63,952.14,245.08,1791.19,103.01,30.49,29.67,1464.46,51.77,67.40,49.81,1304.55,54.04,28.67,12.81,121.40,40.29,62.34,25.72,23.50,4.59,2148.74,192.31,3.16,0.42,14.87,0.76,7.71,1.99,0.00,0.00,3.78,1.22,2.48,3.19,2.67,3.84,9.64,17.14,54.08,7.46,3.21,3.85,15048.71,206.88,1730.63,1799.04,463.08,3831.95,220.36,69.86,67.98,3656.60,129.25,81.19,60.00,1825.34,75.61,47.83,21.37,216.73,71.93,91.11,37.59,33.76,6.60,3072.15,274.95,4.02,0.54,18.62,0.95,9.60,2.47,0.00,0.00,4.47,1.44,3.34,4.31,3.56,5.12,10.76,19.14,58.26,8.04,3.64,4.37
42.70,42.7,28/11/2025 11:08:38,0.416,15.471,,16.0,750145.0,611644.0,991614.58,94.75,1035.80,935.92,243.82,1921.04,108.70,9.73,5.56,1477.65,52.27,93.85,57.34,1355.96,55.02,16.93,12.90,66.87,40.05,61.45,25.80,15.45,3.15,2231.44,200.35,3.35,0.44,7.58,0.35,6.59,1.99,0.00,0.00,5.97,1.43,5.68,3.23,1.80,3.88,17.33,17.43,51.92,7.37,4.13,3.98,15326.55,157.13,1717.64,1768.39,460.69,4109.74,232.54,22.30,12.73,3689.56,130.52,113.06,69.08,1897.27,76.99,28.24,21.52,119.38,71.50,89.82,37.71,22.20,4.53,3190.39,286.45,4.27,0.56,9.48,0.44,8.21,2.48,0.00,0.00,7.07,1.70,7.68,4.36,2.40,5.17,19.35,19.46,55.93,7.94,4.68,4.52
42.80,42.8,28/11/2025 11:09:12,-0.590,16.334,,16.0,756762.0,614990.0,991392.89,79.86,1051.09,1024.81,255.02,1976.65,110.73,21.69,28.98,1555.86,54.58,89.49,57.06,1351.12,55.04,40.56,16.31,86.91,40.64,72.53,27.97,71.97,12.83,2114.02,189.15,3.22,0.43,24.50,1.51,5.87,1.94,0.00,0.00,6.35,1.48,3.37,3.19,2.76,3.96,14.79,17.56,57.36,7.63,3.41,3.93,15825.07,132.42,1743.00,1936.35,481.86,4228.72,236.88,49.70,66.39,3884.84,136.28,107.80,68.73,1890.49,77.01,67.68,27.21,155.15,72.55,106.00,40.88,103.41,18.44,3022.51,270.44,4.10,0.55,30.67,1.90,7.31,2.41,0.00,0.00,7.51,1.76,4.55,4.31,3.68,5.29,16.52,19.61,61.79,8.22,3.86,4.45
42.90,42.9,28/11/2025 11:09:46,-1.176,15.672,,15.9,774866.0,626343.0,990843.58,41.85,1071.50,811.91,230.21,2141.21,119.04,11.80,29.07,1695.58,58.65,109.86,62.01,1494.80,57.18,25.61,13.34,101.59,41.61,61.43,26.17,52.51,9.82,2485.15,224.71,3.72,0.46,14.92,0.77,7.89,2.05,0.00,0.00,6.76,1.56,10.94,3.35,2.65,4.02,13.22,17.88,59.09,7.74,3.90,4.03,16753.71,69.40,1776.85,1534.08,434.97,4580.77,254.67,27.04,66.62,4233.70,146.45,132.34,74.69,2091.53,80.01,42.72,22.25,181.36,74.28,89.78,38.25,75.45,14.11,3553.13,321.27,4.74,0.58,18.68,0.96,9.83,2.56,0.00,0.00,7.99,1.85,14.78,4.53,3.53,5.36,14.76,19.97,63.66,8.33,4.42,4.57
43.00,43.0,28/11/2025 11:10:29,-0.058,16.401,,15.8,795678.0,634641.0,990033.74,22.91,1113.30,770.68,228.62,2284.84,124.88,24.91,30.12,1950.81,66.12,118.97,66.25,1588.46,59.10,77.65,24.63,102.52,42.27,52.12,24.98,62.96,11.73,2796.88,254.78,3.79,0.47,5.38,0.25,7.76,2.12,0.00,0.00,14.97,2.27,7.55,3.43,1.88,4.14,9.24,18.23,55.65,7.81,6.33,4.22,18283.26,37.99,1846.15,1456.17,431.98,4888.04,267.17,57.07,69.02,4870.97,165.09,143.31,79.80,2222.59,82.69,129.56,41.10,183.01,75.46,76.17,36.51,90.46,16.86,3998.82,364.27,4.83,0.60,6.73,0.31,9.66,2.64,0.00,0.00,17.70,2.68,10.20,4.63,2.51,5.52,10.31,20.35,59.94,8.41,7.19,4.79
43.10,43.1,28/11/2025 11:11:02,0.321,9.726,1181252.530,15.8,799213.0,635842.0,990187.41,75.39,1139.64,998.74,261.09,2258.68,124.09,26.09,30.52,1921.74,65.38,65.92,54.08,1607.99,59.27,23.08,13.66,80.01,42.42,53.26,25.25,43.41,8.47,2540.54,230.24,3.66,0.47,5.16,0.24,6.73,2.09,0.00,0.00,15.82,2.31,8.89,3.39,2.74,4.09,13.75,18.39,57.77,7.78,3.20,4.11,18120.66,125.02,1889.83,1887.08,493.31,4832.08,265.48,59.78,69.93,4798.40,163.25,79.41,65.15,2249.91,82.93,38.52,22.79,142.84,75.73,77.84,36.91,62.38,12.17,3632.33,329.19,4.66,0.60,6.46,0.30,8.38,2.60,0.00,0.00,18.71,2.74,12.01,4.57,3.65,5.45,15.35,20.53,62.24,8.38,3.63,4.66
43.20,43.2,28/11/2025 11:11:35,0.042,4.897,,15.8,811732.0,643840.0,989180.72,73.62,1099.87,1150.30,282.37,2426.62,131.00,23.86,30.31,2139.01,71.64,125.41,69.51,1601.98,60.07,41.83,17.45,80.26,42.81,74.68,29.21,115.19,20.38,2853.30,260.30,3.78,0.48,5.36,0.25,7.10,2.11,0.00,0.00,17.24,2.46,11.37,3.54,2.50,4.23,9.08,18.55,53.19,7.78,3.62,4.24,19973.19,122.08,1823.89,2173.44,533.52,5191.35,280.25,54.67,69.45,5340.90,178.87,151.07,83.73,2241.50,84.05,69.79,29.12,143.28,76.42,109.15,42.69,165.52,29.29,4079.48,372.16,4.81,0.61,6.71,0.31,8.83,2.63,0.00,0.00,20.39,2.91,15.36,4.78,3.33,5.63,10.14,20.72,57.30,8.38,4.10,4.81
43.30,43.3,28/11/2025 11:12:08,0.384,11.971,,15.7,822173.0,651146.0,989300.27,139.28,1142.29,1115.59,280.07,2566.71,136.96,25.13,30.44,2081.93,69.91,187.68,78.58,1666.14,60.74,31.87,14.63,110.27,43.60,63.27,27.25,34.28,6.97,2570.30,233.20,3.89,0.49,5.31,0.24,6.27,2.01,0.00,0.00,14.62,2.29,4.66,3.46,2.74,4.25,13.85,18.72,50.96,7.77,4.97,4.24,19832.48,230.96,1894.23,2107.86,529.18,5491.06,293.00,57.59,69.74,5198.38,174.56,226.08,94.66,2331.27,84.98,53.18,24.41,196.84,77.84,92.47,39.83,49.26,10.02,3674.87,333.41,4.95,0.62,6.65,0.31,7.80,2.50,0.00,0.00,17.29,2.71,6.30,4.67,3.65,5.67,15.46,20.90,54.90,8.37,5.64,4.81
43.40,43.4,28/11/2025 11:12:41,0.521,10.055,,15.6,833207.0,664890.0,988794.02,50.19,1130.74,1342.40,307.86,2526.12,135.65,30.76,32.28,2315.00,78.19,0.14,25.90,1670.64,61.52,90.05,27.78,90.04,44.42,19.48,22.21,79.91,21.55,2891.46,264.29,4.49,0.52,5.37,0.25,6.59,2.14,0.03,0.17,17.47,2.50,5.12,3.56,1.21,4.34,0.00,0.00,53.36,7.83,6.16,4.35,20915.05,83.23,1875.08,2536.42,581.69,5404.21,290.19,70.48,73.96,5780.33,195.24,0.16,31.20,2337.58,86.08,150.24,46.36,160.74,79.30,28.48,32.47,114.82,30.97,4134.04,377.86,5.71,0.66,6.72,0.31,8.20,2.67,0.04,0.23,20.66,2.95,6.91,4.81,1.62,5.79,0.00,0.00,57.48,8.43,6.99,4.93
43.50,43.5,28/11/2025 11:13:24,0.870,17.195,,15.6,834309.0,661644.0,988632.96,146.73,1136.95,1001.10,262.97,2733.40,144.05,27.48,31.85,2235.78,75.92,70.00,59.85,1772.23,62.44,86.46,27.28,55.89,43.99,40.46,24.28,63.28,12.14,3028.17,277.35,4.27,0.51,5.40,0.25,8.75,2.20,0.10,0.17,19.36,2.60,10.44,3.62,1.15,4.39,0.00,0.00,53.10,7.79,3.51,4.27,21038.54,243.33,1885.37,1891.53,496.88,5847.65,308.17,62.96,72.98,5582.53,189.56,84.32,72.10,2479.72,87.36,144.25,45.52,99.77,78.53,59.13,35.48,90.92,17.45,4329.50,396.54,5.43,0.64,6.76,0.31,10.89,2.74,0.13,0.23,22.89,3.07,14.11,4.88,1.53,5.85,0.00,0.00,57.20,8.39,3.98,4.84
43.60,43.6,28/11/2025 11:13:58,0.505,29.361,1181243.604,15.7,830397.0,650530.0,988239.76,114.79,1180.36,936.36,259.69,2735.79,144.46,20.53,30.80,2157.20,72.09,352.08,96.06,1803.79,62.70,126.48,32.07,114.65,44.10,75.32,29.66,74.16,13.83,3118.02,285.84,3.67,0.49,5.39,0.25,8.21,2.20,0.00,0.00,24.37,2.88,13.17,3.60,2.46,4.34,11.61,18.97,55.30,8.00,6.88,4.40,21435.89,190.36,1957.37,1769.22,490.68,5852.77,309.05,47.03,70.57,5386.31,180.01,424.12,115.72,2523.88,87.72,211.04,53.51,204.67,78.72,110.08,43.34,106.56,19.88,4457.97,408.68,4.67,0.62,6.75,0.31,10.21,2.74,0.00,0.00,28.82,3.40,17.80,4.86,3.29,5.79,12.96,21.18,59.57,8.62,7.81,4.99
43.70,43.7,28/11/2025 11:14:31,2.124,32.604,,15.7,832041.0,642883.0,989011.42,36.12,1226.12,944.07,261.27,2502.84,134.63,33.81,31.45,2242.90,75.75,73.01,60.97,1792.01,62.81,133.82,33.46,42.08,43.99,32.21,23.33,84.09,21.60,2932.60,268.16,4.14,0.50,5.37,0.25,8.36,2.14,0.05,0.18,31.41,3.17,22.06,3.70,0.43,4.16,0.00,0.00,59.88,8.06,7.31,4.34,20293.17,59.90,2033.25,1783.79,493.66,5354.42,288.02,77.46,72.07,5600.30,189.15,87.95,73.44,2507.39,87.88,223.27,55.83,75.13,78.54,47.08,34.10,120.82,31.04,4192.87,383.40,5.27,0.63,6.72,0.31,10.40,2.66,0.07,0.23,37.15,3.75,29.80,4.99,0.58,5.55,0.00,0.00,64.51,8.69,8.29,4.92
43.80,43.8,28/11/2025 11:15:04,2.124,40.741,,15.7,830331.0,638009.0,988239.76,104.86,1166.33,1042.18,273.47,2668.21,141.28,21.18,31.31,2208.49,73.86,216.72,83.19,1885.60,63.43,107.11,30.07,97.92,44.18,53.73,25.99,92.46,16.91,3123.66,286.41,3.90,0.49,11.77,0.57,6.43,2.10,0.00,0.00,33.26,3.29,13.96,3.62,2.01,4.27,7.64,19.12,53.73,7.95,5.44,4.44,21505.62,173.88,1934.10,1969.16,516.72,5708.19,302.24,48.54,71.75,5514.38,184.41,261.06,100.21,2638.34,88.75,178.71,50.18,174.80,78.87,78.53,37.99,132.85,24.30,4466.03,409.49,4.96,0.62,14.73,0.72,8.00,2.62,0.00,0.00,39.33,3.89,18.86,4.89,2.68,5.69,8.53,21.34,57.87,8.56,6.18,5.03
43.90,43.9,28/11/2025 11:15:04,1.133,47.484,,15.8,825909.0,634270.0,988396.40,61.53,1183.64,1313.52,308.80,2817.55,146.88,33.35,31.95,2121.13,72.68,86.75,64.61,1879.83,63.13,229.08,41.17,73.97,43.94,14.00,21.81,7.57,1.71,2828.72,258.03,3.53,0.47,15.14,0.78,7.01,2.18,0.00,0.00,32.30,3.18,13.66,3.54,1.96,4.12,0.00,0.00,56.82,7.98,6.17,4.26,21468.62,102.04,1962.80,2481.85,583.47,6027.67,314.23,76.43,73.21,5296.26,181.48,104.50,77.83,2630.27,88.33,382.21,68.70,132.06,78.44,20.46,31.88,10.88,2.45,4044.34,368.92,4.49,0.60,18.95,0.98,8.73,2.71,0.00,0.00,38.20,3.76,18.45,4.78,2.62,5.50,0.00,0.00,61.20,8.60,7.00,4.83
44.00,44.0,28/11/2025 11:16:21,-1.066,53.174,,15.8,817526.0,619681.0,988683.73,98.49,1149.84,876.56,246.59,2659.86,140.57,26.56,31.34,2245.63,75.80,248.83,87.81,1886.60,63.15,150.77,34.82,60.66,43.75,24.23,22.37,85.78,21.57,2786.79,253.88,3.72,0.47,35.23,2.59,7.93,2.14,0.00,0.00,35.49,3.32,17.84,3.53,1.94,4.07,0.60,19.20,54.84,7.89,7.92,4.34,20816.33,163.32,1906.75,1656.24,465.93,5690.33,300.72,60.85,71.82,5607.12,189.25,299.74,105.78,2639.74,88.36,251.56,58.10,108.29,78.09,35.41,32.69,123.25,30.99,3984.39,362.99,4.74,0.60,44.10,3.25,9.87,2.66,0.00,0.00,41.97,3.93,24.10,4.77,2.59,5.43,0.67,21.44,59.07,8.50,8.99,4.93
44.10,44.1,28/11/2025 11:16:54,-1.093,54.024,1181247.310,16.0,795787.0,599545.0,988364.93,13.13,1089.68,1201.80,287.34,2854.27,147.20,15.89,29.82,1922.80,65.31,393.89,96.90,2024.81,63.65,142.63,33.08,90.09,42.80,67.14,27.76,58.47,10.96,2686.25,243.84,3.42,0.45,22.37,1.29,8.10,2.07,0.00,0.00,41.00,3.52,17.60,3.47,1.11,3.89,6.47,18.57,55.17,7.83,8.67,4.23,21158.09,21.77,1806.98,2270.76,542.91,6106.24,314.91,36.42,68.33,4801.05,163.07,474.49,116.73,2833.12,89.06,237.98,55.19,160.82,76.40,98.13,40.57,84.01,15.75,3840.65,348.63,4.35,0.57,28.00,1.62,10.08,2.57,0.00,0.00,48.49,4.16,23.78,4.69,1.47,5.19,7.22,20.73,59.43,8.43,9.83,4.80
44.20,44.2,28/11/2025 11:17:28,-1.051,57.002,,16.0,797259.0,597047.0,986867.94,49.92,1087.45,1157.91,278.58,3067.92,154.92,11.51,29.40,1926.34,65.49,637.14,121.97,2133.14,64.80,359.94,49.14,136.94,43.55,69.18,28.23,100.80,17.74,3291.90,302.01,4.15,0.50,50.82,4.67,8.75,2.22,0.00,0.00,41.07,3.63,25.83,3.66,0.06,4.01,0.00,0.00,50.84,8.00,7.91,4.42,23446.95,82.78,1803.30,2187.82,526.36,6563.31,331.42,26.36,67.37,4809.88,163.53,767.50,146.93,2984.70,90.67,600.56,82.00,244.45,77.74,101.11,41.25,144.83,25.49,4706.57,431.80,5.28,0.63,63.62,5.84,10.90,2.76,0.00,0.00,48.56,4.29,34.90,4.94,0.07,5.34,0.00,0.00,54.77,8.62,8.98,5.01
44.30,44.3,28/11/2025 11:18:01,-1.169,58.922,,16.0,799117.0,598406.0,987640.43,50.52,1094.61,1054.49,267.01,2893.12,148.89,22.29,30.44,1939.00,65.80,638.83,122.38,2057.05,64.07,200.61,38.39,137.57,43.76,66.13,27.64,99.93,17.68,2969.91,271.00,4.07,0.49,73.33,8.99,11.36,2.26,0.00,0.00,46.74,3.84,20.76,3.60,0.00,0.00,3.56,18.69,58.84,8.07,11.45,4.51,22147.43,83.78,1815.17,1992.42,504.51,6189.35,318.53,51.08,69.74,4841.49,164.31,769.54,147.42,2878.23,89.65,334.71,64.05,245.59,78.12,96.65,40.39,143.59,25.40,4246.21,387.46,5.19,0.62,91.80,11.25,14.14,2.82,0.00,0.00,55.27,4.54,28.04,4.86,0.00,0.00,3.98,20.86,63.38,8.70,12.99,5.12
44.40,44.4,28/11/2025 11:18:34,-0.561,60.443,,16.0,798414.0,595018.0,987031.31,80.46,1136.77,1165.68,284.07,3056.02,154.76,13.26,29.72,1923.14,65.43,755.42,135.72,2169.63,65.24,245.25,41.62,145.89,43.87,61.50,26.82,112.56,19.66,3038.08,277.48,3.79,0.48,46.76,4.07,11.08,2.32,0.00,0.00,47.35,3.88,26.19,3.60,0.00,0.00,0.00,0.00,56.29,8.03,10.35,4.50,23157.62,133.43,1885.07,2202.52,536.75,6537.84,331.09,30.38,68.11,4801.89,163.38,909.99,163.49,3035.76,91.28,409.20,69.44,260.44,78.31,89.88,39.20,161.73,28.24,4343.67,396.73,4.82,0.61,58.53,5.10,13.79,2.89,0.00,0.00,56.00,4.59,35.37,4.86,0.00,0.00,0.00,0.00,60.64,8.65,11.75,5.11
44.50,44.5,28/11/2025 11:19:18,-1.029,60.704,,16.1,772232.0,577291.0,987384.70,200.97,1055.92,975.22,251.89,3052.61,153.73,27.34,29.56,1587.20,55.47,832.24,142.47,2145.67,63.71,272.49,42.56,122.18,42.48,49.59,24.53,64.83,11.75,3099.81,283.24,3.54,0.46,42.23,3.43,10.46,2.25,0.00,0.00,41.74,3.55,18.66,3.48,0.00,0.00,2.13,18.31,55.75,7.87,10.64,4.36,22226.73,333.26,1751.01,1842.64,475.93,6530.56,328.88,62.64,67.74,3963.08,138.49,1002.52,171.62,3002.24,89.15,454.64,71.01,218.12,75.83,72.48,35.85,93.15,16.88,4431.94,404.96,4.50,0.59,52.86,4.29,13.02,2.80,0.00,0.00,49.36,4.20,25.21,4.71,0.00,0.00,2.38,20.44,60.05,8.48,12.08,4.94
44.60,44.6,28/11/2025 11:19:51,-1.089,56.807,1181251.872,16.2,754268.0,566425.0,988472.81,74.12,1045.11,943.09,246.53,2755.28,142.08,18.02,28.60,1456.57,51.50,699.54,125.65,2069.91,62.40,238.24,39.00,112.06,40.93,66.97,27.04,55.10,10.00,2857.72,259.84,3.05,0.44,41.61,3.37,6.71,2.02,0.00,0.00,32.95,3.16,20.27,3.40,0.00,0.00,10.09,17.69,57.32,7.77,8.56,4.18,20290.22,122.92,1733.08,1781.94,465.81,5894.47,303.96,41.30,65.54,3636.90,128.60,842.67,151.35,2896.22,87.31,397.51,65.07,200.06,73.08,97.88,39.52,79.16,14.37,4085.80,371.51,3.88,0.56,52.09,4.22,8.36,2.51,0.00,0.00,38.97,3.74,27.39,4.59,0.00,0.00,11.27,19.75,61.75,8.37,9.71,4.74
44.70,44.7,28/11/2025 11:20:24,0.304,59.649,,16.3,746149.0,563452.0,989327.99,21.63,1014.54,928.08,244.86,2478.58,131.22,25.51,28.79,1407.63,49.96,652.71,119.47,1958.34,60.69,202.62,36.37,110.47,40.69,53.26,24.51,51.54,9.39,2636.81,238.57,3.52,0.44,12.23,0.59,9.43,2.06,0.00,0.00,31.20,3.05,19.11,3.33,0.23,3.69,7.07,17.56,54.68,7.59,7.35,4.10,18818.33,35.87,1682.39,1753.57,462.66,5302.51,280.73,58.46,65.96,3514.72,124.75,786.26,143.91,2740.12,84.92,338.06,60.68,197.22,72.64,77.85,35.82,74.06,13.49,3769.97,341.10,4.48,0.56,15.30,0.73,11.74,2.56,0.00,0.00,36.90,3.60,25.81,4.49,0.30,4.92,7.90,19.61,58.90,8.18,8.34,4.65
44.80,44.8,28/11/2025 11:20:57,0.814,61.566,,16.3,745252.0,565437.0,988651.76,113.08,1000.49,1010.44,252.30,2725.13,140.46,33.71,30.01,1480.63,52.11,532.25,105.61,2056.97,61.72,193.56,35.84,90.53,40.49,64.46,26.45,54.00,9.77,2840.50,258.15,3.31,0.44,28.47,1.84,7.88,2.07,0.00,0.00,33.40,3.16,15.71,3.29,0.00,0.00,5.29,17.59,53.20,7.52,5.71,4.17,20117.82,187.52,1659.09,1909.19,476.72,5829.97,300.50,77.25,68.77,3696.99,130.11,641.15,127.21,2878.12,86.36,322.96,59.80,161.62,72.28,94.21,38.66,77.59,14.03,4061.18,369.08,4.21,0.56,35.64,2.30,9.80,2.57,0.00,0.00,39.49,3.74,21.23,4.44,0.00,0.00,5.90,19.64,57.31,8.10,6.48,4.73
44.90,44.9,28/11/2025 11:21:30,0.871,60.644,,16.3,736952.0,555161.0,988645.46,127.67,1034.05,874.28,236.74,3028.09,151.66,15.99,27.43,1364.09,48.64,734.89,128.80,2011.26,61.29,199.03,35.93,120.10,40.61,67.91,27.00,49.06,8.91,2615.37,236.37,3.40,0.43,14.44,0.72,8.54,2.07,0.00,0.00,33.64,3.13,19.22,3.29,0.56,3.64,3.40,17.43,55.73,7.64,7.88,4.08,20111.60,211.72,1714.74,1651.92,447.31,6478.11,324.44,36.63,62.85,3405.99,121.46,885.25,155.15,2814.16,85.76,332.07,59.96,214.41,72.49,99.26,39.46,70.49,12.80,3739.30,337.94,4.33,0.55,18.07,0.90,10.63,2.58,0.00,0.00,39.78,3.71,25.96,4.45,0.75,4.85,3.80,19.46,60.03,8.23,8.94,4.63
45.00,45.0,28/11/2025 11:22:13,-0.027,58.986,,16.4,724153.0,550488.0,990066.12,85.27,1031.50,824.91,224.38,2311.92,123.25,27.25,28.24,1302.10,46.63,673.37,120.72,1829.85,58.85,216.87,36.62,113.42,39.72,63.87,25.96,17.23,3.38,2307.07,206.84,3.11,0.42,39.76,3.18,7.57,1.96,0.00,0.00,28.29,2.83,18.20,3.21,0.13,3.57,8.10,17.10,47.74,7.27,7.85,3.93,17502.84,141.39,1710.52,1558.64,423.96,4945.97,263.66,62.45,64.71,3251.22,116.43,811.15,145.41,2560.34,82.34,361.85,61.10,202.47,70.91,93.35,37.94,24.75,4.86,3298.52,295.72,3.95,0.54,49.77,3.98,9.42,2.43,0.00,0.00,33.46,3.34,24.59,4.33,0.17,4.76,9.05,19.10,51.43,7.83,8.90,4.46
45.10,45.1,28/11/2025 11:22:47,-0.754,55.753,1181251.471,16.4,720852.0,551733.0,990790.30,147.80,1032.56,828.88,226.97,2241.32,121.14,28.09,28.58,1258.76,45.55,501.19,101.73,1561.66,56.35,158.69,31.94,105.95,39.38,82.26,29.53,43.29,7.87,2098.72,187.07,3.27,0.42,15.56,0.80,7.79,1.99,0.00,0.00,32.21,2.99,21.37,3.19,0.32,3.47,13.38,16.97,51.48,7.26,7.73,3.90,16419.18,245.09,1712.26,1566.14,428.86,4794.93,259.16,64.37,65.48,3143.00,113.73,603.73,122.54,2185.08,78.84,264.78,53.30,189.14,70.31,120.22,43.16,62.21,11.31,3000.63,267.46,4.16,0.54,19.48,1.00,9.70,2.48,0.00,0.00,38.09,3.54,28.86,4.31,0.42,4.63,14.93,18.95,55.45,7.82,8.77,4.42
45.20,45.2,28/11/2025 11:23:20,-0.444,54.034,,16.4,724930.0,554251.0,990623.06,76.77,986.11,833.78,225.32,2334.08,124.78,28.45,29.32,1272.32,46.07,488.71,100.50,1727.12,58.04,125.08,29.22,114.08,40.10,54.84,24.39,19.14,3.76,2138.33,190.90,3.55,0.43,28.26,1.85,8.27,2.03,0.00,0.00,30.13,2.91,17.33,3.18,0.60,3.53,13.82,17.19,53.35,7.39,8.94,3.95,16713.76,127.30,1635.25,1575.40,425.72,4993.38,266.95,65.19,67.19,3176.86,115.02,588.71,121.07,2416.60,81.21,208.70,48.75,203.65,71.59,80.14,35.65,27.50,5.40,3057.27,272.94,4.51,0.55,35.37,2.31,10.30,2.53,0.00,0.00,35.63,3.44,23.40,4.29,0.81,4.70,15.43,19.19,57.47,7.96,10.14,4.48
45.30,45.3,28/11/2025 11:23:53,-0.320,54.362,,16.4,726748.0,554976.0,990055.91,142.95,1022.51,837.55,229.62,2642.22,137.13,11.50,27.96,1334.31,47.86,548.40,106.61,1721.78,57.93,205.56,36.33,95.89,39.78,77.19,28.62,42.48,7.77,2151.02,192.01,3.38,0.43,15.97,0.82,7.38,2.00,0.00,0.00,30.73,2.95,16.71,3.20,0.00,0.00,0.00,0.00,51.50,7.29,7.58,3.98,17819.75,237.04,1695.61,1582.52,433.86,5652.59,293.38,26.35,64.06,3331.64,119.49,660.61,128.43,2409.13,81.06,342.97,60.62,171.18,71.02,112.81,41.84,61.03,11.17,3075.41,274.53,4.31,0.55,19.99,1.03,9.18,2.49,0.00,0.00,36.34,3.49,22.57,4.32,0.00,0.00,0.00,0.00,55.48,7.85,8.60,4.51
45.40,45.4,28/11/2025 11:24:26,-0.220,53.105,,16.3,725696.0,557568.0,990546.24,64.99,1053.97,824.92,227.92,2298.61,122.72,17.30,27.27,1269.03,45.88,608.90,113.51,1625.14,57.27,166.69,33.16,96.89,39.73,63.53,25.91,16.96,3.34,2235.63,200.13,3.15,0.42,33.76,2.44,8.85,1.98,0.00,0.00,33.13,3.04,18.63,3.23,0.00,0.00,4.99,17.18,53.75,7.33,8.90,3.96,16759.49,107.77,1747.77,1558.66,430.65,4917.50,262.53,39.63,62.48,3168.64,114.56,733.49,136.74,2273.91,80.14,278.12,55.32,172.96,70.93,92.86,37.87,24.36,4.79,3196.37,286.13,4.01,0.54,42.26,3.06,11.02,2.46,0.00,0.00,39.17,3.59,25.17,4.36,0.00,0.00,5.57,19.18,57.90,7.90,10.09,4.49
45.50,45.5,28/11/2025 11:25:10,0.194,49.272,,16.3,728422.0,559167.0,990975.24,44.01,1083.43,907.26,240.07,2078.63,114.49,13.28,27.65,1363.88,48.54,462.97,97.26,1612.61,56.67,121.51,28.65,105.48,39.77,60.06,25.30,8.23,1.68,2095.97,186.93,3.62,0.43,9.56,0.44,8.82,2.03,0.00,0.00,30.71,2.92,15.72,3.12,0.59,3.52,16.37,17.11,55.59,7.43,9.88,3.97,16146.70,72.98,1796.63,1714.23,453.60,4446.89,244.93,30.43,63.35,3405.49,121.20,557.70,117.16,2256.37,79.30,202.74,47.80,188.31,71.01,87.78,36.97,11.82,2.41,2996.69,267.26,4.61,0.55,11.96,0.55,10.98,2.52,0.00,0.00,36.32,3.45,21.24,4.22,0.79,4.70,18.27,19.11,59.89,8.00,11.21,4.51
45.60,45.6,28/11/2025 11:25:43,-0.030,52.705,1181248.762,16.3,735101.0,563827.0,990474.28,101.44,1041.69,975.39,247.39,2270.40,122.20,34.32,29.72,1472.03,51.74,538.41,106.40,1660.56,57.76,108.94,27.88,71.39,40.07,52.21,24.22,81.49,19.82,2011.92,179.05,3.25,0.43,25.46,1.58,7.72,1.98,0.00,0.00,28.94,2.84,16.78,3.18,0.00,0.00,9.03,17.46,48.08,7.22,7.95,3.88,17147.06,168.21,1727.40,1842.96,467.43,4857.14,261.43,78.65,68.11,3675.52,129.19,648.57,128.17,2323.47,80.82,181.77,46.52,127.44,71.54,76.30,35.40,117.09,28.47,2876.54,255.99,4.14,0.54,31.87,1.98,9.62,2.46,0.00,0.00,34.22,3.35,22.67,4.29,0.00,0.00,10.09,19.50,51.80,7.78,9.02,4.40
45.70,45.7,28/11/2025 11:26:17,-0.611,49.270,,16.3,742874.0,564486.0,989449.89,123.05,991.05,998.88,250.49,2584.18,135.10,13.41,28.33,1373.76,49.26,708.24,126.48,1857.74,60.13,168.01,33.55,119.68,40.85,54.22,24.66,27.96,5.41,2350.26,211.14,3.23,0.43,29.90,2.00,9.20,2.06,0.00,0.00,29.99,2.97,21.45,3.33,0.00,0.00,11.19,17.53,54.97,7.53,10.77,4.11,18708.25,204.06,1643.44,1887.34,473.28,5528.42,289.01,30.73,64.91,3430.16,123.00,853.15,152.36,2599.37,84.14,280.33,55.98,213.65,72.93,79.25,36.04,40.17,7.77,3360.27,301.88,4.11,0.54,37.43,2.50,11.45,2.56,0.00,0.00,35.47,3.51,28.98,4.50,0.00,0.00,12.50,19.57,59.22,8.11,12.21,4.67
45.80,45.8,28/11/2025 11:26:50,-0.226,48.075,,16.3,738846.0,563403.0,989919.57,11.57,1093.53,871.61,239.78,2432.49,129.44,21.67,28.34,1318.42,47.57,581.27,111.08,1841.12,59.65,223.99,38.02,114.16,40.54,67.53,26.94,82.27,19.95,2379.26,213.93,3.19,0.42,21.41,1.22,7.48,2.01,0.00,0.00,27.38,2.83,17.83,3.25,1.55,3.61,0.00,0.00,50.06,7.37,6.17,4.06,17843.68,19.19,1813.38,1646.87,453.06,5203.91,276.91,49.64,64.94,3291.97,118.78,700.19,133.81,2576.10,83.46,373.72,63.44,203.80,72.37,98.69,39.37,118.21,28.66,3401.73,305.87,4.07,0.54,26.80,1.52,9.31,2.50,0.00,0.00,32.39,3.34,24.08,4.40,2.06,4.81,0.00,0.00,53.93,7.94,7.00,4.60
45.90,45.9,28/11/2025 11:27:24,0.747,44.572,,16.3,733206.0,561016.0,990403.47,58.89,985.53,863.44,228.64,2274.29,122.80,14.21,27.94,1383.63,49.17,399.75,91.23,1708.34,57.91,142.70,30.96,112.91,40.08,59.35,25.28,28.55,5.47,2384.40,214.42,2.89,0.42,32.67,2.31,8.32,2.03,0.00,0.00,28.46,2.85,20.63,3.25,0.00,0.00,11.18,17.22,52.65,7.33,9.28,3.95,17126.44,97.66,1634.29,1631.44,432.00,4865.47,262.72,32.56,64.01,3454.79,122.78,481.54,109.89,2390.32,81.02,238.09,51.65,201.57,71.56,86.74,36.95,41.02,7.85,3409.08,306.57,3.67,0.53,40.89,2.90,10.36,2.53,0.00,0.00,33.66,3.37,27.86,4.39,0.00,0.00,12.48,19.23,56.71,7.89,10.53,4.48
46.00,46.0,28/11/2025 11:28:07,0.672,49.265,,16.3,729157.0,560843.0,990707.39,140.68,1046.18,666.50,205.52,2334.59,124.67,20.23,27.53,1366.87,48.65,428.75,94.12,1616.52,57.22,156.29,32.23,101.49,39.87,58.47,25.06,15.90,3.16,2221.06,198.83,3.10,0.42,34.24,2.50,8.21,1.97,0.00,0.00,30.81,2.95,15.75,3.17,0.00,0.00,8.88,17.21,55.80,7.50,8.46,3.98,16644.86,233.28,1734.86,1259.34,388.32,4994.46,266.71,46.35,63.08,3412.95,121.48,516.47,113.38,2261.85,80.06,260.77,53.78,181.18,71.18,85.46,36.63,22.84,4.54,3175.55,284.28,3.95,0.53,42.86,3.13,10.22,2.46,0.00,0.00,36.44,3.48,21.27,4.28,0.00,0.00,9.92,19.21,60.10,8.08,9.60,4.51
46.10,46.1,28/11/2025 11:28:40,0.194,58.395,1181242.879,16.3,733414.0,561612.0,990376.17,133.78,1006.27,833.71,229.02,1941.08,108.91,41.40,30.20,1280.05,46.22,449.27,96.17,1664.93,57.46,169.97,33.31,99.94,39.81,67.82,26.82,14.49,2.90,2757.05,250.26,3.32,0.43,40.58,3.28,8.84,2.06,0.00,0.00,27.47,2.84,13.65,3.20,0.94,3.64,11.03,17.21,56.26,7.52,8.24,4.07,16835.84,221.85,1668.67,1575.27,432.72,4152.62,232.99,94.87,69.20,3196.17,115.41,541.19,115.85,2329.59,80.39,283.59,55.58,178.42,71.07,99.12,39.19,20.82,4.16,3941.87,357.81,4.22,0.55,50.79,4.10,11.01,2.57,0.00,0.00,32.49,3.36,18.43,4.32,1.26,4.86,12.31,19.21,60.61,8.10,9.35,4.62
46.20,46.2,28/11/2025 11:29:14,0.492,57.402,,16.3,732436.0,560927.0,990143.29,83.30,1007.85,910.67,238.75,2115.31,116.28,9.76,27.09,1306.01,46.87,485.18,99.78,1677.18,57.82,209.80,36.65,111.81,40.14,52.38,24.09,9.27,1.88,2728.22,247.40,3.29,0.44,30.03,2.01,7.10,1.99,0.03,0.16,32.67,3.09,19.53,3.27,0.11,3.59,5.23,17.30,52.36,7.37,7.47,4.06,17325.39,138.14,1671.30,1720.67,451.11,4525.35,248.75,22.37,62.07,3260.97,117.03,584.46,120.19,2346.72,80.90,350.04,61.15,199.60,71.66,76.55,35.21,13.31,2.71,3900.66,353.72,4.18,0.55,37.59,2.52,8.84,2.48,0.05,0.21,38.64,3.66,26.38,4.41,0.15,4.79,5.84,19.32,56.40,7.93,8.47,4.60
46.30,46.3,28/11/2025 11:29:47,0.807,57.529,,16.4,718189.0,550728.0,990729.50,69.52,964.13,839.82,228.15,2246.25,120.61,3.48,26.52,1214.76,44.13,618.59,114.06,1544.67,55.95,156.84,32.06,91.75,39.36,63.16,25.71,46.88,8.43,2211.05,197.71,2.98,0.41,36.53,2.78,7.87,1.97,0.00,0.00,28.27,2.82,16.49,3.18,0.82,3.51,8.04,17.04,54.79,7.40,7.94,3.96,16394.66,115.29,1598.80,1586.81,431.09,4805.47,258.01,7.98,60.77,3033.14,110.18,745.16,137.39,2161.31,78.28,261.68,53.49,163.80,70.26,92.31,37.57,67.36,12.11,3161.24,282.67,3.79,0.52,45.72,3.48,9.79,2.45,0.00,0.00,33.43,3.34,22.27,4.29,1.09,4.68,8.98,19.02,59.02,7.97,9.01,4.49
46.40,46.4,28/11/2025 11:30:21,0.271,59.380,,16.4,716018.0,548224.0,990313.18,232.12,956.72,685.67,199.70,2488.37,129.85,9.23,26.62,1206.68,43.90,621.40,114.11,1660.60,57.08,145.48,30.78,131.11,39.82,55.87,24.41,75.95,19.21,2202.95,196.91,3.47,0.43,42.74,3.60,6.91,2.01,0.00,0.00,30.20,2.91,15.79,3.13,0.29,3.54,9.01,16.94,54.24,7.40,8.75,3.96,17129.67,384.91,1586.51,1295.55,377.32,5323.45,277.80,21.15,60.99,3012.96,109.60,748.54,137.46,2323.53,79.86,242.73,51.36,234.06,71.09,81.65,35.67,109.13,27.60,3149.65,281.54,4.41,0.55,53.50,4.51,8.60,2.50,0.00,0.00,35.71,3.44,21.33,4.23,0.38,4.72,10.06,18.92,58.43,7.98,9.93,4.49
46.50,46.5,28/11/2025 11:31:04,0.432,64.805,,16.4,710973.0,546034.0,990599.80,94.45,1049.64,871.49,231.44,2294.46,122.10,25.17,27.39,1221.99,44.13,664.60,118.59,1620.87,56.49,176.61,33.34,121.55,39.56,53.65,24.01,82.02,19.41,2012.09,178.72,3.45,0.43,29.48,1.97,9.13,1.99,0.00,0.00,27.89,2.80,15.96,3.14,0.75,3.44,10.01,16.94,55.94,7.39,8.62,3.95,16663.41,156.62,1740.60,1646.65,437.29,4908.63,261.20,57.68,62.76,3051.18,110.18,800.58,142.85,2267.93,79.04,294.68,55.64,216.99,70.62,78.42,35.09,117.85,27.88,2876.77,255.52,4.39,0.54,36.90,2.46,11.36,2.48,0.00,0.00,32.99,3.31,21.56,4.24,1.01,4.59,11.17,18.91,60.26,7.96,9.78,4.48
46.60,46.6,28/11/2025 11:31:37,0.184,67.786,1181243.539,16.4,708337.0,542960.0,990705.38,67.57,1046.36,749.35,215.49,2361.78,125.33,33.41,29.07,1068.80,39.81,586.80,109.75,1709.76,57.25,214.48,36.35,111.11,39.22,60.07,25.05,65.20,11.25,2093.00,186.31,2.99,0.41,60.22,6.55,7.87,1.94,0.00,0.00,27.43,2.78,18.29,3.18,0.48,3.46,0.05,16.89,50.02,7.29,5.95,3.98,16362.56,112.05,1735.16,1415.86,407.15,5052.64,268.12,76.56,66.60,2668.69,99.41,706.86,132.21,2392.31,80.10,357.86,60.65,198.35,70.01,87.80,36.61,93.69,16.16,2992.46,266.38,3.80,0.52,75.39,8.20,9.79,2.42,0.00,0.00,32.44,3.28,24.71,4.29,0.64,4.61,0.05,18.86,53.88,7.85,6.75,4.51
46.70,46.7,28/11/2025 11:32:10,0.071,61.834,,16.5,704840.0,541033.0,991270.59,0.00,0.00,850.38,221.75,2183.17,117.74,24.56,27.83,1026.32,38.52,588.51,109.43,1586.28,55.81,135.90,29.52,109.00,38.95,43.10,22.21,82.10,19.35,1935.79,171.55,3.12,0.41,37.83,2.96,7.41,1.94,0.00,0.00,27.67,2.79,15.46,3.09,0.06,3.43,10.65,16.75,55.81,7.31,6.28,3.90,15388.01,0.00,0.00,1606.76,418.98,4670.52,251.89,56.27,63.77,2562.63,96.19,708.92,131.82,2219.53,78.09,226.75,49.26,194.59,69.54,63.00,32.46,117.97,27.80,2767.68,245.27,3.98,0.52,47.36,3.71,9.23,2.42,0.00,0.00,32.72,3.30,20.89,4.18,0.08,4.57,11.89,18.70,60.12,7.87,7.12,4.42
46.80,46.8,28/11/2025 11:32:44,0.308,61.042,,16.5,704842.0,541398.0,990943.96,99.45,936.02,968.80,238.59,2129.41,115.33,13.04,26.34,1072.35,39.73,479.04,97.58,1749.03,57.41,165.10,32.50,87.43,38.86,43.94,22.37,47.44,8.48,2033.18,180.72,3.28,0.42,49.85,4.72,8.37,1.93,0.00,0.00,29.96,2.91,14.26,3.05,0.49,3.38,0.00,0.00,53.99,7.27,7.63,3.90,15952.71,164.91,1552.18,1830.51,450.82,4555.52,246.72,29.89,60.36,2677.57,99.20,577.05,117.55,2447.25,80.33,275.47,54.23,156.09,69.38,64.22,32.69,68.16,12.18,2906.93,258.38,4.17,0.54,62.40,5.91,10.41,2.40,0.00,0.00,35.43,3.44,19.27,4.11,0.66,4.51,0.00,0.00,58.15,7.83,8.65,4.42
46.90,46.9,28/11/2025 11:33:17,1.171,62.425,,16.5,702224.0,540448.0,991192.86,75.78,980.14,810.75,219.03,2252.68,120.68,6.67,26.38,981.19,37.22,540.89,104.07,1620.39,55.95,155.69,31.71,115.17,39.29,60.67,25.11,24.16,4.56,1986.84,176.25,3.21,0.42,57.26,6.04,6.48,1.96,0.00,0.00,26.56,2.73,17.27,3.11,0.36,3.41,0.89,16.83,54.24,7.50,9.98,3.96,15500.05,125.67,1625.33,1531.89,413.86,4819.23,258.18,15.28,60.45,2449.93,92.95,651.55,125.37,2267.26,78.28,259.77,52.90,205.60,70.14,88.68,36.70,34.71,6.55,2840.67,251.99,4.09,0.53,71.68,7.57,8.06,2.43,0.00,0.00,31.41,3.23,23.33,4.21,0.49,4.54,1.00,18.79,58.43,8.08,11.32,4.50
47.00,47.0,28/11/2025 11:34:01,1.570,59.649,,16.5,699905.0,539468.0,990787.57,86.20,998.34,689.52,202.67,2591.69,133.92,20.60,27.29,1025.00,38.36,741.60,128.17,1492.23,55.00,149.09,30.64,132.22,39.17,60.08,24.88,78.93,19.03,1970.15,174.63,3.07,0.41,47.00,4.26,9.33,2.00,0.00,0.00,27.71,2.81,18.17,3.10,0.87,3.45,8.97,16.64,53.73,7.32,6.25,3.90,16288.73,142.95,1655.52,1302.83,382.94,5544.50,286.49,47.19,62.52,2559.34,95.79,893.34,154.40,2087.93,76.96,248.76,51.12,236.04,69.93,87.81,36.36,113.41,27.34,2816.81,249.68,3.91,0.52,58.83,5.34,11.61,2.49,0.00,0.00,32.77,3.32,24.55,4.19,1.16,4.60,10.02,18.58,57.88,7.88,7.09,4.42
47.10,47.1,28/11/2025 11:34:34,-0.391,62.692,1181242.747,16.5,703972.0,540142.0,990932.42,96.76,981.01,811.98,219.91,2265.16,120.94,21.05,26.87,987.90,37.16,589.37,109.18,1610.02,55.79,183.10,33.54,96.19,38.63,60.29,24.97,37.51,6.81,2146.32,191.43,3.23,0.42,34.43,2.53,8.96,2.03,0.00,0.00,26.15,2.69,14.09,3.10,1.45,3.45,10.23,16.72,55.43,7.32,7.97,3.94,15896.55,160.45,1626.78,1534.20,415.51,4845.95,258.74,48.22,61.57,2466.68,92.79,709.96,131.51,2252.75,78.07,305.50,55.97,171.71,68.96,88.12,36.50,53.90,9.78,3068.68,273.69,4.11,0.54,43.09,3.16,11.15,2.52,0.00,0.00,30.92,3.18,19.04,4.18,1.93,4.59,11.42,18.67,59.71,7.89,9.04,4.47
47.20,47.2,28/11/2025 11:35:08,-0.190,64.015,,16.5,700866.0,539884.0,991732.54,110.44,1016.01,787.25,215.46,2030.92,111.31,11.24,26.51,1027.18,38.54,521.88,101.94,1523.70,55.07,92.22,24.50,92.82,38.43,58.45,24.56,25.17,4.73,1795.18,158.28,3.49,0.42,49.20,4.66,9.79,2.02,0.00,0.00,32.15,2.92,14.46,3.01,0.44,3.38,17.80,16.58,55.49,7.09,8.19,3.87,14599.69,183.15,1684.83,1487.49,407.10,4344.82,238.13,25.75,60.75,2564.77,96.22,628.66,122.80,2131.97,77.06,153.87,40.87,165.70,68.60,85.43,35.90,36.16,6.80,2566.65,226.30,4.44,0.54,61.59,5.84,12.18,2.51,0.00,0.00,38.02,3.46,19.53,4.07,0.59,4.51,19.87,18.51,59.78,7.64,9.29,4.39
47.30,47.3,28/11/2025 11:35:41,0.187,66.592,,16.5,704226.0,539320.0,991489.33,106.86,1034.61,762.49,213.64,1965.60,108.40,27.08,27.36,1097.02,40.46,428.08,92.33,1548.21,55.51,118.35,27.82,134.46,39.40,47.33,22.74,13.77,2.70,2087.16,185.92,3.15,0.41,51.51,5.02,8.68,1.96,0.00,0.00,27.58,2.78,17.02,3.09,0.33,3.43,7.35,16.70,54.11,7.29,4.53,3.83,15023.66,177.20,1715.67,1440.70,403.66,4205.07,231.90,62.06,62.68,2739.16,101.02,515.67,111.23,2166.26,77.67,197.46,46.42,240.04,70.34,69.17,33.23,19.78,3.88,2984.11,265.82,4.01,0.52,64.48,6.28,10.80,2.44,0.00,0.00,32.61,3.28,22.99,4.17,0.45,4.57,8.20,18.65,58.29,7.85,5.14,4.34
47.40,47.4,28/11/2025 11:36:14,0.590,64.873,,16.5,701572.0,538991.0,990948.93,46.91,1003.78,927.56,235.42,2238.47,119.26,30.25,27.66,998.46,37.51,576.81,108.02,1536.93,55.23,223.60,36.74,93.83,38.56,63.63,25.57,24.08,4.52,2111.66,188.07,3.17,0.41,54.79,5.56,8.01,1.98,0.00,0.00,28.36,2.79,17.81,3.10,0.17,3.45,2.82,16.75,56.43,7.31,7.32,3.82,15926.86,77.79,1664.54,1752.60,444.81,4788.83,255.13,69.33,63.37,2493.05,93.67,694.83,130.12,2150.48,77.28,373.07,61.29,167.51,68.83,92.99,37.37,34.60,6.49,3019.14,268.89,4.03,0.52,68.58,6.96,9.97,2.46,0.00,0.00,33.54,3.29,24.06,4.18,0.23,4.61,3.15,18.70,60.78,7.87,8.31,4.33
47.50,47.5,28/11/2025 11:36:58,0.891,58.260,,16.5,704574.0,539672.0,991030.32,118.06,994.05,769.11,214.83,2157.30,116.82,10.08,26.76,938.10,35.92,589.70,109.59,1772.95,57.48,157.14,31.26,91.96,38.56,54.79,24.04,73.65,18.90,2055.57,182.85,3.52,0.42,49.79,4.70,10.09,1.97,0.00,0.00,30.57,2.93,16.09,3.05,0.00,0.00,15.58,16.70,49.70,7.23,5.93,3.88,15586.81,195.78,1648.41,1453.21,405.92,4615.20,249.93,23.11,61.31,2342.36,89.68,710.35,132.01,2480.72,80.43,262.18,52.16,164.16,68.84,80.09,35.13,105.82,27.16,2938.94,261.42,4.48,0.53,62.32,5.88,12.56,2.46,0.00,0.00,36.15,3.46,21.74,4.12,0.00,0.00,17.39,18.65,53.54,7.78,6.73,4.40
47.60,47.6,28/11/2025 11:37:31,0.974,53.763,1181242.549,16.5,704144.0,539710.0,991103.47,103.91,1000.36,628.18,194.39,2238.62,119.98,23.11,27.37,964.83,36.57,547.04,105.07,1679.61,56.85,229.38,37.30,110.59,39.19,36.95,21.43,25.34,4.81,2145.92,191.45,3.46,0.42,43.77,3.77,8.40,2.00,0.00,0.00,25.72,2.71,16.75,3.14,1.75,3.41,0.00,0.00,54.21,7.35,9.00,3.96,15551.80,172.31,1658.87,1186.93,367.29,4789.16,256.69,52.95,62.71,2409.08,91.31,658.96,126.57,2350.13,79.54,382.72,62.24,197.42,69.96,54.00,31.33,36.41,6.91,3068.11,273.72,4.40,0.54,54.79,4.72,10.46,2.49,0.00,0.00,30.42,3.20,22.63,4.24,2.33,4.55,0.00,0.00,58.40,7.91,10.21,4.49
47.70,47.7,28/11/2025 11:38:04,0.799,53.166,,16.5,703983.0,540518.0,990635.38,75.20,976.02,906.58,234.35,2352.00,124.52,15.03,26.91,1066.26,39.67,678.96,119.96,1660.83,56.38,144.98,30.30,85.75,38.50,65.92,26.06,34.91,6.39,2089.16,185.95,3.10,0.41,61.29,6.77,8.99,2.00,0.00,0.00,26.13,2.75,15.18,3.13,0.00,0.00,9.81,16.71,57.72,7.49,6.82,3.99,16460.46,124.70,1618.51,1712.94,442.79,5031.72,266.38,34.44,61.67,2662.35,99.06,817.87,144.51,2323.84,78.88,241.90,50.56,153.08,68.74,96.35,38.09,50.16,9.18,2986.96,265.86,3.95,0.52,76.72,8.47,11.19,2.49,0.00,0.00,30.91,3.26,20.50,4.22,0.00,0.00,10.95,18.65,62.18,8.07,7.74,4.53
47.80,47.8,28/11/2025 11:38:38,0.731,56.342,,16.4,710628.0,544026.0,990295.33,57.17,978.26,847.70,225.70,2385.37,125.94,14.39,26.53,1069.51,39.71,653.20,117.11,1847.78,58.60,219.41,36.60,119.34,39.36,51.78,23.67,64.16,11.12,2218.88,198.29,3.57,0.44,34.38,2.50,9.33,2.07,0.00,0.00,26.28,2.75,16.25,3.19,0.00,0.00,2.75,16.92,55.57,7.49,7.85,3.99,16978.81,94.80,1622.23,1601.70,426.46,5103.10,269.42,32.97,60.78,2670.48,99.14,786.84,141.07,2585.42,81.99,366.09,61.06,213.04,70.27,75.68,34.60,92.18,15.98,3172.43,283.50,4.55,0.56,43.04,3.14,11.61,2.57,0.00,0.00,31.08,3.25,21.95,4.31,0.00,0.00,3.07,18.89,59.86,8.07,8.91,4.53
47.90,47.9,28/11/2025 11:39:11,1.124,50.986,,16.4,713372.0,545668.0,990163.34,104.15,971.69,948.53,239.29,2296.30,122.04,0.00,0.00,1106.76,40.81,688.07,121.87,1737.48,57.75,226.21,37.04,115.62,39.37,73.85,27.76,36.01,6.62,2315.22,207.51,3.31,0.43,61.60,6.77,9.40,2.03,0.00,0.00,29.22,2.90,16.81,3.20,0.46,3.52,7.50,16.94,54.25,7.51,5.91,3.95,17178.99,172.70,1611.33,1792.22,452.13,4912.55,261.08,0.00,0.00,2763.48,101.91,828.85,146.81,2431.09,80.81,377.42,61.80,206.41,70.28,107.93,40.57,51.74,9.51,3310.17,296.68,4.21,0.54,77.11,8.47,11.71,2.52,0.00,0.00,34.55,3.43,22.70,4.33,0.61,4.70,8.37,18.91,58.44,8.09,6.70,4.48
48.00,48.0,28/11/2025 11:39:55,0.893,48.734,,16.4,716335.0,546610.0,990326.18,68.13,1050.67,727.56,211.69,2208.14,118.63,18.66,26.99,1125.22,41.63,787.15,133.69,1856.41,58.73,227.96,37.44,110.40,39.55,54.36,24.29,16.06,3.16,2308.12,206.89,3.26,0.42,42.19,3.51,7.24,1.96,0.00,0.00,28.13,2.86,16.96,3.20,0.54,3.55,6.63,17.09,54.21,7.43,6.49,3.99,16785.66,112.97,1742.31,1374.69,399.99,4723.95,253.80,42.75,61.85,2809.58,103.94,948.20,161.04,2597.50,82.18,380.35,62.47,197.09,70.61,79.45,35.50,23.08,4.54,3300.02,295.80,4.15,0.53,52.82,4.39,9.01,2.45,0.00,0.00,33.27,3.39,22.91,4.32,0.72,4.74,7.40,19.08,58.39,8.00,7.37,4.53
48.10,48.1,28/11/2025 11:40:28,1.259,51.248,1181243.607,16.4,713068.0,546489.0,990793.51,40.50,1050.26,666.32,207.49,2362.51,125.57,17.70,26.88,1118.83,41.27,799.98,135.63,1660.37,56.95,205.14,35.50,110.83,39.37,55.05,24.23,20.82,4.00,1984.57,176.14,3.07,0.41,37.73,2.93,7.87,1.93,0.00,0.00,30.75,2.94,15.63,3.14,0.58,3.49,4.48,16.96,54.70,7.38,9.06,3.94,16182.69,67.15,1741.61,1258.98,392.05,5054.20,268.64,40.55,61.58,2793.62,103.04,963.66,163.38,2323.21,79.69,342.28,59.23,197.86,70.28,80.46,35.42,29.92,5.75,2837.43,251.83,3.91,0.52,47.23,3.67,9.79,2.41,0.00,0.00,36.37,3.48,21.11,4.24,0.77,4.66,5.00,18.93,58.92,7.95,10.28,4.47
48.20,48.2,28/11/2025 11:41:02,1.449,42.982,,16.4,720964.0,551147.0,989966.91,88.79,1018.69,961.69,241.48,2262.66,120.76,17.69,27.00,1139.16,42.01,637.41,116.60,1854.82,59.29,251.40,39.19,133.99,40.10,60.13,25.31,31.57,5.92,2449.90,220.46,3.07,0.42,17.12,0.90,8.26,2.01,0.00,0.00,31.92,3.02,17.39,3.23,0.00,0.00,4.70,17.15,53.20,7.50,8.20,4.12,17516.29,147.24,1689.27,1817.08,456.27,4840.60,258.35,40.54,61.86,2844.36,104.90,767.83,140.46,2595.28,82.97,419.47,65.39,239.20,71.59,87.89,36.99,45.36,8.50,3502.73,315.20,3.91,0.54,21.43,1.12,10.28,2.50,0.00,0.00,37.75,3.57,23.49,4.37,0.00,0.00,5.25,19.15,57.31,8.07,9.30,4.67
48.30,48.3,28/11/2025 11:41:35,1.781,46.024,,16.4,716596.0,549349.0,990533.24,89.01,1047.25,734.98,212.06,2319.80,123.37,5.05,26.59,1143.48,42.04,691.40,122.41,1666.14,57.15,227.88,37.59,133.10,40.06,56.23,24.54,64.18,11.19,2167.05,193.47,3.14,0.42,46.79,4.21,8.66,1.99,0.00,0.00,29.85,2.93,18.34,3.19,0.87,3.57,0.36,17.10,51.30,7.41,9.17,4.05,16621.18,147.60,1736.62,1388.72,400.68,4962.84,263.92,11.56,60.92,2855.16,104.98,832.86,147.46,2331.27,79.97,380.21,62.72,237.60,71.51,82.19,35.86,92.21,16.08,3098.33,276.61,3.99,0.53,58.57,5.27,10.77,2.48,0.00,0.00,35.30,3.46,24.77,4.31,1.16,4.76,0.41,19.10,55.26,7.99,10.40,4.59
48.40,48.4,28/11/2025 11:42:08,1.809,43.182,,16.4,717682.0,549833.0,990254.89,26.74,993.38,834.22,226.90,2434.26,128.22,22.36,27.45,1168.77,42.67,582.51,110.08,1765.27,58.32,184.94,34.17,112.53,39.58,59.81,25.15,48.54,8.71,2316.68,207.73,3.03,0.42,57.80,6.06,8.50,2.03,0.00,0.00,31.36,3.05,16.16,3.22,0.23,3.51,10.92,17.03,52.31,7.47,8.17,4.10,17172.17,44.35,1647.30,1576.23,428.72,5207.70,274.31,51.23,62.90,2918.30,106.53,701.69,132.60,2469.97,81.61,308.57,57.02,200.88,70.66,87.41,36.75,69.75,12.51,3312.25,297.00,3.85,0.53,72.36,7.58,10.58,2.52,0.00,0.00,37.09,3.60,21.83,4.34,0.30,4.68,12.20,19.01,56.35,8.04,9.26,4.65
48.50,48.5,28/11/2025 11:42:52,1.899,41.063,,16.4,716519.0,549243.0,990654.12,90.43,1023.94,778.28,221.70,2072.40,114.08,30.16,28.54,1128.27,41.68,560.15,107.16,1836.78,58.73,206.33,35.83,102.48,39.30,72.43,27.47,46.31,8.31,2267.38,202.98,3.00,0.42,25.60,1.58,7.65,1.98,0.00,0.00,31.60,3.00,17.35,3.25,0.00,0.00,7.06,16.98,53.07,7.38,9.17,4.01,16308.12,149.95,1697.98,1470.53,418.90,4433.55,244.05,69.10,65.40,2817.19,104.08,674.76,129.08,2570.03,82.18,344.26,59.78,182.95,70.16,105.86,40.16,66.54,11.94,3241.77,290.20,3.82,0.53,32.05,1.98,9.52,2.46,0.00,0.00,37.37,3.54,23.43,4.39,0.00,0.00,7.88,18.96,57.16,7.95,10.40,4.55
48.60,48.6,28/11/2025 11:43:25,2.129,38.621,1181243.403,16.4,720681.0,553560.0,990065.59,78.19,977.57,981.94,246.41,2278.19,122.18,23.56,27.85,1078.38,40.12,522.55,103.07,1832.90,58.64,187.89,34.26,98.99,39.33,70.67,27.21,62.74,10.96,2560.05,231.03,3.37,0.43,25.21,1.54,7.68,2.06,0.00,0.00,30.91,3.02,15.61,3.24,1.14,3.62,12.97,17.02,52.18,7.51,9.28,4.20,17329.14,129.66,1621.09,1855.34,465.58,4873.82,261.39,53.99,63.81,2692.61,100.17,629.47,124.16,2564.61,82.05,313.49,57.17,176.72,70.22,103.28,39.77,90.15,15.74,3660.22,330.31,4.29,0.55,31.56,1.93,9.56,2.56,0.00,0.00,36.55,3.58,21.09,4.38,1.51,4.82,14.48,19.01,56.21,8.09,10.53,4.77
48.70,48.7,28/11/2025 11:43:59,2.105,32.474,,16.4,719574.0,554851.0,990289.58,60.44,981.93,861.50,228.97,2330.79,123.90,20.27,26.91,1169.03,42.73,676.39,120.87,1796.63,58.63,135.57,30.06,114.71,39.78,62.50,25.70,40.46,7.39,2274.02,203.62,2.85,0.40,42.16,3.52,8.91,2.02,0.00,0.00,27.68,2.87,19.93,3.28,0.00,0.00,8.36,17.06,52.27,7.41,5.95,4.16,17039.64,100.23,1628.31,1627.78,432.63,4986.34,265.07,46.43,61.65,2918.96,106.70,814.78,145.60,2513.86,82.04,226.19,50.16,204.77,71.01,91.35,37.56,58.14,10.61,3251.27,291.12,3.62,0.52,52.78,4.40,11.09,2.52,0.00,0.00,32.74,3.39,26.92,4.44,0.00,0.00,9.33,19.04,56.31,7.98,6.75,4.72
48.80,48.8,28/11/2025 11:44:32,2.390,27.381,,16.4,717473.0,553441.0,990844.91,45.66,1034.67,757.69,213.77,2335.65,123.78,12.49,26.88,1196.08,43.73,762.33,131.31,1609.98,56.73,125.02,29.10,67.09,39.17,56.80,24.67,24.18,4.63,1984.08,176.18,3.37,0.42,52.18,5.12,6.53,1.90,0.00,0.00,30.01,2.95,16.98,3.24,1.59,3.53,8.44,17.10,51.39,7.37,7.57,4.03,16184.67,75.72,1715.77,1431.64,403.91,4996.73,264.80,28.61,61.58,2986.50,109.19,918.30,158.18,2252.69,79.38,208.59,48.55,119.77,69.92,83.01,36.06,34.74,6.66,2836.72,251.90,4.29,0.53,65.32,6.41,8.13,2.37,0.00,0.00,35.48,3.49,22.93,4.37,2.12,4.71,9.42,19.09,55.35,7.94,8.59,4.57
48.90,48.9,28/11/2025 11:45:05,2.117,23.480,,16.4,721340.0,556204.0,990630.58,143.05,972.55,723.60,207.25,2104.26,115.13,24.91,28.08,1276.38,45.96,487.01,99.67,1790.25,58.45,169.88,33.37,143.15,40.35,60.84,25.34,21.76,4.20,2251.25,201.55,3.57,0.44,44.46,3.86,6.28,1.99,0.00,0.00,33.54,3.13,15.43,3.23,1.41,3.59,5.62,17.08,56.90,7.57,5.88,4.12,16524.33,237.21,1612.76,1367.22,391.59,4501.72,246.29,57.09,64.35,3186.99,114.75,586.65,120.06,2504.93,81.79,283.44,55.68,255.54,72.03,88.93,37.04,31.26,6.03,3218.72,288.16,4.54,0.56,55.65,4.83,7.81,2.47,0.00,0.00,39.66,3.71,20.84,4.36,1.88,4.79,6.27,19.08,61.29,8.16,6.67,4.68
49.00,49.0,28/11/2025 11:45:49,2.409,23.280,,16.3,720162.0,560350.0,991025.11,87.06,1003.05,869.94,227.80,2143.82,116.64,13.39,27.29,1240.62,44.94,354.96,85.78,1639.88,56.92,123.60,28.80,131.86,40.00,49.00,23.31,41.66,7.65,2103.76,187.65,3.45,0.42,52.60,5.19,7.50,1.94,0.00,0.00,24.96,2.74,13.96,3.17,1.30,3.58,13.03,17.01,52.68,7.34,5.84,4.02,16013.51,144.38,1663.34,1643.72,430.41,4586.36,249.54,30.68,62.52,3097.72,112.22,427.58,103.33,2294.54,79.64,206.23,48.05,235.40,71.41,71.61,34.07,59.86,10.99,3007.83,268.29,4.39,0.54,65.84,6.50,9.34,2.42,0.00,0.00,29.52,3.24,18.85,4.28,1.73,4.78,14.55,19.00,56.75,7.91,6.63,4.56
49.10,49.1,28/11/2025 11:46:22,2.140,22.026,1181242.809,16.3,723114.0,563332.0,991317.14,114.93,1018.86,786.07,219.94,1852.54,104.44,25.82,27.26,1307.54,46.61,310.62,81.76,1649.47,56.94,93.17,25.40,69.26,39.14,65.13,26.18,81.96,19.55,2148.76,192.01,3.52,0.43,51.22,4.96,8.60,2.03,0.00,0.00,25.16,2.75,15.70,3.24,0.61,3.63,10.88,17.05,55.87,7.57,6.01,4.03,15419.61,190.59,1689.56,1485.26,415.57,3963.20,223.43,59.17,62.46,3264.80,116.39,374.17,98.48,2307.95,79.67,155.45,42.38,123.65,69.88,95.19,38.27,117.77,28.09,3072.18,274.53,4.47,0.55,64.11,6.21,10.71,2.52,0.00,0.00,29.76,3.25,21.21,4.37,0.82,4.85,12.15,19.03,60.18,8.16,6.82,4.58
49.20,49.2,28/11/2025 11:46:56,1.986,22.816,,16.3,726088.0,567640.0,991783.05,68.27,1030.00,810.22,223.40,1864.34,105.22,20.36,27.26,1218.19,44.27,288.19,79.72,1504.36,55.72,57.52,19.74,107.82,39.82,59.69,25.17,78.80,19.39,1990.51,177.08,3.15,0.42,32.66,2.34,8.61,1.98,0.00,0.00,24.40,2.70,13.31,3.19,0.71,3.59,10.76,17.06,48.95,7.28,6.11,4.01,14682.88,113.22,1708.03,1530.88,422.10,3988.44,225.11,46.66,62.46,3041.71,110.54,347.16,96.03,2104.90,77.96,95.97,32.93,192.49,71.09,87.24,36.79,113.23,27.87,2845.93,253.19,4.01,0.53,40.88,2.93,10.72,2.47,0.00,0.00,28.85,3.19,17.97,4.31,0.95,4.78,12.02,19.05,52.73,7.84,6.94,4.55
49.30,49.3,28/11/2025 11:47:30,2.014,18.915,,16.3,733526.0,571911.0,991002.85,51.97,1039.44,769.17,217.79,2013.78,112.25,5.46,27.29,1328.09,47.62,399.06,91.24,1533.68,56.27,103.29,26.87,93.05,39.85,65.23,26.33,27.41,5.27,2417.00,217.69,3.02,0.42,65.03,7.51,8.38,2.03,0.00,0.00,22.55,2.63,14.31,3.29,0.88,3.67,14.28,17.22,55.60,7.67,5.91,4.15,15957.17,86.18,1723.68,1453.32,411.50,4308.16,240.15,12.51,62.53,3316.12,118.92,480.71,109.91,2145.93,78.73,172.35,44.83,166.11,71.13,95.34,38.49,39.38,7.58,3455.69,311.25,3.84,0.53,81.40,9.40,10.43,2.53,0.00,0.00,26.67,3.11,19.33,4.45,1.17,4.89,15.94,19.22,59.90,8.26,6.70,4.70
49.40,49.4,28/11/2025 11:48:04,2.249,19.904,,16.3,731721.0,573614.0,991576.86,150.00,1049.58,602.44,195.09,1956.48,109.46,34.74,28.82,1256.46,45.22,239.82,75.64,1592.20,56.71,118.46,28.45,86.59,39.61,53.69,24.18,24.42,4.74,2151.03,192.32,3.09,0.42,39.28,3.17,7.08,2.02,0.00,0.00,24.74,2.73,12.42,3.20,0.83,3.63,11.57,17.17,51.27,7.40,6.53,4.08,15031.98,248.75,1740.49,1138.28,368.61,4185.56,234.18,79.61,66.04,3137.26,112.91,288.89,91.12,2227.81,79.35,197.65,47.46,154.59,70.72,78.46,35.34,35.09,6.80,3075.43,274.97,3.93,0.54,49.17,3.97,8.81,2.52,0.00,0.00,29.26,3.23,16.78,4.32,1.10,4.84,12.92,19.17,55.23,7.97,7.40,4.63
49.50,49.5,28/11/2025 11:48:48,2.171,16.205,,16.2,735568.0,576967.0,991938.11,72.22,1059.89,736.49,213.31,1838.33,104.31,18.41,27.51,1322.45,47.44,220.25,73.75,1509.49,55.98,70.59,22.26,112.71,40.26,46.42,23.12,17.53,3.51,1948.73,173.27,3.31,0.42,32.25,2.31,8.17,2.05,0.00,0.00,20.52,2.52,16.53,3.26,0.04,3.68,12.01,17.24,49.41,7.34,6.02,4.04,14538.83,119.76,1757.58,1391.58,403.04,3932.80,223.15,42.17,63.03,3302.03,118.45,265.32,88.84,2112.08,78.33,117.77,37.14,201.22,71.87,67.85,33.80,25.19,5.04,2786.19,247.73,4.21,0.54,40.37,2.89,10.17,2.55,0.00,0.00,24.26,2.98,22.33,4.41,0.05,4.90,13.41,19.25,53.23,7.90,6.83,4.59
49.60,49.6,28/11/2025 11:49:21,1.985,12.767,1181243.404,16.2,740985.0,585821.0,991801.18,13.60,1045.01,866.54,234.65,1843.15,104.93,26.76,28.60,1344.20,48.19,202.59,71.95,1431.05,55.10,21.26,12.87,91.08,40.22,63.41,26.07,25.80,5.05,2129.61,190.52,3.27,0.43,28.17,1.86,7.06,2.02,0.00,0.00,14.50,2.23,15.66,3.29,1.03,3.71,18.90,17.35,47.47,7.30,3.68,4.11,14803.96,22.56,1732.92,1637.30,443.37,3943.12,224.48,61.32,65.53,3356.35,120.34,244.04,86.68,2002.34,77.09,35.47,21.48,162.59,71.80,92.68,38.10,37.08,7.25,3044.80,272.39,4.16,0.55,35.26,2.33,8.79,2.51,0.00,0.00,17.15,2.64,21.16,4.45,1.38,4.95,21.10,19.37,51.13,7.87,4.18,4.66
49.70,49.7,28/11/2025 11:49:54,3.410,12.039,,16.1,738220.0,592737.0,992254.12,143.19,1030.65,686.49,206.02,1768.70,101.70,23.22,28.03,1307.69,47.16,209.04,72.66,1389.29,54.83,45.47,17.43,66.02,39.82,55.16,24.56,35.32,6.69,1892.31,168.04,3.36,0.43,30.61,2.13,7.62,2.00,0.00,0.00,11.47,1.99,11.60,3.20,1.42,3.71,5.97,17.33,48.19,7.29,3.72,4.08,14009.12,237.45,1709.10,1297.11,389.27,3783.85,217.57,53.21,64.23,3265.17,117.76,251.81,87.53,1943.91,76.72,75.87,29.08,117.85,71.09,80.61,35.89,50.74,9.62,2705.52,240.26,4.27,0.54,38.31,2.67,9.49,2.49,0.00,0.00,13.57,2.36,15.67,4.32,1.89,4.94,6.67,19.35,51.92,7.86,4.22,4.63
49.80,49.8,28/11/2025 11:50:28,2.481,10.253,,16.1,734930.0,602094.0,992743.02,69.61,1052.88,591.39,193.05,1768.14,101.94,31.86,28.93,1300.85,46.59,50.97,43.97,1288.89,53.65,35.73,14.59,98.68,39.61,60.65,25.38,76.74,19.33,1752.01,154.93,3.79,0.45,30.76,2.16,8.21,1.99,0.00,0.00,7.82,1.65,5.58,3.20,2.18,3.80,17.26,17.04,53.05,7.42,2.79,3.90,13293.86,115.44,1745.96,1117.42,364.76,3782.64,218.09,73.01,66.29,3248.09,116.34,61.40,52.96,1803.42,75.07,59.62,24.35,176.16,70.71,88.65,37.09,110.27,27.77,2504.92,221.50,4.83,0.57,38.50,2.70,10.23,2.48,0.00,0.00,9.25,1.95,7.54,4.32,2.90,5.07,19.28,19.03,57.15,8.00,3.16,4.42
49.90,49.9,28/11/2025 11:51:02,0.097,8.866,,16.1,735686.0,606124.0,993026.45,35.71,962.96,796.69,217.17,1632.62,95.82,19.30,27.70,1195.25,43.70,70.13,50.45,1289.24,53.46,9.97,12.68,86.78,39.73,63.41,25.92,81.01,19.53,1591.73,139.98,3.13,0.41,20.40,1.17,6.69,1.94,0.00,0.00,3.51,1.21,3.92,3.16,1.71,3.79,8.95,17.11,50.20,7.18,3.20,3.87,12747.95,59.22,1596.85,1505.31,410.34,3492.72,205.00,44.21,63.47,2984.42,109.11,84.48,60.77,1803.92,74.80,16.64,21.15,154.92,70.93,92.68,37.88,116.39,28.06,2275.77,200.14,3.99,0.53,25.54,1.47,8.32,2.41,0.00,0.00,4.15,1.44,5.29,4.27,2.29,5.06,9.99,19.10,54.07,7.74,3.63,4.39
50.00,50.0,28/11/2025 11:51:45,-0.177,14.548,,16.1,739545.0,611264.0,992423.29,159.76,1006.39,778.44,215.06,1644.14,95.82,16.40,27.20,1307.48,47.02,74.60,51.68,1302.50,53.85,33.77,14.23,106.85,40.18,58.98,25.14,24.57,4.81,1966.87,175.15,3.27,0.43,26.34,1.70,6.37,2.01,0.00,0.00,3.31,1.22,3.16,3.21,2.80,3.87,7.86,17.20,46.54,7.26,2.71,3.93,13767.34,264.93,1668.88,1470.82,406.34,3517.36,204.99,37.57,62.31,3264.65,117.40,89.86,62.25,1822.46,75.34,56.35,23.73,190.74,71.72,86.20,36.74,35.31,6.91,2812.12,250.42,4.16,0.55,32.97,2.13,7.93,2.50,0.00,0.00,3.91,1.45,4.27,4.33,3.74,5.16,8.78,19.21,50.14,7.82,3.08,4.45
50.10,50.1,28/11/2025 11:52:19,0.781,7.737,1181243.408,16.1,739028.0,613831.0,991921.64,110.89,1000.53,775.67,215.75,1774.85,101.73,36.77,29.43,1334.80,47.91,58.37,46.88,1328.51,54.25,43.13,16.81,45.91,39.52,41.41,22.46,81.20,19.70,2301.24,206.98,3.88,0.46,62.92,7.18,7.11,2.07,0.00,0.00,3.13,1.24,2.34,3.26,3.64,3.89,6.01,17.33,52.54,7.46,4.05,4.07,14586.22,183.88,1659.16,1465.61,407.65,3796.99,217.64,84.24,67.44,3332.86,119.63,70.32,56.47,1858.86,75.90,71.96,28.05,81.96,70.54,60.52,32.83,116.67,28.31,3290.19,295.92,4.93,0.59,78.76,8.99,8.85,2.57,0.00,0.00,3.70,1.47,3.16,4.40,4.85,5.19,6.71,19.34,56.60,8.04,4.59,4.61
50.20,50.2,28/11/2025 11:52:52,3.262,13.618,,16.1,735843.0,612865.0,992119.65,158.27,1008.32,1017.62,249.47,1528.87,90.89,33.74,28.63,1202.45,43.80,128.21,62.15,1282.10,53.35,12.00,12.69,84.03,39.65,66.55,26.53,14.90,3.01,2200.10,197.27,3.70,0.45,59.20,6.47,8.48,2.07,0.00,0.00,2.20,1.22,3.31,3.19,3.12,3.90,22.05,17.16,46.01,7.31,3.42,4.05,14097.03,262.46,1672.08,1922.75,471.36,3270.77,194.44,77.31,65.59,3002.41,109.37,154.44,74.86,1793.92,74.65,20.03,21.18,150.01,70.78,97.26,38.77,21.41,4.33,3145.59,282.05,4.71,0.58,74.11,8.10,10.55,2.58,0.00,0.00,2.60,1.45,4.48,4.31,4.17,5.20,24.62,19.16,49.57,7.87,3.88,4.60
50.30,50.3,28/11/2025 11:53:26,3.168,13.155,,16.1,732775.0,610242.0,992870.50,82.84,1031.33,701.24,204.87,1525.56,90.31,35.43,28.35,1196.56,43.52,65.05,48.31,1275.78,53.15,16.39,12.66,81.92,39.51,58.66,25.00,70.13,19.04,1881.77,167.19,3.24,0.43,51.71,5.15,8.44,2.03,0.00,0.00,2.01,1.20,2.66,3.16,2.08,3.82,14.14,17.07,49.39,7.30,4.50,3.93,12871.07,137.38,1710.23,1324.96,387.10,3263.69,193.21,81.18,64.97,2987.69,108.66,78.36,58.19,1785.08,74.37,27.34,21.12,146.24,70.53,85.74,36.55,100.77,27.35,2690.45,239.04,4.12,0.55,64.73,6.45,10.50,2.52,0.00,0.00,2.38,1.42,3.59,4.27,2.78,5.10,15.79,19.06,53.21,7.87,5.11,4.46
50.40,50.4,28/11/2025 11:53:59,3.490,11.042,,16.1,724489.0,609972.0,993484.46,87.86,1005.53,698.78,202.73,1427.47,85.68,23.21,26.90,1177.41,42.94,63.39,47.73,1185.35,51.97,8.29,12.46,100.47,39.29,64.79,25.98,72.40,18.94,1463.90,128.12,3.53,0.43,55.62,5.92,6.06,1.97,0.00,0.00,2.37,1.18,0.44,3.07,3.32,3.80,19.24,16.88,48.52,7.25,3.14,3.88,11899.50,145.69,1667.44,1320.32,383.06,3053.83,183.30,53.18,61.65,2939.88,107.22,76.36,57.49,1658.55,72.71,13.84,20.79,179.35,70.15,94.69,37.97,104.03,27.22,2093.00,183.18,4.49,0.55,69.62,7.41,7.55,2.45,0.00,0.00,2.80,1.40,0.59,4.14,4.43,5.06,21.48,18.85,52.26,7.81,3.56,4.40
50.50,50.5,28/11/2025 11:54:43,3.410,12.301,,16.1,719215.0,606795.0,993322.80,153.62,998.99,917.78,235.56,1509.69,89.59,20.86,27.02,1117.32,41.31,13.76,21.06,1229.24,52.21,12.65,12.45,118.58,39.57,65.51,26.04,73.41,18.88,1313.15,114.20,3.60,0.43,52.33,5.33,7.87,1.98,0.00,0.00,2.42,1.16,3.53,3.08,1.98,3.79,12.36,16.81,44.86,7.11,2.68,3.85,12259.57,254.75,1656.60,1734.11,445.09,3229.73,191.67,47.80,61.90,2789.84,103.16,16.58,25.37,1719.96,73.06,21.11,20.78,211.69,70.64,95.74,38.06,105.48,27.13,1877.46,163.28,4.58,0.55,65.50,6.68,9.79,2.47,0.00,0.00,2.87,1.37,4.76,4.16,2.64,5.05,13.80,18.77,48.32,7.65,3.04,4.37
50.60,50.6,28/11/2025 11:55:16,4.959,12.566,1181242.479,16.1,724748.0,607273.0,993490.65,24.24,1059.92,690.42,204.77,1442.25,86.45,22.72,27.38,1169.11,42.96,50.53,43.22,1193.15,52.19,11.91,12.45,87.27,38.94,65.61,26.09,74.20,18.95,1529.57,134.12,3.62,0.43,54.63,5.72,6.40,1.93,0.00,0.00,2.33,1.18,2.31,3.07,3.68,3.78,21.08,16.83,50.86,7.29,3.45,3.87,11870.79,40.20,1757.64,1304.53,386.90,3085.46,184.94,52.06,62.73,2919.16,107.28,60.87,52.06,1669.47,73.02,19.87,20.77,155.80,69.51,95.90,38.13,106.61,27.23,2186.89,191.75,4.60,0.55,68.38,7.17,7.97,2.41,0.00,0.00,2.75,1.39,3.12,4.14,4.91,5.03,23.54,18.79,54.78,7.85,3.91,4.39
50.70,50.7,28/11/2025 11:55:50,4.824,13.558,,16.2,719624.0,603963.0,992965.26,43.62,958.54,1075.35,254.16,1569.20,91.82,18.56,26.70,1158.18,42.25,36.74,36.21,1218.62,52.10,10.37,12.47,116.32,39.45,72.08,27.34,66.39,18.66,1462.74,127.90,3.63,0.44,89.34,13.74,6.07,1.90,0.00,0.00,2.61,1.18,2.33,3.07,1.85,3.76,18.13,16.82,58.78,7.46,3.83,3.84,12882.62,72.33,1589.52,2031.83,480.23,3357.04,196.42,42.53,61.18,2891.86,105.50,44.25,43.62,1705.11,72.90,17.31,20.80,207.66,70.43,105.35,39.96,95.39,26.82,2091.34,182.87,4.62,0.56,111.83,17.19,7.55,2.36,0.00,0.00,3.08,1.39,3.15,4.15,2.47,5.01,20.24,18.77,63.32,8.03,4.35,4.36
50.80,50.8,28/11/2025 11:56:23,3.456,11.773,,16.1,721550.0,606195.0,993286.73,109.61,1025.22,723.32,206.24,1532.02,90.13,36.31,28.26,1148.38,41.83,99.54,56.27,1153.68,51.53,19.70,12.56,78.36,39.07,60.11,25.11,68.70,18.74,1560.57,137.00,3.53,0.43,45.01,4.09,6.40,1.94,0.14,0.16,1.92,1.16,2.88,3.06,1.91,3.76,10.15,16.89,48.71,7.05,2.32,3.79,12245.36,181.77,1700.09,1366.69,389.68,3277.50,192.82,83.21,64.76,2867.38,104.45,119.91,67.78,1614.24,72.11,32.87,20.95,139.88,69.75,87.86,36.69,98.70,26.92,2231.21,195.88,4.49,0.55,56.35,5.12,7.97,2.41,0.18,0.21,2.27,1.38,3.89,4.13,2.55,5.01,11.33,18.86,52.47,7.59,2.63,4.30
50.90,50.9,28/11/2025 11:56:58,1.465,13.952,,16.1,723008.0,611442.0,993612.78,97.63,977.08,621.30,190.13,1421.57,85.49,20.12,26.48,1228.70,44.35,11.71,21.19,1186.88,52.02,8.50,12.48,88.08,39.20,58.92,24.89,14.12,2.84,1500.12,131.48,3.68,0.44,43.76,3.91,6.07,1.92,0.00,0.00,1.91,1.17,1.81,3.05,1.81,3.78,20.78,16.93,47.29,7.14,2.48,3.85,11739.56,161.90,1620.26,1173.92,359.25,3041.22,182.89,46.10,60.66,3067.94,110.74,14.10,25.52,1660.69,72.78,14.18,20.83,157.24,69.97,86.11,36.37,20.29,4.09,2144.78,187.99,4.69,0.56,54.77,4.89,7.56,2.39,0.00,0.00,2.25,1.38,2.44,4.12,2.42,5.04,23.20,18.90,50.94,7.69,2.81,4.36
51.00,51.0,28/11/2025 11:57:41,2.773,14.085,,16.1,732896.0,615375.0,993113.28,63.51,1055.10,660.44,202.65,1548.60,91.87,21.47,27.20,1269.14,45.64,27.32,30.85,1257.25,53.23,16.99,12.53,82.77,39.31,64.09,25.98,40.16,7.50,1718.85,151.85,3.52,0.44,34.01,2.55,6.01,1.93,0.00,0.00,1.63,1.17,1.83,3.13,2.70,3.83,14.23,17.00,50.30,7.35,1.90,3.84,12596.11,105.32,1749.64,1247.88,382.90,3312.98,196.55,49.20,62.33,3168.93,113.97,32.91,37.16,1759.15,74.48,28.36,20.90,147.75,70.18,93.68,37.97,57.71,10.78,2457.52,217.10,4.48,0.56,42.57,3.19,7.48,2.40,0.00,0.00,1.93,1.38,2.47,4.23,3.60,5.11,15.89,18.98,54.19,7.92,2.15,4.35
51.10,51.1,28/11/2025 11:58:15,3.343,11.970,1181244.858,16.0,739594.0,619524.0,992561.08,114.28,984.74,788.44,217.10,1551.91,91.91,26.39,27.99,1266.15,45.84,65.06,48.83,1305.38,53.85,23.82,12.81,85.59,39.85,62.90,25.92,68.75,19.11,1974.95,176.00,3.48,0.43,9.97,0.47,8.15,2.01,0.00,0.00,2.45,1.20,2.73,3.15,4.21,3.96,17.21,17.23,54.41,7.48,2.68,3.87,13453.15,189.51,1632.96,1489.73,410.21,3320.06,196.62,60.47,64.13,3161.46,114.46,78.37,58.83,1826.50,75.35,39.75,21.38,152.80,71.15,91.93,37.88,98.78,27.46,2823.68,251.64,4.43,0.55,12.48,0.59,10.15,2.50,0.00,0.00,2.89,1.41,3.69,4.26,5.61,5.28,19.22,19.24,58.61,8.06,3.04,4.39
51.20,51.2,28/11/2025 11:58:48,3.140,7.941,,16.0,739532.0,620846.0,992498.20,148.50,1030.11,818.61,224.51,1714.53,99.39,34.60,29.21,1214.27,44.49,45.38,41.60,1296.23,53.90,16.55,12.77,90.80,39.87,67.80,26.78,30.83,5.94,1917.61,170.56,3.40,0.43,17.93,0.98,7.12,2.01,0.00,0.00,2.89,1.21,0.76,3.14,2.33,3.93,17.32,17.19,51.67,7.35,2.67,3.86,13636.50,246.25,1708.20,1546.73,424.20,3667.95,212.63,79.28,66.93,3031.93,111.08,54.66,50.11,1813.70,75.42,27.61,21.31,162.10,71.18,99.09,39.14,44.30,8.54,2741.70,243.86,4.33,0.55,22.44,1.23,8.87,2.50,0.00,0.00,3.42,1.43,1.02,4.24,3.10,5.24,19.34,19.19,55.65,7.92,3.03,4.38
51.30,51.3,28/11/2025 11:59:22,3.046,11.578,,16.0,739428.0,622320.0,992876.51,32.33,1037.99,707.69,207.00,1728.75,99.63,20.42,27.62,1345.77,48.15,94.68,56.26,1272.31,53.58,23.04,12.85,75.99,39.81,49.05,23.57,11.45,2.36,1663.45,146.75,3.18,0.42,14.36,0.74,6.75,1.98,0.00,0.00,2.25,1.19,2.48,3.16,2.30,3.89,14.07,17.27,50.82,7.26,2.33,3.79,13143.64,53.62,1721.27,1337.16,391.12,3698.38,213.13,46.78,63.28,3360.27,120.21,114.06,67.77,1780.23,74.96,38.44,21.43,135.65,71.07,71.69,34.45,16.45,3.40,2378.31,209.82,4.04,0.53,17.97,0.92,8.40,2.46,0.00,0.00,2.66,1.41,3.35,4.27,3.07,5.19,15.71,19.29,54.74,7.82,2.65,4.30
51.40,51.4,28/11/2025 11:59:56,3.764,11.973,,16.0,740534.0,622816.0,992939.53,103.08,1052.08,919.27,240.14,1578.47,93.35,9.34,26.77,1315.51,47.29,2.17,21.64,1272.94,53.76,16.58,12.78,100.88,40.17,63.40,25.98,74.20,19.30,1514.69,132.99,4.03,0.46,5.02,0.23,6.02,1.94,0.00,0.00,2.03,1.18,2.15,3.12,2.58,3.89,15.63,17.24,49.35,7.27,3.13,3.85,13049.02,170.94,1744.64,1736.92,453.73,3376.87,199.70,21.40,61.33,3284.71,118.07,2.61,26.07,1781.11,75.22,27.66,21.32,180.10,71.72,92.66,37.97,106.61,27.73,2165.62,190.14,5.12,0.58,6.29,0.29,7.49,2.41,0.00,0.00,2.40,1.40,2.91,4.22,3.44,5.19,17.45,19.25,53.16,7.83,3.55,4.37
51.50,51.5,28/11/2025 12:00:40,2.645,7.671,,16.0,748615.0,626085.0,992633.01,79.56,1030.45,772.40,216.56,1747.05,100.13,33.98,29.13,1342.63,48.22,12.53,21.87,1325.33,54.51,15.68,12.85,84.69,40.16,48.16,23.55,74.65,19.49,1734.93,153.55,3.30,0.43,9.35,0.44,7.04,1.97,0.00,0.00,1.89,1.19,2.71,3.20,2.61,3.92,15.13,17.37,50.66,7.43,2.71,3.87,13572.75,131.94,1708.77,1459.43,409.18,3737.52,214.22,77.85,66.75,3352.42,120.41,15.09,26.34,1854.41,76.27,26.16,21.44,151.19,71.70,70.39,34.41,107.26,28.01,2480.50,219.53,4.20,0.54,11.70,0.55,8.76,2.45,0.00,0.00,2.24,1.40,3.66,4.33,3.48,5.23,16.89,19.39,54.58,8.00,3.07,4.40
51.60,51.6,28/11/2025 12:01:13,3.138,9.651,1181245.458,15.9,754507.0,631415.0,992089.05,91.06,1036.41,859.10,227.05,1830.96,104.23,29.88,28.76,1474.71,51.81,31.99,34.80,1369.67,55.23,16.43,13.07,78.46,40.68,52.49,24.41,80.30,19.94,1862.02,165.52,3.47,0.45,41.45,3.52,5.61,1.94,0.00,0.00,2.12,1.22,1.96,3.23,2.29,4.05,15.04,17.61,58.05,7.68,3.89,4.02,14573.95,151.00,1718.65,1623.23,429.01,3917.03,222.98,68.47,65.91,3682.22,129.37,38.54,41.92,1916.45,77.28,27.42,21.81,140.06,72.62,76.72,35.67,115.38,28.65,2662.21,236.66,4.41,0.57,51.88,4.40,6.99,2.41,0.00,0.00,2.51,1.44,2.65,4.37,3.06,5.40,16.80,19.66,62.53,8.27,4.41,4.56
51.70,51.7,28/11/2025 12:01:47,2.443,12.763,,15.9,761021.0,632973.0,992009.60,128.11,1032.98,833.11,229.98,1744.81,101.52,22.43,28.74,1508.91,53.05,86.18,56.12,1454.90,56.17,25.99,13.23,110.49,41.36,66.13,26.85,14.53,3.01,1909.94,170.02,3.95,0.46,11.28,0.55,5.83,1.97,0.00,0.00,2.88,1.24,2.06,3.24,1.81,3.99,4.03,17.68,50.01,7.41,3.05,4.02,14663.48,212.44,1712.96,1574.13,434.53,3732.74,217.18,51.39,65.86,3767.60,132.47,103.81,67.60,2035.70,78.59,43.37,22.08,197.24,73.83,96.65,39.25,20.88,4.32,2730.73,243.09,5.03,0.59,14.12,0.69,7.25,2.45,0.00,0.00,3.40,1.47,2.78,4.38,2.41,5.33,4.50,19.74,53.87,7.98,3.46,4.56
51.80,51.8,28/11/2025 12:02:20,2.994,12.428,,16.0,752616.0,622117.0,992103.59,89.66,1037.72,791.55,219.88,1862.77,105.45,29.40,29.14,1441.85,51.13,117.40,62.03,1360.63,55.01,50.01,18.70,55.25,40.23,60.05,25.60,25.44,5.01,1927.34,171.50,3.43,0.44,5.15,0.23,6.75,2.00,0.00,0.00,3.69,1.26,2.96,3.26,1.83,3.98,2.08,17.57,55.13,7.58,4.05,4.02,14500.43,148.68,1720.82,1495.60,415.45,3985.10,225.60,67.37,66.76,3600.17,127.66,141.42,74.72,1903.80,76.97,83.45,31.20,98.63,71.82,87.76,37.41,36.55,7.21,2755.60,245.20,4.36,0.56,6.45,0.29,8.40,2.49,0.00,0.00,4.36,1.49,3.99,4.41,2.44,5.31,2.32,19.62,59.39,8.17,4.60,4.55
51.90,51.9,28/11/2025 12:02:54,3.158,10.647,,16.0,751520.0,620101.0,992218.69,70.34,1111.86,726.56,218.44,1793.26,103.47,27.24,28.82,1387.54,49.61,98.19,58.58,1374.48,55.29,25.60,12.92,124.25,40.81,55.76,24.81,74.79,19.56,1899.85,168.94,3.73,0.45,24.26,1.50,6.32,1.96,0.00,0.00,9.34,1.80,5.16,3.25,2.51,3.94,14.56,17.38,52.29,7.42,5.31,3.94,14206.94,116.64,1843.76,1372.80,412.73,3836.37,221.37,62.41,66.05,3464.55,123.86,118.28,70.56,1923.18,77.36,42.71,21.55,221.80,72.86,81.49,36.26,107.46,28.11,2716.30,241.54,4.75,0.57,30.36,1.87,7.87,2.45,0.00,0.00,11.05,2.13,6.97,4.39,3.35,5.25,16.26,19.40,56.33,8.00,6.02,4.47
52.00,52.0,28/11/2025 12:03:38,3.452,13.882,,16.0,757059.0,616352.0,991693.63,70.81,1011.76,882.36,233.45,1806.50,103.44,23.77,28.49,1477.90,52.16,105.55,59.88,1429.46,55.76,115.33,29.03,101.68,40.87,54.98,24.87,1.42,0.31,2146.12,192.32,3.40,0.44,8.78,0.41,7.14,1.98,0.00,0.00,10.59,1.92,4.73,3.27,1.53,3.89,0.56,17.64,49.06,7.39,4.67,3.99,15149.93,117.43,1677.78,1667.19,441.09,3864.72,221.29,54.46,65.28,3690.17,130.25,127.15,72.14,2000.11,78.02,192.44,48.43,181.52,72.97,80.36,36.34,2.05,0.45,3068.40,274.97,4.33,0.57,10.99,0.51,8.88,2.46,0.00,0.00,12.52,2.27,6.39,4.42,2.04,5.18,0.63,19.69,52.85,7.96,5.30,4.53
52.10,52.1,28/11/2025 12:04:11,3.629,6.548,1181246.713,15.9,772272.0,626433.0,991076.46,43.92,1059.58,827.29,228.91,2061.21,114.68,16.03,28.26,1557.12,54.50,127.57,64.51,1537.69,57.19,40.50,16.64,75.58,41.35,62.06,26.31,13.80,2.88,2426.71,219.15,3.81,0.47,32.78,2.35,6.83,2.00,0.00,0.00,11.18,2.03,7.45,3.37,0.61,4.02,17.38,17.95,49.24,7.54,4.79,4.11,16214.46,72.83,1757.08,1563.14,432.53,4409.61,245.33,36.74,64.76,3887.98,136.08,153.67,77.71,2151.55,80.02,67.57,27.77,134.93,73.82,90.70,38.45,19.82,4.14,3469.58,313.32,4.84,0.59,41.03,2.95,8.50,2.49,0.00,0.00,13.22,2.40,10.07,4.55,0.81,5.36,19.41,20.05,53.04,8.12,5.43,4.66
52.20,52.2,28/11/2025 12:04:44,4.515,11.837,,15.9,778244.0,633524.0,990772.77,26.64,1053.85,878.34,234.67,2042.73,113.87,25.07,29.03,1682.35,58.03,137.24,66.96,1525.85,57.48,40.83,16.73,115.85,41.89,62.27,26.30,97.32,17.11,2492.55,225.42,3.79,0.47,5.32,0.24,6.06,2.03,0.00,0.00,9.77,1.92,5.87,3.39,2.49,4.12,13.59,17.90,49.53,7.64,3.79,4.19,16816.38,44.18,1747.57,1659.59,443.40,4370.08,243.61,57.45,66.52,4200.66,144.90,165.32,80.66,2134.98,80.43,68.12,27.92,206.82,74.79,91.00,38.44,139.84,24.58,3563.71,322.30,4.82,0.60,6.66,0.30,7.54,2.53,0.00,0.00,11.55,2.27,7.93,4.57,3.31,5.50,15.17,19.99,53.35,8.23,4.30,4.76
52.30,52.3,28/11/2025 12:05:18,4.841,6.416,,15.9,777747.0,635561.0,990647.47,146.86,1073.90,891.09,238.00,2130.77,117.43,28.46,29.29,1679.22,58.00,121.06,64.71,1471.48,57.14,62.49,21.83,74.40,41.52,44.27,23.55,35.56,6.98,2566.44,232.61,3.79,0.46,9.91,0.47,6.15,1.98,0.00,0.00,9.59,1.89,7.92,3.40,2.07,4.11,3.28,18.06,53.63,7.76,4.09,4.22,17086.44,243.53,1780.83,1683.68,449.68,4558.44,251.21,65.22,67.12,4192.85,144.82,145.83,77.95,2058.90,79.95,104.26,36.42,132.81,74.12,64.70,34.42,51.10,10.03,3669.35,332.57,4.82,0.59,12.40,0.59,7.65,2.47,0.00,0.00,11.35,2.23,10.70,4.60,2.76,5.48,3.66,20.16,57.77,8.36,4.64,4.79
52.40,52.4,28/11/2025 12:05:52,3.688,10.248,,15.8,780142.0,639613.0,991158.81,46.31,1055.59,794.24,225.11,2068.30,115.12,30.45,29.89,1567.37,54.97,86.76,57.62,1486.62,57.13,17.79,13.34,116.41,41.99,70.56,27.96,15.14,3.18,2410.49,217.72,3.78,0.47,30.60,2.12,8.88,2.11,0.00,0.00,6.12,1.51,2.44,3.38,2.76,4.13,19.20,17.96,54.20,7.71,2.76,4.12,16130.33,76.80,1750.45,1500.69,425.34,4424.79,246.27,69.77,68.49,3913.57,137.27,104.52,69.41,2080.08,79.94,29.69,22.26,207.82,74.95,103.12,40.87,21.76,4.57,3446.39,311.29,4.81,0.60,38.31,2.65,11.05,2.63,0.00,0.00,7.24,1.79,3.30,4.57,3.69,5.50,21.43,20.05,58.38,8.30,3.13,4.67
52.50,52.5,28/11/2025 12:06:36,2.304,9.724,,15.8,777679.0,643349.0,990945.76,84.66,1118.03,955.64,250.01,2015.45,112.68,6.35,27.81,1568.77,55.05,120.10,64.04,1395.82,56.19,21.78,13.34,90.68,41.64,58.22,25.71,56.15,10.50,2548.55,230.93,3.78,0.47,43.91,3.81,6.89,2.10,0.00,0.00,3.20,1.29,3.58,3.42,3.30,4.17,12.61,17.96,51.39,7.73,3.41,4.22,16449.52,140.38,1854.01,1805.65,472.39,4311.72,241.05,14.54,63.72,3917.07,137.46,144.67,77.14,1953.04,78.63,36.33,22.26,161.88,74.34,85.09,37.57,80.68,15.09,3643.78,330.16,4.81,0.60,54.97,4.77,8.57,2.62,0.00,0.00,3.79,1.53,4.84,4.62,4.40,5.56,14.08,20.05,55.36,8.33,3.87,4.78
52.60,52.6,28/11/2025 12:07:10,3.005,9.717,1181246.847,15.8,780739.0,645363.0,991126.96,64.79,1095.68,710.77,215.61,2146.15,118.06,28.81,29.23,1608.64,56.14,80.12,56.24,1461.03,57.12,26.10,13.42,57.73,41.38,52.32,24.83,1.91,0.42,2512.18,227.52,3.83,0.47,29.66,2.02,8.76,2.12,0.00,0.00,4.01,1.28,1.81,3.39,3.93,4.19,11.37,18.07,54.83,7.81,4.28,4.18,16224.72,107.45,1816.94,1342.97,407.38,4591.33,252.57,66.02,66.99,4016.62,140.17,96.52,67.75,2044.28,79.92,43.55,22.40,103.05,73.88,76.46,36.30,2.74,0.61,3591.78,325.29,4.87,0.60,37.13,2.53,10.91,2.64,0.00,0.00,4.74,1.52,2.45,4.58,5.25,5.59,12.69,20.17,59.06,8.42,4.86,4.74
52.70,52.7,28/11/2025 12:07:43,2.564,7.864,,15.9,774035.0,640702.0,991210.71,43.21,1069.04,779.27,222.23,1993.26,111.81,26.24,28.88,1572.41,54.90,25.94,31.46,1431.95,56.67,27.47,13.28,103.88,41.39,54.38,24.91,59.29,10.98,2562.78,232.29,3.74,0.48,25.18,1.58,6.44,2.08,0.10,0.17,4.13,1.28,1.46,3.34,3.99,4.19,13.31,17.78,47.73,7.45,3.15,4.12,16015.91,71.65,1772.77,1472.40,419.89,4264.25,239.20,60.13,66.17,3926.15,137.08,31.25,37.90,2003.59,79.29,45.84,22.16,185.44,73.89,79.48,36.41,85.18,15.78,3664.11,332.12,4.76,0.60,31.52,1.97,8.01,2.58,0.13,0.22,4.89,1.52,1.97,4.51,5.32,5.58,14.86,19.86,51.42,8.03,3.57,4.68
52.80,52.8,28/11/2025 12:08:17,2.593,3.833,,15.9,768537.0,639613.0,991124.17,68.46,1021.75,834.17,228.49,1878.67,106.49,15.78,27.46,1520.22,53.24,121.27,63.81,1437.54,56.29,72.81,23.31,97.78,41.20,68.47,27.37,55.45,10.30,2583.14,234.14,3.97,0.48,34.42,2.55,7.56,2.10,0.00,0.00,3.04,1.28,2.61,3.37,2.57,4.19,12.53,17.76,52.32,7.79,3.05,4.17,16009.18,113.52,1694.35,1576.13,431.73,4019.10,227.81,36.16,62.92,3795.85,132.95,146.09,76.87,2011.41,78.77,121.48,38.88,174.56,73.55,100.07,40.00,79.68,14.80,3693.23,334.76,5.05,0.61,43.08,3.19,9.41,2.62,0.00,0.00,3.60,1.52,3.53,4.55,3.43,5.59,13.99,19.83,56.36,8.40,3.46,4.73
52.90,52.9,28/11/2025 12:08:51,2.480,10.977,,15.9,762767.0,633226.0,991625.81,47.88,1078.14,715.13,214.50,1872.35,106.42,22.55,28.25,1445.51,51.26,103.73,59.93,1351.24,55.06,24.02,13.10,95.15,40.90,55.33,24.90,5.65,1.21,2517.34,227.87,3.57,0.46,28.83,1.94,6.30,2.05,0.00,0.00,3.13,1.25,2.38,3.29,2.72,4.09,12.29,17.61,55.43,7.79,3.66,4.01,15147.45,79.41,1787.85,1351.21,405.28,4005.58,227.67,51.66,64.73,3609.30,127.99,124.96,72.19,1890.66,77.05,40.07,21.86,169.87,73.02,80.87,36.39,8.12,1.74,3599.15,325.80,4.54,0.58,36.09,2.42,7.84,2.56,0.00,0.00,3.70,1.47,3.21,4.44,3.63,5.45,13.72,19.66,59.71,8.39,4.15,4.55
53.00,53.0,28/11/2025 12:09:34,2.734,6.015,,16.0,758584.0,628629.0,991717.05,69.53,1053.96,677.27,204.83,1937.13,108.93,37.09,30.02,1378.81,49.14,95.42,57.70,1346.37,54.87,20.38,12.99,96.54,40.56,56.26,24.96,13.75,2.84,2408.37,217.35,3.90,0.47,49.50,4.70,7.98,2.05,0.00,0.00,2.15,1.23,2.56,3.30,4.14,4.05,23.36,17.49,49.34,7.56,3.09,4.09,14988.50,115.31,1747.76,1279.67,387.02,4144.16,233.05,85.00,68.80,3442.76,122.69,114.94,69.51,1883.84,76.77,34.01,21.68,172.35,72.41,82.22,36.48,19.75,4.08,3443.36,310.75,4.96,0.59,61.96,5.88,9.93,2.55,0.00,0.00,2.54,1.46,3.45,4.46,5.52,5.41,26.08,19.53,53.15,8.14,3.51,4.64
53.10,53.1,28/11/2025 12:10:08,3.015,11.238,1181246.185,16.0,750063.0,623678.0,992396.92,19.58,1020.80,665.25,202.86,1840.53,105.12,6.14,27.64,1258.09,46.05,69.64,51.09,1337.82,54.69,42.93,16.87,84.94,40.26,48.30,23.58,35.29,6.80,2074.61,185.57,3.84,0.46,33.81,2.51,7.75,2.07,0.00,0.00,4.42,1.24,2.17,3.22,1.52,3.93,12.01,17.43,51.29,7.57,3.15,3.96,13788.13,32.47,1692.77,1256.97,383.31,3937.52,224.88,14.08,63.34,3141.34,114.97,83.89,61.54,1871.88,76.53,71.63,28.15,151.63,71.87,70.60,34.46,50.71,9.77,2966.16,265.32,4.89,0.58,42.33,3.14,9.64,2.57,0.00,0.00,5.23,1.46,2.92,4.35,2.03,5.24,13.41,19.46,55.25,8.15,3.57,4.50
53.20,53.2,28/11/2025 12:10:41,2.777,10.510,,16.0,740998.0,616829.0,992643.75,95.20,933.93,740.68,209.96,1640.06,95.80,14.61,27.03,1195.60,43.54,54.98,45.54,1269.56,53.50,33.68,14.20,95.48,39.85,68.47,26.91,14.45,2.94,2026.52,180.87,3.18,0.43,26.76,1.74,8.19,2.05,0.00,0.00,2.89,1.20,2.29,3.14,2.66,3.86,7.36,17.16,51.13,7.40,2.49,3.89,13296.19,157.87,1548.71,1399.49,396.72,3508.64,204.95,33.48,61.93,2985.29,108.72,66.23,54.86,1776.38,74.86,56.19,23.69,170.45,71.14,100.07,39.32,20.77,4.23,2897.41,258.60,4.04,0.55,33.50,2.18,10.19,2.55,0.00,0.00,3.42,1.42,3.09,4.24,3.55,5.15,8.22,19.15,55.08,7.98,2.83,4.41
53.30,53.3,28/11/2025 12:11:15,2.772,11.375,,16.1,735347.0,614698.0,992917.44,25.77,1035.79,756.21,214.14,1593.28,93.48,22.22,27.28,1159.50,42.74,16.82,22.30,1243.19,53.14,23.10,12.69,95.37,39.63,63.00,25.78,14.07,2.85,1961.28,174.64,3.43,0.43,23.46,1.43,6.49,1.96,0.00,0.00,1.77,1.19,3.81,3.15,2.91,3.86,12.59,17.04,51.67,7.31,2.60,3.92,12836.78,42.74,1717.62,1428.84,404.61,3408.56,199.99,50.92,62.50,2895.16,106.71,20.26,26.87,1739.48,74.35,38.54,21.16,170.26,70.75,92.08,37.69,20.21,4.10,2804.13,249.69,4.37,0.54,29.37,1.79,8.08,2.45,0.00,0.00,2.10,1.41,5.14,4.26,3.87,5.15,14.06,19.03,55.66,7.88,2.95,4.45
53.40,53.4,28/11/2025 12:11:48,2.507,11.572,,16.1,736692.0,613105.0,992253.22,91.00,1006.45,795.44,217.96,1805.49,102.59,25.11,27.74,1205.91,44.07,64.15,48.59,1229.89,53.05,24.13,12.74,86.45,39.74,58.96,25.09,42.27,7.85,2193.13,196.59,3.79,0.45,42.11,3.59,6.55,1.94,0.00,0.00,3.03,1.21,1.90,3.18,5.04,3.91,10.50,17.14,48.96,7.41,2.98,4.02,14006.64,150.90,1668.98,1502.96,411.82,3862.54,219.46,57.54,63.57,3011.05,110.04,77.28,58.53,1720.87,74.23,40.25,21.26,154.33,70.95,86.18,36.67,60.74,11.28,3135.61,281.07,4.82,0.57,52.71,4.49,8.15,2.41,0.00,0.00,3.58,1.44,2.57,4.29,6.72,5.21,11.72,19.14,52.74,7.98,3.39,4.56
53.50,53.5,28/11/2025 12:12:32,2.450,11.174,,16.1,739607.0,615395.0,992483.22,57.48,1041.24,755.80,215.29,1689.91,98.05,32.28,28.75,1176.75,43.19,61.32,47.55,1274.96,53.37,26.52,12.83,88.87,39.92,61.88,25.71,26.64,5.21,2148.95,192.49,3.46,0.44,37.09,2.92,7.43,2.07,0.00,0.00,2.34,1.19,3.26,3.16,2.25,3.88,9.75,17.22,47.89,7.38,1.91,3.94,13547.68,95.32,1726.67,1428.06,406.79,3615.29,209.76,73.98,65.89,2938.24,107.83,73.87,57.28,1783.93,74.67,44.26,21.42,158.65,71.26,90.45,37.57,38.28,7.49,3072.45,275.22,4.40,0.57,46.43,3.65,9.25,2.58,0.00,0.00,2.76,1.41,4.40,4.27,3.00,5.18,10.89,19.23,51.59,7.95,2.17,4.47
53.60,53.6,28/11/2025 12:13:05,2.715,10.181,1181245.524,16.1,732091.0,612995.0,992854.09,54.22,938.56,811.97,220.38,1556.73,92.04,24.37,27.66,1186.43,43.45,102.50,57.25,1246.72,52.89,15.39,12.69,77.48,39.41,64.84,26.12,8.34,1.73,1850.01,164.13,3.33,0.43,64.26,7.56,7.32,2.02,0.00,0.00,2.10,1.21,2.23,3.15,1.33,3.83,17.33,17.07,46.74,7.32,2.29,3.91,12929.71,89.91,1556.40,1534.18,416.40,3330.36,196.91,55.85,63.38,2962.41,108.49,123.47,68.97,1744.42,74.01,25.67,21.17,138.31,70.36,94.77,38.17,11.99,2.48,2645.05,234.66,4.23,0.54,80.43,9.47,9.11,2.51,0.00,0.00,2.48,1.43,3.01,4.26,1.78,5.11,19.35,19.06,50.34,7.89,2.59,4.44
53.70,53.7,28/11/2025 12:13:39,2.299,9.320,,16.1,724792.0,607369.0,993095.00,109.88,999.39,820.04,221.78,1695.55,97.71,35.73,28.82,1254.18,45.31,3.61,21.34,1206.52,52.68,17.29,12.59,88.37,39.33,65.07,26.08,76.83,19.18,1401.98,122.37,3.44,0.43,52.10,5.28,6.00,1.89,0.00,0.00,2.46,1.16,2.57,3.11,1.48,3.75,13.22,16.94,46.48,7.03,2.18,3.83,12814.28,182.22,1657.26,1549.44,419.04,3627.35,209.03,81.87,66.05,3131.58,113.13,4.35,25.71,1688.17,73.71,28.85,21.01,157.76,70.21,95.11,38.12,110.39,27.56,2004.47,174.96,4.38,0.54,65.22,6.60,7.47,2.36,0.00,0.00,2.91,1.37,3.47,4.21,1.97,5.00,14.77,18.92,50.07,7.57,2.47,4.35
53.80,53.8,28/11/2025 12:14:13,1.580,11.639,,16.1,734660.0,612789.0,992790.74,77.70,1033.74,712.93,208.26,1623.53,95.13,8.57,4.74,1213.56,44.31,48.90,43.04,1216.07,52.88,23.80,12.69,102.19,39.76,54.95,24.36,77.54,19.39,1959.20,174.46,3.62,0.44,8.68,0.41,7.82,2.05,0.00,0.00,2.20,1.18,2.61,3.13,2.25,3.81,14.77,17.05,45.46,7.22,2.93,3.86,13077.51,128.85,1714.22,1347.05,393.50,3473.28,203.50,19.64,10.85,3030.15,110.64,58.91,51.84,1701.53,73.99,39.70,21.18,182.44,70.97,80.31,35.60,111.41,27.86,2801.16,249.44,4.61,0.57,10.86,0.51,9.73,2.55,0.00,0.00,2.60,1.40,3.53,4.23,3.00,5.08,16.49,19.04,48.97,7.78,3.32,4.38
53.90,53.9,28/11/2025 12:14:47,0.803,7.602,,16.0,741679.0,616114.0,992334.34,79.73,1003.43,647.30,198.21,1662.19,97.22,17.30,27.85,1284.54,46.47,80.66,53.39,1260.86,53.33,23.57,12.75,70.69,39.52,59.21,25.23,33.49,6.43,2335.86,210.34,3.36,0.44,27.04,1.75,7.49,1.98,0.00,0.00,3.39,1.23,2.66,3.18,1.48,3.92,12.00,17.16,50.36,7.41,2.48,3.95,13786.96,132.22,1663.96,1223.05,374.51,3555.97,207.98,39.63,63.81,3207.38,116.02,97.16,64.31,1764.21,74.63,39.33,21.28,126.19,70.55,86.54,36.87,48.12,9.24,3339.69,300.73,4.28,0.55,33.84,2.19,9.33,2.47,0.00,0.00,4.01,1.45,3.59,4.30,1.98,5.23,13.40,19.16,54.25,7.98,2.81,4.48
54.00,54.0,28/11/2025 12:15:31,1.217,11.635,,16.1,739409.0,612852.0,991950.22,91.29,1036.90,726.81,211.69,1691.12,98.55,29.17,28.54,1138.37,41.89,60.46,47.33,1294.67,53.68,26.57,12.80,85.08,39.81,50.71,23.75,39.85,7.49,2729.59,248.11,3.59,0.45,7.85,0.36,6.01,2.04,0.00,0.00,3.05,1.24,2.36,3.22,1.48,3.95,6.11,17.19,52.84,7.53,2.80,3.97,14263.87,151.38,1719.47,1373.27,399.98,3617.86,210.83,66.85,65.40,2842.40,104.60,72.83,57.01,1811.52,75.11,44.33,21.35,151.88,71.06,74.12,34.71,57.25,10.76,3902.62,354.73,4.57,0.57,9.83,0.46,7.48,2.54,0.00,0.00,3.61,1.47,3.19,4.35,1.98,5.26,6.83,19.19,56.92,8.11,3.17,4.50
54.10,54.1,28/11/2025 12:16:04,1.882,9.591,1181244.464,16.0,746368.0,618929.0,991858.12,62.31,1082.59,658.31,205.40,1821.86,103.86,18.16,27.45,1265.44,45.88,68.30,50.17,1307.31,53.91,25.26,12.83,65.22,39.68,48.10,23.43,36.56,6.96,2659.16,241.37,3.33,0.45,20.73,1.19,6.50,2.07,0.00,0.00,2.92,1.23,3.19,3.26,2.92,4.02,13.32,17.28,50.59,7.49,2.38,4.07,14562.84,103.33,1795.23,1243.86,388.09,3897.56,222.18,41.60,62.91,3159.68,114.55,82.27,60.43,1829.20,75.44,42.14,21.40,116.42,70.84,70.30,34.25,52.54,10.00,3801.92,345.09,4.24,0.57,25.95,1.49,8.09,2.57,0.00,0.00,3.45,1.46,4.31,4.40,3.90,5.36,14.87,19.30,54.50,8.07,2.70,4.62
54.20,54.2,28/11/2025 12:16:37,1.671,6.546,,15.7,812100.0,651932.0,989207.49,78.22,1131.82,1029.77,261.84,2449.13,131.10,42.08,32.41,1970.32,68.00,5.55,24.73,1608.76,59.62,87.87,26.89,32.73,42.81,19.75,21.75,10.04,2.22,3353.15,308.84,3.51,0.47,26.34,1.66,8.51,2.19,0.00,0.00,2.84,1.34,3.48,3.57,2.50,4.41,1.41,18.89,53.61,7.94,2.95,4.37,19753.27,129.71,1876.88,1945.71,494.74,5239.50,280.47,96.42,74.26,4919.70,169.80,6.69,29.78,2250.99,83.42,146.61,44.87,58.42,76.42,28.86,31.79,14.42,3.19,4794.14,441.56,4.47,0.60,32.97,2.08,10.59,2.72,0.00,0.00,3.36,1.58,4.70,4.82,3.34,5.87,1.58,21.10,57.75,8.55,3.35,4.96
54.30,54.3,28/11/2025 12:17:11,1.280,7.405,,15.6,821155.0,672365.0,990056.27,65.96,1184.92,760.84,229.03,2039.87,115.61,18.12,29.87,1673.03,58.80,4.67,24.59,1486.66,58.73,93.26,27.20,111.87,42.88,84.63,31.12,112.58,20.01,3393.38,312.81,3.61,0.49,5.28,0.25,7.34,2.22,0.02,0.18,2.86,1.36,2.24,3.65,2.33,4.52,17.12,18.45,53.82,8.03,4.24,4.44,17819.82,109.37,1964.93,1437.59,432.74,4363.96,247.33,41.52,68.44,4177.40,146.83,5.63,29.62,2080.15,82.17,155.60,45.39,199.70,76.55,123.69,45.48,161.76,28.75,4851.66,447.24,4.60,0.62,6.61,0.31,9.13,2.77,0.03,0.23,3.38,1.61,3.02,4.94,3.10,6.03,19.11,20.60,57.98,8.66,4.81,5.04
54.40,54.4,28/11/2025 12:17:45,1.238,12.892,,15.6,818155.0,669789.0,990436.33,0.00,0.00,669.98,217.39,2154.97,120.15,30.36,30.86,1661.03,58.45,82.13,60.50,1482.79,58.66,27.69,13.77,102.35,42.95,54.59,25.65,58.82,11.22,3125.40,286.86,3.73,0.48,5.23,0.25,9.69,2.22,0.00,0.00,4.66,1.35,5.02,3.61,3.58,4.47,19.76,18.53,57.13,8.01,4.77,4.28,17257.92,0.00,0.00,1265.90,410.75,4610.21,257.05,69.56,70.71,4147.43,145.95,98.93,72.88,2074.73,82.08,46.19,22.98,182.71,76.67,79.79,37.48,84.51,16.13,4468.52,410.14,4.75,0.61,6.55,0.31,12.06,2.76,0.00,0.00,5.51,1.60,6.78,4.88,4.77,5.96,22.06,20.68,61.54,8.63,5.41,4.86
54.50,54.5,28/11/2025 12:18:29,1.292,7.541,,15.6,817271.0,669873.0,990310.49,44.07,1111.03,935.48,246.63,2078.11,116.55,34.49,31.46,1646.50,59.38,14.34,25.10,1500.92,58.46,107.87,29.76,34.44,42.84,27.30,22.39,80.58,21.14,3099.76,284.49,3.49,0.47,5.26,0.25,7.74,2.14,0.00,0.00,4.50,1.37,1.89,3.61,4.01,4.46,0.00,0.00,54.69,8.00,4.06,4.38,17520.39,73.08,1842.39,1767.55,466.00,4445.78,249.34,79.03,72.08,4111.16,148.27,17.27,30.23,2100.10,81.80,179.99,49.65,61.48,76.49,39.90,32.73,115.78,30.38,4431.87,406.75,4.44,0.60,6.58,0.31,9.64,2.67,0.00,0.00,5.32,1.62,2.56,4.88,5.35,5.95,0.00,0.00,58.91,8.62,4.61,4.97
54.60,54.6,28/11/2025 12:19:03,1.606,13.624,1181243.341,15.6,817323.0,669508.0,989953.01,26.73,1118.17,963.12,253.04,2279.38,124.87,39.87,32.00,1681.83,59.33,148.15,73.59,1479.40,58.61,81.04,25.70,92.86,42.97,67.64,27.92,77.47,14.35,3015.91,276.20,3.55,0.48,5.27,0.25,6.51,2.16,0.00,0.00,3.89,1.37,5.27,3.60,2.16,4.42,8.56,18.59,54.93,8.09,3.44,4.33,18209.23,44.33,1854.24,1819.77,478.11,4876.36,267.13,91.37,73.32,4199.36,148.15,178.46,88.64,2069.99,82.00,135.21,42.88,165.78,76.72,98.86,40.81,111.31,20.62,4311.98,394.89,4.52,0.61,6.60,0.31,8.11,2.69,0.00,0.00,4.59,1.62,7.11,4.86,2.88,5.89,9.56,20.76,59.18,8.71,3.90,4.91
54.70,54.7,28/11/2025 12:19:37,1.827,13.488,,15.6,820296.0,670898.0,990389.46,49.62,1153.34,832.36,238.30,2165.38,120.37,20.44,29.82,1684.01,59.09,70.98,57.54,1486.31,58.75,18.19,13.86,113.54,43.45,47.39,24.56,103.92,18.71,2911.09,266.15,3.85,0.49,5.23,0.25,8.63,2.21,0.00,0.00,5.59,1.51,4.86,3.58,2.52,4.44,13.88,18.61,58.74,8.20,4.01,4.34,17440.06,82.28,1912.55,1572.71,450.26,4632.46,257.51,46.85,68.33,4204.82,147.55,85.50,69.32,2079.65,82.20,30.36,23.12,202.70,77.57,69.26,35.89,149.32,26.89,4162.11,380.53,4.90,0.63,6.55,0.31,10.74,2.75,0.00,0.00,6.61,1.78,6.56,4.83,3.36,5.92,15.49,20.78,63.28,8.83,4.55,4.93
54.80,54.8,28/11/2025 12:20:10,1.918,11.041,,15.6,820568.0,672449.0,989972.83,98.76,1178.19,731.46,226.18,2142.84,119.56,11.95,29.37,1746.62,60.87,121.59,69.62,1502.91,58.87,28.57,13.73,142.87,43.49,75.49,29.35,111.68,19.93,3203.20,294.33,3.97,0.50,5.27,0.25,7.81,2.21,0.00,0.00,4.46,1.36,3.16,3.64,3.58,4.55,23.79,18.47,53.60,8.09,3.58,4.40,18045.30,163.78,1953.77,1382.07,427.35,4584.26,255.77,27.38,67.30,4361.14,151.99,146.47,83.86,2102.88,82.37,47.66,22.91,255.04,77.64,110.34,42.90,160.47,28.64,4579.76,420.82,5.05,0.64,6.60,0.31,9.72,2.75,0.00,0.00,5.28,1.61,4.27,4.91,4.77,6.06,26.57,20.62,57.74,8.72,4.06,4.99
54.90,54.9,28/11/2025 12:20:44,1.761,8.001,,15.6,822916.0,674048.0,990134.70,33.04,1162.37,818.72,235.76,2034.58,114.65,28.98,30.71,1757.08,62.44,0.00,0.00,1562.80,59.46,52.33,20.18,78.75,43.16,33.35,23.00,74.68,20.97,3296.35,303.53,4.05,0.51,5.23,0.25,7.64,2.19,0.00,0.00,3.34,1.36,3.77,3.67,4.24,4.54,7.62,18.78,54.83,8.00,3.93,4.38,17799.53,54.79,1927.53,1546.94,445.45,4352.65,245.27,66.41,70.37,4387.26,155.92,0.00,0.00,2186.69,83.20,87.32,33.67,140.59,77.04,48.74,33.61,107.30,30.13,4712.93,433.96,5.15,0.65,6.54,0.31,9.51,2.73,0.00,0.00,3.95,1.61,5.09,4.96,5.65,6.05,8.50,20.97,59.07,8.61,4.46,4.97
55.00,55.0,28/11/2025 12:21:28,2.197,12.230,,15.6,825180.0,675189.0,989403.59,65.08,1137.52,1000.83,260.40,2249.67,124.18,30.90,31.70,1796.87,63.57,0.00,0.00,1563.81,59.60,70.66,24.18,58.14,43.28,41.66,24.15,58.09,11.25,3579.43,330.98,4.05,0.51,5.17,0.25,6.58,2.14,0.00,0.00,2.93,1.36,2.75,3.67,2.94,4.59,1.54,18.96,51.34,8.00,3.97,4.45,19133.42,107.91,1886.32,1891.03,492.02,4812.81,265.67,70.80,72.64,4486.60,158.74,0.00,0.00,2188.10,83.39,117.90,40.34,103.80,77.27,60.89,35.29,83.47,16.16,5117.67,473.22,5.15,0.65,6.47,0.31,8.18,2.66,0.00,0.00,3.46,1.61,3.72,4.95,3.92,6.13,1.72,21.17,55.30,8.62,4.51,5.05
55.10,55.1,28/11/2025 12:22:02,2.641,6.146,1181250.816,15.6,823834.0,675590.0,990177.45,0.00,0.00,841.74,235.72,1986.23,112.61,20.52,29.70,1740.94,61.86,0.00,0.00,1530.23,58.91,85.12,26.66,60.41,43.24,29.04,22.66,34.42,7.09,3411.22,314.70,3.87,0.50,5.39,0.25,6.14,2.10,0.00,0.00,4.03,1.39,2.86,3.58,2.22,4.53,0.00,0.00,54.15,8.07,4.03,4.37,17687.46,0.00,0.00,1590.43,445.39,4249.22,240.90,47.01,68.05,4346.97,154.45,0.00,0.00,2141.10,82.42,142.03,44.48,107.84,77.18,42.45,33.12,49.45,10.19,4877.17,449.94,4.92,0.63,6.75,0.31,7.64,2.62,0.00,0.00,4.76,1.64,3.86,4.84,2.96,6.04,0.00,0.00,58.33,8.70,4.57,4.96
55.20,55.2,28/11/2025 12:22:36,2.996,1.846,,16.0,763136.0,608177.0,993094.94,62.33,1063.34,664.30,206.86,1714.99,100.13,31.42,29.79,1519.49,54.94,0.00,0.00,1204.72,53.63,22.32,12.95,63.76,40.48,26.12,21.06,69.79,19.49,1438.41,126.15,3.83,0.45,5.04,0.23,7.62,1.93,0.00,0.00,2.67,1.16,1.68,3.08,1.35,3.76,9.15,17.65,52.72,7.39,3.36,3.85,13023.91,103.36,1763.31,1255.17,390.86,3668.93,214.22,72.00,68.26,3794.01,137.17,0.00,0.00,1685.66,75.04,37.25,21.62,113.83,72.26,38.18,30.78,100.27,28.00,2056.55,180.36,4.87,0.57,6.31,0.28,9.48,2.40,0.00,0.00,3.15,1.37,2.27,4.16,1.80,5.02,10.22,19.71,56.79,7.96,3.81,4.36
55.30,55.3,28/11/2025 12:23:10,1.621,5.685,,16.0,761618.0,606160.0,993015.47,0.00,0.00,874.82,234.92,1735.90,100.59,32.38,29.71,1485.09,53.95,0.00,0.00,1221.48,53.72,18.43,12.94,35.23,40.13,39.17,22.50,76.01,19.66,1381.11,120.86,3.85,0.45,5.03,0.23,7.58,1.97,0.00,0.00,1.40,1.14,1.37,3.04,2.95,3.75,10.59,17.62,49.92,7.32,2.22,3.75,13188.96,0.00,0.00,1652.94,443.87,3713.67,215.20,74.19,68.07,3708.13,134.71,0.00,0.00,1709.11,75.17,30.74,21.59,62.88,71.64,57.25,32.89,109.22,28.25,1974.63,172.80,4.90,0.57,6.30,0.29,9.44,2.46,0.00,0.00,1.66,1.35,1.85,4.11,3.93,5.01,11.83,19.68,53.78,7.88,2.51,4.25
55.40,55.4,28/11/2025 12:23:44,1.134,0.986,,16.0,761976.0,607600.0,992922.90,100.97,1106.94,795.75,226.43,1712.72,100.36,31.94,30.14,1405.24,51.50,0.00,0.00,1253.75,53.70,16.81,12.90,76.97,40.53,44.51,23.20,79.33,19.80,1470.48,129.05,4.01,0.46,5.03,0.23,7.07,1.99,0.00,0.00,2.10,1.16,2.77,3.08,2.57,3.74,12.79,17.58,49.84,7.39,2.45,3.82,13218.76,167.44,1835.62,1503.55,427.84,3664.09,214.71,73.19,69.06,3508.74,128.59,0.00,0.00,1754.25,75.14,28.05,21.52,137.41,72.36,65.05,33.90,113.98,28.45,2102.40,184.50,5.11,0.58,6.30,0.29,8.79,2.47,0.00,0.00,2.49,1.37,3.74,4.16,3.43,4.98,14.28,19.63,53.69,7.96,2.78,4.33
55.50,55.5,28/11/2025 12:24:29,1.466,6.279,,16.0,764069.0,607462.0,992695.75,223.25,1095.47,791.30,223.40,1810.40,103.91,34.02,30.58,1403.63,51.68,0.00,0.00,1202.33,53.58,22.03,12.93,67.48,40.54,32.82,21.77,79.83,19.92,1552.27,136.63,3.58,0.44,4.69,0.22,7.25,1.98,0.00,0.00,1.47,1.16,3.68,3.11,3.73,3.80,7.74,17.65,51.47,7.32,1.29,3.78,13639.29,370.21,1816.59,1495.14,422.10,3873.05,222.30,77.95,70.06,3504.72,129.03,0.00,0.00,1682.31,74.97,36.75,21.57,120.46,72.38,47.96,31.82,114.71,28.63,2219.35,195.35,4.56,0.56,5.87,0.28,9.02,2.47,0.00,0.00,1.74,1.37,4.96,4.20,4.97,5.06,8.64,19.71,55.45,7.88,1.47,4.29
55.60,55.6,28/11/2025 12:25:02,1.697,9.264,1181248.033,16.0,762639.0,606737.0,993123.29,43.84,1098.60,718.84,212.70,1716.45,99.93,22.49,29.84,1458.85,53.48,0.00,0.00,1221.46,53.68,13.31,12.90,68.08,40.50,48.18,23.74,0.59,0.13,1479.60,129.88,3.86,0.45,5.06,0.23,6.65,1.90,0.00,0.00,1.51,1.13,2.13,3.08,2.68,3.76,10.17,17.59,49.59,7.16,3.39,3.82,12933.01,72.71,1821.79,1358.21,401.88,3672.07,213.78,51.53,68.37,3642.60,133.53,0.00,0.00,1709.07,75.11,22.21,21.52,121.53,72.30,70.42,34.70,0.84,0.18,2115.45,185.70,4.91,0.57,6.33,0.28,8.28,2.37,0.00,0.00,1.78,1.34,2.87,4.16,3.58,5.02,11.36,19.64,53.42,7.71,3.84,4.34
55.70,55.7,28/11/2025 12:25:36,1.824,8.534,,16.1,758230.0,603457.0,993230.51,35.66,1072.34,748.23,216.69,1787.19,102.43,15.37,28.47,1463.41,53.40,0.00,0.00,1225.90,53.44,15.64,12.85,53.10,40.28,37.14,22.14,58.25,18.87,1240.57,108.11,3.63,0.44,5.01,0.23,6.15,1.85,0.00,0.00,1.59,1.13,1.85,2.98,2.61,3.69,11.71,17.59,53.55,7.28,2.95,3.70,12833.84,59.13,1778.23,1413.76,409.44,3823.39,219.14,35.21,65.23,3654.01,133.34,0.00,0.00,1715.28,74.77,26.09,21.43,94.79,71.91,54.28,32.36,83.69,27.12,1773.70,154.57,4.61,0.56,6.28,0.28,7.65,2.30,0.00,0.00,1.88,1.34,2.50,4.02,3.48,4.92,13.08,19.64,57.69,7.84,3.34,4.19
55.80,55.8,28/11/2025 12:26:10,1.748,8.332,,16.1,758566.0,600826.0,993270.08,55.84,1117.13,738.68,218.80,1810.64,104.03,22.95,29.22,1401.95,51.70,0.00,0.00,1222.17,53.31,33.65,14.35,65.02,40.32,45.36,23.30,55.93,18.79,1200.74,104.51,3.62,0.44,4.94,0.22,8.29,2.01,0.00,0.00,2.00,1.14,2.10,3.01,2.24,3.70,2.83,17.57,47.91,7.19,3.10,3.78,12748.21,92.59,1852.51,1395.70,413.42,3873.57,222.55,52.58,66.96,3500.53,129.09,0.00,0.00,1710.06,74.59,56.14,23.95,116.07,71.97,66.29,34.05,80.36,27.00,1716.75,149.42,4.60,0.56,6.18,0.28,10.32,2.50,0.00,0.00,2.36,1.35,2.84,4.06,2.98,4.93,3.16,19.61,51.61,7.75,3.51,4.28
55.90,55.9,28/11/2025 12:26:43,1.783,8.403,,16.1,755399.0,598106.0,993447.64,69.92,1102.57,644.13,204.36,1773.21,102.94,3.91,28.63,1421.60,52.22,0.00,0.00,1227.51,53.51,18.72,12.83,95.14,40.52,16.86,20.12,57.76,18.89,1131.46,98.30,3.87,0.44,11.40,0.55,7.40,1.94,0.00,0.00,2.16,1.12,1.30,2.98,1.33,3.68,9.39,17.47,53.02,7.27,2.28,3.65,12433.65,115.94,1828.36,1217.06,386.13,3793.49,220.23,8.95,65.60,3549.59,130.38,0.00,0.00,1717.54,74.87,31.23,21.41,169.84,72.33,24.64,29.40,83.00,27.14,1617.70,140.55,4.92,0.56,14.27,0.69,9.21,2.41,0.00,0.00,2.56,1.33,1.76,4.02,1.77,4.90,10.48,19.50,57.12,7.83,2.59,4.14
56.00,56.0,28/11/2025 12:27:27,2.569,8.666,,16.1,756128.0,598477.0,993303.49,24.41,1078.11,891.68,238.69,1774.89,102.39,16.65,28.24,1324.15,47.94,11.99,23.30,1217.68,53.21,18.26,12.75,130.98,40.53,80.72,29.40,68.48,19.02,1041.15,90.21,3.84,0.44,6.29,0.29,6.74,1.89,0.00,0.00,1.76,1.11,2.44,2.97,3.49,3.67,21.75,17.22,46.02,7.10,3.14,3.69,12662.84,40.48,1787.81,1684.80,451.00,3797.07,219.05,38.16,64.70,3306.26,119.71,14.44,28.07,1703.78,74.45,30.47,21.27,233.82,72.36,117.98,42.96,98.39,27.33,1488.58,128.98,4.89,0.56,7.87,0.36,8.39,2.35,0.00,0.00,2.09,1.31,3.30,4.01,4.65,4.89,24.29,19.23,49.57,7.65,3.56,4.19
56.10,56.1,28/11/2025 12:28:00,2.569,5.685,1181250.816,16.1,755355.0,598540.0,993570.74,71.40,1096.10,723.94,216.89,1638.42,96.42,29.51,29.68,1445.43,52.92,6.37,23.92,1215.06,53.15,18.00,12.86,82.53,40.59,26.12,20.93,55.30,18.77,1037.97,90.08,3.94,0.44,6.21,0.28,8.09,1.94,0.00,0.00,1.56,1.12,1.65,2.95,2.40,3.62,3.46,17.56,48.93,7.06,2.98,3.77,12244.99,118.40,1817.63,1367.86,409.81,3505.13,206.26,67.61,68.02,3609.09,132.13,7.67,28.81,1700.11,74.37,30.04,21.46,147.33,72.45,38.18,30.59,79.45,26.96,1484.02,128.80,5.02,0.56,7.77,0.35,10.07,2.42,0.00,0.00,1.84,1.32,2.22,3.98,3.20,4.83,3.86,19.60,52.71,7.60,3.38,4.28
56.20,56.2,28/11/2025 12:28:00,1.840,-1.196,,16.1,755726.0,596408.0,993673.97,113.84,1126.13,622.98,203.95,1657.62,97.73,34.95,30.09,1384.79,50.99,0.00,0.00,1224.64,53.29,25.68,12.94,38.77,40.13,20.44,20.49,55.73,18.82,1059.26,92.02,3.87,0.44,7.10,0.32,6.97,1.86,0.00,0.00,1.77,1.12,2.24,3.02,2.77,3.61,7.35,17.64,50.66,7.11,4.59,3.74,11999.17,188.78,1867.43,1177.10,385.35,3546.21,209.07,80.09,68.94,3457.70,127.31,0.00,0.00,1713.53,74.56,42.85,21.58,69.22,71.63,29.88,29.94,80.07,27.05,1514.47,131.57,4.92,0.55,8.89,0.41,8.68,2.32,0.00,0.00,2.10,1.32,3.02,4.08,3.69,4.82,8.20,19.69,54.57,7.66,5.20,4.24
56.30,56.3,28/11/2025 12:29:08,1.420,6.016,,16.1,754202.0,595495.0,993805.55,59.32,1126.50,614.66,201.12,1642.30,96.86,2.12,1.29,1476.37,53.50,0.00,0.00,1141.07,52.86,42.64,16.81,70.61,40.15,40.38,22.46,51.28,18.50,970.43,84.15,3.99,0.44,13.13,0.66,6.84,1.91,0.00,0.00,2.31,1.12,1.43,2.93,3.26,3.65,1.90,17.47,46.98,6.98,3.43,3.71,11874.00,98.37,1868.05,1161.38,380.01,3513.44,207.21,4.86,2.95,3686.35,133.59,0.00,0.00,1596.59,73.96,71.14,28.06,126.06,71.68,59.02,32.83,73.68,26.58,1387.46,120.31,5.07,0.56,16.43,0.82,8.52,2.38,0.00,0.00,2.73,1.33,1.93,3.96,4.34,4.87,2.13,19.50,50.61,7.52,3.89,4.21
56.40,56.4,28/11/2025 12:29:42,1.262,1.186,,16.1,752775.0,595293.0,993512.39,44.26,1103.93,671.58,207.83,1774.13,102.17,25.42,29.12,1384.72,50.48,13.71,23.35,1228.16,53.34,16.62,12.78,103.32,40.28,79.87,29.27,52.84,18.44,995.77,86.20,3.87,0.43,11.27,0.55,7.49,1.95,0.00,0.00,2.14,1.12,1.50,2.99,2.83,3.60,17.91,17.29,47.14,7.12,3.05,3.74,12327.97,73.40,1830.63,1268.93,392.68,3795.45,218.57,58.25,66.72,3457.52,126.03,16.52,28.13,1718.45,74.63,27.73,21.32,184.44,71.91,116.73,42.77,75.92,26.50,1423.70,123.25,4.92,0.55,14.10,0.68,9.32,2.42,0.00,0.00,2.54,1.33,2.03,4.04,3.77,4.80,20.00,19.30,50.78,7.67,3.46,4.24
56.50,56.5,28/11/2025 12:30:26,2.255,5.949,,16.1,752998.0,594204.0,993390.20,107.33,1065.15,909.29,237.60,1705.08,99.05,24.26,29.22,1454.34,53.04,0.00,0.00,1214.22,53.43,21.61,12.88,62.02,40.16,29.52,21.17,44.56,18.33,956.95,82.89,3.60,0.43,4.84,0.22,6.40,1.95,0.00,0.00,1.48,1.09,2.18,2.96,3.14,3.61,9.68,17.51,46.46,7.03,2.83,3.72,12643.37,177.99,1766.31,1718.08,448.94,3647.73,211.90,55.58,66.96,3631.35,132.44,0.00,0.00,1698.94,74.76,36.05,21.49,110.72,71.69,43.15,30.94,64.03,26.33,1368.19,118.51,4.58,0.55,6.05,0.28,7.97,2.43,0.00,0.00,1.75,1.29,2.95,3.99,4.19,4.81,10.80,19.55,50.05,7.57,3.21,4.22
56.60,56.6,28/11/2025 12:31:00,1.931,6.675,1181245.590,16.1,751683.0,593499.0,993553.01,74.16,1078.15,814.36,226.49,1595.70,94.46,27.00,29.47,1465.83,53.36,43.42,44.71,1226.77,53.13,11.25,12.79,57.84,39.98,53.93,24.50,72.38,19.24,917.77,79.42,3.77,0.44,4.76,0.22,7.05,1.91,0.00,0.00,1.81,1.11,2.59,2.96,2.13,3.63,11.80,17.43,48.85,6.99,3.82,3.71,12281.29,122.98,1787.87,1538.70,427.95,3413.74,202.09,61.88,67.53,3660.04,133.25,52.31,53.86,1716.50,74.34,18.77,21.33,103.25,71.37,78.82,35.81,104.00,27.65,1312.17,113.55,4.80,0.56,5.96,0.27,8.78,2.38,0.00,0.00,2.14,1.32,3.49,3.99,2.83,4.84,13.18,19.46,52.62,7.54,4.33,4.21
56.70,56.7,28/11/2025 12:31:34,2.890,11.374,,16.1,752253.0,592498.0,993710.57,123.06,1099.45,626.23,201.50,1680.15,98.16,39.39,30.42,1442.83,52.61,0.00,0.00,1169.21,52.85,6.45,12.73,86.51,40.29,61.20,25.73,60.37,18.76,899.84,77.90,3.87,0.44,11.51,0.56,8.07,1.89,0.00,0.00,2.08,1.12,1.95,2.93,1.19,3.60,11.31,17.37,51.76,7.11,2.46,3.74,12045.69,204.06,1823.20,1183.25,380.72,3594.40,209.99,90.25,69.70,3602.60,131.36,0.00,0.00,1635.96,73.95,10.76,21.23,154.43,71.92,89.45,37.61,86.74,26.96,1286.54,111.38,4.93,0.56,14.40,0.70,10.04,2.36,0.00,0.00,2.46,1.33,2.63,3.95,1.59,4.80,12.63,19.40,55.76,7.66,2.79,4.24
56.80,56.8,28/11/2025 12:32:08,2.625,11.569,,16.1,750581.0,591572.0,993809.80,50.88,1087.55,654.75,206.92,1640.93,96.44,30.72,29.61,1384.94,49.99,0.00,0.00,1166.03,52.80,25.57,12.81,91.45,39.84,70.80,27.30,80.82,19.41,909.29,78.59,3.71,0.43,4.89,0.22,5.79,1.86,0.00,0.00,1.91,1.13,1.59,2.90,2.08,3.62,10.64,17.15,50.91,7.05,2.49,3.67,11812.33,84.38,1803.46,1237.13,390.97,3510.51,206.31,70.38,67.85,3458.06,124.83,0.00,0.00,1631.52,73.88,42.67,21.37,163.26,71.13,103.48,39.90,116.13,27.88,1300.05,112.37,4.72,0.55,6.12,0.28,7.20,2.31,0.00,0.00,2.26,1.33,2.15,3.92,2.77,4.83,11.88,19.15,54.84,7.59,2.83,4.17
56.90,56.9,28/11/2025 12:32:42,2.796,12.170,,16.1,750710.0,592039.0,993624.28,16.54,1114.80,837.95,234.82,1708.32,99.88,37.55,30.67,1482.74,54.00,0.00,0.00,1191.17,53.14,17.50,12.75,83.38,40.19,24.49,20.61,43.75,18.27,847.66,73.50,4.12,0.45,4.85,0.22,7.15,1.88,0.00,0.00,2.38,1.12,2.16,2.94,2.15,3.59,10.17,17.39,48.96,7.05,2.73,3.72,12305.01,27.43,1848.65,1583.27,443.68,3654.66,213.68,86.05,70.28,3702.26,134.84,0.00,0.00,1666.69,74.35,29.20,21.28,148.84,71.75,35.79,30.13,62.86,26.25,1211.94,105.09,5.24,0.57,6.07,0.27,8.90,2.34,0.00,0.00,2.81,1.33,2.92,3.97,2.86,4.79,11.35,19.42,52.74,7.60,3.10,4.22
57.00,57.0,28/11/2025 12:33:26,2.712,12.495,,16.1,750278.0,592296.0,993570.99,65.65,1104.23,715.82,215.44,1790.99,103.11,29.43,29.46,1429.28,52.26,0.00,0.00,1208.45,53.04,28.96,12.80,78.98,40.04,46.41,23.28,55.83,18.57,887.51,76.88,3.47,0.42,4.85,0.22,8.18,1.97,0.00,0.00,2.04,1.13,1.02,2.97,2.64,3.61,13.91,17.38,52.66,7.20,2.95,3.72,12329.82,108.86,1831.12,1352.51,407.06,3831.53,220.59,67.43,67.50,3568.78,130.48,0.00,0.00,1690.86,74.21,48.32,21.35,141.00,71.48,67.83,34.02,80.22,26.68,1268.91,109.93,4.42,0.53,6.07,0.28,10.18,2.45,0.00,0.00,2.42,1.33,1.37,4.01,3.52,4.81,15.53,19.40,56.72,7.76,3.34,4.23
57.10,57.1,28/11/2025 12:34:00,2.969,6.609,1181251.410,16.1,751971.0,592532.0,993629.41,82.69,1128.43,698.82,214.90,1683.26,98.97,28.72,30.03,1423.60,52.14,0.00,0.00,1238.03,53.35,20.04,12.85,81.21,40.21,37.36,22.06,50.03,18.50,937.58,81.25,3.43,0.42,4.93,0.22,6.22,1.92,0.00,0.00,3.95,1.15,2.36,2.97,2.15,3.59,14.81,17.42,49.15,7.16,2.25,3.73,12157.68,137.13,1871.24,1320.40,406.05,3601.06,211.74,65.81,68.81,3554.60,130.19,0.00,0.00,1732.25,74.65,33.44,21.45,144.97,71.79,54.61,32.25,71.89,26.59,1340.49,116.17,4.36,0.53,6.17,0.28,7.74,2.39,0.00,0.00,4.67,1.36,3.19,4.02,2.87,4.79,16.53,19.45,52.94,7.71,2.55,4.23
57.20,57.2,28/11/2025 12:34:33,2.598,4.364,,16.1,752594.0,592817.0,993442.05,38.71,1092.16,797.67,227.47,1807.67,104.54,27.46,29.85,1490.63,54.01,0.00,0.00,1200.96,53.47,31.29,13.59,67.31,40.12,42.14,22.77,53.80,18.62,887.19,76.88,3.88,0.44,36.96,2.96,8.67,1.93,0.00,0.00,2.29,1.15,2.45,3.00,2.28,3.64,4.85,17.47,49.20,7.10,2.54,3.69,12615.90,64.19,1811.11,1507.17,429.80,3867.20,223.65,62.92,68.40,3721.96,134.86,0.00,0.00,1680.39,74.81,52.21,22.67,120.16,71.62,61.59,33.28,77.31,26.75,1268.45,109.92,4.94,0.56,46.26,3.71,10.79,2.40,0.00,0.00,2.71,1.36,3.31,4.05,3.04,4.85,5.42,19.51,53.00,7.65,2.88,4.19
57.30,57.3,28/11/2025 12:35:06,3.163,7.010,,16.1,751753.0,593243.0,993532.31,47.03,1112.35,635.97,204.79,1838.57,105.15,23.52,12.38,1452.02,52.79,0.00,0.00,1286.43,53.79,47.91,18.03,62.47,40.11,33.86,21.71,51.84,18.52,897.62,77.72,3.47,0.41,17.20,0.93,9.49,1.98,0.00,0.00,2.17,1.15,2.91,3.01,3.01,3.63,2.93,17.52,46.11,7.01,3.15,3.78,12395.97,77.99,1844.58,1201.64,386.94,3933.31,224.96,53.90,28.36,3625.57,131.80,0.00,0.00,1799.98,75.27,79.93,30.09,111.52,71.60,49.48,31.72,74.49,26.61,1283.37,111.13,4.41,0.52,21.52,1.16,11.81,2.47,0.00,0.00,2.57,1.36,3.93,4.07,4.02,4.84,3.27,19.56,49.67,7.55,3.58,4.28
57.40,57.4,28/11/2025 12:35:40,2.843,7.141,,16.1,751519.0,593661.0,993362.59,97.68,1104.20,741.41,220.40,1761.74,102.17,31.40,29.86,1513.21,54.66,0.00,0.00,1277.37,53.75,21.92,12.84,75.55,40.23,39.05,22.28,47.58,18.34,925.51,80.15,3.85,0.43,27.55,1.84,5.89,1.87,0.00,0.00,1.70,1.14,2.03,3.00,3.16,3.65,12.28,17.45,45.97,7.01,2.54,3.81,12711.34,161.98,1831.07,1400.87,416.45,3768.96,218.57,71.95,68.42,3778.35,136.49,0.00,0.00,1787.30,75.21,36.57,21.43,134.88,71.83,57.08,32.57,68.37,26.35,1323.24,114.59,4.89,0.55,34.49,2.31,7.33,2.32,0.00,0.00,2.01,1.35,2.75,4.06,4.21,4.86,13.72,19.49,49.52,7.55,2.88,4.32
57.50,57.5,28/11/2025 12:36:24,3.544,2.841,,16.1,752766.0,592500.0,993558.92,76.24,1127.92,669.04,213.11,1888.39,107.97,23.19,29.33,1479.13,53.62,0.00,0.00,1227.53,53.27,26.32,12.86,61.93,40.10,41.91,22.76,43.97,18.33,807.57,70.21,3.39,0.42,10.00,0.48,7.26,1.96,0.00,0.00,1.68,1.12,2.02,3.03,2.98,3.61,14.67,17.50,51.34,7.23,2.51,3.77,12437.03,126.43,1870.41,1264.13,402.66,4039.91,230.99,53.14,67.20,3693.24,133.88,0.00,0.00,1717.56,74.54,43.91,21.45,110.56,71.59,61.26,33.27,63.18,26.34,1154.62,100.39,4.31,0.53,12.52,0.60,9.03,2.44,0.00,0.00,1.98,1.32,2.73,4.10,3.98,4.82,16.38,19.54,55.30,7.78,2.85,4.28
57.60,57.6,28/11/2025 12:36:58,3.213,9.718,1181249.358,16.2,748624.0,588581.0,993765.85,47.63,1130.24,658.85,207.60,1761.66,102.02,38.68,31.04,1489.22,53.93,0.00,0.00,1228.29,53.28,21.93,12.84,35.71,39.68,43.89,22.94,40.63,18.09,780.75,67.77,3.68,0.43,11.57,0.57,5.38,1.88,0.00,0.00,1.76,1.12,2.84,2.94,1.56,3.60,12.30,17.43,45.64,6.94,2.16,3.73,12056.71,78.98,1874.25,1244.88,392.26,3768.78,218.25,88.63,71.13,3718.45,134.66,0.00,0.00,1718.62,74.55,36.59,21.42,63.76,70.84,64.15,33.53,58.38,25.99,1116.27,96.89,4.68,0.55,14.48,0.71,6.70,2.34,0.00,0.00,2.09,1.33,3.83,3.97,2.09,4.79,13.73,19.46,49.17,7.48,2.45,4.23
57.70,57.7,28/11/2025 12:37:31,2.604,3.835,,16.2,747718.0,584476.0,993843.78,100.67,1098.75,511.23,184.05,1849.28,105.77,29.10,30.04,1433.09,52.31,0.00,0.00,1233.88,53.28,46.04,17.40,79.25,39.90,37.04,21.97,34.92,17.96,717.49,62.60,4.07,0.44,13.88,0.70,6.38,1.84,0.00,0.00,1.53,1.12,2.19,2.93,1.95,3.56,2.59,17.33,48.64,7.00,3.02,3.77,11905.52,166.93,1822.04,965.95,347.76,3956.23,226.27,66.67,68.84,3578.30,130.62,0.00,0.00,1726.45,74.55,76.82,29.03,141.47,71.23,54.13,32.10,50.18,25.81,1025.83,89.51,5.18,0.55,17.37,0.88,7.94,2.29,0.00,0.00,1.80,1.32,2.95,3.96,2.60,4.74,2.89,19.35,52.39,7.54,3.43,4.28
57.80,57.8,28/11/2025 12:38:05,3.227,9.192,,16.2,745382.0,581102.0,993523.73,43.32,1103.14,758.22,220.51,1865.02,106.06,46.56,31.99,1401.76,50.38,12.23,23.14,1221.89,53.05,7.76,12.71,130.28,40.22,64.75,26.08,73.40,19.01,718.14,62.36,3.54,0.41,4.86,0.22,6.66,1.90,0.00,0.00,1.96,1.13,1.89,2.92,2.23,3.52,62.69,37.42,45.96,6.99,3.16,3.76,12447.68,71.84,1829.31,1432.62,416.64,3989.90,226.91,106.68,73.30,3500.06,125.80,14.73,27.87,1709.68,74.23,12.95,21.20,232.57,71.80,94.63,38.11,105.46,27.31,1026.76,89.16,4.50,0.53,6.08,0.27,8.29,2.37,0.00,0.00,2.32,1.33,2.56,3.94,2.98,4.70,70.00,41.78,49.51,7.53,3.58,4.26
57.90,57.9,28/11/2025 12:38:38,3.155,6.747,,16.2,745494.0,585350.0,993639.41,73.44,1036.23,757.85,219.18,1803.19,103.94,18.04,29.02,1528.62,54.94,0.00,0.00,1199.29,52.87,23.07,12.76,66.30,39.83,38.26,22.09,44.37,18.18,724.32,63.06,3.78,0.42,4.87,0.22,6.78,1.85,0.00,0.00,2.52,1.13,2.07,2.94,1.89,3.56,9.65,17.34,50.25,7.11,2.03,3.71,12354.51,121.78,1718.35,1431.93,414.13,3857.62,222.36,41.33,66.49,3816.82,137.18,0.00,0.00,1678.05,73.97,38.49,21.30,118.36,71.10,55.93,32.29,63.75,26.12,1035.59,90.17,4.81,0.54,6.10,0.27,8.44,2.30,0.00,0.00,2.97,1.34,2.79,3.98,2.52,4.74,10.78,19.36,54.13,7.66,2.31,4.21
