Exported at 03/06/2025 11:22:45, , , , , , , , , , , , , , , , , , , , , , , , , , , , , , , , , , , , , , , , , , , , , , , , , , , , , , , , , , , , , , , , , , , , , , , , , , , , , , , , , , , , , , , , , , , , , , , , , , 
Core ID:,TL09-B-60m 1 czesc, , , , , , , , , , , , , , , , , , , , , , , , , , , , , , , , , , , , , , , , , , , , , , , , , , , , , , , , , , , , , , , , , , , , , , , , , , , , , , , , , , , , , , , , , , , , , , , , , 
Comments:,, , , , , , , , , , , , , , , , , , , , , , , , , , , , , , , , , , , , , , , , , , , , , , , , , , , , , , , , , , , , , , , , , , , , , , , , , , , , , , , , , , , , , , , , , , , , , , , , , 
XRF Measurement Mode:,He - 15x1mm, , , , , , , , , , , , , , , , , , , , , , , , , , , , , , , , , , , , , , , , , , , , , , , , , , , , , , , , , , , , , , , , , , , , , , , , , , , , , , , , , , , , , , , , , , , , , , , , , 
Depth,Depth In Core,Time Stamp,Laser Profiler,Magnetic Susceptibility,Mag Sus in Air,XRF Total Live Time,XRF Total Counts,,XRF Elements(ppm), , , , , , , , , , , , , , , , , , , , , , , , , , , , , , , , , , , , , , , , , , , , ,XRF Oxides(ppm), , , , , , , , , , , , , , , , , , , , , , , , , , , , , , , , , , , , , , , , , , , , 
cm,cm,,mm,x10^-5 SI,x10^-5 SI,Seconds,Beam 1,Beam 2,LE (Value),Mg (Value),Mg (Error),Al (Value),Al (Error),Si (Value),Si (Error),P (Value),P (Error),S (Value),S (Error),K (Value),K (Error),Ca (Value),Ca (Error),Ti (Value),Ti (Error),V (Value),V (Error),Cr (Value),Cr (Error),Mn (Value),Mn (Error),Fe (Value),Fe (Error),Ni (Value),Ni (Error),Cu (Value),Cu (Error),Zn (Value),Zn (Error),As (Value),As (Error),Sr (Value),Sr (Error),Zr (Value),Zr (Error),Mo (Value),Mo (Error),Ba (Value),Ba (Error),Pb (Value),Pb (Error),U (Value),U (Error),LE (Value),MgO (Value),MgO (Error),Al2O3 (Value),Al2O3 (Error),SiO2 (Value),SiO2 (Error),P2O5 (Value),P2O5 (Error),SO3 (Value),SO3 (Error),K2O (Value),K2O (Error),CaO (Value),CaO (Error),TiO2 (Value),TiO2 (Error),V2O5 (Value),V2O5 (Error),Cr2O3 (Value),Cr2O3 (Error),Mn2O3 (Value),Mn2O3 (Error),Fe2O3 (Value),Fe2O3 (Error),NiO (Value),NiO (Error),CuO (Value),CuO (Error),ZnO (Value),ZnO (Error),As2O3 (Value),As2O3 (Error),SrO (Value),SrO (Error),ZrO2 (Value),ZrO2 (Error),MoO2 (Value),MoO2 (Error),BaO (Value),BaO (Error),PbO (Value),PbO (Error),UO2 (Value),UO2 (Error)
0.00,0.0,02/06/2025 15:11:11*,-85.182, , , , , , , , , , , , , , , , , , , , , , , , , , , , , , , , , , , , , , , , , , , , , , , , , , , , , , , , , , , , , , , , , , , , , , , , , , , , , , , , , , , , , , , , , , , , , , , 
0.11,0.1,02/06/2025 15:11:11*,-85.182, , , , , , , , , , , , , , , , , , , , , , , , , , , , , , , , , , , , , , , , , , , , , , , , , , , , , , , , , , , , , , , , , , , , , , , , , , , , , , , , , , , , , , , , , , , , , , , 
0.20,0.2,02/06/2025 15:11:11*,-85.180, , , , , , , , , , , , , , , , , , , , , , , , , , , , , , , , , , , , , , , , , , , , , , , , , , , , , , , , , , , , , , , , , , , , , , , , , , , , , , , , , , , , , , , , , , , , , , , 
0.30,0.3,02/06/2025 15:11:11*,-85.185, , , , , , , , , , , , , , , , , , , , , , , , , , , , , , , , , , , , , , , , , , , , , , , , , , , , , , , , , , , , , , , , , , , , , , , , , , , , , , , , , , , , , , , , , , , , , , , 
0.40,0.4,02/06/2025 15:11:11*,-85.188, , , , , , , , , , , , , , , , , , , , , , , , , , , , , , , , , , , , , , , , , , , , , , , , , , , , , , , , , , , , , , , , , , , , , , , , , , , , , , , , , , , , , , , , , , , , , , , 
0.50,0.5,02/06/2025 15:11:11*,-85.181, , , , , , , , , , , , , , , , , , , , , , , , , , , , , , , , , , , , , , , , , , , , , , , , , , , , , , , , , , , , , , , , , , , , , , , , , , , , , , , , , , , , , , , , , , , , , , , 
0.60,0.6,02/06/2025 15:11:11*,-85.181, , , , , , , , , , , , , , , , , , , , , , , , , , , , , , , , , , , , , , , , , , , , , , , , , , , , , , , , , , , , , , , , , , , , , , , , , , , , , , , , , , , , , , , , , , , , , , , 
0.70,0.7,02/06/2025 15:11:11*,-85.181, , , , , , , , , , , , , , , , , , , , , , , , , , , , , , , , , , , , , , , , , , , , , , , , , , , , , , , , , , , , , , , , , , , , , , , , , , , , , , , , , , , , , , , , , , , , , , , 
0.80,0.8,02/06/2025 15:11:11*,-85.182, , , , , , , , , , , , , , , , , , , , , , , , , , , , , , , , , , , , , , , , , , , , , , , , , , , , , , , , , , , , , , , , , , , , , , , , , , , , , , , , , , , , , , , , , , , , , , , 
0.90,0.9,02/06/2025 15:11:11*,-85.186, , , , , , , , , , , , , , , , , , , , , , , , , , , , , , , , , , , , , , , , , , , , , , , , , , , , , , , , , , , , , , , , , , , , , , , , , , , , , , , , , , , , , , , , , , , , , , , 
1.00,1.0,02/06/2025 15:11:11*,-85.191, , , , , , , , , , , , , , , , , , , , , , , , , , , , , , , , , , , , , , , , , , , , , , , , , , , , , , , , , , , , , , , , , , , , , , , , , , , , , , , , , , , , , , , , , , , , , , , 
1.10,1.1,02/06/2025 15:11:11*,-85.197, , , , , , , , , , , , , , , , , , , , , , , , , , , , , , , , , , , , , , , , , , , , , , , , , , , , , , , , , , , , , , , , , , , , , , , , , , , , , , , , , , , , , , , , , , , , , , , 
1.20,1.2,02/06/2025 15:11:11*,-85.190, , , , , , , , , , , , , , , , , , , , , , , , , , , , , , , , , , , , , , , , , , , , , , , , , , , , , , , , , , , , , , , , , , , , , , , , , , , , , , , , , , , , , , , , , , , , , , , 
1.30,1.3,02/06/2025 15:11:11*,-85.185, , , , , , , , , , , , , , , , , , , , , , , , , , , , , , , , , , , , , , , , , , , , , , , , , , , , , , , , , , , , , , , , , , , , , , , , , , , , , , , , , , , , , , , , , , , , , , , 
1.40,1.4,02/06/2025 15:11:11*,-85.188, , , , , , , , , , , , , , , , , , , , , , , , , , , , , , , , , , , , , , , , , , , , , , , , , , , , , , , , , , , , , , , , , , , , , , , , , , , , , , , , , , , , , , , , , , , , , , , 
1.50,1.5,02/06/2025 15:11:11*,-85.194, , , , , , , , , , , , , , , , , , , , , , , , , , , , , , , , , , , , , , , , , , , , , , , , , , , , , , , , , , , , , , , , , , , , , , , , , , , , , , , , , , , , , , , , , , , , , , , 
1.60,1.6,02/06/2025 15:11:11*,-85.194, , , , , , , , , , , , , , , , , , , , , , , , , , , , , , , , , , , , , , , , , , , , , , , , , , , , , , , , , , , , , , , , , , , , , , , , , , , , , , , , , , , , , , , , , , , , , , , 
1.70,1.7,02/06/2025 15:11:11*,-85.196, , , , , , , , , , , , , , , , , , , , , , , , , , , , , , , , , , , , , , , , , , , , , , , , , , , , , , , , , , , , , , , , , , , , , , , , , , , , , , , , , , , , , , , , , , , , , , , 
1.80,1.8,02/06/2025 15:11:11*,-85.195, , , , , , , , , , , , , , , , , , , , , , , , , , , , , , , , , , , , , , , , , , , , , , , , , , , , , , , , , , , , , , , , , , , , , , , , , , , , , , , , , , , , , , , , , , , , , , , 
1.90,1.9,02/06/2025 15:11:11*,-85.191, , , , , , , , , , , , , , , , , , , , , , , , , , , , , , , , , , , , , , , , , , , , , , , , , , , , , , , , , , , , , , , , , , , , , , , , , , , , , , , , , , , , , , , , , , , , , , , 
2.00,2.0,02/06/2025 15:11:11*,-85.187, , , , , , , , , , , , , , , , , , , , , , , , , , , , , , , , , , , , , , , , , , , , , , , , , , , , , , , , , , , , , , , , , , , , , , , , , , , , , , , , , , , , , , , , , , , , , , , 
2.11,2.1,02/06/2025 15:11:11*,-85.188, , , , , , , , , , , , , , , , , , , , , , , , , , , , , , , , , , , , , , , , , , , , , , , , , , , , , , , , , , , , , , , , , , , , , , , , , , , , , , , , , , , , , , , , , , , , , , , 
2.21,2.2,02/06/2025 15:11:11*,-85.192, , , , , , , , , , , , , , , , , , , , , , , , , , , , , , , , , , , , , , , , , , , , , , , , , , , , , , , , , , , , , , , , , , , , , , , , , , , , , , , , , , , , , , , , , , , , , , , 
2.31,2.3,02/06/2025 15:11:11*,-85.187, , , , , , , , , , , , , , , , , , , , , , , , , , , , , , , , , , , , , , , , , , , , , , , , , , , , , , , , , , , , , , , , , , , , , , , , , , , , , , , , , , , , , , , , , , , , , , , 
2.41,2.4,02/06/2025 15:11:11*,-85.186, , , , , , , , , , , , , , , , , , , , , , , , , , , , , , , , , , , , , , , , , , , , , , , , , , , , , , , , , , , , , , , , , , , , , , , , , , , , , , , , , , , , , , , , , , , , , , , 
2.51,2.5,02/06/2025 15:11:11*,-85.183, , , , , , , , , , , , , , , , , , , , , , , , , , , , , , , , , , , , , , , , , , , , , , , , , , , , , , , , , , , , , , , , , , , , , , , , , , , , , , , , , , , , , , , , , , , , , , , 
2.61,2.6,02/06/2025 15:11:11*,-85.182, , , , , , , , , , , , , , , , , , , , , , , , , , , , , , , , , , , , , , , , , , , , , , , , , , , , , , , , , , , , , , , , , , , , , , , , , , , , , , , , , , , , , , , , , , , , , , , 
2.71,2.7,02/06/2025 15:11:11*,-85.187, , , , , , , , , , , , , , , , , , , , , , , , , , , , , , , , , , , , , , , , , , , , , , , , , , , , , , , , , , , , , , , , , , , , , , , , , , , , , , , , , , , , , , , , , , , , , , , 
2.81,2.8,02/06/2025 15:11:11*,-85.191, , , , , , , , , , , , , , , , , , , , , , , , , , , , , , , , , , , , , , , , , , , , , , , , , , , , , , , , , , , , , , , , , , , , , , , , , , , , , , , , , , , , , , , , , , , , , , , 
2.91,2.9,02/06/2025 15:11:11*,-85.188, , , , , , , , , , , , , , , , , , , , , , , , , , , , , , , , , , , , , , , , , , , , , , , , , , , , , , , , , , , , , , , , , , , , , , , , , , , , , , , , , , , , , , , , , , , , , , , 
3.01,3.0,02/06/2025 15:11:11*,-85.188, , , , , , , , , , , , , , , , , , , , , , , , , , , , , , , , , , , , , , , , , , , , , , , , , , , , , , , , , , , , , , , , , , , , , , , , , , , , , , , , , , , , , , , , , , , , , , , 
3.11,3.1,02/06/2025 15:11:11*,-85.191, , , , , , , , , , , , , , , , , , , , , , , , , , , , , , , , , , , , , , , , , , , , , , , , , , , , , , , , , , , , , , , , , , , , , , , , , , , , , , , , , , , , , , , , , , , , , , , 
3.21,3.2,02/06/2025 15:11:11*,-85.194, , , , , , , , , , , , , , , , , , , , , , , , , , , , , , , , , , , , , , , , , , , , , , , , , , , , , , , , , , , , , , , , , , , , , , , , , , , , , , , , , , , , , , , , , , , , , , , 
3.31,3.3,02/06/2025 15:11:11*,-85.190, , , , , , , , , , , , , , , , , , , , , , , , , , , , , , , , , , , , , , , , , , , , , , , , , , , , , , , , , , , , , , , , , , , , , , , , , , , , , , , , , , , , , , , , , , , , , , , 
3.41,3.4,02/06/2025 15:11:11*,-85.191, , , , , , , , , , , , , , , , , , , , , , , , , , , , , , , , , , , , , , , , , , , , , , , , , , , , , , , , , , , , , , , , , , , , , , , , , , , , , , , , , , , , , , , , , , , , , , , 
3.51,3.5,02/06/2025 15:11:11*,-85.192, , , , , , , , , , , , , , , , , , , , , , , , , , , , , , , , , , , , , , , , , , , , , , , , , , , , , , , , , , , , , , , , , , , , , , , , , , , , , , , , , , , , , , , , , , , , , , , 
3.61,3.6,02/06/2025 15:11:11*,-85.192, , , , , , , , , , , , , , , , , , , , , , , , , , , , , , , , , , , , , , , , , , , , , , , , , , , , , , , , , , , , , , , , , , , , , , , , , , , , , , , , , , , , , , , , , , , , , , , 
3.71,3.7,02/06/2025 15:11:11*,-85.192, , , , , , , , , , , , , , , , , , , , , , , , , , , , , , , , , , , , , , , , , , , , , , , , , , , , , , , , , , , , , , , , , , , , , , , , , , , , , , , , , , , , , , , , , , , , , , , 
3.81,3.8,02/06/2025 15:11:11*,-85.196, , , , , , , , , , , , , , , , , , , , , , , , , , , , , , , , , , , , , , , , , , , , , , , , , , , , , , , , , , , , , , , , , , , , , , , , , , , , , , , , , , , , , , , , , , , , , , , 
3.91,3.9,02/06/2025 15:11:11*,-85.190, , , , , , , , , , , , , , , , , , , , , , , , , , , , , , , , , , , , , , , , , , , , , , , , , , , , , , , , , , , , , , , , , , , , , , , , , , , , , , , , , , , , , , , , , , , , , , , 
4.01,4.0,02/06/2025 15:11:11*,-85.192, , , , , , , , , , , , , , , , , , , , , , , , , , , , , , , , , , , , , , , , , , , , , , , , , , , , , , , , , , , , , , , , , , , , , , , , , , , , , , , , , , , , , , , , , , , , , , , 
4.11,4.1,02/06/2025 15:11:11*,-85.195, , , , , , , , , , , , , , , , , , , , , , , , , , , , , , , , , , , , , , , , , , , , , , , , , , , , , , , , , , , , , , , , , , , , , , , , , , , , , , , , , , , , , , , , , , , , , , , 
4.21,4.2,02/06/2025 15:11:11*,-85.193, , , , , , , , , , , , , , , , , , , , , , , , , , , , , , , , , , , , , , , , , , , , , , , , , , , , , , , , , , , , , , , , , , , , , , , , , , , , , , , , , , , , , , , , , , , , , , , 
4.31,4.3,02/06/2025 15:11:11*,-85.195, , , , , , , , , , , , , , , , , , , , , , , , , , , , , , , , , , , , , , , , , , , , , , , , , , , , , , , , , , , , , , , , , , , , , , , , , , , , , , , , , , , , , , , , , , , , , , , 
4.41,4.4,02/06/2025 15:11:11*,-85.198, , , , , , , , , , , , , , , , , , , , , , , , , , , , , , , , , , , , , , , , , , , , , , , , , , , , , , , , , , , , , , , , , , , , , , , , , , , , , , , , , , , , , , , , , , , , , , , 
4.51,4.5,02/06/2025 15:11:11*,-85.196, , , , , , , , , , , , , , , , , , , , , , , , , , , , , , , , , , , , , , , , , , , , , , , , , , , , , , , , , , , , , , , , , , , , , , , , , , , , , , , , , , , , , , , , , , , , , , , 
4.61,4.6,02/06/2025 15:11:11*,-85.198, , , , , , , , , , , , , , , , , , , , , , , , , , , , , , , , , , , , , , , , , , , , , , , , , , , , , , , , , , , , , , , , , , , , , , , , , , , , , , , , , , , , , , , , , , , , , , , 
4.71,4.7,02/06/2025 15:11:11*,-85.198, , , , , , , , , , , , , , , , , , , , , , , , , , , , , , , , , , , , , , , , , , , , , , , , , , , , , , , , , , , , , , , , , , , , , , , , , , , , , , , , , , , , , , , , , , , , , , , 
4.81,4.8,02/06/2025 15:11:11*,-85.198, , , , , , , , , , , , , , , , , , , , , , , , , , , , , , , , , , , , , , , , , , , , , , , , , , , , , , , , , , , , , , , , , , , , , , , , , , , , , , , , , , , , , , , , , , , , , , , 
4.91,4.9,02/06/2025 15:11:11*,-85.195, , , , , , , , , , , , , , , , , , , , , , , , , , , , , , , , , , , , , , , , , , , , , , , , , , , , , , , , , , , , , , , , , , , , , , , , , , , , , , , , , , , , , , , , , , , , , , , 
5.01,5.0,02/06/2025 15:11:11*,-85.195, , , , , , , , , , , , , , , , , , , , , , , , , , , , , , , , , , , , , , , , , , , , , , , , , , , , , , , , , , , , , , , , , , , , , , , , , , , , , , , , , , , , , , , , , , , , , , , 
5.11,5.1,02/06/2025 15:11:11*,-85.194, , , , , , , , , , , , , , , , , , , , , , , , , , , , , , , , , , , , , , , , , , , , , , , , , , , , , , , , , , , , , , , , , , , , , , , , , , , , , , , , , , , , , , , , , , , , , , , 
5.21,5.2,02/06/2025 15:11:11*,-85.194, , , , , , , , , , , , , , , , , , , , , , , , , , , , , , , , , , , , , , , , , , , , , , , , , , , , , , , , , , , , , , , , , , , , , , , , , , , , , , , , , , , , , , , , , , , , , , , 
5.31,5.3,02/06/2025 15:11:11*,-85.196, , , , , , , , , , , , , , , , , , , , , , , , , , , , , , , , , , , , , , , , , , , , , , , , , , , , , , , , , , , , , , , , , , , , , , , , , , , , , , , , , , , , , , , , , , , , , , , 
5.41,5.4,02/06/2025 15:11:11*,-85.197, , , , , , , , , , , , , , , , , , , , , , , , , , , , , , , , , , , , , , , , , , , , , , , , , , , , , , , , , , , , , , , , , , , , , , , , , , , , , , , , , , , , , , , , , , , , , , , 
5.51,5.5,02/06/2025 15:11:11*,-85.196, , , , , , , , , , , , , , , , , , , , , , , , , , , , , , , , , , , , , , , , , , , , , , , , , , , , , , , , , , , , , , , , , , , , , , , , , , , , , , , , , , , , , , , , , , , , , , , 
5.61,5.6,02/06/2025 15:11:11*,-85.188, , , , , , , , , , , , , , , , , , , , , , , , , , , , , , , , , , , , , , , , , , , , , , , , , , , , , , , , , , , , , , , , , , , , , , , , , , , , , , , , , , , , , , , , , , , , , , , 
5.71,5.7,02/06/2025 15:11:11*,-85.193, , , , , , , , , , , , , , , , , , , , , , , , , , , , , , , , , , , , , , , , , , , , , , , , , , , , , , , , , , , , , , , , , , , , , , , , , , , , , , , , , , , , , , , , , , , , , , , 
5.81,5.8,02/06/2025 15:11:11*,-85.196, , , , , , , , , , , , , , , , , , , , , , , , , , , , , , , , , , , , , , , , , , , , , , , , , , , , , , , , , , , , , , , , , , , , , , , , , , , , , , , , , , , , , , , , , , , , , , , 
5.91,5.9,02/06/2025 15:11:11*,-85.196, , , , , , , , , , , , , , , , , , , , , , , , , , , , , , , , , , , , , , , , , , , , , , , , , , , , , , , , , , , , , , , , , , , , , , , , , , , , , , , , , , , , , , , , , , , , , , , 
6.01,6.0,02/06/2025 15:11:11*,-85.195, , , , , , , , , , , , , , , , , , , , , , , , , , , , , , , , , , , , , , , , , , , , , , , , , , , , , , , , , , , , , , , , , , , , , , , , , , , , , , , , , , , , , , , , , , , , , , , 
6.11,6.1,02/06/2025 15:11:11*,-85.197, , , , , , , , , , , , , , , , , , , , , , , , , , , , , , , , , , , , , , , , , , , , , , , , , , , , , , , , , , , , , , , , , , , , , , , , , , , , , , , , , , , , , , , , , , , , , , , 
6.21,6.2,02/06/2025 15:11:11*,-85.196, , , , , , , , , , , , , , , , , , , , , , , , , , , , , , , , , , , , , , , , , , , , , , , , , , , , , , , , , , , , , , , , , , , , , , , , , , , , , , , , , , , , , , , , , , , , , , , 
6.31,6.3,02/06/2025 15:11:11*,-85.197, , , , , , , , , , , , , , , , , , , , , , , , , , , , , , , , , , , , , , , , , , , , , , , , , , , , , , , , , , , , , , , , , , , , , , , , , , , , , , , , , , , , , , , , , , , , , , , 
6.41,6.4,02/06/2025 15:11:11*,-85.195, , , , , , , , , , , , , , , , , , , , , , , , , , , , , , , , , , , , , , , , , , , , , , , , , , , , , , , , , , , , , , , , , , , , , , , , , , , , , , , , , , , , , , , , , , , , , , , 
6.51,6.5,02/06/2025 15:11:11*,-85.193, , , , , , , , , , , , , , , , , , , , , , , , , , , , , , , , , , , , , , , , , , , , , , , , , , , , , , , , , , , , , , , , , , , , , , , , , , , , , , , , , , , , , , , , , , , , , , , 
6.61,6.6,02/06/2025 15:11:11*,-85.195, , , , , , , , , , , , , , , , , , , , , , , , , , , , , , , , , , , , , , , , , , , , , , , , , , , , , , , , , , , , , , , , , , , , , , , , , , , , , , , , , , , , , , , , , , , , , , , 
6.71,6.7,02/06/2025 15:11:11*,-85.181, , , , , , , , , , , , , , , , , , , , , , , , , , , , , , , , , , , , , , , , , , , , , , , , , , , , , , , , , , , , , , , , , , , , , , , , , , , , , , , , , , , , , , , , , , , , , , , 
6.81,6.8,02/06/2025 15:11:11*,-85.180, , , , , , , , , , , , , , , , , , , , , , , , , , , , , , , , , , , , , , , , , , , , , , , , , , , , , , , , , , , , , , , , , , , , , , , , , , , , , , , , , , , , , , , , , , , , , , , 
6.91,6.9,02/06/2025 15:11:11*,-79.409, , , , , , , , , , , , , , , , , , , , , , , , , , , , , , , , , , , , , , , , , , , , , , , , , , , , , , , , , , , , , , , , , , , , , , , , , , , , , , , , , , , , , , , , , , , , , , , 
7.01,7.0,02/06/2025 15:11:11*,2.560, , , , , , , , , , , , , , , , , , , , , , , , , , , , , , , , , , , , , , , , , , , , , , , , , , , , , , , , , , , , , , , , , , , , , , , , , , , , , , , , , , , , , , , , , , , , , , , 
7.10,7.1,02/06/2025 15:11:11,14.462,9.522,1181345.908,16.2,861922.0,513629.0,993804.08,228.63,1642.77,1742.72,449.44,3002.65,175.09,157.52,95.00,280.07,36.42,0.00,0.00,355.05,47.58,0.00,0.00,127.63,41.96,60.99,25.94,13.64,17.67,84.53,34.54,3.58,0.38,31.23,2.28,6.23,1.71,0.00,0.00,0.49,0.95,1.98,2.55,2.74,3.02,80.64,49.46,13.31,5.34,2.26,3.32,12275.38,379.13,2724.17,3292.81,849.20,6423.67,374.58,360.94,217.68,699.31,90.93,0.00,0.00,496.79,66.57,0.00,0.00,227.85,74.90,89.14,37.92,19.60,25.38,120.86,49.38,4.56,0.49,39.10,2.85,7.76,2.13,0.00,0.00,0.58,1.12,2.67,3.44,3.66,4.03,90.04,55.22,14.34,5.75,2.56,3.77
7.20,7.2,02/06/2025 15:11:11,9.387,13.559,,16.1,870633.0,531485.0,993559.93,288.21,1643.13,1776.10,450.84,3071.68,177.02,111.79,71.18,314.88,36.51,0.00,0.00,379.50,48.44,1.28,13.59,107.20,42.13,66.23,27.00,31.79,18.13,217.32,37.95,3.59,0.39,20.27,1.17,6.52,1.74,0.00,0.00,1.49,1.00,0.67,2.58,3.81,3.11,23.02,18.10,12.62,5.49,2.11,3.39,12712.71,477.93,2724.76,3355.87,851.85,6571.35,378.70,256.15,163.10,786.23,91.16,0.00,0.00,530.99,67.78,2.14,22.68,191.36,75.20,96.81,39.46,45.68,26.06,310.71,54.27,4.57,0.50,25.37,1.47,8.12,2.17,0.00,0.00,1.76,1.18,0.91,3.49,5.08,4.15,25.70,20.20,13.59,5.92,2.39,3.84
7.30,7.3,02/06/2025 15:11:11,8.363,13.821,,16.0,882378.0,555250.0,993316.57,132.38,1628.64,1558.92,427.03,3309.19,186.51,117.22,74.85,397.38,36.53,0.00,0.00,412.38,49.34,0.00,0.00,136.09,43.09,81.67,30.19,55.10,19.06,416.07,39.36,3.45,0.40,4.90,0.22,8.53,1.88,0.00,0.00,1.37,1.04,1.66,2.72,1.92,3.27,24.17,18.33,17.58,5.56,3.43,3.53,13196.10,219.53,2700.73,2945.52,806.86,7079.47,399.02,268.60,171.51,992.22,91.20,0.00,0.00,577.01,69.03,0.00,0.00,242.95,76.93,119.37,44.13,79.18,27.39,594.87,56.27,4.39,0.51,6.14,0.27,10.62,2.35,0.00,0.00,1.62,1.23,2.24,3.68,2.56,4.36,26.98,20.46,18.93,5.99,3.89,4.01
7.40,7.4,02/06/2025 15:11:11,7.461,13.959,,15.9,891586.0,574646.0,992316.67,349.37,1685.55,1621.75,439.93,3584.14,198.41,71.75,52.09,393.61,37.21,0.00,0.00,447.32,50.20,15.62,13.84,106.07,43.01,67.64,27.62,73.11,19.98,883.36,77.46,3.59,0.43,18.38,1.02,7.71,1.94,0.00,0.00,1.64,1.09,2.05,2.89,1.22,3.47,16.46,18.46,15.99,5.82,2.56,3.60,14848.66,579.35,2795.11,3064.23,831.22,7667.69,424.46,164.41,119.35,982.80,92.92,0.00,0.00,625.89,70.23,26.06,23.09,189.35,76.78,98.87,40.36,105.04,28.71,1262.98,110.74,4.57,0.54,23.00,1.28,9.60,2.41,0.00,0.00,1.94,1.28,2.76,3.90,1.62,4.62,18.37,20.61,17.22,6.27,2.91,4.08
7.50,7.5,02/06/2025 15:11:11,6.094,14.087,,15.8,900852.0,590879.0,991439.83,464.31,1692.28,1651.14,445.46,3749.75,204.53,114.38,74.25,470.27,37.11,11.23,27.21,504.30,51.12,24.18,14.03,127.49,43.69,78.30,29.81,15.14,3.26,1287.21,113.14,3.70,0.44,5.02,0.23,6.90,1.91,0.00,0.00,2.52,1.14,2.05,2.96,1.95,3.62,18.77,18.62,17.91,6.08,3.65,3.80,16383.96,769.96,2806.27,3119.77,841.69,8021.97,437.56,262.08,170.13,1174.21,92.66,13.53,32.78,705.62,71.53,40.34,23.41,227.59,78.00,114.44,43.57,21.76,4.68,1840.38,161.77,4.71,0.55,6.29,0.28,8.59,2.38,0.00,0.00,2.98,1.35,2.77,4.00,2.60,4.83,20.96,20.79,19.30,6.55,4.14,4.31
7.60,7.6,02/06/2025 15:11:11,5.075,-1.723,1181356.096,15.7,914403.0,603375.0,990760.52,277.63,1707.44,1723.64,454.26,4236.53,221.78,89.50,61.86,508.81,37.17,80.14,67.76,514.99,52.16,23.56,14.26,112.61,44.32,57.76,26.34,5.84,1.32,1550.82,137.49,3.44,0.43,5.06,0.23,7.21,1.94,0.00,0.00,1.54,1.16,2.73,3.07,2.31,3.70,13.46,18.99,18.93,6.11,2.98,3.80,17690.62,460.39,2831.41,3256.75,858.31,9063.36,474.47,205.08,141.75,1270.44,92.81,96.54,81.62,720.58,72.99,39.31,23.80,201.02,79.12,84.42,38.50,8.39,1.90,2217.28,196.57,4.38,0.55,6.33,0.29,8.98,2.41,0.00,0.00,1.82,1.37,3.69,4.15,3.08,4.93,15.02,21.20,20.39,6.59,3.38,4.31
7.70,7.7,02/06/2025 15:11:11,4.801,-2.513,,15.6,921011.0,609316.0,990414.95,307.33,1687.24,1518.61,433.51,4521.61,233.06,125.58,80.57,411.28,37.79,57.02,58.85,583.80,52.96,15.14,14.40,91.05,44.30,73.32,29.21,27.74,5.82,1788.80,159.59,3.65,0.45,5.13,0.23,8.04,2.03,0.05,0.14,2.28,1.17,1.86,3.10,2.53,3.80,18.14,19.12,19.09,6.19,3.01,3.89,18218.75,509.64,2797.91,2869.35,819.09,9673.24,498.60,287.76,184.63,1026.92,94.35,68.68,70.89,816.86,74.11,25.26,24.03,162.54,79.08,107.17,42.69,39.86,8.36,2557.53,228.17,4.65,0.57,6.42,0.29,10.01,2.53,0.07,0.19,2.70,1.38,2.51,4.18,3.37,5.07,20.25,21.35,20.56,6.67,3.41,4.41
7.80,7.8,02/06/2025 15:11:11,4.014,3.766,,15.6,921057.0,612919.0,990711.64,363.00,1715.84,1767.16,461.77,4050.68,216.14,73.16,53.29,463.65,37.47,17.52,29.57,496.43,52.42,49.29,20.39,101.90,44.32,69.73,28.54,35.55,7.31,1730.01,154.19,3.72,0.45,11.47,0.56,9.28,2.04,0.00,0.00,2.37,1.18,2.84,3.12,2.49,3.82,16.86,19.10,17.05,6.12,4.19,3.98,17620.90,601.96,2845.34,3338.98,872.50,8665.75,462.39,167.63,122.11,1157.68,93.57,21.11,35.62,694.61,73.35,82.24,34.02,181.90,79.13,101.91,41.71,51.08,10.50,2473.48,220.45,4.74,0.57,14.36,0.70,11.56,2.54,0.00,0.00,2.81,1.39,3.84,4.21,3.32,5.10,18.83,21.33,18.37,6.60,4.75,4.52
7.90,7.9,02/06/2025 15:11:11,4.221,3.900,,15.6,923115.0,614679.0,989859.26,768.38,1645.84,2067.98,491.71,4210.92,220.55,73.83,53.24,432.95,37.94,13.67,27.93,533.17,53.00,22.86,14.36,108.47,44.35,74.38,29.46,19.37,4.20,1744.00,155.48,3.60,0.44,5.07,0.23,6.76,1.98,0.00,0.00,1.70,1.18,2.00,3.13,1.75,3.81,25.69,19.09,20.38,6.26,3.83,3.92,19145.96,1274.19,2729.25,3907.37,929.06,9008.57,471.84,169.17,121.99,1081.04,94.73,16.47,33.65,746.01,74.15,38.14,23.95,193.64,79.17,108.71,43.06,27.83,6.04,2493.47,222.30,4.58,0.56,6.35,0.29,8.41,2.47,0.00,0.00,2.01,1.39,2.70,4.22,2.33,5.08,28.68,21.32,21.95,6.74,4.34,4.45
8.00,8.0,02/06/2025 15:11:11,4.303,4.230,,15.6,919457.0,613723.0,990577.45,234.50,1666.79,1852.37,470.34,4220.73,221.57,95.67,64.91,427.76,37.73,13.24,27.72,535.33,52.51,5.21,14.36,137.44,44.84,61.73,27.08,0.83,0.19,1765.35,157.43,3.73,0.45,5.11,0.23,7.68,1.99,0.00,0.00,1.40,1.16,3.01,3.15,2.00,3.81,23.10,19.09,22.23,6.32,4.16,3.90,17923.65,388.87,2764.00,3499.99,888.69,9029.55,474.02,219.21,148.73,1068.08,94.21,15.95,33.39,749.04,73.47,8.69,23.96,245.35,80.06,90.22,39.58,1.19,0.28,2524.00,225.09,4.74,0.58,6.40,0.29,9.56,2.48,0.00,0.00,1.65,1.38,4.06,4.25,2.67,5.08,25.79,21.31,23.94,6.81,4.71,4.42
8.10,8.1,02/06/2025 15:11:11,3.018,-0.063,1181355.431,15.6,916739.0,612476.0,990390.34,451.50,1652.89,2008.02,486.53,4192.80,220.07,94.76,64.05,414.40,37.77,16.01,27.80,517.71,52.53,18.25,14.36,121.11,44.54,44.08,24.31,6.84,1.55,1650.48,146.67,3.65,0.44,8.09,0.37,8.50,1.96,0.02,0.14,2.40,1.17,2.28,3.11,3.67,3.81,21.71,19.06,20.83,6.22,2.54,3.85,18274.54,748.72,2740.95,3794.08,919.28,8969.81,470.80,217.12,146.76,1034.71,94.30,19.28,33.49,724.38,73.49,30.45,23.95,216.21,79.51,64.43,35.53,9.83,2.23,2359.76,209.71,4.64,0.56,10.13,0.47,10.58,2.44,0.03,0.19,2.83,1.38,3.08,4.20,4.90,5.07,24.24,21.28,22.44,6.70,2.88,4.37
8.20,8.2,02/06/2025 15:11:11,3.795,-2.246,,15.6,918162.0,612139.0,991067.46,501.11,1669.65,1748.03,454.39,3934.89,211.27,113.85,73.98,391.03,37.75,33.89,45.26,482.22,52.05,24.48,14.31,86.54,43.93,70.27,28.60,7.86,1.77,1468.73,130.00,3.58,0.44,10.21,0.49,6.41,1.95,0.00,0.00,1.58,1.14,1.42,3.05,2.23,3.77,22.56,19.03,17.81,5.99,3.83,3.81,16994.70,830.98,2768.75,3302.84,858.55,8418.05,451.97,260.88,169.51,976.36,94.26,40.82,54.52,674.73,72.83,40.84,23.87,154.50,78.41,102.71,41.79,11.29,2.55,2099.90,185.86,4.56,0.56,12.78,0.61,7.98,2.43,0.00,0.00,1.87,1.35,1.92,4.12,2.98,5.03,25.19,21.24,19.18,6.46,4.34,4.33
8.30,8.3,02/06/2025 15:11:11,4.403,4.633,,15.6,926199.0,617377.0,990968.16,427.61,1743.96,1644.96,447.69,3959.83,211.90,40.45,54.13,321.97,38.15,47.70,54.24,557.19,53.11,12.49,14.41,86.14,44.21,73.36,29.20,55.61,10.87,1735.18,154.67,3.71,0.44,8.23,0.38,7.61,1.97,0.00,0.00,1.93,1.17,1.83,3.13,2.21,3.85,24.04,19.14,16.16,6.17,3.64,3.85,16945.44,709.10,2891.96,3108.10,845.89,8471.40,453.33,92.68,124.03,803.92,95.25,57.46,65.33,779.62,74.31,20.83,24.04,153.78,78.92,107.22,42.67,79.90,15.61,2480.86,221.14,4.73,0.56,10.30,0.48,9.47,2.45,0.00,0.00,2.29,1.38,2.47,4.23,2.95,5.13,26.84,21.37,17.41,6.64,4.13,4.37
8.40,8.4,02/06/2025 15:11:11,4.540,4.500,,15.6,932639.0,622811.0,990399.72,276.74,1717.95,1866.47,474.77,3975.18,214.31,119.87,77.80,441.28,37.85,2.98,28.05,542.79,53.40,20.54,14.57,109.71,45.07,64.39,27.78,33.48,7.00,2078.10,186.98,3.98,0.46,5.10,0.23,8.05,2.04,0.08,0.14,1.87,1.18,3.07,3.20,3.51,3.95,19.38,19.36,19.64,6.11,4.06,4.03,18052.86,458.91,2848.83,3526.63,897.05,8504.25,458.49,274.68,178.27,1101.83,94.50,3.59,33.78,759.48,74.71,34.27,24.32,195.85,80.45,94.11,40.60,48.11,10.06,2971.15,267.34,5.06,0.59,6.39,0.29,10.02,2.54,0.10,0.19,2.21,1.39,4.15,4.32,4.67,5.26,21.64,21.61,21.16,6.58,4.61,4.57
8.50,8.5,02/06/2025 15:11:11,4.567,4.430,,15.6,931711.0,620676.0,990532.31,323.99,1719.10,1720.84,455.67,3808.54,207.32,194.91,116.47,506.72,37.71,7.87,28.21,521.19,53.31,19.53,14.46,115.07,44.91,71.18,28.93,94.57,17.50,2017.75,181.25,3.55,0.46,5.01,0.23,6.74,2.02,0.00,0.00,1.92,1.18,3.41,3.20,1.44,3.89,17.32,19.25,21.84,6.30,4.29,3.98,17825.55,537.27,2850.74,3251.47,860.97,8147.74,443.53,446.60,266.89,1265.24,94.17,9.47,33.98,729.25,74.59,32.58,24.13,205.42,80.18,104.03,42.29,135.88,25.14,2884.87,259.13,4.52,0.58,6.27,0.29,8.39,2.52,0.00,0.00,2.27,1.40,4.61,4.32,1.92,5.18,19.33,21.49,23.53,6.79,4.86,4.52
8.60,8.6,02/06/2025 15:11:11,4.676,-2.848,1181355.368,15.5,933024.0,623122.0,990209.60,313.21,1670.88,1919.11,478.22,4012.50,214.39,104.33,69.31,414.65,38.10,15.93,28.16,515.29,53.46,19.81,14.50,106.09,44.80,70.80,28.91,141.26,25.33,2089.66,188.01,3.59,0.45,5.07,0.23,6.42,2.02,0.00,0.00,2.12,1.21,3.00,3.23,2.78,3.96,21.13,19.28,19.25,6.38,4.40,4.04,18339.20,519.38,2770.77,3626.08,903.58,8584.08,458.66,239.06,158.81,1035.34,95.14,19.19,33.92,721.00,74.80,33.06,24.19,189.39,79.97,103.48,42.26,202.97,36.40,2987.69,268.80,4.57,0.58,6.35,0.29,7.99,2.52,0.00,0.00,2.51,1.43,4.05,4.36,3.70,5.28,23.59,21.53,20.74,6.87,4.99,4.59
8.70,8.7,02/06/2025 15:11:11,4.819,-3.371,,15.6,930215.0,620840.0,990841.21,281.07,1689.68,1659.57,447.32,3852.44,209.42,82.12,58.19,453.40,37.88,5.48,27.83,587.19,53.42,11.05,14.46,107.17,44.84,88.79,32.37,102.99,18.90,1840.26,164.60,3.90,0.46,23.84,1.47,6.34,1.94,0.00,0.00,1.73,1.18,5.44,3.22,1.89,3.90,16.61,19.25,23.52,6.32,3.99,3.97,17213.53,466.10,2801.95,3135.70,845.20,8241.65,448.02,188.16,133.34,1132.09,94.57,6.60,33.52,821.59,74.74,18.44,24.12,191.32,80.05,129.77,47.32,147.98,27.15,2631.11,235.33,4.96,0.59,29.84,1.84,7.90,2.42,0.00,0.00,2.05,1.40,7.34,4.35,2.52,5.21,18.54,21.49,25.34,6.80,4.52,4.51
8.80,8.8,02/06/2025 15:11:11,4.800,-2.778,,15.6,928855.0,617309.0,990612.56,291.92,1679.70,1911.25,475.72,3972.74,212.03,18.16,17.44,374.82,38.03,16.11,27.84,549.88,53.26,20.94,14.40,149.14,45.22,71.23,28.85,116.37,21.09,1828.84,163.46,3.77,0.45,4.85,0.23,7.62,1.97,0.00,0.00,2.18,1.18,2.41,3.16,1.79,3.89,17.96,19.13,22.00,6.31,3.46,4.00,17624.15,484.09,2785.40,3611.24,898.86,8499.02,453.61,41.60,39.96,935.88,94.96,19.40,33.54,769.40,74.53,34.94,24.03,266.25,80.72,104.11,42.17,167.21,30.30,2614.78,233.71,4.80,0.57,6.07,0.28,9.49,2.46,0.00,0.00,2.58,1.40,3.25,4.26,2.39,5.19,20.06,21.36,23.70,6.80,3.92,4.54
8.90,8.9,02/06/2025 15:11:11,4.604,-2.912,,15.6,927184.0,614194.0,990492.96,377.99,1672.76,1991.26,486.43,3898.77,210.20,68.13,50.63,387.99,37.98,10.79,27.84,540.05,52.93,15.96,14.47,87.22,44.45,65.68,27.91,80.67,15.18,1913.65,171.37,3.83,0.46,5.01,0.23,6.48,1.99,0.00,0.00,1.30,1.18,2.32,3.16,2.63,3.90,24.78,19.25,18.73,6.35,3.81,3.98,17833.33,626.81,2773.90,3762.42,919.09,8340.77,449.69,156.12,116.02,968.77,94.84,13.00,33.53,755.64,74.07,26.63,24.14,155.71,79.35,96.00,40.79,115.91,21.81,2736.03,245.02,4.87,0.59,6.27,0.29,8.06,2.48,0.00,0.00,1.54,1.40,3.13,4.27,3.50,5.19,27.66,21.49,20.17,6.84,4.32,4.51
9.00,9.0,02/06/2025 15:11:11,4.905,-0.731,,15.6,923001.0,615762.0,991075.94,287.14,1688.40,1710.64,452.70,3760.07,205.38,157.18,96.17,450.45,37.56,12.40,27.80,534.22,52.84,17.53,14.35,110.75,44.54,65.03,27.69,44.06,8.89,1716.30,152.92,3.86,0.45,5.09,0.23,6.06,1.92,0.00,0.00,1.07,1.17,3.15,3.13,3.16,3.84,14.58,19.09,19.09,6.30,2.24,3.91,16906.82,476.16,2799.84,3232.19,855.37,8044.04,439.37,360.15,220.36,1124.73,93.77,14.94,33.49,747.48,73.93,29.26,23.94,197.72,79.51,95.04,40.48,63.30,12.77,2453.88,218.64,4.91,0.57,6.38,0.29,7.55,2.40,0.00,0.00,1.26,1.38,4.26,4.22,4.21,5.12,16.27,21.32,20.56,6.79,2.54,4.44
9.10,9.1,02/06/2025 15:11:11,4.757,3.305,1181349.679,15.6,921779.0,613698.0,990961.95,225.61,1652.18,1766.15,455.15,3864.14,208.15,107.49,70.47,403.38,37.57,32.49,44.09,504.68,52.22,15.44,14.27,114.93,44.34,73.99,29.29,109.30,19.78,1692.09,150.56,3.70,0.45,5.03,0.23,6.90,1.98,0.00,0.00,1.44,1.17,2.81,3.12,2.06,3.85,86.84,55.40,17.48,6.28,2.09,3.91,17038.07,374.12,2739.77,3337.08,859.99,8266.69,445.30,246.30,161.46,1007.21,93.80,39.13,53.11,706.15,73.07,25.77,23.81,205.17,79.15,108.14,42.80,157.05,28.42,2419.25,215.26,4.71,0.57,6.29,0.29,8.59,2.46,0.00,0.00,1.71,1.39,3.80,4.21,2.75,5.14,96.96,61.85,18.83,6.76,2.37,4.43
9.20,9.2,02/06/2025 15:11:11,4.622,8.200,,15.6,925897.0,618550.0,991396.69,244.97,1669.55,1631.66,440.82,3732.55,203.88,73.19,52.95,373.00,37.65,40.77,50.15,532.21,52.88,0.00,0.00,112.28,44.73,65.36,27.76,60.65,11.77,1676.10,149.22,3.67,0.45,5.07,0.23,6.19,1.92,0.01,0.14,2.00,1.17,3.53,3.18,2.08,3.81,17.23,19.19,18.27,6.11,2.51,3.88,16217.13,406.23,2768.58,3082.96,832.90,7985.18,436.16,167.69,121.33,931.35,94.02,49.11,60.41,744.67,73.98,0.00,0.00,200.45,79.84,95.52,40.57,87.14,16.91,2396.39,213.34,4.68,0.57,6.35,0.29,7.71,2.39,0.01,0.19,2.36,1.39,4.77,4.29,2.77,5.08,19.24,21.43,19.68,6.59,2.85,4.40
9.30,9.3,02/06/2025 15:11:11,4.439,8.992,,15.6,929094.0,621319.0,990706.21,350.84,1724.07,1750.11,458.33,3944.04,211.73,140.04,87.29,359.23,38.08,22.50,35.46,527.42,53.37,17.81,14.51,77.90,44.57,58.01,26.67,79.61,15.04,1895.11,169.71,3.70,0.45,18.48,1.02,7.46,2.00,0.10,0.15,2.11,1.19,1.94,3.17,3.11,3.88,12.73,19.31,19.34,6.22,2.23,3.96,17470.62,581.78,2858.99,3306.77,866.00,8437.62,452.95,320.88,200.02,896.95,95.08,27.10,42.71,737.97,74.68,29.71,24.21,139.06,79.57,84.79,38.98,114.38,21.60,2709.52,242.64,4.71,0.57,23.13,1.28,9.28,2.49,0.13,0.19,2.50,1.41,2.62,4.29,4.15,5.18,14.21,21.56,20.83,6.70,2.53,4.49
9.40,9.4,02/06/2025 15:11:11,4.328,4.170,,15.6,932482.0,621887.0,990127.14,261.93,1720.11,1724.79,455.34,4144.33,218.23,126.31,79.98,423.57,37.95,120.05,78.15,591.61,53.99,38.62,17.61,132.58,45.23,78.72,30.38,190.19,33.85,1974.70,177.06,3.91,0.47,5.06,0.23,7.07,2.00,0.00,0.00,2.99,1.21,2.25,3.25,3.61,3.94,15.24,19.27,21.72,6.46,3.60,4.05,18467.60,434.36,2852.42,3258.93,860.35,8866.11,466.86,289.43,183.27,1057.62,94.76,144.61,94.14,827.79,75.54,64.44,29.38,236.68,80.74,115.05,44.40,273.28,48.63,2823.32,253.16,4.98,0.59,6.34,0.29,8.80,2.49,0.00,0.00,3.53,1.44,3.03,4.39,4.81,5.25,17.01,21.51,23.39,6.95,4.09,4.60
9.50,9.5,02/06/2025 15:11:11,4.398,4.231,,15.5,934350.0,623121.0,990051.91,247.28,1701.34,1916.97,478.58,4033.02,215.26,146.41,91.27,467.12,38.17,78.22,68.15,573.81,53.81,12.58,14.58,98.55,45.10,64.77,27.95,94.96,17.65,2147.94,193.57,4.22,0.48,9.09,0.43,6.77,1.97,0.02,0.15,2.11,1.21,2.93,3.24,1.46,3.94,16.64,19.43,19.13,6.45,4.11,4.07,18635.46,410.05,2821.29,3622.04,904.27,8627.98,460.50,335.47,209.12,1166.35,95.30,94.23,82.09,802.88,75.28,21.00,24.33,175.92,80.51,94.66,40.85,136.44,25.35,3071.00,276.76,5.37,0.61,11.38,0.54,8.43,2.46,0.02,0.20,2.49,1.43,3.96,4.38,1.95,5.26,18.58,21.70,20.60,6.94,4.66,4.61
9.60,9.6,02/06/2025 15:11:11,5.026,0.204,1181352.586,15.6,931911.0,621531.0,990179.33,292.98,1713.66,2004.72,492.25,4088.05,217.38,129.35,82.23,406.94,38.17,46.55,54.57,519.55,53.33,16.15,14.49,83.99,44.59,68.82,28.53,41.10,8.39,2060.05,185.27,3.52,0.44,5.06,0.23,7.21,2.04,0.14,0.14,1.94,1.18,2.86,3.21,1.31,3.90,20.46,19.31,15.59,5.96,4.37,4.01,18469.18,485.83,2841.72,3787.84,930.09,8745.70,465.04,296.40,188.43,1016.08,95.30,56.07,65.73,726.95,74.62,26.94,24.18,149.93,79.60,100.58,41.69,59.06,12.06,2945.34,264.89,4.48,0.57,6.33,0.29,8.97,2.54,0.18,0.19,2.29,1.39,3.86,4.34,1.75,5.20,22.84,21.56,16.79,6.42,4.96,4.54
9.70,9.7,02/06/2025 15:11:11,4.841,-2.314,,15.6,930486.0,618234.0,990354.45,334.03,1700.14,1881.80,474.25,4040.82,215.84,70.81,52.15,416.35,38.13,35.24,46.75,544.70,53.29,20.34,14.46,91.93,44.65,71.69,29.06,106.13,19.40,1965.22,176.27,3.55,0.45,5.04,0.23,6.69,2.07,0.01,0.15,1.71,1.20,3.08,3.23,1.66,3.90,19.27,19.29,21.76,6.40,3.72,3.93,18102.43,553.91,2819.31,3555.59,896.08,8644.67,461.75,162.25,119.49,1039.58,95.20,42.45,56.32,762.15,74.56,33.94,24.12,164.11,79.71,104.78,42.47,152.49,27.87,2809.77,252.02,4.52,0.57,6.31,0.29,8.33,2.57,0.01,0.19,2.02,1.41,4.16,4.36,2.21,5.20,21.52,21.54,23.44,6.90,4.22,4.46
9.80,9.8,02/06/2025 15:11:11,4.147,4.964,,15.5,934103.0,623645.0,990035.36,230.86,1701.90,2156.35,511.30,4090.47,217.76,43.86,55.39,469.40,37.96,35.00,46.79,541.92,53.83,12.35,14.52,112.75,45.08,68.65,28.55,67.26,12.98,2055.20,184.85,3.86,0.45,15.92,0.84,6.20,2.01,0.02,0.14,1.92,1.20,3.45,3.23,2.96,3.95,24.54,19.38,17.59,6.21,4.13,4.07,18732.76,382.83,2822.23,4074.34,966.08,8750.89,465.87,100.50,126.92,1172.04,94.79,42.16,56.36,758.26,75.32,20.60,24.23,201.28,80.47,100.33,41.73,96.64,18.64,2938.41,264.28,4.91,0.58,19.92,1.05,7.72,2.50,0.03,0.19,2.28,1.41,4.66,4.37,3.95,5.27,27.39,21.63,18.94,6.69,4.68,4.62
9.90,9.9,02/06/2025 15:11:11,3.914,5.292,,15.5,936027.0,630917.0,989767.13,195.45,1765.68,2085.96,506.82,4136.72,219.96,83.67,59.13,474.13,38.19,66.03,63.93,561.65,53.83,23.75,14.57,95.90,44.86,60.76,27.21,137.70,24.76,2246.90,202.97,3.52,0.46,5.02,0.23,6.99,2.07,0.00,0.00,2.87,1.21,1.49,3.24,2.46,4.01,22.67,19.38,15.46,6.22,3.81,4.03,19140.62,324.10,2927.99,3941.34,957.61,8849.83,470.57,191.72,135.48,1183.85,95.34,79.54,77.02,785.86,75.32,39.62,24.31,171.20,80.08,88.81,39.77,197.85,35.58,3212.49,290.20,4.48,0.58,6.29,0.29,8.70,2.58,0.00,0.00,3.39,1.43,2.01,4.38,3.28,5.35,25.31,21.64,16.65,6.70,4.32,4.57
10.00,10.0,02/06/2025 15:11:11,3.732,5.690,,15.5,939499.0,632008.0,989542.83,278.96,1701.16,2076.38,499.67,4378.54,227.08,99.25,67.12,345.79,38.60,117.08,78.53,587.59,54.31,21.35,14.62,97.59,45.03,73.20,29.48,148.04,26.53,2156.50,194.39,3.73,0.46,5.06,0.24,6.91,2.06,0.00,0.00,2.04,1.21,2.21,3.32,3.52,4.06,22.25,19.44,27.46,6.66,3.73,4.10,19508.19,462.59,2821.00,3923.23,944.10,9367.16,485.79,227.42,153.81,863.40,96.38,141.04,94.59,822.16,75.99,35.61,24.39,174.21,80.39,106.98,43.08,212.71,38.12,3083.25,277.93,4.75,0.59,6.34,0.29,8.60,2.57,0.00,0.00,2.41,1.43,2.99,4.48,4.69,5.42,24.84,21.70,29.58,7.17,4.23,4.65
10.10,10.1,02/06/2025 15:11:11,3.779,8.137,1181350.275,15.5,940920.0,634751.0,989753.23,380.34,1656.14,2019.59,489.86,4154.14,219.40,134.55,84.81,444.77,38.48,3.05,28.35,597.52,54.43,22.93,14.68,112.73,45.38,54.90,26.38,161.01,28.95,2098.43,188.95,3.76,0.46,5.10,0.24,7.11,2.02,0.15,0.15,1.48,1.20,2.13,3.28,1.97,4.05,18.35,19.49,18.61,6.19,4.17,4.03,19216.34,630.71,2746.35,3815.94,925.57,8887.09,469.37,308.31,194.34,1110.54,96.09,3.67,34.15,836.05,76.16,38.25,24.50,201.24,81.01,80.25,38.55,231.34,41.60,3000.22,270.15,4.78,0.58,6.39,0.29,8.85,2.52,0.20,0.19,1.75,1.42,2.87,4.43,2.62,5.40,20.49,21.76,20.05,6.66,4.73,4.57
10.20,10.2,02/06/2025 15:11:11,3.670,7.602,,15.4,946627.0,639317.0,990075.01,360.46,1712.65,1729.56,456.67,3991.55,214.40,110.94,73.04,424.71,38.65,162.98,87.06,581.19,54.66,18.87,14.74,102.80,45.58,70.31,29.09,120.98,22.12,2185.89,197.34,4.11,0.48,5.11,0.24,6.36,2.06,0.00,0.00,2.56,1.24,2.91,3.32,2.48,4.13,16.13,19.62,20.96,6.48,4.14,4.08,18421.08,597.75,2840.05,3267.94,862.85,8539.27,458.68,254.20,167.37,1060.45,96.50,196.32,104.87,813.21,76.49,31.48,24.59,183.52,81.37,102.76,42.52,173.83,31.78,3125.27,282.15,5.23,0.61,6.39,0.30,7.91,2.56,0.00,0.00,3.02,1.47,3.94,4.48,3.31,5.51,18.01,21.91,22.58,6.99,4.69,4.63
10.30,10.3,02/06/2025 15:11:11,3.354,8.600,,15.4,952204.0,643918.0,988926.09,384.24,1725.82,2081.19,502.31,4438.90,230.00,12.55,12.74,397.38,38.88,209.47,92.30,660.69,55.62,29.17,14.96,86.39,45.78,60.75,27.56,166.77,30.02,2478.25,225.17,3.86,0.47,5.15,0.24,6.98,2.08,0.00,0.00,2.43,1.27,2.50,3.37,3.66,4.18,15.97,19.82,22.87,6.57,4.75,4.21,20417.14,637.18,2861.89,3932.33,949.10,9496.29,492.04,28.75,29.20,992.23,97.09,252.33,111.19,924.45,77.82,48.67,24.96,154.23,81.73,88.78,40.29,239.62,43.14,3543.27,321.94,4.91,0.60,6.44,0.30,8.69,2.59,0.00,0.00,2.88,1.50,3.37,4.56,4.88,5.57,17.83,22.13,24.63,7.08,5.39,4.78
10.40,10.4,02/06/2025 15:11:11,3.514,6.881,,15.4,954038.0,644371.0,988967.47,281.14,1754.78,1729.62,462.35,4742.53,240.81,178.33,108.21,395.39,39.26,105.42,77.89,633.44,55.95,29.43,14.95,98.86,45.89,70.67,29.32,159.59,28.87,2544.07,231.50,4.18,0.49,5.28,0.24,7.92,2.07,0.26,0.15,1.98,1.26,5.34,3.45,3.57,4.16,15.17,19.80,16.69,6.13,3.68,4.17,20560.34,466.21,2909.91,3268.04,873.59,10145.85,515.18,408.62,247.95,987.25,98.03,126.99,93.83,886.32,78.29,49.10,24.95,176.49,81.92,103.29,42.85,229.30,41.48,3637.36,330.98,5.31,0.62,6.61,0.30,9.85,2.58,0.35,0.20,2.34,1.49,7.21,4.66,4.75,5.55,16.93,22.10,17.98,6.61,4.17,4.73
10.50,10.5,02/06/2025 15:11:11,3.366,2.907,,15.4,955159.0,643808.0,988149.18,281.51,1765.73,2131.35,510.13,4931.91,246.81,160.78,98.80,506.12,38.75,79.67,70.22,663.18,56.26,52.53,21.84,113.55,46.22,66.94,28.76,163.36,29.48,2630.64,239.73,3.85,0.48,6.45,0.30,7.25,2.12,0.00,0.00,2.59,1.28,3.27,3.47,1.34,4.21,18.35,19.88,22.12,6.71,4.06,4.19,22165.21,466.81,2928.07,4027.11,963.88,10551.00,528.02,368.41,226.39,1263.74,96.74,95.97,84.59,927.93,78.72,87.65,36.44,202.71,82.50,97.83,42.04,234.72,42.36,3761.14,342.76,4.90,0.62,8.08,0.37,9.02,2.64,0.00,0.00,3.07,1.51,4.42,4.69,1.78,5.61,20.48,22.20,23.83,7.23,4.60,4.76
10.60,10.6,02/06/2025 15:11:11,3.206,-1.257,1181354.438,15.4,955776.0,645246.0,988097.69,360.11,1730.48,2069.90,501.73,4904.26,245.72,150.37,93.35,497.13,38.79,81.41,71.38,698.30,56.62,59.83,23.49,102.93,45.99,72.32,29.67,190.00,34.20,2639.38,240.52,3.99,0.48,5.27,0.24,9.55,2.21,0.00,0.00,2.78,1.29,2.70,3.44,1.60,4.23,23.26,19.85,23.11,6.71,4.12,4.25,22185.06,597.16,2869.61,3911.00,948.01,10491.85,525.67,344.56,213.89,1241.29,96.86,98.06,85.98,977.06,79.22,99.82,39.20,183.75,82.10,105.70,43.37,273.00,49.14,3773.64,343.89,5.08,0.61,6.60,0.30,11.88,2.75,0.00,0.00,3.28,1.53,3.65,4.65,2.13,5.64,25.98,22.17,24.90,7.23,4.67,4.83
10.70,10.7,02/06/2025 15:11:11,3.091,-3.901,,15.4,960080.0,646074.0,986815.57,635.27,1738.11,2726.72,586.32,5147.78,254.70,86.66,60.97,445.81,39.22,139.11,85.12,665.23,57.08,71.20,25.94,112.10,46.50,68.05,29.06,189.96,34.28,2822.72,258.13,3.89,0.49,5.55,0.25,8.10,2.15,0.00,0.00,2.03,1.29,5.75,3.50,2.94,4.25,19.18,20.02,22.39,6.84,3.98,4.29,24441.60,1053.45,2882.27,5152.04,1107.83,11012.83,544.89,198.57,139.70,1113.14,97.92,167.57,102.54,930.79,79.87,118.79,43.28,200.12,83.02,99.46,42.47,272.94,49.26,4035.77,369.06,4.95,0.62,6.95,0.32,10.09,2.68,0.00,0.00,2.40,1.52,7.76,4.72,3.92,5.66,21.41,22.35,24.12,7.36,4.52,4.87
10.80,10.8,02/06/2025 15:11:11,3.128,3.639,,15.4,960952.0,647500.0,987536.07,259.21,1730.76,2007.90,496.06,5204.03,256.62,173.26,105.26,456.17,39.11,243.51,98.02,679.96,56.79,89.16,29.38,107.69,46.68,57.67,27.33,221.57,40.18,2900.73,265.71,4.21,0.49,5.19,0.24,6.29,2.13,0.00,0.00,3.49,1.31,4.74,3.51,2.62,4.28,9.17,20.11,21.55,6.68,5.82,4.35,23102.32,429.83,2870.08,3793.85,937.28,11133.15,548.99,397.00,241.19,1139.02,97.65,293.33,118.07,951.41,79.46,148.77,49.01,192.25,83.33,84.29,39.94,318.36,57.73,4147.30,379.90,5.35,0.63,6.50,0.31,7.83,2.66,0.00,0.00,4.12,1.55,6.40,4.74,3.50,5.71,10.24,22.46,23.21,7.20,6.60,4.94
10.90,10.9,02/06/2025 15:11:11,2.878,-1.980,,15.3,965555.0,649715.0,987181.71,313.12,1754.42,2006.15,493.63,5310.61,259.76,140.15,88.13,462.20,39.40,211.87,94.53,748.98,57.33,67.16,25.37,127.08,47.00,75.17,30.37,228.01,41.38,3068.17,281.87,4.40,0.51,5.18,0.24,8.17,2.19,0.00,0.00,2.92,1.33,2.51,3.53,4.71,4.34,11.51,20.10,15.98,6.70,4.26,4.37,23682.69,519.23,2909.31,3790.54,932.70,11361.17,555.72,321.13,201.94,1154.06,98.38,255.22,113.87,1047.98,80.21,112.06,42.33,226.87,83.91,109.87,44.39,327.62,59.45,4386.69,403.00,5.60,0.65,6.48,0.31,10.17,2.72,0.00,0.00,3.45,1.57,3.39,4.77,6.28,5.78,12.85,22.44,17.21,7.21,4.83,4.96
11.00,11.0,02/06/2025 15:11:11,2.770,-1.455,,15.4,960880.0,649320.0,987736.75,347.73,1751.30,2070.60,506.58,5018.14,251.29,51.58,41.76,407.39,39.46,271.05,100.12,731.14,56.99,52.91,22.11,119.23,46.55,60.31,27.71,179.71,32.47,2885.27,264.21,4.14,0.49,5.32,0.25,9.20,2.17,0.00,0.00,2.08,1.30,2.40,3.48,2.70,4.28,22.15,19.99,15.78,6.54,4.43,4.30,22561.47,576.64,2904.14,3912.32,957.16,10735.47,537.60,118.20,95.68,1017.20,98.52,326.51,120.60,1023.01,79.74,88.28,36.88,212.85,83.11,88.15,40.50,258.22,46.65,4125.20,377.76,5.27,0.63,6.66,0.31,11.45,2.70,0.00,0.00,2.45,1.53,3.25,4.71,3.60,5.71,24.73,22.32,17.00,7.05,5.02,4.88
11.10,11.1,02/06/2025 15:11:11,2.994,-0.068,1181351.930,15.4,959059.0,647760.0,988661.57,200.51,1703.69,2071.48,504.41,4613.32,237.50,126.58,81.86,410.56,39.28,228.06,96.19,755.72,57.28,40.08,18.69,78.71,46.21,59.85,27.68,122.77,22.70,2560.13,233.10,4.14,0.49,5.10,0.24,7.82,2.08,0.00,0.00,2.39,1.26,5.77,3.46,3.05,4.22,12.33,20.06,25.26,6.83,4.78,4.22,20977.32,332.49,2825.19,3913.98,953.06,9869.45,508.09,290.05,187.57,1025.14,98.08,274.72,115.87,1057.41,80.14,66.88,31.18,140.52,82.49,87.48,40.45,176.40,32.62,3660.34,333.28,5.26,0.63,6.38,0.30,9.73,2.59,0.00,0.00,2.82,1.49,7.80,4.68,4.07,5.62,13.77,22.40,27.21,7.36,5.43,4.79
11.20,11.2,02/06/2025 15:11:11,2.883,-0.463,,15.4,961533.0,648368.0,988341.95,301.39,1697.27,2037.32,498.60,4686.74,239.26,158.70,97.76,444.68,38.96,218.26,94.98,707.04,56.95,65.76,25.00,81.57,46.08,62.53,28.08,114.56,21.23,2705.61,247.01,4.30,0.49,8.23,0.39,8.04,2.11,0.00,0.00,3.94,1.29,6.48,3.47,2.80,4.24,15.59,20.01,21.44,6.70,3.08,4.20,21568.49,499.80,2814.54,3849.44,942.08,10026.51,511.86,363.64,224.02,1110.33,97.28,262.91,114.42,989.29,79.69,109.73,41.72,145.62,82.26,91.38,41.04,164.61,30.51,3868.33,353.17,5.47,0.63,10.30,0.48,10.01,2.63,0.00,0.00,4.66,1.53,8.76,4.69,3.73,5.66,17.40,22.34,23.09,7.21,3.49,4.76
11.30,11.3,02/06/2025 15:11:11,2.577,3.238,,15.3,964971.0,650842.0,988314.14,253.58,1751.45,1784.99,467.95,4713.38,239.85,163.26,100.28,376.46,39.40,311.93,104.20,717.00,57.18,109.38,32.28,111.41,46.71,69.25,29.35,108.08,20.26,2902.31,266.00,3.96,0.49,5.32,0.25,6.71,2.14,0.00,0.00,3.99,1.33,6.18,3.52,1.95,4.30,9.67,20.14,21.40,6.54,5.63,4.30,21433.17,420.50,2904.39,3372.67,884.17,10083.51,513.12,374.08,229.79,939.99,98.38,375.76,125.52,1003.23,80.00,182.51,53.86,198.88,83.39,101.22,42.90,155.29,29.11,4149.57,380.32,5.05,0.62,6.66,0.31,8.36,2.67,0.00,0.00,4.72,1.57,8.35,4.76,2.60,5.74,10.80,22.49,23.06,7.04,6.38,4.88
11.40,11.4,02/06/2025 15:11:11,2.592,5.622,,15.3,967475.0,652383.0,987766.05,304.80,1745.70,2180.02,518.60,4638.22,237.79,118.06,77.36,411.02,39.45,207.96,94.49,729.10,57.48,69.91,25.99,122.35,46.76,80.21,31.28,174.97,31.63,3121.08,287.02,3.96,0.49,5.27,0.25,6.67,2.18,0.00,0.00,4.19,1.35,6.84,3.58,2.58,4.33,17.86,20.04,24.89,6.84,4.01,4.34,22369.57,505.44,2894.85,4119.07,979.87,9922.72,508.71,270.52,177.27,1026.27,98.51,250.51,113.82,1020.16,80.42,116.64,43.37,218.41,83.47,117.23,45.71,251.40,45.45,4462.34,410.36,5.05,0.62,6.59,0.31,8.31,2.71,0.00,0.00,4.95,1.59,9.23,4.84,3.44,5.77,19.94,22.38,26.81,7.37,4.55,4.93
11.50,11.5,02/06/2025 15:11:11,2.376,5.552,,15.3,969959.0,649255.0,987449.20,284.18,1705.90,2095.02,506.11,4875.49,245.92,153.50,95.63,395.16,39.74,286.48,102.55,779.03,57.93,43.80,19.78,112.42,46.94,71.24,29.73,154.76,28.15,3230.04,297.59,4.15,0.50,5.36,0.25,8.24,2.17,0.00,0.00,4.45,1.34,5.79,3.57,1.77,4.31,16.32,20.17,19.71,6.80,3.87,4.42,22933.50,471.26,2828.85,3958.47,956.27,10430.31,526.12,351.73,219.12,986.68,99.22,345.10,123.53,1090.02,81.06,73.08,33.00,200.70,83.79,104.12,43.46,222.37,40.45,4618.12,425.48,5.29,0.63,6.71,0.31,10.26,2.70,0.00,0.00,5.26,1.58,7.83,4.83,2.36,5.74,18.22,22.52,21.24,7.32,4.39,5.02
11.60,11.6,02/06/2025 15:11:11,2.282,2.048,1181353.783,15.3,971277.0,650162.0,987791.21,304.94,1775.27,2221.56,523.51,4548.77,234.53,38.65,33.04,467.16,39.40,199.26,94.02,726.01,57.73,120.75,34.14,107.08,47.07,58.33,27.60,137.42,25.28,3220.60,296.77,3.62,0.48,5.22,0.25,7.76,2.18,0.00,0.00,4.74,1.35,4.89,3.55,2.46,4.33,5.50,20.32,20.21,6.71,3.89,4.33,22293.99,505.68,2943.89,4197.55,989.15,9731.33,501.75,88.55,75.71,1166.46,98.37,240.03,113.25,1015.84,80.77,201.47,56.96,191.15,84.03,85.25,40.34,197.45,36.32,4604.63,424.31,4.61,0.61,6.53,0.31,9.66,2.71,0.00,0.00,5.61,1.59,6.60,4.80,3.28,5.77,6.14,22.68,21.77,7.22,4.41,4.91
11.70,11.7,02/06/2025 15:11:11,2.582,0.789,,15.3,970103.0,651732.0,988614.71,198.76,1738.00,1884.07,484.31,4128.34,221.61,165.39,102.27,449.03,39.36,250.61,99.11,836.22,58.43,99.91,31.28,60.69,46.47,63.63,28.45,128.15,23.66,3054.75,280.79,4.20,0.51,5.36,0.25,7.12,2.13,0.00,0.00,4.13,1.34,7.43,3.52,3.78,4.25,5.04,20.30,24.15,6.73,4.55,4.31,20690.79,329.59,2882.08,3559.87,915.08,8831.91,474.10,378.96,234.33,1121.17,98.27,301.89,119.39,1170.05,81.76,166.70,52.19,108.34,82.95,93.00,41.58,184.13,34.00,4367.52,401.46,5.34,0.64,6.71,0.31,8.86,2.65,0.00,0.00,4.88,1.59,10.04,4.76,5.04,5.67,5.62,22.66,26.01,7.25,5.16,4.89
11.80,11.8,02/06/2025 15:11:11,2.301,4.364,,15.3,967640.0,650985.0,988242.60,389.70,1758.67,2089.33,508.03,4330.35,227.97,190.08,114.87,565.35,38.79,151.67,87.86,696.98,57.83,35.87,17.45,87.81,46.52,67.00,28.93,175.28,31.79,2903.08,266.09,3.53,0.48,15.12,0.79,7.94,2.19,0.00,0.00,4.44,1.32,4.95,3.48,1.91,4.29,12.06,20.14,20.44,6.68,4.50,4.35,21668.53,646.23,2916.36,3947.70,959.90,9264.07,487.71,435.54,263.21,1411.63,96.86,182.70,105.84,975.22,80.91,59.84,29.12,156.77,83.05,97.92,42.28,251.85,45.67,4150.67,380.43,4.50,0.61,18.92,0.99,9.88,2.73,0.00,0.00,5.26,1.57,6.69,4.70,2.55,5.72,13.47,22.48,22.02,7.20,5.11,4.93
11.90,11.9,02/06/2025 15:11:11,2.284,-0.534,,15.3,967410.0,654129.0,987775.75,515.96,1700.20,2097.65,503.65,4510.08,233.01,34.63,30.28,586.43,38.74,223.34,96.02,748.78,57.80,73.02,26.55,120.38,46.86,60.14,27.81,114.96,21.39,3066.53,281.79,3.82,0.49,5.14,0.24,8.87,2.19,0.00,0.00,4.20,1.34,3.82,3.52,1.66,4.36,17.11,20.13,20.62,6.67,7.13,4.39,22386.17,855.60,2819.40,3963.43,951.64,9648.57,498.49,79.34,69.37,1464.27,96.72,269.04,115.67,1047.70,80.88,121.84,44.30,214.90,83.66,87.89,40.65,165.18,30.73,4384.35,402.89,4.86,0.62,6.44,0.30,11.03,2.72,0.00,0.00,4.97,1.58,5.15,4.75,2.22,5.81,19.10,22.47,22.21,7.19,8.09,4.98
12.00,12.0,02/06/2025 15:11:11,1.997,3.504,,15.3,977128.0,658292.0,986899.57,303.03,1746.26,2483.53,557.55,4805.23,243.80,95.66,65.85,537.73,39.66,222.13,97.11,802.41,59.04,104.64,32.10,87.14,47.06,67.28,29.27,145.05,26.64,3372.41,311.42,3.93,0.51,5.34,0.25,7.35,2.18,0.00,0.00,5.73,1.51,10.41,3.62,3.95,4.40,9.86,20.44,21.41,6.85,6.21,4.42,23973.84,502.51,2895.79,4692.53,1053.47,10279.99,521.57,219.20,150.89,1342.65,99.03,267.58,116.98,1122.73,82.61,174.59,53.56,155.56,84.02,98.34,42.77,208.42,38.28,4821.68,445.25,5.00,0.65,6.69,0.31,9.15,2.71,0.00,0.00,6.78,1.78,14.06,4.89,5.26,5.87,11.01,22.82,23.06,7.38,7.05,5.01
12.10,12.1,02/06/2025 15:11:11,1.765,-0.592,1181354.702,15.2,980618.0,663408.0,985158.16,316.17,1722.61,2709.72,587.20,5654.85,273.14,168.47,103.94,594.96,39.88,344.20,109.88,815.87,59.59,91.08,30.26,90.13,47.79,55.27,27.52,241.03,44.15,3692.62,342.40,4.22,0.52,5.39,0.25,6.73,2.17,0.00,0.00,6.37,1.64,6.17,3.70,3.02,4.58,12.39,20.71,19.25,7.00,3.97,4.54,27268.47,524.29,2856.57,5119.91,1109.49,12097.61,584.34,386.02,238.16,1485.55,99.59,414.62,132.37,1141.57,83.38,151.96,50.50,160.89,85.32,80.78,40.22,346.33,63.43,5279.50,489.54,5.37,0.66,6.74,0.32,8.37,2.70,0.00,0.00,7.53,1.94,8.33,5.00,4.02,6.11,13.83,23.13,20.73,7.54,4.50,5.14
12.20,12.2,02/06/2025 15:11:11,1.777,-3.566,,15.3,971909.0,661294.0,984580.13,179.59,1795.79,2471.63,557.18,6639.61,304.46,3.92,4.27,562.97,39.72,465.23,119.51,920.48,60.14,146.06,37.21,99.28,47.69,70.67,30.00,176.23,32.01,3616.24,334.76,3.72,0.51,5.49,0.26,6.88,2.22,0.00,0.00,7.68,1.78,4.46,3.69,2.24,4.52,5.10,20.65,26.04,7.19,6.36,4.55,28462.18,297.81,2977.92,4670.04,1052.78,14204.36,651.35,8.99,9.78,1405.69,99.18,560.42,143.96,1287.94,84.15,243.69,62.09,177.22,85.13,103.29,43.85,253.21,45.99,5170.29,478.62,4.74,0.64,6.88,0.32,8.56,2.77,0.00,0.00,9.08,2.11,6.02,4.98,2.99,6.03,5.70,23.05,28.05,7.75,7.21,5.16
12.30,12.3,02/06/2025 15:11:11,1.806,-2.576,,15.3,974834.0,659455.0,984684.57,230.99,1704.28,2493.70,555.98,6457.01,299.36,145.79,92.05,628.62,39.57,364.08,110.75,912.30,59.98,174.01,39.80,139.51,48.13,58.30,27.94,189.91,34.49,3465.37,320.19,3.66,0.49,5.30,0.25,6.64,2.25,0.29,0.15,5.60,1.52,7.72,3.71,2.47,4.52,6.30,20.62,13.15,6.30,4.71,4.59,28446.12,383.05,2826.16,4711.76,1050.51,13813.71,640.42,334.05,210.93,1569.60,98.80,438.58,133.41,1276.50,83.93,290.33,66.41,249.06,85.92,85.21,40.83,272.87,49.55,4954.59,457.79,4.66,0.62,6.63,0.32,8.27,2.80,0.38,0.20,6.62,1.80,10.42,5.01,3.29,6.02,7.03,23.02,14.17,6.79,5.34,5.20
12.40,12.4,02/06/2025 15:11:11,0.921,-1.319,,15.3,976612.0,662015.0,987309.96,366.86,1707.76,2349.16,538.47,4700.62,240.56,95.12,65.92,605.70,39.01,182.65,92.49,769.85,58.57,87.68,29.30,106.91,47.08,51.14,26.56,176.21,32.10,3114.08,286.45,4.11,0.51,5.15,0.25,7.26,2.22,0.00,0.00,7.41,1.70,8.04,3.60,2.70,4.42,23.21,20.33,19.23,6.91,6.94,4.33,23346.60,608.36,2831.94,4438.65,1017.42,10056.21,514.64,217.95,151.04,1512.38,97.40,220.03,111.41,1077.18,81.95,146.29,48.88,190.86,84.05,74.75,38.82,253.19,46.12,4452.34,409.55,5.23,0.65,6.45,0.31,9.04,2.76,0.00,0.00,8.76,2.01,10.86,4.86,3.60,5.90,25.92,22.69,20.71,7.45,7.87,4.91
12.50,12.5,02/06/2025 15:11:11,0.860,-2.049,,15.2,979004.0,665612.0,985682.15,618.92,1704.56,2224.71,521.54,5683.69,273.88,45.30,56.97,627.78,39.59,369.70,111.36,845.22,59.73,126.79,35.16,91.42,47.59,89.75,33.66,185.26,33.76,3340.94,308.30,4.30,0.51,5.42,0.25,6.74,2.16,0.12,0.16,8.04,1.81,6.11,3.69,1.64,4.48,8.34,20.66,21.70,6.68,5.96,4.50,26317.45,1026.34,2826.63,4203.50,985.44,12159.31,585.92,103.80,130.54,1567.51,98.85,445.34,134.15,1182.64,83.57,211.55,58.67,163.21,84.96,131.18,49.20,266.19,48.51,4776.69,440.79,5.47,0.65,6.79,0.32,8.39,2.69,0.15,0.21,9.51,2.14,8.25,4.99,2.19,5.98,9.31,23.07,23.38,7.19,6.76,5.10
12.60,12.6,02/06/2025 15:11:11,0.958,3.506,1181351.993,15.2,984393.0,664738.0,984558.16,465.12,1726.75,2400.19,546.92,6514.21,301.47,36.90,32.75,616.54,39.79,367.47,111.94,848.88,60.31,183.77,41.26,123.48,48.44,66.79,29.48,150.98,27.75,3595.02,332.85,4.05,0.50,5.38,0.25,9.08,2.30,0.04,0.16,6.31,1.61,9.63,3.77,2.55,4.56,0.00,0.00,29.31,7.14,6.16,4.53,28564.05,771.29,2863.43,4535.07,1033.38,13936.07,644.95,84.54,75.04,1539.45,99.34,442.66,134.84,1187.76,84.39,306.62,68.84,220.43,86.48,97.61,43.09,216.93,39.88,5139.95,475.89,5.16,0.64,6.73,0.32,11.30,2.86,0.05,0.21,7.46,1.91,13.01,5.09,3.40,6.08,0.00,0.00,31.57,7.69,6.99,5.14
12.70,12.7,02/06/2025 15:11:11,0.684,3.111,,15.2,986455.0,666347.0,985651.68,157.50,1803.92,2253.88,534.26,5857.71,280.80,32.56,56.64,551.61,39.99,279.88,103.18,905.64,60.53,152.78,38.29,105.47,48.16,65.30,29.21,196.02,35.83,3710.58,344.25,3.90,0.50,17.25,0.92,7.82,2.22,0.00,0.00,7.94,1.81,6.81,3.71,2.65,4.56,6.91,20.83,20.02,6.99,6.09,4.53,26327.71,261.17,2991.39,4258.62,1009.46,12531.60,600.73,74.60,129.78,1377.32,99.86,337.15,124.29,1267.18,84.70,254.92,63.88,188.28,85.97,95.44,42.69,281.65,51.48,5305.18,492.18,4.97,0.64,21.59,1.15,9.74,2.77,0.00,0.00,9.39,2.14,9.19,5.00,3.54,6.09,7.72,23.25,21.56,7.53,6.91,5.14
12.80,12.8,02/06/2025 15:11:11,0.641,6.748,,15.2,976812.0,664287.0,985459.26,358.96,1714.31,2482.56,555.49,5896.99,280.63,126.77,82.10,609.31,39.39,345.70,108.03,854.45,59.89,92.63,30.81,60.89,47.73,66.33,29.41,145.50,26.76,3406.45,314.59,3.81,0.50,37.43,2.85,7.11,2.27,0.08,0.16,9.07,1.91,4.94,3.66,1.54,4.52,4.18,20.86,18.10,6.79,7.95,4.54,26878.34,595.26,2842.80,4690.71,1049.58,12615.64,600.37,290.47,188.12,1521.39,98.34,416.43,130.14,1195.55,83.80,154.56,51.40,108.70,85.21,96.94,42.98,209.07,38.45,4870.35,449.79,4.85,0.63,46.85,3.57,8.85,2.83,0.10,0.21,10.72,2.26,6.67,4.94,2.05,6.02,4.66,23.29,19.49,7.32,9.02,5.15
12.90,12.9,02/06/2025 15:11:11,0.640,7.079,,15.3,969798.0,656661.0,987946.77,439.36,1725.07,2105.34,505.55,4512.27,234.14,36.09,31.68,533.14,38.89,228.30,95.31,768.55,58.28,92.68,30.08,47.85,46.31,61.94,28.24,118.82,22.16,3011.64,276.60,4.30,0.50,26.29,1.66,9.11,2.20,0.00,0.00,8.04,1.77,6.48,3.54,1.58,4.32,15.50,20.29,19.74,6.76,6.23,4.38,22046.95,728.58,2860.64,3977.96,955.22,9653.25,500.90,82.70,72.60,1331.19,97.12,275.01,114.82,1075.35,81.55,154.64,50.18,85.42,82.68,90.53,41.27,170.72,31.84,4305.87,395.47,5.47,0.64,32.91,2.08,11.33,2.74,0.00,0.00,9.51,2.10,8.75,4.79,2.10,5.76,17.31,22.66,21.27,7.28,7.07,4.97
13.00,13.0,02/06/2025 15:11:11,0.515,8.204,,15.4,956802.0,649996.0,988361.57,359.58,1656.44,1813.53,465.12,4205.34,221.62,176.57,106.79,455.91,38.42,222.81,92.62,797.48,57.73,82.15,28.09,98.74,46.38,53.19,26.60,157.14,28.47,3120.22,286.98,3.97,0.50,29.15,1.94,8.68,2.14,0.00,0.00,8.39,1.79,6.24,3.55,3.03,4.25,12.01,20.06,19.28,6.70,5.04,4.26,21139.27,596.28,2746.84,3426.60,878.82,8996.62,474.12,404.58,244.70,1138.36,95.92,268.40,111.57,1115.83,80.78,137.06,46.86,176.26,82.80,77.74,38.88,225.79,40.91,4461.11,410.31,5.06,0.64,36.48,2.43,10.80,2.67,0.00,0.00,9.92,2.12,8.43,4.80,4.04,5.67,13.41,22.40,20.77,7.22,5.71,4.83
13.10,13.1,02/06/2025 15:11:11,0.142,1.458,1181355.697,15.4,959192.0,650084.0,987121.23,260.57,1655.28,2110.16,502.07,4882.36,244.78,36.35,31.38,475.86,38.51,300.50,100.59,799.78,57.67,97.43,30.56,110.02,46.63,70.19,29.48,196.52,35.47,3406.56,314.57,3.98,0.50,49.88,4.62,9.59,2.29,0.00,0.00,7.63,1.75,16.19,3.75,2.64,4.37,15.82,20.09,22.41,6.96,4.32,4.42,23391.68,432.10,2744.92,3987.07,948.65,10445.00,523.67,83.30,71.91,1188.19,96.15,361.98,121.17,1119.06,80.69,162.56,51.00,196.41,83.23,102.59,43.09,282.36,50.97,4870.51,449.75,5.06,0.64,62.44,5.78,11.94,2.85,0.00,0.00,9.03,2.07,21.87,5.06,3.52,5.82,17.66,22.44,24.14,7.50,4.90,5.01
13.20,13.2,02/06/2025 15:11:11,-0.088,0.925,,15.4,947174.0,643551.0,987936.26,276.80,1689.44,1956.29,479.12,4445.19,228.47,54.42,41.81,405.45,37.84,321.05,100.48,771.31,57.12,100.03,30.75,104.65,45.95,69.60,29.07,159.13,28.58,3284.21,302.65,3.83,0.49,43.79,3.72,7.19,2.16,0.02,0.16,7.58,1.73,9.91,3.54,2.27,4.28,15.54,19.82,19.05,6.72,6.44,4.35,21786.99,459.01,2801.55,3696.33,905.29,9509.74,488.78,124.69,95.81,1012.37,94.49,386.74,121.04,1079.22,79.92,166.91,51.31,186.82,82.03,101.72,42.49,228.64,41.07,4695.58,432.72,4.87,0.63,54.81,4.66,8.95,2.68,0.02,0.20,8.96,2.05,13.39,4.78,3.02,5.71,17.36,22.13,20.52,7.24,7.31,4.93
13.30,13.3,02/06/2025 15:11:11,0.346,4.627,,15.4,946108.0,639279.0,988020.27,327.82,1658.65,1782.96,456.94,4064.98,214.97,174.72,104.45,505.31,37.68,301.63,98.69,800.73,57.03,119.52,33.51,89.00,46.02,59.14,27.37,221.77,40.01,3404.40,314.32,4.16,0.50,64.14,7.16,6.81,2.14,0.00,0.00,10.90,2.02,5.01,3.53,2.14,4.27,4.04,19.96,24.39,6.87,6.14,4.40,21539.74,543.62,2750.50,3368.84,863.37,8696.35,459.90,400.34,239.34,1261.72,94.09,363.35,118.89,1120.38,79.80,199.41,55.92,158.88,82.15,86.44,40.00,318.65,57.48,4867.43,449.40,5.29,0.63,80.29,8.97,8.48,2.67,0.00,0.00,12.89,2.39,6.76,4.76,2.86,5.69,4.51,22.28,26.27,7.40,6.97,4.99
13.40,13.4,02/06/2025 15:11:11,0.531,-0.597,,15.4,957209.0,644531.0,986379.13,477.70,1622.97,1734.41,451.43,4944.26,247.38,65.82,49.22,512.26,38.27,355.83,104.76,890.22,59.11,199.88,41.55,87.85,46.66,31.58,24.07,209.29,37.87,3984.23,370.69,4.16,0.51,65.66,7.33,8.33,2.20,0.00,0.00,10.53,2.03,6.76,3.66,1.60,4.41,4.66,20.33,19.86,6.92,5.97,4.53,24439.39,792.16,2691.34,3277.11,852.96,10577.43,529.23,150.81,112.78,1279.06,95.56,428.63,126.19,1245.60,82.70,333.50,69.32,156.83,83.30,46.15,35.18,300.72,54.41,5696.43,529.99,5.29,0.65,82.20,9.18,10.37,2.74,0.00,0.00,12.45,2.41,9.13,4.94,2.14,5.88,5.21,22.70,21.40,7.46,6.78,5.14
13.50,13.5,02/06/2025 15:11:11,0.247,3.637,,15.3,966512.0,647513.0,986014.94,40.15,1690.16,1983.96,491.14,5350.47,261.75,3.69,4.01,509.06,38.74,322.22,102.74,934.87,60.00,221.10,43.70,80.61,47.12,55.08,27.34,178.84,32.50,4198.38,391.65,3.77,0.51,36.84,2.74,9.59,2.28,0.00,0.00,14.35,2.37,7.24,3.70,3.05,4.44,0.00,0.00,24.64,7.10,7.17,4.66,25218.58,66.57,2802.75,3748.62,928.00,11446.44,559.97,8.45,9.19,1271.07,96.73,388.15,123.76,1308.07,83.95,368.90,72.91,143.91,84.12,80.51,39.97,256.96,46.70,6002.60,559.95,4.80,0.65,46.12,3.42,11.93,2.83,0.00,0.00,16.97,2.80,9.79,5.00,4.06,5.92,0.00,0.00,26.54,7.65,8.13,5.28
13.60,13.6,02/06/2025 15:11:11,0.204,5.622,1181354.506,15.4,963378.0,645361.0,986203.77,220.07,1729.79,1897.44,479.66,5328.94,260.87,92.59,63.99,550.37,38.43,335.47,103.05,916.39,59.42,100.61,31.30,109.69,47.21,55.90,27.27,143.01,26.11,3911.17,363.60,3.83,0.49,51.58,4.82,7.67,2.21,0.00,0.00,10.45,2.01,10.00,3.71,1.39,4.42,19.33,20.35,24.22,6.99,6.12,4.48,25027.32,364.94,2868.48,3585.15,906.30,11400.39,558.08,212.16,146.64,1374.22,95.95,404.10,124.14,1282.22,83.14,167.86,52.22,195.81,84.27,81.70,39.85,205.48,37.52,5591.98,519.85,4.88,0.63,64.57,6.03,9.54,2.76,0.00,0.00,12.35,2.38,13.51,5.01,1.85,5.90,21.59,22.72,26.09,7.53,6.94,5.08
13.70,13.7,02/06/2025 15:11:11,0.691,4.501,,15.5,940240.0,631865.0,984687.97,540.64,1615.50,2456.76,541.78,6674.33,304.27,15.16,14.91,460.11,38.40,368.79,105.20,857.86,58.51,170.88,38.66,132.37,46.76,76.43,30.60,126.51,23.02,3313.43,305.13,3.49,0.48,43.18,3.58,8.13,2.16,0.00,0.00,12.62,2.14,5.78,3.51,3.95,4.29,10.62,20.04,23.02,6.86,7.96,4.39,28339.84,896.54,2678.95,4641.96,1023.68,14278.63,650.93,34.73,34.15,1148.86,95.89,444.24,126.72,1200.33,81.87,285.11,64.51,236.30,83.47,111.71,44.72,181.77,33.07,4737.36,436.26,4.44,0.61,54.06,4.49,10.12,2.69,0.00,0.00,14.92,2.53,7.81,4.74,5.27,5.72,11.86,22.37,24.79,7.39,9.02,4.98
13.80,13.8,02/06/2025 15:11:11,0.493,3.108,,15.4,951951.0,639089.0,985651.26,214.48,1680.93,2213.47,518.34,6240.96,291.19,39.00,33.02,444.91,38.92,420.94,110.73,918.88,59.54,178.74,39.86,88.84,46.98,42.90,25.51,105.64,19.76,3321.48,306.15,4.03,0.50,58.45,6.04,7.45,2.19,0.00,0.00,11.41,2.07,8.87,3.58,1.61,4.32,2.26,20.45,18.69,6.90,5.72,4.41,26447.00,355.66,2787.45,4182.27,979.39,13351.49,622.95,89.37,75.67,1110.90,97.19,507.06,133.39,1285.71,83.31,298.23,66.50,158.60,83.86,62.71,37.28,151.78,28.39,4748.86,437.72,5.13,0.63,73.17,7.56,9.28,2.72,0.00,0.00,13.49,2.45,11.99,4.84,2.15,5.76,2.53,22.83,20.13,7.43,6.49,5.01
13.90,13.9,02/06/2025 15:11:11,0.214,3.773,,15.4,955133.0,639783.0,985225.27,200.09,1704.89,2269.98,528.55,6571.43,302.41,31.57,28.32,397.97,39.17,332.00,102.72,1053.57,60.60,172.20,39.40,91.98,46.94,68.58,29.41,143.64,26.07,3313.10,305.21,4.24,0.50,55.06,5.43,8.77,2.23,0.00,0.00,16.76,2.45,8.99,3.62,3.39,4.34,3.96,20.39,22.55,6.94,4.91,4.34,27270.46,331.81,2827.17,4289.03,998.68,14058.48,646.96,72.34,64.89,993.69,97.80,399.93,123.74,1474.16,84.80,287.32,65.74,164.20,83.80,100.24,42.98,206.38,37.45,4736.89,436.37,5.39,0.64,68.93,6.79,10.92,2.78,0.00,0.00,19.82,2.90,12.15,4.89,4.52,5.79,4.42,22.76,24.29,7.47,5.57,4.92
14.00,14.0,02/06/2025 15:11:11,0.596,2.119,,15.4,959363.0,642825.0,983346.01,494.45,1673.52,2671.09,573.76,7339.14,326.64,211.41,125.42,539.21,39.17,453.47,115.54,1029.95,61.18,165.00,39.18,101.13,47.81,47.46,26.38,196.56,35.51,3318.75,305.65,3.46,0.50,13.55,0.68,8.99,2.28,0.00,0.00,17.60,2.54,12.02,3.76,0.97,4.40,4.04,20.71,19.56,6.76,6.19,4.50,31041.96,819.94,2775.15,5046.93,1084.10,15700.87,698.80,484.43,287.37,1346.35,97.80,546.25,139.17,1441.11,85.60,275.30,65.37,180.53,85.35,69.36,38.55,282.43,51.02,4744.96,437.00,4.40,0.63,16.96,0.85,11.19,2.84,0.00,0.00,20.81,3.00,16.24,5.07,1.29,5.87,4.51,23.13,21.07,7.29,7.03,5.11
14.10,14.1,02/06/2025 15:11:11,1.048,10.119,1181350.275,15.4,955008.0,640221.0,982757.61,344.33,1661.05,2716.61,580.29,8237.97,356.04,135.35,85.34,449.48,39.46,491.64,118.50,1013.18,60.74,134.10,35.59,75.14,47.25,68.98,29.63,119.21,21.92,3365.44,310.08,3.81,0.50,7.69,0.36,7.64,2.25,0.00,0.00,10.81,2.08,11.72,3.68,1.64,4.38,15.15,20.57,25.77,7.18,6.74,4.57,32318.82,571.00,2754.48,5132.93,1096.44,17623.78,761.68,310.13,195.55,1122.30,98.53,592.23,142.75,1417.64,84.98,223.75,59.38,134.13,84.35,100.81,43.31,171.29,31.49,4811.72,443.33,4.85,0.64,9.63,0.45,9.51,2.80,0.00,0.00,12.78,2.46,15.83,4.98,2.19,5.84,16.91,22.97,27.76,7.74,7.65,5.19
14.20,14.2,02/06/2025 15:11:11,1.556,8.131,,15.4,956508.0,639370.0,982418.58,195.30,1728.95,2840.03,603.05,8101.03,352.77,158.44,97.78,593.60,39.21,457.61,117.26,999.03,60.93,251.16,45.60,142.57,48.01,61.53,28.42,124.07,22.76,3565.78,329.42,3.94,0.51,12.03,0.59,7.47,2.22,0.08,0.16,17.64,2.50,9.15,3.69,2.22,4.42,8.23,20.59,22.72,6.85,7.81,4.39,32963.17,323.86,2867.08,5366.14,1139.44,17330.81,754.69,363.04,224.05,1482.16,97.91,551.24,141.25,1397.85,85.26,419.05,76.08,254.51,85.71,89.92,41.54,178.26,32.71,5098.15,470.98,5.02,0.65,15.06,0.74,9.30,2.76,0.10,0.21,20.86,2.96,12.36,4.98,2.96,5.90,9.19,22.98,24.47,7.37,8.86,4.99
14.30,14.3,02/06/2025 15:11:11,1.468,10.185,,15.5,948222.0,633719.0,983540.91,322.07,1700.36,2809.62,597.33,7340.25,327.61,61.41,47.43,561.22,38.60,399.83,109.61,1023.92,60.32,164.27,38.14,106.44,46.91,60.79,28.02,146.68,26.43,3375.68,311.02,3.74,0.49,5.52,0.25,8.31,2.20,0.23,0.16,17.76,2.54,7.89,3.57,2.86,4.27,17.22,20.28,18.27,6.59,5.11,4.45,30694.89,534.08,2819.66,5308.67,1128.63,15703.25,700.86,140.72,108.67,1401.31,96.38,481.64,132.04,1432.68,84.39,274.09,63.64,190.01,83.75,88.85,40.95,210.76,37.97,4826.36,444.68,4.76,0.62,6.91,0.32,10.35,2.74,0.30,0.21,21.01,3.00,10.66,4.82,3.81,5.69,19.22,22.64,19.68,7.09,5.79,5.05
14.40,14.4,02/06/2025 15:11:11,1.167,12.298,,15.5,953201.0,632636.0,982294.95,362.91,1667.71,2753.59,588.37,8177.93,355.46,101.02,68.89,513.06,39.31,490.33,118.98,1090.28,61.60,186.21,40.38,141.16,47.80,65.40,28.98,134.66,24.50,3602.21,332.96,4.51,0.53,5.60,0.26,10.03,2.23,0.00,0.00,20.91,2.72,11.88,3.67,3.31,4.37,4.62,20.45,20.38,6.99,5.03,4.52,33033.91,601.80,2765.52,5202.80,1111.70,17495.33,760.44,231.48,157.86,1281.07,98.15,590.65,143.32,1525.52,86.20,310.69,67.38,252.00,85.33,95.59,42.36,193.49,35.20,5150.24,476.04,5.74,0.67,7.01,0.32,12.48,2.78,0.00,0.00,24.73,3.22,16.05,4.95,4.41,5.83,5.16,22.83,21.95,7.53,5.71,5.13
14.50,14.5,02/06/2025 15:11:11,1.064,13.091,,15.4,958813.0,629720.0,979607.02,393.73,1669.43,3315.97,663.66,10119.19,419.10,85.56,60.80,563.41,39.94,580.12,129.42,1157.43,63.12,198.16,42.29,92.12,48.17,69.67,30.08,137.91,25.12,3585.21,331.05,3.94,0.51,14.39,0.72,8.13,2.23,0.00,0.00,22.33,2.83,14.08,3.69,3.08,4.40,1.30,20.92,20.44,6.98,6.81,4.54,38522.66,652.92,2768.38,6265.40,1253.97,21648.34,896.60,196.06,139.32,1406.79,99.71,698.82,155.90,1619.48,88.32,330.63,70.56,164.45,85.99,101.83,43.97,198.15,36.09,5125.93,473.32,5.02,0.65,18.01,0.90,10.12,2.77,0.00,0.00,26.41,3.34,19.02,4.98,4.10,5.86,1.45,23.36,22.02,7.52,7.72,5.15
14.60,14.6,02/06/2025 15:11:11,1.369,11.443,1181348.487,15.5,948693.0,627136.0,984173.89,208.97,1695.14,2608.50,571.02,7391.54,329.20,23.43,21.93,455.18,39.09,382.95,107.88,1042.19,60.54,208.96,42.10,77.71,46.58,58.45,27.68,106.37,19.72,3172.34,291.42,3.88,0.50,13.58,0.68,6.76,2.15,0.07,0.15,19.86,2.62,8.48,3.52,1.44,4.22,7.94,20.35,22.90,6.58,4.61,4.41,29565.28,346.53,2811.02,4928.66,1078.92,15812.98,704.26,53.68,50.24,1136.54,97.60,461.30,129.95,1458.24,84.71,348.65,70.24,138.73,83.16,85.42,40.46,152.84,28.33,4535.63,416.66,4.93,0.63,17.00,0.85,8.42,2.68,0.09,0.20,23.49,3.10,11.46,4.76,1.92,5.63,8.87,22.73,24.67,7.09,5.23,5.00
14.70,14.7,02/06/2025 15:11:11,0.962,10.780,,15.5,938367.0,619929.0,983309.78,273.43,1718.77,2613.28,569.99,8290.29,357.71,15.98,15.60,518.22,38.75,452.34,113.50,1078.62,60.97,160.76,38.22,90.33,46.90,67.58,29.15,152.01,27.17,2858.98,260.88,3.67,0.49,36.91,2.77,8.85,2.23,0.00,0.00,23.59,2.82,13.53,3.56,0.94,4.21,2.43,20.35,21.91,6.83,6.56,4.38,31488.86,453.43,2850.19,4937.69,1076.97,17735.70,765.25,36.61,35.74,1293.96,96.76,544.89,136.72,1509.21,85.31,268.23,63.77,161.26,83.73,98.78,42.60,218.42,39.04,4087.60,373.00,4.68,0.62,46.21,3.47,11.01,2.78,0.00,0.00,27.90,3.33,18.27,4.81,1.25,5.61,2.71,22.73,23.60,7.36,7.44,4.97
14.80,14.8,02/06/2025 15:11:11,-0.703,13.823,,15.6,938176.0,614056.0,979949.42,207.64,1759.65,3010.65,626.41,10419.44,428.86,105.31,70.81,384.25,39.53,664.33,135.60,1296.62,63.57,275.19,47.31,82.15,47.20,78.72,31.48,97.62,18.11,3287.82,301.99,3.65,0.49,51.02,4.64,8.83,2.21,0.00,0.00,27.09,3.02,16.55,3.64,2.00,4.23,1.66,20.63,22.31,6.99,7.72,4.51,37871.82,344.32,2917.99,5688.52,1183.58,22290.68,917.47,241.30,162.25,959.42,98.71,800.26,163.35,1814.23,88.95,459.16,78.93,146.66,84.26,115.06,46.01,140.26,26.02,4700.74,431.76,4.65,0.63,63.87,5.81,10.99,2.75,0.00,0.00,32.04,3.57,22.35,4.92,2.67,5.64,1.86,23.03,24.04,7.53,8.75,5.11
14.90,14.9,02/06/2025 15:11:11,0.424,15.743,,15.6,936379.0,611239.0,981821.07,238.59,1654.31,2877.52,604.01,8953.21,379.90,41.23,34.80,503.62,38.80,484.38,116.82,1335.98,63.63,188.11,40.19,131.02,47.32,79.74,31.42,88.98,16.65,3125.32,286.45,4.29,0.51,33.16,2.30,11.37,2.30,0.00,0.00,27.42,3.02,12.41,3.57,0.24,4.17,16.08,20.29,18.29,6.76,7.96,4.44,34209.17,395.65,2743.31,5436.97,1141.25,19153.91,812.74,94.46,79.74,1257.50,96.89,583.49,140.72,1869.31,89.03,313.86,67.05,233.89,84.47,116.54,45.92,127.85,23.93,4468.40,409.55,5.46,0.64,41.51,2.88,14.16,2.86,0.00,0.00,32.42,3.58,16.76,4.82,0.32,5.56,17.95,22.65,19.70,7.28,9.04,5.03
15.00,15.0,02/06/2025 15:11:11,0.179,16.205,,15.7,915631.0,597595.0,984408.77,354.10,1654.33,2579.17,559.83,7471.18,329.44,87.55,60.12,389.98,38.12,453.87,111.29,1144.45,60.36,173.36,38.30,127.61,46.19,48.40,25.66,50.11,9.89,2582.29,234.20,3.89,0.47,45.15,3.89,9.01,2.15,0.00,0.00,22.77,2.71,13.88,3.41,0.62,3.97,8.10,19.82,18.91,6.50,6.86,4.31,29274.35,587.19,2743.34,4873.24,1057.78,15983.36,704.78,200.61,137.75,973.74,95.18,546.74,134.06,1601.31,84.46,289.25,63.90,227.81,82.45,70.74,37.51,71.99,14.21,3692.01,334.84,4.95,0.60,56.52,4.87,11.22,2.68,0.00,0.00,26.92,3.20,18.75,4.61,0.83,5.29,9.04,22.13,20.37,7.00,7.78,4.89
15.10,15.1,02/06/2025 15:11:11,0.524,10.846,1181354.041,15.8,906136.0,589007.0,985309.23,436.12,1586.19,2460.56,538.06,7017.07,313.22,46.99,37.12,414.90,37.25,342.62,99.93,911.01,57.79,177.00,38.30,118.55,45.48,56.97,26.74,26.52,5.57,2527.83,229.09,3.32,0.44,76.90,9.96,7.41,2.06,0.00,0.00,21.79,2.61,11.60,3.36,2.15,3.83,6.57,19.57,19.88,6.59,4.98,4.15,27646.19,723.21,2630.35,4649.14,1016.65,15011.86,670.07,107.67,85.06,1035.98,93.02,412.72,120.37,1274.70,80.86,295.33,63.91,211.63,81.20,83.27,39.09,38.11,8.01,3614.15,327.53,4.22,0.56,96.26,12.46,9.22,2.57,0.00,0.00,25.77,3.09,15.67,4.53,2.87,5.11,7.34,21.85,21.41,7.10,5.66,4.70
15.20,15.2,02/06/2025 15:11:11,0.352,11.242,,15.8,890636.0,584604.0,988631.56,498.96,1552.68,1900.32,460.30,5011.49,244.41,117.34,73.23,366.24,36.22,186.16,82.44,800.21,55.17,74.54,25.39,112.66,44.22,70.04,28.47,41.51,8.22,2017.61,180.63,3.46,0.44,82.20,11.53,10.85,2.10,0.00,0.00,20.36,2.49,11.14,3.24,0.52,3.68,16.74,18.97,20.20,6.39,5.87,4.00,21246.42,827.41,2574.77,3590.59,869.72,10721.25,522.88,268.88,167.80,914.47,90.43,224.25,99.31,1119.66,77.20,124.38,42.36,201.11,78.94,102.36,41.61,59.65,11.81,2884.67,258.25,4.41,0.56,102.90,14.43,13.51,2.62,0.00,0.00,24.08,2.95,15.04,4.38,0.69,4.91,18.69,21.18,21.76,6.88,6.66,4.54
15.30,15.3,02/06/2025 15:11:11,0.441,6.617,,15.8,891154.0,590103.0,990393.11,304.22,1574.53,1506.45,412.76,3849.64,204.74,67.75,47.75,392.48,35.62,152.77,77.40,857.30,55.28,25.09,14.26,51.95,43.21,79.50,30.17,83.74,15.31,2064.40,185.12,3.27,0.43,97.20,15.69,7.27,2.04,0.00,0.00,20.06,2.47,13.15,3.21,1.40,3.69,9.55,18.84,14.42,6.10,5.29,3.99,17638.42,504.48,2611.01,2846.38,779.90,8235.67,438.00,155.24,109.42,979.98,88.95,184.02,93.24,1199.54,77.35,41.86,23.79,92.74,77.13,116.19,44.10,120.33,21.99,2951.56,264.67,4.17,0.55,121.67,19.63,9.04,2.54,0.00,0.00,23.72,2.92,17.76,4.34,1.87,4.93,10.67,21.03,15.53,6.57,6.00,4.53
15.40,15.4,02/06/2025 15:11:11,0.027,9.525,,15.8,903134.0,593390.0,986880.10,157.97,1526.93,2189.84,496.89,5371.75,257.53,157.74,94.62,473.37,36.10,426.55,106.91,1162.82,59.44,177.97,38.32,101.04,44.84,74.67,29.67,15.24,3.29,2617.08,237.61,3.81,0.46,120.70,22.36,9.12,2.15,0.00,0.00,22.91,2.70,8.19,3.32,1.06,3.88,7.01,19.40,17.00,6.46,4.05,4.21,24163.51,261.96,2532.07,4137.61,938.85,11491.98,550.95,361.44,216.82,1181.95,90.13,513.82,128.79,1627.02,83.16,296.95,63.94,180.38,80.05,109.14,43.37,21.90,4.73,3741.76,339.73,4.85,0.59,151.09,27.99,11.35,2.67,0.00,0.00,27.09,3.19,11.06,4.48,1.42,5.17,7.82,21.66,18.31,6.96,4.60,4.77
15.50,15.5,02/06/2025 15:11:11,-0.318,9.394,,15.8,895960.0,589229.0,986714.24,453.10,1481.23,2093.24,482.70,6092.83,282.00,10.17,10.12,490.18,36.19,403.19,105.04,992.99,57.67,105.79,30.49,72.13,44.45,72.30,29.20,43.97,8.70,2280.43,205.44,3.53,0.45,89.15,13.11,10.12,2.12,0.04,0.15,20.75,2.56,11.14,3.30,1.82,3.82,14.68,19.35,16.10,6.35,8.11,4.14,24811.62,751.36,2456.28,3955.10,912.05,13034.61,603.29,23.31,23.18,1223.93,90.36,485.68,126.53,1389.40,80.69,176.51,50.88,128.76,79.35,105.67,42.67,63.18,12.51,3260.43,293.72,4.49,0.57,111.60,16.41,12.60,2.64,0.06,0.19,24.54,3.03,15.04,4.46,2.43,5.09,16.39,21.60,17.34,6.84,9.20,4.70
15.60,15.6,02/06/2025 15:11:11,-0.498,13.822,1181346.171,15.8,886081.0,581823.0,986914.70,295.58,1536.81,2013.87,475.21,6273.57,287.56,123.48,76.96,347.36,36.36,379.76,101.83,951.54,57.05,101.63,29.65,90.95,44.16,60.22,26.85,65.78,12.32,2237.99,201.26,3.45,0.45,55.16,5.59,7.41,2.05,0.00,0.00,20.27,2.50,11.54,3.26,1.63,3.77,17.60,19.11,18.17,6.35,8.35,4.13,24542.97,490.15,2548.45,3805.13,897.89,13421.26,615.19,282.93,176.34,867.33,90.78,457.46,122.66,1331.40,79.83,169.57,49.47,162.36,78.83,88.02,39.25,94.51,17.71,3199.75,287.75,4.40,0.57,69.05,7.00,9.22,2.55,0.00,0.00,23.98,2.95,15.58,4.40,2.17,5.02,19.65,21.33,19.57,6.84,9.47,4.68
15.70,15.7,02/06/2025 15:11:11,-0.863,15.018,,15.9,884933.0,577865.0,989850.42,421.03,1522.81,1432.94,400.92,4587.66,230.65,129.42,79.77,365.60,35.55,169.29,79.89,846.45,55.47,65.78,23.64,108.25,43.52,61.61,26.79,72.83,20.33,1768.34,157.19,3.27,0.43,31.11,2.18,8.73,2.04,0.00,0.00,22.11,2.54,10.34,3.15,0.73,3.61,18.78,18.71,20.62,6.20,4.70,3.96,18987.43,698.18,2525.24,2707.48,757.52,9814.54,493.44,296.54,182.78,912.87,88.77,203.92,96.23,1184.35,77.61,109.75,39.44,193.25,77.69,90.05,39.15,104.64,29.21,2528.27,224.74,4.16,0.54,38.95,2.73,10.86,2.54,0.00,0.00,26.15,3.01,13.96,4.25,0.98,4.81,20.97,20.88,22.21,6.68,5.33,4.49
15.80,15.8,02/06/2025 15:11:11,-0.590,16.935,,15.9,886247.0,574363.0,988638.94,287.96,1557.34,1846.83,455.67,5048.40,246.02,72.04,50.26,447.55,35.47,279.32,92.48,974.18,57.15,64.74,23.59,86.50,43.83,61.24,26.93,12.72,2.75,2017.78,180.56,3.35,0.43,68.03,8.21,7.52,1.99,0.00,0.00,26.94,2.81,15.29,3.18,0.23,3.65,14.36,18.98,19.36,6.20,6.70,3.99,21200.60,477.52,2582.50,3489.52,860.97,10800.21,526.32,165.06,115.16,1117.50,88.57,336.47,111.40,1363.08,79.96,108.03,39.36,154.41,78.24,89.51,39.36,18.28,3.95,2884.91,258.16,4.26,0.55,85.16,10.27,9.37,2.48,0.00,0.00,31.86,3.32,20.66,4.30,0.30,4.87,16.03,21.19,20.86,6.68,7.60,4.52
15.90,15.9,02/06/2025 15:11:11,0.220,10.784,,15.8,899717.0,584502.0,989511.96,268.25,1582.85,1486.39,411.76,4331.75,222.50,94.66,62.70,387.84,36.17,265.52,91.56,940.15,56.97,151.00,35.33,100.61,44.14,60.44,26.88,28.95,5.98,2208.36,198.79,3.79,0.45,72.91,9.27,8.03,2.02,0.00,0.00,26.01,2.78,15.18,3.28,1.26,3.69,11.28,19.09,19.10,6.24,6.57,4.08,19259.50,444.83,2624.80,2808.47,778.00,9267.07,476.01,216.91,143.66,968.41,90.32,319.85,110.30,1315.46,79.72,251.94,58.95,179.60,78.79,88.33,39.28,41.60,8.59,3157.39,284.22,4.82,0.58,91.26,11.61,10.00,2.52,0.00,0.00,30.76,3.29,20.50,4.43,1.68,4.93,12.59,21.31,20.58,6.72,7.45,4.63
16.00,16.0,02/06/2025 15:11:11,0.659,14.554,,15.7,908200.0,594865.0,988617.44,448.49,1527.21,1933.25,467.57,4398.87,225.85,32.58,52.78,471.98,36.09,343.23,99.45,1025.49,58.07,87.75,28.24,124.57,45.23,62.00,27.33,30.54,6.33,2306.37,208.14,3.27,0.44,48.11,4.44,8.64,2.07,0.14,0.14,20.59,2.56,10.78,3.27,1.43,3.79,6.38,19.34,12.58,5.97,5.52,4.07,20852.53,743.72,2532.54,3652.79,883.46,9410.67,483.18,74.66,120.94,1178.48,90.12,413.46,119.79,1434.87,81.26,146.41,47.11,222.39,80.74,90.62,39.94,43.89,9.10,3297.52,297.58,4.16,0.56,60.22,5.55,10.75,2.58,0.18,0.19,24.35,3.02,14.56,4.42,1.90,5.06,7.13,21.59,13.56,6.43,6.27,4.62
16.10,16.1,02/06/2025 15:11:11,0.565,5.353,1181354.112,15.7,905896.0,598791.0,989364.34,363.66,1598.33,1621.51,432.63,4492.85,228.33,41.92,52.98,338.86,36.72,165.69,80.49,856.96,56.28,104.80,30.43,125.60,44.79,70.56,28.71,80.80,14.96,2257.92,203.61,3.27,0.43,35.88,2.72,8.55,2.05,0.04,0.14,17.40,2.36,9.84,3.28,1.86,3.80,10.34,19.16,21.98,6.26,5.36,4.11,19603.33,603.06,2650.48,3063.78,817.44,9611.72,488.48,96.05,121.39,846.10,91.70,199.60,96.95,1199.07,78.75,174.86,50.77,224.22,79.97,103.12,41.96,116.09,21.50,3228.25,291.11,4.16,0.55,44.91,3.41,10.64,2.55,0.05,0.19,20.58,2.79,13.29,4.43,2.49,5.06,11.54,21.39,23.68,6.75,6.08,4.66
16.20,16.2,02/06/2025 15:11:11,0.105,3.435,,15.8,900620.0,596327.0,988397.08,308.93,1571.89,1582.18,426.65,5028.96,247.13,104.62,67.74,384.85,36.31,321.76,97.20,953.96,57.16,159.30,35.91,139.49,44.76,59.01,26.72,84.04,15.49,2356.73,212.82,3.72,0.46,36.71,2.81,7.67,2.07,0.00,0.00,18.11,2.40,9.31,3.27,2.04,3.84,13.08,19.11,22.16,6.41,6.28,4.08,21417.31,512.30,2606.63,2989.46,806.14,10758.64,528.70,239.72,155.23,960.94,90.66,387.59,117.09,1334.79,79.98,265.79,59.91,249.01,79.91,86.25,39.06,120.76,22.26,3369.52,304.28,4.73,0.59,45.95,3.52,9.55,2.58,0.00,0.00,21.42,2.83,12.58,4.42,2.72,5.13,14.60,21.33,23.87,6.91,7.13,4.63
16.30,16.3,02/06/2025 15:11:11,-0.516,5.952,,15.8,889722.0,592870.0,988485.63,391.77,1504.16,1753.92,439.37,5032.94,245.15,45.99,52.35,386.73,35.99,244.33,88.69,853.05,55.70,161.98,36.10,104.93,44.01,53.85,25.68,29.49,6.03,2341.98,211.29,3.26,0.44,45.97,4.11,7.76,2.10,0.03,0.14,12.74,2.06,10.08,3.24,0.74,3.83,8.88,19.01,19.67,6.25,4.26,4.06,21353.80,649.67,2494.31,3313.96,830.17,10767.14,524.45,105.38,119.95,965.63,89.85,294.33,106.84,1193.59,77.94,270.27,60.24,187.31,78.57,78.71,37.53,42.38,8.66,3348.44,302.09,4.14,0.56,57.54,5.14,9.66,2.62,0.04,0.19,15.06,2.44,13.62,4.38,0.99,5.10,9.92,21.22,21.19,6.73,4.83,4.61
16.40,16.4,02/06/2025 15:11:11,-0.801,4.562,,15.8,890179.0,592514.0,990976.03,350.07,1584.46,1439.23,406.65,3808.67,203.67,22.90,20.17,345.80,35.86,165.13,79.11,765.44,54.23,44.59,18.91,93.46,43.73,38.73,23.44,20.37,4.32,1842.37,164.31,3.44,0.43,18.55,1.02,6.38,1.84,0.07,0.14,11.98,1.96,9.43,3.11,1.24,3.66,12.96,18.89,18.80,5.94,4.35,3.82,16698.83,580.50,2627.47,2719.37,768.35,8148.02,435.72,52.48,46.23,863.43,89.54,198.92,95.30,1071.01,75.88,74.41,31.55,166.84,78.07,56.61,34.26,29.27,6.21,2634.12,234.93,4.38,0.54,23.22,1.28,7.94,2.29,0.10,0.18,14.17,2.32,12.73,4.21,1.65,4.88,14.47,21.09,20.25,6.40,4.93,4.34
16.50,16.5,02/06/2025 15:11:11,-0.574,5.947,,15.8,894070.0,597444.0,989101.94,740.76,1498.24,1835.46,447.07,4501.58,226.95,65.68,46.96,413.09,35.75,233.43,87.98,765.38,55.28,67.01,24.38,87.47,44.19,56.94,26.27,79.37,14.67,1939.71,173.39,3.33,0.43,45.45,4.08,7.15,2.03,0.00,0.00,15.15,2.21,10.89,3.22,1.63,3.78,3.41,19.11,20.28,6.18,4.92,3.99,20235.39,1228.39,2484.50,3468.04,844.73,9630.38,485.52,150.49,107.61,1031.45,89.26,281.19,105.98,1070.92,77.35,111.80,40.68,156.15,78.88,83.22,38.39,114.04,21.08,2773.29,247.90,4.23,0.55,56.89,5.10,8.89,2.52,0.00,0.00,17.91,2.61,14.71,4.35,2.17,5.04,3.81,21.34,21.84,6.65,5.58,4.53
16.60,16.6,02/06/2025 15:11:11,-0.489,5.685,1181354.244,15.7,897516.0,601072.0,989205.17,435.25,1537.73,1938.67,463.27,4315.08,220.92,109.11,68.94,349.81,36.34,249.90,89.79,820.27,55.66,88.00,27.81,107.25,44.22,67.15,27.99,50.58,9.85,2139.62,192.31,3.48,0.45,46.49,4.22,8.00,2.06,0.03,0.14,16.07,2.25,8.49,3.23,1.11,3.80,13.93,19.03,21.54,6.30,5.02,4.06,19905.63,721.76,2549.98,3663.04,875.34,9231.40,472.62,250.00,157.98,873.44,90.75,301.03,108.16,1147.72,77.88,146.82,46.40,191.46,78.94,98.15,40.92,72.68,14.15,3059.11,274.95,4.42,0.57,58.19,5.28,9.95,2.56,0.03,0.19,19.00,2.66,11.47,4.36,1.49,5.07,15.55,21.25,23.21,6.78,5.69,4.60
16.70,16.7,02/06/2025 15:11:11,-0.327,0.791,,15.8,894414.0,599072.0,989553.79,852.58,1483.96,1749.00,436.21,4281.61,220.07,84.44,56.97,372.55,36.10,82.51,64.03,768.89,54.80,99.81,29.44,124.84,44.18,51.81,25.33,14.26,3.10,1836.48,163.76,3.62,0.44,56.60,6.00,6.71,1.99,0.00,0.00,12.91,2.06,6.92,3.18,1.89,3.72,11.32,18.90,20.64,6.23,6.81,3.92,19442.07,1413.81,2460.82,3304.68,824.20,9159.79,470.81,193.48,130.54,930.23,90.15,99.39,77.13,1075.84,76.68,166.53,49.12,222.87,78.87,75.73,37.02,20.49,4.46,2625.70,234.13,4.61,0.56,70.85,7.51,8.36,2.47,0.00,0.00,15.27,2.44,9.35,4.29,2.52,4.96,12.64,21.11,22.23,6.71,7.72,4.45
16.80,16.8,02/06/2025 15:11:11,-0.751,1.651,,15.8,875438.0,593664.0,990562.05,277.91,1513.29,1832.73,447.51,3770.75,200.83,17.75,16.10,361.69,35.41,101.30,67.36,766.81,53.81,27.78,14.08,71.33,42.96,55.95,25.73,79.72,20.39,1936.08,172.89,3.99,0.45,81.31,11.45,6.37,1.98,0.05,0.14,10.40,1.84,5.86,3.12,2.48,3.71,8.19,18.65,15.76,6.09,3.75,3.89,17436.20,460.85,2509.45,3462.87,845.55,8066.90,429.64,40.68,36.89,903.10,88.42,122.02,81.14,1072.93,75.29,46.34,23.50,127.34,76.69,81.77,37.61,114.54,29.29,2768.10,247.19,5.08,0.57,101.79,14.33,7.93,2.46,0.06,0.19,12.30,2.18,7.91,4.22,3.30,4.94,9.15,20.82,16.97,6.56,4.26,4.41
16.90,16.9,02/06/2025 15:11:11,-1.102,1.189,,15.8,874153.0,596890.0,990358.96,246.45,1512.95,1669.65,428.34,3996.53,208.92,74.16,50.94,372.24,35.35,215.63,83.85,704.93,53.19,108.54,30.26,98.62,43.11,52.25,25.09,79.00,20.45,1906.71,170.13,3.50,0.45,63.52,7.35,8.09,2.03,0.00,0.00,10.57,1.89,4.23,3.15,1.71,3.75,2.76,18.61,18.47,6.18,3.51,3.97,17873.38,408.68,2508.90,3154.74,809.33,8549.91,446.96,169.92,116.73,929.44,88.26,259.75,101.01,986.34,74.42,181.10,50.48,176.05,76.96,76.36,36.67,113.51,29.39,2726.10,243.25,4.46,0.57,79.51,9.20,10.06,2.52,0.00,0.00,12.49,2.24,5.71,4.25,2.28,5.00,3.08,20.78,19.90,6.66,3.98,4.50
17.00,17.0,02/06/2025 15:11:11,-1.600,0.596,,15.8,880775.0,600901.0,990327.24,470.54,1519.71,1658.46,422.25,3935.85,205.76,3.91,3.93,355.28,35.54,151.17,76.91,735.64,53.84,76.53,25.65,79.79,43.05,71.22,28.45,75.70,20.32,1935.85,172.96,3.51,0.44,68.22,8.35,8.10,2.02,0.11,0.14,10.77,1.90,7.40,3.16,1.40,3.75,3.34,18.66,15.70,5.99,4.27,3.96,17842.39,780.29,2520.10,3133.60,797.83,8420.09,440.20,8.96,9.01,887.11,88.74,182.10,92.64,1029.31,75.33,127.69,42.79,142.44,76.85,104.09,41.58,108.76,29.20,2767.77,247.28,4.47,0.57,85.40,10.45,10.08,2.51,0.14,0.19,12.73,2.24,9.99,4.27,1.86,5.00,3.73,20.84,16.92,6.45,4.85,4.49
17.10,17.1,02/06/2025 15:11:11,-1.784,1.587,1181351.137,15.9,869510.0,588082.0,992224.68,238.69,1513.35,1180.65,367.51,3184.52,179.37,47.25,51.05,257.64,35.08,92.19,64.67,691.16,52.74,30.90,14.43,64.27,42.10,55.64,25.40,80.74,20.23,1720.80,152.79,3.41,0.44,61.32,7.00,7.00,1.93,0.00,0.14,10.00,1.82,6.62,3.07,1.24,3.60,20.97,18.33,16.89,5.97,3.42,3.81,14250.70,395.81,2509.55,2230.80,694.39,6812.75,383.73,108.27,116.97,643.30,87.60,111.05,77.90,967.07,73.79,51.55,24.08,114.74,75.15,81.33,37.12,116.01,29.07,2460.30,218.46,4.34,0.56,76.76,8.77,8.71,2.40,0.00,0.18,11.83,2.16,8.94,4.15,1.65,4.80,23.41,20.47,18.19,6.43,3.88,4.33
17.20,17.2,02/06/2025 15:11:11,-2.142,2.249,,15.9,865915.0,585257.0,991027.96,373.63,1510.80,1496.33,404.68,3376.07,186.27,15.71,14.25,321.90,34.92,225.69,83.74,756.66,53.29,105.56,29.58,103.99,42.76,54.50,25.26,78.20,20.22,1949.43,174.10,3.66,0.44,61.39,6.93,6.53,1.90,0.00,0.00,10.28,1.84,5.65,3.07,2.23,3.65,5.24,18.41,16.43,6.00,2.97,3.81,16319.99,619.58,2505.32,2827.25,764.63,7222.55,398.48,35.99,32.65,803.74,87.19,271.87,100.87,1058.72,74.57,176.13,49.36,185.64,76.33,79.65,36.92,112.36,29.05,2787.19,248.92,4.66,0.56,76.85,8.67,8.13,2.37,0.00,0.00,12.15,2.18,7.64,4.14,2.98,4.87,5.85,20.56,17.69,6.47,3.37,4.32
17.30,17.3,02/06/2025 15:11:11,-1.999,6.873,,15.9,867950.0,586978.0,990656.32,329.28,1512.74,1341.32,383.39,3611.34,194.16,55.83,40.31,432.31,34.55,179.52,78.65,746.40,53.33,140.30,33.11,89.40,42.35,64.98,27.07,60.00,11.19,2190.97,196.90,3.74,0.45,39.21,3.17,6.88,2.00,0.00,0.00,7.18,1.57,5.61,3.12,3.30,3.67,12.43,18.36,18.95,6.15,4.72,3.93,17104.19,546.03,2508.55,2534.37,724.41,7725.87,415.37,127.92,92.37,1079.44,86.27,216.24,94.74,1044.37,74.62,234.09,55.24,159.60,75.60,94.97,39.57,86.21,16.08,3132.53,281.51,4.76,0.57,49.08,3.97,8.56,2.49,0.00,0.00,8.50,1.85,7.58,4.22,4.40,4.90,13.88,20.50,20.42,6.62,5.35,4.46
17.40,17.4,02/06/2025 15:11:11,-1.737,0.265,,15.9,858971.0,584167.0,991146.28,549.63,1493.77,1510.62,402.53,3206.44,179.46,9.71,9.20,382.05,34.64,152.14,74.95,764.41,52.97,99.18,28.24,96.78,42.18,75.66,29.00,23.15,4.75,1877.62,167.27,3.19,0.42,62.06,7.09,5.27,1.90,0.00,0.00,7.67,1.60,3.40,3.06,1.81,3.58,5.24,18.21,14.61,5.89,3.10,3.81,16150.44,911.44,2477.08,2854.26,760.57,6859.65,383.93,22.25,21.09,953.94,86.49,183.27,90.29,1069.57,74.12,165.48,47.12,172.76,75.30,110.58,42.39,33.27,6.82,2684.51,239.15,4.05,0.53,77.69,8.87,6.56,2.36,0.00,0.00,9.07,1.89,4.59,4.13,2.41,4.78,5.85,20.33,15.74,6.35,3.52,4.32
17.50,17.5,02/06/2025 15:11:11,-1.784,7.733,,15.9,857337.0,583074.0,991015.46,343.93,1484.03,1450.78,396.55,3652.91,195.52,83.72,54.98,388.55,34.53,172.14,77.86,750.93,53.03,51.12,19.93,72.75,42.00,50.47,24.50,8.05,1.73,1845.88,164.20,3.36,0.43,50.72,4.98,6.20,1.95,0.06,0.14,8.45,1.65,7.48,3.07,1.42,3.63,10.32,18.24,17.93,6.03,7.38,3.87,16622.77,570.34,2460.93,2741.19,749.28,7814.79,418.29,191.83,125.97,970.16,86.21,207.36,93.79,1050.71,74.20,85.29,33.25,129.87,74.97,73.76,35.81,11.57,2.49,2639.13,234.77,4.28,0.54,63.49,6.23,7.72,2.43,0.08,0.18,10.00,1.95,10.11,4.15,1.89,4.85,11.52,20.37,19.32,6.49,8.37,4.39
17.60,17.6,02/06/2025 15:11:11,-1.932,-1.060,1181354.176,15.9,856782.0,584105.0,991429.79,177.16,1513.51,1356.26,385.72,3430.23,188.02,82.19,54.19,314.42,34.71,171.63,77.14,716.57,52.42,83.82,25.96,120.71,42.29,56.36,25.32,30.29,6.03,1916.75,170.86,3.20,0.42,57.86,6.26,7.19,1.95,0.00,0.00,5.17,1.31,5.17,3.11,1.65,3.66,12.61,18.08,18.16,6.08,2.81,3.79,15736.85,293.78,2509.81,2562.60,728.80,7338.41,402.23,188.33,124.18,785.07,86.67,206.74,92.92,1002.63,73.34,139.85,43.31,215.50,75.49,82.38,37.01,43.52,8.67,2740.47,244.29,4.07,0.53,72.43,7.83,8.94,2.42,0.00,0.00,6.12,1.55,6.99,4.20,2.20,4.88,14.08,20.18,19.56,6.55,3.19,4.30
17.70,17.7,02/06/2025 15:11:11,-1.907,4.765,,15.9,861131.0,584634.0,991731.17,197.72,1499.92,1538.67,404.79,3380.96,184.38,74.81,49.81,307.53,34.89,85.31,62.30,688.48,52.20,55.31,20.96,57.77,41.81,61.87,26.41,12.00,2.56,1691.84,149.90,3.48,0.43,56.08,5.98,7.84,1.99,0.12,0.14,7.17,1.54,4.38,3.01,2.79,3.62,15.89,18.25,16.55,5.76,2.25,3.69,15336.30,327.88,2487.28,2907.27,764.84,7233.01,394.46,171.41,114.12,767.88,87.11,102.77,75.05,963.32,73.04,92.28,34.98,103.13,74.64,90.42,38.60,17.24,3.67,2418.89,214.32,4.43,0.55,70.21,7.48,9.76,2.47,0.16,0.18,8.48,1.82,5.91,4.06,3.72,4.83,17.74,20.37,17.82,6.20,2.55,4.18
17.80,17.8,02/06/2025 15:11:11,-1.935,6.216,,15.9,861838.0,584500.0,991965.51,289.04,1505.75,1348.26,381.88,3140.07,176.35,4.13,4.05,252.56,34.82,51.86,50.29,741.56,52.73,49.32,19.49,103.16,42.07,70.97,27.93,69.41,12.67,1803.93,160.36,3.39,0.43,51.43,5.12,6.91,2.00,0.08,0.13,6.47,1.46,6.11,3.05,1.96,3.61,13.68,18.07,15.37,5.72,4.82,3.80,14666.88,479.31,2496.95,2547.49,721.55,6717.66,377.27,9.46,9.28,630.61,86.93,62.48,60.59,1037.59,73.78,82.28,32.52,184.16,75.10,103.73,40.82,99.74,18.20,2579.15,229.28,4.31,0.55,64.37,6.41,8.60,2.48,0.11,0.18,7.66,1.73,8.25,4.12,2.62,4.82,15.27,20.17,16.56,6.16,5.47,4.31
17.90,17.9,02/06/2025 15:11:11,-1.799,4.695,,15.9,865837.0,583960.0,991003.21,203.61,1538.27,1332.85,382.32,3467.56,188.96,137.14,81.70,387.99,34.70,199.42,81.48,786.17,53.49,74.68,24.72,107.86,42.58,49.21,24.39,71.38,13.09,2052.97,183.84,3.37,0.43,57.36,6.13,6.66,1.94,0.01,0.14,10.44,1.83,6.55,3.07,0.89,3.71,16.94,18.31,18.89,6.05,4.84,3.92,16475.92,337.65,2550.87,2518.36,722.38,7418.26,404.24,314.24,187.21,968.79,86.65,240.22,98.15,1100.02,74.84,124.60,41.25,192.54,76.01,71.93,35.65,102.57,18.82,2935.22,262.84,4.28,0.55,71.80,7.67,8.29,2.41,0.01,0.18,12.35,2.17,8.85,4.14,1.19,4.95,18.91,20.44,20.35,6.51,5.49,4.45
18.00,18.0,02/06/2025 15:11:11,-1.725,3.436,,15.9,865272.0,580433.0,991469.30,308.67,1487.81,1421.75,394.90,3184.41,179.34,31.56,25.89,436.85,34.43,102.11,66.90,692.65,52.42,41.04,17.49,106.83,42.69,66.33,27.26,82.01,14.80,1956.85,174.79,3.39,0.42,31.95,2.28,8.14,1.93,0.00,0.00,11.50,1.91,7.60,3.04,1.79,3.62,10.90,18.30,20.18,6.15,4.19,3.81,15657.09,511.87,2467.20,2686.35,746.15,6812.53,383.67,72.31,59.33,1090.77,85.98,123.00,80.59,969.16,73.35,68.48,29.18,190.71,76.20,96.94,39.83,117.83,21.27,2797.80,249.90,4.31,0.54,39.99,2.86,10.13,2.40,0.00,0.00,13.60,2.25,10.27,4.11,2.38,4.82,12.17,20.44,21.73,6.62,4.76,4.32
18.10,18.1,02/06/2025 15:11:11,-2.152,6.612,1181351.070,15.9,864918.0,579482.0,990232.55,312.62,1487.08,1704.31,428.28,3844.27,201.99,126.56,76.64,328.81,35.16,286.34,90.08,793.09,53.94,73.65,24.64,81.74,42.46,64.21,27.01,2.57,0.57,2025.48,181.20,3.42,0.42,58.09,6.25,7.69,1.97,0.00,0.00,12.25,1.97,7.58,3.10,1.40,3.65,12.58,18.41,17.01,6.12,3.79,3.91,17940.60,518.42,2465.99,3220.22,809.22,8224.18,432.13,290.00,175.60,821.00,87.80,344.92,108.51,1109.69,75.47,122.89,41.12,145.92,75.80,93.85,39.47,3.69,0.82,2895.91,259.07,4.36,0.54,72.72,7.83,9.57,2.45,0.00,0.00,14.48,2.33,10.24,4.19,1.86,4.87,14.05,20.55,18.33,6.59,4.30,4.44
18.20,18.2,02/06/2025 15:11:11,-2.511,7.866,,15.9,868603.0,577547.0,989612.61,328.98,1465.10,1717.43,430.56,4203.37,215.40,44.91,51.09,338.91,35.29,204.23,82.28,867.69,54.52,94.68,27.73,111.75,42.72,64.79,27.05,79.65,14.39,2199.78,197.62,3.45,0.43,52.13,5.13,8.05,1.98,0.00,0.00,12.52,2.01,8.02,3.12,1.75,3.64,18.08,18.34,24.46,6.21,2.75,3.83,19061.23,545.54,2429.53,3245.02,813.53,8992.42,460.80,102.90,117.06,846.23,88.11,246.01,99.12,1214.07,76.28,157.98,46.27,199.50,76.26,94.69,39.54,114.45,20.68,3145.13,282.54,4.39,0.54,65.25,6.42,10.01,2.47,0.00,0.00,14.81,2.38,10.84,4.21,2.33,4.86,20.19,20.48,26.35,6.69,3.12,4.34
18.30,18.3,02/06/2025 15:11:11,-2.440,10.312,,15.9,862857.0,576928.0,989680.10,384.13,1496.79,1749.61,436.68,4094.05,212.15,47.37,35.87,408.19,34.85,259.55,87.53,824.32,54.05,124.07,31.68,72.36,42.44,46.68,24.09,50.02,9.49,2138.97,191.82,3.22,0.43,59.05,6.40,7.62,1.98,0.11,0.14,12.77,2.04,8.65,3.13,1.36,3.66,7.04,18.49,16.03,6.03,4.72,3.90,18976.36,636.99,2482.08,3305.82,825.09,8758.55,453.86,108.54,82.19,1019.20,87.02,312.66,105.43,1153.39,75.63,207.01,52.86,129.18,75.76,68.23,35.21,71.87,13.64,3058.18,274.26,4.09,0.54,73.92,8.01,9.49,2.46,0.15,0.19,15.10,2.41,11.69,4.22,1.82,4.88,7.87,20.65,17.27,6.50,5.36,4.42
18.40,18.4,02/06/2025 15:11:11,-2.218,4.696,,15.9,869911.0,578867.0,989651.44,365.37,1501.81,1766.92,439.74,4212.46,216.72,72.26,49.74,388.73,35.35,201.59,82.46,827.26,54.68,118.23,31.04,77.77,42.65,58.82,26.16,44.08,8.57,2123.82,190.48,3.43,0.43,26.34,1.68,7.78,2.01,0.00,0.00,12.09,1.99,6.26,3.08,1.77,3.65,11.45,18.55,17.71,6.07,4.44,3.89,19123.75,605.88,2490.42,3338.52,830.88,9011.87,463.64,165.56,113.97,970.63,88.27,242.83,99.33,1157.51,76.50,197.26,51.80,138.83,76.13,85.98,38.23,63.33,12.31,3036.52,272.34,4.36,0.55,32.97,2.10,9.69,2.51,0.00,0.00,14.29,2.35,8.45,4.16,2.36,4.86,12.79,20.71,19.07,6.53,5.04,4.42
18.50,18.5,02/06/2025 15:37:46,-2.401,5.488,,15.9,873412.0,583234.0,989545.38,310.87,1496.89,1738.82,435.24,4369.92,221.52,66.62,46.58,325.87,35.65,293.82,91.58,845.02,54.79,49.73,19.89,124.32,43.60,52.82,25.22,43.88,8.56,2099.93,188.26,3.25,0.43,64.50,7.49,6.39,1.95,0.21,0.14,13.85,2.12,7.68,3.11,2.80,3.74,14.17,18.60,15.87,5.75,4.27,3.93,19261.15,515.51,2482.26,3285.43,822.36,9348.73,473.92,152.65,106.72,813.66,89.02,353.93,110.32,1182.36,76.66,82.97,33.18,221.94,77.83,77.19,36.85,63.05,12.30,3002.36,269.16,4.13,0.54,80.75,9.37,7.96,2.43,0.28,0.18,16.38,2.50,10.37,4.20,3.73,4.99,15.82,20.77,17.10,6.19,4.84,4.45
18.60,18.6,02/06/2025 15:38:04,-0.651,6.017,1181349.878,15.8,882209.0,583731.0,989562.42,322.17,1604.77,1354.42,396.43,4355.66,222.28,94.53,61.37,437.98,35.14,118.49,72.08,922.03,55.77,128.32,32.48,108.49,43.59,62.07,26.85,86.68,15.66,2338.93,211.05,3.55,0.44,42.46,3.60,7.58,2.05,0.16,0.14,16.01,2.23,6.66,3.15,0.83,3.71,8.57,18.77,16.04,5.94,5.93,4.08,19251.70,534.25,2661.15,2559.13,749.04,9318.22,475.53,216.61,140.63,1093.59,87.74,142.73,86.82,1290.11,78.03,214.11,54.20,193.67,77.82,90.73,39.24,124.54,22.51,3344.07,301.74,4.52,0.57,53.16,4.50,9.43,2.55,0.22,0.19,18.93,2.64,8.99,4.26,1.11,4.95,9.57,20.95,17.28,6.40,6.73,4.62
18.70,18.7,02/06/2025 15:38:22,-1.670,5.226,,15.8,888632.0,588834.0,990396.19,128.25,1592.45,1414.90,403.45,3864.59,205.47,42.09,33.19,413.79,35.64,215.45,84.85,840.28,55.18,108.51,30.37,113.15,43.71,66.36,27.65,71.81,13.33,2193.99,197.36,3.58,0.44,66.61,7.93,6.68,1.96,0.00,0.00,14.03,2.15,8.55,3.17,1.04,3.69,6.37,18.77,19.84,6.26,3.92,3.93,17597.43,212.68,2640.72,2673.40,762.30,8267.66,439.57,96.45,76.04,1033.21,88.98,259.53,102.21,1175.72,77.20,181.05,50.67,202.00,78.02,96.99,40.41,103.18,19.15,3136.84,282.18,4.55,0.56,83.38,9.93,8.32,2.45,0.00,0.00,16.59,2.54,11.55,4.28,1.39,4.92,7.11,20.96,21.37,6.74,4.45,4.46
18.80,18.8,02/06/2025 15:38:41,-1.849,6.813,,15.8,890385.0,587640.0,989084.94,515.63,1540.75,1676.81,433.35,4469.85,227.16,98.50,64.09,499.53,35.84,314.47,94.54,838.91,54.97,135.91,33.90,53.90,43.60,29.65,22.63,66.91,20.39,2127.89,191.18,3.66,0.45,26.74,1.71,7.53,1.99,0.00,0.00,13.49,2.10,8.08,3.19,1.26,3.69,5.54,19.13,17.25,6.05,3.54,3.98,20221.08,855.06,2554.98,3168.27,818.80,9562.50,485.97,225.69,146.86,1247.28,89.48,378.81,113.88,1173.81,76.92,226.77,56.56,96.23,77.84,43.34,33.07,96.14,29.30,3042.34,273.34,4.66,0.57,33.47,2.14,9.37,2.48,0.00,0.00,15.95,2.49,10.91,4.31,1.68,4.92,6.19,21.36,18.58,6.51,4.01,4.51
18.90,18.9,02/06/2025 15:38:59,-1.886,9.325,,15.8,885835.0,585380.0,987131.17,355.61,1558.17,2274.50,510.02,5915.17,275.36,34.38,28.49,390.94,36.39,256.41,89.42,907.65,56.40,118.42,31.51,98.19,43.87,54.58,25.81,29.99,6.09,2305.95,207.79,3.29,0.43,48.76,4.52,6.15,2.00,0.00,0.00,16.49,2.30,11.35,3.25,0.68,3.79,16.62,18.96,19.55,6.43,4.15,4.03,24121.18,589.69,2583.87,4297.58,963.67,12654.54,589.10,78.77,65.28,976.13,90.87,308.87,107.71,1269.99,78.91,197.59,52.57,175.28,78.32,79.78,37.73,43.10,8.75,3296.92,297.09,4.19,0.55,61.04,5.66,7.66,2.49,0.00,0.00,19.50,2.72,15.33,4.39,0.90,5.05,18.56,21.16,21.06,6.93,4.71,4.58
19.00,19.0,02/06/2025 15:39:27,-1.183,2.578,,15.8,884052.0,586836.0,986901.29,427.90,1579.41,2132.05,494.15,6347.48,290.13,35.13,52.56,392.04,36.22,298.00,93.58,952.77,56.90,78.52,26.02,68.31,43.58,82.67,30.92,5.05,1.12,2139.61,191.90,3.45,0.44,66.60,7.83,7.61,2.00,0.01,0.14,16.18,2.30,7.87,3.22,1.33,3.76,13.76,18.96,18.52,6.10,3.85,4.04,24677.46,709.58,2619.10,4028.42,933.67,13579.39,620.70,80.50,120.44,978.88,90.44,358.97,112.73,1333.12,79.62,131.01,43.42,121.95,77.80,120.83,45.19,7.26,1.60,3059.09,274.37,4.39,0.56,83.37,9.80,9.47,2.49,0.02,0.18,19.13,2.72,10.63,4.34,1.77,5.02,15.36,21.17,19.95,6.57,4.37,4.59
19.10,19.1,02/06/2025 15:39:46,-1.178,5.296,1181353.777,15.8,878511.0,586833.0,987315.15,404.96,1518.07,1913.24,461.64,6284.96,287.20,38.27,52.68,340.07,36.29,265.65,89.62,942.13,56.10,117.16,31.48,112.22,43.96,71.82,28.73,7.58,1.66,2093.44,187.55,3.42,0.44,30.72,2.11,7.71,2.03,0.00,0.00,13.87,2.11,10.04,3.18,1.03,3.72,2.78,18.87,20.77,6.37,3.01,3.95,23924.60,671.53,2517.37,3614.99,872.26,13445.63,614.41,87.70,120.71,849.13,90.62,320.01,107.95,1318.23,78.50,195.48,52.53,200.33,78.48,104.98,41.99,10.89,2.38,2993.08,268.15,4.36,0.56,38.46,2.65,9.60,2.53,0.00,0.00,16.40,2.50,13.56,4.30,1.37,4.96,3.10,21.07,22.37,6.86,3.41,4.48
19.20,19.2,02/06/2025 15:40:04,-1.105,-1.452,,15.9,875405.0,583631.0,988553.42,339.86,1517.61,1721.92,435.65,5207.01,250.94,106.01,67.60,408.41,35.80,217.16,84.32,926.79,55.33,140.65,33.75,114.32,43.61,50.23,24.98,75.96,20.57,2056.05,184.09,3.65,0.44,14.96,0.76,7.25,1.99,0.00,0.00,17.40,2.30,6.38,3.10,0.65,3.70,5.74,18.75,19.80,6.19,6.38,3.92,21436.03,563.58,2516.62,3253.51,823.15,11139.54,536.84,242.92,154.90,1019.76,89.39,261.59,101.57,1296.77,77.42,234.67,56.32,204.09,77.86,73.41,36.50,109.14,29.55,2939.62,263.20,4.65,0.56,18.73,0.96,9.02,2.47,0.00,0.00,20.58,2.72,8.62,4.19,0.87,4.93,6.41,20.94,21.33,6.67,7.23,4.45
19.30,19.3,02/06/2025 15:40:22,-1.727,-2.116,,15.9,864815.0,582532.0,989257.22,125.68,1525.50,1850.89,454.45,5135.18,248.46,62.66,45.07,451.57,35.04,66.26,57.54,816.99,54.25,99.76,28.53,77.10,42.59,65.69,27.32,2.50,0.56,1921.79,171.36,3.43,0.44,5.52,0.25,7.60,2.00,0.00,0.00,11.34,1.91,5.55,3.09,1.17,3.63,13.23,18.51,15.60,5.91,3.25,3.85,20415.37,208.41,2529.71,3497.19,858.67,10985.87,531.54,143.58,103.28,1127.53,87.48,79.82,69.32,1143.14,75.91,166.46,47.60,137.63,76.04,96.01,39.92,3.60,0.80,2747.67,245.00,4.37,0.56,6.91,0.31,9.46,2.49,0.00,0.00,13.41,2.26,7.50,4.17,1.56,4.84,14.77,20.66,16.80,6.36,3.69,4.37
19.40,19.4,02/06/2025 15:40:40,-1.868,5.557,,15.9,866517.0,582844.0,990858.92,414.20,1461.02,1676.96,422.86,3733.63,199.01,134.31,81.10,413.29,34.91,58.48,54.04,710.57,52.66,21.92,13.89,86.15,42.66,72.88,28.59,80.06,20.27,1641.09,145.24,3.05,0.41,31.18,2.21,6.72,1.93,0.04,0.14,11.47,1.93,5.95,3.04,1.19,3.60,13.82,18.42,21.01,6.00,3.12,3.76,17121.63,686.85,2422.77,3168.56,798.97,7987.49,425.75,307.76,185.83,1031.93,87.17,70.44,65.10,994.23,73.68,36.58,23.17,153.79,76.16,106.51,41.78,115.03,29.12,2346.34,207.66,3.88,0.52,39.03,2.77,8.37,2.40,0.05,0.18,13.56,2.28,8.04,4.11,1.59,4.80,15.43,20.57,22.63,6.47,3.54,4.27
19.50,19.5,02/06/2025 15:41:08,-1.967,1.852,,15.9,869062.0,577161.0,986846.63,271.01,1493.45,2411.18,520.58,6241.19,284.24,122.81,75.26,388.98,35.50,177.68,79.87,1166.65,58.49,82.61,26.09,97.54,43.20,52.97,25.33,35.64,7.06,1988.87,177.49,2.97,0.42,47.23,4.29,5.86,1.98,0.00,0.00,12.17,1.98,5.74,3.14,1.23,3.70,20.69,18.65,15.99,6.12,4.35,3.85,24879.72,449.41,2476.55,4555.84,983.62,13352.00,608.08,281.41,172.45,971.24,88.65,214.04,96.21,1632.39,81.83,137.83,43.53,174.12,77.13,77.42,37.02,51.21,10.14,2843.58,253.77,3.78,0.54,59.12,5.37,7.30,2.47,0.00,0.00,14.39,2.34,7.76,4.24,1.63,4.93,23.10,20.82,17.23,6.59,4.94,4.36
19.60,19.6,02/06/2025 15:41:27,-2.364,3.372,1181352.856,15.9,863697.0,578499.0,989614.90,271.44,1491.31,1631.72,420.66,4487.68,225.07,9.58,9.19,395.23,34.98,72.41,58.77,957.15,55.45,82.58,26.15,83.58,42.62,63.49,26.85,77.63,20.21,2122.20,190.24,3.18,0.42,61.42,6.86,7.54,2.03,0.00,0.00,15.55,2.18,9.62,3.15,1.28,3.68,12.65,18.46,15.54,6.02,3.63,3.93,19253.03,450.12,2473.00,3083.07,794.82,9600.65,481.51,21.95,21.07,986.86,87.34,87.22,70.79,1339.25,77.58,137.78,43.63,149.20,76.09,92.80,39.25,111.54,29.04,3034.21,272.00,4.05,0.53,76.88,8.59,9.38,2.52,0.00,0.00,18.39,2.57,13.00,4.26,1.71,4.91,14.13,20.61,16.75,6.49,4.12,4.46
19.70,19.7,02/06/2025 15:41:45,-2.785,3.037,,15.9,860087.0,578665.0,992360.33,353.19,1480.07,1130.66,356.13,3020.28,172.54,67.75,46.36,334.11,34.26,12.02,24.74,686.69,52.16,26.93,13.62,107.29,42.10,59.72,25.90,75.79,19.87,1627.91,144.03,3.23,0.41,69.60,8.79,6.80,1.88,0.17,0.13,10.66,1.85,7.93,3.01,1.65,3.54,14.78,18.06,19.12,5.57,3.40,3.77,14074.72,585.69,2454.36,2136.35,672.89,6461.38,369.13,155.23,106.23,834.23,85.55,14.47,29.80,960.83,72.98,44.94,22.73,191.53,75.15,87.28,37.85,108.90,28.55,2327.50,205.93,4.11,0.52,87.12,11.00,8.46,2.34,0.22,0.17,12.61,2.19,10.71,4.06,2.21,4.72,16.50,20.16,20.59,6.00,3.85,4.27
19.80,19.8,02/06/2025 15:42:03,-2.460,1.254,,15.9,860161.0,579701.0,992636.62,230.35,1483.18,1198.44,368.25,2832.82,166.04,45.90,50.44,280.91,34.74,88.76,62.98,713.80,52.12,48.23,19.24,79.72,41.81,60.13,25.98,25.07,5.08,1608.72,142.18,3.45,0.42,82.63,11.98,7.46,1.96,0.06,0.14,10.97,1.87,8.11,2.98,1.61,3.55,15.83,18.12,17.57,5.92,2.86,3.76,13448.81,381.98,2459.52,2264.40,695.79,6060.35,355.22,105.17,115.58,701.40,86.75,106.92,75.87,998.75,72.92,80.48,32.10,142.31,74.64,87.88,37.98,36.02,7.30,2300.05,203.28,4.39,0.53,103.44,15.00,9.28,2.44,0.08,0.18,12.97,2.21,10.95,4.03,2.14,4.74,17.67,20.23,18.93,6.38,3.25,4.27
19.90,19.9,02/06/2025 15:42:21,-2.686,1.388,,15.9,856290.0,576439.0,991833.53,259.25,1489.38,1326.88,381.89,3120.53,176.89,43.19,50.74,384.55,34.38,99.95,65.90,746.79,52.84,63.88,22.60,84.01,41.92,59.89,25.97,31.18,6.19,1811.55,161.02,3.01,0.41,66.72,8.10,6.32,1.92,0.00,0.00,12.85,1.97,8.64,3.05,1.49,3.57,11.07,18.14,19.61,6.04,5.11,3.83,14979.61,429.91,2469.80,2507.09,721.56,6675.86,378.43,98.96,116.26,960.17,85.84,120.40,79.39,1044.92,73.94,106.58,37.71,149.98,74.84,87.53,37.95,44.80,8.90,2590.06,230.22,3.83,0.52,83.52,10.14,7.87,2.39,0.00,0.00,15.20,2.33,11.67,4.12,1.98,4.76,12.36,20.26,21.12,6.51,5.80,4.35
20.00,20.0,02/06/2025 15:42:50,-3.224,5.686,,15.9,858271.0,575130.0,991230.46,309.11,1490.39,1434.03,395.11,3638.83,195.47,53.07,38.85,396.05,34.43,0.00,0.00,818.62,53.24,63.85,22.57,90.36,42.08,66.01,27.09,70.56,19.67,1696.01,150.21,3.47,0.42,57.47,6.20,8.25,1.95,0.01,0.14,12.08,1.96,7.20,3.03,0.87,3.58,21.77,18.18,18.38,6.02,3.52,3.87,16313.24,512.59,2471.47,2709.54,746.54,7784.68,418.17,121.61,89.03,988.91,85.98,0.00,0.00,1145.42,74.49,106.54,37.65,161.31,75.12,96.48,39.60,101.39,28.26,2424.87,214.76,4.42,0.54,71.94,7.76,10.27,2.43,0.01,0.18,14.28,2.32,9.73,4.10,1.16,4.77,24.31,20.30,19.80,6.49,3.99,4.39
20.10,20.1,02/06/2025 15:43:08,-4.097,13.689,1181347.958,16.0,857436.0,573742.0,990901.77,359.71,1467.05,1360.08,382.08,3790.03,199.32,42.70,32.61,302.65,34.99,137.30,72.24,772.42,52.89,23.42,13.81,79.95,42.13,61.21,26.29,82.90,20.29,1953.10,174.32,3.03,0.42,67.20,8.14,6.17,1.94,0.05,0.14,16.07,2.21,6.92,3.07,2.57,3.57,11.56,18.22,13.79,5.91,5.38,3.86,16718.36,596.51,2432.78,2569.83,721.93,8108.13,426.41,97.84,74.72,755.70,87.37,165.39,87.02,1080.77,74.01,39.08,23.04,142.72,75.21,89.47,38.43,119.11,29.16,2792.44,249.24,3.86,0.53,84.12,10.19,7.68,2.42,0.07,0.18,19.01,2.61,9.35,4.15,3.43,4.76,12.91,20.34,14.86,6.36,6.10,4.38
20.20,20.2,02/06/2025 15:43:26,-4.173,13.823,,15.9,860840.0,575223.0,991053.66,376.52,1446.39,1534.36,403.54,3597.72,193.27,38.86,50.39,379.10,34.56,84.52,62.55,756.23,53.28,49.15,19.55,53.75,41.85,69.72,27.85,16.14,3.38,1865.00,166.04,3.09,0.41,58.34,6.36,6.58,1.95,0.00,0.00,14.38,2.10,7.40,3.05,1.60,3.54,10.59,18.26,19.75,6.00,3.54,3.80,16536.70,624.37,2398.51,2899.12,762.48,7696.72,413.48,89.05,115.46,946.57,86.30,101.82,75.35,1058.13,74.55,82.00,32.61,95.95,74.71,101.90,40.70,23.19,4.85,2666.47,237.40,3.93,0.52,73.03,7.96,8.19,2.43,0.00,0.00,17.00,2.48,9.99,4.12,2.14,4.71,11.83,20.39,21.27,6.46,4.02,4.32
20.30,20.3,02/06/2025 15:43:45,-4.151,8.862,,15.9,860052.0,575032.0,989939.25,346.02,1516.69,1648.34,421.56,4330.38,218.49,37.32,29.44,408.46,34.69,169.44,77.37,839.31,54.07,63.26,22.54,84.86,42.36,53.09,25.04,0.21,0.05,1920.41,171.20,3.15,0.42,81.59,11.47,8.98,2.00,0.00,0.00,13.97,2.09,7.84,3.08,1.51,3.59,21.22,18.35,15.65,5.98,5.75,3.89,18710.42,573.79,2515.09,3114.47,796.53,9264.12,467.43,85.52,67.45,1019.89,86.61,204.11,93.21,1174.37,75.65,105.56,37.61,151.49,75.62,77.59,36.60,0.30,0.07,2745.70,244.77,4.01,0.53,102.13,14.36,11.17,2.49,0.00,0.00,16.52,2.47,10.59,4.15,2.01,4.79,23.69,20.49,16.85,6.44,6.52,4.41
20.40,20.4,02/06/2025 15:44:03,-3.131,9.657,,16.0,859786.0,573196.0,988541.96,460.31,1496.10,1710.53,430.51,5453.66,257.91,82.32,54.48,409.22,35.06,158.98,76.90,879.96,54.76,100.69,28.90,73.74,42.55,71.07,28.30,7.84,1.69,1936.01,172.52,3.04,0.42,62.40,7.06,7.76,2.03,0.16,0.14,15.08,2.16,6.32,3.07,0.84,3.61,2.07,18.50,12.45,5.75,3.59,3.83,21617.59,763.31,2480.95,3231.99,813.43,11667.21,551.75,188.63,124.84,1021.78,87.54,191.51,92.63,1231.25,76.63,168.00,48.23,131.63,75.95,103.88,41.36,11.27,2.43,2768.00,246.66,3.87,0.53,78.11,8.84,9.66,2.53,0.20,0.18,17.84,2.55,8.54,4.15,1.12,4.82,2.31,20.66,13.41,6.20,4.07,4.34
20.50,20.5,02/06/2025 15:44:31,-3.322,7.080,,16.0,857643.0,570800.0,989595.95,107.28,1525.58,1645.95,423.29,4836.96,237.74,26.62,50.53,241.14,35.45,199.11,80.49,855.42,54.16,61.42,22.23,97.36,42.51,69.25,27.80,32.48,6.42,2070.23,185.23,3.11,0.42,93.60,14.59,8.08,2.00,0.01,0.14,17.59,2.31,8.21,3.07,1.92,3.59,9.17,18.29,15.86,6.02,3.28,3.84,19316.35,177.90,2529.83,3109.96,799.80,10347.88,508.59,61.00,115.77,602.11,88.53,239.84,96.96,1196.90,75.79,102.48,37.09,173.80,75.90,101.21,40.62,46.68,9.22,2959.89,264.83,3.96,0.53,117.16,18.26,10.06,2.49,0.01,0.18,20.80,2.73,11.10,4.15,2.57,4.78,10.24,20.43,17.09,6.49,3.72,4.36
20.60,20.6,02/06/2025 15:44:50,-3.505,5.888,1181347.164,16.0,856948.0,572249.0,989844.17,147.86,1522.82,1690.59,431.28,4633.52,230.08,80.89,53.55,433.49,34.52,108.16,68.03,848.71,53.94,96.31,28.09,105.05,42.65,68.55,27.67,74.45,19.94,1730.65,153.27,3.54,0.43,67.83,8.25,7.79,1.94,0.00,0.00,18.09,2.29,12.29,3.11,0.69,3.58,5.58,18.33,17.54,6.11,4.24,3.86,19135.45,245.19,2525.26,3194.31,814.88,9912.65,492.23,185.35,122.71,1082.39,86.19,130.29,81.95,1187.53,75.47,160.70,46.87,187.53,76.13,100.19,40.44,106.98,28.66,2474.39,219.14,4.50,0.54,84.91,10.33,9.70,2.41,0.00,0.00,21.40,2.71,16.60,4.20,0.92,4.77,6.23,20.46,18.90,6.59,4.81,4.38
20.70,20.7,02/06/2025 15:45:08,-3.644,10.846,,16.0,857357.0,572376.0,990093.96,38.93,1523.28,1506.36,411.16,4666.68,232.05,20.91,18.46,443.38,34.76,150.45,74.88,812.58,53.69,41.67,17.47,98.33,42.39,67.25,27.44,83.47,20.42,1833.87,163.05,3.54,0.43,71.70,9.11,6.98,1.95,0.00,0.00,15.28,2.15,6.33,3.03,0.39,3.60,14.22,18.25,19.98,6.01,3.73,3.82,18624.53,64.55,2526.01,2846.22,776.87,9983.59,496.44,47.92,42.30,1107.07,86.79,181.24,90.20,1136.96,75.13,69.53,29.14,175.54,75.68,98.29,40.10,119.93,29.34,2621.97,233.11,4.51,0.55,89.75,11.40,8.69,2.43,0.00,0.00,18.07,2.54,8.56,4.09,0.52,4.79,15.87,20.38,21.52,6.47,4.23,4.33
20.80,20.8,02/06/2025 15:45:26,-3.335,8.335,,15.9,863731.0,575477.0,988896.46,365.00,1458.73,1923.71,454.23,4957.96,241.06,30.06,24.80,450.36,34.75,187.57,80.45,801.39,54.02,49.82,19.74,121.73,43.22,78.14,29.62,77.90,20.27,1962.93,175.16,3.22,0.42,34.34,2.54,9.05,2.03,0.00,0.00,12.46,2.00,4.56,3.06,1.97,3.66,8.86,18.43,17.63,6.07,4.86,3.84,20836.78,605.28,2418.98,3634.77,858.25,10606.73,515.71,68.88,56.82,1124.50,86.76,225.95,96.91,1121.31,75.58,83.13,32.93,217.32,77.16,114.20,43.30,111.93,29.13,2806.49,250.43,4.10,0.54,42.99,3.18,11.26,2.53,0.00,0.00,14.74,2.37,6.16,4.13,2.63,4.88,9.89,20.57,19.00,6.54,5.52,4.36
20.90,20.9,02/06/2025 15:45:44,-2.771,10.850,,15.9,859753.0,575881.0,990493.46,272.95,1491.94,1541.13,408.07,3870.63,203.56,129.34,77.93,432.83,34.69,92.52,64.29,875.50,54.38,50.67,19.78,82.69,42.20,57.25,25.70,80.90,20.32,1881.46,167.55,3.22,0.41,67.66,8.22,7.91,1.96,0.13,0.14,11.28,1.90,10.62,3.12,1.16,3.61,13.91,18.28,18.61,5.78,4.18,3.76,17649.08,452.62,2474.05,2911.92,771.04,8280.57,435.49,296.37,178.57,1080.72,86.62,111.44,77.44,1225.00,76.09,84.54,33.00,147.61,75.34,83.68,37.56,116.24,29.19,2690.01,239.55,4.10,0.53,84.69,10.29,9.85,2.44,0.17,0.18,13.35,2.24,14.34,4.21,1.55,4.81,15.53,20.41,20.04,6.23,4.74,4.27
21.00,21.0,02/06/2025 15:46:13,-3.768,10.520,,15.9,859028.0,577545.0,990914.08,311.16,1501.26,1571.98,412.05,3709.90,198.23,74.27,49.92,393.72,34.70,74.82,59.56,840.03,53.89,32.33,14.83,103.17,42.63,40.55,23.14,67.25,19.66,1724.60,152.88,3.34,0.43,74.71,9.88,6.48,1.92,0.00,0.00,12.28,1.96,7.01,3.02,1.85,3.57,14.83,18.32,17.93,6.02,3.71,3.83,16873.80,516.00,2489.50,2970.19,778.55,7936.72,424.07,170.19,114.38,983.09,86.65,90.13,71.75,1175.38,75.40,53.94,24.75,184.18,76.11,59.26,33.82,96.63,28.25,2465.73,218.57,4.25,0.55,93.52,12.37,8.06,2.38,0.00,0.00,14.53,2.32,9.47,4.08,2.46,4.77,16.56,20.46,19.31,6.48,4.21,4.35
21.10,21.1,02/06/2025 15:46:31,-4.277,7.932,1181350.409,15.9,858904.0,577242.0,988694.58,428.12,1475.95,2086.10,474.05,4765.97,234.24,58.93,42.23,428.66,34.60,168.80,77.90,878.59,54.54,76.83,24.92,147.00,43.15,62.61,26.60,17.28,3.58,2046.03,182.90,3.71,0.45,65.67,7.71,7.54,2.00,0.03,0.14,14.28,2.10,11.02,3.15,0.11,3.65,14.99,18.25,18.57,6.00,4.58,3.80,21088.02,709.94,2447.53,3941.61,895.71,10196.01,501.11,135.03,96.76,1070.31,86.38,203.33,93.83,1229.32,76.32,128.19,41.58,262.42,77.04,91.50,38.87,24.83,5.14,2925.31,261.50,4.72,0.57,82.21,9.65,9.39,2.49,0.04,0.18,16.89,2.49,14.89,4.25,0.14,4.87,16.73,20.38,20.00,6.47,5.19,4.31
21.20,21.2,02/06/2025 15:46:50,-3.394,9.456,,15.9,859886.0,578601.0,990567.15,178.62,1564.77,1564.31,413.06,4122.67,212.28,64.48,44.95,334.50,35.23,119.20,69.77,797.39,53.52,38.94,16.83,95.19,42.56,60.09,26.16,72.95,19.93,1856.76,165.24,3.24,0.42,62.97,7.25,7.62,1.97,0.00,0.00,9.44,1.77,8.07,3.05,1.55,3.63,14.48,18.34,17.28,6.16,3.09,3.84,17551.04,296.20,2594.81,2955.71,780.46,8819.77,454.15,147.76,103.00,835.22,87.97,143.59,84.05,1115.71,74.89,64.97,28.08,169.93,75.97,87.82,38.23,104.82,28.63,2654.70,236.24,4.13,0.54,78.83,9.07,9.48,2.45,0.00,0.00,11.16,2.10,10.91,4.13,2.07,4.84,16.17,20.47,18.61,6.64,3.51,4.36
21.30,21.3,02/06/2025 15:47:08,-3.231,5.025,,15.9,864734.0,578105.0,988397.17,1217.58,1483.62,2015.87,468.48,4492.03,225.64,16.21,14.76,427.50,35.05,135.51,73.19,864.93,54.47,52.39,20.52,79.29,42.98,49.45,24.75,67.20,19.95,2067.10,185.04,3.35,0.43,61.86,6.94,7.28,1.96,0.00,0.00,11.05,1.89,4.70,3.02,2.17,3.64,7.85,18.64,15.65,6.05,3.88,3.86,21412.25,2019.08,2460.26,3808.90,885.17,9609.95,482.73,37.13,33.82,1067.42,87.50,163.23,88.17,1210.22,76.22,87.42,34.23,141.54,76.73,72.28,36.17,96.55,28.66,2955.42,264.57,4.27,0.54,77.44,8.69,9.06,2.45,0.00,0.00,13.07,2.24,6.34,4.07,2.89,4.86,8.76,20.81,16.86,6.51,4.41,4.38
21.40,21.4,02/06/2025 15:47:26,-2.478,5.354,,15.9,862541.0,574546.0,988027.74,603.74,1480.27,1769.55,434.98,5464.12,257.71,67.20,46.59,398.99,35.02,179.99,79.17,915.16,55.08,97.53,28.24,111.79,42.98,70.09,28.11,82.43,20.55,2072.12,185.39,3.10,0.42,76.27,10.02,7.35,1.96,0.06,0.14,11.70,1.94,7.85,3.11,1.05,3.69,10.48,18.44,17.94,6.12,3.75,3.88,22397.32,1001.17,2454.70,3343.50,821.88,11689.57,551.34,153.97,106.74,996.25,87.44,216.81,95.37,1280.50,77.07,162.73,47.12,199.56,76.73,102.45,41.08,118.44,29.53,2962.61,265.06,3.94,0.53,95.47,12.54,9.15,2.44,0.07,0.19,13.84,2.30,10.61,4.20,1.39,4.92,11.70,20.59,19.33,6.59,4.25,4.40
21.50,21.5,02/06/2025 15:47:54,-1.984,6.282,,15.9,864953.0,573427.0,989274.46,303.67,1516.34,1613.82,420.53,4801.79,235.90,161.50,94.61,395.26,35.15,165.98,77.49,809.37,54.07,76.10,25.12,105.34,43.13,47.35,24.31,82.47,20.57,2040.93,182.58,3.58,0.44,62.60,7.10,6.46,1.98,0.00,0.00,13.04,2.06,6.92,3.08,1.56,3.63,6.55,18.54,17.99,6.13,3.28,3.86,20083.77,503.58,2514.50,3049.25,794.57,10272.63,504.68,370.06,216.79,986.92,87.78,199.94,93.34,1132.48,75.66,126.96,41.92,188.06,77.00,69.20,35.53,118.49,29.56,2918.00,261.05,4.56,0.56,78.36,8.89,8.04,2.47,0.00,0.00,15.43,2.44,9.35,4.16,2.07,4.84,7.31,20.70,19.37,6.61,3.72,4.38
21.60,21.6,02/06/2025 15:48:13,-2.615,12.239,1181346.767,15.9,863495.0,572964.0,988655.39,652.90,1518.07,1741.10,435.71,5038.40,244.20,47.68,36.18,378.97,35.21,176.80,78.83,919.01,55.25,76.78,25.08,98.46,42.81,69.42,27.97,4.88,1.06,1993.18,177.93,3.37,0.42,81.25,11.30,7.03,1.97,0.00,0.00,15.76,2.20,6.01,3.08,1.35,3.62,13.79,18.45,14.23,5.95,4.24,3.88,21146.54,1082.68,2517.38,3289.74,823.26,10778.82,522.42,109.26,82.90,946.25,87.91,212.98,94.96,1285.88,77.30,128.11,41.85,175.76,76.43,101.47,40.87,7.01,1.53,2849.74,254.39,4.29,0.53,101.71,14.14,8.75,2.45,0.00,0.00,18.64,2.60,8.12,4.16,1.80,4.82,15.39,20.60,15.33,6.41,4.81,4.40
21.70,21.7,02/06/2025 15:48:31,-3.330,10.847,,16.0,862571.0,570918.0,986950.12,456.18,1505.99,2072.16,478.66,6482.79,293.09,41.51,52.19,391.08,35.76,199.16,82.16,970.86,55.95,69.51,23.75,98.24,43.01,73.14,28.75,37.34,7.28,2015.44,179.88,3.09,0.42,71.67,8.94,8.87,2.04,0.00,0.00,14.20,2.14,6.30,3.07,1.35,3.66,16.85,18.53,15.93,6.02,4.22,3.99,24716.55,756.47,2497.35,3915.26,904.41,13868.87,627.02,95.10,119.59,976.49,89.30,239.90,98.97,1358.43,78.28,115.98,39.62,175.37,76.78,106.89,42.01,53.65,10.46,2881.56,257.18,3.93,0.53,89.72,11.19,11.04,2.54,0.00,0.00,16.80,2.53,8.51,4.15,1.81,4.88,18.81,20.69,17.16,6.49,4.79,4.52
21.80,21.8,02/06/2025 15:48:49,-2.414,15.611,,16.0,857651.0,571310.0,988536.68,135.35,1528.23,1708.73,434.70,5628.84,264.17,118.95,73.54,505.91,34.87,163.14,77.14,848.73,54.23,41.29,17.48,118.57,43.17,57.41,25.78,16.47,3.42,1964.41,175.16,3.44,0.42,89.12,13.32,9.12,2.01,0.00,0.00,14.39,2.11,6.75,3.12,2.03,3.63,11.40,18.42,15.33,6.12,3.96,3.80,21801.41,224.45,2534.23,3228.58,821.36,12041.98,565.15,272.55,168.50,1263.20,87.07,196.51,92.93,1187.54,75.88,68.89,29.16,211.67,77.07,83.90,37.68,23.66,4.92,2808.60,250.43,4.37,0.54,111.55,16.68,11.36,2.51,0.00,0.00,17.02,2.49,9.11,4.21,2.71,4.84,12.73,20.57,16.51,6.59,4.49,4.31
21.90,21.9,02/06/2025 15:49:08,-4.472,12.237,,15.9,864985.0,572908.0,987170.52,273.06,1526.56,1994.94,471.56,6243.88,285.65,8.58,8.40,425.85,35.46,225.88,84.97,1035.15,56.78,81.60,26.01,87.63,43.06,47.51,24.49,78.10,20.55,2183.53,195.93,3.65,0.44,76.64,10.03,9.37,2.05,0.02,0.14,13.90,2.12,6.91,3.13,2.48,3.73,11.42,18.63,16.53,6.11,2.84,3.95,24154.64,452.81,2531.46,3769.37,891.00,13357.74,611.10,19.66,19.26,1063.30,88.54,272.10,102.36,1448.39,79.44,136.15,43.39,156.44,76.86,69.44,35.79,112.22,29.53,3121.90,280.13,4.64,0.56,95.93,12.56,11.66,2.56,0.03,0.19,16.44,2.51,9.34,4.23,3.31,4.97,12.76,20.81,17.80,6.58,3.22,4.48
22.00,22.0,02/06/2025 15:49:36,-3.271,20.171,,15.9,864350.0,576534.0,987977.24,269.38,1500.52,1981.77,465.37,5692.34,265.74,124.16,75.83,458.88,35.24,216.11,83.23,857.39,54.63,70.42,24.07,119.74,43.35,67.33,27.66,2.62,0.58,2031.02,181.49,3.32,0.43,51.60,5.03,7.03,1.97,0.00,0.00,13.26,2.05,17.31,3.26,1.25,3.68,13.87,18.54,19.88,6.06,4.09,3.88,22756.36,446.70,2488.27,3744.48,879.30,12177.81,568.50,284.50,173.75,1145.79,88.00,260.33,100.26,1199.67,76.45,117.50,40.15,213.75,77.40,98.40,40.43,3.77,0.83,2903.83,259.49,4.23,0.55,64.59,6.29,8.75,2.46,0.00,0.00,15.68,2.42,23.38,4.41,1.67,4.91,15.49,20.70,21.42,6.53,4.64,4.40
22.10,22.1,02/06/2025 15:49:55,-3.486,14.813,1181351.733,15.9,869247.0,578558.0,988314.97,313.59,1522.42,1956.48,465.44,5251.08,252.22,46.23,35.45,437.02,35.07,230.65,85.86,982.61,56.58,84.86,26.61,79.87,43.09,52.07,25.18,81.36,20.64,2036.12,182.08,3.40,0.44,73.24,9.34,7.38,1.97,0.14,0.14,13.74,2.08,5.37,3.09,2.26,3.70,9.79,18.70,13.68,5.82,4.08,3.94,21850.88,520.02,2524.60,3696.69,879.43,11233.82,539.58,105.94,81.23,1091.20,87.56,277.84,103.43,1374.88,79.17,141.59,44.41,142.58,76.93,76.10,36.80,116.91,29.66,2911.14,260.32,4.33,0.56,91.68,11.69,9.18,2.45,0.19,0.18,16.25,2.46,7.25,4.17,3.02,4.93,10.93,20.88,14.74,6.27,4.63,4.46
22.20,22.2,02/06/2025 15:50:13,-3.179,21.029,,15.9,873784.0,578376.0,986875.39,685.89,1505.44,2253.53,497.75,5785.01,268.18,69.92,48.41,342.97,36.03,141.96,75.04,1059.91,57.43,78.86,25.78,72.45,43.17,79.91,30.28,82.05,20.80,2351.46,212.02,3.31,0.43,59.79,6.43,8.17,2.00,0.00,0.00,12.97,2.04,5.01,3.15,1.71,3.75,6.91,18.77,19.66,6.23,3.17,3.97,24445.71,1137.39,2496.43,4257.96,940.48,12376.08,573.72,160.22,110.92,856.36,89.97,171.00,90.39,1483.03,80.35,131.58,43.02,129.34,77.07,116.79,44.26,117.89,29.89,3361.98,303.13,4.21,0.55,74.84,8.05,10.17,2.49,0.00,0.00,15.34,2.41,6.77,4.26,2.28,5.00,7.71,20.95,21.18,6.71,3.60,4.50
22.30,22.3,02/06/2025 15:50:31,-2.889,23.074,,15.9,875105.0,566190.0,982402.24,296.05,1538.10,2816.79,580.23,9439.40,391.13,1.19,1.24,414.29,36.53,434.75,106.41,1237.36,60.03,94.59,28.59,101.37,44.70,75.38,29.71,46.92,8.98,2504.01,226.06,3.27,0.43,53.02,5.08,6.20,2.04,0.00,0.00,19.58,2.49,14.18,3.33,1.53,3.77,11.23,19.24,20.16,6.52,6.49,4.11,33560.06,490.93,2550.59,5322.22,1096.33,20194.05,836.76,2.72,2.84,1034.43,91.22,523.71,128.19,1731.32,83.99,157.82,47.71,180.97,79.80,110.17,43.42,67.42,12.91,3580.10,323.21,4.16,0.55,66.37,6.36,7.71,2.54,0.00,0.00,23.15,2.95,19.15,4.50,2.05,5.03,12.54,21.48,21.72,7.02,7.36,4.67
22.40,22.4,02/06/2025 15:50:49,-2.984,20.896,,16.0,864634.0,552846.0,980059.39,310.33,1491.40,3346.13,650.59,11101.77,445.18,43.65,34.17,345.88,36.63,527.58,116.00,1260.03,60.27,168.21,36.27,164.62,45.31,65.51,27.88,34.47,6.77,2388.25,214.64,3.16,0.44,93.46,13.78,8.53,2.17,0.00,0.00,28.20,2.88,14.31,3.30,0.67,3.72,11.39,19.11,17.37,6.41,7.08,4.08,38308.70,514.62,2473.15,6322.39,1229.27,23750.41,952.38,100.02,78.29,863.63,91.45,635.52,139.74,1763.05,84.33,280.66,60.51,293.88,80.88,95.74,40.75,49.53,9.73,3414.59,306.88,4.02,0.56,116.99,17.25,10.61,2.70,0.00,0.00,33.35,3.41,19.33,4.46,0.89,4.96,12.71,21.34,18.71,6.91,8.03,4.62
22.50,22.5,02/06/2025 15:51:18,-3.799,23.802,,16.0,871899.0,556487.0,978624.77,312.68,1545.23,3379.70,659.78,12582.83,494.93,74.66,52.25,394.29,36.75,519.84,116.82,1245.02,61.28,178.26,37.94,93.65,45.25,53.95,26.37,86.34,21.76,2281.97,204.59,3.49,0.46,84.83,11.53,9.10,2.15,0.00,0.00,27.88,2.93,13.80,3.33,0.28,3.74,7.50,19.63,16.72,6.35,8.43,4.28,41487.08,518.51,2562.41,6385.81,1246.64,26918.90,1058.82,171.07,119.72,984.49,91.76,626.21,140.72,1742.04,85.75,297.43,63.30,167.19,80.78,78.85,38.54,124.05,31.27,3262.63,292.51,4.44,0.58,106.19,14.44,11.33,2.67,0.00,0.00,32.97,3.47,18.64,4.50,0.38,4.99,8.37,21.91,18.01,6.84,9.56,4.86
22.60,22.6,02/06/2025 15:51:36,-2.288,30.094,1181345.050,16.0,872319.0,558332.0,979828.67,276.33,1505.84,3342.74,649.88,11270.30,450.97,31.83,52.93,453.16,36.37,616.08,125.91,1297.32,61.04,190.32,38.56,110.83,45.06,51.77,25.92,31.30,6.29,2304.73,206.81,3.35,0.45,98.26,15.07,8.00,2.11,0.01,0.15,26.76,2.86,13.45,3.34,0.25,3.79,18.21,19.45,19.16,6.47,7.15,4.24,38814.65,458.23,2497.10,6315.99,1227.92,24110.95,964.77,72.93,121.27,1131.50,90.82,742.13,151.68,1815.22,85.41,317.56,64.34,197.86,80.43,75.67,37.88,44.98,9.03,3295.18,295.68,4.26,0.57,123.00,18.87,9.95,2.62,0.01,0.20,31.64,3.38,18.17,4.51,0.33,5.06,20.33,21.72,20.64,6.97,8.11,4.81
22.70,22.7,02/06/2025 15:51:55,-2.146,30.356,,16.0,877710.0,562804.0,980690.05,301.73,1532.70,3161.06,628.11,10916.14,439.92,23.51,20.86,459.18,36.46,403.19,105.24,1204.37,60.46,159.77,36.31,99.23,45.09,54.19,26.29,12.04,2.58,2338.36,210.17,3.62,0.45,92.87,13.70,9.02,2.12,0.10,0.15,26.62,2.85,14.46,3.33,0.76,3.79,6.25,19.51,16.65,6.20,6.82,4.17,37297.97,500.36,2541.64,5972.70,1186.79,23353.27,941.15,53.88,47.79,1146.54,91.05,485.69,126.78,1685.16,84.59,266.58,60.58,177.14,80.50,79.20,38.42,17.30,3.71,3343.25,300.50,4.60,0.58,116.25,17.15,11.23,2.64,0.14,0.19,31.49,3.37,19.54,4.49,1.02,5.06,6.98,21.78,17.93,6.68,7.74,4.73
22.80,22.8,02/06/2025 15:52:13,-2.734,24.140,,16.0,874430.0,561623.0,981042.64,274.36,1540.28,2693.20,566.00,10783.23,436.11,97.36,63.90,388.44,36.50,659.49,131.26,1069.39,59.07,118.46,31.73,134.81,45.25,67.49,28.32,35.83,7.09,2449.43,220.75,3.21,0.45,87.76,12.35,8.87,2.15,0.00,0.00,23.07,2.70,20.49,3.46,0.22,3.78,15.93,19.27,19.83,6.56,6.49,4.18,36413.56,454.97,2554.21,5088.70,1069.44,23068.93,932.98,223.10,146.42,969.90,91.15,794.42,158.11,1496.29,82.64,197.65,52.94,240.66,80.79,98.65,41.39,51.48,10.18,3502.05,315.62,4.09,0.57,109.85,15.46,11.04,2.67,0.00,0.00,27.29,3.19,27.68,4.68,0.30,5.04,17.78,21.52,21.36,7.06,7.37,4.74
22.90,22.9,02/06/2025 15:52:32,-4.720,31.410,,16.0,878256.0,560264.0,979302.13,272.76,1573.42,3132.57,626.44,12055.73,477.92,65.25,47.03,416.12,36.49,496.29,113.98,1193.98,60.45,205.38,39.95,137.60,45.52,75.82,30.04,26.47,5.38,2455.06,221.18,3.23,0.44,77.01,9.69,6.84,2.08,0.00,0.00,27.40,2.90,10.30,3.31,1.30,3.83,11.91,19.45,21.42,6.56,5.44,4.11,40066.29,452.31,2609.16,5918.87,1183.63,25791.25,1022.42,149.52,107.76,1039.01,91.12,597.83,137.30,1670.62,84.58,342.68,66.65,245.63,81.26,110.81,43.90,38.03,7.73,3510.10,316.23,4.11,0.56,96.40,12.14,8.52,2.59,0.00,0.00,32.40,3.43,13.92,4.48,1.73,5.10,13.30,21.72,23.07,7.07,6.17,4.66
23.00,23.0,02/06/2025 15:53:00,-3.796,33.201,,16.0,881204.0,559761.0,976634.89,308.83,1537.28,3453.41,669.14,14073.44,544.31,29.43,25.39,389.40,37.23,599.99,126.11,1310.39,62.32,173.05,37.80,134.57,46.32,67.20,28.74,14.40,3.05,2651.12,239.72,3.51,0.46,76.98,9.54,9.04,2.20,0.04,0.15,23.08,2.71,14.82,3.45,0.00,0.00,10.08,19.79,15.76,6.54,6.60,4.22,45374.42,512.12,2549.24,6525.09,1264.31,30107.80,1164.45,67.43,58.18,972.30,92.97,722.75,151.92,1833.51,87.20,288.73,63.07,240.23,82.70,98.21,42.01,20.69,4.39,3790.42,342.74,4.46,0.59,96.36,11.94,11.26,2.73,0.05,0.20,27.29,3.21,20.01,4.66,0.00,0.00,11.25,22.10,16.98,7.05,7.48,4.78
23.10,23.1,02/06/2025 15:53:18,-2.129,26.324,1181353.315,16.0,873692.0,552927.0,978490.97,249.03,1560.35,3179.30,632.36,12393.46,489.30,117.58,74.40,437.61,36.77,664.85,131.60,1326.91,61.57,175.59,37.56,124.60,45.43,84.05,31.63,69.51,12.69,2524.24,227.55,3.85,0.47,65.52,7.22,7.80,2.10,0.00,0.00,28.62,2.94,14.04,3.38,2.31,3.79,12.34,19.47,20.45,6.54,7.38,4.16,41497.30,412.96,2587.49,6007.16,1194.83,26513.76,1046.78,269.43,170.47,1092.67,91.82,800.88,158.53,1856.62,86.15,292.97,62.67,222.44,81.11,122.84,46.23,99.87,18.24,3609.01,325.34,4.90,0.60,82.02,9.03,9.71,2.62,0.00,0.00,33.85,3.47,18.97,4.57,3.08,5.06,13.77,21.74,22.03,7.04,8.37,4.72
23.20,23.2,02/06/2025 15:53:37,-3.087,21.695,,16.0,878785.0,557084.0,979494.21,335.18,1587.14,3252.02,645.67,11623.04,464.35,26.27,54.12,421.79,36.94,663.22,131.94,1215.57,60.77,139.39,34.14,123.71,45.54,62.06,27.60,7.36,1.59,2464.94,222.03,3.13,0.44,75.80,9.43,11.42,2.23,0.00,0.00,26.31,2.85,11.72,3.30,0.56,3.76,15.63,19.52,17.92,6.50,8.76,4.28,39465.47,555.83,2631.92,6144.56,1219.97,24865.58,993.39,60.20,124.02,1053.18,92.24,798.92,158.94,1700.84,85.03,232.57,56.97,220.84,81.29,90.70,40.34,10.57,2.29,3524.23,317.44,3.99,0.56,94.88,11.80,14.21,2.78,0.00,0.00,31.11,3.37,15.83,4.46,0.74,5.02,17.46,21.79,19.31,7.00,9.93,4.85
23.30,23.3,02/06/2025 15:53:55,-2.193,21.498,,16.0,873464.0,557012.0,982733.18,362.68,1538.41,2538.71,545.81,9263.05,385.79,45.34,35.61,342.52,36.55,410.05,104.29,1362.82,61.00,161.00,36.07,115.96,44.66,58.07,26.57,17.57,3.66,2442.02,220.11,2.96,0.42,67.53,7.79,7.98,2.06,0.00,0.00,24.28,2.71,14.72,3.29,0.00,0.00,5.93,19.19,17.97,6.43,5.65,4.09,32831.37,601.42,2551.10,4796.80,1031.29,19816.78,825.34,103.90,81.59,855.23,91.27,493.95,125.62,1906.87,85.36,268.62,60.18,207.01,79.73,84.87,38.84,25.24,5.26,3491.46,314.70,3.77,0.54,84.53,9.75,9.94,2.57,0.00,0.00,28.72,3.21,19.89,4.44,0.00,0.00,6.63,21.43,19.36,6.93,6.41,4.63
23.40,23.4,02/06/2025 15:54:14,-2.619,27.712,,16.0,876726.0,553614.0,977407.13,418.91,1555.18,3391.37,662.64,13105.65,512.90,5.88,6.03,466.79,36.60,533.03,118.66,1463.49,63.47,191.81,39.12,146.85,46.19,59.97,27.35,88.73,22.04,2533.13,228.43,3.29,0.44,81.88,10.68,10.81,2.18,0.18,0.15,31.23,3.09,13.32,3.32,2.40,3.82,14.12,19.65,20.33,6.27,9.70,4.32,43654.95,694.66,2578.92,6407.87,1252.03,28037.37,1097.27,13.48,13.82,1165.53,91.38,642.09,142.94,2047.73,88.81,320.03,65.27,262.15,82.45,87.65,39.97,127.49,31.67,3621.72,326.59,4.19,0.56,102.49,13.37,13.46,2.72,0.24,0.20,36.93,3.65,18.00,4.48,3.19,5.09,15.77,21.94,21.90,6.75,11.01,4.90
23.50,23.5,02/06/2025 15:54:42,-3.924,26.320,,16.0,872295.0,553675.0,975278.48,662.40,1504.57,4185.55,771.12,14177.07,547.57,28.72,54.60,378.52,37.13,639.10,129.23,1382.82,62.34,278.52,45.51,137.94,46.07,64.67,28.25,91.67,22.26,2549.49,229.72,3.50,0.46,58.73,5.88,8.84,2.24,0.00,0.00,26.98,2.92,15.21,3.45,0.00,0.00,6.57,19.75,19.03,6.62,6.20,4.30,47810.61,1098.44,2494.99,7908.43,1457.01,30329.49,1171.43,65.80,125.11,945.13,92.72,769.86,155.67,1934.84,87.23,464.71,75.93,246.25,82.24,94.52,41.29,131.71,31.98,3645.12,328.44,4.45,0.59,73.52,7.36,11.00,2.78,0.00,0.00,31.91,3.45,20.54,4.66,0.00,0.00,7.34,22.05,20.50,7.13,7.04,4.88
23.60,23.6,02/06/2025 15:55:00,-3.561,31.941,1181348.290,16.0,866826.0,556845.0,982339.41,251.50,1558.09,2262.81,509.84,10230.22,417.25,12.09,11.58,304.60,36.60,372.80,100.64,1387.16,61.62,155.29,35.48,117.51,44.65,55.05,26.08,84.11,21.24,2275.42,204.11,3.86,0.46,58.29,6.00,9.13,2.13,0.03,0.14,29.56,2.96,13.74,3.25,2.74,3.70,6.36,19.17,20.52,6.25,7.82,4.11,33864.65,417.06,2583.75,4275.50,963.33,21885.87,892.64,27.71,26.53,760.56,91.37,449.08,121.23,1940.92,86.21,259.09,59.20,209.78,79.71,80.46,38.12,120.85,30.51,3253.26,291.82,4.91,0.58,72.97,7.51,11.36,2.65,0.04,0.19,34.96,3.49,18.56,4.39,3.65,4.93,7.10,21.41,22.10,6.73,8.87,4.66
23.70,23.7,02/06/2025 15:55:19,-1.534,25.525,,16.0,872757.0,561419.0,979209.46,1018.89,1563.06,3200.12,633.36,11351.66,454.80,7.61,7.61,474.58,36.43,430.37,107.90,1373.18,62.00,272.54,44.70,123.88,45.29,49.62,25.60,4.69,1.02,2349.77,211.07,3.78,0.46,48.82,4.36,8.38,2.08,0.00,0.00,25.99,2.82,13.71,3.31,0.23,3.80,12.45,19.52,15.94,6.39,4.34,4.11,39939.93,1689.61,2591.99,6046.51,1196.70,24285.01,972.96,17.43,17.45,1184.98,90.96,518.42,129.98,1921.37,86.76,454.73,74.59,221.14,80.84,72.52,37.42,6.74,1.47,3359.58,301.78,4.80,0.59,61.11,5.45,10.42,2.59,0.00,0.00,30.74,3.34,18.51,4.47,0.31,5.07,13.90,21.79,17.17,6.88,4.93,4.66
23.80,23.8,02/06/2025 15:55:37,-2.230,27.508,,15.9,878319.0,567873.0,984050.82,360.89,1563.36,2592.50,553.36,8314.61,355.21,31.62,52.93,468.08,36.19,334.87,97.36,1222.23,59.79,144.36,34.47,107.94,44.46,64.37,27.66,13.42,2.86,2129.40,190.59,3.06,0.42,85.85,12.13,8.26,2.05,0.00,0.00,24.45,2.72,10.22,3.22,1.36,3.68,11.67,19.16,16.39,6.21,3.64,4.01,30431.74,598.45,2592.49,4898.42,1045.55,17787.73,759.91,72.45,121.28,1168.75,90.37,403.38,117.28,1710.16,83.66,240.86,57.51,192.69,79.36,94.08,40.42,19.28,4.11,3044.49,272.50,3.89,0.54,107.47,15.18,10.28,2.55,0.00,0.00,28.91,3.22,13.81,4.35,1.82,4.91,13.03,21.39,17.66,6.69,4.13,4.54
23.90,23.9,02/06/2025 15:55:56,-1.941,35.908,,16.0,873261.0,565697.0,983944.30,243.01,1600.75,2345.35,524.57,8777.33,370.54,18.28,16.93,365.59,36.24,441.83,107.51,1225.96,59.86,122.55,31.88,147.75,44.83,56.00,26.14,71.75,20.71,2087.96,186.62,3.25,0.44,57.40,5.91,7.87,2.07,0.00,0.00,27.20,2.83,12.78,3.22,1.58,3.72,15.32,19.01,21.42,6.49,5.52,4.01,30636.58,402.97,2654.48,4431.44,991.16,18777.65,792.71,41.88,38.80,912.85,90.48,532.23,129.51,1715.38,83.76,204.47,53.19,263.76,80.04,81.85,38.21,103.09,29.75,2985.25,266.81,4.14,0.55,71.85,7.40,9.80,2.58,0.00,0.00,32.17,3.34,17.26,4.36,2.11,4.96,17.10,21.22,23.07,6.99,6.26,4.55
24.00,24.0,02/06/2025 15:56:24,-3.140,32.871,,15.9,880459.0,569324.0,983633.72,293.90,1548.06,2532.63,544.29,8864.62,373.30,51.67,39.58,378.53,36.58,332.82,97.63,1159.70,59.30,152.31,35.14,125.05,44.82,51.63,25.63,82.54,21.29,2156.14,193.17,3.30,0.44,96.56,14.92,8.47,2.07,0.00,0.00,24.06,2.69,12.49,3.26,1.23,3.73,15.00,19.22,18.03,6.43,5.61,4.11,31303.45,487.37,2567.11,4785.31,1028.42,18964.40,798.60,118.40,90.68,945.15,91.34,400.91,117.61,1622.66,82.97,254.12,58.63,223.24,80.02,75.45,37.47,118.60,30.60,3082.73,276.19,4.21,0.56,120.87,18.68,10.55,2.58,0.00,0.00,28.45,3.18,16.88,4.40,1.64,4.98,16.74,21.46,19.42,6.93,6.36,4.66
24.10,24.1,02/06/2025 15:56:43,-1.722,30.285,1181348.822,15.9,880981.0,564872.0,983757.88,507.51,1556.10,2550.43,547.19,8326.44,355.64,39.70,53.55,393.63,36.59,392.97,102.82,1228.87,59.89,189.95,38.50,141.39,44.99,84.23,31.43,12.79,2.73,2223.55,199.47,3.48,0.44,65.04,7.35,5.82,2.01,0.00,0.00,29.28,2.97,14.23,3.27,0.69,3.68,10.14,19.18,15.15,6.30,6.84,4.13,30813.39,841.59,2580.44,4818.94,1033.90,17813.04,760.84,90.97,122.70,982.86,91.35,473.37,123.86,1719.44,83.79,316.94,64.24,252.41,80.32,123.11,45.94,18.37,3.92,3179.10,285.19,4.43,0.57,81.41,9.20,7.24,2.50,0.00,0.00,34.62,3.51,19.23,4.41,0.92,4.91,11.32,21.41,16.32,6.79,7.76,4.69
24.20,24.2,02/06/2025 15:57:01,-1.910,35.381,,16.0,876873.0,557423.0,980452.28,139.48,1575.00,3248.12,641.73,10764.07,435.06,30.79,53.55,368.75,36.93,586.14,123.06,1418.73,62.32,229.64,42.19,85.64,44.83,64.78,28.04,19.01,3.96,2434.79,219.28,3.35,0.45,75.41,9.38,8.83,2.18,0.00,0.00,30.27,3.02,12.16,3.31,0.88,3.75,0.00,0.00,20.66,6.58,6.23,4.18,37410.40,231.30,2611.78,6137.19,1212.53,23027.94,930.74,70.56,122.71,920.74,92.21,706.07,148.24,1985.10,87.19,383.15,70.39,152.88,80.02,94.68,40.98,27.32,5.70,3481.12,313.51,4.26,0.57,94.40,11.74,10.99,2.71,0.00,0.00,35.80,3.57,16.42,4.46,1.18,5.00,0.00,0.00,22.25,7.09,7.07,4.74
24.30,24.3,02/06/2025 15:57:19,-1.472,33.396,,16.0,877479.0,558785.0,983326.13,539.17,1520.64,2677.75,562.63,8677.95,367.01,6.06,52.54,444.00,36.33,463.59,110.65,1254.14,60.60,179.45,37.46,101.01,44.27,69.13,28.53,38.32,7.55,2049.38,182.88,3.51,0.45,75.63,9.63,8.15,2.08,0.00,0.00,32.00,3.05,13.59,3.24,1.20,3.66,14.43,19.16,18.47,6.28,6.97,4.06,31731.26,894.09,2521.65,5059.50,1063.06,18565.03,785.15,13.89,120.39,1108.61,90.71,558.44,133.29,1754.80,84.79,299.41,62.49,180.32,79.02,101.04,41.70,55.06,10.85,2930.08,261.48,4.46,0.57,94.67,12.06,10.14,2.59,0.00,0.00,37.84,3.61,18.35,4.38,1.61,4.87,16.11,21.39,19.90,6.76,7.91,4.60
24.40,24.4,02/06/2025 15:57:38,-2.229,33.593,,16.0,881299.0,561914.0,982730.42,320.01,1570.62,2321.08,519.22,9587.40,396.92,55.44,41.74,388.70,36.60,594.98,124.48,1249.64,60.65,211.11,40.33,119.24,44.93,63.09,27.63,11.13,2.40,2216.07,198.70,3.27,0.45,42.55,3.51,6.03,2.04,0.00,0.00,27.80,2.87,14.19,3.27,0.60,3.69,9.70,19.35,17.29,6.37,10.27,4.22,32990.30,530.67,2604.52,4385.59,981.04,20510.66,849.14,127.02,95.64,970.55,91.39,716.71,149.95,1748.51,84.87,352.23,67.29,212.87,80.22,92.21,40.38,16.00,3.45,3168.41,284.08,4.16,0.57,53.27,4.39,7.51,2.54,0.00,0.00,32.87,3.39,19.16,4.42,0.81,4.92,10.82,21.61,18.62,6.86,11.65,4.79
24.50,24.5,02/06/2025 15:58:06,-2.503,32.669,,16.0,874042.0,561529.0,983274.87,774.57,1553.75,2725.94,569.61,8561.58,363.02,9.74,9.56,403.21,36.42,324.25,97.20,1146.51,59.01,178.67,37.75,103.18,44.52,55.98,26.26,77.94,20.99,2207.81,197.94,3.50,0.44,70.91,8.57,8.85,2.03,0.02,0.15,28.56,2.90,13.88,3.26,0.33,3.73,4.60,19.24,19.07,6.41,6.02,4.08,31797.45,1284.45,2576.55,5150.55,1076.25,18316.10,776.62,22.33,21.89,1006.77,90.95,390.60,117.09,1604.20,82.57,298.10,62.99,184.20,79.48,81.82,38.39,111.99,30.16,3156.61,283.00,4.45,0.56,88.77,10.72,11.01,2.53,0.03,0.19,33.77,3.43,18.75,4.40,0.45,4.97,5.13,21.48,20.54,6.91,6.83,4.63
24.60,24.6,02/06/2025 15:58:25,-0.388,32.470,1181354.109,16.0,878711.0,560507.0,982627.42,265.33,1589.03,2534.27,546.62,9583.53,396.37,43.79,53.68,391.24,36.42,476.47,111.03,1325.20,61.27,191.62,38.91,118.22,44.95,75.91,29.90,18.47,3.86,2207.00,197.78,3.37,0.45,50.41,4.68,9.64,2.18,0.01,0.15,29.70,2.98,13.63,3.28,0.20,3.71,8.03,19.33,19.07,6.33,7.48,4.09,33231.07,439.99,2635.05,4788.41,1032.82,20502.37,847.97,100.34,122.99,976.88,90.93,573.95,133.75,1854.23,85.73,319.72,64.92,211.05,80.25,110.95,43.71,26.53,5.54,3155.44,282.78,4.29,0.57,63.10,5.86,12.00,2.71,0.02,0.19,35.13,3.52,18.41,4.43,0.26,4.94,8.97,21.58,20.54,6.81,8.49,4.64
24.70,24.7,02/06/2025 15:58:43,-0.358,29.693,,16.0,873524.0,559740.0,983360.89,408.70,1503.14,2722.53,567.84,8454.40,359.59,17.21,16.11,422.02,36.23,550.83,118.72,1224.30,60.12,174.35,37.17,93.92,44.22,57.67,26.51,78.49,20.99,2279.25,204.66,3.24,0.44,63.30,6.98,7.97,2.08,0.00,0.00,30.10,2.97,14.63,3.29,0.43,3.68,8.38,19.17,18.06,6.28,9.34,4.09,31481.38,677.73,2492.62,5144.12,1072.92,18086.80,769.27,39.43,36.92,1053.73,90.47,663.53,143.01,1713.05,84.13,290.91,62.03,167.66,78.93,84.28,38.75,112.78,30.16,3258.75,292.61,4.12,0.55,79.24,8.74,9.92,2.59,0.00,0.00,35.59,3.51,19.77,4.45,0.58,4.90,9.36,21.40,19.45,6.76,10.59,4.64
24.80,24.8,02/06/2025 15:59:01,-0.452,31.812,,16.0,864948.0,557790.0,987204.46,206.56,1563.78,1956.46,467.96,6199.66,284.03,9.40,9.14,313.74,35.82,440.16,106.06,1086.85,57.48,198.15,38.71,70.74,43.00,63.81,27.16,69.56,20.14,2047.16,182.91,3.29,0.43,46.71,4.20,8.55,2.03,0.00,0.00,29.48,2.89,16.80,3.18,1.18,3.52,5.01,18.78,16.38,6.12,5.89,3.97,23897.58,342.54,2593.18,3696.67,884.20,13263.15,607.63,21.54,20.94,783.39,89.45,530.22,127.76,1520.72,80.43,330.62,64.59,126.28,76.77,93.26,39.69,99.95,28.94,2926.91,261.52,4.19,0.55,58.47,5.25,10.64,2.53,0.00,0.00,34.86,3.42,22.69,4.30,1.57,4.70,5.59,20.97,17.64,6.59,6.69,4.50
24.90,24.9,02/06/2025 15:59:20,-0.805,30.486,,16.0,864477.0,554935.0,986865.69,321.18,1498.23,2030.88,474.22,6884.47,305.88,20.93,51.04,309.72,35.66,298.88,92.69,1062.47,57.34,76.75,25.28,98.59,43.35,49.94,24.84,8.86,1.90,1846.96,163.94,2.82,0.41,30.32,2.07,7.55,2.01,0.00,0.00,25.42,2.68,16.08,3.14,0.05,3.54,18.63,18.68,18.23,6.07,5.57,3.88,24946.02,532.61,2484.48,3837.28,896.03,14728.19,654.38,47.96,116.94,773.33,89.04,360.04,111.66,1486.61,80.23,128.06,42.17,176.00,77.38,72.99,36.31,12.73,2.73,2640.68,234.39,3.59,0.52,37.95,2.59,9.40,2.50,0.00,0.00,30.06,3.17,21.72,4.24,0.06,4.72,20.80,20.86,19.64,6.54,6.32,4.40
25.00,25.0,02/06/2025 15:59:48,-2.021,28.040,,16.0,875364.0,553746.0,988925.34,218.67,1574.94,1415.65,400.55,5379.51,256.74,32.89,51.34,326.53,35.72,386.35,101.43,1062.96,57.71,111.30,30.55,130.23,43.87,64.95,27.32,80.89,20.58,1705.22,150.99,3.11,0.41,73.28,9.40,7.43,1.95,0.00,0.00,28.37,2.84,13.30,3.12,0.00,0.00,12.43,18.70,15.91,5.89,5.68,3.87,20650.67,362.62,2611.68,2674.81,756.83,11508.58,549.25,75.36,117.63,815.32,89.18,465.39,122.18,1487.30,80.74,185.70,50.97,232.48,78.31,94.93,39.93,116.23,29.57,2438.03,215.87,3.95,0.52,91.73,11.76,9.25,2.43,0.00,0.00,33.55,3.35,17.97,4.22,0.00,0.00,13.88,20.88,17.14,6.34,6.44,4.39
25.10,25.1,02/06/2025 16:00:07,-2.965,32.670,1181353.181,16.0,878146.0,555103.0,987311.78,308.73,1515.71,1690.76,432.26,6049.68,278.71,20.97,18.70,327.83,35.92,540.35,117.27,1163.52,58.86,141.68,34.02,101.31,43.68,65.33,27.50,3.58,0.79,2120.98,189.94,3.10,0.41,66.61,7.80,8.33,2.04,0.00,0.00,30.67,2.99,15.82,3.23,0.89,3.52,6.46,18.85,14.91,6.09,6.74,4.07,23532.13,511.95,2513.47,3194.62,816.74,12942.28,596.25,48.05,42.84,818.56,89.68,650.91,141.26,1628.01,82.35,236.39,56.76,180.85,77.98,95.49,40.19,5.15,1.13,3032.45,271.57,3.94,0.53,83.38,9.77,10.37,2.54,0.00,0.00,36.27,3.54,21.36,4.36,1.18,4.70,7.22,21.05,16.06,6.56,7.64,4.61
25.20,25.2,02/06/2025 16:00:25,-3.278,25.401,,16.0,876150.0,556125.0,988190.45,243.10,1534.45,1757.61,444.61,5452.27,260.02,112.25,71.05,460.59,35.29,343.89,97.95,993.46,57.20,149.08,34.64,82.99,43.40,40.57,23.71,78.20,20.63,1979.03,176.66,3.45,0.44,38.37,3.03,7.73,1.99,0.11,0.14,25.13,2.70,12.80,3.11,1.11,3.48,7.74,18.88,15.17,5.74,4.89,3.89,22139.14,403.13,2544.54,3320.94,840.07,11664.22,556.26,257.21,162.80,1150.04,88.12,414.25,117.99,1390.06,80.04,248.74,57.80,148.16,77.47,59.30,34.65,112.36,29.64,2829.51,252.58,4.40,0.55,48.03,3.79,9.62,2.47,0.14,0.18,29.71,3.19,17.29,4.20,1.49,4.64,8.64,21.08,16.34,6.18,5.54,4.41
25.30,25.3,02/06/2025 16:00:44,-3.530,26.982,,16.0,875085.0,559719.0,989391.49,232.53,1539.82,1653.68,428.64,4869.38,239.25,40.93,32.37,297.55,35.98,430.72,105.97,877.94,55.68,109.72,30.39,116.23,43.72,46.92,24.39,0.70,0.16,1785.32,158.50,2.94,0.41,55.89,5.84,7.55,1.96,0.00,0.00,31.01,2.95,15.48,3.11,0.97,3.45,9.45,18.75,16.27,5.97,7.34,3.93,19702.46,385.61,2553.45,3124.56,809.90,10417.23,511.83,93.78,74.18,742.96,89.83,518.84,127.65,1228.42,77.91,183.07,50.71,207.50,78.05,68.58,35.65,1.00,0.22,2552.55,226.61,3.75,0.52,69.96,7.30,9.40,2.44,0.00,0.00,36.67,3.49,20.91,4.21,1.29,4.60,10.55,20.94,17.53,6.43,8.32,4.46
25.40,25.4,02/06/2025 16:01:02,-3.644,23.808,,16.0,876958.0,561056.0,988733.16,425.22,1536.22,1618.15,421.39,5208.60,250.17,2.55,2.62,290.69,35.86,259.38,88.50,1060.74,57.27,72.54,24.71,113.81,43.57,65.44,27.37,28.58,5.77,1968.26,175.67,2.96,0.40,53.16,5.30,8.39,2.00,0.00,0.00,29.46,2.91,12.44,3.12,1.33,3.53,13.03,18.66,26.90,6.38,5.20,3.91,20892.44,705.14,2547.48,3057.43,796.20,11142.94,535.21,5.85,6.01,725.82,89.53,312.45,106.60,1484.19,80.13,121.03,41.22,203.18,77.79,95.65,40.00,41.06,8.28,2814.11,251.16,3.77,0.52,66.54,6.64,10.45,2.49,0.00,0.00,34.84,3.44,16.80,4.22,1.77,4.71,14.55,20.83,28.98,6.87,5.90,4.44
25.50,25.5,02/06/2025 16:01:30,-3.751,20.504,,16.0,876449.0,563664.0,989820.48,288.11,1536.94,1552.40,415.95,4441.05,224.83,62.53,44.74,268.94,36.07,237.27,86.75,958.38,56.29,110.57,30.23,98.08,43.13,66.27,27.50,71.42,20.13,1871.24,166.61,3.32,0.42,49.39,4.69,6.70,1.91,0.00,0.00,29.09,2.87,14.52,3.08,0.88,3.51,18.28,18.62,24.88,6.27,6.23,3.90,18771.71,477.76,2548.67,2933.19,785.93,9500.89,480.98,143.28,102.52,671.52,90.06,285.81,104.50,1340.97,78.76,184.49,50.45,175.09,76.99,96.85,40.19,102.61,28.92,2675.39,238.21,4.22,0.54,61.82,5.88,8.34,2.37,0.00,0.00,34.40,3.40,19.62,4.16,1.18,4.68,20.41,20.79,26.80,6.76,7.07,4.43
25.60,25.6,02/06/2025 16:01:49,-4.324,23.279,1181348.227,15.9,877652.0,566968.0,990588.11,291.11,1501.76,1457.98,403.37,3784.83,202.42,61.38,44.38,395.35,35.51,194.95,82.52,941.43,55.95,130.18,32.64,84.74,42.99,59.24,26.28,77.83,20.38,1808.09,160.83,2.99,0.41,47.63,4.43,8.80,2.03,0.00,0.00,25.36,2.66,11.69,3.08,0.43,3.52,6.21,18.67,14.68,5.81,7.00,3.82,17317.85,482.74,2490.34,2754.81,762.15,8097.01,433.04,140.63,101.69,987.15,88.68,234.84,99.40,1317.25,78.28,217.20,54.45,151.27,76.75,86.58,38.42,111.83,29.28,2585.10,229.94,3.81,0.52,59.62,5.55,10.95,2.53,0.00,0.00,29.99,3.15,15.80,4.15,0.58,4.69,6.93,20.84,15.81,6.26,7.94,4.33
25.70,25.7,02/06/2025 16:02:07,-3.876,16.398,,15.9,887743.0,574920.0,989162.88,249.14,1557.03,1535.84,412.52,4451.47,225.10,55.70,40.88,382.72,35.83,228.79,87.22,1191.24,59.37,177.27,37.56,89.19,43.77,64.20,27.40,54.85,10.45,2217.82,199.43,3.39,0.43,63.79,7.28,7.77,2.02,0.00,0.00,23.32,2.64,10.23,3.13,1.01,3.65,4.24,19.01,20.31,6.19,4.83,3.95,19831.10,413.15,2581.99,2901.91,779.45,9523.18,481.57,127.64,93.67,955.61,89.47,275.60,105.07,1666.79,83.07,295.77,62.66,159.22,78.14,93.83,40.04,78.80,15.01,3170.92,285.14,4.31,0.55,79.85,9.11,9.68,2.52,0.00,0.00,27.57,3.12,13.82,4.22,1.35,4.87,4.74,21.22,21.88,6.67,5.47,4.49
25.80,25.8,02/06/2025 16:02:25,-5.271,21.356,,15.9,884577.0,574250.0,989192.50,413.20,1551.59,1487.01,410.15,4769.43,236.18,100.25,64.10,326.94,35.92,196.77,83.11,1059.51,57.59,93.85,28.15,114.94,43.67,49.83,24.87,65.59,12.22,1982.34,177.11,3.44,0.43,64.24,7.42,7.87,1.99,0.00,0.00,22.90,2.60,11.31,3.15,2.14,3.64,13.61,18.74,17.75,6.16,4.59,3.98,20006.20,685.20,2572.96,2809.64,774.95,10203.40,505.28,229.70,146.87,816.34,89.69,237.03,100.11,1482.47,80.59,156.59,46.97,205.20,77.96,72.83,36.34,94.25,17.56,2834.24,253.23,4.38,0.55,80.41,9.29,9.79,2.48,0.00,0.00,27.09,3.07,15.28,4.26,2.85,4.85,15.19,20.92,19.12,6.64,5.21,4.51
25.90,25.9,02/06/2025 16:02:44,-4.757,15.405,,15.9,882233.0,578558.0,989658.14,303.26,1516.51,1510.41,408.10,4167.98,215.63,135.38,82.31,423.24,35.55,204.25,83.42,1031.31,56.87,129.14,32.49,118.68,43.73,63.36,27.07,51.04,9.80,2067.01,185.23,3.65,0.45,56.77,5.97,7.07,2.01,0.00,0.00,23.76,2.64,9.05,3.15,1.76,3.64,9.28,18.74,18.95,6.15,6.51,3.88,19043.42,502.89,2514.79,2853.86,771.10,8916.70,461.31,310.21,188.60,1056.78,88.77,246.04,100.49,1443.02,79.57,215.47,54.21,211.87,78.06,92.60,39.56,73.34,14.08,2955.30,264.83,4.64,0.57,71.07,7.47,8.80,2.50,0.00,0.00,28.10,3.12,12.23,4.26,2.34,4.85,10.36,20.93,20.42,6.62,7.39,4.40
26.00,26.0,02/06/2025 16:03:12,-5.254,19.774,,15.9,886292.0,577905.0,989433.05,307.05,1574.40,1498.40,413.88,4149.70,215.34,122.95,76.01,405.00,35.60,265.88,90.57,1031.72,57.67,139.59,33.80,96.81,43.47,51.03,25.12,61.75,11.62,2285.82,205.98,3.33,0.43,71.48,8.92,8.01,2.04,0.00,0.00,20.91,2.53,10.65,3.18,2.54,3.65,14.95,18.82,15.46,6.15,3.93,3.92,19295.93,509.17,2610.79,2831.18,782.02,8877.61,460.68,281.72,174.18,1011.24,88.90,320.28,109.10,1443.59,80.69,232.91,56.39,172.82,77.61,74.58,36.72,88.72,16.70,3268.14,294.49,4.24,0.55,89.47,11.17,9.96,2.53,0.00,0.00,24.73,2.99,14.38,4.30,3.38,4.87,16.69,21.01,16.65,6.63,4.46,4.44
26.10,26.1,02/06/2025 16:03:31,-5.209,9.128,1181354.045,15.9,883719.0,572363.0,989420.38,192.22,1588.55,1523.67,413.19,4620.35,230.64,18.97,17.05,403.46,35.71,293.01,92.74,1001.45,57.01,163.69,36.10,75.24,43.30,53.03,25.41,15.49,3.29,2067.39,185.19,3.09,0.42,73.06,9.33,6.81,1.96,0.00,0.00,25.33,2.71,9.02,3.12,1.99,3.64,11.05,18.87,15.98,6.13,5.32,3.97,19534.49,318.75,2634.26,2878.92,780.71,9884.48,493.41,43.46,39.07,1007.41,89.17,352.96,111.72,1401.23,79.78,273.11,60.24,134.32,77.30,77.50,37.14,22.26,4.73,2955.84,264.77,3.94,0.53,91.45,11.68,8.47,2.44,0.00,0.00,29.95,3.20,12.19,4.22,2.65,4.85,12.33,21.07,17.21,6.60,6.04,4.50
26.20,26.2,02/06/2025 16:03:49,-5.890,13.954,,15.9,881152.0,574126.0,990217.49,160.77,1569.98,1428.76,403.49,4088.67,212.47,75.21,51.11,313.90,35.88,230.68,85.91,974.33,56.44,77.22,25.73,93.96,43.21,50.02,24.83,4.88,1.09,2123.69,190.64,3.11,0.42,84.86,12.25,8.17,1.94,0.00,0.00,21.88,2.57,9.40,3.12,0.56,3.63,11.77,18.67,16.80,6.08,3.88,3.92,17918.84,266.60,2603.46,2699.59,762.39,8747.04,454.54,172.33,117.10,783.79,89.59,277.88,103.49,1363.29,78.97,128.84,42.93,167.74,77.15,73.11,36.30,7.02,1.56,3036.33,272.56,3.95,0.53,106.23,15.33,10.16,2.41,0.00,0.00,25.87,3.03,12.69,4.21,0.75,4.84,13.14,20.84,18.10,6.55,4.40,4.44
26.30,26.3,02/06/2025 16:04:07,-6.613,14.546,,15.9,879923.0,578537.0,989386.47,829.32,1525.72,1609.45,417.88,3979.85,208.05,80.60,53.52,311.41,35.74,205.98,82.99,936.51,55.81,135.57,33.14,115.77,43.46,60.06,26.45,72.80,13.40,2147.89,192.81,3.63,0.45,48.64,4.55,8.02,2.00,0.00,0.00,20.78,2.49,9.94,3.15,1.06,3.66,15.96,18.67,16.35,6.21,3.96,3.93,19302.19,1375.24,2530.07,3040.99,789.57,8514.23,445.09,184.68,122.64,777.56,89.25,248.12,99.97,1310.38,78.09,226.19,55.30,206.68,77.58,87.79,38.66,104.60,19.26,3070.93,275.67,4.62,0.57,60.89,5.70,9.99,2.48,0.00,0.00,24.57,2.94,13.42,4.25,1.41,4.88,17.82,20.85,17.61,6.69,4.49,4.46
26.40,26.4,02/06/2025 16:04:26,-5.436,16.332,,15.8,886888.0,587122.0,988848.11,442.10,1561.18,1478.88,408.81,4796.44,237.31,98.31,63.38,446.04,35.67,201.74,83.66,991.63,57.14,128.68,32.99,101.64,43.88,66.45,27.74,66.55,12.42,2188.53,196.67,2.93,0.42,75.62,9.87,7.33,2.01,0.00,0.00,18.57,2.38,8.26,3.15,0.39,3.74,2.89,18.93,21.45,6.28,7.47,4.00,20651.97,733.13,2588.87,2794.29,772.43,10261.19,507.70,225.27,145.22,1113.72,89.07,243.02,100.78,1387.49,79.95,214.70,55.04,181.45,78.33,97.13,40.54,95.62,17.85,3129.04,281.19,3.72,0.54,94.66,12.36,9.12,2.50,0.00,0.00,21.95,2.82,11.16,4.26,0.52,4.99,3.23,21.13,23.10,6.77,8.47,4.54
26.50,26.5,02/06/2025 16:04:54,-5.194,17.329,,15.9,886166.0,575449.0,988961.07,582.79,1549.50,1361.52,395.39,4661.86,233.39,72.07,50.37,394.46,35.97,180.87,80.93,1073.70,57.86,174.31,37.38,86.39,43.65,53.45,25.58,36.95,7.37,2216.75,199.42,3.72,0.45,65.50,7.64,9.03,2.08,0.00,0.00,22.89,2.60,13.48,3.19,1.52,3.63,1.52,18.98,20.91,6.29,5.24,4.03,20303.62,966.43,2569.49,2572.55,747.07,9973.28,499.30,165.14,115.41,984.93,89.82,217.88,97.48,1502.32,80.95,290.83,62.37,154.23,77.92,78.13,37.38,53.10,10.60,3169.39,285.12,4.73,0.57,82.00,9.57,11.24,2.59,0.00,0.00,27.07,3.08,18.21,4.31,2.03,4.85,1.69,21.19,22.52,6.77,5.94,4.57
26.60,26.6,02/06/2025 16:05:13,-4.705,21.425,1181350.672,15.8,892574.0,578871.0,989176.34,517.75,1539.21,1592.12,419.46,4425.62,224.22,145.60,87.46,377.91,36.15,171.30,80.31,988.79,57.06,130.53,33.20,91.19,43.87,71.98,28.85,8.13,1.80,2151.19,193.25,3.62,0.44,72.66,9.23,8.72,2.06,0.00,0.00,23.99,2.64,9.13,3.13,1.63,3.67,6.62,19.00,19.69,6.25,5.47,3.95,19959.04,858.57,2552.43,3008.26,792.55,9467.89,479.68,333.62,200.40,943.59,90.27,206.35,96.75,1383.52,79.84,217.79,55.40,162.80,78.31,105.21,42.16,11.69,2.58,3075.65,276.30,4.60,0.56,90.95,11.55,10.85,2.57,0.00,0.00,28.37,3.13,12.33,4.22,2.18,4.89,7.40,21.22,21.21,6.73,6.20,4.48
26.70,26.7,02/06/2025 16:05:31,-4.765,21.295,,15.8,898168.0,578294.0,988703.95,323.93,1585.74,1737.44,444.65,4507.31,228.32,26.24,51.90,423.53,36.25,306.88,95.52,1045.40,58.11,181.93,38.25,98.40,44.28,60.56,26.94,66.64,12.48,2374.27,214.35,3.55,0.44,59.45,6.40,8.46,2.07,0.01,0.14,27.66,2.83,10.28,3.19,2.62,3.71,6.09,19.19,18.86,6.28,6.55,4.07,20644.85,537.17,2629.59,3282.83,840.16,9642.65,488.45,60.12,118.91,1057.51,90.51,369.67,115.07,1462.73,81.30,303.54,63.82,175.66,79.05,88.52,39.37,95.75,17.94,3394.59,306.47,4.52,0.57,74.41,8.01,10.53,2.58,0.01,0.19,32.72,3.35,13.88,4.31,3.49,4.94,6.80,21.43,20.31,6.77,7.43,4.62
26.80,26.8,02/06/2025 16:05:50,-5.466,15.213,,15.8,904249.0,578327.0,988044.74,312.81,1586.81,1599.75,428.20,5396.53,259.38,145.23,88.49,444.95,36.53,211.43,86.50,1176.16,59.45,120.53,32.66,79.99,44.66,64.76,27.85,32.98,6.74,2186.66,196.61,3.45,0.45,86.39,12.48,8.78,2.03,0.00,0.00,30.88,3.00,21.30,3.33,0.86,3.66,5.61,19.40,20.10,6.36,6.11,4.04,22267.58,518.72,2631.36,3022.68,809.07,11544.98,554.90,332.77,202.76,1111.00,91.22,254.69,104.20,1645.69,83.18,201.10,54.50,142.79,79.72,94.64,40.70,47.39,9.69,3126.36,281.10,4.39,0.57,108.14,15.62,10.92,2.52,0.00,0.00,36.52,3.55,28.77,4.50,1.15,4.89,6.27,21.66,21.65,6.85,6.93,4.59
26.90,26.9,02/06/2025 16:06:08,-3.847,16.798,,15.8,904233.0,579812.0,988992.88,337.27,1597.01,1589.48,424.44,4546.93,229.50,86.60,58.50,380.93,36.63,342.02,99.06,1038.48,57.84,95.49,28.98,113.27,44.61,66.37,27.98,81.24,21.04,2159.84,194.18,3.77,0.45,77.55,10.32,8.72,2.03,0.08,0.14,26.69,2.82,15.56,3.22,0.65,3.65,12.47,19.16,19.23,6.03,4.46,3.97,20173.88,559.29,2648.28,3003.27,801.96,9727.41,490.98,198.42,134.05,951.16,91.47,412.00,119.33,1453.05,80.93,159.33,48.35,202.20,79.63,97.01,40.89,116.74,30.23,3088.02,277.63,4.80,0.57,97.07,12.92,10.85,2.53,0.10,0.18,31.56,3.33,21.02,4.35,0.87,4.87,13.92,21.39,20.72,6.50,5.06,4.50
27.00,27.0,02/06/2025 16:06:36,-4.789,15.675,,15.8,906581.0,588320.0,989139.05,382.76,1547.71,1700.80,439.89,4447.25,227.45,128.68,80.37,484.66,36.30,158.81,80.26,1020.89,58.00,115.37,31.88,101.37,44.69,45.74,24.76,14.96,3.27,2112.92,189.84,3.66,0.44,72.09,9.10,10.18,2.05,0.00,0.00,21.06,2.56,10.01,3.16,1.07,3.69,5.88,19.30,18.98,6.22,3.80,4.00,20148.72,634.72,2566.53,3213.61,831.15,9514.16,486.59,294.85,184.16,1210.14,90.63,191.31,96.68,1428.44,81.15,192.50,53.18,180.97,79.78,66.85,36.19,21.50,4.70,3020.93,271.42,4.66,0.56,90.25,11.39,12.67,2.55,0.00,0.00,24.91,3.03,13.52,4.27,1.43,4.92,6.57,21.55,20.45,6.70,4.31,4.54
27.10,27.1,02/06/2025 16:06:55,-4.115,17.129,1181349.747,15.7,915685.0,596790.0,988739.55,449.39,1561.70,1652.99,431.02,4029.03,211.76,84.82,57.33,410.79,36.70,174.93,82.49,1033.48,58.11,226.33,42.12,97.64,44.61,73.40,29.34,60.73,11.66,2840.50,259.43,3.86,0.47,54.86,5.51,11.02,2.23,0.03,0.15,20.04,2.52,10.48,3.29,0.88,3.86,3.19,19.36,18.06,6.33,3.99,4.10,20326.34,745.22,2589.72,3123.27,814.40,8619.45,453.03,194.36,131.37,1025.70,91.65,210.72,99.36,1446.05,81.31,377.64,70.28,174.30,79.64,107.28,42.88,87.26,16.75,4061.18,370.92,4.92,0.59,68.67,6.90,13.71,2.78,0.04,0.19,23.70,2.98,14.16,4.44,1.17,5.15,3.57,21.61,19.45,6.82,4.53,4.65
27.20,27.2,02/06/2025 16:07:13,-4.674,18.448,,15.7,911661.0,598953.0,989214.76,315.63,1640.69,1589.75,429.05,4469.48,227.54,44.49,53.13,420.52,36.72,108.76,71.83,985.52,57.62,109.74,31.39,70.43,44.48,45.00,24.70,22.31,4.77,2467.89,223.75,3.65,0.45,70.14,8.62,8.45,2.10,0.00,0.00,15.02,2.22,7.16,3.22,1.27,3.78,6.07,19.39,18.67,6.23,5.28,4.00,19850.86,523.40,2720.71,3003.77,810.67,9561.71,486.77,101.94,121.75,1049.99,91.68,131.01,86.52,1378.94,80.62,183.11,52.37,125.74,79.41,65.77,36.09,32.06,6.86,3528.45,319.90,4.65,0.58,87.80,10.79,10.51,2.62,0.00,0.00,17.77,2.62,9.67,4.36,1.70,5.04,6.78,21.65,20.12,6.71,5.99,4.54
27.30,27.3,02/06/2025 16:07:32,-4.922,21.227,,15.7,912464.0,602060.0,989256.03,185.46,1627.69,1623.79,438.35,4313.31,224.05,26.57,53.29,432.46,36.63,221.66,87.43,1109.69,58.99,124.17,33.05,121.28,45.03,61.56,27.24,31.00,6.43,2376.57,214.94,3.59,0.45,46.00,4.12,7.56,2.08,0.00,0.14,16.63,2.30,6.73,3.25,1.93,3.83,8.52,19.31,19.70,6.28,5.77,4.07,19659.91,307.54,2699.15,3068.10,828.25,9227.61,479.31,60.87,122.10,1079.81,91.47,267.01,105.32,1552.69,82.54,207.17,55.14,216.50,80.39,89.97,39.82,44.54,9.24,3397.89,307.31,4.57,0.58,57.59,5.15,9.41,2.58,0.01,0.19,19.67,2.72,9.09,4.39,2.57,5.11,9.52,21.56,21.23,6.77,6.55,4.61
27.40,27.4,02/06/2025 16:07:50,-3.577,24.006,,15.7,905687.0,596266.0,989026.61,425.90,1565.02,1794.72,449.99,4471.77,227.47,115.59,73.09,403.08,36.62,154.82,79.14,1036.17,58.18,79.42,26.71,88.42,44.53,45.70,24.72,15.89,3.46,2211.53,199.22,3.27,0.43,61.64,6.89,5.70,1.99,0.00,0.14,15.79,2.25,6.82,3.16,2.67,3.79,12.54,19.28,18.28,6.22,3.67,3.96,20271.16,706.25,2595.23,3391.05,850.23,9566.62,486.63,264.86,167.46,1006.44,91.44,186.50,95.33,1449.82,81.40,132.51,44.56,157.85,79.49,66.79,36.13,22.83,4.96,3161.92,284.84,4.16,0.55,77.16,8.62,7.10,2.48,0.01,0.19,18.67,2.66,9.21,4.26,3.56,5.05,14.00,21.53,19.70,6.70,4.16,4.49
27.50,27.5,02/06/2025 16:08:19,-3.691,22.943,,15.8,901397.0,588763.0,989042.29,200.92,1573.40,1639.90,430.18,4683.28,234.00,45.39,35.53,353.76,36.55,258.37,90.56,1145.99,59.00,114.64,31.60,105.58,44.38,74.49,29.44,23.20,4.87,2172.02,195.30,3.21,0.43,70.70,8.76,6.63,1.97,0.14,0.14,18.58,2.41,8.87,3.19,1.87,3.75,8.55,19.12,14.76,5.86,6.85,4.03,20150.93,333.17,2609.13,3098.54,812.82,10019.11,500.61,104.00,81.41,883.31,91.27,311.23,109.08,1603.47,82.55,191.28,52.73,188.48,79.23,108.88,43.03,33.33,7.00,3105.44,279.22,4.08,0.55,88.50,10.96,8.26,2.45,0.18,0.18,21.97,2.85,11.98,4.30,2.50,5.00,9.55,21.35,15.90,6.32,7.77,4.57
27.60,27.6,02/06/2025 16:08:37,-3.886,25.461,1181348.952,15.9,889734.0,572904.0,988145.55,297.41,1594.79,1780.85,450.89,5285.61,254.60,26.28,22.98,346.54,36.41,284.96,92.88,1037.07,57.87,152.26,35.33,111.43,44.25,50.77,25.26,76.57,20.80,2248.35,202.41,3.40,0.43,78.54,10.51,9.21,2.07,0.00,0.00,25.53,2.75,12.28,3.21,1.38,3.69,6.70,19.05,15.04,6.10,4.26,3.98,21928.58,493.19,2644.60,3364.85,851.94,11307.68,544.68,60.22,52.66,865.28,90.91,343.26,111.89,1451.08,80.97,254.05,58.96,198.93,78.99,74.20,36.92,110.02,29.88,3214.57,289.39,4.32,0.55,98.32,13.15,11.47,2.58,0.00,0.00,30.19,3.26,16.58,4.33,1.84,4.92,7.48,21.27,16.20,6.57,4.83,4.52
27.70,27.7,02/06/2025 16:08:55,-4.283,34.589,,16.0,876886.0,560146.0,988065.02,315.45,1500.47,1819.17,448.04,5101.25,247.05,141.31,84.97,390.31,35.64,304.68,94.20,1154.32,58.58,154.17,35.00,98.53,43.42,73.72,29.06,12.43,2.66,2222.94,199.73,3.21,0.43,56.22,5.80,6.91,1.98,0.00,0.00,30.53,2.94,13.16,3.16,1.47,3.56,9.12,18.78,18.20,6.18,7.87,4.01,22068.74,523.11,2488.20,3437.24,846.55,10913.27,528.53,323.79,194.69,974.57,88.99,367.02,113.47,1615.14,81.96,257.24,58.40,175.89,77.52,107.74,42.47,17.86,3.82,3178.24,285.56,4.09,0.55,70.38,7.26,8.60,2.46,0.00,0.00,36.11,3.47,17.78,4.27,1.96,4.75,10.18,20.97,19.60,6.66,8.93,4.55
27.80,27.8,02/06/2025 16:09:14,-5.440,32.935,,16.0,860886.0,557499.0,988711.22,323.77,1489.37,1737.60,437.15,5241.93,252.07,29.29,51.41,375.85,35.07,214.57,83.97,949.18,55.93,106.10,29.48,113.23,43.03,48.43,24.39,80.08,20.36,1903.57,169.40,3.24,0.42,80.14,11.01,8.55,2.04,0.00,0.00,26.88,2.79,9.39,3.07,0.40,3.52,11.02,18.46,21.09,6.20,4.45,3.96,21113.24,536.90,2469.78,3283.14,825.98,11214.24,539.27,67.12,117.79,938.46,87.57,258.47,101.15,1328.10,78.26,177.03,49.18,202.13,76.81,70.78,35.64,115.07,29.26,2721.62,242.20,4.12,0.54,100.31,13.78,10.64,2.54,0.00,0.00,31.79,3.30,12.68,4.14,0.53,4.70,12.31,20.62,22.72,6.67,5.05,4.49
27.90,27.9,02/06/2025 16:09:32,-4.190,39.682,,16.0,862832.0,550085.0,985725.98,696.05,1452.85,2052.57,471.76,6584.99,295.80,33.39,27.16,333.06,35.43,504.79,112.78,1074.71,57.47,187.55,37.54,133.90,43.67,73.88,28.96,47.60,9.02,2376.34,213.92,3.09,0.42,97.59,15.27,8.37,2.00,0.08,0.14,26.04,2.79,10.97,3.21,0.49,3.59,7.11,18.64,15.25,6.11,6.20,4.04,26480.12,1154.25,2409.22,3878.25,891.37,14087.51,632.82,76.51,62.24,831.61,88.46,608.08,135.86,1503.74,80.41,312.93,62.64,239.04,77.96,107.97,42.32,68.40,12.96,3397.55,305.85,3.93,0.54,122.16,19.12,10.42,2.49,0.10,0.19,30.79,3.30,14.82,4.33,0.66,4.78,7.94,20.82,16.43,6.59,7.03,4.58
28.00,28.0,02/06/2025 16:10:01,-2.577,40.668,,16.1,855628.0,545593.0,985234.66,1408.33,1483.45,1993.74,463.73,6639.82,297.46,45.06,52.02,382.15,35.21,394.88,101.74,1328.85,59.74,171.90,36.75,93.95,43.53,51.19,25.15,85.33,20.85,2013.63,179.43,3.31,0.43,72.46,9.01,7.11,2.02,0.00,0.00,28.43,2.87,13.96,3.19,0.45,3.56,0.00,0.00,20.38,6.28,10.41,4.06,27421.28,2335.40,2459.97,3767.09,876.21,14204.79,636.37,103.25,119.20,954.20,87.91,475.68,122.56,1859.34,83.58,286.81,61.31,167.71,77.71,74.82,36.76,122.60,29.96,2878.97,256.53,4.21,0.55,90.71,11.28,8.85,2.51,0.00,0.00,33.62,3.40,18.86,4.31,0.60,4.75,0.00,0.00,21.96,6.77,11.81,4.61
28.10,28.1,02/06/2025 16:10:19,-5.520,42.127,1181347.696,16.1,852383.0,543052.0,984437.10,318.64,1538.23,2292.44,509.64,8121.90,346.85,66.79,46.66,314.05,35.36,495.57,111.39,1184.89,58.24,229.38,40.79,93.30,43.24,61.61,26.82,85.02,20.85,2131.61,190.47,3.44,0.44,88.64,12.82,9.63,2.09,0.00,0.00,28.22,2.88,13.01,3.22,0.00,0.00,0.59,18.79,15.08,6.15,9.10,4.08,29442.03,528.39,2550.82,4331.47,962.95,17375.47,742.04,153.05,106.91,784.14,88.29,596.97,134.19,1657.90,81.49,382.72,68.06,166.56,77.19,90.04,39.20,122.16,29.95,3047.66,272.33,4.38,0.56,110.96,16.05,11.98,2.60,0.00,0.00,33.37,3.40,17.57,4.34,0.00,0.00,0.66,20.98,16.25,6.63,10.32,4.62
28.20,28.2,02/06/2025 16:10:37,-5.126,41.399,,16.1,853416.0,543383.0,986561.23,396.15,1538.16,1617.64,421.48,6537.24,294.02,55.64,40.64,330.75,34.58,622.33,124.29,1202.40,58.24,127.68,31.48,147.04,43.27,56.86,25.65,5.63,1.20,2160.14,193.27,3.47,0.44,75.44,9.69,6.93,1.99,0.00,0.00,31.23,3.01,16.95,3.23,0.25,3.54,17.86,18.32,21.41,6.31,5.73,4.09,24956.46,656.93,2550.69,3056.47,796.38,13985.35,629.00,127.49,93.13,825.85,86.35,749.66,149.72,1682.40,81.49,213.03,52.53,262.49,77.24,83.11,37.49,8.08,1.72,3088.45,276.33,4.41,0.56,94.44,12.13,8.63,2.47,0.00,0.00,36.93,3.56,22.90,4.36,0.34,4.72,19.95,20.46,23.06,6.80,6.50,4.64
28.30,28.3,02/06/2025 16:10:56,-5.364,37.030,,16.1,859424.0,546273.0,985132.14,394.36,1479.23,1834.15,446.52,7397.76,322.67,28.26,23.70,369.76,35.10,510.26,112.79,1344.71,59.84,261.22,42.96,117.71,43.52,69.13,28.11,29.95,5.90,2328.84,209.26,3.03,0.42,85.86,12.08,6.72,2.04,0.08,0.14,34.36,3.21,17.32,3.31,1.03,3.59,9.53,18.76,18.86,6.23,4.97,4.13,27771.48,653.96,2452.98,3465.55,843.69,15826.28,690.30,64.75,54.30,923.26,87.64,614.66,135.87,1881.53,83.73,435.84,71.68,210.14,77.69,101.03,41.08,43.04,8.48,3329.64,299.18,3.85,0.53,107.47,15.12,8.36,2.54,0.10,0.19,40.64,3.80,23.40,4.47,1.37,4.78,10.64,20.95,20.31,6.71,5.63,4.68
28.40,28.4,02/06/2025 16:11:14,-4.654,34.519,,16.1,852395.0,546629.0,986306.58,152.32,1520.61,1627.70,422.28,6772.55,302.02,40.19,51.47,370.77,34.76,513.87,112.58,1340.37,59.40,155.26,34.33,135.60,43.34,49.67,24.65,80.89,20.54,2266.11,203.32,3.33,0.43,101.12,16.30,7.76,1.99,0.12,0.14,30.32,3.02,15.54,3.23,1.96,3.60,9.73,18.47,12.24,5.96,6.01,4.12,25490.00,252.60,2521.59,3075.48,797.89,14488.75,646.13,92.09,117.93,925.77,86.79,619.00,135.61,1875.45,83.12,259.05,57.28,242.07,77.37,72.59,36.03,116.23,29.51,3239.96,290.69,4.24,0.55,126.57,20.40,9.66,2.47,0.16,0.19,35.86,3.57,20.99,4.36,2.61,4.80,10.87,20.62,13.19,6.42,6.82,4.68
28.50,28.5,02/06/2025 16:11:43,-3.762,25.463,,16.1,854431.0,550829.0,988144.02,241.48,1560.28,1490.40,407.15,5760.81,268.51,39.41,31.08,353.89,34.94,341.34,95.33,1082.63,57.06,213.85,39.30,112.36,42.73,45.74,23.91,26.62,5.32,1969.41,175.43,3.49,0.43,106.55,18.24,9.46,2.01,0.00,0.00,28.17,2.83,9.86,3.10,0.84,3.53,0.00,0.00,15.67,6.07,4.00,3.94,22137.73,400.45,2587.38,2816.05,769.29,12324.29,574.44,90.31,71.21,883.62,87.24,411.18,114.84,1514.82,79.84,356.80,65.58,200.58,76.28,66.85,34.95,38.25,7.64,2815.76,250.82,4.44,0.54,133.37,22.83,11.78,2.50,0.00,0.00,33.31,3.35,13.32,4.19,1.12,4.70,0.00,0.00,16.88,6.53,4.54,4.47
28.60,28.6,02/06/2025 16:12:01,-3.938,19.509,1181352.719,16.0,855235.0,556205.0,987470.66,1115.12,1518.59,1619.78,417.54,5318.33,252.51,8.92,8.49,284.27,35.13,401.39,101.03,1083.64,56.64,178.89,36.62,103.99,42.70,59.56,26.14,73.44,20.09,2132.10,190.81,3.08,0.43,76.85,10.10,8.28,1.97,0.00,0.00,25.66,2.78,12.37,3.17,0.03,3.59,4.84,18.43,13.95,6.06,4.85,4.01,22925.87,1849.18,2518.24,3060.51,788.93,11377.69,540.21,20.43,19.45,709.80,87.71,483.51,121.71,1516.23,79.26,298.48,61.10,185.64,76.23,87.05,38.20,105.53,28.87,3048.36,272.81,3.92,0.54,96.20,12.64,10.30,2.45,0.00,0.00,30.35,3.29,16.71,4.29,0.04,4.78,5.41,20.57,15.03,6.52,5.50,4.55
28.70,28.7,02/06/2025 16:12:19,-3.980,16.797,,16.0,853379.0,560613.0,989608.69,245.68,1448.15,1490.09,397.82,4768.49,232.99,50.64,37.37,340.07,34.75,148.00,74.66,1021.05,55.74,119.36,30.94,77.48,42.16,53.71,25.03,79.36,20.14,1874.28,166.65,3.47,0.43,58.43,6.30,6.52,1.92,0.00,0.00,22.62,2.59,10.13,3.07,0.30,3.52,3.01,18.32,15.38,5.94,3.25,3.89,19356.20,407.41,2401.43,2815.46,751.66,10201.40,498.45,116.03,85.63,849.11,86.77,178.29,89.94,1428.66,78.00,199.15,51.62,138.32,75.27,78.49,36.58,114.03,28.94,2679.74,238.26,4.42,0.54,73.14,7.88,8.12,2.39,0.00,0.00,26.75,3.06,13.68,4.15,0.40,4.70,3.36,20.46,16.56,6.39,3.69,4.42
28.80,28.8,02/06/2025 16:12:37,-3.575,9.594,,16.0,855685.0,567752.0,990136.42,334.26,1471.02,1442.87,393.82,4128.21,212.64,70.33,48.22,404.08,34.49,254.63,86.67,955.93,55.26,88.89,26.71,109.72,42.38,53.53,24.92,73.03,19.83,1800.11,159.73,3.91,0.44,67.49,8.16,7.28,1.92,0.00,0.00,16.78,2.26,11.85,3.06,2.48,3.61,16.71,18.19,15.82,5.96,5.67,3.87,18207.39,554.29,2439.35,2726.24,744.11,8831.63,454.90,161.16,110.48,1008.94,86.11,306.73,104.40,1337.54,77.32,148.31,44.57,195.86,75.66,78.24,36.43,104.94,28.49,2573.69,228.38,4.97,0.55,84.48,10.22,9.06,2.39,0.00,0.00,19.84,2.68,16.01,4.13,3.31,4.81,18.66,20.31,17.04,6.42,6.44,4.39
28.90,28.9,02/06/2025 16:12:56,-5.262,8.667,,16.0,855319.0,574947.0,990309.59,740.51,1487.52,1354.82,385.07,3975.11,207.73,7.28,49.73,364.40,34.62,223.65,83.58,859.32,54.33,43.96,18.03,109.75,42.25,69.06,27.62,31.20,6.14,1753.31,155.31,3.70,0.43,80.81,11.32,7.81,1.95,0.00,0.00,15.26,2.17,5.77,3.04,2.26,3.59,19.21,18.11,19.38,6.04,3.83,3.95,17803.21,1227.97,2466.72,2559.89,727.58,8504.10,444.41,16.68,113.94,909.88,86.45,269.41,100.68,1202.37,76.01,73.34,30.09,195.92,75.42,100.93,40.37,44.83,8.83,2506.78,222.05,4.71,0.55,101.16,14.18,9.72,2.43,0.00,0.00,18.05,2.57,7.79,4.10,3.02,4.79,21.45,20.22,20.87,6.51,4.35,4.48
29.00,29.0,02/06/2025 16:13:24,-5.862,6.616,,15.9,860287.0,583929.0,991334.14,283.13,1494.07,1251.07,371.82,3707.73,197.52,12.80,11.75,330.33,34.67,27.49,35.62,830.66,53.77,26.74,13.69,104.58,42.11,61.59,26.20,4.03,0.88,1896.92,169.03,3.48,0.43,63.27,7.34,7.20,1.94,0.00,0.00,6.45,1.49,6.37,3.09,2.96,3.63,16.04,18.07,18.58,6.09,4.44,3.92,16009.91,469.51,2477.59,2363.86,702.53,7932.08,422.57,29.33,26.93,824.80,86.56,33.11,42.91,1162.26,75.23,44.62,22.84,186.69,75.17,90.01,38.29,5.79,1.26,2712.11,241.68,4.43,0.55,79.20,9.19,8.97,2.41,0.00,0.00,7.63,1.76,8.60,4.18,3.95,4.84,17.91,20.17,20.01,6.56,5.04,4.44
29.10,29.1,02/06/2025 16:13:43,-4.656,4.764,1181352.987,15.9,862916.0,590754.0,991629.24,290.02,1461.98,1328.90,380.23,3327.46,184.31,90.55,58.60,413.66,34.54,68.34,57.64,734.45,52.97,27.87,13.73,97.61,42.15,45.33,23.67,50.11,9.53,1781.23,158.27,3.27,0.42,54.03,5.58,8.49,1.97,0.00,0.00,5.41,1.36,3.22,3.04,1.42,3.66,20.27,18.17,16.18,5.98,2.95,3.85,15504.81,480.94,2424.37,2510.90,718.44,7118.56,394.31,207.48,134.27,1032.87,86.24,82.32,69.43,1027.64,74.12,46.50,22.91,174.25,75.25,66.25,34.60,71.99,13.69,2546.71,226.29,4.16,0.54,67.63,6.98,10.56,2.45,0.00,0.00,6.40,1.61,4.35,4.11,1.89,4.89,22.63,20.29,17.43,6.44,3.34,4.37
29.20,29.2,02/06/2025 16:14:01,-4.538,4.827,,15.9,864899.0,592027.0,991477.47,389.39,1496.45,1418.29,391.25,3422.60,187.00,38.31,50.14,331.94,35.16,34.76,40.94,722.56,52.58,29.25,13.93,63.45,42.08,65.78,27.16,39.58,7.73,1838.22,163.59,3.31,0.42,79.65,11.11,8.56,1.92,0.00,0.00,3.69,1.19,2.55,3.07,3.11,3.71,5.11,18.30,18.36,6.05,4.05,3.84,15716.97,645.71,2481.53,2679.81,739.25,7322.08,400.05,87.78,114.89,828.82,87.78,41.87,49.32,1011.02,73.57,48.80,23.25,113.27,75.12,96.15,39.69,56.87,11.11,2628.19,233.89,4.21,0.53,99.71,13.90,10.66,2.39,0.00,0.00,4.36,1.41,3.45,4.14,4.14,4.95,5.71,20.43,19.77,6.52,4.59,4.36
29.30,29.3,02/06/2025 16:14:20,-3.735,5.221,,15.8,865464.0,594951.0,991851.11,455.88,1528.99,1269.29,377.82,3065.16,175.43,46.64,51.18,405.02,34.84,32.93,39.89,703.08,52.42,54.57,20.83,62.61,42.01,46.92,24.06,77.63,20.11,1811.93,161.22,3.45,0.43,73.31,9.59,8.54,1.94,0.00,0.00,3.96,1.18,3.02,3.06,1.96,3.72,4.95,18.32,15.17,5.93,2.86,3.82,14970.07,755.97,2535.49,2398.28,713.87,6557.41,375.30,106.87,117.27,1011.30,86.99,39.67,48.05,983.76,73.34,91.05,34.76,111.78,74.99,68.58,35.17,111.54,28.89,2590.59,230.50,4.39,0.54,91.77,12.01,10.63,2.42,0.00,0.00,4.68,1.40,4.08,4.13,2.62,4.95,5.52,20.46,16.34,6.39,3.25,4.33
29.40,29.4,02/06/2025 16:14:38,-4.321,3.900,,15.8,865222.0,594681.0,991231.19,365.93,1480.63,1564.91,409.46,3448.61,187.69,109.25,67.13,263.36,35.17,54.57,51.56,699.10,52.55,17.92,13.73,89.82,42.19,89.90,31.85,23.76,4.85,1924.75,171.77,3.53,0.44,61.95,7.08,7.95,2.01,0.05,0.14,3.62,1.18,2.26,3.04,2.49,3.71,14.09,18.17,16.82,5.96,4.17,3.91,16142.13,606.81,2455.29,2956.85,773.65,7377.74,401.53,250.33,153.82,657.58,87.82,65.73,62.11,978.19,73.52,29.90,22.91,160.34,75.32,131.39,46.56,34.14,6.96,2751.90,245.59,4.49,0.56,77.54,8.86,9.90,2.50,0.07,0.18,4.28,1.40,3.05,4.11,3.31,4.94,15.74,20.29,18.12,6.42,4.73,4.44
29.50,29.5,02/06/2025 16:15:06,-4.304,2.311,,15.9,863197.0,593114.0,991897.25,129.99,1455.30,1528.33,404.42,3207.56,179.24,5.01,48.73,194.55,35.20,127.01,70.02,734.18,52.42,44.64,18.43,85.56,42.02,76.07,28.95,16.08,3.35,1828.89,162.71,3.46,0.43,68.15,8.41,8.09,1.93,0.00,0.00,4.39,1.21,3.66,3.07,2.78,3.70,13.81,18.16,15.90,6.05,4.63,3.82,14770.63,215.56,2413.28,2887.72,764.14,6862.04,383.45,11.49,111.66,485.77,87.90,153.00,84.35,1027.27,73.34,74.48,30.75,152.74,75.01,111.18,42.31,23.11,4.82,2614.84,232.64,4.41,0.55,85.31,10.53,10.07,2.40,0.00,0.00,5.19,1.43,4.95,4.14,3.71,4.94,15.42,20.27,17.13,6.52,5.25,4.33
29.60,29.6,02/06/2025 16:15:25,-4.715,5.954,1181353.250,15.9,864880.0,592415.0,991291.49,262.40,1453.00,1193.43,367.48,3585.10,194.57,18.23,16.50,388.14,34.90,18.37,27.48,741.28,52.94,29.01,13.80,64.51,42.08,61.04,26.35,80.19,20.21,2138.04,191.98,3.92,0.45,74.85,9.85,8.21,1.98,0.00,0.00,7.11,1.54,4.61,3.12,2.52,3.74,9.17,18.31,15.29,6.13,3.09,3.83,16012.01,435.14,2409.48,2254.94,694.33,7669.73,416.26,41.77,37.82,969.14,87.14,22.13,33.11,1037.21,74.08,48.41,23.02,115.16,75.11,89.21,38.51,115.22,29.04,3056.84,274.48,4.98,0.57,93.70,12.33,10.22,2.47,0.00,0.00,8.40,1.83,6.23,4.22,3.36,4.99,10.24,20.44,16.47,6.60,3.50,4.34
29.70,29.7,02/06/2025 16:15:43,-4.753,5.623,,15.9,862793.0,587955.0,990820.91,381.36,1485.46,1512.22,404.84,3779.22,200.19,5.18,49.52,340.87,34.78,88.00,62.78,767.84,53.52,25.61,13.89,50.40,42.03,64.50,26.85,61.05,11.28,1993.95,178.17,3.52,0.44,57.98,6.27,7.72,1.99,0.00,0.00,11.81,1.97,4.70,3.08,2.18,3.67,3.99,18.31,12.60,6.02,4.40,3.90,16916.49,632.39,2463.30,2857.29,764.94,8085.02,428.28,11.87,113.46,851.12,86.83,106.01,75.62,1074.37,74.89,42.72,23.18,89.98,75.03,94.27,39.24,87.72,16.21,2850.84,254.74,4.48,0.56,72.58,7.85,9.60,2.48,0.00,0.00,13.96,2.33,6.35,4.16,2.91,4.89,4.45,20.45,13.57,6.49,4.99,4.43
29.80,29.8,02/06/2025 16:16:01,-5.007,1.920,,15.9,864485.0,585973.0,990536.78,623.71,1466.06,1698.59,425.67,3700.30,197.37,9.70,9.22,319.72,35.34,128.04,71.71,797.24,53.70,32.74,15.04,68.73,42.34,40.78,23.27,77.06,20.14,1845.73,164.29,3.70,0.43,54.83,5.69,8.89,2.01,0.00,0.00,12.44,2.00,5.58,3.04,1.44,3.65,12.68,18.42,17.20,5.99,4.11,3.86,17382.67,1034.28,2431.13,3209.43,804.29,7916.17,422.23,22.22,21.13,798.31,88.25,154.24,86.38,1115.51,75.14,54.63,25.10,122.70,75.59,59.61,34.01,110.73,28.94,2638.92,234.89,4.71,0.55,68.63,7.12,11.07,2.50,0.00,0.00,14.71,2.37,7.54,4.11,1.92,4.87,14.15,20.56,18.53,6.45,4.66,4.38
29.90,29.9,02/06/2025 16:16:20,-4.391,4.169,,15.9,859641.0,583472.0,990489.24,519.80,1438.46,1885.31,446.21,3719.45,197.35,82.57,54.26,275.06,35.12,76.22,59.56,772.47,52.96,51.67,20.05,80.40,42.06,68.30,27.63,78.96,20.16,1757.58,155.97,3.58,0.43,75.54,10.06,7.14,1.91,0.00,0.00,11.19,1.92,6.66,3.06,1.73,3.63,15.96,18.24,17.88,6.05,3.29,3.88,17559.25,861.98,2385.37,3562.23,843.10,7957.14,422.20,189.20,124.34,686.79,87.68,91.82,71.75,1080.85,74.10,86.21,33.45,143.53,75.09,99.83,40.38,113.45,28.97,2512.88,222.99,4.56,0.55,94.55,12.59,8.88,2.38,0.00,0.00,13.23,2.26,8.99,4.14,2.31,4.85,17.82,20.36,19.26,6.52,3.73,4.40
30.00,30.0,02/06/2025 16:16:48,-3.296,4.893,,15.9,862773.0,582474.0,992266.71,189.30,1603.17,991.03,347.23,3044.54,174.90,110.87,68.86,314.58,34.76,79.46,60.19,707.33,52.07,13.01,13.68,111.10,42.35,69.85,27.72,54.71,10.24,1911.32,170.48,3.23,0.41,69.10,8.61,7.67,1.90,0.04,0.14,11.59,1.92,6.53,3.05,1.54,3.61,15.59,18.10,16.43,5.91,4.48,3.83,14123.05,313.91,2658.50,1872.51,656.09,6513.30,374.17,254.04,157.78,785.49,86.79,95.72,72.50,989.70,72.85,21.70,22.83,198.33,75.60,102.09,40.52,78.61,14.71,2732.70,243.74,4.11,0.52,86.49,10.78,9.54,2.37,0.05,0.18,13.71,2.27,8.82,4.12,2.05,4.82,17.41,20.21,17.70,6.36,5.08,4.35
30.10,30.1,02/06/2025 16:17:07,-4.534,6.151,1181352.653,15.9,863321.0,581302.0,991949.74,221.73,1514.60,1301.46,377.85,3249.07,180.39,143.11,84.42,276.54,34.93,33.66,40.36,668.49,51.94,31.72,14.63,90.84,42.15,58.29,25.73,79.34,20.07,1765.48,156.83,3.22,0.42,73.04,9.54,7.07,1.93,0.09,0.14,9.79,1.80,7.55,3.03,1.65,3.60,12.15,18.18,13.42,5.80,2.58,3.79,14869.71,367.69,2511.63,2459.05,713.94,6950.85,385.92,327.91,193.44,690.50,87.21,40.55,48.62,935.36,72.67,52.92,24.40,162.16,75.25,85.20,37.60,114.00,28.84,2524.18,224.23,4.09,0.53,91.43,11.94,8.80,2.40,0.12,0.18,11.57,2.13,10.20,4.10,2.19,4.80,13.57,20.29,14.46,6.24,2.92,4.29
30.20,30.2,02/06/2025 16:17:25,-3.598,4.632,,15.9,863656.0,581416.0,990316.98,618.71,1513.39,1344.56,385.02,3859.49,203.90,78.31,52.57,397.75,34.78,192.35,80.20,812.78,53.90,88.40,26.75,118.22,42.67,50.04,24.48,78.13,14.10,1924.42,171.59,3.35,0.43,59.67,6.57,6.57,1.95,0.00,0.00,11.78,1.95,4.72,3.05,2.09,3.64,11.56,18.27,17.26,6.15,2.86,3.87,17805.09,1025.99,2509.61,2540.50,727.48,8256.74,436.20,179.44,120.47,993.15,86.84,231.71,96.61,1137.24,75.42,147.49,44.63,211.05,76.18,73.14,35.78,112.26,20.26,2751.43,245.33,4.27,0.55,74.69,8.22,8.17,2.43,0.00,0.00,13.93,2.30,6.38,4.12,2.79,4.86,12.90,20.40,18.60,6.63,3.25,4.39
30.30,30.3,02/06/2025 16:17:44,-5.886,5.357,,15.9,862474.0,585382.0,991741.46,356.04,1520.34,1332.13,382.12,3334.75,184.48,29.07,24.16,359.21,34.65,61.55,55.11,709.84,52.51,29.39,13.83,87.21,42.15,43.84,23.49,74.04,19.89,1726.91,153.19,3.44,0.43,59.80,6.68,6.82,1.96,0.04,0.14,7.98,1.64,3.52,3.06,1.10,3.60,10.13,18.21,18.06,5.99,3.68,3.89,15255.02,590.41,2521.14,2517.01,722.01,7134.15,394.66,66.60,55.37,896.90,86.53,74.14,66.39,993.22,73.48,49.03,23.07,155.69,75.24,64.08,34.34,106.38,28.58,2469.04,219.02,4.38,0.55,74.85,8.37,8.49,2.44,0.06,0.18,9.43,1.94,4.75,4.13,1.47,4.80,11.31,20.33,19.46,6.45,4.18,4.42
30.40,30.4,02/06/2025 16:18:02,-6.470,4.700,,15.9,862108.0,582808.0,992145.78,286.89,1486.89,1224.34,370.53,3099.08,176.26,41.85,50.52,383.60,34.45,0.00,0.00,734.42,52.63,30.52,14.26,80.48,42.06,61.14,26.26,74.51,19.89,1728.26,153.38,3.07,0.41,56.68,6.09,8.00,1.97,0.09,0.14,10.95,1.89,4.88,3.00,1.30,3.57,4.41,18.20,16.50,5.81,3.25,3.74,14494.94,475.75,2465.67,2313.34,700.10,6629.97,377.07,95.90,115.75,957.80,86.02,0.00,0.00,1027.61,73.64,50.92,23.79,143.67,75.09,89.36,38.39,107.06,28.58,2470.96,219.29,3.91,0.52,70.95,7.62,9.96,2.46,0.12,0.18,12.95,2.23,6.59,4.05,1.74,4.76,4.92,20.32,17.78,6.25,3.68,4.24
30.50,30.5,02/06/2025 16:18:30,-5.543,1.322,,15.9,861960.0,583812.0,991379.09,344.65,1479.50,1467.67,397.76,3602.08,193.79,32.51,50.53,398.49,34.72,172.05,77.93,667.11,52.03,25.63,13.66,88.09,42.19,38.39,22.81,67.25,19.67,1579.40,139.49,3.44,0.43,70.86,9.05,8.83,1.98,0.00,0.00,8.45,1.69,4.04,3.03,1.64,3.59,18.92,18.24,17.89,6.00,3.50,3.83,16037.84,571.53,2453.42,2773.10,751.56,7706.06,414.59,74.48,115.79,995.00,86.69,207.25,93.88,933.43,72.80,42.77,22.78,157.26,75.31,56.11,33.34,96.63,28.27,2258.13,199.43,4.38,0.55,88.70,11.32,10.99,2.47,0.00,0.00,10.00,2.00,5.46,4.09,2.19,4.79,21.13,20.37,19.28,6.46,3.97,4.35
30.60,30.6,02/06/2025 16:18:49,-3.836,3.575,1181353.050,15.9,866147.0,583810.0,992676.88,318.48,1467.97,1298.03,374.62,2758.69,162.87,42.71,50.51,318.60,34.73,9.97,24.95,712.54,52.62,22.09,13.77,64.64,42.13,51.53,24.68,30.61,6.14,1575.83,139.22,3.28,0.41,64.12,7.63,6.62,1.93,0.00,0.00,8.21,1.65,5.33,2.99,1.12,3.56,12.60,18.32,14.55,5.77,3.58,3.82,13454.29,528.13,2434.30,2452.57,707.83,5901.76,348.43,97.86,115.73,795.51,86.73,12.01,30.05,996.98,73.63,36.85,22.98,115.40,75.21,75.32,36.07,43.99,8.83,2253.03,199.04,4.17,0.52,80.26,9.55,8.24,2.40,0.00,0.00,9.70,1.95,7.20,4.05,1.49,4.75,14.07,20.45,15.67,6.22,4.07,4.33
30.70,30.7,02/06/2025 16:19:07,-2.939,3.903,,15.9,864495.0,586541.0,991735.58,288.16,1432.38,1474.50,395.60,3302.67,182.43,12.53,11.53,342.76,34.73,12.13,24.94,707.15,52.48,25.39,13.81,65.70,42.02,63.66,26.73,81.05,20.14,1764.68,156.73,3.18,0.42,62.55,7.23,7.70,1.97,0.04,0.14,8.27,1.68,3.87,3.03,1.48,3.66,14.96,18.27,18.14,5.96,3.85,3.87,15259.75,477.84,2375.28,2786.01,747.47,7065.52,390.28,28.70,26.43,855.84,86.72,14.62,30.04,989.45,73.43,42.36,23.05,117.29,75.01,93.04,39.06,116.45,28.94,2523.04,224.09,4.05,0.54,78.30,9.06,9.59,2.45,0.05,0.18,9.78,1.99,5.22,4.10,1.98,4.88,16.71,20.40,19.54,6.42,4.36,4.39
30.80,30.8,02/06/2025 16:19:26,-4.065,4.171,,15.9,864111.0,585429.0,992322.69,279.57,1541.12,1194.97,365.17,3024.26,173.08,19.54,17.14,287.60,34.75,34.66,40.78,690.23,52.24,37.70,16.39,108.91,42.05,75.40,28.71,53.68,10.02,1744.37,154.77,3.16,0.41,60.72,6.88,8.11,1.98,0.00,0.00,10.40,1.84,12.70,3.16,0.00,0.00,14.42,18.01,12.24,5.88,4.66,3.81,14054.59,463.60,2555.60,2257.86,689.98,6469.91,370.28,44.77,39.27,718.10,86.78,41.76,49.13,965.78,73.10,62.90,27.35,194.43,75.07,110.20,41.96,77.12,14.40,2494.00,221.28,4.02,0.53,76.01,8.61,10.10,2.46,0.00,0.00,12.30,2.18,17.16,4.27,0.00,0.00,16.09,20.11,13.19,6.34,5.29,4.32
30.90,30.9,02/06/2025 16:19:44,-4.224,4.432,,15.9,866497.0,587093.0,991506.70,362.15,1528.89,1213.23,370.80,3326.55,185.39,74.06,50.42,324.84,34.99,112.69,68.72,777.36,53.16,28.64,13.71,84.64,42.25,54.54,25.19,70.94,19.81,1927.49,172.09,3.23,0.42,67.60,8.25,7.64,1.96,0.06,0.14,10.50,1.87,7.78,3.08,2.67,3.66,14.89,18.27,18.08,5.96,3.71,3.82,15515.20,600.55,2535.32,2292.35,700.61,7116.61,396.62,169.71,115.53,811.09,87.36,135.75,82.78,1087.68,74.38,47.78,22.88,151.09,75.43,79.72,36.82,101.92,28.47,2755.81,246.04,4.11,0.54,84.62,10.33,9.51,2.44,0.08,0.18,12.42,2.21,10.52,4.16,3.56,4.87,16.62,20.40,19.47,6.42,4.21,4.34
31.00,31.0,02/06/2025 16:20:26,-4.122,4.828,,15.9,868562.0,585564.0,991407.72,193.97,1478.28,1516.57,405.01,3233.06,180.91,2.85,2.87,355.34,34.94,30.25,38.09,774.35,53.07,23.21,13.77,96.66,42.32,52.34,24.80,74.55,19.99,2130.74,191.31,3.36,0.43,42.39,3.64,5.85,1.88,0.00,0.00,6.94,1.55,5.01,3.11,2.14,3.69,21.02,18.23,19.44,6.10,2.25,3.93,15688.15,321.65,2451.39,2865.50,765.25,6916.61,387.02,6.52,6.58,887.25,87.23,36.44,45.88,1083.48,74.26,38.73,22.97,172.56,75.54,76.50,36.25,107.12,28.73,3046.41,273.52,4.27,0.55,53.06,4.55,7.28,2.34,0.00,0.00,8.21,1.83,6.77,4.20,2.85,4.92,23.47,20.36,20.94,6.57,2.55,4.45
31.10,31.1,02/06/2025 16:20:57,-3.427,4.492,1181353.320,15.9,865668.0,585398.0,992052.84,216.12,1502.20,1210.74,369.25,3147.18,178.68,24.02,20.70,315.52,35.08,26.77,35.52,704.07,52.45,24.04,13.77,59.79,41.88,61.75,26.35,81.54,20.19,1954.27,174.64,3.48,0.43,58.84,6.47,8.44,1.97,0.10,0.14,10.23,1.81,11.35,3.11,1.58,3.63,10.17,18.23,13.11,5.73,4.06,3.76,14535.84,358.39,2491.06,2287.64,697.69,6732.87,382.26,55.05,47.43,787.82,87.58,32.24,42.79,985.14,73.39,40.11,22.97,106.74,74.77,90.24,38.52,117.17,29.02,2794.10,249.69,4.43,0.55,73.65,8.10,10.51,2.45,0.14,0.18,12.10,2.14,15.33,4.21,2.11,4.84,11.35,20.35,14.12,6.18,4.60,4.27
31.20,31.2,02/06/2025 16:21:29,-2.767,3.172,,15.9,867017.0,585580.0,990994.96,302.20,1503.51,1296.38,383.39,3744.44,200.14,40.29,31.67,433.91,34.82,66.07,57.12,792.93,53.90,32.86,15.14,74.44,42.42,54.78,25.31,72.44,19.93,1975.33,176.53,3.26,0.42,63.66,7.39,6.61,1.94,0.00,0.00,6.13,1.46,5.38,3.06,1.62,3.62,9.55,18.39,19.01,6.14,3.75,3.87,16666.24,501.14,2493.24,2449.46,724.40,8010.60,428.18,92.32,72.57,1083.44,86.94,79.58,68.81,1109.47,75.41,54.82,25.26,132.90,75.72,80.07,36.99,104.09,28.63,2824.22,252.39,4.14,0.54,79.69,9.25,8.23,2.41,0.00,0.00,7.25,1.73,7.27,4.13,2.16,4.83,10.66,20.54,20.48,6.62,4.26,4.39
31.30,31.3,02/06/2025 16:22:01,-3.447,4.164,,15.9,864515.0,584171.0,990347.71,692.45,1476.15,1405.44,389.74,3944.43,205.56,42.71,50.95,384.45,34.87,124.00,71.32,822.96,53.77,23.20,13.78,88.56,42.31,68.13,27.62,82.31,20.35,1853.92,165.01,3.16,0.42,55.48,5.80,8.43,2.02,0.00,0.00,9.84,1.79,4.65,3.08,0.99,3.62,14.79,18.27,17.45,6.09,4.97,3.88,17810.30,1148.27,2447.86,2655.52,736.40,8438.45,439.75,97.87,116.75,959.93,87.08,149.37,85.91,1151.49,75.24,38.71,23.00,158.09,75.53,99.57,40.37,118.27,29.24,2650.63,235.92,4.02,0.54,69.45,7.26,10.49,2.51,0.00,0.00,11.64,2.12,6.28,4.15,1.33,4.82,16.51,20.40,18.79,6.56,5.64,4.40
31.40,31.4,02/06/2025 16:22:32,-4.663,0.723,,15.9,867664.0,583888.0,990953.61,479.71,1496.30,1545.66,408.43,3727.21,198.38,7.69,49.56,279.75,35.31,17.83,26.70,772.96,53.49,65.80,23.07,110.09,42.57,76.73,29.19,22.38,4.59,1817.78,161.66,3.82,0.44,58.86,6.46,6.88,1.92,0.08,0.14,9.07,1.73,6.28,3.09,3.58,3.67,11.83,18.25,18.53,5.82,3.88,3.85,16707.17,795.50,2481.28,2920.46,771.71,7973.75,424.40,17.62,113.55,698.51,88.17,21.48,32.16,1081.53,74.84,109.79,38.50,196.52,76.00,112.14,42.67,32.16,6.60,2598.96,231.13,4.86,0.56,73.68,8.08,8.57,2.39,0.11,0.18,10.73,2.04,8.48,4.17,4.77,4.90,13.21,20.37,19.96,6.27,4.40,4.36
31.50,31.5,02/06/2025 16:23:14,-4.213,4.361,,15.9,868046.0,586588.0,991373.76,308.81,1521.86,1372.18,387.35,3453.78,189.27,61.44,43.46,372.38,34.84,69.86,58.29,780.05,53.24,36.64,16.18,67.85,42.06,67.12,27.43,79.59,20.19,1830.68,162.98,3.65,0.43,68.58,8.48,5.75,1.90,0.11,0.14,10.37,1.82,4.70,3.05,0.93,3.67,14.16,18.29,13.51,5.80,4.10,3.83,15904.53,512.09,2523.67,2592.68,731.88,7388.78,404.91,140.78,99.58,929.80,87.00,84.16,70.22,1091.45,74.49,61.13,26.99,121.13,75.08,98.09,40.09,114.36,29.01,2617.41,233.02,4.65,0.55,85.85,10.62,7.15,2.36,0.14,0.18,12.26,2.15,6.35,4.12,1.23,4.89,15.81,20.43,14.56,6.25,4.65,4.34
31.60,31.6,02/06/2025 16:23:45,-3.795,4.364,1181353.318,15.9,869292.0,587954.0,991414.47,476.04,1487.36,1298.22,380.59,3323.47,185.01,99.90,63.74,425.44,34.87,90.74,64.15,726.42,52.78,28.20,13.85,91.95,42.45,71.98,28.35,0.17,0.04,1841.94,164.04,3.50,0.44,58.45,6.40,6.73,1.93,0.00,0.00,7.61,1.61,5.78,3.05,2.34,3.65,8.82,18.30,15.60,6.09,2.24,3.82,15854.50,789.41,2466.45,2452.93,719.12,7110.01,395.79,228.90,146.04,1062.29,87.05,109.31,77.28,1016.41,73.85,47.06,23.11,164.14,75.79,105.20,41.44,0.24,0.06,2633.50,234.54,4.45,0.55,73.17,8.01,8.38,2.40,0.00,0.00,9.00,1.90,7.80,4.12,3.12,4.87,9.85,20.44,16.81,6.56,2.55,4.34
31.70,31.7,02/06/2025 16:24:17,-4.715,4.763,,15.9,868757.0,589489.0,991715.81,305.59,1485.33,1245.02,371.24,3421.36,188.41,28.42,24.06,380.26,34.99,26.03,34.92,710.86,52.69,37.71,16.57,84.50,42.40,46.52,24.02,73.34,19.98,1803.21,160.45,3.28,0.42,63.55,7.43,8.36,1.98,0.01,0.14,6.37,1.46,5.13,3.04,2.50,3.66,10.12,18.34,18.08,6.01,3.96,3.84,15331.69,506.75,2463.09,2352.42,701.44,7319.43,403.07,65.13,55.12,949.48,87.36,31.36,42.06,994.64,73.73,62.91,27.64,150.85,75.69,67.99,35.10,105.38,28.71,2578.13,229.40,4.17,0.53,79.55,9.30,10.40,2.46,0.01,0.18,7.54,1.72,6.93,4.10,3.34,4.88,11.30,20.48,19.48,6.47,4.49,4.36
31.80,31.8,02/06/2025 16:24:48,-5.069,5.159,,15.9,865856.0,587594.0,993096.83,396.39,1547.53,968.05,338.75,2786.81,165.12,6.20,6.10,317.47,34.86,16.68,25.76,625.81,51.82,23.35,13.71,55.65,41.75,48.00,24.05,10.87,2.34,1521.90,134.32,3.13,0.40,61.44,7.10,7.71,1.95,0.00,0.00,9.66,1.76,7.26,3.02,0.72,3.55,15.16,18.20,17.15,5.86,3.75,3.78,12703.32,657.32,2566.24,1829.10,640.05,5961.92,353.26,14.21,13.98,792.70,87.04,20.09,31.03,875.63,72.51,38.97,22.87,99.35,74.53,70.16,35.15,15.62,3.37,2175.93,192.04,3.98,0.51,76.91,8.89,9.59,2.43,0.00,0.00,11.43,2.08,9.80,4.08,0.96,4.73,16.92,20.33,18.47,6.31,4.25,4.29
31.90,31.9,02/06/2025 16:25:19,-3.354,5.025,,15.9,864364.0,586855.0,992046.64,285.98,1539.33,1236.11,369.99,3159.39,177.57,69.58,47.56,325.67,34.90,50.89,50.44,680.93,52.47,53.51,20.53,95.39,42.25,68.08,27.53,75.30,19.93,1730.07,153.55,3.42,0.42,61.75,7.08,6.59,1.91,0.00,0.00,8.95,1.73,6.17,3.04,3.25,3.66,13.34,18.22,16.19,5.96,2.80,3.81,14644.92,474.23,2552.64,2335.59,699.07,6758.98,379.88,159.43,108.98,813.17,87.14,61.30,60.76,952.76,73.42,89.27,34.26,170.30,75.42,99.50,40.24,108.20,28.64,2473.56,219.54,4.35,0.54,77.30,8.86,8.21,2.37,0.00,0.00,10.59,2.05,8.33,4.11,4.34,4.88,14.90,20.34,17.44,6.43,3.18,4.32
32.00,32.0,02/06/2025 16:26:01,-2.948,5.553,,15.9,868021.0,587839.0,992160.53,267.19,1534.94,1206.65,367.47,3145.31,177.12,21.73,18.92,312.16,35.09,97.37,65.87,724.24,52.82,26.40,13.90,64.22,42.31,45.60,23.89,70.96,19.81,1750.97,155.57,3.44,0.43,53.96,5.58,8.65,2.00,0.05,0.14,10.72,1.86,3.64,3.00,3.37,3.61,4.00,18.40,14.62,5.85,4.22,3.79,14372.33,443.07,2545.35,2279.93,694.33,6728.87,378.91,49.80,43.34,779.44,87.62,117.29,79.35,1013.36,73.91,44.04,23.19,114.64,75.53,66.65,34.91,101.96,28.46,2503.43,222.42,4.38,0.55,67.55,6.99,10.76,2.49,0.07,0.18,12.67,2.20,4.92,4.06,4.49,4.82,4.47,20.55,15.75,6.31,4.79,4.30
32.10,32.1,02/06/2025 16:26:32,-4.010,6.023,1181353.249,15.9,866831.0,587763.0,991253.77,369.51,1494.96,1529.92,405.26,3621.62,194.29,80.47,53.49,364.52,35.06,62.30,55.92,686.68,53.11,36.34,16.20,74.68,42.36,57.21,25.72,0.99,0.22,1739.52,154.36,3.79,0.44,67.20,8.22,6.94,1.97,0.07,0.14,9.60,1.79,4.12,3.01,2.51,3.64,13.04,18.39,12.76,5.85,2.45,3.83,16296.82,612.75,2479.06,2890.72,765.72,7747.86,415.66,184.39,122.56,910.18,87.53,75.05,67.36,960.81,74.31,60.63,27.03,133.32,75.62,83.61,37.58,1.42,0.32,2487.07,220.70,4.82,0.56,84.12,10.29,8.63,2.45,0.09,0.18,11.35,2.11,5.57,4.07,3.35,4.85,14.56,20.53,13.74,6.30,2.78,4.35
32.20,32.2,02/06/2025 16:27:04,-4.636,5.890,,15.9,864682.0,585307.0,991211.62,262.24,1525.77,1635.82,419.63,3751.25,199.26,41.86,32.31,297.13,35.40,54.82,52.25,708.38,52.60,36.37,16.07,88.02,42.28,66.57,27.27,30.65,6.13,1701.05,150.75,3.28,0.42,48.16,4.56,7.17,1.89,0.00,0.00,12.42,1.98,8.48,3.06,1.95,3.60,11.85,18.26,16.86,5.97,4.03,3.85,16375.24,434.87,2530.15,3090.83,792.88,8025.18,426.29,95.93,74.04,741.91,88.40,66.03,62.94,991.16,73.60,60.69,26.81,157.13,75.47,97.29,39.85,44.04,8.80,2432.07,215.53,4.18,0.53,60.29,5.71,8.92,2.35,0.00,0.00,14.68,2.34,11.46,4.13,2.60,4.80,13.23,20.38,18.17,6.43,4.57,4.37
32.30,32.3,02/06/2025 16:27:35,-5.948,5.427,,15.9,862949.0,582307.0,991963.58,135.99,1540.05,1211.72,372.65,3804.08,201.36,67.79,46.79,392.36,34.71,0.00,0.00,695.83,52.50,49.82,19.86,47.57,42.10,38.14,22.88,80.28,20.20,1407.74,123.74,3.13,0.41,45.34,4.15,6.71,1.93,0.06,0.14,12.95,2.00,9.13,3.01,2.57,3.55,4.52,18.43,16.82,5.85,3.87,3.82,15241.48,225.50,2553.83,2289.50,704.11,8138.19,430.79,155.32,107.20,979.69,86.67,0.00,0.00,973.61,73.45,83.13,33.14,84.92,75.16,55.75,33.44,115.35,29.03,2012.71,176.92,3.99,0.52,56.75,5.20,8.35,2.40,0.08,0.18,15.32,2.37,12.34,4.06,3.42,4.73,5.04,20.58,18.12,6.30,4.40,4.33
32.40,32.4,02/06/2025 16:28:07,-5.192,5.557,,15.9,867364.0,583371.0,991934.53,476.58,1552.83,1124.23,359.00,3211.10,180.01,90.64,58.56,380.55,34.80,127.45,71.90,695.90,52.75,60.50,22.19,71.69,42.19,54.35,25.13,2.64,0.59,1657.97,146.83,3.03,0.40,52.85,5.39,6.84,1.93,0.00,0.00,13.38,2.05,6.87,3.07,2.11,3.60,9.25,18.33,14.03,5.89,3.53,3.79,14887.72,790.30,2575.01,2124.19,678.32,6869.62,385.10,207.68,134.18,950.19,86.90,153.53,86.62,973.70,73.81,100.95,37.02,127.98,75.32,79.43,36.73,3.79,0.84,2370.47,209.94,3.85,0.51,66.15,6.75,8.51,2.40,0.00,0.00,15.83,2.42,9.28,4.14,2.81,4.80,10.33,20.46,15.11,6.35,4.01,4.30
32.50,32.5,02/06/2025 16:28:48,-5.024,5.159,,15.9,865633.0,580921.0,991821.06,185.51,1487.55,1368.05,386.93,3268.13,182.14,148.17,87.60,361.17,34.78,7.47,24.97,737.32,52.91,19.91,13.86,36.93,42.09,49.36,24.44,72.69,19.86,1783.11,158.54,3.08,0.41,78.64,10.89,7.12,2.00,0.00,0.00,10.99,1.88,6.67,3.06,0.75,3.60,9.65,18.42,17.89,6.01,6.33,3.82,15162.69,307.63,2466.76,2584.87,731.08,6991.63,389.66,339.51,200.73,901.81,86.83,9.00,30.08,1031.66,74.03,33.22,23.13,65.93,75.13,72.14,35.72,104.44,28.54,2549.39,226.68,3.92,0.52,98.44,13.63,8.86,2.49,0.00,0.00,13.00,2.22,9.01,4.13,1.00,4.80,10.78,20.57,19.28,6.47,7.18,4.33
32.60,32.6,02/06/2025 16:29:20,-5.134,10.514,1181346.902,15.9,862132.0,578878.0,992046.19,512.00,1491.08,1370.64,383.88,3058.11,173.65,17.78,15.69,322.59,34.70,20.66,29.77,636.61,51.76,36.47,16.16,56.55,41.71,64.77,26.84,36.43,7.15,1705.86,151.23,3.37,0.42,56.61,6.09,7.44,1.94,0.00,0.00,11.19,1.90,6.66,2.99,2.01,3.53,4.57,18.18,18.57,5.99,4.93,3.85,14630.74,849.04,2472.62,2589.76,725.34,6542.33,371.49,40.74,35.95,805.47,86.65,24.89,35.86,890.75,72.43,60.85,26.96,100.95,74.46,94.66,39.23,52.34,10.27,2438.94,216.22,4.28,0.53,70.86,7.62,9.26,2.41,0.00,0.00,13.24,2.25,9.00,4.04,2.68,4.70,5.10,20.30,20.01,6.45,5.59,4.37
32.70,32.7,02/06/2025 16:29:51,-5.182,11.045,,15.9,866305.0,581425.0,991833.00,226.39,1481.66,1514.85,406.75,2920.11,169.36,38.55,50.29,388.20,34.63,0.76,24.84,782.89,53.69,17.54,13.74,84.03,42.07,76.39,29.06,43.70,8.40,1931.71,172.40,3.15,0.42,66.20,7.97,8.27,2.04,0.00,0.00,11.51,1.93,9.50,3.13,2.58,3.61,19.01,18.17,17.76,6.00,3.89,3.88,14926.14,375.41,2457.00,2862.25,768.53,6247.10,362.31,88.34,115.24,969.31,86.46,0.91,29.92,1095.42,75.12,29.27,22.93,150.01,75.11,111.65,42.47,62.78,12.06,2761.85,246.48,4.01,0.53,82.87,9.98,10.29,2.54,0.00,0.00,13.61,2.29,12.84,4.22,3.44,4.81,21.22,20.29,19.14,6.46,4.41,4.40
32.80,32.8,02/06/2025 16:30:22,-4.658,10.314,,15.9,869430.0,584468.0,991040.00,449.62,1562.06,1467.37,402.51,3442.19,189.04,24.89,21.17,392.28,34.83,71.75,58.59,803.05,53.76,54.56,20.80,103.53,42.66,66.20,27.30,76.88,20.11,1884.88,168.01,3.50,0.43,65.93,7.88,6.65,1.92,0.12,0.14,10.02,1.81,4.10,3.10,1.18,3.66,13.80,18.35,13.64,5.87,3.83,3.87,16455.55,745.60,2590.32,2772.54,760.53,7364.01,404.43,57.02,48.50,979.49,86.98,86.43,70.58,1123.63,75.23,91.03,34.71,184.83,76.16,96.76,39.91,110.46,28.89,2694.90,240.22,4.46,0.55,82.53,9.86,8.28,2.39,0.16,0.18,11.85,2.14,5.54,4.19,1.57,4.88,15.41,20.49,14.70,6.32,4.35,4.39
32.90,32.9,02/06/2025 16:30:53,-4.827,8.400,,15.9,867883.0,587320.0,992117.16,190.85,1501.99,1308.59,380.47,3131.12,176.52,45.12,50.36,322.59,35.23,3.15,24.61,752.32,52.99,20.64,13.70,120.76,42.63,70.02,27.82,66.05,12.14,1730.18,153.51,3.37,0.42,60.17,6.76,7.63,1.98,0.00,0.00,8.76,1.70,5.51,3.10,2.57,3.64,14.95,18.17,14.98,5.84,3.49,3.73,14520.97,316.48,2490.71,2472.54,718.89,6698.52,377.65,103.39,115.40,805.48,87.96,3.79,29.65,1052.65,74.15,34.43,22.86,215.59,76.11,102.34,40.65,94.91,17.45,2473.71,219.47,4.29,0.54,75.32,8.46,9.50,2.46,0.00,0.00,10.36,2.02,7.44,4.18,3.43,4.85,16.70,20.29,16.14,6.29,3.96,4.23
33.00,33.0,02/06/2025 16:31:35,-4.371,10.317,,15.9,866240.0,587449.0,992358.62,263.86,1508.70,1178.90,364.03,2970.23,171.40,124.88,75.75,308.53,35.05,55.59,52.89,684.00,52.35,23.89,13.76,53.19,41.70,64.21,26.76,5.92,1.29,1784.33,158.65,3.50,0.43,64.44,7.65,7.24,1.95,0.00,0.00,5.97,1.41,4.67,3.04,1.34,3.68,13.47,18.19,20.38,6.05,2.84,3.77,14037.70,437.56,2501.84,2227.48,687.82,6354.32,366.68,286.14,173.56,770.37,87.51,66.96,63.72,957.06,73.24,39.86,22.96,94.96,74.43,93.84,39.11,8.50,1.86,2551.14,226.82,4.45,0.54,80.66,9.58,9.01,2.42,0.00,0.00,7.06,1.67,6.31,4.10,1.79,4.90,15.04,20.31,21.96,6.52,3.22,4.27
33.10,33.1,02/06/2025 16:32:06,-4.882,3.573,1181353.315,15.9,867929.0,589748.0,992241.75,281.14,1492.61,1154.81,360.21,3061.28,173.88,82.73,54.33,309.52,35.12,47.58,49.10,705.86,52.73,26.18,13.79,80.32,42.28,35.42,22.36,10.91,2.34,1832.04,163.10,3.73,0.44,73.55,9.67,7.57,1.96,0.02,0.14,8.12,1.65,4.26,3.05,1.65,3.65,10.38,18.29,17.18,5.98,4.03,3.81,14236.95,466.21,2475.16,2181.98,680.61,6549.10,371.98,189.55,124.48,772.84,87.70,57.31,59.14,987.65,73.78,43.68,23.00,143.39,75.48,51.76,32.68,15.67,3.36,2619.35,233.19,4.74,0.56,92.06,12.11,9.42,2.43,0.02,0.18,9.60,1.95,5.75,4.11,2.21,4.86,11.59,20.43,18.50,6.44,4.57,4.33
33.20,33.2,02/06/2025 16:32:38,-7.198,4.501,,15.9,864906.0,588310.0,992487.88,228.17,1494.03,1218.92,368.17,2951.62,170.73,41.95,50.70,335.19,34.73,7.11,24.51,638.62,51.53,14.40,13.71,78.76,41.93,56.70,25.40,41.46,8.05,1785.69,158.75,3.49,0.43,50.04,4.91,6.36,1.93,0.00,0.00,7.39,1.60,5.10,3.04,0.86,3.64,19.87,18.16,17.03,5.96,3.39,3.79,13827.45,378.37,2477.52,2303.09,695.64,6314.51,365.24,96.12,116.18,836.94,86.72,8.57,29.52,893.56,72.10,24.02,22.87,140.60,74.85,82.87,37.12,59.57,11.56,2553.08,226.97,4.44,0.54,62.64,6.14,7.92,2.40,0.00,0.00,8.74,1.89,6.89,4.10,1.15,4.86,22.18,20.27,18.34,6.42,3.84,4.30
33.30,33.3,02/06/2025 16:33:10,-6.301,4.100,,15.9,865073.0,590996.0,992189.94,192.63,1487.48,1370.25,384.67,2873.07,167.32,95.90,60.89,348.86,34.53,88.18,62.63,643.50,51.69,11.16,13.73,107.25,42.47,55.46,25.30,11.23,2.41,1876.07,167.24,3.27,0.42,66.56,8.08,8.67,2.01,0.00,0.00,7.68,1.60,4.51,3.04,0.93,3.64,24.50,18.25,17.39,6.01,3.02,3.83,14306.08,319.43,2466.65,2589.04,726.82,6146.45,357.94,219.73,139.53,871.06,86.23,106.22,75.44,900.39,72.32,18.63,22.91,191.47,75.81,81.06,36.98,16.14,3.47,2682.30,239.12,4.16,0.53,83.31,10.11,10.79,2.50,0.00,0.00,9.08,1.89,6.09,4.11,1.24,4.85,27.35,20.38,18.73,6.48,3.42,4.34
33.40,33.4,02/06/2025 16:33:42,-6.148,4.960,,15.8,866386.0,591971.0,992349.41,322.04,1490.44,1385.62,387.93,2837.18,165.96,29.13,49.70,284.91,34.79,62.75,55.03,643.39,51.79,20.09,13.67,117.64,42.39,69.44,27.63,18.41,3.82,1768.85,157.18,2.97,0.41,35.06,2.69,6.01,1.93,0.01,0.14,5.69,1.38,1.89,3.04,2.44,3.65,16.93,18.08,17.83,6.04,2.30,3.78,13984.65,534.03,2471.57,2618.07,732.97,6069.67,355.05,66.76,113.88,711.39,86.87,75.58,66.29,900.24,72.47,33.51,22.81,210.01,75.67,101.49,40.38,26.46,5.49,2529.00,224.72,3.79,0.52,43.89,3.36,7.48,2.41,0.02,0.18,6.73,1.63,2.56,4.11,3.26,4.87,18.90,20.19,19.20,6.51,2.61,4.29
33.50,33.5,02/06/2025 16:34:23,-6.160,5.224,,15.8,864625.0,593110.0,992541.10,421.02,1526.79,1224.97,369.29,2678.05,160.14,33.44,26.85,367.21,34.51,31.30,38.79,651.35,51.98,30.77,14.41,72.96,42.08,67.00,27.34,20.28,4.22,1762.40,156.65,3.54,0.43,47.72,4.52,7.48,1.96,0.00,0.00,7.33,1.57,6.15,3.03,0.76,3.60,7.27,18.26,13.37,5.96,4.53,3.89,13632.16,698.16,2531.84,2314.54,697.76,5729.25,342.60,76.62,61.52,916.88,86.18,37.71,46.73,911.37,72.73,51.34,24.05,130.25,75.13,97.92,39.96,29.14,6.06,2519.78,223.97,4.51,0.55,59.74,5.66,9.31,2.44,0.00,0.00,8.66,1.85,8.31,4.10,1.01,4.80,8.12,20.39,14.40,6.42,5.14,4.42
33.60,33.6,02/06/2025 16:34:55,-6.611,4.625,1181353.384,15.8,870073.0,592311.0,992065.50,467.43,1476.26,1304.27,376.58,2946.72,170.39,10.19,49.49,361.85,34.81,10.51,24.98,655.04,52.42,27.72,13.83,81.15,42.38,38.38,22.88,4.05,0.90,1929.34,172.36,3.16,0.41,46.46,4.30,6.09,1.92,0.00,0.00,7.30,1.56,4.44,3.05,1.85,3.68,9.17,18.35,16.63,6.00,2.74,3.76,14529.21,775.14,2448.05,2464.37,711.54,6304.03,364.51,23.36,113.40,903.50,86.91,12.67,30.09,916.54,73.35,46.26,23.08,144.87,75.66,56.10,33.44,5.82,1.30,2758.46,246.43,4.02,0.53,58.16,5.38,7.59,2.39,0.00,0.00,8.63,1.84,6.00,4.12,2.46,4.90,10.23,20.49,17.91,6.46,3.11,4.26
33.70,33.7,02/06/2025 16:35:26,-5.918,2.777,,15.8,871574.0,591853.0,991765.69,287.88,1469.14,1270.02,370.62,3284.58,182.30,42.13,50.45,308.02,34.97,8.21,24.85,693.36,52.84,13.18,13.77,103.87,42.29,73.05,28.40,92.37,16.43,1921.15,171.45,3.53,0.43,42.54,3.67,7.26,1.88,0.03,0.14,4.33,1.23,7.04,3.10,2.55,3.73,51.83,33.61,13.73,6.00,3.65,3.89,15104.84,477.38,2436.24,2399.66,700.27,7026.81,390.00,96.53,115.59,769.10,87.33,9.89,29.93,970.16,73.93,22.00,22.98,185.43,75.50,106.77,41.51,132.72,23.61,2746.75,245.13,4.50,0.54,53.25,4.60,9.03,2.35,0.04,0.18,5.12,1.46,9.51,4.19,3.39,4.97,57.87,37.53,14.79,6.46,4.14,4.42
33.80,33.8,02/06/2025 16:35:57,-4.298,3.173,,15.8,871664.0,592315.0,991654.64,423.02,1513.45,1245.10,375.11,3262.69,182.10,104.68,65.66,394.56,34.76,8.49,25.10,743.12,53.13,55.24,21.02,87.70,42.51,43.33,23.62,18.73,3.94,1854.27,165.28,3.23,0.41,49.35,4.76,7.17,1.94,0.00,0.00,4.42,1.22,6.38,3.07,2.40,3.67,9.81,18.40,17.98,6.15,3.71,3.89,15425.54,701.48,2509.72,2352.58,708.76,6979.98,389.57,239.85,150.45,985.18,86.79,10.23,30.23,1039.78,74.34,92.16,35.07,156.56,75.88,63.32,34.52,26.92,5.66,2651.13,236.30,4.11,0.53,61.78,5.96,8.92,2.42,0.00,0.00,5.23,1.44,8.62,4.15,3.20,4.90,10.95,20.54,19.37,6.62,4.21,4.42
33.90,33.9,02/06/2025 16:36:29,-5.581,3.570,,15.8,871070.0,593392.0,992030.19,183.47,1512.84,1343.22,385.31,3187.69,179.58,131.02,78.83,355.76,35.31,7.73,24.96,703.34,52.65,27.92,13.95,52.40,42.34,45.66,23.93,30.10,6.07,1811.53,161.25,2.99,0.41,42.05,3.63,7.51,2.00,0.00,0.00,6.11,1.46,3.03,3.05,1.45,3.66,5.82,18.48,17.64,6.02,3.34,3.82,14792.18,304.25,2508.70,2537.97,728.02,6819.53,384.18,300.22,180.63,888.30,88.17,9.31,30.07,984.12,73.66,46.58,23.28,93.54,75.59,66.74,34.98,43.25,8.72,2590.02,230.55,3.81,0.52,52.64,4.55,9.35,2.48,0.00,0.00,7.23,1.72,4.09,4.12,1.94,4.88,6.50,20.64,19.00,6.49,3.79,4.33
34.00,34.0,02/06/2025 16:37:11,-5.217,2.909,,15.8,871951.0,595753.0,991260.09,358.81,1485.21,1464.76,401.14,3426.67,189.40,27.49,50.36,435.56,34.84,71.98,59.21,718.30,52.84,16.09,13.87,48.57,42.47,49.90,24.65,74.46,20.10,1926.47,172.07,3.48,0.43,61.38,6.95,6.94,1.92,0.00,0.00,3.76,1.21,4.06,3.10,3.09,3.74,19.33,18.56,15.64,6.02,3.19,3.88,16129.51,595.01,2462.89,2767.61,757.94,7330.78,405.18,62.99,115.40,1087.55,86.99,86.71,71.32,1005.05,73.94,26.85,23.15,86.70,75.82,72.93,36.03,106.98,28.88,2754.36,246.02,4.43,0.55,76.83,8.70,8.63,2.39,0.00,0.00,4.44,1.43,5.48,4.18,4.12,4.99,21.58,20.72,16.85,6.49,3.62,4.40
34.10,34.1,02/06/2025 16:37:42,-7.293,4.300,1181352.789,15.8,871428.0,594688.0,991348.76,246.24,1534.45,1365.44,386.90,3572.93,192.24,114.82,70.38,293.02,35.30,49.89,50.05,718.79,53.00,24.02,13.87,76.33,42.45,55.01,25.42,81.37,20.42,1918.09,171.29,3.60,0.44,77.28,10.49,6.15,1.88,0.02,0.14,8.19,1.63,1.62,3.09,1.88,3.76,12.68,18.40,20.23,6.10,3.65,3.90,15972.04,408.33,2544.55,2579.95,731.03,7643.70,411.27,263.09,161.27,731.65,88.14,60.10,60.29,1005.74,74.16,40.07,23.14,136.26,75.77,80.40,37.15,116.91,29.34,2742.38,244.90,4.58,0.56,96.74,13.13,7.65,2.33,0.03,0.18,9.68,1.93,2.18,4.17,2.51,5.01,14.16,20.55,21.80,6.57,4.14,4.42
34.20,34.2,02/06/2025 16:38:13,-5.322,4.034,,15.8,876210.0,598425.0,991561.35,281.61,1495.65,1413.57,392.33,3307.44,183.98,63.17,44.66,334.03,35.39,48.51,49.74,729.93,53.06,26.85,13.99,65.81,42.58,44.57,23.90,71.23,20.06,1935.32,172.98,3.48,0.44,57.81,6.27,6.84,1.99,0.00,0.00,7.12,1.58,3.24,3.04,1.51,3.72,14.93,18.54,18.12,6.09,3.55,3.84,15509.28,466.99,2480.21,2670.89,741.29,7075.72,393.61,144.75,102.32,834.04,88.36,58.44,59.92,1021.32,74.24,44.80,23.34,117.49,76.01,65.14,34.93,102.35,28.83,2767.01,247.32,4.43,0.56,72.36,7.84,8.51,2.47,0.00,0.00,8.42,1.87,4.38,4.11,2.02,4.96,16.67,20.70,19.52,6.56,4.02,4.36
34.30,34.3,02/06/2025 16:38:45,-3.847,4.168,,15.8,879571.0,601777.0,990984.97,932.99,1497.71,1610.64,417.57,3157.12,178.66,0.56,0.58,306.19,35.47,10.93,25.17,681.93,53.07,16.66,13.93,105.26,42.91,60.54,26.29,26.37,5.39,1949.22,174.22,3.65,0.45,96.46,15.62,6.38,1.97,0.22,0.14,6.49,1.51,3.92,3.06,3.35,3.75,21.08,18.42,10.88,5.59,4.19,4.00,16397.70,1547.15,2483.61,3043.24,788.98,6754.13,382.21,1.27,1.32,764.53,88.58,13.17,30.32,954.16,74.25,27.81,23.23,187.91,76.60,88.49,38.42,37.89,7.74,2786.89,249.08,4.65,0.57,120.75,19.56,7.94,2.46,0.30,0.18,7.67,1.78,5.29,4.14,4.47,5.00,23.53,20.57,11.72,6.02,4.76,4.54
34.40,34.4,02/06/2025 16:39:17,-7.309,4.493,,15.8,879142.0,602401.0,991660.19,412.95,1493.30,1290.75,378.78,3327.77,185.16,42.77,33.26,344.69,35.25,47.03,49.15,711.71,52.85,42.45,17.91,91.76,42.64,53.08,25.16,15.94,3.41,1796.30,159.94,3.47,0.43,99.07,16.46,7.25,1.94,0.10,0.14,5.27,1.35,4.71,3.12,2.40,3.76,21.06,18.45,15.47,5.78,3.82,3.91,15355.21,684.78,2476.30,2438.82,715.70,7119.21,396.12,97.99,76.21,860.66,88.03,56.66,59.21,995.82,73.95,70.84,29.88,163.80,76.13,77.57,36.78,22.90,4.89,2568.25,228.68,4.42,0.55,124.02,20.61,9.02,2.41,0.13,0.18,6.23,1.60,6.36,4.21,3.20,5.01,23.51,20.60,16.66,6.23,4.34,4.44
34.50,34.5,02/06/2025 16:39:58,-4.395,4.498,,15.8,876477.0,599541.0,991572.70,394.19,1438.51,1527.63,401.05,3198.61,179.44,125.68,76.35,371.83,34.83,63.82,56.30,640.02,52.50,11.45,13.87,121.82,43.04,61.93,26.51,36.52,7.24,1751.22,155.62,3.46,0.44,61.17,6.95,6.73,1.93,0.00,0.00,6.00,1.43,1.79,3.08,2.77,3.73,21.80,18.38,15.07,6.09,3.79,3.88,15602.56,653.68,2385.44,2886.40,757.76,6842.90,383.88,287.97,174.96,928.42,86.98,76.87,67.82,895.52,73.46,19.10,23.14,217.47,76.84,90.52,38.75,52.48,10.41,2503.79,222.49,4.40,0.56,76.57,8.71,8.37,2.40,0.00,0.00,7.10,1.69,2.42,4.16,3.70,4.97,24.34,20.52,16.23,6.56,4.30,4.40
34.60,34.6,02/06/2025 16:40:30,-5.438,3.837,1181353.450,15.8,869784.0,597074.0,991733.82,317.63,1563.15,1289.84,380.43,3272.97,182.83,36.31,28.98,387.73,34.77,82.09,62.10,720.19,52.92,20.28,13.86,96.18,42.54,77.96,29.41,83.82,14.96,1750.29,155.30,3.56,0.44,71.14,9.09,6.76,1.96,0.00,0.00,7.65,1.61,3.00,3.07,2.30,3.74,16.01,18.29,16.84,6.01,3.63,3.87,15224.38,526.71,2592.14,2437.10,718.82,7001.99,391.14,83.21,66.41,968.11,86.82,98.89,74.81,1007.69,74.05,33.83,23.12,171.71,75.93,113.95,42.99,120.43,21.50,2502.46,222.04,4.53,0.56,89.06,11.38,8.41,2.44,0.00,0.00,9.05,1.90,4.05,4.15,3.07,4.99,17.88,20.42,18.14,6.47,4.12,4.39
34.70,34.7,02/06/2025 16:41:02,-5.800,3.967,,15.8,871350.0,594694.0,992153.31,306.00,1495.66,1213.04,366.45,3217.48,179.43,71.81,48.93,381.37,35.03,14.02,25.12,671.10,52.67,17.01,13.80,70.97,42.53,40.84,23.29,6.17,1.36,1721.19,152.84,3.27,0.42,65.89,7.98,6.74,1.97,0.03,0.14,7.97,1.63,4.47,3.02,2.47,3.67,5.98,18.44,15.58,5.87,3.30,3.80,14580.88,507.43,2480.22,2292.00,692.39,6883.27,383.87,164.55,112.12,952.23,87.48,16.89,30.26,939.01,73.70,28.38,23.02,126.69,75.93,59.69,34.04,8.86,1.96,2460.86,218.53,4.16,0.54,82.48,9.98,8.38,2.45,0.04,0.18,9.43,1.92,6.04,4.08,3.29,4.90,6.68,20.59,16.78,6.32,3.74,4.31
34.80,34.8,02/06/2025 16:41:34,-6.969,4.034,,15.8,869384.0,593496.0,992048.72,237.70,1540.16,1257.00,376.75,3072.28,175.11,5.35,5.30,338.75,35.05,13.11,24.97,711.64,52.62,28.41,13.79,57.80,42.02,59.42,26.08,76.84,20.05,1972.29,176.37,3.35,0.42,58.80,6.46,8.83,1.96,0.00,0.00,11.00,1.89,6.19,3.06,2.32,3.70,8.80,18.33,15.95,5.99,5.46,3.93,14525.70,394.17,2554.02,2375.05,711.86,6572.64,374.61,12.26,12.15,845.83,87.51,15.79,30.08,995.74,73.62,47.40,23.01,103.19,75.01,86.85,38.12,110.41,28.81,2819.87,252.17,4.26,0.53,73.60,8.08,10.99,2.44,0.00,0.00,13.00,2.24,8.37,4.14,3.09,4.94,9.83,20.46,17.18,6.45,6.19,4.46
34.90,34.9,02/06/2025 16:42:06,-5.464,4.559,,15.8,868242.0,593232.0,991717.02,187.02,1506.58,1390.94,393.24,3383.04,186.80,30.60,49.91,336.48,35.17,9.30,24.99,726.23,53.03,27.83,13.88,43.94,42.11,64.25,26.91,28.93,5.82,1948.72,174.01,3.45,0.44,50.80,5.00,7.84,1.96,0.00,0.00,8.31,1.68,6.44,3.05,1.54,3.69,9.47,18.41,15.36,6.01,2.48,3.82,15288.12,310.13,2498.32,2628.13,743.00,7237.46,399.63,70.11,114.36,840.16,87.82,11.20,30.10,1016.15,74.20,46.43,23.17,78.43,75.18,93.91,39.33,41.57,8.36,2786.18,248.79,4.39,0.56,63.59,6.26,9.76,2.45,0.00,0.00,9.83,1.99,8.70,4.12,2.05,4.93,10.57,20.55,16.55,6.48,2.82,4.33
35.00,35.0,02/06/2025 16:42:47,-5.499,3.902,,15.9,865613.0,591350.0,992416.39,307.91,1512.51,1043.95,349.65,3118.06,176.71,66.39,46.04,344.06,34.73,68.41,57.21,661.37,51.96,22.96,13.74,67.43,41.98,57.97,25.72,11.81,2.53,1698.10,150.59,3.32,0.43,49.31,4.79,8.39,1.95,0.08,0.13,11.13,1.87,7.35,3.08,2.05,3.65,16.01,18.24,13.33,5.73,4.23,3.72,14000.26,510.60,2508.15,1972.51,660.65,6670.58,378.03,152.13,105.50,859.08,86.71,82.41,68.92,925.39,72.70,38.30,22.92,120.37,74.94,84.72,37.59,16.97,3.64,2427.85,215.31,4.22,0.54,61.73,6.00,10.44,2.43,0.10,0.18,13.16,2.21,9.93,4.16,2.73,4.87,17.87,20.37,14.36,6.17,4.80,4.22
35.10,35.1,02/06/2025 16:43:19,-5.817,5.027,1181353.118,15.9,866153.0,592537.0,991798.23,624.74,1475.70,1254.06,372.37,3170.36,179.46,35.28,50.70,348.01,35.13,14.83,25.04,697.96,52.64,51.47,20.17,56.78,42.07,46.70,24.04,1.17,0.26,1770.95,157.41,3.20,0.42,69.77,8.81,7.38,1.99,0.00,0.00,12.30,1.97,3.73,3.04,2.90,3.64,5.38,18.37,19.71,6.05,5.07,3.89,15078.44,1036.00,2447.11,2369.50,703.59,6782.46,383.93,80.85,116.18,868.94,87.71,17.87,30.17,976.59,73.66,85.87,33.66,101.36,75.11,68.26,35.14,1.68,0.38,2532.00,225.05,4.07,0.54,87.33,11.03,9.19,2.47,0.00,0.00,14.55,2.33,5.04,4.11,3.87,4.86,6.01,20.51,21.23,6.51,5.76,4.41
35.20,35.2,02/06/2025 16:43:51,-5.704,4.827,,15.8,868809.0,592237.0,990858.24,151.69,1485.31,1662.77,421.50,3992.72,207.72,44.09,50.91,278.96,35.16,33.31,40.26,749.26,53.38,20.60,13.88,50.53,42.21,72.48,28.46,63.70,11.82,1888.08,168.32,3.70,0.44,72.61,9.37,7.43,1.96,0.11,0.14,8.54,1.69,6.62,3.09,3.30,3.73,12.65,18.41,15.96,5.86,2.65,3.90,17005.38,251.55,2463.06,3141.75,796.42,8541.77,444.38,101.02,116.65,696.55,87.80,40.12,48.49,1048.37,74.70,34.36,23.15,90.20,75.34,105.93,41.60,91.52,16.98,2699.47,240.65,4.71,0.56,90.90,11.73,9.25,2.44,0.14,0.18,10.10,2.00,8.95,4.17,4.40,4.97,14.12,20.55,17.19,6.31,3.01,4.43
35.30,35.3,02/06/2025 16:44:23,-5.560,5.687,,15.8,870718.0,594001.0,990478.43,364.92,1472.05,1691.91,424.58,4097.68,211.36,42.27,51.11,344.21,35.17,149.83,75.49,682.62,52.73,36.34,16.25,49.26,42.36,55.91,25.61,25.75,5.27,1853.05,165.04,3.19,0.43,64.03,7.49,7.54,1.98,0.00,0.00,7.29,1.57,3.10,3.07,4.48,3.69,16.61,18.52,17.65,6.22,3.95,3.91,17731.25,605.14,2441.07,3196.80,802.24,8766.32,452.17,96.86,117.11,859.45,87.81,180.48,90.93,955.12,73.78,60.64,27.11,87.93,75.62,81.71,37.43,37.00,7.57,2649.38,235.96,4.05,0.54,80.15,9.37,9.39,2.46,0.00,0.00,8.62,1.86,4.18,4.15,5.98,4.92,18.55,20.68,19.01,6.70,4.48,4.44
35.40,35.4,02/06/2025 16:44:55,-5.585,5.426,,15.8,872071.0,596166.0,991080.12,248.97,1507.13,1554.30,411.88,3559.66,193.09,55.82,40.73,447.05,35.05,11.80,25.18,749.05,53.59,43.82,18.37,101.09,42.93,51.03,24.87,80.32,20.42,1886.71,168.30,3.55,0.44,73.49,9.58,7.80,1.97,0.00,0.00,9.27,1.77,1.66,3.12,3.37,3.77,6.82,18.47,20.98,6.04,3.31,3.89,16570.36,412.86,2499.24,2936.80,778.23,7615.30,413.09,127.90,93.32,1116.24,87.51,14.22,30.33,1048.07,74.99,73.12,30.65,180.46,76.63,74.58,36.34,115.41,29.34,2697.51,240.63,4.52,0.56,92.00,11.99,9.71,2.45,0.00,0.00,10.97,2.09,2.25,4.21,4.49,5.03,7.62,20.63,22.60,6.51,3.76,4.41
35.50,35.5,02/06/2025 16:45:36,-5.974,5.690,,15.8,869616.0,596311.0,991531.36,679.00,1523.40,1261.33,374.78,3403.46,187.52,35.64,28.56,320.26,35.08,13.71,25.04,623.45,51.84,21.17,13.79,93.23,42.57,84.18,30.78,81.28,20.25,1720.33,152.69,3.58,0.43,62.28,7.18,8.41,1.96,0.00,0.00,10.21,1.82,1.83,3.03,2.27,3.70,17.88,18.35,21.33,6.14,3.81,3.82,15619.54,1125.97,2526.21,2383.23,708.14,7281.15,401.16,81.66,65.45,799.67,87.60,16.52,30.16,872.34,72.54,35.32,23.01,166.43,75.99,123.03,44.98,116.78,29.10,2459.63,218.30,4.55,0.55,77.95,8.99,10.46,2.43,0.00,0.00,12.08,2.16,2.48,4.10,3.03,4.93,19.97,20.49,22.98,6.62,4.32,4.33
35.60,35.6,02/06/2025 16:46:08,-5.680,5.488,1181353.782,15.8,874838.0,596439.0,992199.49,184.06,1541.90,1143.81,359.05,3228.89,179.83,67.47,46.41,440.35,34.59,10.15,25.04,667.31,52.43,52.81,20.69,56.47,42.31,60.33,26.26,33.16,6.67,1750.07,155.58,3.28,0.42,49.26,4.77,6.81,1.96,0.00,0.00,7.66,1.60,3.03,3.04,1.84,3.70,9.35,18.45,20.29,6.05,4.10,3.81,14527.89,305.22,2556.90,2161.19,678.41,6907.67,384.71,154.59,106.34,1099.50,86.37,12.23,30.16,933.70,73.36,88.12,34.52,100.80,75.53,88.18,38.38,47.64,9.59,2502.16,222.44,4.17,0.54,61.67,5.97,8.48,2.44,0.00,0.00,9.05,1.89,4.10,4.11,2.46,4.94,10.44,20.61,21.86,6.52,4.65,4.32
35.70,35.7,02/06/2025 16:46:40,-5.887,5.422,,15.8,883179.0,599094.0,991345.49,384.29,1489.60,1230.73,374.93,3554.17,194.25,92.22,60.25,394.27,35.38,36.54,43.11,702.47,53.25,18.82,14.03,92.97,43.27,56.66,25.89,80.37,20.60,1894.26,169.22,3.40,0.43,52.01,5.20,7.08,1.96,0.00,0.00,8.21,1.65,4.15,3.05,2.45,3.74,16.06,18.66,19.47,6.14,3.88,3.83,16033.06,637.27,2470.17,2325.42,708.41,7603.57,415.56,211.31,138.06,984.45,88.34,44.02,51.93,982.90,74.51,31.40,23.41,165.96,77.25,82.81,37.85,115.49,29.59,2708.31,241.95,4.33,0.55,65.10,6.51,8.82,2.44,0.00,0.00,9.71,1.96,5.61,4.12,3.27,4.99,17.93,20.83,20.98,6.61,4.41,4.35
35.80,35.8,02/06/2025 16:47:11,-4.380,6.015,,15.8,889117.0,601108.0,990928.66,394.94,1455.99,1509.62,403.08,3376.18,187.05,114.70,71.38,341.10,35.79,116.79,70.82,810.19,54.48,16.20,14.14,92.58,43.51,65.70,27.52,23.72,4.97,2069.13,185.70,3.29,0.43,69.40,8.61,8.75,1.96,0.00,0.00,13.89,2.10,2.95,3.10,1.41,3.77,18.10,18.77,18.55,6.19,4.16,3.89,16568.76,654.92,2414.44,2852.38,761.60,7222.78,400.16,262.81,163.55,851.70,89.35,140.68,85.31,1133.62,76.23,27.04,23.60,165.27,77.67,96.02,40.22,34.09,7.14,2958.33,265.51,4.19,0.55,86.87,10.77,10.89,2.44,0.00,0.00,16.42,2.49,3.99,4.19,1.87,5.03,20.21,20.96,19.98,6.66,4.72,4.42
35.90,35.9,02/06/2025 16:47:43,-5.431,6.413,,15.7,890774.0,604206.0,991098.92,316.06,1513.35,1334.46,388.20,3698.95,199.53,43.79,51.85,346.42,35.80,10.96,25.54,738.80,53.91,77.25,25.76,65.13,42.98,59.93,26.49,6.43,1.43,2097.51,188.28,3.06,0.42,47.71,4.46,7.64,1.95,0.03,0.14,8.92,1.74,3.09,3.14,0.80,3.78,12.09,18.74,16.34,6.05,5.72,3.90,16438.50,524.11,2509.55,2521.41,733.49,7913.28,426.86,100.34,118.80,864.98,89.40,13.20,30.77,1033.74,75.43,128.89,42.98,116.27,76.72,87.59,38.71,9.24,2.05,2998.90,269.19,3.89,0.54,59.72,5.59,9.51,2.43,0.04,0.18,10.55,2.06,4.17,4.24,1.06,5.05,13.50,20.93,17.61,6.52,6.49,4.43
36.00,36.0,02/06/2025 16:48:25,-5.489,7.075,,15.7,894573.0,601623.0,990368.96,341.33,1552.09,1545.15,418.81,4230.42,218.25,77.91,53.16,356.27,36.08,91.10,65.60,751.73,54.54,12.34,14.26,61.08,43.37,70.91,28.51,43.26,8.51,1927.77,172.28,3.50,0.43,50.85,4.98,8.32,2.01,0.00,0.00,10.57,1.87,8.46,3.14,2.28,3.78,14.68,18.86,19.71,6.19,3.40,3.89,17964.01,566.02,2573.79,2919.50,791.32,9050.28,466.91,178.52,121.81,889.56,90.09,109.74,79.03,1051.82,76.31,20.59,23.79,109.04,77.42,103.64,41.67,62.16,12.23,2756.22,246.32,4.46,0.55,63.66,6.23,10.36,2.50,0.00,0.00,12.49,2.21,11.43,4.24,3.04,5.03,16.39,21.06,21.23,6.67,3.85,4.41
36.10,36.1,02/06/2025 16:48:56,-5.173,7.539,1181352.852,15.7,896973.0,600581.0,990941.64,332.18,1574.64,1366.26,399.23,3822.89,204.82,14.96,14.14,485.28,35.99,59.91,56.25,713.66,54.06,16.15,14.11,91.09,43.42,60.66,26.66,78.26,20.58,1890.43,168.90,3.75,0.44,46.39,4.26,8.06,2.00,0.04,0.14,13.08,2.07,7.77,3.11,1.66,3.74,23.84,18.78,18.12,6.01,3.92,3.92,16872.66,550.85,2611.19,2581.50,754.32,8178.44,438.18,34.27,32.39,1211.69,89.86,72.17,67.75,998.55,75.64,26.95,23.54,162.61,77.52,88.66,38.97,112.45,29.57,2702.83,241.48,4.77,0.57,58.07,5.33,10.04,2.49,0.05,0.18,15.47,2.44,10.50,4.20,2.22,4.99,26.62,20.96,19.52,6.47,4.44,4.44
36.20,36.2,02/06/2025 16:49:28,-5.413,7.080,,15.8,890053.0,588445.0,991861.25,200.34,1552.68,1324.32,395.29,3231.26,184.14,104.41,67.05,400.65,35.71,72.05,60.00,688.38,53.06,20.21,14.05,74.21,42.99,58.16,26.13,75.83,20.35,1722.93,153.27,3.21,0.42,88.47,13.46,6.78,1.98,0.17,0.14,16.43,2.26,6.95,3.06,2.07,3.61,26.37,18.70,11.57,5.64,3.98,3.84,15061.82,332.21,2574.78,2502.26,746.89,6912.76,393.95,239.24,153.65,1000.38,89.16,86.79,72.27,963.18,74.25,33.72,23.45,132.48,76.74,85.00,38.20,108.96,29.23,2463.34,219.14,4.08,0.54,110.75,16.85,8.44,2.46,0.22,0.18,19.43,2.67,9.38,4.13,2.77,4.81,29.44,20.88,12.46,6.07,4.52,4.35
36.30,36.3,02/06/2025 16:50:00,-5.417,6.418,,15.9,881884.0,582593.0,990328.20,992.59,1523.64,1528.23,409.21,3889.37,205.85,55.46,40.74,411.98,35.81,52.23,51.98,695.43,53.43,25.95,14.07,36.02,42.59,60.95,26.62,81.38,20.61,1713.80,152.26,3.04,0.41,51.35,5.09,6.71,1.98,0.00,0.00,19.18,2.35,8.97,3.05,0.98,3.55,13.09,18.67,21.01,6.11,4.08,3.78,17964.30,1645.99,2526.62,2887.53,773.18,8320.66,440.38,127.09,93.35,1028.69,89.41,62.92,62.61,973.05,74.76,43.29,23.47,64.31,76.03,89.09,38.91,116.93,29.62,2450.30,217.70,3.86,0.53,64.28,6.38,8.35,2.47,0.00,0.00,22.68,2.78,12.11,4.12,1.30,4.74,14.62,20.84,22.63,6.58,4.63,4.29
36.40,36.4,02/06/2025 16:50:32,-5.361,6.287,,15.8,885194.0,588861.0,990446.49,438.07,1519.08,1604.12,421.24,3876.37,205.45,84.34,56.55,473.47,35.36,99.82,67.68,741.18,54.27,21.00,14.12,94.94,43.20,66.82,27.66,77.92,20.45,1811.76,161.27,3.30,0.43,46.64,4.29,8.02,1.99,0.00,0.00,17.36,2.28,7.38,3.07,1.07,3.64,60.36,39.24,16.85,6.07,2.71,3.79,17780.62,726.44,2519.05,3030.93,795.92,8292.86,439.53,193.26,129.57,1182.21,88.29,120.24,81.53,1037.06,75.94,35.03,23.57,169.49,77.11,97.66,40.42,111.95,29.39,2590.36,230.58,4.20,0.55,58.39,5.37,9.99,2.47,0.00,0.00,20.53,2.69,9.97,4.15,1.42,4.85,67.39,43.81,18.15,6.53,3.08,4.30
36.50,36.5,02/06/2025 16:51:13,-4.069,7.406,,15.8,884545.0,594818.0,990980.21,338.85,1577.75,1281.69,385.60,3685.06,199.14,5.42,5.42,411.51,35.64,103.33,68.10,789.02,54.01,95.48,28.73,104.10,43.53,37.51,23.13,80.20,20.58,1950.28,174.37,3.19,0.42,75.77,10.08,8.43,1.97,0.13,0.14,16.10,2.21,7.10,3.10,3.31,3.69,0.25,18.75,17.70,5.84,5.35,3.79,16607.22,561.90,2616.35,2421.71,728.57,7883.57,426.03,12.43,12.41,1027.49,89.00,124.48,82.04,1104.00,75.57,159.32,47.93,185.84,77.71,54.83,33.81,115.24,29.58,2788.40,249.31,4.06,0.54,94.85,12.62,10.50,2.45,0.17,0.18,19.04,2.61,9.59,4.19,4.41,4.93,0.28,20.94,19.07,6.29,6.06,4.30
36.60,36.6,02/06/2025 16:51:45,-6.871,8.333,1181352.917,15.8,883187.0,591426.0,989721.38,513.41,1496.63,1611.11,419.25,4444.91,225.15,111.98,70.56,528.27,35.41,148.23,76.99,771.77,54.46,31.65,14.93,66.74,43.33,51.91,25.25,1.56,0.35,1887.74,168.47,2.83,0.41,46.41,4.25,6.40,1.96,0.10,0.14,13.19,2.04,7.33,3.08,1.74,3.69,10.26,18.84,17.85,5.88,3.23,3.89,19319.72,851.37,2481.82,3044.13,792.15,9509.15,481.68,256.58,161.67,1319.05,88.43,178.56,92.74,1079.87,76.21,52.81,24.91,119.15,77.35,75.87,36.91,2.23,0.51,2698.99,240.87,3.60,0.52,58.10,5.32,7.97,2.44,0.13,0.18,15.60,2.41,9.90,4.16,2.32,4.92,11.45,21.04,19.23,6.33,3.66,4.41
36.70,36.7,02/06/2025 16:52:17,-5.663,5.363,,15.9,877293.0,586570.0,990652.13,564.62,1522.62,1558.26,412.12,3968.98,208.00,25.02,21.59,284.68,35.76,84.26,62.72,763.54,53.71,27.39,14.08,88.20,43.05,51.19,24.87,11.45,2.47,1804.75,160.59,3.71,0.44,46.82,4.33,7.65,1.97,0.00,0.00,12.15,1.94,6.44,3.03,3.49,3.63,16.88,18.59,14.05,5.84,4.34,3.72,17323.77,936.29,2524.92,2944.28,778.69,8490.99,444.98,57.33,49.46,710.81,89.29,101.50,75.55,1068.35,75.15,45.70,23.49,157.45,76.85,74.82,36.35,16.45,3.55,2580.32,229.61,4.72,0.56,58.60,5.42,9.52,2.45,0.00,0.00,14.37,2.30,8.69,4.09,4.66,4.85,18.85,20.76,15.14,6.29,4.93,4.22
36.80,36.8,02/06/2025 16:52:49,-6.439,10.582,,15.9,870448.0,582972.0,990331.74,386.13,1485.85,1576.64,414.61,4285.79,219.17,63.88,45.45,409.48,35.42,102.68,67.79,753.25,53.59,39.01,16.99,105.86,43.08,46.04,24.10,83.19,20.58,1707.29,151.42,2.94,0.41,37.76,3.01,6.74,2.00,0.00,0.00,17.40,2.26,10.06,3.10,0.98,3.60,10.95,18.50,17.68,5.86,4.49,3.84,18147.63,640.32,2463.95,2979.01,783.38,9168.73,468.88,146.37,104.15,1022.42,88.45,123.69,81.67,1053.96,74.99,65.09,28.34,188.98,76.91,67.29,35.22,119.54,29.57,2440.99,216.48,3.74,0.53,47.27,3.77,8.39,2.49,0.00,0.00,20.58,2.67,13.59,4.19,1.31,4.80,12.22,20.66,19.04,6.31,5.09,4.36
36.90,36.9,02/06/2025 16:53:20,-6.726,11.313,,15.9,865552.0,578856.0,988467.38,340.24,1543.11,1934.36,461.83,5393.77,256.41,47.63,36.27,483.73,34.99,154.53,77.19,899.99,55.15,67.84,23.68,102.38,43.18,57.72,26.07,76.07,20.39,1867.67,166.20,3.50,0.43,37.74,2.97,7.94,2.01,0.00,0.00,16.83,2.23,7.76,3.08,0.73,3.66,9.02,18.59,18.98,6.17,4.18,3.83,21808.70,564.21,2558.90,3654.91,872.60,11539.09,548.54,109.13,83.10,1207.83,87.36,186.15,92.98,1259.27,77.17,113.19,39.50,182.76,77.09,84.36,38.10,109.30,29.30,2670.29,237.63,4.45,0.55,47.25,3.71,9.88,2.51,0.00,0.00,19.90,2.64,10.49,4.15,0.98,4.88,10.07,20.76,20.44,6.64,4.74,4.35
37.00,37.0,03/06/2025 11:36:43,1.642,20.766,1181348.093,15.3,985925.0,641166.0,974428.88,395.22,1794.27,4420.15,827.76,13363.58,528.77,46.58,60.45,548.32,42.19,625.77,137.40,1683.93,70.40,250.48,47.33,134.38,50.80,90.50,34.72,93.67,17.95,3783.13,349.85,4.14,0.53,27.84,1.72,8.51,2.41,0.00,0.00,33.52,3.46,13.95,3.92,0.92,4.66,17.20,21.83,19.11,7.15,10.20,4.84,48677.47,655.39,2975.39,8351.71,1564.02,28589.18,1131.22,106.74,138.51,1369.09,105.35,753.81,165.51,2356.17,98.51,417.93,78.97,239.90,90.69,132.27,50.75,134.59,25.79,5408.90,500.19,5.27,0.68,34.84,2.16,10.59,2.99,0.00,0.00,39.64,4.09,18.84,5.30,1.23,6.22,19.20,24.37,20.59,7.70,11.57,5.49
37.10,37.1,03/06/2025 11:36:43,1.364,20.566,,15.4,985968.0,636626.0,974361.67,457.64,1738.41,4825.61,882.13,12389.29,496.27,87.01,63.13,656.82,41.76,582.53,133.86,1904.31,72.38,338.71,53.83,111.18,50.70,45.95,27.54,93.34,18.00,3980.20,369.04,4.55,0.54,58.74,5.72,9.52,2.32,0.01,0.17,41.67,3.83,19.36,3.97,1.47,4.62,0.00,0.00,24.71,7.50,5.72,4.67,48444.38,758.89,2882.76,9117.81,1666.75,26504.84,1061.68,199.36,144.64,1640.01,104.27,701.72,161.25,2664.53,101.27,565.14,89.81,198.47,90.51,67.15,40.25,134.11,25.87,5690.67,527.63,5.78,0.69,73.53,7.15,11.85,2.89,0.01,0.23,49.28,4.52,26.14,5.37,1.96,6.15,0.00,0.00,26.62,8.07,6.49,5.30
37.20,37.2,03/06/2025 11:36:43,2.028,23.673,,15.4,980546.0,632374.0,970260.23,410.92,1735.18,5448.50,972.03,15984.91,614.20,107.70,74.61,636.46,42.40,682.15,145.03,1708.12,71.45,274.81,49.35,152.01,51.74,60.19,29.71,110.94,20.88,3986.33,369.16,4.17,0.55,58.38,5.58,7.51,2.39,0.00,0.00,39.05,3.76,15.29,3.99,1.55,4.65,16.37,22.16,27.60,7.75,6.82,4.86,57109.98,681.42,2877.41,10294.74,1836.62,34197.07,1313.97,246.77,170.97,1589.18,105.86,821.72,174.71,2390.01,99.97,458.51,82.33,271.37,92.36,87.98,43.42,159.41,30.00,5699.43,527.80,5.30,0.70,73.08,6.99,9.35,2.98,0.00,0.00,46.18,4.44,20.65,5.39,2.07,6.21,18.28,24.74,29.73,8.35,7.73,5.52
37.30,37.3,03/06/2025 11:36:43,2.676,23.014,,15.4,981705.0,627569.0,970439.48,374.36,1779.01,4751.08,875.63,16619.43,635.91,26.06,25.59,651.83,42.26,690.60,145.57,1899.83,73.16,318.84,52.97,123.60,51.63,69.01,31.24,60.27,12.23,3848.34,355.71,4.37,0.55,23.29,1.32,11.62,2.52,0.17,0.17,41.76,3.83,18.21,3.93,1.71,4.62,1.33,22.34,18.69,7.10,6.13,4.73,56926.19,620.79,2950.09,8976.99,1654.47,35554.52,1360.42,59.71,58.63,1627.56,105.51,831.90,175.35,2658.25,102.36,531.99,88.37,220.66,92.17,100.87,45.65,86.60,17.57,5502.14,508.57,5.57,0.70,29.16,1.65,14.47,3.14,0.22,0.22,49.38,4.53,24.60,5.31,2.28,6.16,1.48,24.94,20.13,7.65,6.95,5.37
37.40,37.4,03/06/2025 11:36:43,2.178,23.543,,15.4,976988.0,622273.0,968640.93,383.54,1782.26,5983.43,1053.99,16869.72,644.07,57.76,47.39,608.53,42.56,858.32,164.17,1952.93,74.14,292.29,50.96,143.03,51.84,62.94,30.20,55.29,11.24,3962.17,366.48,4.08,0.55,16.68,0.85,9.16,2.49,0.00,0.00,40.72,3.84,20.07,4.03,1.51,4.67,6.65,22.27,22.18,7.62,8.06,4.97,60184.32,636.02,2955.48,11305.46,1991.48,36089.97,1377.87,132.36,108.58,1519.44,106.28,1033.93,197.76,2732.55,103.74,487.69,85.03,255.34,92.55,91.99,44.14,79.45,16.15,5664.88,523.97,5.19,0.70,20.88,1.07,11.41,3.10,0.00,0.00,48.16,4.55,27.12,5.45,2.02,6.23,7.42,24.87,23.90,8.20,9.14,5.64
37.50,37.5,03/06/2025 11:36:43,1.605,24.207,1181347.034,15.5,977878.0,613683.0,970581.67,442.66,1727.99,5216.43,939.95,15432.88,596.47,156.82,100.14,575.84,42.24,820.80,159.26,2016.09,73.94,288.61,50.43,160.17,51.79,95.28,35.91,100.83,19.06,3950.16,365.51,4.23,0.54,34.35,2.33,8.55,2.46,0.00,0.00,43.76,3.93,27.89,4.11,0.85,4.53,13.51,22.11,18.73,7.42,9.88,4.84,56108.61,734.06,2865.48,9856.26,1776.00,33016.10,1276.04,359.33,229.46,1437.81,105.46,988.74,191.85,2820.93,103.45,481.55,84.14,285.94,92.45,139.25,52.49,144.88,27.39,5647.72,522.58,5.38,0.69,43.00,2.91,10.64,3.06,0.00,0.00,51.75,4.65,37.68,5.55,1.14,6.05,15.08,24.69,20.17,8.00,11.21,5.49
37.60,37.6,03/06/2025 11:36:43,1.622,25.459,,15.5,976410.0,606636.0,966226.03,475.81,1766.26,5776.78,1022.60,19240.80,722.06,32.89,62.21,677.62,42.68,895.00,169.02,1987.99,74.78,312.57,52.93,116.92,52.42,76.44,32.78,86.97,16.77,3918.70,362.03,3.96,0.54,51.88,4.48,12.05,2.55,0.00,0.00,47.18,4.10,23.09,4.10,0.73,4.55,4.74,22.69,19.60,7.54,12.26,5.08,65276.49,789.03,2928.95,10915.00,1932.17,41162.52,1544.73,75.35,142.54,1691.96,106.58,1078.12,203.60,2781.61,104.63,521.51,88.32,208.72,93.59,111.72,47.92,124.96,24.09,5602.74,517.60,5.04,0.69,64.95,5.61,15.00,3.18,0.00,0.00,55.80,4.85,31.18,5.54,0.98,6.07,5.30,25.34,21.11,8.12,13.90,5.77
37.70,37.7,03/06/2025 11:36:43,1.837,26.852,,15.6,973008.0,600948.0,954645.81,396.89,1787.36,7833.03,1328.92,27784.13,1004.39,44.02,65.55,539.47,44.45,1536.94,250.07,2257.19,79.32,442.14,62.13,209.70,55.68,91.47,36.35,44.59,9.26,3997.66,368.28,3.76,0.56,36.49,2.44,10.59,2.67,0.00,0.00,52.17,4.46,28.36,4.38,0.52,4.80,10.77,23.53,20.10,7.98,14.19,5.38,88595.06,658.15,2963.93,14800.21,2510.95,59439.55,2148.73,100.87,150.20,1347.00,110.99,1851.41,301.24,3158.28,110.98,737.71,103.67,374.35,99.39,133.69,53.13,64.07,13.31,5715.63,526.55,4.78,0.71,45.67,3.05,13.19,3.33,0.00,0.00,61.69,5.28,38.31,5.92,0.70,6.40,12.03,26.27,21.65,8.60,16.10,6.11
37.80,37.8,03/06/2025 11:36:43,2.526,28.105,,15.6,970291.0,597026.0,949626.49,378.25,1802.39,8620.61,1447.73,31502.83,1127.41,37.29,66.41,644.89,44.45,1617.97,261.59,2516.50,82.83,518.46,67.16,217.22,56.59,99.72,38.36,84.80,16.33,3932.59,361.39,4.36,0.57,57.01,4.95,9.74,2.68,0.07,0.19,53.91,4.59,30.23,4.50,0.56,4.92,10.74,23.95,25.82,8.25,9.94,5.38,98865.00,627.24,2988.86,16288.32,2735.43,67395.11,2411.90,85.44,152.16,1610.22,110.99,1949.02,315.11,3521.11,115.90,865.04,112.05,387.77,101.03,145.74,56.07,121.84,23.47,5622.60,516.69,5.54,0.73,71.37,6.19,12.12,3.33,0.10,0.25,63.76,5.43,40.83,6.08,0.75,6.56,11.99,26.74,27.82,8.88,11.28,6.11
37.90,37.9,03/06/2025 11:36:43,2.925,28.307,,15.6,972399.0,596897.0,942913.52,389.12,1763.11,9765.96,1620.04,36753.79,1301.49,54.94,68.93,573.89,45.25,1871.04,296.16,2591.22,84.82,438.97,63.28,165.03,57.57,92.30,37.57,78.86,15.38,4102.78,377.26,4.51,0.62,41.24,2.86,11.17,2.84,0.00,0.00,62.95,5.06,30.56,4.63,0.26,5.09,18.49,24.71,26.56,8.72,12.84,5.68,112557.02,645.27,2923.72,18452.41,3061.00,78628.66,2784.32,125.89,157.94,1432.94,112.99,2253.86,356.76,3625.65,118.68,732.42,105.58,294.61,102.77,134.90,54.91,113.31,22.09,5865.92,539.39,5.74,0.78,51.63,3.58,13.90,3.54,0.00,0.00,74.45,5.99,41.28,6.25,0.35,6.78,20.65,27.58,28.61,9.40,14.56,6.44
38.00,38.0,03/06/2025 11:36:43,2.230,21.692,1181351.596,15.6,974463.0,596414.0,940142.27,368.98,1784.67,10313.63,1703.70,38479.16,1357.73,158.95,104.17,579.14,45.52,2021.57,316.76,2613.61,85.83,596.26,73.84,186.58,58.41,84.12,36.36,56.09,11.36,4181.52,384.55,4.13,0.59,59.18,5.11,10.94,2.90,0.00,0.00,59.21,4.94,29.14,4.70,1.67,5.18,4.75,25.06,35.85,8.90,13.25,5.70,118094.83,611.87,2959.48,19487.22,3219.08,82319.80,2904.65,364.22,238.69,1446.07,113.67,2435.19,381.58,3656.97,120.09,994.85,123.20,333.07,104.28,122.94,53.14,80.59,16.33,5978.50,549.81,5.25,0.76,74.09,6.39,13.62,3.61,0.00,0.00,70.02,5.85,39.36,6.35,2.23,6.91,5.31,27.98,38.62,9.59,15.03,6.47
38.10,38.1,03/06/2025 11:36:43,1.360,19.970,,15.6,974341.0,594290.0,938364.56,545.93,1730.88,10555.67,1739.36,39408.61,1387.70,43.07,69.22,550.63,45.54,2095.63,326.92,2903.00,88.56,560.71,71.80,174.74,58.56,104.18,40.14,88.43,16.88,4390.52,404.54,4.47,0.62,45.82,3.32,10.08,2.86,0.00,0.00,62.74,5.11,29.85,4.73,0.40,5.23,10.23,25.16,37.67,9.28,13.07,5.83,121279.52,905.31,2870.28,19944.54,3286.45,84308.22,2968.76,98.69,158.60,1374.88,113.70,2524.40,393.81,4061.89,123.92,935.54,119.79,311.94,104.54,152.26,58.67,127.06,24.26,6277.31,578.39,5.69,0.79,57.35,4.16,12.55,3.56,0.00,0.00,74.20,6.05,40.32,6.38,0.53,6.97,11.42,28.09,40.58,9.99,14.82,6.61
38.20,38.2,03/06/2025 11:36:43,1.159,27.844,,15.6,977402.0,593565.0,931986.81,616.71,1767.33,12002.84,1960.81,43921.92,1533.08,17.72,18.64,651.49,46.44,2592.41,396.23,2780.26,89.66,566.54,73.46,255.22,61.78,82.47,36.78,89.14,17.15,4239.16,389.30,4.89,0.64,49.23,3.67,12.27,3.01,0.00,0.00,57.66,4.99,35.93,4.91,0.96,5.37,0.00,0.00,25.35,9.09,11.00,5.99,134296.93,1022.67,2930.72,22678.93,3704.89,93963.70,3279.76,40.61,42.72,1626.72,115.95,3122.83,477.30,3890.15,125.45,945.27,122.57,455.62,110.29,120.54,53.76,128.07,24.64,6060.92,556.60,6.23,0.82,61.62,4.59,15.28,3.74,0.00,0.00,68.19,5.90,48.53,6.63,1.28,7.17,0.00,0.00,27.31,9.79,12.48,6.80
38.30,38.3,03/06/2025 11:36:43,1.513,27.907,,15.6,986715.0,596080.0,928839.32,1547.63,1854.54,12359.35,2018.26,44255.68,1545.45,7.78,8.86,561.99,47.39,2354.32,363.95,3358.98,95.19,621.25,77.35,260.05,62.82,93.34,39.13,166.31,30.12,5318.47,493.94,5.04,0.66,86.38,9.30,12.56,3.04,0.03,0.22,65.98,5.41,32.80,5.05,0.02,5.63,11.92,26.37,27.76,9.48,13.05,6.25,139344.44,2566.40,3075.33,23352.53,3813.43,94677.72,3306.24,17.82,20.30,1403.22,118.32,2836.02,438.42,4699.91,133.19,1036.55,129.06,464.24,112.15,136.42,57.19,238.97,43.27,7604.05,706.21,6.41,0.84,108.12,11.64,15.64,3.78,0.04,0.29,78.02,6.40,44.30,6.83,0.03,7.51,13.30,29.44,29.91,10.21,14.80,7.09
38.40,38.4,03/06/2025 11:36:43,1.389,25.924,,15.5,989113.0,598298.0,925357.82,364.10,1868.33,12810.21,2087.30,48588.42,1683.97,57.38,73.12,461.89,48.12,2618.09,400.49,3395.20,96.54,591.94,76.02,203.20,62.69,109.24,42.45,132.11,24.44,5056.83,468.03,5.55,0.69,77.45,7.62,12.84,3.05,0.00,0.00,64.74,5.38,34.40,5.14,1.97,5.69,15.83,26.76,28.48,9.49,12.31,6.30,147182.02,603.78,3098.20,24204.40,3943.87,103946.90,3602.57,131.47,167.55,1153.28,120.16,3153.77,482.43,4750.58,135.08,987.66,126.84,362.75,111.91,159.66,62.04,189.82,35.12,7229.97,669.16,7.06,0.87,96.96,9.54,15.99,3.80,0.00,0.00,76.56,6.37,46.47,6.95,2.63,7.58,17.67,29.88,30.68,10.23,13.97,7.15
38.50,38.5,03/06/2025 11:36:43,0.778,29.295,1181351.203,15.5,991443.0,597212.0,919281.96,714.37,1776.22,13825.90,2241.09,52912.99,1823.13,53.09,74.35,626.41,48.66,2820.40,429.98,3446.71,98.73,608.96,78.35,224.18,64.70,103.12,41.94,57.41,11.79,5083.91,470.08,5.38,0.69,65.49,5.62,13.94,3.16,0.07,0.22,66.36,5.52,35.76,5.23,3.12,5.81,6.19,27.50,29.73,9.71,14.56,6.47,159623.40,1184.63,2945.47,26123.52,4234.46,113198.60,3900.29,121.65,170.36,1564.09,121.49,3397.46,517.95,4822.66,138.15,1016.05,130.73,400.20,115.51,150.71,61.30,82.48,16.95,7268.68,672.09,6.84,0.88,81.98,7.04,17.35,3.93,0.09,0.30,78.48,6.53,48.30,7.07,4.16,7.75,6.92,30.70,32.02,10.46,16.52,7.33
38.60,38.6,03/06/2025 11:36:43,0.508,30.812,,15.6,987438.0,596038.0,918258.81,477.08,1753.15,14100.48,2283.08,54616.16,1877.69,33.07,73.61,595.12,48.96,2931.72,445.58,2936.56,94.70,604.06,77.63,169.66,63.85,100.98,41.58,63.22,12.82,4845.46,446.88,5.31,0.69,67.41,5.92,14.29,3.23,0.03,0.23,70.85,5.74,36.39,5.30,0.67,5.76,22.79,27.51,37.11,10.03,12.76,6.42,162277.52,791.13,2907.20,26642.34,4313.80,116842.25,4017.02,75.77,168.66,1485.97,122.25,3531.57,536.75,4108.86,132.51,1007.87,129.52,302.87,113.98,147.59,60.77,90.83,18.43,6927.77,638.92,6.76,0.88,84.38,7.41,17.78,4.02,0.04,0.30,83.79,6.79,49.16,7.16,0.89,7.69,25.45,30.71,39.98,10.81,14.47,7.29
38.70,38.7,03/06/2025 11:36:43,1.076,27.776,,15.5,992087.0,597229.0,915967.11,902.98,1841.99,13754.91,2231.67,56027.73,1923.28,0.00,0.00,573.60,49.11,2914.03,443.39,3202.32,97.74,679.36,83.22,232.00,65.21,112.98,43.85,200.28,35.62,5149.80,475.98,4.93,0.68,74.98,7.01,13.53,3.26,0.00,0.00,78.11,6.05,42.31,5.37,0.00,0.00,7.95,27.69,43.36,10.44,17.71,6.61,166477.70,1497.39,3054.53,25989.40,4216.66,119862.08,4114.54,0.00,0.00,1432.23,122.63,3510.26,534.10,4480.71,136.76,1133.50,138.85,414.17,116.42,165.13,64.09,287.78,51.17,7362.90,680.53,6.27,0.87,93.85,8.78,16.84,4.06,0.00,0.00,92.38,7.16,57.15,7.26,0.00,0.00,8.88,30.91,46.71,11.24,20.09,7.50
38.80,38.8,03/06/2025 11:36:43,1.818,32.864,,15.5,999413.0,599533.0,916335.50,375.73,1831.69,14221.77,2304.00,54572.93,1877.42,51.34,75.06,482.07,49.35,2665.77,408.60,4331.88,109.54,673.67,82.98,252.99,66.10,108.75,43.34,133.23,24.86,5567.21,516.72,4.83,0.69,45.64,3.08,9.79,3.18,0.07,0.23,76.67,6.08,36.49,5.41,0.00,0.00,11.13,27.92,32.40,10.12,10.14,6.49,164998.10,623.06,3037.44,26871.51,4353.33,116749.77,4016.43,117.63,171.99,1203.68,123.23,3211.19,492.20,6061.19,153.27,1124.02,138.45,451.63,118.00,158.95,63.35,191.43,35.72,7959.69,738.78,6.15,0.88,57.13,3.86,12.19,3.96,0.09,0.31,90.67,7.19,49.30,7.31,0.00,0.00,12.42,31.17,34.91,10.90,11.50,7.36
38.90,38.9,03/06/2025 11:36:43,0.587,33.327,,15.5,1007814.0,602024.0,911113.43,2150.69,1901.00,15359.82,2479.90,54842.70,1887.72,48.57,75.83,618.39,49.68,2640.87,405.83,5171.49,120.61,819.05,93.84,231.72,67.31,125.59,47.20,235.81,42.13,6407.33,598.14,5.11,0.72,38.83,2.37,12.40,3.31,0.00,0.00,82.45,6.47,37.91,5.68,1.92,6.28,0.00,0.00,45.03,10.86,10.89,6.91,173733.83,3566.43,3152.38,29021.80,4685.67,117326.91,4038.46,111.30,173.76,1544.06,124.05,3181.21,488.87,7235.97,168.76,1366.58,156.58,413.66,120.17,183.55,68.99,338.83,60.53,9160.84,855.19,6.51,0.92,48.61,2.96,15.44,4.12,0.00,0.00,97.50,7.65,51.21,7.67,2.56,8.37,0.00,0.00,48.51,11.70,12.35,7.84
39.00,39.0,03/06/2025 11:36:43,0.379,33.071,1181351.198,15.5,1008584.0,599151.0,911559.20,452.68,1853.73,15249.10,2462.51,57309.23,1965.92,7.27,8.33,529.06,50.15,3107.16,470.76,4583.26,113.86,663.40,83.82,250.34,67.96,95.58,41.64,142.24,26.46,5782.92,537.26,5.32,0.72,84.86,8.47,14.55,3.38,0.00,0.00,77.25,6.17,35.49,5.53,0.08,6.17,1.61,28.75,35.68,10.43,13.69,6.76,174152.65,750.67,3073.99,28812.61,4652.83,122603.63,4205.77,16.65,19.09,1321.01,125.21,3742.90,567.08,6412.93,159.32,1106.88,139.86,446.90,121.31,139.69,60.85,204.38,38.02,8268.09,768.14,6.77,0.92,106.23,10.60,18.12,4.20,0.00,0.00,91.36,7.30,47.94,7.47,0.11,8.23,1.80,32.10,38.44,11.23,15.53,7.66
39.10,39.1,03/06/2025 11:36:43,0.252,31.151,,15.5,1006775.0,601534.0,912455.77,1156.70,1843.21,15098.54,2439.32,56331.10,1934.73,3.82,75.19,695.85,49.83,2826.67,432.05,4096.61,107.94,755.54,89.33,219.35,66.83,91.30,40.78,140.92,26.25,5855.63,544.53,5.45,0.72,83.30,8.24,14.29,3.35,0.00,0.00,79.96,6.22,33.38,5.51,0.51,6.17,0.00,0.00,37.94,10.62,17.36,6.76,172530.65,1918.13,3056.55,28528.13,4609.00,120511.08,4139.04,8.75,172.28,1737.48,124.43,3405.02,520.45,5732.00,151.03,1260.61,149.05,391.58,119.30,133.44,59.60,202.48,37.71,8372.05,778.55,6.93,0.92,104.28,10.32,17.79,4.17,0.00,0.00,94.56,7.35,45.09,7.44,0.68,8.23,0.00,0.00,40.87,11.44,19.70,7.67
39.20,39.2,03/06/2025 11:36:43,0.233,33.530,,15.4,1016865.0,601080.0,905121.04,654.44,1884.33,15513.12,2504.46,62570.90,2135.73,46.47,78.96,626.52,51.27,3166.71,480.31,4494.26,114.58,662.69,84.31,223.52,69.03,112.21,45.29,208.09,37.60,6288.95,585.99,5.27,0.73,89.93,9.16,11.99,3.44,0.00,0.00,81.80,6.46,43.65,5.81,0.00,0.00,21.73,29.43,40.06,11.03,16.65,7.11,187366.17,1085.25,3124.74,29311.45,4732.08,133860.11,4569.05,106.47,180.92,1564.36,128.02,3814.63,578.58,6288.40,160.32,1105.70,140.66,399.02,123.24,164.00,66.19,299.00,54.03,8991.58,837.81,6.70,0.93,112.58,11.46,14.92,4.28,0.00,0.00,96.74,7.64,58.96,7.84,0.00,0.00,24.26,32.86,43.16,11.89,18.89,8.07
39.30,39.3,03/06/2025 11:36:43,0.170,34.990,,15.4,1023066.0,603715.0,900321.36,808.52,1929.19,16247.82,2617.81,65127.00,2218.39,122.70,89.76,616.40,52.05,3412.70,515.54,4780.65,119.42,894.11,100.61,267.81,71.05,118.96,47.10,184.02,33.59,6784.47,633.77,5.99,0.78,108.33,12.43,13.98,3.58,0.00,0.00,87.66,6.80,36.68,5.93,0.00,0.00,0.00,0.00,40.74,11.36,20.11,7.28,196477.93,1340.74,3199.12,30699.65,4946.25,139328.46,4745.87,281.16,205.67,1539.10,129.96,4110.95,621.02,6689.12,167.10,1491.81,167.86,478.09,126.84,173.87,68.84,264.40,48.27,9700.05,906.13,7.62,0.99,135.60,15.55,17.40,4.45,0.00,0.00,103.67,8.05,49.55,8.01,0.00,0.00,0.00,0.00,43.88,12.24,22.81,8.26
39.40,39.4,03/06/2025 11:36:43,-0.038,35.780,,15.4,1020311.0,602730.0,904458.29,1033.32,1888.93,15887.50,2562.49,61719.96,2108.99,36.69,77.91,547.08,51.62,2816.50,431.78,5215.28,123.14,832.48,95.80,248.83,69.52,128.53,48.46,223.28,40.08,6554.08,611.72,6.43,0.79,82.75,7.87,11.35,3.50,0.00,0.00,97.59,7.19,38.31,5.81,0.63,6.53,0.00,0.00,44.05,11.21,17.07,7.19,187985.36,1713.53,3132.37,30018.85,4841.72,132039.67,4511.84,84.07,178.52,1366.00,128.88,3392.77,520.12,7297.25,172.29,1388.99,159.84,444.20,124.11,187.86,70.82,320.82,57.58,9370.65,874.60,8.19,1.00,103.59,9.85,14.13,4.35,0.00,0.00,115.41,8.51,51.74,7.85,0.84,8.71,0.00,0.00,47.45,12.08,19.37,8.16
39.50,39.5,03/06/2025 11:36:43,-0.001,39.283,1181351.269,15.4,1018319.0,604165.0,905184.26,357.25,1845.36,16040.61,2585.15,61876.44,2113.57,0.00,0.00,648.77,51.42,3057.88,465.43,4986.18,120.79,791.17,93.15,239.81,69.44,119.26,46.72,106.33,20.65,6333.86,590.33,5.32,0.73,56.05,4.11,15.35,3.44,0.00,0.00,87.70,6.76,36.69,5.82,0.00,0.00,0.00,0.00,43.28,11.05,13.81,7.06,186997.74,592.41,3060.12,30308.13,4884.54,132374.42,4521.64,0.00,0.00,1619.91,128.39,3683.54,560.66,6976.69,169.02,1320.07,155.43,428.11,123.96,174.30,68.29,152.78,29.67,9055.80,844.03,6.77,0.93,70.16,5.15,19.10,4.28,0.00,0.00,103.71,8.00,49.56,7.86,0.00,0.00,0.00,0.00,46.62,11.91,15.66,8.01
39.60,39.6,03/06/2025 11:36:43,-0.180,40.402,,15.4,1020432.0,603686.0,900964.37,695.04,1838.74,16538.25,2661.56,65075.87,2216.95,0.00,0.00,693.41,51.85,3545.17,534.55,4367.63,114.65,929.76,102.04,256.16,70.22,130.93,49.29,119.24,22.85,6365.30,593.02,5.79,0.76,80.16,7.40,14.75,3.53,0.00,0.00,86.37,6.77,45.26,6.06,0.38,6.59,23.44,29.90,42.09,11.12,20.63,7.30,195589.96,1152.56,3049.15,31248.41,5028.92,139219.08,4742.80,0.00,0.00,1731.38,129.48,4270.53,643.93,6111.21,160.41,1551.29,170.26,457.29,125.35,191.36,72.04,171.33,32.83,9100.75,847.87,7.37,0.97,100.34,9.26,18.37,4.40,0.00,0.00,102.14,8.01,61.13,8.18,0.51,8.79,26.17,33.38,45.34,11.98,23.40,8.28
39.70,39.7,03/06/2025 11:36:43,-1.609,42.851,,15.4,1023404.0,605791.0,898355.56,1368.09,1879.20,17698.67,2840.96,65710.87,2238.05,0.00,0.00,604.90,52.56,3411.61,515.94,4404.00,115.31,857.98,98.67,259.29,71.47,114.96,46.47,218.64,39.56,6681.97,623.76,6.68,0.80,74.77,6.52,17.35,3.72,0.00,0.00,91.97,7.01,53.78,6.18,3.92,6.58,0.00,0.00,48.27,11.54,16.72,7.23,200380.71,2268.67,3116.23,33440.98,5367.88,140577.55,4787.93,0.00,0.00,1510.38,131.23,4109.64,621.50,6162.10,161.34,1431.53,164.62,462.88,127.59,168.03,67.92,314.16,56.84,9553.51,891.81,8.49,1.02,93.60,8.16,21.59,4.63,0.00,0.00,108.77,8.29,72.65,8.34,5.22,8.77,0.00,0.00,52.00,12.43,18.97,8.21
39.80,39.8,03/06/2025 11:36:43,-1.837,38.220,,15.4,1030131.0,605376.0,895015.74,1143.46,1853.77,17495.57,2810.09,68327.87,2322.50,0.00,0.00,637.35,53.09,3556.69,536.29,5112.66,124.55,872.36,100.14,294.55,73.28,94.97,43.45,175.48,32.46,6999.15,654.32,5.87,0.79,65.36,5.14,14.28,3.64,0.13,0.25,94.08,7.14,44.27,6.19,1.94,6.77,2.54,30.87,28.02,10.87,17.66,7.56,206872.28,1896.16,3074.07,33057.23,5309.55,146176.20,4968.60,0.00,0.00,1591.41,132.55,4284.40,646.02,7153.67,174.28,1455.52,167.09,525.83,130.82,138.81,63.51,252.14,46.63,10006.98,935.51,7.46,1.01,81.82,6.43,17.77,4.53,0.18,0.34,111.26,8.44,59.80,8.36,2.58,9.03,2.84,34.46,30.18,11.71,20.04,8.58
39.90,39.9,03/06/2025 11:36:43,-1.357,43.976,,15.4,1022962.0,606279.0,901283.87,842.63,1873.63,16548.35,2664.06,64384.31,2194.94,1.54,1.87,805.32,51.79,3145.56,478.13,4796.02,119.46,835.38,97.05,223.68,70.56,109.46,45.42,164.49,30.52,6581.54,614.22,5.92,0.78,71.64,6.11,14.51,3.54,0.00,0.00,93.29,7.06,43.47,5.94,0.00,0.00,0.00,0.00,31.86,10.78,17.17,7.37,194855.99,1397.31,3107.00,31267.49,5033.64,137739.61,4695.70,3.52,4.28,2010.81,129.32,3789.16,575.96,6710.62,167.15,1393.82,161.92,399.31,125.97,159.98,66.38,236.35,43.85,9409.91,878.18,7.54,0.99,89.68,7.64,18.06,4.41,0.00,0.00,110.32,8.35,58.72,8.02,0.00,0.00,0.00,0.00,34.32,11.62,19.48,8.36
40.00,40.0,03/06/2025 11:36:43,-1.450,46.428,1181349.083,15.4,1022041.0,607636.0,907294.61,841.17,1803.02,15801.94,2547.64,59423.70,2035.10,20.80,76.64,601.34,51.50,2641.78,407.52,5198.43,122.91,723.99,88.41,275.03,69.88,118.15,46.36,197.03,35.79,6588.63,615.55,5.34,0.75,67.74,5.64,13.60,3.51,0.00,0.00,86.29,6.64,37.15,5.81,0.00,0.00,12.69,29.43,31.22,10.61,19.38,7.02,182289.70,1394.89,2989.91,29857.17,4813.68,127127.19,4353.76,47.66,175.60,1501.50,128.59,3182.30,490.90,7273.67,171.98,1207.98,147.52,490.98,124.75,172.68,67.75,283.10,51.43,9420.06,880.08,6.79,0.95,84.79,7.06,16.93,4.37,0.00,0.00,102.05,7.85,50.18,7.85,0.00,0.00,14.17,32.86,33.63,11.43,21.98,7.96
40.10,40.1,03/06/2025 11:36:43,-0.565,47.482,,15.4,1023580.0,606561.0,908757.04,764.61,1832.07,14599.13,2362.42,60338.67,2063.75,21.14,22.46,686.03,51.39,2998.11,457.22,3929.17,107.74,884.12,98.91,232.19,68.58,123.92,47.42,139.44,26.35,6255.42,583.35,5.63,0.75,80.04,7.57,11.11,3.41,0.00,0.00,85.13,6.60,39.77,5.75,1.08,6.30,0.44,29.37,30.44,10.46,17.39,7.09,180352.49,1267.93,3038.07,27584.51,4463.71,129084.62,4415.05,48.45,51.46,1712.95,128.32,3611.54,550.77,5497.72,150.75,1475.14,165.03,414.50,122.43,181.11,69.31,200.35,37.86,8943.65,834.04,7.16,0.95,100.19,9.48,13.83,4.24,0.00,0.00,100.67,7.81,53.71,7.77,1.45,8.40,0.50,32.79,32.79,11.26,19.73,8.04
40.20,40.2,03/06/2025 11:36:43,-1.024,47.084,,15.4,1025173.0,606512.0,904322.36,363.88,1861.58,15644.91,2524.34,63436.22,2163.61,44.00,78.16,582.30,51.99,3143.78,477.28,4239.52,111.77,767.38,91.89,299.73,71.00,113.50,45.68,96.26,19.00,6691.43,625.43,5.67,0.76,64.34,5.15,15.20,3.60,0.12,0.25,81.64,6.50,40.66,5.86,0.00,0.00,1.87,29.72,28.88,10.53,16.36,7.10,189145.67,603.41,3087.01,29560.47,4769.64,135711.33,4628.68,100.83,179.10,1453.95,129.81,3787.01,574.93,5931.96,156.39,1280.37,153.32,535.07,126.74,165.88,66.77,138.32,27.30,9567.03,894.21,7.22,0.97,80.53,6.44,18.92,4.49,0.15,0.32,96.55,7.69,54.92,7.92,0.00,0.00,2.09,33.19,31.11,11.34,18.56,8.05
40.30,40.3,03/06/2025 11:36:43,-0.894,47.216,,15.4,1024163.0,611273.0,903935.01,1366.99,1869.35,16288.80,2623.42,62095.96,2121.22,4.86,77.16,499.26,52.93,2969.55,453.28,4581.47,116.54,642.61,83.70,208.37,69.28,131.58,49.14,200.44,36.32,6721.04,628.24,5.74,0.76,52.35,3.68,14.15,3.58,0.00,0.00,88.06,6.83,51.16,6.16,0.00,0.00,13.94,29.61,114.45,13.48,14.22,7.21,189085.79,2266.84,3099.90,30777.08,4956.86,132844.06,4538.01,11.14,176.80,1246.60,132.15,3577.13,546.02,6410.42,163.07,1072.19,139.65,371.97,123.68,192.32,71.82,287.99,52.18,9609.37,898.22,7.31,0.96,65.53,4.61,17.62,4.46,0.00,0.00,104.14,8.08,69.11,8.32,0.00,0.00,15.56,33.06,123.28,14.52,16.13,8.18
40.40,40.4,03/06/2025 11:36:43,-0.083,45.832,,15.4,1028614.0,612170.0,904440.16,1239.31,1860.15,16165.91,2604.34,60673.16,2075.78,81.24,66.17,611.21,52.14,2807.08,430.52,4782.68,118.57,928.88,102.37,235.03,69.65,101.26,43.53,227.48,41.10,7348.99,689.78,5.65,0.78,85.82,8.32,13.73,3.58,0.00,0.00,90.42,6.94,45.31,6.09,0.00,0.00,8.46,29.82,90.75,13.15,17.46,7.33,187564.15,2055.11,3084.63,30544.88,4920.81,129800.21,4440.78,186.15,151.62,1526.13,130.18,3381.43,518.60,6691.95,165.90,1549.84,170.80,419.57,124.34,148.00,63.62,326.85,59.05,10507.17,986.21,7.19,0.99,107.43,10.41,17.09,4.46,0.00,0.00,106.93,8.21,61.21,8.22,0.00,0.00,9.45,33.30,97.75,14.17,19.81,8.32
40.50,40.5,03/06/2025 11:36:43,0.071,43.448,1181350.339,15.4,1029584.0,611043.0,906497.95,505.82,1900.21,15060.86,2435.41,60334.13,2064.44,51.86,77.64,600.35,51.68,3077.79,468.34,5141.29,122.79,848.66,97.21,218.00,69.43,96.60,42.74,196.82,36.02,7076.30,663.25,5.78,0.78,87.32,8.62,15.93,3.59,0.00,0.00,97.35,7.22,42.97,5.95,0.00,0.00,0.00,0.00,28.51,10.59,15.72,7.27,183594.34,838.78,3151.08,28456.93,4601.62,129074.91,4416.53,118.82,177.90,1499.01,129.03,3707.52,564.16,7193.73,171.80,1415.99,162.20,389.16,123.94,141.18,62.47,282.80,51.76,10117.30,948.27,7.36,0.99,109.31,10.79,19.82,4.47,0.00,0.00,115.13,8.54,58.04,8.03,0.00,0.00,0.00,0.00,30.71,11.41,17.83,8.25
40.60,40.6,03/06/2025 11:36:43,-0.733,42.721,,15.4,1025491.0,611172.0,915414.12,561.06,1839.80,13484.37,2192.82,54084.17,1863.21,46.52,76.21,608.92,50.66,2954.04,449.97,4427.18,112.26,816.72,93.73,215.04,66.99,81.28,39.20,217.41,39.46,6804.03,637.71,5.34,0.73,86.47,8.73,14.47,3.45,0.22,0.24,86.56,6.64,36.16,5.69,0.26,6.33,0.00,0.00,39.08,10.41,16.60,7.00,165744.33,930.39,3050.90,25478.22,4143.26,115704.16,3986.04,106.59,174.61,1520.42,126.49,3558.45,542.04,6194.53,157.08,1362.69,156.38,383.89,119.59,118.79,57.30,312.38,56.70,9728.02,911.76,6.80,0.93,108.24,10.92,18.01,4.29,0.28,0.32,102.36,7.85,48.85,7.69,0.34,8.45,0.00,0.00,42.09,11.22,18.83,7.94
40.70,40.7,03/06/2025 11:36:43,-1.264,40.542,,15.4,1016059.0,610134.0,927294.51,338.78,1790.87,11736.24,1922.98,45592.36,1588.83,57.61,73.31,676.82,47.96,2345.57,363.64,4111.39,105.63,731.04,85.87,237.37,63.95,105.42,41.98,238.12,42.74,6223.86,582.26,5.47,0.71,127.12,18.06,13.31,3.22,0.00,0.00,76.27,6.01,32.54,5.34,0.11,5.96,5.49,27.16,33.85,10.27,16.74,6.50,142091.21,561.79,2969.75,22175.18,3633.41,97537.34,3399.03,132.01,167.98,1689.97,119.74,2825.49,438.04,5752.69,147.80,1219.74,143.27,423.75,114.16,154.07,61.36,342.14,61.41,8898.52,832.49,6.96,0.91,159.13,22.60,16.57,4.01,0.00,0.00,90.19,7.11,43.95,7.21,0.14,7.95,6.13,30.33,36.46,11.06,18.99,7.38
40.80,40.8,03/06/2025 11:36:43,-1.032,38.824,,15.5,1006897.0,603590.0,924790.00,681.05,1826.48,12464.91,2034.12,47210.60,1640.85,42.28,72.31,686.82,47.87,2455.07,378.81,3847.61,102.54,755.45,87.90,160.32,63.30,92.38,39.84,162.27,29.82,6374.90,596.81,5.20,0.69,97.69,11.21,14.43,3.25,0.00,0.00,77.99,6.06,31.14,5.31,0.00,0.00,0.00,0.00,29.57,9.81,20.31,6.63,147198.80,1129.37,3028.80,23551.98,3843.40,100999.29,3510.32,96.89,165.69,1714.92,119.53,2957.39,456.32,5383.60,143.48,1260.47,146.67,286.20,113.00,135.02,58.23,233.16,42.85,9114.47,853.29,6.61,0.88,122.28,14.04,17.97,4.05,0.00,0.00,92.23,7.16,42.07,7.17,0.00,0.00,0.00,0.00,31.85,10.56,23.04,7.52
40.90,40.9,03/06/2025 11:36:43,-0.394,38.756,,15.5,993916.0,603613.0,936836.33,647.13,1831.07,10864.31,1789.29,39134.63,1380.44,0.00,0.00,609.34,46.17,1851.56,295.33,3154.97,92.68,526.67,70.33,204.74,60.30,76.37,35.61,108.54,20.61,5744.82,536.72,4.89,0.66,68.74,6.39,12.04,3.00,0.00,0.00,67.94,5.45,32.99,4.97,1.02,5.51,13.21,25.67,28.28,9.29,11.49,6.08,123506.43,1073.12,3036.41,20527.71,3380.79,83722.09,2953.23,0.00,0.00,1521.48,115.29,2230.39,355.76,4414.45,129.67,878.74,117.34,365.50,107.65,111.61,52.04,155.95,29.61,8213.62,767.37,6.23,0.84,86.04,8.00,14.99,3.73,0.00,0.00,80.34,6.44,44.56,6.71,1.36,7.34,14.75,28.66,30.47,10.01,13.04,6.89
41.00,41.0,03/06/2025 11:37:01,-0.422,37.299,1181350.406,15.5,993684.0,609225.0,947225.70,656.69,1756.29,8644.31,1450.96,32259.57,1153.37,26.58,66.16,519.73,45.44,1690.56,272.36,2676.14,85.85,502.28,68.23,135.17,57.43,80.82,35.55,159.60,29.16,5192.83,484.05,4.37,0.61,87.26,10.12,10.38,2.84,0.06,0.20,62.91,5.09,29.62,4.67,0.00,0.00,0.00,0.00,23.17,8.58,12.25,5.61,102707.91,1088.97,2912.41,16333.11,2741.53,69014.02,2467.45,60.90,151.59,1297.72,113.45,2036.45,328.09,3744.48,120.12,838.04,113.85,241.30,102.52,118.12,51.95,229.32,41.90,7424.41,692.07,5.57,0.78,109.23,12.66,12.92,3.53,0.08,0.26,74.40,6.02,40.01,6.31,0.00,0.00,0.00,0.00,24.96,9.24,13.90,6.37
41.10,41.1,03/06/2025 11:37:19,-1.002,36.637,,15.5,990353.0,605202.0,947369.83,336.64,1757.03,7976.13,1350.53,32458.50,1159.52,41.30,66.53,528.07,44.92,1615.24,261.75,3062.19,88.96,598.57,74.17,168.60,57.70,63.56,32.71,70.99,14.19,5486.12,512.58,4.25,0.61,80.75,8.76,10.84,2.89,0.00,0.00,59.01,4.96,31.62,4.74,3.01,5.22,0.00,0.00,23.69,8.71,11.09,5.84,102324.89,558.25,2913.64,15070.60,2551.78,69439.59,2480.60,94.62,152.45,1318.53,112.17,1945.72,315.30,4284.64,124.48,998.71,123.75,300.98,103.00,92.89,47.81,102.01,20.38,7843.75,732.86,5.41,0.77,101.08,10.97,13.49,3.59,0.00,0.00,69.79,5.86,42.71,6.41,4.02,6.97,0.00,0.00,25.52,9.38,12.58,6.62
41.20,41.2,03/06/2025 11:37:37,0.175,34.852,,15.5,981096.0,599469.0,943914.93,365.59,1791.97,9329.28,1554.33,34188.52,1216.67,49.63,66.77,606.45,44.36,2085.06,324.49,3012.33,88.64,546.34,70.84,139.77,57.46,100.00,39.11,91.92,17.61,5324.35,496.21,4.77,0.63,104.53,13.72,11.72,2.87,0.06,0.20,65.30,5.23,24.58,4.72,1.41,5.22,0.00,0.00,20.58,8.61,12.88,5.82,109081.20,606.25,2971.59,17627.32,2936.85,73140.69,2602.86,113.71,153.00,1514.25,110.77,2511.68,390.88,4214.86,124.03,911.57,118.20,249.51,102.57,146.16,57.16,132.07,25.30,7612.46,709.45,6.07,0.80,130.85,17.17,14.58,3.57,0.08,0.27,77.23,6.18,33.21,6.37,1.89,6.96,0.00,0.00,22.17,9.28,14.62,6.61
41.30,41.3,03/06/2025 11:37:55,-0.834,31.675,,15.6,980550.0,599206.0,947266.54,395.17,1775.49,8653.17,1451.13,32410.94,1157.37,23.38,65.23,639.37,44.20,1753.47,279.53,2618.74,84.62,474.73,65.81,194.72,57.68,76.87,34.58,60.56,12.23,5190.45,483.65,4.73,0.61,94.03,11.55,12.23,2.86,0.00,0.00,56.16,4.79,25.90,4.63,0.17,5.16,2.64,24.56,31.74,8.73,14.27,5.79,102823.41,655.30,2944.25,16349.84,2741.86,69337.85,2476.01,53.58,149.46,1596.46,110.37,2112.24,336.73,3664.16,118.41,792.08,109.80,347.62,102.97,112.35,50.54,87.01,17.57,7421.02,691.50,6.02,0.78,117.71,14.45,15.22,3.56,0.00,0.00,66.41,5.66,34.98,6.25,0.22,6.88,2.95,27.42,34.19,9.41,16.19,6.57
41.40,41.4,03/06/2025 11:38:23,-0.769,26.122,,15.5,984697.0,603957.0,947912.55,256.99,1758.96,8539.35,1434.34,31438.06,1125.33,45.32,39.90,590.57,44.78,1541.67,250.96,3028.36,88.19,559.54,71.21,181.38,57.04,113.09,41.30,166.70,30.03,5365.18,500.72,5.00,0.63,120.16,17.82,13.42,2.87,0.03,0.20,57.28,4.88,27.85,4.73,0.98,5.19,0.00,0.00,24.51,8.67,12.03,5.76,101143.57,426.16,2916.84,16134.79,2710.13,67256.55,2407.45,103.85,91.41,1474.59,111.81,1857.11,302.31,4237.30,123.40,933.59,118.82,323.80,101.82,165.29,60.36,239.52,43.15,7670.83,715.90,6.36,0.80,150.41,22.31,16.70,3.57,0.03,0.26,67.73,5.77,37.62,6.39,1.30,6.92,0.00,0.00,26.40,9.34,13.65,6.53
41.50,41.5,03/06/2025 11:38:41,-0.546,25.460,1181350.870,15.5,981877.0,610212.0,950605.09,662.26,1759.51,7347.36,1254.43,30148.05,1082.19,49.77,65.65,558.42,44.06,1425.51,235.57,2770.83,84.84,558.96,70.78,118.17,55.75,97.54,38.07,170.03,30.68,5234.54,488.31,4.83,0.62,112.95,16.17,13.25,2.85,0.13,0.20,55.87,4.77,21.21,4.60,1.81,5.14,0.00,0.00,34.84,8.78,8.60,5.70,95903.13,1098.22,2917.75,13882.56,2370.20,64496.77,2315.17,114.05,150.42,1394.32,110.02,1717.17,283.77,3876.96,118.71,932.62,118.09,210.95,99.52,142.55,55.64,244.30,44.08,7484.05,698.16,6.15,0.78,141.39,20.25,16.49,3.55,0.17,0.27,66.07,5.64,28.65,6.22,2.41,6.85,0.00,0.00,37.53,9.45,9.76,6.47
41.60,41.6,03/06/2025 11:38:59,-1.180,24.403,,15.5,977936.0,613020.0,953386.14,326.17,1764.01,6847.98,1181.11,28599.02,1030.95,5.76,6.45,579.25,43.41,1614.54,259.84,2749.64,84.16,526.30,68.07,157.38,55.46,67.98,32.58,92.78,17.72,4809.96,447.08,4.64,0.60,98.26,12.81,10.09,2.72,0.00,0.00,51.57,4.54,34.74,4.69,0.00,0.00,3.60,23.94,23.74,8.38,10.47,5.49,90474.07,540.88,2925.21,12939.00,2231.66,61182.89,2205.54,13.19,14.78,1446.32,108.39,1944.89,313.01,3847.31,117.76,878.13,113.58,280.95,99.01,99.36,47.62,133.31,25.47,6877.01,639.21,5.91,0.77,123.00,16.04,12.56,3.39,0.00,0.00,60.99,5.37,46.93,6.34,0.00,0.00,4.01,26.73,25.57,9.03,11.88,6.23
41.70,41.7,03/06/2025 11:39:17,-1.874,24.537,,15.5,980512.0,617085.0,945295.89,575.37,1764.54,8824.82,1477.40,33845.63,1205.22,12.69,13.52,626.88,44.57,1606.80,260.58,2931.40,87.49,630.51,75.37,161.95,56.96,75.76,34.60,74.75,14.74,5094.59,474.00,5.07,0.64,87.30,10.06,10.33,2.82,0.00,0.00,55.50,4.81,29.07,4.81,0.16,5.36,4.49,24.65,38.08,9.24,12.98,5.83,106804.59,954.13,2926.10,16674.17,2791.50,72407.15,2578.37,29.07,30.97,1565.25,111.28,1935.55,313.90,4101.63,122.42,1052.01,125.76,289.11,101.69,110.73,50.58,107.40,21.18,7283.96,677.69,6.45,0.81,109.27,12.59,12.86,3.51,0.00,0.00,65.63,5.68,39.26,6.50,0.22,7.14,5.01,27.52,41.02,9.95,14.72,6.62
41.80,41.8,03/06/2025 11:39:35,-1.325,24.601,,15.4,997868.0,628165.0,942586.74,720.45,1773.46,8952.19,1497.82,35759.70,1269.56,154.63,102.16,627.68,45.85,1621.06,263.96,2961.08,89.27,560.07,72.54,164.33,58.89,72.68,34.66,123.82,23.22,5483.73,511.89,4.76,0.65,63.05,5.64,11.11,3.01,0.00,0.00,59.27,5.08,25.50,4.86,0.78,5.59,0.00,0.00,36.97,9.51,10.39,5.99,112237.29,1194.71,2940.89,16914.83,2830.08,76501.98,2716.01,354.31,234.08,1567.25,114.48,1952.74,317.97,4143.16,124.91,934.47,121.03,293.37,105.13,106.23,50.66,177.90,33.37,7840.32,731.87,6.06,0.82,78.93,7.06,13.83,3.75,0.00,0.00,70.09,6.01,34.45,6.57,1.04,7.46,0.00,0.00,39.83,10.25,11.79,6.79
41.90,41.9,03/06/2025 11:40:04,-0.788,19.578,,15.5,964865.0,617750.0,950626.47,510.81,1721.54,7289.96,1244.27,31338.96,1120.83,46.30,65.39,646.61,43.35,1573.77,254.71,2358.14,81.09,450.24,62.87,173.07,55.52,80.50,34.56,92.39,17.52,4612.22,427.50,4.76,0.61,83.10,9.49,11.75,2.77,0.19,0.19,41.17,4.09,23.51,4.53,1.61,5.16,6.47,23.76,20.96,8.06,7.03,5.54,96731.84,847.07,2854.80,13774.12,2351.00,67044.54,2397.84,106.09,149.83,1614.53,108.25,1895.78,306.83,3299.53,113.46,751.23,104.90,308.96,99.12,117.65,50.52,132.75,25.17,6594.29,611.21,6.05,0.78,104.02,11.87,14.63,3.45,0.25,0.25,48.69,4.84,31.75,6.11,2.15,6.88,7.22,26.53,22.58,8.68,7.97,6.29
42.00,42.0,03/06/2025 11:40:22,-0.902,27.840,1181344.852,15.5,973110.0,616956.0,948900.03,235.54,1790.28,8347.79,1405.53,31576.48,1129.25,99.05,71.49,621.70,43.66,1625.09,261.52,2881.98,86.10,377.98,59.21,134.44,56.33,87.48,36.19,117.34,21.67,4800.71,445.67,4.81,0.62,59.94,5.32,10.72,2.81,0.00,0.00,50.18,4.50,17.71,4.50,3.72,5.22,12.61,24.30,25.77,8.52,8.90,5.64,99751.06,390.60,2968.78,15772.85,2655.70,67552.66,2415.84,226.97,163.81,1552.33,109.01,1957.59,315.03,4032.49,120.48,630.65,98.79,240.01,100.56,127.85,52.89,168.60,31.14,6863.78,637.19,6.13,0.79,75.04,6.66,13.35,3.50,0.00,0.00,59.34,5.32,23.93,6.08,4.96,6.97,14.08,27.13,27.76,9.17,10.10,6.39
42.10,42.1,03/06/2025 11:40:40,-1.222,31.614,,15.5,983651.0,619838.0,939757.18,580.21,1826.17,9392.24,1564.93,38444.76,1356.95,28.72,27.88,576.46,45.82,1797.39,286.79,3143.00,91.14,543.09,71.14,208.48,59.51,89.90,37.61,105.59,19.97,5141.13,477.89,5.02,0.65,63.31,5.64,10.37,2.88,0.00,0.00,51.89,4.70,24.73,4.83,0.30,5.51,0.00,0.00,24.46,9.11,11.76,5.89,118168.02,962.16,3028.29,17746.29,2956.88,82246.21,2902.97,65.81,63.88,1439.37,114.41,2165.15,345.47,4397.70,127.53,906.15,118.69,372.18,106.23,131.40,54.97,151.71,28.69,7350.50,683.26,6.39,0.83,79.25,7.06,12.91,3.58,0.00,0.00,61.37,5.55,33.41,6.53,0.39,7.34,0.00,0.00,26.35,9.82,13.34,6.68
42.20,42.2,03/06/2025 11:40:58,-0.411,32.011,,15.4,985964.0,629808.0,942338.62,788.45,1792.59,9379.12,1561.95,35613.35,1264.34,76.78,60.13,661.95,45.54,1852.37,293.71,2938.69,88.64,587.99,73.71,198.08,58.86,80.09,35.69,110.47,20.85,5187.61,482.81,4.19,0.62,66.71,6.22,12.35,2.89,0.00,0.00,45.28,4.44,20.16,4.82,3.66,5.60,0.00,0.00,25.38,9.18,8.70,5.90,112644.29,1307.47,2972.61,17721.50,2951.25,76188.88,2704.85,175.92,137.78,1652.82,113.70,2231.37,353.80,4111.83,124.02,981.05,122.99,353.62,105.08,117.06,52.16,158.72,29.95,7416.96,690.29,5.33,0.79,83.50,7.78,15.38,3.59,0.00,0.00,53.55,5.25,27.23,6.51,4.88,7.47,0.00,0.00,27.34,9.89,9.87,6.70
42.30,42.3,03/06/2025 11:41:16,-0.810,32.799,,15.3,1003365.0,640881.0,942277.23,604.40,1778.97,9358.41,1559.94,35321.82,1255.57,129.67,89.16,635.96,46.38,1820.65,290.55,2985.92,90.17,583.42,73.94,172.98,58.88,81.29,36.15,118.87,22.49,5704.64,533.52,5.10,0.66,76.43,7.81,13.07,3.00,0.00,0.00,41.30,4.33,16.92,4.92,2.90,5.76,0.84,25.36,38.15,9.60,10.03,6.00,112481.40,1002.26,2950.02,17682.37,2947.45,75565.20,2686.08,297.13,204.29,1587.93,115.81,2193.16,350.00,4177.92,126.17,973.43,123.37,308.81,105.11,118.80,52.83,170.80,32.31,8156.18,762.79,6.49,0.84,95.67,9.78,16.27,3.73,0.00,0.00,48.84,5.12,22.85,6.65,3.87,7.67,0.93,28.32,41.10,10.34,11.37,6.81
42.40,42.4,03/06/2025 11:41:44,-1.593,33.264,,15.3,1005765.0,643542.0,948983.50,1013.39,1791.85,8357.47,1409.55,29820.21,1073.38,14.00,15.12,695.66,45.54,1478.85,244.60,2988.35,88.23,593.35,73.78,181.07,57.68,74.62,34.39,154.23,28.31,5464.31,510.79,5.11,0.65,48.68,3.74,11.37,2.95,0.00,0.00,49.39,4.61,16.80,4.72,1.63,5.54,0.00,0.00,36.24,9.31,11.76,5.90,98672.57,1680.48,2971.37,15791.13,2663.30,63795.41,2296.32,32.07,34.65,1736.99,113.70,1781.43,294.64,4181.32,123.45,990.01,123.10,323.25,102.97,109.07,50.27,221.60,40.68,7812.57,730.29,6.50,0.83,60.93,4.68,14.15,3.67,0.00,0.00,58.41,5.45,22.70,6.37,2.18,7.39,0.00,0.00,39.03,10.03,13.35,6.69
42.50,42.5,03/06/2025 11:42:02,-1.561,26.518,1181351.070,15.3,1010125.0,640601.0,948713.52,392.57,1855.01,7878.54,1340.26,31532.93,1130.16,17.83,66.63,617.41,46.03,1516.21,249.88,2715.37,86.26,551.97,71.62,140.00,57.74,102.33,39.56,142.09,26.40,5464.24,510.88,4.69,0.63,68.47,6.63,10.33,2.88,0.00,0.00,50.79,4.64,29.21,4.88,3.63,5.55,0.00,0.00,36.12,9.38,11.74,5.84,99803.17,650.99,3076.11,14886.20,2532.38,67459.50,2417.78,40.86,152.68,1541.61,114.93,1826.43,301.00,3799.36,120.70,920.96,119.50,249.93,103.08,149.56,57.82,204.16,37.94,7812.47,730.42,5.97,0.80,85.72,8.30,12.86,3.58,0.00,0.00,60.06,5.49,39.46,6.59,4.84,7.40,0.00,0.00,38.91,10.10,13.32,6.62
42.60,42.6,03/06/2025 11:42:20,-1.715,25.790,,15.3,1008286.0,634332.0,953668.81,457.21,1868.43,7274.77,1249.90,28030.73,1014.07,11.23,12.35,694.79,45.07,1272.50,218.53,2407.05,82.67,510.17,68.07,158.72,56.67,89.53,36.65,169.97,31.08,5045.57,470.55,4.86,0.63,61.74,5.67,10.28,2.76,0.00,0.00,48.70,4.48,32.31,4.76,1.60,5.32,6.42,24.43,33.72,8.87,9.33,5.72,90109.29,758.17,3098.37,13745.40,2361.63,59967.12,2169.44,25.73,28.29,1734.83,112.52,1532.86,263.24,3367.96,115.67,851.22,113.57,283.35,101.16,130.86,53.57,244.22,44.65,7213.87,672.76,6.18,0.80,77.29,7.10,12.79,3.44,0.00,0.00,57.60,5.30,43.64,6.42,2.14,7.09,7.16,27.27,36.32,9.56,10.58,6.49
42.70,42.7,03/06/2025 11:42:38,-2.818,24.667,,15.3,1006612.0,633300.0,965184.63,396.05,1794.51,5277.93,952.90,19876.40,743.93,14.56,62.21,559.23,44.00,1009.89,184.12,2149.38,77.90,378.40,58.45,143.99,54.08,50.75,29.37,115.18,21.88,4625.43,430.94,4.44,0.57,83.01,10.00,11.50,2.61,0.04,0.19,46.71,4.22,25.19,4.40,0.11,4.99,3.35,23.32,33.60,8.28,10.24,5.37,66811.26,656.76,2975.79,9972.46,1800.46,42522.27,1591.52,33.36,142.54,1396.33,109.87,1216.52,221.79,3007.43,109.00,631.35,97.52,257.05,96.55,74.17,42.92,165.49,31.43,6613.18,616.13,5.65,0.72,103.91,12.51,14.31,3.25,0.06,0.25,55.24,4.99,34.02,5.95,0.15,6.65,3.74,26.04,36.19,8.92,11.62,6.09
42.80,42.8,03/06/2025 11:42:56,-0.696,24.135,,15.3,1005916.0,628980.0,964954.00,347.53,1770.77,5623.09,1003.26,19214.68,722.29,187.62,117.43,658.93,43.32,1062.70,189.81,2122.64,77.33,410.64,60.41,154.19,54.25,59.57,30.66,159.90,29.49,4860.32,453.80,4.23,0.58,44.37,3.40,8.66,2.61,0.02,0.19,48.06,4.27,32.52,4.51,0.00,0.00,1.03,23.34,36.52,8.39,8.79,5.26,67082.06,576.30,2936.42,10624.63,1895.63,41106.64,1545.23,429.90,269.08,1645.27,108.17,1280.14,228.65,2970.01,108.20,685.14,100.80,275.25,96.84,87.07,44.81,229.76,42.38,6949.01,648.82,5.38,0.74,55.54,4.25,10.78,3.25,0.03,0.25,56.84,5.05,43.92,6.10,0.00,0.00,1.15,26.06,39.34,9.04,9.97,5.96
42.90,42.9,03/06/2025 11:43:24,-1.199,22.614,,15.3,1010296.0,628424.0,959291.76,711.37,1795.57,6095.23,1071.86,23477.29,863.04,33.87,63.85,625.03,44.26,1225.36,210.91,2361.50,81.05,451.00,63.71,133.89,55.26,70.28,32.79,128.76,24.13,5169.33,483.36,4.76,0.61,72.85,7.69,10.83,2.67,0.00,0.00,50.03,4.48,29.68,4.53,0.63,5.16,12.19,23.91,34.79,8.70,9.57,5.45,78283.51,1179.64,2977.56,11516.70,2025.25,50225.78,1846.34,77.61,146.31,1560.64,110.51,1476.07,254.07,3304.23,113.40,752.50,106.29,239.02,98.65,102.72,47.92,185.01,34.67,7390.82,691.08,6.06,0.78,91.20,9.63,13.48,3.32,0.00,0.00,59.16,5.30,40.10,6.12,0.84,6.88,13.61,26.69,37.48,9.37,10.86,6.19
43.00,43.0,03/06/2025 11:43:43,-1.088,27.118,1181350.273,15.3,1007126.0,632777.0,969179.04,404.18,1776.60,4868.86,893.19,16520.95,633.61,71.25,55.67,595.65,42.84,850.27,164.77,1945.26,74.99,314.83,53.59,121.04,52.96,62.12,30.56,132.68,24.75,4726.53,441.33,4.54,0.57,72.04,7.90,11.89,2.58,0.05,0.18,46.38,4.16,21.78,4.24,2.58,4.85,5.86,22.92,33.48,8.07,8.74,5.17,58641.81,670.25,2946.09,9199.53,1687.65,35343.84,1355.51,163.25,127.55,1487.29,106.97,1024.24,198.49,2721.82,104.92,525.29,89.42,216.08,94.54,90.80,44.67,190.63,35.57,6757.72,630.98,5.78,0.73,90.17,9.89,14.80,3.21,0.07,0.24,54.85,4.92,29.41,5.73,3.44,6.47,6.54,25.59,36.07,8.69,9.91,5.87
43.10,43.1,03/06/2025 11:44:01,-1.656,26.915,,15.4,1006114.0,625815.0,971765.89,376.31,1748.80,4322.47,815.05,14741.73,574.84,28.60,27.52,723.39,42.42,677.43,145.30,1810.44,72.87,300.72,52.01,144.25,52.29,89.86,35.09,153.53,28.27,4676.30,436.67,4.19,0.55,52.88,4.67,9.47,2.53,0.06,0.18,48.00,4.18,25.90,4.17,4.10,4.70,10.50,22.47,19.89,7.58,14.08,5.10,53576.50,624.03,2900.00,8167.14,1540.00,31537.51,1229.78,65.54,63.06,1806.23,105.92,816.04,175.03,2533.18,101.96,501.74,86.77,257.52,93.35,131.33,51.29,220.60,40.62,6685.92,624.32,5.33,0.70,66.20,5.85,11.79,3.15,0.08,0.23,56.76,4.94,34.98,5.63,5.47,6.27,11.72,25.09,21.43,8.17,15.98,5.79
43.20,43.2,03/06/2025 11:44:19,-1.135,24.733,,15.4,1011596.0,616539.0,944212.47,893.42,1798.76,8901.79,1491.87,33655.70,1200.79,85.72,66.21,610.77,46.54,1874.11,297.80,2980.31,89.96,546.47,72.05,220.19,60.11,81.10,36.06,206.93,37.45,5495.73,513.30,5.03,0.64,68.49,6.50,12.48,3.00,0.18,0.21,68.07,5.41,35.65,4.96,1.46,5.49,4.78,25.47,27.08,8.78,12.09,6.01,108315.94,1481.54,2982.85,16819.60,2818.83,72000.81,2568.90,196.42,151.71,1525.04,116.22,2257.56,358.73,4170.07,125.87,911.79,120.21,393.08,107.32,118.53,52.71,297.32,53.81,7857.48,733.89,6.40,0.82,85.73,8.14,15.53,3.74,0.23,0.27,80.50,6.40,48.15,6.70,1.95,7.32,5.34,28.43,29.17,9.46,13.71,6.82
43.30,43.3,03/06/2025 11:44:37,-0.635,22.355,,15.4,1013371.0,614969.0,935942.62,404.74,1840.12,10252.81,1697.27,39145.93,1381.44,131.09,90.62,751.31,46.93,2003.92,316.31,3888.60,101.39,682.15,81.73,190.02,61.37,80.68,36.97,185.31,33.81,6090.96,570.38,5.41,0.68,66.03,5.88,10.72,3.08,0.00,0.00,75.30,5.90,33.23,5.06,0.43,5.77,5.27,26.39,37.85,9.72,15.64,6.40,124692.77,671.18,3051.42,19372.31,3206.94,83746.25,2955.36,300.38,207.65,1875.94,117.17,2413.93,381.02,5440.95,141.87,1138.17,136.36,339.22,109.55,117.91,54.03,266.26,48.57,8708.51,815.50,6.88,0.87,82.65,7.36,13.34,3.84,0.00,0.00,89.05,6.97,44.88,6.84,0.57,7.69,5.88,29.46,40.77,10.47,17.74,7.25
43.40,43.4,03/06/2025 11:45:05,-0.665,18.851,,15.4,1006982.0,625152.0,957563.09,434.03,1763.23,6950.07,1197.94,24395.39,893.92,31.04,30.15,676.34,44.77,1151.54,202.90,2485.94,82.53,450.73,64.26,151.83,56.02,69.41,32.93,136.56,25.48,5281.87,494.14,4.72,0.60,76.98,8.40,12.52,2.75,0.01,0.20,54.00,4.63,27.84,4.53,0.06,5.14,0.00,0.00,36.09,8.73,9.94,5.54,81809.06,719.74,2923.93,13131.90,2263.46,52189.90,1912.40,71.12,69.07,1688.76,111.79,1387.15,244.41,3478.34,115.47,752.04,107.22,271.05,100.00,101.44,48.13,196.22,36.61,7551.72,706.49,6.01,0.77,96.37,10.51,15.59,3.43,0.01,0.26,63.87,5.48,37.60,6.12,0.07,6.85,0.00,0.00,38.88,9.40,11.27,6.29
43.50,43.5,03/06/2025 11:45:23,-1.080,17.060,1181350.474,15.3,997425.0,641961.0,970560.57,654.00,1771.98,4741.57,874.22,15265.95,592.05,59.21,48.44,624.66,42.37,939.93,173.50,1694.61,71.83,390.96,57.96,95.88,51.70,71.77,31.90,105.26,20.10,4607.82,429.85,4.59,0.56,66.98,7.01,8.96,2.45,0.00,0.00,32.89,3.55,26.97,4.32,0.04,4.86,7.81,22.59,30.63,7.99,8.94,5.11,55796.95,1084.51,2938.44,8959.02,1651.81,32658.99,1266.60,135.67,110.99,1559.72,105.80,1132.24,208.99,2371.10,100.51,652.31,96.71,171.17,92.30,104.90,46.62,151.24,28.88,6588.00,614.57,5.84,0.71,83.84,8.77,11.15,3.05,0.00,0.00,38.90,4.20,36.43,5.84,0.05,6.49,8.72,25.22,33.00,8.61,10.14,5.80
43.60,43.6,03/06/2025 11:45:41,-1.460,18.315,,15.3,993159.0,649168.0,980599.41,260.45,1781.47,2766.32,602.75,9234.26,392.95,126.46,83.17,575.87,41.02,436.75,118.72,1306.93,65.86,196.32,42.96,122.94,49.74,32.40,25.33,94.45,18.28,4108.82,382.45,4.18,0.54,50.69,4.56,7.62,2.28,0.00,0.00,23.42,2.92,12.27,3.85,1.90,4.57,5.93,21.45,27.12,7.36,5.49,4.67,36268.14,431.90,2954.17,5226.85,1138.87,19755.18,840.66,289.77,190.56,1437.90,102.42,526.12,143.01,1828.66,92.15,327.55,71.68,219.46,88.80,47.35,37.03,135.71,26.27,5874.56,546.81,5.32,0.68,63.46,5.71,9.48,2.83,0.00,0.00,27.69,3.46,16.57,5.20,2.54,6.10,6.62,23.95,29.21,7.92,6.23,5.30
43.70,43.7,03/06/2025 11:45:59,-1.198,21.754,,15.3,990836.0,648221.0,982381.03,428.10,1742.52,2524.25,566.66,7801.65,345.71,99.80,69.57,658.74,40.50,207.17,96.45,1294.56,65.41,208.49,43.66,81.38,48.67,59.13,28.58,124.47,23.30,4004.33,372.43,4.16,0.53,38.91,2.97,5.82,2.30,0.00,0.00,24.46,2.96,15.14,3.84,1.94,4.55,8.25,21.24,21.42,7.21,6.81,4.64,32740.91,709.91,2889.57,4769.48,1070.68,16690.35,739.59,228.67,159.42,1644.80,101.11,249.56,116.18,1811.35,91.52,347.86,72.84,145.28,86.89,86.42,41.76,178.84,33.48,5725.16,532.49,5.29,0.68,48.71,3.72,7.25,2.86,0.00,0.00,28.93,3.51,20.45,5.19,2.58,6.07,9.22,23.71,23.07,7.76,7.72,5.27
43.80,43.8,03/06/2025 11:46:17,-2.070,23.874,,15.4,992135.0,632442.0,977145.46,445.46,1716.44,3852.95,747.04,10756.08,443.92,46.80,60.22,722.83,41.66,426.50,119.01,1499.81,68.31,315.04,51.97,157.26,50.78,36.21,25.98,131.26,24.35,4327.94,403.30,4.15,0.54,38.87,2.88,9.97,2.43,0.10,0.17,31.49,3.39,20.62,4.05,1.26,4.53,3.67,21.74,19.46,7.11,6.81,4.81,42955.73,738.69,2846.33,7280.00,1411.50,23010.87,949.70,107.24,137.99,1804.85,104.03,513.77,143.36,2098.55,95.58,525.65,86.72,280.74,90.64,52.92,37.97,188.60,34.99,6187.84,576.61,5.29,0.69,48.65,3.61,12.41,3.03,0.13,0.22,37.24,4.01,27.85,5.47,1.68,6.04,4.10,24.28,20.96,7.65,7.72,5.46
43.90,43.9,03/06/2025 11:46:45,-0.608,24.271,,15.4,996922.0,623738.0,955707.74,310.43,1782.20,7180.07,1231.85,26897.41,975.82,55.61,47.29,621.77,44.97,1232.45,212.56,2041.47,78.15,426.74,61.85,166.07,55.90,80.86,34.79,121.47,22.85,4972.15,463.64,4.33,0.59,53.97,4.56,7.88,2.66,0.00,0.00,51.72,4.51,23.05,4.49,3.54,5.20,9.53,23.98,24.66,8.42,7.09,5.39,86280.02,514.78,2955.38,13566.47,2327.54,57542.57,2087.60,127.43,108.35,1552.49,112.29,1484.62,256.05,2856.44,109.34,712.01,103.20,296.47,99.80,118.18,50.85,174.53,32.84,7108.90,662.89,5.51,0.75,67.56,5.71,9.81,3.31,0.00,0.00,61.16,5.34,31.13,6.07,4.72,6.94,10.65,26.78,26.57,9.07,8.04,6.12
44.00,44.0,03/06/2025 11:47:03,-1.485,24.141,1181350.073,15.4,996936.0,615787.0,946860.32,317.12,1727.32,8244.61,1391.37,33653.28,1199.64,2.31,66.68,627.05,45.84,1515.70,250.19,2518.66,84.90,535.42,70.25,142.26,57.42,69.24,33.68,108.48,20.71,5228.05,487.51,4.77,0.62,42.90,3.04,12.15,2.92,0.00,0.00,53.29,4.68,24.76,4.65,1.89,5.26,0.00,0.00,28.04,8.83,9.70,5.65,104114.55,525.87,2864.37,15577.89,2628.93,71995.64,2566.43,5.30,152.78,1565.69,114.47,1825.82,301.38,3524.12,118.79,893.34,117.22,253.96,102.50,101.20,49.23,155.86,29.76,7474.77,697.02,6.07,0.79,53.70,3.80,15.12,3.63,0.00,0.00,63.02,5.53,33.44,6.29,2.52,7.02,0.00,0.00,30.21,9.51,11.00,6.41
44.10,44.1,03/06/2025 11:47:21,-3.025,20.970,,15.4,995496.0,616962.0,946023.45,313.81,1749.34,8376.01,1411.85,33215.55,1185.34,32.02,67.25,585.96,45.75,1676.14,270.53,2812.50,87.03,535.63,70.19,205.89,58.53,103.72,39.77,81.21,15.94,5853.85,548.45,4.13,0.62,46.78,3.45,8.52,2.82,0.00,0.00,58.21,4.95,26.05,4.78,3.05,5.43,2.96,24.87,22.91,8.90,11.64,5.81,105019.28,520.39,2900.88,15826.16,2667.64,71059.19,2535.84,73.37,154.10,1463.09,114.23,2019.09,325.88,3935.27,121.77,893.69,117.11,367.56,104.49,151.59,58.13,116.68,22.90,8369.50,784.15,5.26,0.79,58.56,4.32,10.61,3.51,0.00,0.00,68.84,5.85,35.19,6.46,4.06,7.25,3.31,27.77,24.68,9.58,13.20,6.59
44.20,44.2,03/06/2025 11:47:39,-3.789,24.144,,15.4,996820.0,618716.0,950544.18,413.19,1748.26,7167.32,1229.71,29443.45,1060.13,143.00,95.39,684.33,44.97,1322.35,223.90,2850.18,86.08,456.21,64.66,165.15,56.89,60.57,31.91,116.76,21.97,6426.31,605.28,4.23,0.63,53.31,4.30,10.92,2.91,0.00,0.00,61.88,5.09,27.71,4.75,0.85,5.40,0.79,24.42,36.35,8.96,10.96,5.77,95584.44,685.18,2899.10,13542.38,2323.49,62989.41,2267.98,327.67,218.58,1708.71,112.29,1592.91,269.71,3987.99,120.44,761.19,107.89,294.82,101.56,88.53,46.64,167.76,31.57,9187.97,865.39,5.39,0.80,66.73,5.38,13.59,3.63,0.00,0.00,73.18,6.02,37.43,6.41,1.14,7.20,0.88,27.27,39.16,9.66,12.44,6.55
44.30,44.3,03/06/2025 11:47:58,-1.036,24.142,,15.5,991622.0,609537.0,942964.91,354.07,1776.73,8696.33,1459.01,36505.75,1293.90,35.88,33.71,581.67,46.23,1765.88,282.62,2573.95,85.50,424.66,62.86,161.76,58.18,100.11,39.23,115.66,21.75,5479.47,511.56,5.08,0.64,72.28,7.14,11.40,2.90,0.00,0.00,60.43,5.05,26.83,4.79,2.41,5.31,20.38,24.96,31.28,9.15,9.82,5.81,111813.51,587.15,2946.31,16431.40,2756.75,78098.02,2768.08,82.22,77.25,1452.37,115.44,2127.19,340.44,3601.49,119.63,708.54,104.89,288.77,103.86,146.32,57.33,166.18,31.26,7834.24,731.40,6.46,0.82,90.48,8.93,14.19,3.61,0.00,0.00,71.47,5.98,36.24,6.48,3.21,7.08,22.76,27.87,33.70,9.86,11.14,6.59
44.40,44.4,03/06/2025 11:48:26,-1.946,23.548,,15.5,991214.0,608478.0,948009.87,756.94,1741.18,8263.34,1392.24,31872.61,1140.38,40.44,66.91,607.79,45.39,1452.44,241.00,2566.39,84.56,493.31,67.25,180.32,57.59,78.38,34.90,157.94,28.81,5292.71,493.91,4.95,0.63,86.78,10.03,12.08,2.87,0.06,0.20,55.22,4.76,27.07,4.61,0.00,0.00,2.52,24.65,27.34,8.66,11.51,5.66,101336.38,1255.21,2887.36,15613.27,2630.59,68186.18,2439.66,92.67,153.31,1517.60,113.33,1749.62,290.31,3590.90,118.31,823.08,112.21,321.90,102.80,114.55,51.00,226.93,41.39,7567.22,706.16,6.30,0.80,108.63,12.56,15.04,3.57,0.08,0.26,65.30,5.63,36.56,6.23,0.00,0.00,2.82,27.52,29.45,9.33,13.06,6.42
44.50,44.5,03/06/2025 11:48:44,-1.635,22.287,1181349.614,15.5,984084.0,606769.0,948997.67,571.46,1747.15,8065.19,1361.87,31399.43,1124.15,84.11,63.86,647.75,44.42,1743.38,278.85,2568.20,84.24,378.79,59.65,176.96,57.15,73.62,33.91,135.63,24.98,4940.85,459.57,3.89,0.58,78.31,8.44,9.86,2.74,0.13,0.20,55.13,4.71,22.61,4.50,1.22,5.15,0.00,0.00,33.22,8.73,12.55,5.53,99441.45,947.64,2897.25,15238.88,2573.20,67173.90,2404.94,192.74,146.33,1617.38,110.91,2100.08,335.91,3593.44,117.86,632.02,99.52,315.90,102.03,107.61,49.57,194.88,35.89,7064.15,657.06,4.96,0.74,98.03,10.56,12.27,3.42,0.18,0.27,65.20,5.56,30.55,6.08,1.63,6.86,0.00,0.00,35.79,9.40,14.24,6.28
44.60,44.6,03/06/2025 11:49:02,-4.058,19.707,,15.5,985950.0,609910.0,952430.13,391.78,1719.15,7526.95,1281.94,28397.44,1025.03,185.61,116.81,751.71,44.26,1461.00,240.81,2642.68,83.58,433.02,62.49,209.01,56.80,85.34,35.63,135.45,24.95,5156.08,480.95,4.65,0.61,53.85,4.46,10.49,2.80,0.00,0.00,51.43,4.53,25.24,4.52,0.34,5.11,5.27,24.02,31.98,8.74,10.56,5.56,92403.91,649.68,2850.83,14221.88,2422.18,60751.63,2192.89,425.29,267.65,1876.95,110.50,1759.93,290.08,3697.65,116.94,722.48,104.26,373.12,101.39,124.73,52.07,194.62,35.85,7371.87,687.63,5.92,0.78,67.41,5.58,13.06,3.49,0.00,0.00,60.82,5.35,34.09,6.11,0.45,6.82,5.88,26.82,34.45,9.42,11.98,6.30
44.70,44.7,03/06/2025 11:49:20,-3.368,24.668,,15.5,988849.0,609632.0,950863.37,424.53,1729.95,7392.03,1261.33,30520.80,1095.10,99.36,72.23,623.32,45.02,1455.48,240.60,2460.28,82.69,506.91,67.55,195.50,57.10,84.38,35.65,85.92,16.76,5096.94,475.06,4.93,0.62,51.12,4.08,11.74,2.83,0.00,0.00,49.87,4.44,28.21,4.61,0.00,0.00,2.75,24.31,28.03,8.73,14.55,5.53,95905.50,703.98,2868.73,13966.96,2383.24,65294.21,2342.78,227.68,165.50,1556.36,112.41,1753.27,289.83,3442.44,115.70,845.77,112.71,349.00,101.94,123.33,52.10,123.45,24.08,7287.32,679.22,6.28,0.80,63.99,5.11,14.61,3.53,0.00,0.00,58.97,5.25,38.11,6.22,0.00,0.00,3.07,27.14,30.20,9.41,16.50,6.28
44.80,44.8,03/06/2025 11:49:38,-2.379,20.701,,15.5,987534.0,606912.0,947834.41,986.02,1762.44,8130.85,1372.33,32197.32,1150.88,83.21,63.69,684.47,45.04,1560.02,254.95,2574.40,84.39,445.52,63.82,180.21,57.45,67.96,33.19,139.03,25.63,4912.60,456.74,4.59,0.60,66.86,6.39,9.55,2.80,0.00,0.00,53.32,4.62,20.15,4.57,1.29,5.22,11.07,24.56,26.83,8.78,10.33,5.65,101894.22,1635.10,2922.61,15362.94,2592.97,68880.85,2462.12,190.66,145.93,1709.05,112.47,1879.20,307.12,3602.12,118.08,743.34,106.49,321.70,102.56,99.33,48.51,199.76,36.82,7023.76,653.02,5.84,0.77,83.70,8.00,11.89,3.48,0.00,0.00,63.06,5.46,27.21,6.17,1.72,6.96,12.36,27.42,28.90,9.46,11.72,6.41
44.90,44.9,03/06/2025 11:50:06,-2.300,26.452,,15.5,986349.0,606876.0,945945.18,322.04,1767.70,8163.20,1378.87,34626.01,1231.38,51.98,68.22,702.84,45.36,1597.70,260.29,2457.86,83.88,475.06,66.43,170.95,57.91,93.70,37.82,108.68,20.58,5063.44,471.24,4.81,0.62,80.25,8.70,13.61,2.86,0.00,0.00,49.79,4.53,30.42,4.77,0.31,5.28,1.92,24.83,28.39,8.66,11.86,5.79,106172.83,534.03,2931.33,15424.06,2605.32,74076.63,2634.33,119.12,156.31,1754.93,113.26,1924.59,313.55,3439.05,117.37,792.64,110.83,305.18,103.38,136.95,55.27,156.15,29.57,7239.43,673.75,6.12,0.79,100.45,10.89,16.94,3.56,0.00,0.00,58.88,5.35,41.10,6.44,0.42,7.05,2.14,27.73,30.59,9.33,13.45,6.57
45.00,45.0,03/06/2025 11:50:24,-1.831,26.786,1181350.736,15.5,988011.0,607715.0,946674.71,338.08,1748.04,8433.25,1418.40,33439.19,1192.17,40.75,37.65,731.19,45.19,1619.59,263.13,2569.72,84.83,556.57,71.42,193.06,58.02,68.63,33.46,133.69,24.73,4985.09,463.60,4.49,0.62,81.47,8.96,11.90,2.80,0.14,0.21,52.50,4.66,23.44,4.61,0.00,0.00,0.00,0.00,29.87,8.82,12.66,5.76,104454.25,560.64,2898.73,15934.32,2680.01,71537.62,2550.46,93.38,86.27,1825.71,112.83,1950.97,316.97,3595.57,118.70,928.63,119.17,344.64,103.58,100.31,48.90,192.09,35.54,7127.39,662.84,5.71,0.78,101.98,11.22,14.81,3.48,0.19,0.27,62.09,5.51,31.66,6.23,0.00,0.00,0.00,0.00,32.18,9.50,14.36,6.53
45.10,45.1,03/06/2025 11:50:42,-1.978,27.977,,15.5,984776.0,606303.0,943428.23,1643.04,1767.18,9092.04,1517.33,34262.89,1219.64,27.84,27.26,677.37,45.22,1911.59,301.63,2693.49,86.04,512.72,68.88,205.71,58.94,75.24,34.79,65.92,13.25,5177.85,482.05,4.68,0.62,67.39,6.35,13.02,2.86,0.00,0.00,55.21,4.80,34.15,4.83,0.00,0.00,0.00,0.00,37.91,9.26,13.70,5.95,110134.77,2724.62,2930.47,17179.07,2866.94,73299.79,2609.23,63.80,62.46,1691.32,112.92,2302.71,363.35,3768.74,120.39,855.48,114.93,367.22,105.22,109.97,50.84,94.71,19.04,7403.00,689.20,5.96,0.78,84.36,7.95,16.20,3.56,0.00,0.00,65.29,5.68,46.12,6.53,0.00,0.00,0.00,0.00,40.84,9.98,15.54,6.75
45.20,45.2,03/06/2025 11:51:00,-1.135,28.308,,15.5,988849.0,608346.0,944419.62,592.80,1787.12,8575.84,1441.41,34995.23,1243.77,95.57,70.94,603.79,45.64,1755.79,281.16,2678.20,86.06,448.48,64.41,185.42,58.17,98.56,38.82,120.17,22.47,5220.16,486.29,4.72,0.62,51.65,4.06,12.43,2.92,0.00,0.00,59.90,4.97,28.58,4.72,1.14,5.29,11.99,24.83,29.44,9.17,10.54,5.66,108755.87,983.03,2963.54,16203.72,2723.49,74866.51,2660.85,218.99,162.55,1507.60,113.96,2115.03,338.69,3747.35,120.41,748.28,107.47,331.02,103.85,144.05,56.73,172.66,32.28,7463.49,695.27,6.00,0.79,64.66,5.08,15.47,3.64,0.00,0.00,70.83,5.87,38.61,6.38,1.52,7.05,13.38,27.72,31.71,9.88,11.95,6.42
45.30,45.3,03/06/2025 11:51:19,-1.920,29.959,,15.5,997075.0,611681.0,935646.14,601.33,1735.93,10309.29,1702.68,40106.68,1411.68,54.90,70.35,724.28,46.71,2009.48,316.42,3156.39,92.50,648.75,78.56,227.67,61.10,85.96,37.52,108.95,20.80,6052.88,566.68,4.54,0.65,84.27,9.01,12.59,3.10,0.00,0.00,64.40,5.36,40.31,5.23,0.00,0.00,7.90,25.96,38.22,9.88,15.06,6.24,125798.88,997.17,2878.65,19479.02,3217.15,85801.61,3020.06,125.79,161.19,1808.46,116.62,2420.63,381.16,4416.44,129.42,1082.44,131.08,406.43,109.08,125.63,54.84,156.55,29.88,8654.07,810.20,5.78,0.82,105.49,11.28,15.67,3.86,0.00,0.00,76.16,6.33,54.45,7.06,0.00,0.00,8.82,28.98,41.17,10.64,17.09,7.07
45.40,45.4,03/06/2025 11:51:47,-1.828,33.267,,15.5,1005253.0,607075.0,925484.79,985.05,1751.55,12496.29,2037.41,47061.07,1635.91,145.35,99.09,656.66,48.10,2482.86,382.54,3217.07,95.74,759.71,87.67,206.51,63.30,86.42,38.63,186.98,33.98,6008.97,561.19,4.48,0.66,55.68,4.32,11.81,3.20,0.00,0.00,66.03,5.54,36.21,5.27,1.45,5.87,0.00,0.00,33.79,9.84,12.82,6.51,146281.48,1633.49,2904.56,23611.28,3849.61,100679.38,3499.77,333.04,227.05,1639.62,120.11,2990.86,460.81,4501.35,133.95,1267.58,146.27,368.66,113.01,126.31,56.46,268.66,48.83,8591.28,802.36,5.70,0.84,69.70,5.41,14.70,3.98,0.00,0.00,78.08,6.55,48.92,7.12,1.93,7.83,0.00,0.00,36.40,10.60,14.54,7.38
45.50,45.5,03/06/2025 11:52:05,-1.958,34.454,1181349.813,15.5,1003061.0,606725.0,924415.78,329.16,1746.43,13086.70,2128.31,48617.24,1685.72,23.42,72.20,559.62,48.65,2700.39,412.77,3224.78,96.24,579.30,76.44,225.41,64.14,117.00,44.32,198.22,35.80,5644.63,525.40,5.10,0.67,116.87,15.61,15.22,3.19,0.12,0.22,66.10,5.53,38.54,5.35,0.00,0.00,1.10,27.21,20.34,9.13,14.97,6.50,148734.60,545.84,2896.06,24726.83,4021.37,104008.55,3606.31,53.66,165.45,1397.31,121.47,3252.90,497.23,4512.14,134.66,966.55,127.54,402.41,114.50,171.00,64.78,284.81,51.44,8070.37,751.19,6.50,0.86,146.29,19.54,18.94,3.97,0.16,0.28,78.17,6.54,52.06,7.23,0.00,0.00,1.23,30.38,21.91,9.84,16.98,7.37
45.60,45.6,03/06/2025 11:52:23,-4.368,38.092,,15.4,1006672.0,609297.0,923939.99,375.44,1814.72,11602.03,1902.72,50325.57,1740.40,0.00,0.00,664.23,48.67,2573.87,395.87,3396.89,98.01,701.21,84.45,180.64,63.74,106.36,42.41,132.69,24.85,5751.53,535.80,5.00,0.69,78.26,7.66,13.16,3.18,0.10,0.22,67.57,5.63,46.99,5.47,0.00,0.00,0.00,0.00,27.44,9.59,11.02,6.48,150087.46,622.58,3009.31,21921.61,3595.12,107663.24,3723.31,0.00,0.00,1658.53,121.52,3100.49,476.87,4752.95,137.13,1169.97,140.91,322.47,113.78,155.46,61.98,190.65,35.70,8223.22,766.06,6.37,0.88,97.96,9.59,16.38,3.96,0.13,0.29,79.90,6.66,63.48,7.39,0.00,0.00,0.00,0.00,29.56,10.33,12.51,7.36
45.70,45.7,03/06/2025 11:52:41,-3.253,39.083,,15.5,1003501.0,607684.0,919777.69,1109.49,1737.28,13491.62,2189.70,51640.03,1783.26,30.66,73.15,613.76,49.23,2530.58,390.24,3614.29,100.76,690.63,83.62,196.72,64.54,94.26,40.48,178.96,32.54,5774.38,537.58,5.55,0.72,57.36,4.49,13.19,3.33,0.00,0.00,73.41,5.88,39.26,5.45,2.05,5.97,19.56,27.70,32.99,9.97,13.55,6.60,157980.22,1839.84,2880.90,25491.91,4137.36,110475.31,3814.99,70.26,167.60,1532.51,122.93,3048.35,470.08,5057.14,140.99,1152.32,139.52,351.18,115.21,137.77,59.17,257.14,46.76,8255.89,768.60,7.06,0.91,71.80,5.61,16.42,4.14,0.00,0.00,86.82,6.96,53.03,7.37,2.74,7.95,21.84,30.92,35.54,10.74,15.37,7.49
45.80,45.8,03/06/2025 11:52:59,-1.415,40.074,,15.5,1006373.0,607747.0,919516.58,826.62,1847.81,13073.91,2128.54,51875.98,1791.02,25.40,73.20,574.11,49.27,2508.14,386.86,3827.22,103.21,673.13,82.61,231.97,65.10,86.00,39.09,172.38,31.43,6364.33,595.16,5.35,0.71,56.08,4.27,15.10,3.29,0.00,0.00,70.57,5.83,38.80,5.53,0.00,0.00,10.74,27.68,30.25,10.18,17.35,6.76,158227.48,1370.77,3064.17,24702.66,4021.80,110980.09,3831.60,58.20,167.72,1433.49,123.03,3021.31,466.01,5355.08,144.42,1123.11,137.84,414.10,116.21,125.69,57.13,247.69,45.16,9099.36,850.93,6.81,0.91,70.20,5.35,18.79,4.09,0.00,0.00,83.46,6.89,52.41,7.47,0.00,0.00,12.00,30.90,32.58,10.97,19.68,7.67
45.90,45.9,03/06/2025 11:53:27,-1.392,42.320,,15.5,1006375.0,606181.0,914808.45,624.82,1793.20,14246.77,2307.42,55198.06,1897.91,23.15,74.05,516.63,49.87,2976.97,452.19,4082.56,107.18,664.84,82.45,240.60,66.47,102.72,42.40,198.41,35.78,6060.23,564.77,5.41,0.73,53.26,3.90,14.04,3.38,0.18,0.23,74.44,6.02,35.96,5.59,0.00,0.00,26.80,28.16,29.09,9.96,16.59,6.84,167629.99,1036.12,2973.62,26918.73,4359.78,118087.13,4060.26,53.05,169.67,1289.99,124.53,3586.07,544.71,5712.34,149.97,1109.28,137.57,429.52,118.66,150.12,61.97,285.08,51.41,8664.57,807.48,6.89,0.92,66.67,4.88,17.48,4.20,0.24,0.31,88.04,7.12,48.58,7.54,0.00,0.00,29.93,31.44,31.34,10.73,18.82,7.76
46.00,46.0,03/06/2025 11:53:45,-2.057,40.209,1181350.205,15.5,1008108.0,607280.0,914100.62,1158.31,1792.91,13544.83,2198.73,56175.86,1928.82,30.87,30.52,611.96,49.50,2895.80,441.32,4081.52,107.64,736.87,87.75,234.28,66.64,111.16,44.16,72.68,14.69,5978.06,556.74,5.69,0.73,70.52,6.20,13.40,3.30,0.00,0.00,74.23,6.00,42.09,5.68,1.35,6.20,6.31,28.37,40.16,10.66,13.45,6.78,169276.01,1920.80,2973.14,25592.44,4154.41,120178.99,4126.39,70.72,69.94,1528.02,123.59,3488.29,531.62,5710.88,150.62,1229.46,146.41,418.23,118.97,162.47,64.54,104.43,21.10,8547.09,796.00,7.25,0.93,88.27,7.77,16.68,4.11,0.00,0.00,87.78,7.10,56.85,7.67,1.79,8.27,7.04,31.67,43.26,11.48,15.26,7.69
46.10,46.1,03/06/2025 11:54:03,-2.035,38.292,,15.5,1004958.0,606356.0,914924.31,973.24,1847.21,13482.26,2191.09,55716.39,1914.35,93.26,72.62,510.59,49.72,2905.89,442.61,3712.25,102.46,1023.22,106.33,291.06,66.98,109.28,43.69,135.83,25.34,5857.75,544.96,5.73,0.74,68.52,5.92,12.72,3.32,0.00,0.00,73.87,5.93,44.28,5.67,0.00,0.00,8.15,28.28,32.15,10.21,19.24,6.79,167745.82,1613.91,3063.18,25474.22,4139.98,119196.01,4095.43,213.69,166.39,1274.89,124.14,3500.45,533.17,5194.21,143.37,1707.24,177.41,519.60,119.58,159.73,63.86,195.17,36.42,8375.09,779.15,7.29,0.94,85.77,7.41,15.84,4.13,0.00,0.00,87.35,7.02,59.82,7.66,0.00,0.00,9.10,31.57,34.63,11.00,21.82,7.71
46.20,46.2,03/06/2025 11:54:22,-2.397,43.780,,15.4,1010163.0,606351.0,909073.77,1146.67,1862.20,14877.42,2405.07,59588.71,2039.41,24.89,75.70,480.07,50.90,3212.51,486.00,3783.06,104.81,733.31,88.26,244.11,67.90,131.87,48.62,108.96,20.97,6316.63,589.29,5.62,0.75,82.74,8.03,14.89,3.45,0.00,0.00,77.24,6.23,42.97,5.77,0.00,0.00,7.78,28.83,31.72,10.52,15.05,6.85,179289.19,1901.49,3088.03,28110.33,4544.30,127480.20,4362.99,57.03,173.46,1198.70,127.10,3869.80,585.44,5293.28,146.65,1223.52,147.27,435.79,121.22,192.74,71.06,156.56,30.13,9031.17,842.54,7.15,0.96,103.57,10.05,18.54,4.30,0.00,0.00,91.35,7.36,58.04,7.79,0.00,0.00,8.68,32.18,34.17,11.33,17.07,7.77
46.30,46.3,03/06/2025 11:54:40,-3.689,43.847,,15.5,1009954.0,604360.0,908267.77,496.19,1793.91,14554.77,2355.03,61380.89,2096.61,0.00,0.00,532.93,50.50,3357.30,506.78,3498.78,102.84,748.15,89.17,304.29,69.18,130.07,48.28,153.33,28.37,6303.86,587.91,5.70,0.74,84.29,8.26,15.88,3.44,0.00,0.00,79.45,6.33,39.71,5.70,0.00,0.00,2.60,28.86,30.62,10.29,13.41,6.93,181454.27,822.81,2974.80,27500.70,4449.75,131314.29,4485.35,0.00,0.00,1330.67,126.10,4044.22,610.47,4895.52,143.90,1248.28,148.77,543.22,123.51,190.11,70.56,220.31,40.77,9012.91,840.56,7.25,0.95,105.51,10.34,19.77,4.28,0.00,0.00,93.96,7.48,53.64,7.70,0.00,0.00,2.90,32.22,32.98,11.09,15.22,7.87
46.40,46.4,03/06/2025 11:55:08,-1.609,39.221,,15.4,1014252.0,606120.0,907785.47,1267.94,1796.14,14375.95,2327.47,60889.55,2081.17,54.44,77.39,489.24,51.33,3152.17,478.21,3836.62,105.84,932.20,101.72,280.32,69.00,93.97,41.73,167.17,30.74,6394.43,596.72,5.36,0.74,81.09,7.71,14.12,3.45,0.01,0.24,80.64,6.42,39.19,5.75,0.20,6.35,3.10,29.20,40.78,10.75,16.04,7.17,181956.02,2102.59,2978.50,27162.82,4397.66,130263.14,4452.33,124.74,177.33,1221.60,128.17,3797.12,576.05,5368.22,148.09,1555.38,169.71,500.42,123.18,137.35,60.99,240.19,44.17,9142.39,853.15,6.82,0.94,101.50,9.65,17.57,4.30,0.01,0.32,95.37,7.60,52.94,7.77,0.27,8.47,3.46,32.60,43.92,11.58,18.20,8.13
46.50,46.5,03/06/2025 11:55:26,-1.752,47.945,1181342.800,15.5,1011231.0,603878.0,909100.51,430.28,1830.92,14736.18,2383.35,60632.53,2072.52,16.55,76.11,630.45,50.17,3217.82,487.55,3745.21,104.97,777.96,91.62,202.24,67.61,82.69,39.84,134.48,25.31,6021.83,560.48,5.70,0.75,84.54,8.37,13.59,3.44,0.00,0.00,81.18,6.36,38.40,5.70,2.47,6.29,0.00,0.00,30.63,10.33,14.78,6.90,179912.59,713.53,3036.17,27843.45,4503.26,129713.28,4433.81,37.92,174.39,1574.17,125.27,3876.20,587.30,5240.32,146.87,1298.02,152.86,361.04,120.70,120.86,58.23,193.22,36.37,8609.67,801.34,7.26,0.95,105.83,10.48,16.91,4.28,0.00,0.00,96.01,7.52,51.86,7.70,3.29,8.38,0.00,0.00,32.99,11.12,16.76,7.83
46.60,46.6,03/06/2025 11:55:44,-1.705,46.758,,15.5,1005534.0,604699.0,912140.31,232.16,1827.05,13270.67,2158.14,59882.15,2047.68,33.59,75.89,560.11,49.99,3182.48,481.77,3583.21,102.71,710.73,86.80,221.80,67.32,76.55,38.50,94.30,18.48,5798.05,538.97,5.44,0.73,36.75,2.21,12.62,3.33,0.01,0.24,71.57,5.91,41.59,5.66,0.00,0.00,3.28,28.75,29.54,10.23,13.12,6.81,174268.87,384.98,3029.76,25074.43,4077.72,128107.97,4380.66,76.96,173.90,1398.55,124.82,3833.63,580.34,5013.65,143.72,1185.84,144.83,395.95,120.18,111.88,56.28,135.49,26.56,8289.73,770.60,6.93,0.92,46.00,2.76,15.71,4.15,0.01,0.31,84.63,6.99,56.17,7.65,0.00,0.00,3.66,32.10,31.82,11.02,14.89,7.72
46.70,46.7,03/06/2025 11:56:02,-2.146,47.219,,15.4,1012131.0,605991.0,911223.92,901.74,1858.98,14610.15,2363.49,56991.54,1955.74,54.46,47.97,590.80,49.90,2960.71,450.68,4618.89,114.88,813.99,93.65,220.89,67.41,110.15,44.37,170.77,31.29,6472.83,604.67,5.30,0.74,73.48,6.55,16.71,3.58,0.10,0.24,82.01,6.42,39.06,5.73,0.98,6.30,0.00,0.00,23.47,10.26,18.05,6.97,174383.66,1495.34,3082.70,27605.34,4465.72,121923.98,4183.98,124.79,109.92,1475.16,124.58,3566.49,542.89,6462.77,160.74,1358.14,156.25,394.33,120.34,160.99,64.84,245.37,44.96,9254.49,864.52,6.75,0.94,91.97,8.20,20.80,4.45,0.13,0.32,96.98,7.60,52.76,7.75,1.31,8.39,0.00,0.00,25.28,11.05,20.48,7.91
46.80,46.8,03/06/2025 11:56:20,-2.424,47.288,,15.5,1008255.0,603343.0,916502.82,1014.92,1765.65,12731.91,2073.89,55578.53,1909.41,43.10,75.02,635.73,49.25,2831.24,432.49,3480.11,100.73,735.88,87.66,197.14,65.62,59.44,35.66,142.77,26.67,5823.35,542.04,4.79,0.69,53.94,4.01,12.74,3.25,0.15,0.23,75.75,5.99,34.17,5.46,0.17,6.03,0.00,0.00,24.17,9.62,17.16,6.60,165075.43,1683.02,2927.94,24056.48,3918.54,118901.09,4084.86,98.76,171.90,1587.36,122.96,3410.52,520.98,4869.39,140.94,1227.81,146.26,351.93,117.14,86.88,52.12,205.14,38.32,8325.90,774.98,6.10,0.88,67.52,5.02,15.86,4.04,0.20,0.30,89.59,7.09,46.16,7.38,0.23,8.04,0.00,0.00,26.04,10.36,19.47,7.48
46.90,46.9,03/06/2025 11:56:49,-2.685,46.159,,15.5,1009726.0,605332.0,915476.50,283.03,1822.38,13495.97,2192.78,55943.21,1921.51,28.38,74.64,663.06,49.40,2830.65,432.53,3682.98,102.66,708.11,86.35,186.38,66.12,91.42,40.63,173.09,31.68,6201.09,578.73,5.42,0.73,51.83,3.74,13.22,3.37,0.00,0.00,77.51,6.18,39.43,5.54,0.00,0.00,0.00,0.00,34.65,10.30,14.07,6.78,166983.35,469.33,3022.00,25500.13,4143.17,119681.26,4110.75,65.03,171.02,1655.60,123.35,3409.82,521.03,5153.25,143.64,1181.48,144.07,332.72,118.04,133.62,59.38,248.70,45.51,8865.98,827.43,6.89,0.93,64.88,4.68,16.45,4.19,0.00,0.00,91.66,7.31,53.26,7.48,0.00,0.00,0.00,0.00,37.33,11.09,15.96,7.69
47.00,47.0,03/06/2025 11:57:07,-1.706,42.461,1181346.966,15.4,1017626.0,607034.0,915018.39,1042.65,1818.41,14562.56,2356.20,53538.54,1845.51,21.77,74.30,636.51,49.67,2742.45,420.22,4054.96,107.53,853.00,96.11,217.02,66.91,85.82,39.87,123.18,23.58,6833.55,640.68,5.37,0.73,72.77,6.49,14.33,3.32,0.00,0.00,81.73,6.35,41.38,5.63,0.00,0.00,0.00,0.00,33.42,10.38,20.59,6.87,166608.75,1729.00,3015.43,27515.40,4451.95,114536.87,3948.17,49.89,170.26,1589.31,124.02,3303.57,506.20,5673.72,150.45,1423.23,160.36,387.43,119.45,125.43,58.28,176.99,33.88,9770.23,916.01,6.84,0.93,91.09,8.13,17.84,4.13,0.00,0.00,96.65,7.52,55.90,7.61,0.00,0.00,0.00,0.00,36.00,11.18,23.35,7.80
47.10,47.1,03/06/2025 11:57:25,-2.143,42.324,,15.4,1012185.0,605253.0,909424.30,1320.76,1821.04,13703.96,2224.08,60428.42,2065.84,21.13,76.09,620.02,50.67,3498.91,526.70,3456.65,102.55,820.42,94.17,216.65,67.78,115.31,45.52,173.28,31.75,5905.64,549.18,5.50,0.73,93.67,10.02,13.71,3.41,0.00,0.00,78.01,6.22,40.16,5.68,2.02,6.30,8.71,29.08,32.47,10.23,20.28,6.98,178982.78,2190.19,3019.79,25893.12,4202.32,129276.63,4419.53,48.42,174.36,1548.12,126.53,4214.80,634.46,4836.57,143.48,1368.87,157.11,386.77,121.00,168.53,66.53,248.98,45.63,8443.56,785.19,7.00,0.93,117.25,12.54,17.06,4.24,0.00,0.00,92.26,7.36,54.25,7.67,2.70,8.41,9.72,32.47,34.97,11.02,23.00,7.92
47.20,47.2,03/06/2025 11:57:43,-1.430,42.392,,15.4,1013314.0,607755.0,915482.79,1071.16,1839.26,13395.90,2177.31,55658.57,1912.68,59.33,76.42,602.40,50.59,2879.80,439.08,3353.98,99.88,857.60,96.13,206.41,66.21,93.65,41.00,109.54,21.15,5978.85,557.14,5.54,0.72,71.84,6.44,11.68,3.25,0.00,0.00,70.18,5.80,43.39,5.57,0.00,0.00,0.00,0.00,28.21,10.16,19.21,6.81,166908.80,1776.27,3050.00,25311.05,4113.94,119072.31,4091.87,135.95,175.10,1504.13,126.32,3469.02,528.92,4692.91,139.75,1430.90,160.39,368.49,118.20,136.87,59.92,157.39,30.39,8548.22,796.57,7.04,0.91,89.92,8.06,14.54,4.05,0.00,0.00,82.99,6.86,58.60,7.52,0.00,0.00,0.00,0.00,30.39,10.95,21.79,7.72
47.30,47.3,03/06/2025 11:58:01,-1.794,42.259,,15.4,1009528.0,609632.0,926511.12,880.38,1818.46,12231.09,1998.64,46484.18,1617.38,11.03,12.29,782.07,49.12,2313.20,359.68,3314.08,96.84,714.36,85.00,191.88,63.31,89.90,39.19,112.19,21.47,6107.49,571.03,5.39,0.69,69.47,6.26,14.98,3.20,0.06,0.22,73.83,5.84,41.66,5.39,0.60,5.90,0.00,0.00,32.14,9.71,18.87,6.53,144289.11,1459.90,3015.51,23110.18,3776.36,99445.23,3460.12,25.28,28.17,1952.75,122.64,2786.50,433.28,4637.08,135.50,1191.91,141.82,342.54,113.02,131.40,57.28,161.20,30.85,8732.15,816.42,6.86,0.88,86.96,7.84,18.64,3.98,0.08,0.29,87.31,6.90,56.28,7.29,0.81,7.87,0.00,0.00,34.62,10.46,21.41,7.41
47.40,47.4,03/06/2025 11:58:29,-3.078,44.377,,15.4,1007215.0,611001.0,919058.19,495.85,1788.49,13245.05,2153.72,52831.15,1821.42,56.26,75.26,643.08,49.59,2758.77,421.64,3605.46,100.88,624.54,79.59,232.88,65.62,108.26,43.16,115.76,22.01,5978.07,557.31,5.13,0.70,60.77,4.91,10.34,3.23,0.00,0.00,67.73,5.70,40.52,5.52,0.00,0.00,21.35,27.83,27.21,10.12,13.64,6.69,159602.78,822.25,2965.82,25026.03,4069.38,113023.53,3896.64,128.91,172.45,1605.70,123.81,3323.23,507.91,5044.78,141.15,1042.04,132.79,415.74,117.14,158.23,63.08,166.32,31.62,8547.11,796.82,6.52,0.89,76.07,6.14,12.87,4.02,0.00,0.00,80.10,6.74,54.73,7.46,0.00,0.00,23.83,31.08,29.31,10.90,15.48,7.58
47.50,47.5,03/06/2025 11:58:47,-3.328,37.889,1181348.491,15.4,1013708.0,607279.0,908147.66,1265.14,1868.23,15273.59,2466.17,59882.54,2049.21,61.05,53.18,569.99,50.80,3124.93,474.39,3992.08,108.01,764.45,90.91,200.94,67.99,109.80,44.57,162.91,30.05,6180.51,575.92,5.80,0.75,60.17,4.67,12.62,3.31,0.05,0.24,79.04,6.28,44.03,5.74,0.00,0.00,0.00,0.00,38.44,10.63,24.27,7.15,181164.43,2097.95,3098.04,28858.88,4659.74,128108.80,4383.95,139.89,121.86,1423.22,126.84,3764.31,571.45,5585.75,151.13,1275.47,151.68,358.72,121.38,160.47,65.15,234.08,43.18,8836.55,823.42,7.38,0.95,75.32,5.85,15.71,4.12,0.07,0.32,93.47,7.43,59.47,7.75,0.00,0.00,0.00,0.00,41.41,11.45,27.53,8.11
47.60,47.6,03/06/2025 11:59:06,-3.319,44.174,,15.4,1010910.0,606568.0,907695.55,1469.16,1868.02,15411.47,2487.41,60264.01,2061.43,28.09,76.28,585.60,50.92,3204.69,485.19,3453.03,102.43,847.33,95.44,261.85,68.38,102.36,43.05,221.50,39.83,6173.24,575.14,5.47,0.74,61.35,4.83,12.71,3.40,0.00,0.00,79.73,6.30,43.97,5.79,0.00,0.00,19.51,28.99,37.29,10.77,22.08,6.95,182214.51,2436.28,3097.69,29119.40,4699.88,128924.90,4410.09,64.37,174.80,1462.18,127.14,3860.39,584.46,4831.50,143.32,1413.77,159.24,467.44,122.07,149.60,62.93,318.26,57.24,8826.15,822.30,6.97,0.94,76.80,6.05,15.82,4.23,0.00,0.00,94.29,7.45,59.39,7.82,0.00,0.00,21.79,32.37,40.17,11.60,25.05,7.89
47.70,47.7,03/06/2025 11:59:24,-3.622,44.308,,15.4,1013626.0,606393.0,904199.97,671.46,1821.50,15747.75,2538.91,63460.73,2164.20,183.22,120.12,455.90,51.99,3155.69,478.85,3871.74,106.90,996.08,106.26,228.87,68.82,122.40,47.31,198.98,36.14,6460.10,602.72,6.00,0.77,56.28,4.14,11.37,3.38,0.00,0.00,78.15,6.33,44.20,5.79,0.00,0.00,6.82,29.58,28.80,10.72,15.50,7.10,189481.07,1113.46,3020.55,29754.79,4797.17,135763.75,4629.96,419.82,275.23,1138.33,129.82,3801.36,576.82,5417.36,149.58,1661.96,177.29,408.57,122.86,178.89,69.15,285.90,51.93,9236.28,861.73,7.64,0.98,70.45,5.19,14.15,4.21,0.00,0.00,92.42,7.49,59.70,7.83,0.00,0.00,7.62,33.02,31.03,11.54,17.58,8.06
47.80,47.8,03/06/2025 11:59:42,-2.631,45.428,,15.4,1015656.0,605709.0,903029.19,1056.43,1828.84,15617.70,2519.44,64214.54,2188.71,0.00,0.00,608.71,51.59,3354.82,507.22,3937.33,108.15,1002.16,107.46,189.23,69.06,75.66,39.51,109.22,21.18,6542.25,610.59,5.74,0.76,74.02,6.50,15.07,3.55,0.00,0.00,76.45,6.28,38.21,5.81,0.85,6.47,0.00,0.00,35.51,10.99,16.89,7.18,191658.05,1751.85,3032.73,29509.07,4760.38,137376.40,4682.39,0.00,0.00,1519.89,128.81,4041.24,611.00,5509.14,151.32,1672.10,179.30,337.80,123.28,110.59,57.74,156.93,30.43,9353.74,872.99,7.31,0.96,92.66,8.14,18.76,4.42,0.00,0.00,90.41,7.43,51.62,7.85,1.14,8.63,0.00,0.00,38.26,11.84,19.16,8.14
47.90,47.9,03/06/2025 12:00:10,-2.397,44.508,,15.4,1016798.0,607357.0,901652.87,771.87,1861.35,16180.21,2606.65,64819.90,2208.38,0.00,0.00,689.85,51.52,3678.20,552.97,3914.12,108.21,1003.90,107.43,252.50,70.12,100.38,43.49,149.90,27.91,6479.64,604.22,5.91,0.77,102.52,11.39,14.24,3.55,0.00,0.00,78.83,6.39,52.34,6.07,0.91,6.55,7.50,29.96,28.11,10.74,16.31,7.14,194281.22,1279.97,3086.63,30571.90,4925.16,138671.46,4724.47,0.00,0.00,1722.49,128.64,4430.78,666.11,5476.66,151.41,1675.00,179.25,450.76,125.18,146.71,63.56,215.39,40.10,9264.23,863.88,7.52,0.98,128.33,14.26,17.72,4.41,0.00,0.00,93.22,7.56,70.70,8.20,1.22,8.74,8.38,33.45,30.28,11.57,18.50,8.10
48.00,48.0,03/06/2025 12:00:28,-2.963,50.260,1181345.183,15.4,1019686.0,606962.0,901249.35,1123.69,1912.66,16799.98,2702.65,64554.25,2200.38,47.46,44.25,597.33,52.10,2871.20,439.87,4131.87,111.04,846.39,96.79,194.05,69.13,94.07,42.45,303.50,54.49,6888.51,644.36,6.31,0.79,81.04,7.53,15.85,3.64,0.00,0.00,87.69,6.79,48.15,6.01,0.19,6.54,8.64,29.85,31.22,10.90,19.24,7.24,195094.02,1863.39,3171.72,31742.93,5106.57,138103.16,4707.36,108.75,101.39,1491.47,130.09,3458.66,529.87,5781.34,155.37,1412.19,161.50,346.42,123.41,137.49,62.04,436.09,78.29,9848.80,921.27,8.04,1.00,101.44,9.43,19.73,4.53,0.00,0.00,103.70,8.03,65.05,8.12,0.25,8.73,9.65,33.33,33.63,11.75,21.83,8.21
48.10,48.1,03/06/2025 12:00:46,-3.028,51.844,,15.4,1017668.0,606053.0,899892.13,953.58,1854.53,16829.55,2706.43,65737.72,2238.08,78.82,65.10,533.56,52.45,3465.99,522.77,4108.45,110.62,957.41,104.70,249.28,70.49,140.62,51.35,187.18,34.11,6606.26,616.46,5.70,0.77,56.60,4.13,14.33,3.60,0.15,0.25,87.07,6.75,41.81,5.95,0.00,0.00,0.00,0.00,35.78,10.75,18.00,7.18,197728.42,1581.30,3075.33,31798.81,5113.71,140635.00,4788.01,180.60,149.16,1332.26,130.97,4175.14,629.74,5748.56,154.78,1597.44,174.69,445.02,125.83,205.53,75.04,268.95,49.00,9445.26,881.38,7.26,0.98,70.85,5.17,17.83,4.48,0.19,0.33,102.97,7.99,56.48,8.04,0.00,0.00,0.00,0.00,38.54,11.58,20.42,8.15
48.20,48.2,03/06/2025 12:01:04,-3.659,54.759,,15.4,1023154.0,607639.0,898169.75,738.02,1908.92,17699.22,2841.58,65837.26,2242.05,67.56,58.03,574.78,52.67,3221.54,488.80,4596.17,117.55,1036.51,110.23,271.21,71.09,124.23,48.23,219.30,39.64,7155.36,669.97,5.30,0.77,77.11,6.82,18.42,3.70,0.00,0.00,80.02,6.46,49.97,6.23,0.00,0.00,0.00,0.00,39.03,11.31,19.24,7.39,200708.22,1223.84,3165.52,33442.02,5369.06,140847.94,4796.49,154.80,132.98,1435.18,131.52,3880.68,588.81,6430.98,164.48,1729.40,183.92,484.16,126.92,181.57,70.50,315.10,56.95,10230.34,957.88,6.74,0.98,96.52,8.53,22.93,4.60,0.00,0.00,94.63,7.64,67.50,8.41,0.00,0.00,0.00,0.00,42.05,12.18,21.83,8.38
48.30,48.3,03/06/2025 12:01:22,-3.718,58.793,,15.4,1020658.0,606282.0,899442.59,924.65,1847.65,16972.09,2728.18,66090.49,2249.47,40.63,78.95,713.27,52.08,3282.95,497.46,4106.52,111.07,878.88,99.57,231.36,70.17,113.08,45.85,172.16,31.58,6732.53,628.82,5.59,0.77,99.04,10.64,16.22,3.62,0.00,0.00,83.76,6.64,41.51,6.00,0.00,0.00,0.00,0.00,36.42,10.98,16.26,7.22,198847.68,1533.33,3063.92,32068.14,5154.80,141389.69,4812.36,93.09,180.90,1780.96,130.04,3954.65,599.24,5745.87,155.41,1466.41,166.14,413.03,125.26,165.28,67.01,247.36,45.37,9625.79,899.04,7.11,0.98,123.97,13.32,20.19,4.51,0.00,0.00,99.06,7.85,56.06,8.10,0.00,0.00,0.00,0.00,39.23,11.83,18.45,8.19
48.40,48.4,03/06/2025 12:01:50,-2.541,58.990,,15.4,1017932.0,604747.0,899960.75,421.07,1835.95,16314.82,2626.57,67471.33,2293.19,11.19,78.15,591.10,52.23,3654.98,549.58,3727.41,106.94,843.20,97.19,184.49,69.53,119.60,47.12,150.89,28.08,6286.14,585.24,5.43,0.76,70.83,6.01,14.04,3.53,0.00,0.00,78.09,6.32,40.98,5.95,0.00,0.00,3.57,30.06,33.03,10.72,17.05,7.18,198423.12,698.26,3044.52,30826.25,4962.80,144343.77,4905.89,25.65,179.07,1475.92,130.41,4402.81,662.02,5215.42,149.64,1406.87,162.15,329.34,124.12,174.81,68.87,216.81,40.35,8987.57,836.74,6.91,0.96,88.66,7.52,17.47,4.39,0.00,0.00,92.35,7.47,55.35,8.04,0.00,0.00,3.98,33.56,35.58,11.55,19.34,8.15
48.50,48.5,03/06/2025 12:02:08,-2.450,55.618,1181347.960,15.4,1022657.0,606021.0,898704.14,2147.18,1890.34,16649.85,2679.19,64804.19,2208.88,35.02,78.88,600.28,52.36,3112.79,473.29,5078.76,122.82,972.62,105.55,275.63,71.22,126.90,48.77,208.76,37.90,7015.02,656.28,6.73,0.82,54.36,3.84,13.65,3.57,0.00,0.00,83.66,6.63,46.29,6.08,0.00,0.00,8.80,30.24,35.83,10.97,19.55,7.37,199048.37,3560.62,3134.70,31459.26,5062.24,138637.86,4725.54,80.25,180.73,1498.83,130.74,3749.68,570.13,7106.23,171.86,1622.81,176.12,492.06,127.13,185.47,71.28,299.96,54.46,10029.68,938.31,8.56,1.04,68.05,4.81,16.99,4.44,0.00,0.00,98.93,7.84,62.53,8.22,0.00,0.00,9.82,33.76,38.60,11.82,22.18,8.37
48.60,48.6,03/06/2025 12:02:26,-2.680,56.937,,15.4,1013212.0,605763.0,910648.53,666.16,1840.64,14293.05,2316.04,58545.98,2005.91,36.25,76.16,697.29,50.22,3096.73,469.79,4312.99,111.41,738.10,88.28,218.53,67.54,103.10,43.14,160.77,29.72,6202.11,578.18,4.83,0.71,79.29,7.48,15.57,3.47,0.00,0.00,77.70,6.25,35.56,5.66,0.00,0.00,22.38,28.87,29.20,10.38,15.87,7.02,176159.44,1104.68,3052.28,27006.19,4376.08,125249.46,4291.32,83.06,174.51,1741.06,125.40,3730.34,565.92,6034.76,155.88,1231.51,147.30,390.11,120.57,150.69,63.05,231.00,42.70,8867.43,826.65,6.15,0.91,99.26,9.36,19.38,4.32,0.00,0.00,91.89,7.39,48.03,7.64,0.00,0.00,24.99,32.24,31.45,11.18,18.00,7.97
48.70,48.7,03/06/2025 12:02:44,-3.266,59.717,,15.4,1018699.0,607789.0,901296.11,1099.44,1861.98,16800.65,2701.62,64180.09,2188.09,55.33,49.69,653.29,51.59,3188.65,483.49,4213.63,111.56,770.58,91.66,219.69,69.58,108.78,44.90,193.25,35.10,6949.14,650.27,5.72,0.77,55.23,3.98,16.02,3.62,0.00,0.00,76.86,6.31,41.53,6.01,0.00,0.00,18.37,29.77,38.35,11.07,19.30,7.28,194741.95,1823.17,3087.68,31744.21,5104.61,137302.70,4681.06,126.78,113.85,1631.20,128.81,3841.06,582.41,5895.73,156.10,1285.70,152.93,392.19,124.21,158.99,65.62,277.67,50.43,9935.49,929.72,7.28,0.98,69.13,4.98,19.94,4.50,0.00,0.00,90.90,7.47,56.10,8.12,0.00,0.00,20.51,33.24,41.31,11.92,21.89,8.25
48.80,48.8,03/06/2025 12:03:02,-2.379,61.174,,15.4,1029152.0,606881.0,894545.02,727.82,1885.63,16977.36,2730.22,69840.39,2370.48,0.00,0.00,664.77,52.85,3461.96,523.27,5149.65,125.23,830.21,97.48,274.37,72.92,92.62,43.15,159.91,29.87,6963.93,650.82,6.60,0.82,105.44,11.64,16.17,3.63,0.02,0.25,87.39,6.87,47.42,6.20,0.00,0.00,0.31,30.88,34.02,11.10,14.62,7.39,208310.88,1206.93,3126.90,32078.10,5158.64,149411.98,5071.24,0.00,0.00,1659.86,131.96,4170.29,630.33,7205.43,175.22,1385.21,162.65,489.81,130.17,135.37,63.07,229.76,42.92,9956.64,930.51,8.40,1.04,131.98,14.57,20.12,4.52,0.02,0.34,103.35,8.13,64.06,8.38,0.00,0.00,0.34,34.47,36.64,11.96,16.59,8.38
48.90,48.9,03/06/2025 12:03:30,-1.118,61.570,,15.4,1023545.0,605203.0,895391.06,584.44,1887.78,16996.09,2732.91,69434.91,2357.15,74.60,62.83,614.59,52.86,3915.27,586.87,4679.48,119.18,917.40,102.39,263.50,71.88,124.25,48.55,128.09,24.41,6574.82,612.76,6.22,0.80,89.48,8.78,15.86,3.54,0.28,0.25,83.13,6.61,43.21,6.05,0.00,0.00,11.80,30.58,30.23,10.54,21.26,7.40,206730.23,969.17,3130.46,32113.49,5163.74,148544.53,5042.73,170.95,143.96,1534.56,131.99,4716.35,706.94,6547.56,166.76,1530.68,170.84,470.40,128.32,181.61,70.96,184.04,35.07,9400.31,876.09,7.91,1.02,112.00,10.99,19.75,4.41,0.37,0.33,98.31,7.82,58.36,8.18,0.00,0.00,13.18,34.14,32.57,11.36,24.12,8.40
49.00,49.0,03/06/2025 12:03:49,-3.216,61.837,1181348.156,15.4,1021282.0,607130.0,898222.54,971.25,1847.66,17011.61,2734.06,66576.51,2265.18,74.53,61.73,705.41,51.76,3547.47,534.87,4442.74,115.74,802.74,94.38,215.37,70.42,119.79,47.42,195.37,35.73,6782.94,633.65,5.76,0.77,108.35,12.39,16.19,3.58,0.00,0.00,90.06,6.92,46.21,6.08,0.00,0.00,13.82,30.21,30.68,10.91,20.64,7.22,200886.03,1610.60,3063.93,32142.80,5165.91,142429.45,4845.99,170.77,141.43,1761.33,129.25,4273.30,644.31,6216.31,161.95,1339.37,157.47,384.48,125.71,175.09,69.31,280.72,51.34,9697.86,905.95,7.33,0.98,135.63,15.51,20.15,4.46,0.00,0.00,106.50,8.18,62.43,8.21,0.00,0.00,15.43,33.73,33.05,11.76,23.42,8.19
49.10,49.1,03/06/2025 12:04:07,-2.517,60.846,,15.4,1021769.0,606372.0,895323.45,1047.86,1851.68,16839.52,2708.09,69380.18,2355.44,33.87,79.95,659.28,52.51,3806.49,571.80,4405.52,116.23,918.99,103.04,251.28,71.92,102.03,44.48,229.96,41.40,6753.04,630.21,6.15,0.78,58.56,4.31,14.14,3.64,0.07,0.26,88.53,6.90,33.96,6.03,0.00,0.00,0.00,0.00,30.66,11.09,16.48,7.37,206873.69,1737.64,3070.59,31817.65,5116.83,148427.44,5039.07,77.60,183.19,1646.16,131.10,4585.32,688.79,6164.22,162.62,1533.32,171.92,448.59,128.39,149.12,65.01,330.42,59.49,9655.11,901.04,7.82,1.00,73.30,5.39,17.60,4.53,0.09,0.34,104.70,8.16,45.87,8.15,0.00,0.00,0.00,0.00,33.03,11.95,18.69,8.36
49.20,49.2,03/06/2025 12:04:25,-2.300,59.918,,15.4,1027509.0,606461.0,892626.96,1300.75,1900.94,18483.98,2962.36,67815.48,2306.32,110.76,83.46,644.57,52.65,3635.78,547.76,5916.15,133.97,996.97,109.07,273.69,73.54,112.83,46.84,173.46,32.08,7639.64,716.56,5.75,0.79,70.48,5.74,15.33,3.87,0.00,0.00,90.12,7.05,42.15,6.31,1.54,6.82,0.00,0.00,29.31,11.52,14.30,7.58,210499.51,2157.00,3152.28,34924.78,5597.28,145080.02,4933.99,253.80,191.23,1609.43,131.47,4379.67,659.83,8277.92,187.46,1663.44,181.98,488.60,131.28,164.91,68.47,249.23,46.09,10922.73,1024.50,7.31,1.01,88.23,7.18,19.08,4.81,0.00,0.00,106.58,8.34,56.93,8.52,2.05,9.09,0.00,0.00,31.57,12.41,16.23,8.60
49.30,49.3,03/06/2025 12:04:43,-1.626,60.181,,15.4,1016958.0,603292.0,900994.19,720.98,1924.73,15929.25,2569.03,66039.95,2247.37,20.55,22.09,549.38,51.87,3390.31,511.58,4558.35,115.78,837.20,96.60,252.66,70.42,114.62,46.12,157.30,29.14,6243.98,581.16,6.11,0.78,8.75,0.40,14.32,3.56,0.00,0.00,75.11,6.25,43.15,6.02,0.00,0.00,1.97,29.96,28.94,10.71,12.92,7.06,195856.20,1195.58,3191.74,30097.72,4854.09,141281.57,4807.87,47.10,50.62,1371.74,129.51,4083.98,616.25,6378.07,161.99,1396.86,161.17,451.04,125.71,167.52,67.41,226.02,41.87,8927.29,830.91,7.77,0.99,10.96,0.50,17.83,4.43,0.00,0.00,88.83,7.39,58.29,8.13,0.00,0.00,2.20,33.45,31.17,11.54,14.66,8.01
49.40,49.4,03/06/2025 12:05:11,-2.919,59.523,,15.4,1023307.0,604530.0,900509.73,1166.45,1788.01,16016.53,2580.27,65299.32,2223.94,19.88,78.46,590.49,52.16,2807.61,430.73,4919.60,120.69,959.48,104.62,263.16,70.40,136.83,50.47,226.14,40.64,6821.25,637.46,5.75,0.78,70.42,5.90,12.87,3.46,0.00,0.00,83.94,6.62,38.82,5.94,0.19,6.53,2.14,29.96,32.78,10.97,16.65,7.27,196347.81,1934.29,2965.01,30262.63,4875.33,139697.11,4757.76,45.56,179.77,1474.40,130.25,3382.06,518.86,6883.53,168.87,1600.88,174.55,469.78,125.69,199.99,73.77,324.92,58.39,9752.64,911.41,7.32,0.99,88.15,7.39,16.02,4.30,0.00,0.00,99.26,7.83,52.43,8.02,0.26,8.71,2.38,33.45,35.32,11.82,18.88,8.25
49.50,49.5,03/06/2025 12:05:29,-3.382,61.896,1181345.119,15.5,1014949.0,604302.0,900451.38,1368.21,1891.34,16653.62,2679.29,64855.92,2209.68,47.55,44.27,624.02,51.76,3984.27,595.70,3857.38,107.42,963.58,104.88,225.33,69.79,122.41,47.63,199.92,36.23,6387.19,595.06,5.34,0.75,59.19,4.45,16.89,3.61,0.00,0.00,78.65,6.37,43.61,5.96,0.00,0.00,7.73,29.99,33.39,11.02,14.40,7.17,196270.60,2268.87,3136.36,31466.39,5062.41,138748.53,4727.24,108.95,101.43,1558.13,129.23,4799.47,717.59,5397.28,150.30,1607.73,175.00,402.26,124.59,178.91,69.61,287.25,52.05,9132.05,850.78,6.80,0.96,74.10,5.57,21.02,4.49,0.00,0.00,93.01,7.53,58.91,8.05,0.00,0.00,8.63,33.48,35.96,11.87,16.34,8.13
49.60,49.6,03/06/2025 12:05:47,-2.507,59.849,,15.4,1026285.0,603710.0,894556.83,622.41,1902.56,18183.94,2916.85,69001.69,2343.91,0.26,80.30,622.19,52.68,3652.51,550.19,4784.92,121.06,978.98,106.93,285.71,72.55,100.11,44.21,230.16,41.44,6688.10,623.72,5.86,0.78,108.76,12.33,11.17,3.48,0.00,0.00,78.50,6.47,45.42,6.18,0.00,0.00,3.83,30.75,25.08,10.84,13.57,7.41,208197.92,1032.13,3154.97,34357.87,5511.28,147617.72,5014.41,0.59,183.99,1553.56,131.53,4399.83,662.76,6695.09,169.39,1633.43,178.42,510.05,129.51,146.31,64.62,330.70,59.54,9562.27,891.75,7.46,1.00,136.14,15.44,13.90,4.33,0.00,0.00,92.83,7.65,61.35,8.34,0.00,0.00,4.28,34.33,27.01,11.68,15.39,8.41
49.70,49.7,03/06/2025 12:06:05,-3.926,60.505,,15.4,1032745.0,605186.0,900125.62,484.03,1828.19,17405.16,2795.39,63566.48,2169.06,17.73,19.33,604.64,51.88,3519.05,530.28,5660.23,129.58,823.98,95.99,244.08,70.93,112.30,46.00,93.16,18.48,7041.26,658.85,5.88,0.78,88.17,8.60,17.20,3.58,0.13,0.25,95.75,7.20,43.37,6.09,0.00,0.00,7.21,30.24,29.08,10.62,15.47,7.30,195932.21,802.66,3031.64,32886.41,5281.79,135989.98,4640.34,40.62,44.29,1509.73,129.55,4239.07,638.78,7919.83,181.31,1374.81,160.16,435.73,126.62,164.13,67.23,133.86,26.55,10067.20,941.99,7.49,0.99,110.37,10.77,21.41,4.45,0.18,0.33,113.23,8.51,58.59,8.22,0.00,0.00,8.05,33.76,31.32,11.44,17.55,8.28
49.80,49.8,03/06/2025 12:06:23,-4.325,61.171,,15.4,1016365.0,605523.0,906588.89,937.93,1879.00,16174.18,2605.74,59345.89,2032.56,18.61,76.45,552.97,51.19,3165.40,479.71,4796.65,117.53,747.69,89.91,184.12,67.94,113.21,45.32,160.40,29.54,6931.98,649.02,6.14,0.77,72.39,6.28,13.85,3.48,0.00,0.00,83.20,6.56,53.67,5.99,1.51,6.41,5.85,29.32,29.58,10.58,15.90,7.21,183252.58,1555.34,3115.91,30560.51,4923.44,126960.73,4348.32,42.64,175.18,1380.71,127.82,3813.05,577.86,6711.51,164.45,1247.52,150.01,328.69,121.29,165.47,66.24,230.46,42.44,9910.96,927.93,7.81,0.98,90.62,7.86,17.24,4.34,0.00,0.00,98.39,7.76,72.50,8.09,2.01,8.55,6.53,32.73,31.86,11.40,18.04,8.17
49.90,49.9,03/06/2025 12:06:52,-3.918,60.574,,15.4,1019776.0,603029.0,900318.50,499.10,1904.72,16009.06,2580.89,67253.15,2286.21,36.82,79.47,607.97,52.04,3253.33,492.96,4161.90,111.68,767.47,92.44,207.21,70.05,91.01,42.12,134.65,25.54,6364.79,593.06,5.86,0.76,86.24,8.41,16.22,3.56,0.00,0.00,81.32,6.46,46.18,6.02,0.00,0.00,0.00,0.00,34.83,10.83,24.38,7.15,197734.18,827.64,3158.55,30248.52,4876.49,143877.01,4890.97,84.36,182.10,1518.04,129.95,3918.98,593.82,5823.36,156.27,1280.52,154.23,369.90,125.05,133.02,61.56,193.47,36.69,9100.02,847.92,7.46,0.97,107.95,10.53,20.19,4.44,0.00,0.00,96.17,7.64,62.38,8.13,0.00,0.00,0.00,0.00,37.52,11.66,27.66,8.11
50.00,50.0,03/06/2025 12:07:10,-3.276,55.814,1181348.756,15.4,1018151.0,603876.0,903982.82,641.97,1831.47,15722.00,2535.77,63003.16,2149.66,36.82,36.19,600.91,51.64,3164.37,479.73,4390.85,113.08,809.41,93.79,268.96,69.70,102.22,43.49,175.24,32.09,6814.76,637.28,5.78,0.75,81.01,7.56,15.33,3.53,0.09,0.25,79.93,6.42,38.31,5.86,0.00,0.00,18.34,29.47,28.31,10.73,19.41,7.33,189418.27,1064.56,3037.09,29706.13,4791.25,134784.85,4598.84,84.37,82.92,1500.41,128.94,3811.82,577.88,6143.71,158.22,1350.49,156.48,480.14,124.42,149.41,63.57,251.79,46.10,9743.36,911.14,7.36,0.96,101.40,9.46,19.09,4.39,0.11,0.33,94.52,7.59,51.75,7.91,0.00,0.00,20.48,32.91,30.49,11.56,22.02,8.32
50.10,50.1,03/06/2025 12:07:28,-0.812,53.695,,15.4,1018776.0,603449.0,897378.74,349.59,1898.34,16549.13,2664.23,69509.34,2358.71,52.42,80.58,635.71,52.65,3811.59,572.27,3918.50,109.28,846.28,97.15,247.94,70.97,114.48,46.38,174.08,31.94,6137.84,570.42,5.15,0.75,73.80,6.40,13.39,3.49,0.16,0.25,74.88,6.26,43.76,6.03,0.18,6.58,13.05,30.24,31.50,10.56,18.50,7.35,203714.91,579.72,3147.97,31268.96,5033.97,148703.75,5046.08,120.11,184.64,1587.31,131.47,4591.46,689.36,5482.79,152.90,1412.01,162.10,442.62,126.69,167.31,67.79,250.13,45.89,8775.54,815.55,6.56,0.96,92.38,8.01,16.67,4.35,0.21,0.32,88.55,7.40,59.11,8.15,0.24,8.77,14.57,33.76,33.93,11.37,20.98,8.34
50.20,50.2,03/06/2025 12:07:46,-2.710,54.225,,15.4,1017804.0,604594.0,902959.95,247.92,1866.67,16241.81,2616.12,64868.09,2209.40,59.03,79.86,628.70,51.52,3236.52,490.55,4046.98,109.73,808.00,94.38,263.44,70.12,109.12,44.88,133.23,25.18,6140.80,571.41,5.64,0.75,57.32,4.27,15.07,3.48,0.00,0.00,77.46,6.29,46.99,5.89,0.00,0.00,2.35,29.71,34.40,10.72,17.18,7.02,192401.37,411.12,3095.45,30688.30,4943.06,138774.56,4726.64,135.26,182.99,1569.80,128.63,3898.73,590.92,5662.55,153.53,1348.14,157.47,470.29,125.19,159.48,65.60,191.43,36.17,8779.77,816.97,7.18,0.95,71.75,5.34,18.75,4.33,0.00,0.00,91.61,7.43,63.48,7.96,0.00,0.00,2.63,33.17,37.06,11.55,19.49,7.96
50.30,50.3,03/06/2025 12:08:04,-2.883,46.952,,15.4,1020803.0,605374.0,901475.08,1164.94,1863.56,16038.42,2585.38,64323.56,2192.87,21.66,78.63,668.89,51.50,3496.66,527.33,4538.57,116.35,893.91,100.37,270.65,70.67,151.79,53.60,238.21,42.80,6470.54,603.28,6.04,0.77,41.55,2.57,12.62,3.47,0.01,0.25,85.24,6.66,45.07,6.06,0.08,6.54,0.00,0.00,31.29,10.85,25.22,7.39,194217.19,1931.80,3090.30,30304.00,4884.99,137609.62,4691.28,49.62,180.17,1670.14,128.59,4212.09,635.22,6350.40,162.80,1491.48,167.47,483.16,126.16,221.85,78.34,342.27,61.50,9251.21,862.53,7.68,0.98,52.02,3.22,15.71,4.31,0.01,0.33,100.81,7.87,60.88,8.18,0.11,8.72,0.00,0.00,33.71,11.69,28.61,8.38
50.40,50.4,03/06/2025 12:08:32,-3.064,51.313,,15.4,1023923.0,606025.0,902128.60,1005.25,1893.81,16445.21,2648.26,62467.65,2133.41,45.77,78.75,632.79,51.19,3358.43,507.53,5088.19,122.59,1000.98,107.56,300.36,71.15,130.49,49.19,236.44,42.49,6928.56,648.06,5.64,0.78,38.34,2.29,13.87,3.66,0.11,0.25,82.22,6.59,46.35,6.13,0.00,0.00,0.00,0.00,26.21,10.66,18.52,7.36,192153.23,1666.99,3140.46,31072.61,5003.79,133639.22,4564.07,104.88,180.45,1580.01,127.81,4045.58,611.38,7119.43,171.52,1670.13,179.47,536.19,127.01,190.72,71.90,339.73,61.05,9906.07,926.56,7.18,1.00,48.00,2.87,17.26,4.56,0.14,0.33,97.24,7.80,62.60,8.28,0.00,0.00,0.00,0.00,28.24,11.48,21.01,8.35
50.50,50.5,03/06/2025 12:08:50,-3.721,51.514,1181349.087,15.4,1022214.0,606134.0,899102.00,2016.45,1927.21,16789.32,2701.23,64719.62,2206.12,30.54,78.90,565.33,52.25,3006.04,458.70,4675.80,118.16,1005.82,108.20,222.47,70.31,120.87,47.58,240.09,43.18,7258.42,680.22,6.26,0.80,43.84,2.76,14.99,3.62,0.00,0.00,85.55,6.74,42.98,6.08,0.00,0.00,0.00,0.00,34.48,11.21,19.13,7.28,198442.85,3343.84,3195.84,31722.79,5103.87,138456.94,4719.64,69.98,180.78,1411.58,130.46,3621.09,552.56,6542.41,165.33,1678.20,180.52,397.15,125.52,176.65,69.54,344.97,62.04,10377.68,972.54,7.97,1.02,54.88,3.46,18.65,4.51,0.00,0.00,101.17,7.97,58.05,8.21,0.00,0.00,0.00,0.00,37.14,12.08,21.70,8.26
50.60,50.6,03/06/2025 12:09:08,-3.722,52.704,,15.4,1023069.0,606404.0,896423.10,277.79,1883.64,16980.63,2730.75,69808.66,2368.85,51.60,80.89,510.20,53.01,3498.33,527.91,4431.31,115.91,816.38,96.34,206.55,71.00,126.54,48.81,139.95,26.21,6466.79,602.40,6.16,0.79,61.93,4.75,13.70,3.63,0.00,0.00,80.33,6.51,45.88,6.12,0.28,6.67,0.00,0.00,34.96,11.17,18.91,7.26,205377.24,460.66,3123.60,32084.27,5159.64,149344.11,5067.75,118.24,185.34,1273.92,132.35,4214.10,635.92,6200.31,162.19,1362.13,160.73,368.74,126.75,184.95,71.34,201.09,37.67,9245.85,861.28,7.83,1.01,77.52,5.95,17.05,4.51,0.00,0.00,94.99,7.70,61.98,8.26,0.37,8.89,0.00,0.00,37.66,12.03,21.45,8.24
50.70,50.7,03/06/2025 12:09:26,-3.539,51.980,,15.4,1030457.0,609071.0,897685.22,1517.16,1940.64,17660.38,2836.38,64380.24,2196.12,70.58,60.74,700.56,52.25,3448.79,520.92,4897.07,121.20,1005.31,108.73,229.93,71.27,105.70,44.98,241.11,43.44,7780.62,731.22,5.26,0.76,57.20,4.13,14.64,3.67,0.02,0.26,88.23,6.92,49.94,6.28,0.00,0.00,0.00,0.00,42.06,11.52,19.98,7.61,200582.15,2515.87,3218.11,33368.64,5359.24,137730.90,4698.24,161.72,139.19,1749.23,130.46,4154.43,627.51,6852.01,169.58,1677.35,181.42,410.46,127.24,154.48,65.74,346.44,62.42,11124.30,1045.46,6.70,0.96,71.61,5.16,18.22,4.57,0.03,0.35,104.34,8.18,67.46,8.49,0.00,0.00,0.00,0.00,45.30,12.41,22.66,8.64
50.80,50.8,03/06/2025 12:09:44,-3.094,48.739,,15.4,1032014.0,608786.0,892399.81,1600.36,1906.15,17143.55,2755.90,70815.79,2402.25,181.39,121.49,693.41,53.52,3248.21,493.85,4611.00,119.49,1019.77,110.49,208.87,72.12,105.90,45.47,170.60,31.59,7537.97,706.88,6.24,0.82,61.52,4.61,17.58,3.79,0.00,0.00,82.72,6.73,42.63,6.23,0.00,0.00,0.00,0.00,32.62,11.30,20.07,7.62,212627.92,2653.84,3160.92,32392.09,5207.17,151498.69,5139.22,415.62,278.37,1731.38,133.63,3912.81,594.89,6451.74,167.19,1701.49,184.35,372.87,128.74,154.77,66.45,245.12,45.38,10777.36,1010.65,7.94,1.04,77.01,5.77,21.88,4.72,0.00,0.00,97.82,7.96,57.59,8.41,0.00,0.00,0.00,0.00,35.14,12.18,22.77,8.64
50.90,50.9,03/06/2025 12:10:12,-3.519,55.482,,15.4,1030408.0,610552.0,901073.52,1332.18,1869.49,17274.06,2775.38,61642.30,2107.69,66.71,57.58,626.49,51.77,2832.11,434.41,5535.91,127.88,1146.42,117.87,236.15,70.37,101.60,43.95,207.89,37.76,7632.13,716.96,5.80,0.79,82.82,7.70,15.42,3.69,0.00,0.00,92.99,7.15,41.06,6.14,1.75,6.76,0.00,0.00,33.60,11.16,19.10,7.65,193645.34,2209.13,3100.13,32638.69,5243.97,131873.51,4509.05,152.86,131.93,1564.28,129.26,3411.57,523.30,7745.89,178.93,1912.79,196.67,421.57,125.62,148.50,64.23,298.70,54.26,10911.99,1025.07,7.38,1.01,103.67,9.64,19.20,4.59,0.00,0.00,109.97,8.46,55.46,8.29,2.33,9.01,0.00,0.00,36.19,12.03,21.66,8.67
51.00,51.0,03/06/2025 12:10:30,-3.898,55.750,1181350.737,15.4,1026004.0,608549.0,899620.38,411.99,1872.32,16788.65,2701.08,65976.47,2246.04,51.32,79.73,599.94,52.67,3489.20,526.39,4422.08,115.22,992.60,107.62,211.30,70.58,104.48,44.69,151.10,28.33,6933.64,648.53,5.97,0.79,51.80,3.58,12.54,3.58,0.11,0.25,90.51,6.94,42.76,6.03,0.28,6.58,0.00,0.00,23.92,10.49,18.95,7.35,198173.72,683.19,3104.82,31721.53,5103.59,141145.77,4805.04,117.60,182.69,1497.99,131.52,4203.11,634.09,6187.41,161.21,1656.15,179.56,377.21,125.99,152.70,65.32,217.10,40.70,9913.33,927.23,7.60,1.01,64.84,4.48,15.61,4.46,0.14,0.32,107.03,8.21,57.76,8.15,0.37,8.77,0.00,0.00,25.76,11.30,21.49,8.34
51.10,51.1,03/06/2025 12:10:48,-4.166,57.334,,15.5,1011369.0,604432.0,906570.95,1798.80,1818.75,15888.90,2559.83,58512.76,2005.57,54.87,76.57,492.82,50.80,3162.93,479.22,4837.97,118.14,1050.99,109.88,264.74,68.73,91.71,41.48,192.89,35.02,6757.00,631.81,6.23,0.76,128.63,17.17,14.85,3.43,0.00,0.00,90.25,6.82,38.67,5.82,0.85,6.47,0.00,0.00,29.26,10.65,13.93,7.05,182811.44,2982.91,3016.00,30021.49,4836.70,125178.39,4290.58,125.73,175.44,1230.53,126.83,3810.08,577.28,6769.32,165.30,1753.56,183.33,472.61,122.69,134.03,60.62,277.15,50.31,9660.78,903.32,7.93,0.97,161.01,21.49,18.48,4.27,0.00,0.00,106.73,8.07,52.24,7.86,1.13,8.63,0.00,0.00,31.52,11.47,15.80,8.00
51.20,51.2,03/06/2025 12:11:06,-3.940,56.674,,15.5,1008707.0,602802.0,911447.16,698.96,1820.98,14544.24,2353.42,56683.23,1945.86,111.47,82.30,500.84,49.76,2485.37,384.39,4926.27,118.04,935.75,101.27,268.35,67.67,89.85,40.58,128.19,24.13,6875.54,643.98,5.36,0.73,106.17,12.37,15.89,3.50,0.00,0.00,87.43,6.64,40.74,5.73,0.58,6.30,0.00,0.00,30.75,10.57,17.88,6.92,173855.19,1159.07,3019.68,27480.79,4446.69,121264.42,4162.85,255.41,188.58,1250.54,124.25,2993.89,463.04,6892.87,165.16,1561.29,168.97,479.05,120.80,131.31,59.31,184.19,34.67,9830.26,920.72,6.82,0.93,132.90,15.48,19.78,4.35,0.00,0.00,103.39,7.85,55.03,7.74,0.78,8.41,0.00,0.00,33.12,11.39,20.28,7.85
51.30,51.3,03/06/2025 12:11:24,-3.692,57.138,,15.5,1009246.0,600281.0,907642.37,959.02,1786.21,15536.57,2505.06,59793.57,2045.98,8.79,9.90,387.31,50.86,2878.10,439.02,4509.29,113.60,825.44,93.81,259.09,68.11,111.19,44.63,101.19,19.62,6709.93,627.44,5.68,0.75,78.17,7.20,13.22,3.46,0.09,0.24,77.65,6.25,42.07,5.76,0.44,6.30,14.18,28.88,29.62,10.32,17.01,6.93,181707.28,1590.33,2962.03,29355.78,4733.21,127918.47,4377.04,20.14,22.68,967.09,126.99,3466.97,528.85,6309.43,158.95,1377.25,156.51,462.52,121.58,162.51,65.23,145.39,28.19,9593.49,897.08,7.22,0.96,97.85,9.01,16.46,4.31,0.12,0.32,91.83,7.39,56.83,7.79,0.59,8.40,15.83,32.24,31.91,11.11,19.29,7.86
51.40,51.4,03/06/2025 12:11:53,-3.760,52.045,,15.5,999880.0,597082.0,910850.59,1319.94,1737.39,14336.24,2318.62,58258.58,1995.59,67.48,56.33,594.49,49.24,2732.34,418.73,4013.09,107.21,798.11,91.89,244.87,66.94,80.72,38.83,168.04,30.62,6265.00,584.32,5.41,0.72,90.12,9.35,14.22,3.26,0.18,0.24,78.28,6.20,40.71,5.59,0.00,0.00,0.00,0.00,28.85,10.05,12.74,6.77,175873.03,2188.83,2881.07,27087.78,4380.95,124634.61,4269.23,154.62,129.07,1484.38,122.94,3291.39,504.41,5615.15,150.01,1331.63,153.32,437.13,119.50,117.98,56.75,241.45,44.00,8957.34,835.42,6.89,0.92,112.81,11.71,17.71,4.06,0.23,0.31,92.58,7.33,54.99,7.55,0.00,0.00,0.00,0.00,31.08,10.83,14.45,7.68
51.50,51.5,03/06/2025 12:12:11,-3.073,58.263,1181349.611,15.6,983147.0,593197.0,924498.41,503.57,1746.35,11933.22,1949.54,49078.00,1698.90,178.10,113.90,589.23,46.73,2311.69,358.36,3744.42,100.04,780.56,88.37,237.13,63.08,89.63,38.88,98.93,18.87,5734.52,533.84,4.51,0.66,64.61,5.52,12.66,3.23,0.00,0.00,68.05,5.59,31.30,5.21,0.00,0.00,0.00,0.00,29.87,9.57,11.60,6.25,148748.12,835.06,2895.92,22547.38,3683.58,104994.27,3634.51,408.10,260.99,1471.25,116.67,2784.68,431.68,5239.21,139.97,1302.36,147.44,423.32,112.61,131.00,56.82,142.15,27.12,8198.90,763.26,5.73,0.84,80.88,6.91,15.75,4.02,0.00,0.00,80.48,6.61,42.29,7.03,0.00,0.00,0.00,0.00,32.17,10.31,13.16,7.09
51.60,51.6,03/06/2025 12:12:29,-2.833,57.272,,15.7,967275.0,584283.0,925913.85,385.44,1738.34,11819.85,1931.74,49783.75,1720.56,37.36,70.26,454.89,46.80,2328.96,359.46,3103.50,92.74,633.60,78.01,174.41,61.03,95.37,39.44,162.51,29.10,4861.35,448.86,4.51,0.64,101.20,12.29,11.76,3.01,0.00,0.00,62.11,5.24,28.38,5.03,0.00,0.00,1.28,26.30,22.26,9.15,13.65,6.21,146837.41,639.17,2882.65,22333.16,3649.96,106504.11,3680.86,85.61,160.98,1135.82,116.85,2805.48,433.00,4342.44,129.77,1057.15,130.16,311.36,108.95,139.39,57.65,233.50,41.82,6950.49,641.75,5.74,0.81,126.69,15.38,14.64,3.74,0.00,0.00,73.45,6.19,38.34,6.80,0.00,0.00,1.43,29.37,23.97,9.85,15.49,7.05
51.70,51.7,03/06/2025 12:12:47,-2.464,59.122,,15.7,956070.0,579503.0,936551.76,299.14,1692.60,10220.13,1685.39,41291.00,1446.75,37.19,33.78,440.37,44.39,2162.67,335.31,3252.81,91.62,604.58,74.37,161.56,58.19,71.18,34.37,57.54,11.52,4619.70,426.42,4.46,0.62,85.50,9.46,11.04,2.89,0.00,0.00,58.50,4.92,28.10,4.71,0.00,0.00,3.12,25.17,27.52,8.88,12.13,5.91,124852.50,496.06,2806.79,19310.55,3184.48,88335.27,3095.09,85.21,77.39,1099.56,110.83,2605.16,403.91,4551.35,128.19,1008.74,124.08,288.42,103.88,104.03,50.23,82.68,16.55,6604.98,609.67,5.67,0.79,107.03,11.84,13.74,3.60,0.00,0.00,69.19,5.82,37.95,6.36,0.00,0.00,3.49,28.10,29.64,9.57,13.77,6.71
51.80,51.8,03/06/2025 12:13:05,-4.275,58.596,,15.7,948928.0,579149.0,939815.38,1258.87,1676.80,9731.78,1610.48,38286.83,1350.07,47.29,66.80,404.28,44.20,1928.02,302.45,2702.75,85.34,594.57,73.00,173.85,57.21,87.87,36.63,74.97,14.49,4640.07,428.85,4.32,0.61,117.29,16.87,12.79,2.90,0.07,0.20,54.34,4.74,30.91,4.64,0.38,5.12,1.25,24.60,22.35,8.44,9.75,5.83,118089.81,2087.55,2780.59,18387.84,3042.94,81908.35,2888.25,108.36,153.06,1009.46,110.36,2322.51,364.34,3781.71,119.41,992.03,121.80,310.36,102.13,128.43,53.54,107.72,20.82,6634.11,613.14,5.50,0.77,146.82,21.12,15.92,3.61,0.09,0.26,64.26,5.61,41.76,6.27,0.50,6.83,1.40,27.47,24.07,9.09,11.06,6.62
51.90,51.9,03/06/2025 12:13:33,-3.990,60.778,,15.8,942302.0,574574.0,936449.88,479.75,1734.77,10615.34,1745.73,41982.11,1468.48,13.54,65.97,429.30,44.04,1952.01,305.87,2798.84,87.01,545.92,70.36,159.20,57.62,84.49,36.23,58.41,11.55,4193.97,385.07,4.34,0.60,102.61,13.21,12.72,2.90,0.00,0.00,51.65,4.59,31.50,4.69,0.00,0.00,0.00,0.00,23.29,8.66,11.12,5.77,125727.05,795.56,2876.73,20057.28,3298.48,89813.79,3141.56,31.02,151.17,1071.91,109.97,2351.41,368.45,3916.16,121.74,910.86,117.39,284.21,102.87,123.49,52.95,83.93,16.60,5996.31,550.55,5.53,0.77,128.44,16.54,15.83,3.61,0.00,0.00,61.08,5.43,42.55,6.33,0.00,0.00,0.00,0.00,25.09,9.33,12.62,6.54
52.00,52.0,03/06/2025 12:13:51,-2.934,61.307,1181347.231,15.8,943030.0,574306.0,935954.62,740.13,1750.55,10454.58,1721.31,41825.46,1463.66,15.53,15.85,487.88,43.90,1806.72,286.29,2775.62,86.62,611.24,74.23,192.78,57.81,75.89,34.64,151.80,27.00,4641.84,428.50,4.90,0.63,136.17,21.73,12.28,2.90,0.20,0.20,53.77,4.73,25.39,4.65,0.08,5.16,0.00,0.00,20.99,8.30,12.11,5.80,126429.65,1227.34,2902.90,19753.55,3252.36,89478.67,3131.27,35.58,36.33,1218.20,109.60,2176.39,344.87,3883.67,121.20,1019.85,123.85,344.16,103.19,110.92,50.62,218.11,38.79,6636.64,612.64,6.24,0.80,170.45,27.20,15.29,3.61,0.27,0.26,63.59,5.59,34.30,6.28,0.11,6.89,0.00,0.00,22.61,8.94,13.74,6.58
52.10,52.1,03/06/2025 12:14:09,-2.220,60.974,,15.8,940791.0,574960.0,939621.66,621.82,1723.56,10079.97,1664.20,38661.10,1361.97,38.42,65.74,344.40,43.87,1930.16,302.47,2739.08,85.39,462.44,64.05,165.77,56.65,76.99,34.49,98.26,18.22,4914.78,455.47,4.13,0.59,101.85,13.04,11.38,2.87,0.02,0.20,58.37,4.89,29.71,4.65,0.00,0.00,6.38,24.31,22.86,8.51,10.44,5.78,118539.30,1031.14,2858.14,19045.72,3144.44,82709.05,2913.71,88.04,150.64,859.93,109.53,2325.08,364.36,3832.54,119.48,771.58,106.87,295.94,101.14,112.53,50.40,141.18,26.18,7026.88,651.20,5.26,0.76,127.50,16.32,14.17,3.57,0.02,0.26,69.03,5.79,40.13,6.28,0.00,0.00,7.12,27.14,24.63,9.16,11.85,6.56
52.20,52.2,03/06/2025 12:14:27,-1.758,58.397,,15.8,944647.0,575206.0,944140.46,802.17,1693.12,8920.63,1486.49,34435.13,1222.59,34.76,64.25,359.92,42.92,2019.53,313.99,3125.72,87.75,650.19,75.54,189.53,55.96,96.54,37.68,109.70,20.02,4856.54,450.11,4.68,0.61,115.62,16.53,9.55,2.76,0.06,0.20,55.42,4.75,30.86,4.65,0.00,0.00,5.49,23.97,23.10,8.69,14.39,5.74,108621.02,1330.22,2807.66,16855.20,2808.67,73668.28,2615.54,79.64,147.22,898.68,107.17,2432.74,378.24,4373.53,122.78,1084.83,126.04,338.35,99.90,141.09,55.07,157.62,28.77,6943.61,643.55,5.95,0.78,144.74,20.69,11.88,3.44,0.08,0.27,65.54,5.62,41.68,6.28,0.00,0.00,6.13,26.77,24.88,9.36,16.33,6.51
52.30,52.3,03/06/2025 12:14:45,-2.501,55.291,,15.7,950156.0,578688.0,942342.82,551.25,1676.86,8717.24,1457.04,37173.00,1313.62,62.85,50.59,401.83,43.69,2057.27,319.86,2996.61,87.66,577.53,71.12,223.87,57.52,66.57,32.80,117.84,21.59,4461.05,411.57,4.53,0.61,94.33,11.50,12.31,2.93,0.05,0.20,60.90,4.99,32.87,4.75,0.38,5.06,14.46,24.33,20.80,8.44,9.64,5.68,113042.59,914.12,2780.69,16470.89,2753.02,79525.49,2810.27,144.01,115.93,1003.32,109.08,2478.19,385.31,4192.88,122.65,963.60,118.67,399.64,102.69,97.29,47.94,169.32,31.03,6378.16,588.44,5.77,0.77,118.08,14.39,15.33,3.64,0.07,0.26,72.03,5.90,44.40,6.41,0.51,6.74,16.14,27.16,22.40,9.09,10.94,6.44
52.40,52.4,03/06/2025 12:15:14,-2.761,48.804,,15.7,948076.0,577744.0,940124.62,334.35,1732.37,9856.74,1630.21,38711.80,1363.21,41.86,65.83,461.07,43.49,1937.73,303.33,3000.24,88.04,456.21,63.90,176.22,57.10,114.50,41.69,70.97,13.68,4416.20,406.94,4.59,0.61,142.86,24.08,12.22,2.91,0.03,0.20,53.07,4.68,33.37,4.71,1.09,5.10,13.69,24.42,27.30,8.71,9.27,5.79,117798.74,554.45,2872.75,18623.94,3080.22,82817.51,2916.36,95.91,150.83,1151.25,108.59,2334.20,365.39,4197.95,123.18,761.18,106.62,314.59,101.94,167.34,60.94,101.98,19.66,6314.04,581.81,5.84,0.78,178.83,30.14,15.21,3.63,0.04,0.26,62.76,5.53,45.08,6.37,1.46,6.80,15.29,27.26,29.41,9.38,10.52,6.56
52.50,52.5,03/06/2025 12:15:32,-3.691,47.091,1181348.486,15.7,944414.0,581230.0,941814.10,451.08,1675.73,9512.06,1576.47,37504.37,1324.36,0.00,0.00,482.81,43.38,1625.05,261.16,2928.91,86.86,580.57,71.83,187.46,56.85,65.42,32.54,75.29,14.43,4521.53,417.39,4.40,0.60,101.27,13.06,14.69,2.88,0.00,0.00,59.61,4.89,31.11,4.64,0.06,5.10,0.00,0.00,26.96,8.74,13.25,5.75,114495.41,748.01,2778.83,17972.68,2978.68,80234.41,2833.24,0.00,0.00,1205.53,108.32,1957.55,314.59,4098.14,121.53,968.68,119.85,334.66,101.50,95.62,47.57,108.18,20.73,6464.63,596.76,5.60,0.77,126.76,16.35,18.28,3.59,0.00,0.00,70.50,5.78,42.02,6.26,0.07,6.80,0.00,0.00,29.04,9.42,15.04,6.52
52.60,52.6,03/06/2025 12:15:50,-4.171,40.941,,15.7,944854.0,588252.0,943516.41,487.56,1676.72,9018.20,1501.59,36805.81,1301.01,50.06,65.91,503.71,43.32,1681.55,268.46,2402.07,81.75,425.32,61.68,219.37,57.21,70.99,33.23,95.59,17.87,4474.38,413.16,4.64,0.61,112.94,16.03,13.16,2.83,0.00,0.00,51.88,4.55,34.16,4.65,0.00,0.00,0.00,0.00,21.75,8.50,10.44,5.59,111393.06,808.51,2780.47,17039.55,2837.20,78739.96,2783.29,114.71,151.02,1257.72,108.18,2025.60,323.39,3360.99,114.38,709.65,102.91,391.62,102.13,103.76,48.57,137.34,25.68,6397.21,590.71,5.90,0.77,141.37,20.07,16.38,3.52,0.00,0.00,61.35,5.39,46.15,6.28,0.00,0.00,0.00,0.00,23.43,9.16,11.85,6.35
52.70,52.7,03/06/2025 12:16:08,-3.955,35.782,,15.7,948692.0,592387.0,947867.76,316.72,1722.72,8539.94,1430.99,32988.88,1175.05,37.47,64.69,451.07,43.23,1533.18,248.51,2622.10,82.91,476.47,64.36,165.86,55.32,100.10,38.23,118.16,21.55,4564.86,422.38,4.38,0.60,95.13,11.94,11.94,2.88,0.20,0.19,43.56,4.19,23.19,4.54,1.32,5.07,4.65,23.75,23.80,8.19,9.26,5.56,102162.69,525.21,2856.74,16135.90,2703.79,70574.26,2513.82,85.86,148.23,1126.27,107.94,1846.87,299.36,3668.86,116.00,794.99,107.38,296.09,98.76,146.30,55.88,169.77,30.97,6526.59,603.90,5.58,0.77,119.09,14.95,14.86,3.59,0.26,0.26,51.51,4.95,31.32,6.14,1.76,6.77,5.19,26.51,25.64,8.82,10.51,6.31
52.80,52.8,03/06/2025 12:16:26,-3.396,29.565,,15.7,945889.0,590946.0,960670.79,566.32,1650.72,5809.26,1020.95,23973.33,875.67,78.83,58.60,451.41,41.29,1323.78,219.01,2283.46,77.06,349.04,54.45,164.80,52.55,73.67,32.21,86.14,16.22,3950.44,364.05,4.31,0.56,105.45,15.21,10.67,2.59,0.00,0.00,42.44,3.98,21.19,4.21,0.90,4.69,6.20,22.45,16.15,7.61,11.44,5.27,76324.08,939.11,2737.35,10976.37,1929.04,51286.98,1873.35,180.62,134.28,1127.14,103.09,1594.63,263.82,3195.03,107.83,582.37,90.85,294.19,93.82,107.67,47.07,123.77,23.31,5648.12,520.51,5.48,0.71,132.00,19.05,13.28,3.22,0.00,0.00,50.19,4.71,28.62,5.68,1.20,6.26,6.92,25.07,17.40,8.19,12.97,5.98
52.90,52.9,03/06/2025 12:16:54,-4.062,24.667,,15.7,938340.0,591795.0,971100.80,606.99,1616.25,5096.18,912.70,15518.33,595.97,174.57,106.70,473.09,39.58,883.79,162.67,1880.29,71.25,269.86,47.89,102.66,49.27,64.30,29.65,57.85,11.42,3553.92,326.78,3.87,0.52,103.63,15.56,11.01,2.45,0.06,0.17,44.96,3.95,19.89,3.88,0.26,4.39,8.33,21.39,16.18,7.32,9.17,4.88,55269.08,1006.56,2680.19,9629.04,1724.50,33198.91,1274.97,400.00,244.48,1181.27,98.82,1064.61,195.95,2630.91,99.70,450.26,79.90,183.27,87.95,93.99,43.33,83.13,16.40,5081.20,467.21,4.93,0.66,129.72,19.48,13.70,3.05,0.07,0.23,53.17,4.68,26.86,5.24,0.34,5.85,9.30,23.88,17.43,7.89,10.40,5.54
53.00,53.0,03/06/2025 12:17:12,-5.201,18.519,1181345.775,15.7,935599.0,600900.0,976748.95,253.41,1648.44,3704.43,715.38,12844.45,507.39,113.22,74.55,522.50,38.79,561.40,126.51,1500.30,66.29,207.44,42.66,102.26,48.28,49.62,26.90,37.33,7.73,3192.62,292.43,3.70,0.49,81.13,10.38,9.09,2.30,0.31,0.16,32.73,3.34,11.67,3.70,2.52,4.23,1.20,20.93,13.65,6.48,6.08,4.70,44655.94,420.22,2733.57,6999.38,1351.68,27478.57,1085.47,259.43,170.82,1304.62,96.87,676.27,152.40,2099.23,92.75,346.11,71.18,182.55,86.19,72.53,39.32,53.64,11.10,4564.63,418.09,4.71,0.62,101.55,12.99,11.31,2.87,0.41,0.21,38.71,3.95,15.77,5.00,3.35,5.65,1.34,23.36,14.70,6.98,6.90,5.34
53.10,53.1,03/06/2025 12:17:30,-4.790,22.158,,15.6,936057.0,610688.0,981967.24,806.72,1612.67,2761.81,582.46,8645.70,369.09,210.62,124.93,449.86,38.71,474.05,116.51,1128.84,61.67,160.71,38.01,116.18,47.29,66.07,28.99,33.66,7.06,3031.79,277.49,3.47,0.48,64.12,7.04,8.74,2.27,0.00,0.00,22.42,2.80,13.69,3.61,1.89,4.16,8.44,20.38,20.11,6.97,3.88,4.47,33942.25,1337.76,2674.25,5218.33,1100.54,18496.04,789.60,482.60,286.27,1123.25,96.66,571.04,140.35,1579.49,86.29,268.14,63.42,207.40,84.43,96.56,42.36,48.37,10.14,4334.68,396.74,4.42,0.61,80.27,8.81,10.88,2.83,0.00,0.00,26.52,3.31,18.49,4.88,2.53,5.55,9.42,22.75,21.66,7.51,4.40,5.08
53.20,53.2,03/06/2025 12:17:49,-4.998,23.282,,15.7,921925.0,601356.0,984733.63,359.55,1686.25,2121.04,503.22,7363.29,326.75,44.54,36.19,402.91,37.50,368.60,103.63,1145.68,60.45,171.95,38.28,114.88,45.98,70.43,29.21,65.60,12.54,2886.68,263.52,3.59,0.48,56.62,5.73,8.76,2.23,0.00,0.00,26.21,2.94,20.18,3.58,0.00,0.00,11.18,19.79,16.99,6.65,7.70,4.29,28512.04,596.23,2796.27,4007.63,950.81,15752.53,699.03,102.05,82.93,1006.04,93.63,444.01,124.83,1603.04,84.58,286.90,63.87,205.08,82.09,102.94,42.69,94.26,18.02,4127.21,376.77,4.57,0.61,70.87,7.17,10.90,2.78,0.00,0.00,30.99,3.48,27.26,4.84,0.00,0.00,12.48,22.10,18.30,7.16,8.74,4.87
53.30,53.3,03/06/2025 12:18:07,-4.389,24.276,,15.7,912069.0,598751.0,987474.78,304.87,1609.25,2088.52,490.39,5469.56,260.92,51.00,39.05,438.91,36.72,239.03,90.20,975.03,57.93,151.30,35.86,109.92,45.07,62.68,27.59,38.21,7.78,2391.97,216.25,3.76,0.46,120.90,22.67,8.58,2.13,0.00,0.00,22.88,2.73,13.16,3.40,1.03,3.91,10.45,19.44,17.88,6.44,5.57,4.26,23283.29,505.56,2668.59,3946.19,926.58,11701.22,558.20,116.85,89.48,1095.92,91.68,287.93,108.66,1364.27,81.06,252.44,59.83,196.23,80.45,91.61,40.32,54.91,11.18,3419.91,309.19,4.78,0.59,151.34,28.37,10.68,2.65,0.00,0.00,27.06,3.23,17.77,4.59,1.37,5.22,11.67,21.71,19.26,6.94,6.32,4.83
53.40,53.4,03/06/2025 12:18:35,-3.970,24.076,,15.7,910786.0,600995.0,988189.07,334.95,1547.09,1850.60,456.27,5170.32,250.79,148.20,89.83,419.47,36.78,149.68,79.38,936.96,57.63,104.66,30.64,81.57,44.66,65.34,27.97,25.49,5.36,2345.14,211.87,3.93,0.46,101.36,16.63,10.80,2.12,0.00,0.00,18.80,2.49,9.77,3.33,0.57,3.87,7.35,19.39,17.58,6.47,8.39,4.29,22014.88,555.44,2565.50,3496.64,862.10,11061.05,536.53,339.58,205.84,1047.38,91.84,180.30,95.62,1310.99,80.64,174.63,51.12,145.63,79.73,95.49,40.88,36.63,7.70,3352.95,302.92,5.01,0.58,126.89,20.81,13.44,2.64,0.00,0.00,22.23,2.95,13.20,4.50,0.76,5.15,8.21,21.65,18.93,6.97,9.52,4.87
53.50,53.5,03/06/2025 12:18:53,-4.949,25.525,1181343.860,15.7,910045.0,592630.0,987993.27,323.03,1582.66,1669.79,439.30,5654.62,268.58,23.82,52.99,379.21,36.62,214.81,87.19,951.59,57.72,100.67,30.02,102.70,44.93,48.21,25.24,83.02,21.42,2262.36,204.02,3.35,0.45,110.09,19.28,7.72,2.09,0.26,0.15,23.51,2.74,12.21,3.33,2.55,3.82,13.71,19.39,12.05,5.93,7.48,4.22,22391.56,535.68,2624.48,3155.01,830.05,12097.13,574.57,54.59,121.41,946.84,91.43,258.76,105.03,1331.47,80.77,167.96,50.09,183.33,80.22,70.46,36.88,119.28,30.77,3234.59,291.70,4.26,0.57,137.81,24.13,9.61,2.60,0.34,0.19,27.80,3.24,16.49,4.50,3.40,5.09,15.30,21.65,12.99,6.39,8.48,4.78
53.60,53.6,03/06/2025 12:19:11,-5.451,22.288,,15.9,895592.0,576458.0,982971.99,240.94,1587.93,2295.61,516.31,9341.86,389.75,30.29,26.17,335.96,37.04,439.39,109.02,1157.87,60.28,160.96,36.54,96.11,44.97,79.08,30.66,87.55,21.74,2530.87,228.91,3.63,0.47,135.59,27.09,8.70,2.22,0.00,0.00,31.78,3.20,15.20,3.44,1.56,3.81,11.48,19.47,17.94,6.62,5.66,4.42,32363.95,399.54,2633.22,4337.46,975.55,19985.37,833.80,69.40,59.96,838.86,92.48,529.29,131.33,1620.10,84.34,268.56,60.96,171.58,80.28,115.57,44.81,125.79,31.24,3618.50,327.28,4.63,0.59,169.72,33.91,10.83,2.76,0.00,0.00,37.59,3.78,20.53,4.65,2.08,5.09,12.81,21.74,19.32,7.13,6.42,5.01
53.70,53.7,03/06/2025 12:19:29,-4.973,15.209,,15.9,885851.0,575874.0,978570.08,270.91,1528.40,3386.57,661.63,11930.62,474.14,86.27,58.45,310.65,37.20,620.89,127.43,1479.39,63.49,212.08,41.06,115.93,45.83,67.98,28.84,57.79,10.95,2647.92,239.59,3.41,0.46,155.72,33.83,9.13,2.23,0.00,0.00,28.24,3.08,12.57,3.51,0.00,0.00,5.26,19.77,22.62,6.96,5.98,4.53,40989.93,449.24,2534.51,6398.79,1250.12,25523.58,1014.34,197.69,133.94,775.66,92.88,747.92,153.50,2069.98,88.83,353.85,68.50,206.96,81.82,99.36,42.15,83.03,15.74,3785.85,342.55,4.34,0.59,194.93,42.35,11.37,2.78,0.00,0.00,33.40,3.65,16.98,4.75,0.00,0.00,5.87,22.07,24.36,7.50,6.78,5.14
53.80,53.8,03/06/2025 12:19:47,-4.929,13.163,,15.8,880105.0,588840.0,987303.20,195.93,1528.04,1996.74,471.84,5905.03,274.86,35.84,29.40,415.12,35.48,318.94,95.78,1016.45,57.00,96.58,28.56,105.68,43.78,73.77,29.14,33.91,6.76,2298.15,206.91,3.28,0.44,134.98,27.59,8.29,2.10,0.04,0.15,19.65,2.57,6.55,3.25,1.11,3.84,9.90,18.85,17.62,6.34,3.25,4.20,23698.46,324.90,2533.91,3772.77,891.52,12632.85,588.02,82.12,67.37,1036.50,88.58,384.20,115.38,1422.22,79.75,161.14,47.66,188.67,78.16,107.82,42.59,48.72,9.71,3285.77,295.83,4.17,0.56,168.96,34.54,10.31,2.61,0.05,0.19,23.23,3.04,8.84,4.39,1.48,5.12,11.06,21.04,18.98,6.83,3.69,4.77
53.90,53.9,03/06/2025 12:20:15,-4.396,12.498,,15.8,882747.0,603135.0,986720.98,693.34,1505.01,1983.90,470.08,6237.44,286.33,92.91,61.38,429.83,35.54,225.28,86.47,1005.20,57.40,88.03,27.43,114.78,44.26,74.46,29.33,15.30,3.26,2151.16,192.99,3.32,0.45,109.65,19.10,7.73,2.15,0.21,0.14,8.24,1.76,7.31,3.30,1.03,3.93,12.60,18.97,14.15,5.99,3.15,4.09,24969.68,1149.74,2495.71,3748.50,888.20,13343.97,612.57,212.90,140.64,1073.25,88.75,271.37,104.17,1406.48,80.32,146.89,45.77,204.90,79.02,108.83,42.87,21.99,4.68,3075.61,275.92,4.22,0.58,137.25,23.90,9.63,2.68,0.27,0.19,9.75,2.08,9.88,4.45,1.38,5.24,14.06,21.18,15.24,6.45,3.57,4.64
54.00,54.0,03/06/2025 12:20:33,-4.586,9.591,1181344.783,15.8,884763.0,602875.0,986786.78,351.59,1526.65,2199.78,496.53,6283.19,287.26,11.66,11.20,408.92,35.79,63.51,57.33,942.15,56.81,188.25,38.46,79.97,43.70,61.12,26.97,92.28,16.64,2375.89,214.34,3.38,0.45,106.25,17.96,8.63,2.13,0.00,0.00,6.76,1.58,4.42,3.32,2.66,3.97,1.85,19.06,17.22,6.50,3.74,4.16,24889.90,583.03,2531.60,4156.40,938.17,13441.84,614.55,26.73,25.66,1021.03,89.35,76.51,69.06,1318.26,79.48,314.09,64.17,142.77,78.02,89.33,39.42,132.58,23.91,3396.91,306.45,4.30,0.57,133.01,22.48,10.75,2.66,0.00,0.00,8.00,1.87,5.97,4.48,3.54,5.30,2.07,21.28,18.55,7.01,4.24,4.71
54.10,54.1,03/06/2025 12:20:51,-5.157,8.865,,15.8,878806.0,600994.0,989573.56,173.34,1508.64,1739.79,434.22,4408.86,222.28,68.19,47.09,372.74,35.46,155.21,76.54,751.50,53.69,137.46,33.36,78.12,42.82,77.20,29.54,113.45,19.95,2184.60,196.31,3.64,0.45,114.91,21.00,8.11,1.97,0.00,0.00,6.53,1.54,3.28,3.19,2.70,3.88,5.09,18.62,18.15,6.42,3.58,4.10,19303.82,287.45,2501.75,3287.28,820.45,9432.02,475.54,156.24,107.89,930.68,88.55,186.97,92.20,1051.50,75.12,229.35,55.66,139.46,76.43,112.84,43.17,163.00,28.66,3123.42,280.67,4.63,0.57,143.84,26.28,10.10,2.45,0.00,0.00,7.72,1.82,4.43,4.31,3.60,5.17,5.68,20.79,19.55,6.91,4.06,4.66
54.20,54.2,03/06/2025 12:21:10,-4.795,8.667,,15.8,875628.0,603669.0,989272.11,461.11,1476.50,1903.10,452.05,4576.46,227.90,98.14,62.56,285.15,35.83,112.05,69.46,700.45,53.67,38.85,16.98,44.50,42.48,86.28,31.35,183.20,31.86,2083.42,186.69,3.77,0.45,90.29,13.67,8.05,2.09,0.00,0.00,4.44,1.26,8.00,3.27,1.18,3.88,16.44,18.58,19.27,6.45,3.74,4.02,19904.16,764.65,2448.45,3595.84,854.13,9790.59,487.56,224.88,143.36,711.99,89.46,134.98,83.67,980.08,75.09,64.82,28.33,79.44,75.84,126.11,45.82,263.23,45.77,2978.75,266.92,4.80,0.58,113.02,17.11,10.02,2.61,0.00,0.00,5.25,1.49,10.81,4.42,1.57,5.17,18.35,20.74,20.75,6.95,4.24,4.56
54.30,54.3,03/06/2025 12:21:28,-4.637,8.068,,15.8,873227.0,599039.0,988491.91,344.53,1426.06,2042.74,468.03,5153.21,247.82,202.83,117.29,411.36,35.73,71.70,59.12,767.49,53.63,20.75,14.07,84.28,43.25,62.92,26.98,126.42,22.18,2051.75,183.68,3.62,0.44,108.70,19.01,6.67,1.98,0.00,0.00,3.82,1.24,3.10,3.19,1.93,3.88,19.91,18.70,16.55,6.25,3.80,3.96,21704.37,571.32,2364.81,3859.68,884.33,11024.45,530.18,464.75,268.76,1027.11,89.22,86.37,71.22,1073.88,75.04,34.63,23.48,150.46,77.22,91.96,39.44,181.65,31.87,2933.48,262.62,4.61,0.57,136.07,23.79,8.30,2.47,0.00,0.00,4.52,1.47,4.19,4.30,2.58,5.17,22.23,20.88,17.83,6.73,4.31,4.49
54.40,54.4,03/06/2025 12:21:56,-4.823,7.808,,15.8,869813.0,599484.0,989361.92,361.96,1507.09,1781.92,439.48,4941.30,240.18,87.13,56.66,377.75,35.03,89.09,63.99,678.38,52.62,37.45,16.53,79.76,42.78,49.87,24.71,100.07,17.82,1925.22,171.74,3.33,0.43,76.04,10.10,7.30,2.02,0.00,0.00,4.00,1.22,2.52,3.13,2.42,3.84,10.27,18.53,19.82,6.33,2.48,3.92,20067.19,600.24,2499.17,3366.88,830.38,10571.09,513.84,199.65,129.83,943.22,87.48,107.32,77.08,949.19,73.63,62.49,27.58,142.38,76.37,72.89,36.11,143.79,25.61,2752.57,245.55,4.24,0.55,95.19,12.64,9.08,2.52,0.00,0.00,4.73,1.44,3.41,4.22,3.23,5.12,11.47,20.69,21.35,6.82,2.81,4.45
54.50,54.5,03/06/2025 12:22:14,-4.297,4.228,1181348.887,15.8,869833.0,597970.0,990750.71,345.39,1531.15,1453.58,398.12,4018.50,208.54,32.74,50.54,376.13,35.29,59.43,54.01,689.16,52.25,26.61,14.01,43.22,42.46,44.37,23.91,45.02,8.79,1978.49,176.95,3.39,0.43,94.92,15.13,6.81,1.95,0.02,0.14,3.41,1.19,3.56,3.13,1.46,3.77,4.39,18.58,16.28,6.10,2.42,3.93,17213.62,572.74,2539.07,2746.48,752.24,8596.91,446.13,75.01,115.80,939.16,88.12,71.59,65.06,964.28,73.11,44.40,23.37,77.16,75.80,64.85,34.94,64.69,12.63,2828.73,252.99,4.32,0.55,118.82,18.94,8.48,2.43,0.03,0.19,4.03,1.41,4.81,4.23,1.95,5.03,4.90,20.75,17.54,6.57,2.75,4.46
54.60,54.6,03/06/2025 12:22:32,-4.807,3.833,,15.8,868894.0,598073.0,991678.73,207.40,1489.13,1321.61,381.39,3348.74,185.82,74.20,50.33,376.36,35.04,24.70,33.52,630.30,51.84,75.98,25.08,59.52,41.99,63.90,26.81,80.60,14.58,1926.18,171.93,3.23,0.42,90.35,13.91,6.63,1.98,0.00,0.00,3.42,1.21,3.25,3.11,2.71,3.73,5.87,18.33,13.37,5.91,2.97,3.88,15384.54,343.92,2469.38,2497.13,720.62,7164.07,397.52,170.03,115.32,939.74,87.49,29.75,40.37,881.92,72.54,126.76,41.84,106.25,74.97,93.39,39.19,115.81,20.95,2753.94,245.81,4.11,0.53,113.10,17.41,8.25,2.46,0.00,0.00,4.04,1.43,4.39,4.20,3.62,4.98,6.56,20.47,14.41,6.37,3.37,4.40
54.70,54.7,03/06/2025 12:22:50,-4.949,3.700,,15.8,866304.0,600015.0,991895.26,326.50,1464.76,1401.03,387.32,3103.24,175.29,92.60,59.15,398.00,34.63,11.92,24.86,631.48,51.94,20.13,13.75,91.44,42.29,63.64,26.68,109.11,19.21,1723.90,153.00,3.47,0.43,78.67,10.91,3.91,1.88,0.00,0.00,3.86,1.20,3.37,3.12,1.96,3.72,15.82,18.22,15.16,6.04,5.52,3.93,15002.49,541.43,2428.98,2647.19,731.83,6638.87,375.00,212.18,135.54,993.78,86.46,14.36,29.94,883.57,72.68,33.60,22.95,163.23,75.50,93.02,39.00,156.78,27.61,2464.73,218.75,4.41,0.55,98.48,13.66,4.87,2.34,0.00,0.00,4.57,1.42,4.56,4.22,2.61,4.97,17.66,20.35,16.33,6.51,6.26,4.45
54.80,54.8,03/06/2025 12:23:08,-4.702,-0.930,,15.8,873813.0,604234.0,991461.55,427.97,1490.34,1524.25,402.68,3288.71,181.93,28.87,49.86,208.02,35.70,14.89,24.76,639.47,52.03,14.03,13.77,116.02,42.83,66.51,27.26,137.92,24.03,1904.53,169.96,3.53,0.43,110.74,20.01,7.43,2.04,0.00,0.00,4.78,1.29,1.55,3.11,2.41,3.85,14.47,18.28,18.66,6.13,3.70,3.97,15576.25,709.69,2471.39,2880.01,760.85,7035.66,389.20,66.15,114.24,519.40,89.13,17.93,29.83,894.75,72.80,23.41,22.98,207.11,76.46,97.21,39.84,198.17,34.53,2722.99,243.00,4.49,0.55,138.62,25.05,9.25,2.53,0.00,0.00,5.65,1.52,2.09,4.21,3.22,5.13,16.16,20.41,20.10,6.60,4.20,4.51
54.90,54.9,03/06/2025 12:23:36,-5.309,3.106,,15.8,874325.0,603446.0,990789.18,267.13,1532.83,1507.19,407.98,3792.28,201.26,68.27,47.36,421.95,35.20,55.96,53.19,671.48,52.61,47.55,19.28,67.92,42.56,42.91,23.69,177.57,31.08,1960.13,175.19,3.60,0.45,82.03,11.63,7.65,2.05,0.01,0.14,4.37,1.24,1.46,3.13,3.49,3.84,9.56,18.53,15.17,6.12,3.15,3.92,17100.75,442.97,2541.86,2847.79,770.86,8112.95,430.56,156.42,108.51,1053.57,87.90,67.40,64.07,939.54,73.62,79.33,32.18,121.25,75.97,62.72,34.63,255.13,44.65,2802.48,250.47,4.59,0.57,102.69,14.55,9.52,2.56,0.01,0.19,5.17,1.47,1.97,4.22,4.66,5.12,10.67,20.68,16.35,6.59,3.57,4.45
55.00,55.0,03/06/2025 12:23:54,-4.765,7.406,1181344.586,15.8,868611.0,599086.0,989978.14,390.75,1499.66,1773.77,438.34,4359.62,220.44,68.61,47.56,376.82,35.67,28.79,37.30,668.98,52.64,22.17,13.90,62.74,42.36,70.51,28.15,155.77,27.04,1927.53,171.96,3.48,0.44,68.30,8.36,6.79,2.00,0.04,0.14,3.35,1.21,1.85,3.16,2.00,3.81,12.79,18.42,13.34,6.03,3.85,3.99,18767.26,647.97,2486.85,3351.47,828.23,9326.68,471.61,157.20,108.97,940.88,89.06,34.68,44.93,936.04,73.65,36.99,23.18,111.99,75.62,103.06,41.14,223.82,38.85,2755.88,245.86,4.43,0.56,85.50,10.47,8.45,2.49,0.05,0.19,3.96,1.43,2.50,4.27,2.67,5.08,14.28,20.57,14.37,6.49,4.37,4.53
55.10,55.1,03/06/2025 12:24:12,-4.817,7.409,,15.8,867333.0,599872.0,989854.70,335.87,1557.84,1750.61,438.47,4608.28,229.34,40.51,31.66,432.69,35.32,61.66,55.20,650.75,52.18,45.93,18.82,100.53,42.79,68.78,27.86,36.46,7.22,1867.72,166.36,3.37,0.43,101.39,16.99,7.35,1.97,0.00,0.00,2.25,1.20,2.71,3.17,2.62,3.80,8.46,18.40,14.70,6.13,2.67,3.98,19139.19,556.97,2583.33,3307.71,828.48,9858.66,490.63,92.82,72.54,1080.39,88.18,74.27,66.50,910.53,73.02,76.63,31.40,179.47,76.38,100.53,40.71,52.39,10.38,2670.36,237.85,4.29,0.54,126.91,21.26,9.15,2.45,0.00,0.00,2.66,1.42,3.66,4.28,3.49,5.07,9.45,20.55,15.84,6.60,3.03,4.52
55.20,55.2,03/06/2025 12:24:30,-4.716,7.074,,15.8,874571.0,604383.0,988855.83,783.60,1527.79,1990.35,466.30,4634.87,230.23,104.94,65.94,345.34,35.90,90.91,64.22,723.87,53.51,32.01,14.87,110.28,43.14,77.96,29.67,196.18,34.26,1892.90,168.65,3.64,0.44,107.56,18.74,8.01,2.03,0.00,0.00,3.58,1.24,1.84,3.19,2.56,3.90,15.29,18.49,14.62,6.34,3.88,4.05,20749.79,1299.43,2533.49,3760.69,881.06,9915.54,492.54,240.46,151.10,862.27,89.64,109.52,77.36,1012.84,74.87,53.41,24.81,196.87,77.01,113.95,43.36,281.87,49.22,2706.36,241.12,4.63,0.56,134.65,23.45,9.97,2.53,0.00,0.00,4.23,1.46,2.49,4.31,3.42,5.20,17.07,20.64,15.75,6.83,4.40,4.60
55.30,55.3,03/06/2025 12:24:49,-3.064,5.688,,15.7,882108.0,608397.0,990484.75,316.14,1542.53,1736.05,436.01,3921.27,206.24,38.62,30.79,424.57,35.81,9.29,25.28,710.93,53.27,30.43,14.47,90.83,43.22,65.48,27.41,124.05,21.87,1901.05,169.70,3.75,0.45,97.79,15.94,7.82,2.02,0.00,0.00,3.04,1.23,2.19,3.16,2.20,3.86,10.50,18.66,16.37,6.29,2.88,4.00,17731.80,524.25,2557.94,3280.20,823.82,8388.90,441.22,88.50,70.55,1060.11,89.40,11.19,30.45,994.74,74.53,50.78,24.15,162.14,77.16,95.70,40.07,178.24,31.43,2718.01,242.63,4.77,0.58,122.41,19.95,9.74,2.51,0.00,0.00,3.60,1.46,2.95,4.27,2.94,5.15,11.72,20.83,17.63,6.77,3.26,4.54
55.40,55.4,03/06/2025 12:25:17,-4.685,8.995,,15.7,893373.0,612792.0,990498.64,155.72,1533.82,1467.76,406.31,4169.80,215.79,113.67,71.40,454.71,36.21,40.63,46.52,692.73,53.64,35.19,16.19,45.22,43.23,52.51,25.38,74.09,13.80,2040.78,183.04,3.57,0.44,99.04,16.27,7.72,2.08,0.00,0.00,4.73,1.27,3.78,3.16,1.94,3.88,16.59,18.91,17.49,6.35,3.66,4.03,17799.55,258.22,2543.50,2773.28,767.71,8920.59,461.65,260.45,163.60,1135.38,90.42,48.95,56.03,969.28,75.06,58.72,27.02,80.73,77.18,76.74,37.09,106.46,19.83,2917.80,261.70,4.55,0.56,123.98,20.37,9.61,2.59,0.00,0.00,5.60,1.51,5.11,4.27,2.59,5.17,18.53,21.11,18.84,6.84,4.16,4.57
55.50,55.5,03/06/2025 12:25:35,-3.965,2.583,1181349.345,15.7,898985.0,615624.0,989670.45,736.15,1492.72,1687.93,432.58,4016.95,211.42,15.04,51.39,486.59,36.00,95.60,67.24,753.98,54.48,46.01,19.41,81.38,43.73,61.55,26.97,86.99,15.96,2096.33,188.30,3.76,0.46,108.40,19.02,9.17,2.07,0.00,0.00,5.36,1.40,3.44,3.22,2.27,3.89,8.78,18.95,20.01,6.34,3.86,4.11,19059.04,1220.75,2475.34,3189.28,817.35,8593.61,452.29,34.46,117.76,1214.96,89.89,115.17,81.00,1054.98,76.23,76.77,32.39,145.27,78.07,89.96,39.41,124.98,22.93,2997.21,269.22,4.78,0.58,135.69,23.81,11.41,2.57,0.00,0.00,6.34,1.66,4.65,4.34,3.03,5.19,9.80,21.16,21.55,6.83,4.38,4.66
55.60,55.6,03/06/2025 12:25:53,-6.525,4.172,,15.7,903500.0,617333.0,990145.20,204.24,1602.09,1525.21,421.92,4170.04,217.47,40.17,52.66,445.52,36.35,91.53,66.46,717.19,54.15,76.71,26.02,124.05,44.49,40.87,23.88,97.76,17.83,2173.33,195.68,3.71,0.46,99.37,16.27,7.85,2.09,0.06,0.15,4.56,1.25,2.89,3.26,3.64,3.88,5.57,19.03,16.14,6.26,4.41,4.05,18298.49,338.68,2656.71,2881.83,797.20,8921.11,465.25,92.04,120.66,1112.43,90.76,110.25,80.05,1003.49,75.77,127.98,43.42,221.46,79.42,59.74,34.90,140.46,25.62,3107.31,279.78,4.72,0.59,124.39,20.36,9.77,2.60,0.08,0.19,5.39,1.47,3.91,4.40,4.86,5.18,6.22,21.24,17.39,6.74,5.00,4.59
55.70,55.7,03/06/2025 12:26:11,-6.790,3.906,,15.7,901893.0,615604.0,990211.12,203.69,1551.22,1498.82,417.67,3994.80,211.43,186.34,109.71,435.16,36.40,71.78,60.65,791.15,55.11,79.86,26.61,38.96,43.60,66.09,27.86,104.69,18.90,2191.03,197.32,3.73,0.46,74.56,9.72,8.52,2.09,0.00,0.00,5.90,1.43,2.72,3.19,2.23,3.93,7.65,19.12,17.54,6.20,3.66,3.95,18159.25,337.78,2572.34,2831.96,789.17,8546.22,452.31,426.97,251.38,1086.54,90.88,86.47,73.06,1106.98,77.12,133.25,44.40,69.55,77.83,96.60,40.72,150.42,27.15,3132.62,282.12,4.75,0.58,93.33,12.17,10.61,2.60,0.00,0.00,6.98,1.70,3.67,4.32,2.98,5.24,8.54,21.35,18.89,6.68,4.15,4.48
55.80,55.8,03/06/2025 12:26:29,-5.045,3.972,,15.7,903522.0,617721.0,989327.23,130.01,1650.03,1597.60,431.31,5060.40,248.03,107.98,69.55,435.61,36.68,54.79,54.56,705.73,54.58,67.36,24.29,76.02,44.07,54.76,26.01,141.34,25.07,2142.35,192.66,3.58,0.45,41.46,3.48,6.73,2.00,0.00,0.00,8.18,1.69,2.03,3.16,1.89,3.92,11.04,19.15,20.46,6.26,3.44,3.99,20160.93,215.59,2736.21,3018.61,814.94,10825.90,530.61,247.43,159.36,1087.68,91.57,66.00,65.72,987.46,76.37,112.40,40.52,135.71,78.67,80.03,38.02,203.08,36.02,3063.01,275.46,4.56,0.57,51.90,4.35,8.38,2.49,0.00,0.00,9.68,2.00,2.74,4.27,2.52,5.23,12.33,21.38,22.04,6.74,3.90,4.52
55.90,55.9,03/06/2025 12:26:57,-5.803,3.507,,15.6,907606.0,619591.0,988249.27,266.77,1557.68,1941.52,472.96,5324.86,257.49,66.88,48.61,412.01,37.12,145.69,77.68,878.99,56.70,79.55,26.63,82.85,44.47,62.89,27.51,113.67,20.50,2274.10,205.18,3.79,0.47,42.55,3.61,7.14,2.07,0.07,0.15,7.71,1.64,2.58,3.21,2.97,4.02,12.22,19.29,18.39,6.26,3.54,4.00,21998.19,442.37,2583.07,3668.43,893.64,11391.67,550.86,153.25,111.39,1028.76,92.69,175.50,93.57,1229.89,79.33,132.73,44.42,147.90,79.39,91.92,40.21,163.33,29.46,3251.38,293.36,4.83,0.60,53.26,4.52,8.88,2.57,0.09,0.19,9.12,1.94,3.49,4.34,3.96,5.36,13.64,21.54,19.80,6.74,4.01,4.54
56.00,56.0,03/06/2025 12:27:15,-4.923,5.423,1181348.687,15.6,905319.0,618682.0,988277.00,285.26,1586.88,1813.09,452.97,5434.24,259.63,163.01,97.22,449.46,36.98,93.35,67.70,786.92,55.45,105.73,30.32,98.29,44.38,52.46,25.71,121.39,21.74,2214.48,199.45,3.91,0.47,43.75,3.78,8.08,2.01,0.00,0.00,5.47,1.39,3.62,3.25,3.07,4.00,10.75,19.18,22.91,6.42,3.75,4.00,22129.05,473.04,2631.49,3425.77,855.88,11625.66,555.43,373.52,222.76,1122.25,92.34,112.45,81.55,1101.07,77.59,176.40,50.58,175.47,79.22,76.67,37.57,174.42,31.24,3166.14,285.17,4.97,0.59,54.76,4.74,10.06,2.50,0.00,0.00,6.47,1.65,4.89,4.40,4.10,5.34,12.00,21.42,24.68,6.92,4.25,4.54
56.10,56.1,03/06/2025 12:27:33,-5.821,5.949,,15.7,893617.0,613027.0,988906.12,335.50,1546.78,2084.75,483.89,4937.92,242.23,73.28,51.02,486.30,36.43,23.86,33.57,741.81,54.24,31.52,15.05,89.29,44.10,43.11,24.19,127.25,22.60,2041.13,182.96,3.68,0.46,29.27,1.98,6.50,2.02,0.06,0.14,4.07,1.22,1.05,3.16,1.70,3.93,12.00,19.06,16.76,6.08,3.04,3.88,20977.17,556.35,2564.98,3939.06,914.29,10563.86,518.21,167.91,116.91,1214.24,90.97,28.75,40.44,1037.95,75.89,52.60,25.12,159.40,78.72,63.01,35.35,182.83,32.47,2918.30,261.59,4.69,0.58,36.64,2.48,8.09,2.51,0.08,0.19,4.81,1.44,1.42,4.27,2.27,5.24,13.40,21.28,18.06,6.55,3.45,4.40
56.20,56.2,03/06/2025 12:27:51,-6.150,6.016,,15.7,888739.0,612715.0,989679.29,188.37,1560.49,1825.31,455.00,4710.55,235.70,28.21,24.36,530.43,35.99,71.99,59.96,779.97,54.08,26.26,14.18,90.76,43.61,40.86,23.80,33.21,6.79,1890.84,168.89,3.85,0.46,48.20,4.53,7.43,2.02,0.00,0.00,2.85,1.20,2.97,3.15,2.67,3.86,16.82,18.86,16.31,6.11,2.85,3.89,19547.49,312.36,2587.72,3448.86,859.71,10077.44,504.24,64.63,55.83,1324.43,89.86,86.71,72.22,1091.34,75.67,43.81,23.65,162.02,77.85,59.73,34.79,47.72,9.76,2703.42,241.47,4.90,0.58,60.34,5.67,9.25,2.51,0.00,0.00,3.37,1.42,4.02,4.26,3.55,5.15,18.78,21.06,17.57,6.58,3.24,4.41
56.30,56.3,03/06/2025 12:28:09,-5.030,9.127,,15.7,884596.0,611560.0,988869.98,344.28,1495.02,1878.57,452.78,5375.04,256.28,77.81,53.32,397.62,36.08,102.32,68.32,729.88,54.07,41.34,17.81,126.44,43.90,49.52,24.89,5.33,1.19,1894.10,169.00,3.52,0.44,53.08,5.34,7.47,2.03,0.00,0.00,4.94,1.31,1.88,3.17,1.87,3.88,15.97,18.74,15.95,6.22,3.09,3.86,21147.45,570.92,2479.15,3549.49,855.52,11499.01,548.27,178.29,122.18,992.81,90.08,123.26,82.29,1021.25,75.66,68.98,29.72,225.73,78.37,72.37,36.38,7.66,1.71,2708.08,241.63,4.48,0.56,66.44,6.68,9.30,2.53,0.00,0.00,5.84,1.54,2.53,4.28,2.49,5.17,17.83,20.92,17.18,6.70,3.50,4.38
56.40,56.4,03/06/2025 12:28:38,-4.065,7.608,,15.7,888547.0,608723.0,988446.64,368.82,1584.51,1868.28,457.34,5685.93,267.45,15.25,51.62,396.16,36.33,15.76,25.65,739.27,54.47,70.62,24.53,108.71,43.71,69.60,28.24,79.64,14.60,2027.51,181.53,3.56,0.44,60.68,6.71,6.05,1.96,0.00,0.00,3.32,1.23,1.48,3.19,2.78,3.93,13.57,18.76,14.33,6.06,2.03,3.99,21940.67,611.60,2627.55,3530.04,864.12,12164.10,572.17,34.95,118.28,989.17,90.71,18.98,30.90,1034.39,76.22,117.83,40.93,194.07,78.02,101.73,41.27,114.44,20.98,2898.83,259.54,4.53,0.56,75.95,8.41,7.53,2.44,0.00,0.00,3.93,1.46,2.00,4.32,3.70,5.24,15.15,20.95,15.44,6.53,2.30,4.53
56.50,56.5,03/06/2025 12:28:56,-3.832,17.193,1181349.416,15.7,896612.0,609717.0,987456.77,311.19,1629.94,2193.11,503.38,5987.32,277.84,118.84,74.21,486.38,36.67,53.25,53.49,838.39,55.91,29.40,14.40,113.25,44.40,81.68,30.80,117.71,20.92,2089.98,187.45,3.72,0.46,60.02,6.54,7.05,2.01,0.00,0.00,5.06,1.33,1.35,3.21,2.07,3.98,20.02,19.03,19.00,6.38,4.42,4.10,23867.65,516.04,2702.89,4143.80,951.12,12808.88,594.40,272.31,170.05,1214.46,91.55,64.15,64.44,1173.09,78.23,49.06,24.03,202.16,79.27,119.39,45.02,169.13,30.06,2988.14,268.01,4.73,0.58,75.14,8.19,8.77,2.51,0.00,0.00,5.98,1.58,1.82,4.34,2.75,5.31,22.35,21.25,20.47,6.87,5.01,4.65
56.60,56.6,03/06/2025 12:29:14,-5.363,22.881,,15.8,892663.0,600117.0,985323.55,244.34,1550.99,2498.24,539.52,7585.49,330.61,103.20,66.67,495.85,36.73,160.46,79.78,999.65,57.71,65.86,23.86,89.95,44.53,40.25,24.07,19.61,4.16,2256.86,203.09,3.49,0.45,56.43,5.80,6.03,2.00,0.00,0.00,8.52,1.75,6.61,3.33,2.34,3.97,9.78,19.26,20.03,6.39,3.47,4.13,28145.31,405.18,2571.97,4720.34,1019.41,16227.91,707.29,236.46,152.77,1238.09,91.70,193.29,96.11,1398.72,80.75,109.89,39.80,160.57,79.49,58.83,35.19,28.18,5.98,3226.73,290.36,4.44,0.57,70.64,7.26,7.50,2.49,0.00,0.00,10.08,2.07,8.93,4.50,3.11,5.29,10.92,21.51,21.57,6.89,3.94,4.69
56.70,56.7,03/06/2025 12:29:32,-5.744,31.348,,15.8,900719.0,594024.0,983613.30,297.90,1614.73,2899.72,598.49,8064.55,347.97,225.67,131.76,507.72,36.95,219.20,87.35,1200.71,60.47,98.09,29.60,131.20,45.72,78.79,30.60,65.06,12.32,2489.18,225.12,3.67,0.46,40.67,3.26,9.48,2.17,0.00,0.00,15.39,2.30,4.05,3.35,1.60,3.96,12.42,19.50,18.32,6.54,3.30,4.25,31250.54,494.00,2677.66,5478.91,1130.82,17252.77,744.43,517.09,301.92,1267.72,92.26,264.05,105.22,1680.04,84.62,163.67,49.39,234.22,81.62,115.16,44.72,93.48,17.71,3558.88,321.86,4.67,0.58,50.91,4.08,11.81,2.70,0.00,0.00,18.20,2.72,5.47,4.52,2.13,5.27,13.86,21.77,19.73,7.05,3.75,4.82
56.80,56.8,03/06/2025 12:29:50,-7.193,36.771,,15.8,905089.0,576966.0,974904.65,441.47,1597.16,3525.87,686.10,14798.89,569.76,91.46,61.87,466.44,38.56,504.82,117.42,1457.71,64.65,235.92,43.56,144.76,47.54,73.05,30.26,67.04,12.66,3153.25,288.05,3.84,0.50,45.65,3.78,8.35,2.29,0.00,0.00,28.15,3.11,10.33,3.55,0.00,0.00,11.88,20.31,21.03,7.07,5.42,4.55,48601.09,732.08,2648.53,6661.99,1296.36,31659.79,1218.92,209.58,141.77,1164.66,96.28,608.10,141.45,2039.64,90.46,393.64,72.68,258.42,84.87,106.77,44.22,96.33,18.20,4508.35,411.84,4.89,0.63,57.14,4.73,10.39,2.84,0.00,0.00,33.30,3.67,13.96,4.79,0.00,0.00,13.27,22.68,22.65,7.62,6.15,5.16
56.90,56.9,03/06/2025 12:30:18,-5.095,38.425,,15.9,901792.0,568191.0,970155.54,614.29,1562.42,5123.75,912.91,17004.08,642.78,18.58,17.59,434.27,38.73,751.37,144.28,1825.02,68.95,287.85,47.36,145.39,48.25,78.82,31.66,59.12,11.30,3329.35,304.49,3.81,0.50,51.54,4.53,9.30,2.38,0.00,0.00,39.95,3.69,16.42,3.72,2.68,4.24,17.09,20.66,24.33,7.22,7.47,4.66,57570.56,1018.66,2590.93,9681.13,1724.91,36377.42,1375.13,42.57,40.31,1084.33,96.70,905.10,173.80,2553.58,96.48,480.28,79.02,259.55,86.13,115.20,46.27,84.94,16.24,4760.12,435.35,4.84,0.64,64.52,5.67,11.58,2.96,0.00,0.00,47.24,4.37,22.17,5.03,3.57,5.66,19.08,23.07,26.21,7.78,8.47,5.29
57.00,57.0,03/06/2025 12:30:36,-6.439,36.507,1181349.215,15.9,907300.0,565090.0,961149.01,293.45,1567.08,5991.36,1041.30,24660.79,895.97,70.32,51.82,430.87,39.91,997.14,176.17,2194.71,74.78,308.85,50.27,170.57,50.94,65.20,30.16,92.22,24.27,3396.17,310.08,4.05,0.53,59.45,5.58,9.35,2.41,0.00,0.17,43.14,3.93,21.14,3.98,0.49,4.35,11.78,21.66,19.73,7.48,10.22,5.00,76194.42,486.62,2598.65,11320.46,1967.50,52757.69,1916.78,161.12,118.73,1075.83,99.65,1201.16,212.22,3070.85,104.64,515.31,83.88,304.50,90.94,95.29,44.08,132.51,34.87,4855.65,443.33,5.16,0.68,74.42,6.99,11.63,3.00,0.00,0.23,51.02,4.65,28.56,5.38,0.65,5.80,13.16,24.19,21.25,8.06,11.59,5.67
57.10,57.1,03/06/2025 12:30:54,-5.037,31.151,,15.9,913620.0,568475.0,960628.18,203.66,1585.92,5903.42,1030.00,24728.40,898.59,71.22,52.91,486.32,39.67,1158.26,195.88,2393.08,76.72,439.97,59.25,132.45,50.69,69.75,31.08,32.71,6.68,3576.15,327.37,4.39,0.54,60.87,5.78,9.33,2.51,0.00,0.00,48.27,4.18,22.15,4.07,0.85,4.53,0.00,0.00,20.87,7.50,9.70,5.10,76962.96,337.73,2629.89,11154.30,1946.15,52902.33,1922.38,163.19,121.23,1214.29,99.06,1395.25,235.96,3348.41,107.34,734.08,98.87,236.45,90.49,101.94,45.43,47.01,9.59,5112.97,468.06,5.59,0.69,76.20,7.23,11.61,3.13,0.00,0.00,57.09,4.94,29.91,5.49,1.13,6.04,0.00,0.00,22.48,8.08,11.00,5.79
57.20,57.2,03/06/2025 12:31:12,-5.370,23.544,,15.9,902355.0,566412.0,966138.69,870.97,1572.36,5087.66,907.08,20199.52,748.23,50.14,40.06,429.94,39.01,965.25,170.32,1993.16,71.25,332.27,51.18,127.86,48.94,76.84,31.59,73.28,13.64,3461.56,316.84,3.80,0.51,84.50,10.58,10.40,2.47,0.00,0.00,43.28,3.90,17.61,3.86,0.47,4.30,6.45,21.11,20.00,7.28,6.36,4.82,65595.27,1444.31,2607.40,9612.94,1713.89,43213.53,1600.72,114.89,91.80,1073.51,97.41,1162.74,205.17,2788.84,99.69,554.38,85.39,228.25,87.37,112.30,46.18,105.30,19.60,4949.14,453.00,4.84,0.65,105.78,13.24,12.95,3.07,0.00,0.00,51.19,4.61,23.78,5.22,0.62,5.73,7.20,23.57,21.55,7.85,7.22,5.47
57.30,57.3,03/06/2025 12:31:30,-4.337,8.732,,15.8,902416.0,580645.0,976775.67,378.00,1601.73,3921.28,740.65,12776.37,503.15,48.68,38.57,409.18,38.02,520.21,118.17,1557.01,65.03,143.68,35.90,93.95,46.80,49.55,26.30,52.47,10.22,3054.88,278.79,3.60,0.47,131.62,24.77,10.86,2.36,0.00,0.00,28.25,3.11,10.71,3.60,1.68,4.11,6.70,20.26,20.04,7.05,5.63,4.60,44498.67,626.83,2656.11,7409.10,1399.43,27332.93,1076.40,111.54,88.37,1021.68,94.94,626.64,142.35,2178.58,90.99,239.73,59.89,167.71,83.54,72.42,38.44,75.39,14.68,4367.69,398.60,4.58,0.60,164.76,31.01,13.52,2.94,0.00,0.00,33.41,3.68,14.46,4.86,2.24,5.48,7.48,22.62,21.59,7.59,6.39,5.21
57.40,57.4,03/06/2025 12:31:59,-4.001,10.519,,15.8,892505.0,597393.0,986505.37,256.81,1574.81,1925.77,467.34,7083.60,314.63,43.98,34.75,397.57,36.79,170.27,80.34,930.99,56.82,76.53,25.87,75.78,44.22,70.06,28.70,19.15,4.07,2295.51,206.86,3.62,0.46,90.24,13.43,6.47,2.08,0.06,0.15,12.82,2.13,7.50,3.30,1.85,3.91,6.67,19.20,16.19,6.31,3.18,4.15,25676.80,425.87,2611.47,3638.67,883.02,15154.20,673.10,100.78,79.63,992.71,91.86,205.11,96.78,1302.64,79.50,127.69,43.16,135.29,78.94,102.40,41.95,27.52,5.85,3282.00,295.76,4.61,0.58,112.96,16.81,8.05,2.59,0.08,0.19,15.16,2.52,10.13,4.46,2.46,5.21,7.45,21.44,17.44,6.80,3.60,4.70
57.50,57.5,03/06/2025 12:32:17,-5.534,10.846,1181344.521,15.7,896382.0,619405.0,988266.26,278.11,1563.15,1882.47,462.26,5536.31,263.21,36.79,30.49,501.80,36.16,80.60,63.41,950.34,56.87,78.34,26.18,45.20,43.65,54.93,26.08,41.19,8.24,2123.52,190.72,3.77,0.46,74.56,9.66,8.26,2.14,0.11,0.14,4.08,1.28,3.35,3.28,2.42,4.00,10.94,19.14,13.55,6.03,3.11,4.07,22164.54,461.18,2592.13,3556.87,873.42,11844.02,563.08,84.29,69.86,1252.94,90.29,97.09,76.38,1329.72,79.58,130.71,43.68,80.69,77.92,80.28,38.12,59.19,11.83,3036.09,272.68,4.80,0.59,93.33,12.09,10.28,2.66,0.15,0.19,4.83,1.51,4.53,4.43,3.23,5.34,12.21,21.37,14.59,6.50,3.53,4.62
57.60,57.6,03/06/2025 12:32:35,-5.922,9.590,,15.7,893957.0,621200.0,986481.34,452.71,1566.66,2217.79,501.89,6717.09,301.80,44.96,35.36,352.39,36.89,173.17,81.02,940.46,56.92,63.85,23.34,89.13,44.19,85.80,31.69,94.25,17.07,2134.96,191.61,3.58,0.45,95.13,14.79,6.69,2.02,0.00,0.00,4.05,1.29,2.44,3.35,3.43,4.08,14.24,19.10,18.51,6.45,4.01,4.20,25582.61,750.72,2597.95,4190.43,948.31,14370.10,645.65,103.03,81.02,879.89,92.10,208.60,97.59,1315.90,79.64,106.54,38.94,159.11,78.89,125.40,46.32,135.42,24.53,3052.45,273.96,4.55,0.58,119.09,18.51,8.33,2.52,0.00,0.00,4.79,1.53,3.30,4.53,4.58,5.44,15.90,21.32,19.94,6.95,4.55,4.77
57.70,57.7,03/06/2025 12:32:53,-5.209,9.592,,15.7,889301.0,620146.0,990118.22,336.09,1531.12,1614.81,422.73,4404.72,223.66,94.98,61.94,377.15,36.18,72.13,60.06,690.51,53.67,17.62,14.15,75.91,43.29,67.19,27.80,93.61,16.94,1900.84,169.76,3.54,0.45,78.50,10.74,6.39,2.05,0.00,0.00,4.02,1.26,0.78,3.20,3.03,3.97,16.75,18.77,18.96,6.41,4.24,4.06,18523.87,557.33,2539.03,3051.13,798.74,9423.16,478.47,217.64,141.93,941.70,90.35,86.89,72.35,966.17,75.09,29.40,23.60,135.51,77.28,98.21,40.63,134.50,24.34,2717.71,242.71,4.51,0.57,98.27,13.45,7.95,2.55,0.00,0.00,4.75,1.49,1.06,4.33,4.04,5.29,18.70,20.96,20.43,6.91,4.80,4.61
57.80,57.8,03/06/2025 12:33:11,-4.474,8.464,,15.7,887647.0,620073.0,991274.05,417.52,1550.04,1413.45,400.34,3510.07,193.04,105.74,67.15,305.59,36.04,99.27,66.97,721.92,53.41,28.00,14.13,71.73,43.15,66.26,27.56,47.75,9.31,1818.25,162.11,3.77,0.44,70.49,8.93,7.32,2.00,0.00,0.00,2.42,1.21,2.79,3.16,1.78,3.90,8.70,18.72,20.59,6.37,2.55,3.96,16093.03,692.36,2570.39,2670.66,756.42,7509.21,412.97,242.30,153.86,763.03,90.00,119.58,80.67,1010.12,74.73,46.72,23.57,128.06,77.02,96.84,40.28,68.60,13.37,2599.64,231.78,4.80,0.56,88.24,11.18,9.11,2.49,0.00,0.00,2.86,1.43,3.76,4.26,2.37,5.20,9.71,20.90,22.18,6.87,2.89,4.50
57.90,57.9,03/06/2025 12:33:39,-4.314,6.680,,15.7,874756.0,611464.0,990787.79,346.95,1463.59,1700.30,426.99,3847.73,202.60,0.00,0.00,345.57,35.31,40.34,44.69,653.50,52.47,22.04,13.91,96.80,42.61,64.31,26.93,117.30,20.63,1848.22,164.66,3.31,0.43,68.12,8.37,8.04,2.05,0.05,0.14,3.77,1.21,2.50,3.17,4.44,3.90,18.56,18.34,17.23,6.12,3.11,3.90,17116.16,575.34,2427.04,3212.66,806.79,8231.59,433.42,0.00,0.00,862.87,88.17,48.59,53.83,914.39,73.42,36.77,23.20,172.80,76.06,94.00,39.36,168.55,29.64,2642.48,235.43,4.22,0.55,85.27,10.48,10.00,2.55,0.07,0.19,4.46,1.43,3.38,4.28,5.92,5.20,20.72,20.48,18.56,6.60,3.52,4.42
58.00,58.0,03/06/2025 12:33:57,-4.189,4.762,1181348.755,15.8,871168.0,607236.0,992058.08,345.88,1452.36,1380.31,384.14,3003.36,172.47,117.43,71.82,298.98,35.21,54.83,51.46,639.09,51.86,28.00,13.92,58.12,42.19,73.94,28.67,67.75,12.46,1761.29,156.50,3.60,0.43,68.07,8.43,6.60,1.93,0.00,0.00,3.54,1.20,1.12,3.10,2.30,3.77,8.11,18.36,15.35,6.00,4.24,3.93,14593.93,573.57,2408.41,2608.04,725.82,6425.20,368.96,269.07,164.56,746.53,87.91,66.04,61.99,894.22,72.57,46.72,23.23,103.76,75.32,108.07,41.90,97.34,17.91,2518.19,223.75,4.59,0.55,85.21,10.55,8.22,2.40,0.00,0.00,4.19,1.42,1.51,4.19,3.07,5.03,9.06,20.50,16.54,6.46,4.81,4.46
58.10,58.1,03/06/2025 12:34:15,-5.285,4.294,,15.8,872234.0,604124.0,990968.31,734.42,1497.81,1536.11,406.07,3350.12,184.59,62.77,44.04,353.01,35.10,33.82,40.75,667.62,52.83,18.98,13.87,94.51,42.53,69.94,27.96,101.14,17.99,1880.45,167.72,3.64,0.44,65.25,7.76,6.81,1.97,0.00,0.00,5.94,1.45,4.63,3.17,1.73,3.77,23.83,18.35,14.12,6.05,2.87,3.88,16579.37,1217.87,2483.79,2902.42,767.25,7167.03,394.91,143.84,100.92,881.43,87.63,40.73,49.09,934.14,73.92,31.66,23.15,168.72,75.93,102.22,40.86,145.32,25.84,2688.56,239.80,4.63,0.56,81.68,9.71,8.48,2.45,0.00,0.00,7.02,1.72,6.25,4.28,2.30,5.03,26.60,20.49,15.21,6.52,3.26,4.41
58.20,58.2,03/06/2025 12:34:33,-6.709,2.448,,15.7,880278.0,609316.0,991351.54,201.40,1549.77,1568.93,414.89,3558.66,192.52,90.52,58.44,348.81,35.44,13.03,25.31,689.39,53.25,23.91,13.98,105.68,43.25,43.36,23.80,70.10,13.11,1832.35,163.39,3.28,0.43,54.73,5.70,6.97,1.99,0.05,0.14,3.71,1.23,1.36,3.12,1.35,3.79,10.96,18.58,16.09,5.99,3.82,3.94,16106.03,333.98,2569.94,2964.44,783.92,7613.16,411.87,207.42,133.91,870.95,88.50,15.70,30.49,964.60,74.51,39.89,23.32,188.65,77.22,63.38,34.79,100.72,18.84,2619.79,233.60,4.17,0.54,68.50,7.14,8.68,2.47,0.07,0.18,4.39,1.45,1.83,4.21,1.80,5.05,12.24,20.74,17.33,6.45,4.34,4.47
58.30,58.3,03/06/2025 12:34:51,-5.547,2.905,,15.7,894642.0,623563.0,991488.46,195.73,1516.35,1445.67,402.59,3343.82,186.62,26.72,51.22,297.89,36.16,15.49,25.53,694.50,53.63,19.10,14.13,92.46,43.46,60.79,26.62,192.44,34.00,1978.38,177.23,3.30,0.43,96.75,15.67,7.11,2.02,0.09,0.15,3.15,1.24,2.37,3.18,3.47,3.94,14.03,18.74,13.58,6.11,4.69,4.06,15577.42,324.57,2514.53,2731.54,760.69,7153.54,399.25,61.23,117.37,743.80,90.29,18.66,30.76,971.75,75.04,31.88,23.57,165.06,77.58,88.84,38.91,276.51,48.85,2828.58,253.39,4.20,0.54,121.11,19.61,8.85,2.51,0.12,0.19,3.73,1.47,3.20,4.29,4.63,5.25,15.66,20.92,14.63,6.59,5.32,4.60
58.40,58.4,03/06/2025 12:35:20,-4.835,2.909,,15.7,890957.0,621049.0,991003.42,265.13,1560.61,1490.50,407.60,3790.67,201.76,11.41,10.96,387.58,36.00,55.08,53.43,645.49,52.88,29.07,14.21,46.13,43.11,38.21,23.35,143.59,25.39,1966.85,176.13,3.34,0.44,78.00,10.65,6.70,1.99,0.00,0.00,2.97,1.24,2.75,3.20,3.93,3.93,5.75,18.87,19.98,6.35,3.48,4.03,16688.48,439.66,2587.93,2816.24,770.15,8109.50,431.63,26.15,25.11,967.75,89.89,66.35,64.36,903.17,73.99,48.51,23.72,82.35,76.96,55.84,34.13,206.31,36.47,2812.09,251.82,4.25,0.56,97.63,13.33,8.33,2.48,0.00,0.00,3.52,1.47,3.72,4.32,5.23,5.25,6.41,21.07,21.52,6.84,3.95,4.57
58.50,58.5,03/06/2025 12:35:38,-5.758,3.047,1181348.883,15.7,888544.0,620855.0,991230.01,306.77,1529.38,1651.26,424.82,3406.76,187.99,59.26,42.92,377.85,35.70,71.27,59.63,638.61,52.82,28.79,14.09,77.32,43.16,59.60,26.44,112.56,20.15,1846.57,164.82,3.50,0.44,77.53,10.57,6.55,1.99,0.00,0.00,3.66,1.24,3.22,3.20,1.60,3.91,20.58,18.73,12.73,6.00,4.00,3.93,16212.27,508.71,2536.13,3120.00,802.68,7288.20,402.16,135.78,98.35,943.44,89.15,85.85,71.83,893.54,73.91,48.03,23.52,138.04,77.05,87.11,38.65,161.73,28.95,2640.13,235.65,4.46,0.56,97.05,13.23,8.16,2.48,0.00,0.00,4.33,1.46,4.36,4.32,2.13,5.21,22.98,20.92,13.71,6.47,4.54,4.46
58.60,58.6,03/06/2025 12:35:56,-6.562,0.994,,15.7,888775.0,621933.0,991395.48,297.48,1493.48,1591.54,415.12,3439.71,188.94,19.89,50.51,294.05,35.90,44.53,47.77,621.58,52.75,14.30,14.02,107.44,43.31,78.15,29.71,153.46,26.92,1811.26,161.40,3.51,0.44,78.31,10.77,7.83,2.03,0.00,0.00,2.55,1.22,2.06,3.18,2.85,3.93,15.05,18.56,16.05,6.22,2.90,4.02,15861.56,493.31,2476.60,3007.16,784.35,7358.68,404.21,45.57,115.75,734.21,89.64,53.64,57.55,869.72,73.80,23.87,23.40,191.81,77.31,114.22,43.42,220.50,38.67,2589.64,230.76,4.46,0.56,98.03,13.48,9.75,2.53,0.00,0.00,3.02,1.44,2.79,4.30,3.80,5.23,16.80,20.72,17.29,6.70,3.29,4.56
58.70,58.7,03/06/2025 12:36:14,-5.293,2.250,,15.6,893675.0,622903.0,991285.37,171.11,1479.95,1510.19,408.42,3569.08,194.38,112.54,70.25,379.44,36.10,38.12,44.47,685.30,53.40,6.88,14.10,58.33,43.34,58.69,26.39,91.49,16.73,1910.10,170.84,3.91,0.46,65.60,7.84,7.49,1.98,0.01,0.14,2.61,1.22,3.36,3.21,1.34,3.92,16.49,18.89,18.44,6.17,4.12,3.98,16195.32,283.74,2454.16,2853.45,771.70,7635.46,415.85,257.87,160.97,947.41,90.13,45.92,53.57,958.88,74.72,11.48,23.53,104.13,77.38,85.78,38.58,131.45,24.04,2730.96,244.26,4.98,0.59,82.12,9.81,9.32,2.47,0.02,0.19,3.09,1.45,4.54,4.34,1.78,5.23,18.41,21.10,19.86,6.65,4.67,4.52
58.80,58.8,03/06/2025 12:36:32,-4.732,2.518,,15.6,895490.0,624835.0,991187.38,289.16,1494.08,1535.83,409.19,3496.53,190.90,122.50,75.37,388.38,35.88,0.00,0.00,671.87,53.48,48.97,20.10,100.11,43.80,56.49,26.01,72.88,13.68,1934.61,173.16,3.77,0.45,54.04,5.56,5.89,1.97,0.05,0.14,2.45,1.23,3.59,3.21,1.99,3.96,9.17,18.86,10.68,5.90,3.64,4.00,16382.01,479.51,2477.59,2901.89,773.15,7480.26,408.40,280.68,172.71,969.75,89.59,0.00,0.00,940.08,74.82,81.71,33.53,178.72,78.19,82.56,38.01,104.71,19.65,2765.99,247.57,4.80,0.57,67.65,6.96,7.34,2.45,0.06,0.18,2.90,1.45,4.85,4.34,2.66,5.28,10.24,21.06,11.51,6.35,4.13,4.54
58.90,58.9,03/06/2025 12:37:00,-4.856,1.790,,15.7,890788.0,622198.0,991798.29,314.81,1527.63,1450.95,402.35,3104.85,177.96,75.09,51.42,383.68,35.63,9.06,25.20,607.07,52.54,12.73,13.99,124.62,43.57,70.76,28.31,87.61,15.93,1833.17,163.50,3.51,0.44,52.42,5.30,6.27,2.00,0.00,0.00,1.89,1.21,2.58,3.20,3.41,3.93,37.62,25.62,17.40,6.12,2.21,3.94,15141.66,522.04,2533.23,2741.52,760.22,6642.32,380.71,172.07,117.82,958.00,88.95,10.92,30.36,849.41,73.51,21.25,23.34,222.47,77.78,103.42,41.37,125.88,22.89,2620.96,233.76,4.47,0.56,65.62,6.64,7.80,2.49,0.00,0.00,2.23,1.43,3.48,4.32,4.55,5.24,42.00,28.61,18.74,6.60,2.51,4.46
59.00,59.0,03/06/2025 12:37:18,-4.851,3.766,1181347.895,15.7,889399.0,622660.0,991726.54,353.08,1525.50,1482.86,404.41,3026.55,174.28,28.21,23.84,279.45,35.99,64.20,56.71,648.28,52.98,18.76,14.00,142.35,43.64,69.70,28.00,125.89,22.18,1951.36,174.53,3.63,0.45,22.97,1.39,7.22,2.05,0.00,0.00,3.18,1.22,0.95,3.19,3.41,3.96,19.73,18.47,18.24,6.26,3.45,3.96,15064.58,585.50,2529.70,2801.81,764.11,6474.80,372.84,64.64,54.63,697.77,89.85,77.33,68.31,907.08,74.13,31.30,23.36,254.12,77.91,101.87,40.92,180.88,31.87,2789.94,249.54,4.62,0.57,28.76,1.74,8.99,2.56,0.00,0.00,3.76,1.44,1.29,4.31,4.55,5.28,22.03,20.62,19.65,6.74,3.92,4.49
59.10,59.1,03/06/2025 12:37:36,-6.384,3.965,,15.6,897136.0,626747.0,991162.03,251.91,1551.59,1582.92,421.36,3383.24,188.35,69.61,48.96,346.36,36.18,12.23,25.55,650.62,53.30,28.20,14.14,103.37,43.46,68.83,28.06,183.08,32.27,2056.81,184.61,3.86,0.46,43.41,3.80,7.51,2.01,0.00,0.00,3.12,1.24,2.11,3.24,2.93,3.97,14.97,18.69,19.67,6.35,3.23,4.01,16252.44,417.74,2572.96,2990.87,796.15,7237.88,402.94,159.51,112.20,864.82,90.35,14.73,30.77,910.35,74.57,47.04,23.60,184.53,77.58,100.60,41.01,263.06,46.37,2940.71,263.94,4.91,0.58,54.34,4.75,9.35,2.50,0.00,0.00,3.69,1.47,2.85,4.37,3.90,5.29,16.72,20.86,21.19,6.84,3.66,4.55
59.20,59.2,03/06/2025 12:37:54,-5.763,3.505,,15.7,892203.0,621673.0,989729.32,415.91,1472.29,1898.36,451.90,4098.01,212.80,106.13,67.44,461.44,36.02,112.32,70.47,753.48,54.24,27.33,14.35,68.81,43.58,59.80,26.66,131.61,23.33,1977.57,177.03,3.79,0.45,108.76,19.17,7.96,2.07,0.02,0.15,3.00,1.25,2.97,3.23,2.19,3.97,11.06,18.94,16.82,6.27,3.38,4.15,19096.50,689.69,2441.46,3586.88,853.85,8767.01,455.25,243.18,154.54,1152.17,89.94,135.30,84.89,1054.27,75.89,45.60,23.95,122.83,77.79,87.40,38.97,189.10,33.52,2827.42,253.11,4.82,0.57,136.15,24.00,9.90,2.58,0.02,0.19,3.55,1.48,4.02,4.37,2.92,5.30,12.35,21.15,18.11,6.76,3.83,4.71
59.30,59.3,03/06/2025 12:38:12,-5.330,3.767,,15.6,901917.0,629357.0,990873.12,415.09,1593.27,1460.41,407.52,3616.01,196.94,30.60,51.25,360.07,36.15,15.04,25.64,704.05,54.35,25.86,14.29,62.79,43.36,78.10,29.92,158.04,27.83,2083.14,187.13,3.78,0.46,55.84,5.86,7.97,2.02,0.00,0.00,4.51,1.26,2.43,3.25,1.87,4.03,15.97,18.87,22.13,6.36,3.19,4.05,16771.81,688.33,2642.08,2759.40,769.99,7735.86,421.32,70.11,117.43,899.05,90.26,18.12,30.89,985.11,76.05,43.15,23.85,112.09,77.41,114.15,43.73,227.08,39.99,2978.35,267.54,4.81,0.58,69.90,7.33,9.92,2.51,0.00,0.00,5.33,1.49,3.28,4.39,2.49,5.38,17.83,21.07,23.83,6.85,3.62,4.59
59.40,59.4,03/06/2025 12:38:41,-5.300,2.905,,15.6,900563.0,628067.0,990426.18,526.65,1559.48,1507.95,413.53,3774.17,202.75,62.31,45.25,512.94,36.18,15.43,25.76,704.35,53.95,26.71,14.32,94.74,43.88,72.81,28.94,136.46,24.18,2033.96,182.46,3.50,0.45,46.28,4.23,7.79,2.04,0.00,0.00,3.03,1.25,3.79,3.28,4.08,3.99,13.00,18.90,20.58,6.44,3.28,4.04,17775.26,873.32,2586.04,2849.22,781.36,8074.21,433.74,142.77,103.68,1280.75,90.34,18.59,31.03,985.53,75.49,44.57,23.89,169.12,78.33,106.42,42.30,196.08,34.74,2908.04,260.87,4.45,0.57,57.93,5.29,9.70,2.54,0.00,0.00,3.58,1.47,5.12,4.44,5.44,5.32,14.52,21.11,22.17,6.94,3.72,4.58
59.50,59.5,03/06/2025 12:38:59,-5.819,0.924,1181349.613,15.6,899271.0,627166.0,990986.66,282.88,1595.67,1251.15,380.47,3859.50,204.59,131.14,80.16,436.92,35.94,12.95,25.73,644.37,53.42,25.35,14.19,91.88,43.79,66.78,27.88,169.21,29.93,1877.29,167.74,3.60,0.45,114.16,21.07,8.11,2.05,0.00,0.00,2.56,1.21,1.33,3.24,4.27,3.99,10.48,18.90,17.39,6.40,2.01,4.06,16830.42,469.10,2646.06,2364.00,718.87,8256.77,437.68,300.48,183.67,1090.95,89.73,15.60,30.99,901.61,74.75,42.29,23.67,164.03,78.18,97.60,40.75,243.13,43.00,2684.04,239.83,4.58,0.57,142.90,26.37,10.09,2.55,0.00,0.00,3.03,1.44,1.80,4.38,5.70,5.33,11.70,21.10,18.74,6.89,2.28,4.61
59.60,59.6,03/06/2025 12:39:17,-5.752,1.523,,15.7,881401.0,616270.0,990980.01,313.51,1537.95,1592.79,419.10,3605.25,194.87,26.38,50.43,301.67,35.92,15.35,24.94,706.91,53.02,13.21,13.99,95.45,42.86,82.26,30.45,115.76,20.40,2021.97,181.11,3.60,0.44,60.07,6.67,8.32,2.02,0.03,0.14,2.32,1.22,1.83,3.19,2.37,3.90,32.85,22.33,13.82,6.06,4.25,4.04,16588.38,519.88,2550.35,3009.53,791.88,7712.83,416.89,60.44,115.55,753.25,89.69,18.49,30.05,989.11,74.18,22.04,23.35,170.40,76.52,120.23,44.51,166.33,29.32,2890.90,258.94,4.59,0.56,75.20,8.35,10.36,2.52,0.04,0.19,2.75,1.44,2.48,4.31,3.16,5.20,36.67,24.93,14.89,6.53,4.83,4.59
59.70,59.7,03/06/2025 12:39:35,-5.730,1.655,,15.7,891725.0,623248.0,990043.85,329.95,1539.85,1665.95,427.73,4121.63,213.12,82.28,55.44,416.02,36.23,7.21,25.58,659.31,53.41,39.61,17.42,96.82,43.38,86.06,31.43,124.41,21.98,2149.49,193.26,3.81,0.46,123.88,24.14,7.44,2.07,0.00,0.00,3.09,1.27,2.97,3.30,3.32,4.01,15.30,18.70,14.54,6.36,3.07,4.20,18505.11,547.15,2553.50,3147.76,808.18,8817.55,455.93,188.54,127.04,1038.76,90.48,8.68,30.82,922.50,74.73,66.09,29.06,172.84,77.43,125.79,45.94,178.76,31.59,3073.21,276.32,4.85,0.59,155.07,30.22,9.26,2.57,0.00,0.00,3.66,1.51,4.01,4.45,4.43,5.35,17.08,20.88,15.66,6.85,3.48,4.76
59.80,59.8,03/06/2025 12:39:53,-5.474,1.789,,15.6,902635.0,630780.0,990652.66,257.31,1570.62,1546.46,422.56,3843.82,205.64,32.92,27.86,309.40,36.64,21.20,31.27,674.79,53.91,25.35,14.22,81.06,43.43,83.35,30.93,104.21,18.77,2190.31,197.32,3.74,0.46,126.96,25.29,7.07,2.12,0.10,0.15,3.44,1.28,0.66,3.31,2.45,4.01,14.04,18.80,15.51,6.21,3.19,4.14,17196.55,426.68,2604.53,2921.98,798.41,8223.21,439.94,75.43,63.84,772.55,91.50,25.54,37.66,944.17,75.44,42.30,23.73,144.71,77.54,121.82,45.21,149.73,26.98,3131.58,282.12,4.76,0.58,158.92,31.66,8.80,2.63,0.13,0.19,4.07,1.51,0.89,4.47,3.27,5.35,15.67,20.99,16.71,6.69,3.61,4.69
59.90,59.9,03/06/2025 12:40:21,-5.373,1.986,,15.5,912216.0,637737.0,990099.16,151.03,1615.67,1686.43,439.76,4287.14,220.91,121.94,75.87,364.29,36.83,9.28,25.91,697.66,54.77,23.88,14.44,95.55,44.39,75.82,29.67,78.12,14.65,2118.30,190.63,3.91,0.47,137.54,29.12,7.62,2.03,0.02,0.15,2.19,1.27,4.11,3.33,3.56,4.12,12.72,19.11,16.98,6.49,2.75,4.11,18482.14,250.45,2679.23,3186.44,830.92,9171.62,472.60,279.41,173.84,909.61,91.97,11.18,31.21,976.17,76.63,39.84,24.10,170.58,79.25,110.81,43.37,112.24,21.05,3028.62,272.56,4.98,0.60,172.17,36.46,9.49,2.53,0.02,0.20,2.58,1.50,5.55,4.50,4.74,5.50,14.20,21.34,18.29,6.99,3.12,4.66
60.00,60.0,03/06/2025 12:40:39,-5.234,5.691,1181345.643,15.5,912139.0,635888.0,990222.21,394.20,1572.52,1792.98,447.64,3748.54,201.85,62.42,45.73,464.20,36.77,9.40,26.08,724.94,54.54,36.17,16.78,84.59,44.30,51.92,25.63,116.29,21.02,2140.07,192.68,3.47,0.45,100.12,16.54,7.81,2.09,0.03,0.15,4.69,1.31,1.55,3.30,2.97,4.05,8.26,19.19,18.79,6.38,4.37,4.21,18088.22,653.70,2607.67,3387.78,845.81,8019.37,431.82,143.02,104.80,1159.07,91.81,11.32,31.42,1014.35,76.31,60.36,28.00,151.00,79.09,75.89,37.46,167.09,30.20,3059.75,275.49,4.42,0.58,125.33,20.70,9.73,2.60,0.04,0.19,5.55,1.55,2.09,4.46,3.96,5.39,9.22,21.43,20.24,6.87,4.95,4.78
60.10,60.1,03/06/2025 12:40:57,-5.255,6.022,,15.3,960667.0,668155.0,989306.98,320.79,1750.07,1553.28,440.71,4515.38,233.13,11.78,11.94,435.94,38.66,16.47,27.71,766.72,57.56,23.86,15.16,91.45,46.23,75.98,30.36,173.22,31.32,2583.21,235.37,4.13,0.49,63.72,7.28,7.42,2.15,0.00,0.00,2.77,1.32,2.15,3.50,4.09,4.38,20.17,19.98,18.55,6.55,1.95,4.20,19741.78,531.95,2902.10,2934.86,832.71,9659.90,498.74,26.99,27.36,1088.49,96.54,19.85,33.38,1072.80,80.54,39.81,25.30,163.25,82.54,111.04,44.38,248.89,45.00,3693.33,336.52,5.25,0.63,79.77,9.11,9.24,2.68,0.00,0.00,3.27,1.56,2.90,4.73,5.46,5.84,22.52,22.31,19.98,7.06,2.22,4.76
60.20,60.2,03/06/2025 12:41:15,-5.195,5.686,,15.1,980747.0,683280.0,988458.73,384.35,1748.09,1890.87,482.08,4572.91,236.63,80.28,57.98,470.43,39.57,46.96,55.15,786.90,58.95,29.30,15.56,74.44,47.05,80.89,31.65,150.23,27.56,2869.83,263.09,3.89,0.50,50.14,4.76,7.30,2.18,0.00,0.00,4.45,1.37,2.04,3.61,2.52,4.56,14.52,20.43,15.07,6.71,3.93,4.34,21253.34,637.37,2898.81,3572.73,910.87,9782.99,506.23,183.96,132.86,1174.62,98.80,56.57,66.44,1101.04,82.48,48.89,25.96,132.89,84.00,118.23,46.26,215.86,39.60,4103.12,376.15,4.95,0.63,62.77,5.96,9.09,2.72,0.00,0.00,5.26,1.62,2.76,4.88,3.37,6.08,16.21,22.81,16.23,7.23,4.46,4.92
60.30,60.3,03/06/2025 12:41:34,-5.332,5.558,,15.1,995989.0,692457.0,987336.28,291.95,1775.86,2376.87,548.04,5062.99,255.52,75.82,56.65,547.86,40.05,5.42,29.14,840.49,60.01,120.15,34.79,73.51,47.73,55.77,27.71,170.59,31.46,2966.56,272.48,4.20,0.51,26.92,1.74,7.88,2.27,0.00,0.00,3.00,1.35,1.37,3.71,3.17,4.61,8.96,20.83,16.69,6.86,3.53,4.41,23521.04,484.14,2944.86,4491.01,1035.50,10831.43,546.65,173.73,129.81,1367.95,100.00,6.53,35.11,1176.02,83.96,200.48,58.05,131.24,85.20,81.51,40.51,245.11,45.20,4241.42,389.58,5.35,0.65,33.70,2.18,9.81,2.82,0.00,0.00,3.55,1.60,1.85,5.02,4.23,6.15,10.01,23.26,17.97,7.39,4.01,5.00
60.40,60.4,03/06/2025 12:42:02,-5.126,6.220,,15.0,999151.0,695364.0,987541.36,316.10,1792.66,2067.47,514.25,4995.28,253.35,152.82,96.85,558.68,40.58,59.09,63.31,858.58,60.19,28.25,15.83,88.51,48.17,69.70,29.96,145.92,27.14,3024.53,278.14,4.25,0.52,32.95,2.37,9.40,2.30,0.00,0.00,3.49,1.36,1.31,3.67,1.86,4.60,15.38,20.85,21.59,7.09,3.50,4.45,23086.89,524.18,2972.72,3906.40,971.66,10686.58,541.99,350.17,221.93,1394.96,101.32,71.18,76.26,1201.32,84.22,47.14,26.41,158.00,85.99,101.86,43.78,209.67,39.00,4324.31,397.67,5.41,0.66,41.24,2.96,11.70,2.86,0.00,0.00,4.13,1.61,1.76,4.96,2.49,6.13,17.17,23.27,23.26,7.64,3.97,5.05
60.50,60.5,03/06/2025 12:42:20,-4.354,3.176,1181348.420,15.0,999206.0,693401.0,987120.79,279.35,1795.61,2176.19,522.37,5308.03,262.42,76.53,56.66,588.84,40.75,67.42,67.18,849.93,60.27,26.72,15.77,92.04,48.19,72.25,30.48,152.51,28.31,3099.98,285.36,4.44,0.52,24.45,1.51,7.99,2.27,0.00,0.00,4.55,1.38,2.63,3.67,1.07,4.67,14.92,20.85,25.91,7.19,3.47,4.41,23917.67,463.24,2977.61,4111.84,987.00,11355.66,561.41,175.36,129.82,1470.29,101.75,81.21,80.92,1189.23,84.34,44.58,26.31,164.30,86.02,105.60,44.55,219.13,40.67,4432.18,407.99,5.64,0.66,30.61,1.89,9.94,2.83,0.00,0.00,5.38,1.63,3.55,4.96,1.43,6.22,16.66,23.28,27.91,7.75,3.94,5.00
60.60,60.6,03/06/2025 12:42:38,-5.378,4.499,,15.1,994398.0,689215.0,986410.50,478.35,1775.59,2527.70,569.14,5483.39,269.47,116.74,78.11,674.12,40.76,0.00,0.00,830.83,59.88,60.24,24.75,104.93,48.25,63.32,28.91,134.63,25.14,3033.52,278.81,4.58,0.53,31.25,2.17,6.84,2.19,0.00,0.00,3.71,1.36,3.14,3.73,3.80,4.67,7.56,20.80,17.64,6.93,3.21,4.41,25422.47,793.23,2944.42,4776.00,1075.37,11730.80,576.48,267.50,178.98,1683.22,101.77,0.00,0.00,1162.51,83.79,100.51,41.30,187.32,86.13,92.54,42.25,193.44,36.12,4337.16,398.62,5.83,0.67,39.11,2.72,8.52,2.72,0.00,0.00,4.38,1.61,4.24,5.04,5.07,6.22,8.44,23.23,19.01,7.46,3.64,5.00
60.70,60.7,03/06/2025 12:42:56,-5.234,4.236,,15.1,992391.0,686824.0,986531.44,393.99,1817.46,2378.62,547.80,5576.21,270.65,101.77,69.71,652.28,40.51,49.20,57.74,947.94,60.98,63.37,25.39,56.24,47.70,66.56,29.46,86.63,16.96,2989.82,274.63,4.09,0.50,44.66,3.87,8.50,2.24,0.07,0.16,6.36,1.59,4.68,3.62,3.85,4.59,10.67,20.84,19.37,6.76,3.69,4.32,25154.82,653.34,3013.86,4494.32,1035.05,11929.39,579.01,233.19,159.73,1628.68,101.15,59.27,69.55,1326.36,85.33,105.73,42.37,100.40,85.15,97.28,43.06,124.48,24.37,4274.68,392.64,5.21,0.64,55.91,4.84,10.58,2.79,0.09,0.21,7.52,1.89,6.32,4.89,5.13,6.12,11.92,23.27,20.87,7.28,4.18,4.91
60.80,60.8,03/06/2025 12:43:14,-5.526,3.774,,15.1,996036.0,678354.0,986986.02,446.46,1767.36,2232.61,527.86,5296.27,262.18,147.61,93.84,642.58,40.64,0.00,0.00,876.95,60.62,85.31,30.00,60.82,47.92,54.81,27.65,134.89,25.26,2972.38,273.03,4.23,0.50,18.23,1.00,8.23,2.15,0.00,0.00,6.01,1.56,2.13,3.62,3.15,4.50,0.56,20.94,17.85,6.70,2.90,4.29,24309.38,740.36,2930.76,4218.44,997.36,11330.49,560.89,338.24,215.02,1604.47,101.48,0.00,0.00,1227.03,84.82,142.34,50.06,108.58,85.54,80.11,40.42,193.82,36.29,4249.75,390.36,5.38,0.64,22.82,1.25,10.24,2.68,0.00,0.00,7.11,1.85,2.88,4.89,4.20,6.00,0.62,23.38,19.23,7.22,3.29,4.87
60.90,60.9,03/06/2025 12:43:55,-5.465,6.418,,15.2,993672.0,671578.0,986501.09,411.65,1735.21,2578.16,572.79,5091.56,255.56,163.54,102.25,775.22,42.49,69.92,67.89,890.29,60.78,26.78,15.63,102.73,48.13,80.43,31.89,168.04,30.85,3042.30,279.66,4.34,0.52,44.95,3.90,7.74,2.18,0.07,0.16,7.39,1.74,1.98,3.65,1.82,4.48,10.72,20.74,15.89,6.75,3.39,4.33,25141.89,682.64,2877.45,4871.33,1082.26,10892.54,546.73,374.74,234.29,1935.64,106.08,84.23,81.78,1245.70,85.04,44.68,26.07,183.40,85.92,117.55,46.61,241.45,44.33,4349.71,399.84,5.52,0.66,56.27,4.88,9.64,2.71,0.09,0.21,8.74,2.05,2.68,4.92,2.43,5.98,11.97,23.15,17.11,7.27,3.85,4.92
61.00,61.0,03/06/2025 12:44:27,-5.242,7.932,1181346.704,15.2,992125.0,670650.0,986707.34,384.15,1757.85,2526.53,564.43,5172.31,257.14,97.25,67.46,477.57,40.93,132.43,83.47,939.86,60.47,11.62,15.63,117.24,48.21,70.13,29.93,156.52,28.81,3098.17,285.01,4.30,0.52,29.80,2.01,9.04,2.28,0.00,0.00,6.92,1.68,5.07,3.61,2.51,4.49,26.14,20.72,20.62,6.83,4.47,4.36,24480.53,637.03,2914.99,4773.79,1066.47,11065.31,550.10,222.83,154.58,1192.44,102.19,159.53,100.55,1315.05,84.62,19.38,26.08,209.29,86.06,102.50,43.74,224.89,41.39,4429.59,407.50,5.48,0.66,37.30,2.52,11.26,2.84,0.00,0.00,8.18,1.99,6.85,4.87,3.35,5.99,29.18,23.14,22.21,7.36,5.07,4.95
61.10,61.1,03/06/2025 12:44:58,-5.165,9.921,,15.2,997804.0,672635.0,985487.83,444.47,1776.12,2761.99,599.58,5721.79,277.65,131.07,85.97,671.90,41.17,14.96,29.76,1046.09,62.39,104.30,32.93,65.61,48.28,73.74,30.84,122.26,23.00,3279.38,302.51,3.88,0.50,22.71,1.35,8.21,2.27,0.03,0.16,9.94,1.97,1.71,3.65,1.85,4.54,4.28,21.06,18.39,6.87,3.61,4.41,27008.37,737.06,2945.29,5218.67,1132.87,12240.83,593.98,300.34,196.98,1677.66,102.80,18.02,35.85,1463.70,87.29,174.03,54.95,117.12,86.18,107.77,45.08,175.66,33.05,4688.67,432.51,4.94,0.64,28.43,1.68,10.22,2.82,0.04,0.21,11.75,2.33,2.31,4.94,2.47,6.06,4.77,23.51,19.81,7.40,4.10,5.00
61.20,61.2,03/06/2025 12:45:30,-5.242,11.707,,15.2,992517.0,670207.0,986349.60,355.39,1702.16,2573.33,571.37,4949.84,250.86,102.60,71.10,708.97,40.52,20.40,34.18,1074.24,61.75,85.67,29.46,114.69,48.09,56.32,27.80,218.49,40.12,3285.25,303.08,4.44,0.52,28.07,1.83,6.81,2.26,0.00,0.00,10.26,2.01,5.83,3.65,2.33,4.55,18.27,20.73,24.36,6.99,4.82,4.32,25139.42,589.33,2822.64,4862.21,1079.58,10589.37,536.67,235.10,162.93,1770.24,101.18,24.58,41.17,1503.09,86.40,142.95,49.15,204.75,85.85,82.32,40.63,313.94,57.64,4697.07,433.33,5.65,0.67,35.14,2.29,8.47,2.81,0.00,0.00,12.13,2.37,7.87,4.93,3.11,6.07,20.40,23.15,26.24,7.53,5.47,4.90
61.30,61.3,03/06/2025 12:46:01,-5.640,14.551,,15.2,989559.0,665356.0,984958.16,312.67,1751.78,2822.03,604.33,6307.24,295.79,169.73,105.50,771.85,42.53,113.69,81.76,1001.02,62.18,72.68,27.49,58.74,48.24,45.94,26.56,170.69,31.42,3106.61,285.73,3.86,0.50,25.79,1.61,7.09,2.22,0.00,0.00,9.32,1.94,5.01,3.62,2.37,4.48,10.90,21.08,21.09,6.94,3.50,4.29,28283.68,518.50,2904.93,5332.12,1141.85,13493.30,632.80,388.90,241.74,1927.24,106.19,136.95,98.49,1400.64,87.01,121.27,45.88,104.86,86.11,67.14,38.82,245.25,45.15,4441.65,408.53,4.92,0.63,32.28,2.01,8.83,2.76,0.00,0.00,11.02,2.29,6.77,4.89,3.16,5.97,12.17,23.54,22.72,7.47,3.98,4.87
61.40,61.4,03/06/2025 12:46:42,-6.452,17.194,,15.3,990496.0,654130.0,984648.68,399.51,1725.96,2449.17,554.45,6465.25,301.87,72.88,55.61,717.11,40.84,137.37,86.00,1167.15,63.60,152.08,38.50,87.10,48.31,52.29,27.37,150.72,27.85,3371.87,311.25,3.67,0.49,51.73,4.87,7.88,2.24,0.00,0.00,15.38,2.40,8.99,3.69,4.11,4.54,8.87,21.03,21.69,7.03,6.52,4.48,28556.36,662.50,2862.11,4627.61,1047.61,13831.33,645.81,167.00,127.42,1790.54,101.97,165.47,103.60,1633.09,88.99,253.75,64.23,155.49,86.25,76.42,40.01,216.55,40.02,4820.91,445.01,4.67,0.63,64.75,6.09,9.80,2.79,0.00,0.00,18.19,2.84,12.14,4.98,5.48,6.06,9.90,23.47,23.36,7.57,7.39,5.08
61.50,61.5,03/06/2025 12:47:13,-5.535,22.551,1181348.888,15.3,987822.0,643141.0,981983.44,318.30,1736.98,2840.05,607.19,8693.00,374.96,28.49,58.61,708.08,41.00,237.12,100.13,1119.90,63.76,162.15,39.87,88.63,48.90,44.16,26.46,236.68,43.28,3429.04,316.45,3.56,0.49,39.71,3.08,8.31,2.24,0.05,0.16,19.46,2.65,15.00,3.75,2.10,4.46,1.64,21.27,17.38,6.81,3.76,4.55,34048.69,527.84,2880.39,5366.16,1147.25,18597.24,802.16,65.28,134.29,1768.02,102.36,285.63,120.62,1566.97,89.22,270.54,66.52,158.21,87.30,64.54,38.67,340.07,62.18,4902.65,452.44,4.53,0.62,49.71,3.86,10.35,2.79,0.07,0.21,23.02,3.14,20.26,5.07,2.80,5.95,1.83,23.75,18.72,7.34,4.27,5.16
61.60,61.6,03/06/2025 12:47:45,-4.940,28.435,,15.4,989025.0,634217.0,976147.33,435.32,1733.00,3730.19,729.79,12879.88,513.05,33.72,60.28,741.11,41.90,434.04,120.10,1354.53,67.24,171.54,40.90,109.45,50.33,75.04,31.76,168.61,30.78,3557.07,328.27,4.05,0.52,59.49,5.95,11.59,2.40,0.09,0.17,23.95,2.96,14.16,3.86,2.02,4.53,14.08,21.75,24.76,7.23,7.98,4.70,45785.17,721.88,2873.79,7048.05,1378.91,27554.38,1097.59,77.27,138.12,1850.49,104.61,522.85,144.67,1895.26,94.08,286.21,68.23,195.38,89.86,109.67,46.42,242.27,44.23,5085.70,469.34,5.15,0.66,74.47,7.44,14.42,2.99,0.12,0.22,28.32,3.50,19.12,5.22,2.70,6.04,15.72,24.28,26.68,7.79,9.05,5.33
61.70,61.7,03/06/2025 12:48:16,-5.204,33.990,,15.4,990861.0,622656.0,966339.35,460.92,1790.23,4948.15,904.31,19364.65,726.43,92.18,67.82,938.70,49.12,1067.66,190.00,1889.50,74.22,301.25,52.31,144.04,53.31,65.56,31.27,90.89,17.71,4117.69,381.53,4.43,0.56,64.99,6.58,8.40,2.42,0.00,0.00,37.27,3.72,18.83,4.20,1.35,4.76,9.57,22.93,22.41,7.76,12.19,5.13,65116.98,764.33,2968.69,9349.35,1708.66,41427.47,1554.08,211.21,155.39,2343.85,122.64,1286.11,228.88,2643.80,103.84,502.64,87.28,257.13,95.17,95.82,45.70,130.59,25.45,5887.24,545.49,5.64,0.72,81.36,8.24,10.46,3.02,0.00,0.00,44.07,4.40,25.44,5.67,1.81,6.35,10.69,25.60,24.14,8.36,13.82,5.82
61.80,61.8,03/06/2025 12:48:47,-5.455,37.229,,15.5,990260.0,609822.0,948014.46,641.56,1804.38,8072.27,1365.13,31764.05,1136.52,81.36,62.79,609.19,44.94,1988.54,311.82,2802.49,86.54,538.97,70.33,151.55,57.16,85.70,36.18,184.85,33.26,4886.40,453.99,4.65,0.63,40.53,2.79,10.49,2.86,0.00,0.00,55.82,4.80,25.30,4.63,0.00,0.00,0.04,24.70,27.55,8.80,14.20,5.72,101056.99,1063.88,2992.16,15252.26,2579.37,67953.94,2431.39,186.43,143.86,1521.10,112.20,2395.41,375.62,3921.26,121.09,899.26,117.34,270.55,102.05,125.26,52.88,265.61,47.79,6986.29,649.09,5.92,0.80,50.74,3.49,13.06,3.56,0.00,0.00,66.02,5.68,34.17,6.25,0.00,0.00,0.05,27.57,29.68,9.48,16.11,6.48
61.90,61.9,03/06/2025 12:49:28,-5.067,39.479,,15.5,987795.0,604518.0,936990.54,741.60,1799.36,10001.95,1656.52,40112.54,1410.85,157.66,103.49,641.56,46.04,2071.27,324.23,3108.54,91.43,601.34,74.80,192.81,59.71,107.03,41.02,163.31,29.55,4917.72,455.80,4.41,0.63,32.84,1.98,9.27,2.95,0.15,0.20,68.86,5.47,27.17,4.87,0.57,5.46,14.91,25.55,20.45,8.44,13.51,6.00,123751.00,1229.78,2983.84,18898.32,3129.93,85814.15,3018.28,361.25,237.13,1601.92,114.95,2495.06,390.56,4349.48,127.93,1003.33,124.81,344.20,106.59,156.43,59.95,234.65,42.46,7031.08,651.68,5.61,0.80,41.10,2.48,11.54,3.67,0.19,0.26,81.44,6.47,36.70,6.58,0.76,7.28,16.65,28.52,22.03,9.10,15.32,6.81
62.00,62.0,03/06/2025 12:50:00,-5.211,42.256,1181348.492,15.5,986745.0,603145.0,932863.21,594.36,1757.71,10907.68,1793.89,43367.30,1515.40,175.53,113.46,523.90,46.65,2250.27,348.93,3193.30,93.16,533.24,71.22,194.24,60.81,103.41,40.69,85.24,16.56,4960.93,459.52,5.16,0.66,71.91,6.88,12.45,3.02,0.00,0.00,68.20,5.47,32.19,4.96,0.00,0.00,16.74,25.96,25.80,9.04,14.94,6.12,132164.13,985.61,2914.77,20609.66,3389.48,92777.18,3241.95,402.21,259.98,1308.14,116.49,2710.69,420.32,4468.08,130.35,889.70,118.84,346.75,108.55,151.13,59.47,122.47,23.79,7092.85,657.00,6.56,0.84,90.02,8.61,15.50,3.75,0.00,0.00,80.66,6.47,43.48,6.70,0.00,0.00,18.69,28.98,27.79,9.74,16.95,6.94
62.10,62.1,03/06/2025 12:50:31,-5.489,43.841,,15.5,993822.0,605308.0,928876.74,822.39,1856.16,11297.82,1856.55,45377.29,1580.96,154.33,103.35,585.63,47.12,2337.54,361.68,3814.90,100.70,619.35,77.92,236.22,62.89,101.77,40.90,68.93,13.83,5491.57,510.81,4.81,0.66,37.70,2.37,12.30,3.12,0.00,0.00,73.65,5.76,35.58,5.17,0.99,5.70,0.00,0.00,33.56,9.68,16.94,6.22,139572.17,1363.75,3078.02,21346.81,3507.89,97077.23,3382.21,353.63,236.81,1462.27,117.64,2815.82,435.68,5337.84,140.90,1033.37,130.00,421.69,112.27,148.74,59.78,99.04,19.88,7851.54,730.32,6.11,0.84,47.20,2.96,15.30,3.89,0.00,0.00,87.09,6.81,48.05,6.99,1.32,7.60,0.00,0.00,36.15,10.43,19.22,7.05
62.20,62.2,03/06/2025 12:51:03,-5.625,46.753,,15.5,994007.0,602532.0,926177.53,653.14,1791.89,12199.38,1993.15,47934.73,1663.25,0.00,0.00,589.72,47.54,2409.78,372.35,3452.57,97.28,549.75,73.79,190.96,62.75,106.84,42.06,147.93,27.12,5344.23,496.21,4.99,0.67,71.37,6.62,14.40,3.21,0.00,0.00,69.67,5.64,33.92,5.13,0.42,5.74,1.70,26.85,29.60,9.55,17.38,6.35,145451.58,1083.08,2971.45,23050.27,3765.98,102548.45,3558.24,0.00,0.00,1472.48,118.69,2902.83,448.53,4830.86,136.12,917.26,123.11,340.90,112.02,156.15,61.47,212.56,38.97,7640.88,709.45,6.34,0.86,89.33,8.29,17.93,4.00,0.00,0.00,82.39,6.67,45.82,6.93,0.56,7.66,1.89,29.98,31.89,10.29,19.72,7.20
62.30,62.3,03/06/2025 12:51:34,-5.880,48.272,,15.5,994630.0,602504.0,925492.70,796.17,1825.79,11994.60,1961.36,48936.21,1694.86,60.32,51.54,730.59,47.54,2371.70,367.68,3229.85,95.85,640.84,79.31,183.47,62.49,77.57,37.06,121.77,22.92,5135.70,475.83,4.56,0.65,58.49,4.73,12.30,3.13,0.00,0.00,74.59,5.85,29.21,5.08,0.00,0.00,11.24,26.90,24.49,9.38,13.62,6.26,147317.40,1320.26,3027.67,22663.35,3705.93,104690.94,3625.86,138.22,118.10,1824.21,118.70,2856.96,442.91,4519.22,134.12,1069.25,132.33,327.53,111.55,113.38,54.16,174.96,32.94,7342.74,680.31,5.81,0.83,73.21,5.93,15.31,3.89,0.00,0.00,88.21,6.92,39.46,6.86,0.00,0.00,12.55,30.04,26.38,10.11,15.45,7.11
62.40,62.4,03/06/2025 12:52:16,-5.767,47.675,,15.5,995266.0,604468.0,925441.41,602.91,1853.17,12255.21,2002.22,48682.35,1687.27,2.90,3.41,546.68,48.02,2238.46,349.06,3541.09,97.99,734.54,85.56,222.84,63.23,43.48,32.51,118.77,22.45,5348.65,496.59,5.29,0.69,47.35,3.35,11.61,3.15,0.09,0.22,75.32,5.87,32.59,5.13,1.34,5.76,5.41,27.01,27.58,9.55,14.11,6.39,147098.25,999.80,3073.06,23155.76,3783.12,104147.84,3609.63,6.64,7.81,1365.01,119.91,2696.46,420.48,4954.72,137.11,1225.58,142.76,397.81,112.87,63.55,47.52,170.66,32.26,7647.20,710.00,6.73,0.88,59.27,4.19,14.45,3.92,0.12,0.29,89.08,6.94,44.02,6.94,1.79,7.69,6.04,30.16,29.71,10.29,16.01,7.25
62.50,62.5,03/06/2025 12:52:47,-5.797,49.003,1181348.423,15.6,980852.0,597993.0,930812.19,339.44,1808.62,11235.73,1845.52,45193.40,1574.11,48.63,70.98,656.84,45.87,1998.57,314.79,3333.22,94.18,645.95,78.77,154.12,60.31,109.54,42.00,76.40,15.02,5171.57,479.78,5.17,0.67,51.00,3.83,11.46,3.04,0.00,0.00,71.59,5.62,35.65,5.06,0.00,0.00,0.00,0.00,33.53,9.24,15.99,6.10,136587.60,562.88,2999.19,21229.49,3487.03,96683.83,3367.54,111.42,162.65,1640.07,114.53,2407.48,379.20,4663.87,131.77,1077.77,131.43,275.13,107.66,160.11,61.39,109.77,21.58,7394.02,685.97,6.58,0.85,63.85,4.80,14.26,3.79,0.00,0.00,84.66,6.65,48.16,6.83,0.00,0.00,0.00,0.00,36.12,9.96,18.14,6.92
62.60,62.6,03/06/2025 12:53:18,-6.129,45.233,,15.6,980036.0,593935.0,925896.34,924.24,1743.29,12434.54,2026.91,48201.63,1671.11,30.70,71.08,492.35,47.19,2159.97,337.21,3412.37,95.99,772.19,87.71,176.84,61.87,112.48,42.96,74.28,14.64,5087.12,470.98,4.94,0.67,59.47,4.87,11.90,3.09,0.05,0.22,74.03,5.78,31.79,5.07,1.15,5.60,0.00,0.00,27.00,9.31,14.61,6.23,146244.68,1532.64,2890.85,23494.60,3829.77,103119.43,3575.06,70.34,162.87,1229.36,117.82,2601.91,406.21,4774.61,134.30,1288.40,146.35,315.69,110.45,164.40,62.79,106.73,21.04,7273.28,673.38,6.29,0.86,74.45,6.10,14.81,3.84,0.07,0.28,87.54,6.84,42.94,6.84,1.54,7.47,0.00,0.00,29.08,10.03,16.58,7.07
62.70,62.7,03/06/2025 12:53:49,-6.163,49.930,,15.6,975025.0,593026.0,926389.93,610.52,1711.98,11656.50,1906.61,49044.13,1697.08,59.29,72.65,520.12,46.83,2121.05,331.90,3558.03,97.24,585.26,75.21,231.06,62.57,85.50,37.91,96.44,18.37,4768.34,439.95,5.40,0.67,105.97,13.37,10.66,2.97,0.00,0.00,66.51,5.45,42.28,5.19,0.00,0.00,3.84,26.50,26.19,9.15,12.99,6.22,145732.53,1012.41,2838.93,22024.51,3602.47,104921.81,3630.62,135.85,166.47,1298.69,116.92,2555.03,399.81,4978.41,136.06,976.50,125.49,412.48,111.69,124.97,55.41,138.57,26.39,6817.51,629.02,6.87,0.85,132.65,16.73,13.27,3.69,0.00,0.00,78.65,6.44,57.10,7.01,0.00,0.00,4.28,29.58,28.22,9.85,14.74,7.06
62.80,62.8,03/06/2025 12:54:20,-6.218,52.444,,15.6,962782.0,588019.0,928871.00,1171.75,1750.82,11791.65,1926.28,46689.82,1621.13,46.03,70.60,574.87,45.48,2168.08,337.06,3137.81,92.32,586.87,74.53,193.37,60.51,102.76,40.53,81.39,15.71,4351.70,399.79,5.45,0.66,57.99,4.75,12.36,2.92,0.00,0.00,65.30,5.28,39.45,5.04,0.00,0.00,1.59,25.90,32.09,9.28,18.67,6.09,140747.41,1943.08,2903.34,22279.89,3639.64,99885.16,3468.14,105.48,161.78,1435.40,113.56,2611.68,406.02,4390.44,129.18,979.18,124.35,345.21,108.03,150.19,59.23,116.95,22.57,6221.82,571.59,6.93,0.84,72.59,5.94,15.38,3.63,0.00,0.00,77.22,6.25,53.29,6.81,0.00,0.00,1.77,28.92,34.57,10.00,21.19,6.91
62.90,62.9,03/06/2025 12:55:01,-6.241,55.550,,15.6,965306.0,588159.0,928599.30,630.89,1719.03,11170.41,1831.51,47667.34,1652.34,57.94,71.55,480.11,46.11,2269.07,351.46,3116.49,92.71,639.30,77.97,213.03,61.24,57.22,33.20,75.62,14.82,4781.83,441.49,4.27,0.63,77.54,7.76,11.78,2.99,0.00,0.00,64.20,5.29,35.96,4.98,0.00,0.00,5.95,26.11,27.14,9.25,14.57,6.09,141324.32,1046.18,2850.62,21106.08,3460.57,101976.41,3534.91,132.77,163.94,1198.79,115.14,2733.33,423.37,4360.62,129.72,1066.66,130.09,380.30,109.33,83.63,48.53,108.66,21.29,6836.80,631.21,5.44,0.80,97.07,9.72,14.66,3.72,0.00,0.00,75.93,6.26,48.58,6.72,0.00,0.00,6.65,29.15,29.24,9.96,16.53,6.91
63.00,63.0,03/06/2025 12:55:33,-6.260,57.992,1181348.426,15.8,939565.0,577482.0,937773.27,520.43,1638.50,10332.93,1700.15,40984.57,1435.90,54.44,67.34,455.76,43.95,1918.37,301.14,2889.50,87.39,538.04,69.15,184.74,57.40,105.00,39.86,88.74,16.62,3950.05,361.47,4.57,0.60,63.01,5.64,11.53,2.76,0.00,0.00,58.77,4.84,26.82,4.56,0.00,0.00,5.45,24.55,21.57,8.40,12.44,5.54,123087.29,863.01,2717.08,19523.69,3212.37,87679.72,3071.86,124.74,154.30,1138.00,109.74,2310.88,362.76,4043.01,122.28,897.72,115.38,329.79,102.47,153.47,58.26,127.50,23.87,5647.56,516.82,5.81,0.77,78.87,7.06,14.36,3.43,0.00,0.00,69.50,5.73,36.23,6.16,0.00,0.00,6.08,27.41,23.23,9.04,14.12,6.28
63.10,63.1,03/06/2025 12:56:04,-6.378,55.876,,15.7,947786.0,580339.0,931996.24,1022.87,1747.89,11051.05,1812.87,45740.33,1589.61,17.84,68.26,482.78,44.97,2027.99,317.43,2655.50,86.83,485.02,67.34,144.02,58.77,83.87,36.56,55.12,11.00,4026.83,368.60,4.59,0.62,72.80,7.14,9.15,2.83,0.14,0.20,59.69,4.95,32.81,4.77,0.01,5.22,0.00,0.00,17.93,8.32,13.41,5.74,135118.96,1696.20,2898.49,20880.54,3425.35,97853.88,3400.70,40.88,156.41,1205.47,112.29,2442.92,382.38,3715.59,121.49,809.26,112.36,257.11,104.91,122.58,53.43,79.21,15.80,5757.33,527.00,5.84,0.79,91.13,8.94,11.39,3.52,0.19,0.26,70.59,5.85,44.31,6.44,0.02,6.96,0.00,0.00,19.31,8.96,15.21,6.51
63.20,63.2,03/06/2025 12:56:35,-5.877,57.134,,15.7,944028.0,577759.0,933197.94,928.18,1677.51,11317.78,1851.43,44006.67,1533.59,51.30,68.03,405.41,44.94,2144.20,332.50,2780.03,87.41,513.34,68.30,175.85,58.48,94.94,38.39,57.94,11.46,4107.58,376.40,4.91,0.62,62.32,5.46,13.37,2.95,0.00,0.00,55.50,4.79,30.20,4.74,0.16,5.21,11.86,25.07,29.69,8.75,10.82,5.76,132201.55,1539.18,2781.78,21384.52,3498.20,94145.01,3280.85,117.55,155.88,1012.27,112.22,2582.91,400.54,3889.84,122.31,856.51,113.96,313.92,104.40,138.75,56.11,83.25,16.47,5872.79,538.16,6.24,0.79,78.01,6.84,16.64,3.67,0.00,0.00,65.64,5.67,40.80,6.40,0.21,6.95,13.24,28.00,31.99,9.43,12.28,6.53
63.30,63.3,03/06/2025 12:57:07,-5.644,58.259,,15.8,934678.0,572895.0,936779.81,406.10,1693.46,10584.90,1740.35,41749.61,1460.73,7.94,65.82,440.27,43.86,2181.92,337.05,2554.36,84.21,466.03,64.91,185.23,57.78,76.95,34.85,29.70,6.25,4319.28,397.22,4.59,0.60,72.51,7.15,8.76,2.75,0.00,0.00,61.05,4.94,29.19,4.67,0.56,5.05,0.00,0.00,23.55,8.61,17.70,5.70,125013.68,673.42,2808.23,19999.76,3288.33,89316.41,3124.99,18.19,150.81,1099.31,109.51,2628.34,406.01,3574.08,117.82,777.57,108.31,330.67,103.15,112.46,50.93,42.67,8.98,6175.46,567.93,5.85,0.76,90.76,8.95,10.90,3.42,0.00,0.00,72.20,5.84,39.43,6.31,0.74,6.74,0.00,0.00,25.37,9.27,20.08,6.47
63.40,63.4,03/06/2025 12:57:49,-5.752,58.063,,15.8,940685.0,569106.0,930578.97,341.29,1691.04,11267.29,1844.79,47183.82,1635.42,54.98,69.81,402.23,45.08,2315.15,356.47,2803.68,88.20,503.53,68.40,142.73,58.55,111.00,41.57,80.75,15.23,4025.97,368.07,4.53,0.62,53.30,4.17,9.46,2.80,0.00,0.00,49.79,4.57,29.07,4.70,1.27,5.17,0.00,0.00,29.27,8.83,11.91,5.77,137997.60,565.95,2804.22,21289.12,3485.67,100941.99,3498.71,125.99,159.95,1004.32,112.57,2788.83,429.40,3922.93,123.40,840.14,114.13,254.80,104.52,162.23,60.76,116.02,21.88,5756.11,526.25,5.76,0.79,66.72,5.22,11.78,3.49,0.00,0.00,58.88,5.41,39.27,6.34,1.69,6.89,0.00,0.00,31.53,9.51,13.52,6.54
63.50,63.5,03/06/2025 12:58:20,-6.399,56.473,1181345.712,15.8,931080.0,570442.0,937959.90,644.45,1665.64,9958.77,1643.22,41820.25,1462.18,3.31,65.30,377.67,43.66,1795.69,284.03,2610.96,84.20,512.94,67.45,147.04,56.54,83.24,35.62,49.98,9.92,3796.63,346.67,4.53,0.59,100.80,12.97,12.04,2.88,0.00,0.00,52.73,4.60,30.85,4.53,0.83,4.86,0.89,24.43,25.72,8.54,10.79,5.56,123152.89,1068.68,2762.09,18816.73,3104.79,89467.53,3128.09,7.58,149.62,943.00,109.01,2163.09,342.14,3653.27,117.82,855.83,112.55,262.50,100.93,121.66,52.05,71.81,14.25,5428.21,495.65,5.76,0.76,126.17,16.23,14.98,3.58,0.00,0.00,62.36,5.44,41.67,6.11,1.11,6.48,1.00,27.28,27.71,9.20,12.24,6.31
63.60,63.6,03/06/2025 12:58:51,-6.364,58.062,,15.8,923467.0,567441.0,940925.50,466.93,1673.45,9338.72,1549.04,39702.87,1393.89,50.16,66.22,355.46,43.18,1964.14,306.74,2409.89,81.85,444.64,62.22,177.01,56.02,100.78,38.57,76.44,14.41,3763.65,343.62,4.33,0.58,91.81,11.08,9.49,2.66,0.05,0.19,50.15,4.42,27.13,4.44,0.00,0.00,6.00,23.93,20.70,8.25,14.16,5.48,117066.99,774.30,2775.05,17645.16,2926.85,84937.73,2981.99,114.93,151.73,887.54,107.82,2366.01,369.50,3371.94,114.52,741.87,103.81,316.00,100.00,147.29,56.37,109.84,20.71,5381.06,491.28,5.51,0.74,114.93,13.87,11.81,3.31,0.06,0.25,59.31,5.23,36.64,5.99,0.00,0.00,6.70,26.71,22.30,8.89,16.07,6.21
63.70,63.7,03/06/2025 12:59:22,-6.495,53.699,,15.8,925475.0,568118.0,938186.71,437.08,1664.54,9647.70,1595.98,41565.32,1453.70,49.18,66.47,353.20,43.74,1900.64,297.71,2803.69,85.39,471.44,64.46,158.81,56.29,95.50,37.75,110.49,27.53,4005.16,366.73,4.30,0.59,80.33,8.62,10.30,2.78,0.14,0.19,55.17,4.72,36.48,4.65,0.00,0.00,0.00,0.00,18.12,8.00,10.24,5.54,122442.45,724.80,2760.26,18228.96,3015.54,88922.15,3109.95,112.70,152.31,881.91,109.22,2289.52,358.62,3922.95,119.47,786.60,107.55,283.51,100.49,139.58,55.17,158.75,39.56,5726.36,524.33,5.47,0.75,100.55,10.79,12.82,3.45,0.19,0.25,65.25,5.59,49.27,6.29,0.00,0.00,0.00,0.00,19.52,8.61,11.61,6.29
63.80,63.8,03/06/2025 12:59:54,-6.411,56.606,,15.8,923687.0,565223.0,943030.08,229.50,1680.19,9622.54,1592.79,36744.19,1298.26,25.34,23.94,358.56,42.56,1964.71,306.01,2820.51,84.64,470.38,63.20,183.86,55.33,90.60,36.31,125.35,22.24,4106.13,376.80,4.63,0.59,64.99,6.02,11.32,2.72,0.00,0.00,57.62,4.74,29.22,4.43,0.00,0.00,14.27,23.59,29.17,8.46,17.04,5.49,112008.57,380.57,2786.21,18181.43,3009.52,78608.12,2777.41,58.06,54.86,895.29,106.27,2366.70,368.62,3946.47,118.43,784.83,105.45,328.23,98.78,132.41,53.07,180.11,31.95,5870.72,538.73,5.89,0.75,81.35,7.54,14.10,3.38,0.00,0.00,68.15,5.61,39.47,5.98,0.00,0.00,15.93,26.34,31.42,9.11,19.33,6.23
63.90,63.9,03/06/2025 13:00:35,-7.956,52.906,,15.9,916966.0,562664.0,941343.53,328.18,1603.50,10174.78,1673.45,38599.78,1357.85,41.90,63.81,314.55,42.75,1822.53,286.33,2503.84,81.89,452.21,61.50,170.20,55.00,89.16,36.09,47.34,9.35,3868.40,353.76,4.57,0.59,83.63,9.39,11.63,2.78,0.00,0.00,55.57,4.65,24.47,4.39,0.41,4.80,25.55,23.54,26.45,8.31,11.33,5.43,116008.82,544.21,2659.05,19224.88,3161.93,82577.86,2904.89,96.01,146.21,785.40,106.75,2195.43,344.91,3503.39,114.58,754.52,102.61,303.84,98.19,130.31,52.75,68.02,13.44,5530.82,505.79,5.82,0.75,104.68,11.76,14.48,3.46,0.00,0.00,65.71,5.50,33.05,5.93,0.54,6.40,28.52,26.29,28.49,8.96,12.86,6.17
64.00,64.0,03/06/2025 13:01:06,-6.479,58.662,1181343.858,15.9,920378.0,561732.0,939976.63,940.12,1615.33,9861.64,1626.00,38673.29,1360.75,72.74,55.24,415.72,42.45,1648.71,263.19,3251.10,88.61,556.76,69.51,186.83,55.97,96.40,37.60,71.83,13.55,4010.56,367.29,4.69,0.59,105.34,14.01,13.20,2.74,0.01,0.19,58.25,4.81,23.19,4.41,0.69,4.90,0.00,0.00,22.80,8.39,9.50,5.45,118198.38,1558.97,2678.67,18633.20,3072.27,82735.13,2911.09,166.67,126.58,1038.01,106.00,1986.04,317.03,4548.96,123.99,928.96,115.98,333.52,99.91,140.89,54.95,103.21,19.47,5734.07,525.13,5.97,0.76,131.86,17.53,16.43,3.41,0.01,0.26,68.89,5.69,31.32,5.96,0.93,6.53,0.00,0.00,24.56,9.04,10.78,6.18
64.10,64.1,03/06/2025 13:01:38,-6.135,54.889,,15.9,904748.0,558884.0,947389.60,477.23,1601.50,8844.05,1470.15,34484.44,1221.64,16.61,16.00,344.88,41.35,1446.76,235.05,2451.60,79.59,469.77,62.46,157.34,53.37,87.91,35.24,38.49,7.69,3580.30,326.44,3.96,0.55,91.05,11.22,10.47,2.62,0.00,0.00,50.02,4.34,24.76,4.18,0.88,4.67,0.00,0.00,22.43,8.01,7.44,5.16,103973.73,791.38,2655.73,16710.50,2777.79,73773.76,2613.50,38.06,36.67,861.14,103.24,1742.78,283.14,3430.29,111.37,783.82,104.21,280.87,95.27,128.49,51.50,55.30,11.06,5118.91,466.73,5.04,0.70,113.98,14.05,13.03,3.27,0.00,0.00,59.16,5.13,33.45,5.65,1.17,6.22,0.00,0.00,24.16,8.63,8.44,5.85
64.20,64.2,03/06/2025 13:02:09,-6.505,53.038,,15.9,897841.0,555445.0,950178.45,282.65,1582.91,8343.57,1394.31,33082.25,1174.90,0.00,0.00,363.42,40.71,1548.79,248.12,1965.86,74.49,346.15,53.19,201.20,53.08,96.81,36.52,57.49,10.95,3302.61,299.86,4.00,0.54,107.99,15.47,8.60,2.47,0.00,0.00,46.42,4.11,18.45,4.02,0.00,0.00,16.66,22.34,19.12,7.74,9.50,5.02,98694.83,468.71,2624.91,15764.86,2634.49,70774.02,2513.51,0.00,0.00,907.43,101.65,1865.67,298.89,2750.65,104.23,577.55,88.75,359.17,94.75,141.50,53.37,82.61,15.74,4721.89,428.72,5.09,0.68,135.18,19.37,10.70,3.08,0.00,0.00,54.90,4.86,24.92,5.43,0.00,0.00,18.60,24.95,20.60,8.34,10.78,5.69
64.30,64.3,03/06/2025 13:02:40,-6.770,58.861,,15.9,900633.0,556645.0,945140.28,1276.05,1626.85,9049.77,1501.39,36258.01,1280.46,55.56,63.50,240.27,41.81,1572.58,251.86,2171.99,77.22,356.43,55.18,138.66,53.38,93.26,36.30,82.69,15.14,3339.36,302.90,4.08,0.55,110.04,15.73,13.03,2.70,0.00,0.00,41.40,3.95,19.79,4.17,0.05,4.65,5.16,22.97,21.75,7.90,9.79,5.20,108590.92,2116.04,2697.77,17099.21,2836.82,77568.04,2739.34,127.32,145.50,599.94,104.41,1894.33,303.40,3039.06,108.05,594.70,92.06,247.53,95.29,136.30,53.06,118.81,21.76,4774.43,433.07,5.19,0.70,137.75,19.69,16.22,3.36,0.00,0.00,48.96,4.67,26.73,5.63,0.07,6.20,5.76,25.64,23.43,8.51,11.10,5.90
64.40,64.4,03/06/2025 13:03:21,-6.366,60.643,,16.0,887982.0,553398.0,958406.69,383.47,1585.10,6584.76,1128.02,27366.98,984.53,29.75,58.99,373.00,39.37,1334.95,218.27,1914.57,71.67,270.36,46.86,190.47,50.87,80.02,32.55,46.56,8.99,2822.77,254.39,3.86,0.51,76.79,8.75,9.13,2.38,0.00,0.00,38.04,3.64,20.07,3.89,0.36,4.27,16.96,21.41,23.12,7.39,7.32,4.86,82159.10,635.89,2628.54,12441.67,2131.34,58547.12,2106.25,68.16,135.17,931.34,98.29,1608.09,262.93,2678.88,100.29,451.09,78.18,340.03,90.81,116.96,47.57,66.90,12.91,4035.83,363.71,4.91,0.65,96.13,10.95,11.37,2.96,0.00,0.00,44.98,4.31,27.11,5.25,0.48,5.69,18.94,23.91,24.91,7.96,8.30,5.51
64.50,64.5,03/06/2025 13:03:52,-6.298,62.165,1181341.280,16.0,884994.0,553883.0,960847.33,295.57,1558.56,6843.21,1166.58,25168.24,911.95,15.26,58.00,338.37,39.07,1219.49,202.98,1748.31,69.92,318.48,50.45,150.20,49.81,73.84,31.26,18.08,3.77,2749.03,247.65,3.59,0.49,99.85,14.18,10.52,2.45,0.00,0.00,40.26,3.72,23.06,3.88,0.77,4.20,3.22,21.32,24.40,7.50,8.94,4.77,77184.77,490.14,2584.52,12929.99,2204.22,53843.28,1950.96,34.96,132.91,844.89,97.56,1469.00,244.51,2446.25,97.83,531.38,84.18,268.14,88.92,107.92,45.69,25.98,5.41,3930.40,354.08,4.57,0.63,124.99,17.75,13.09,3.05,0.00,0.00,47.61,4.40,31.14,5.24,1.02,5.60,3.60,23.80,26.28,8.08,10.15,5.41
64.60,64.6,03/06/2025 13:04:24,-5.977,63.688,,16.0,891918.0,552845.0,957163.80,353.34,1538.98,7157.62,1212.78,27422.21,986.54,49.46,59.71,248.68,39.89,1042.59,180.91,2444.90,76.89,415.82,57.37,148.29,50.63,72.33,31.39,44.37,8.67,3247.68,295.17,4.10,0.52,84.16,10.15,11.90,2.48,0.00,0.00,37.27,3.64,20.84,3.96,0.00,0.00,0.00,0.00,19.86,7.57,10.77,4.88,84188.92,585.93,2552.06,13524.05,2291.50,58665.29,2110.55,113.32,136.81,620.92,99.60,1255.91,217.93,3420.92,107.58,693.80,95.72,264.73,90.38,105.72,45.87,63.75,12.46,4643.36,422.01,5.21,0.67,105.35,12.71,14.82,3.08,0.00,0.00,44.08,4.31,28.14,5.35,0.00,0.00,0.00,0.00,21.40,8.15,12.22,5.53
64.70,64.7,03/06/2025 13:04:55,-5.667,65.804,,16.0,890400.0,553203.0,960804.01,878.39,1551.55,6798.72,1158.65,24142.75,878.07,14.76,14.22,352.28,39.04,1101.50,188.38,2022.27,72.57,341.91,52.27,122.62,49.71,52.40,27.95,36.75,7.30,3199.65,290.91,3.58,0.50,35.99,2.44,10.39,2.45,0.00,0.00,42.86,3.85,14.27,3.81,1.68,4.22,0.00,0.00,16.58,7.34,6.65,4.87,76675.43,1456.61,2572.90,12845.94,2189.22,51649.44,1878.49,33.82,32.59,879.61,97.49,1326.88,226.92,2829.57,101.54,570.47,87.21,218.90,88.73,76.59,40.85,52.80,10.49,4574.68,415.93,4.55,0.64,45.05,3.05,12.93,3.05,0.00,0.00,50.68,4.55,19.27,5.14,2.25,5.62,0.00,0.00,17.86,7.91,7.55,5.53
64.80,64.8,03/06/2025 13:05:26,-7.549,64.545,,16.0,897589.0,554777.0,953987.01,882.48,1529.30,8616.13,1432.88,27657.34,995.13,49.66,39.77,344.98,39.91,1384.79,225.54,2601.42,78.92,391.02,56.29,174.49,51.97,66.89,30.78,52.21,10.04,3585.28,327.43,3.76,0.52,94.93,12.37,12.10,2.57,0.10,0.18,47.04,4.14,16.71,4.03,0.56,4.51,1.57,22.12,20.95,7.60,8.56,5.07,89709.32,1463.40,2536.00,16279.86,2707.37,59168.31,2128.92,113.79,91.14,861.38,99.65,1668.13,271.68,3639.93,110.42,652.42,93.92,311.50,92.78,97.77,44.99,75.01,14.43,5126.03,468.14,4.78,0.66,118.83,15.48,15.06,3.20,0.13,0.23,55.63,4.90,22.57,5.44,0.75,6.02,1.75,24.70,22.57,8.19,9.71,5.75
64.90,64.9,03/06/2025 13:06:08,-6.783,55.091,,16.0,898878.0,555199.0,953267.28,758.60,1587.20,7773.09,1306.73,29626.70,1060.25,45.15,37.03,287.14,40.60,1176.18,198.70,2540.06,78.78,453.65,60.30,185.09,52.23,86.53,34.38,31.46,6.37,3554.12,324.36,4.10,0.53,93.59,12.03,11.13,2.57,0.00,0.00,51.78,4.37,16.57,4.03,1.84,4.50,5.78,22.21,21.80,7.82,8.36,5.11,91719.89,1257.98,2632.02,14686.96,2469.02,63381.43,2268.22,103.46,84.85,716.96,101.38,1416.84,239.35,3554.07,110.23,756.92,100.62,330.42,93.24,126.47,50.24,45.20,9.15,5081.48,463.74,5.22,0.68,117.15,15.06,13.86,3.20,0.00,0.00,61.23,5.17,22.38,5.44,2.45,6.00,6.45,24.79,23.48,8.43,9.48,5.80
65.00,65.0,03/06/2025 13:06:39,-6.214,54.162,1181344.122,16.0,889972.0,556606.0,955425.35,637.96,1585.57,7107.53,1206.31,29364.61,1050.91,47.01,60.15,269.96,40.27,1526.55,243.91,1811.56,71.51,301.87,49.98,147.57,50.96,88.88,34.49,92.99,24.37,2991.59,270.47,3.95,0.52,73.92,8.08,9.34,2.51,0.00,0.00,47.24,4.14,21.34,4.01,0.78,4.37,1.98,21.80,20.16,7.66,7.85,4.98,87999.07,1057.92,2629.31,13429.41,2279.28,62820.73,2248.24,107.71,137.81,674.07,100.56,1838.89,293.82,2534.74,100.06,503.67,83.39,263.44,90.97,129.90,50.41,133.61,35.02,4277.21,386.70,5.02,0.67,92.53,10.11,11.63,3.13,0.00,0.00,55.87,4.90,28.83,5.41,1.04,5.83,2.21,24.34,21.71,8.25,8.91,5.65
65.10,65.1,03/06/2025 13:07:10,-6.410,51.188,,15.9,899917.0,555429.0,950089.71,564.66,1532.15,8539.53,1421.58,32203.57,1145.65,27.50,61.04,315.36,40.82,1608.05,255.64,2281.28,77.23,524.62,65.41,183.49,52.99,56.91,29.76,103.42,25.73,3292.64,298.93,3.99,0.54,93.48,11.91,9.32,2.55,0.00,0.00,43.40,4.00,20.99,4.15,1.93,4.56,1.61,22.64,24.22,7.98,10.32,5.24,98343.02,936.36,2540.73,16135.11,2686.01,68894.23,2450.93,63.01,139.86,787.43,101.94,1937.06,307.95,3191.98,108.06,875.33,109.14,327.57,94.61,83.18,43.50,148.60,36.97,4707.63,427.40,5.08,0.69,117.01,14.91,11.60,3.17,0.00,0.00,51.32,4.73,28.35,5.60,2.57,6.08,1.80,25.28,26.10,8.59,11.71,5.95
65.20,65.2,03/06/2025 13:07:42,-6.308,41.004,,15.9,901196.0,557131.0,952682.23,286.34,1599.27,7780.93,1310.10,31023.02,1106.79,84.90,60.75,330.35,40.66,1514.63,243.47,2243.22,76.75,394.70,56.71,151.31,51.98,61.76,30.22,93.67,25.01,3174.75,287.84,3.74,0.53,65.99,6.51,10.67,2.60,0.08,0.18,40.59,3.86,19.72,4.08,0.43,4.49,6.12,22.33,20.28,7.55,10.56,5.19,93437.13,474.84,2652.03,14701.78,2475.39,66368.63,2367.79,194.54,139.19,824.85,101.53,1824.53,293.29,3138.73,107.38,658.55,94.62,270.12,92.79,90.27,44.17,134.59,35.94,4539.08,411.53,4.76,0.67,82.60,8.15,13.28,3.24,0.11,0.23,48.00,4.56,26.64,5.51,0.57,5.99,6.84,24.93,21.84,8.14,11.98,5.89
65.30,65.3,03/06/2025 13:08:13,-6.235,35.778,,15.9,901756.0,558591.0,955579.19,733.24,1590.80,7062.56,1200.23,28693.67,1029.28,29.95,59.98,316.48,40.60,1732.93,272.28,1905.78,73.01,356.24,53.47,176.92,51.69,93.53,35.59,27.88,5.70,3089.39,279.91,3.46,0.51,81.39,9.55,9.41,2.47,0.00,0.00,41.56,3.89,25.58,4.02,0.16,4.42,13.84,21.97,19.37,7.51,7.48,5.03,87309.36,1215.91,2637.98,13344.45,2267.79,61385.36,2201.98,68.62,137.44,790.22,101.37,2087.50,327.98,2666.57,102.16,594.39,89.22,315.84,92.28,136.70,52.01,40.06,8.19,4417.03,400.19,4.41,0.65,101.88,11.96,11.71,3.08,0.00,0.00,49.15,4.61,34.56,5.43,0.22,5.89,15.45,24.53,20.86,8.09,8.49,5.70
65.40,65.4,03/06/2025 13:08:54,-6.742,26.522,,15.9,897638.0,568189.0,965980.27,557.68,1594.47,5467.61,962.93,20511.92,758.17,23.75,57.01,371.52,38.85,1086.74,185.27,1906.16,70.54,278.50,46.96,141.77,48.84,83.16,32.66,52.88,10.15,3359.22,306.89,3.62,0.51,62.10,6.15,9.64,2.43,0.00,0.00,36.82,3.60,17.93,3.80,1.54,4.31,18.85,20.92,21.81,7.35,6.50,4.77,66029.96,924.79,2644.07,10330.84,1819.42,43881.86,1621.97,54.41,130.64,927.64,97.00,1309.09,223.18,2667.11,98.70,464.68,78.35,253.09,87.19,121.54,47.74,75.98,14.58,4802.83,438.78,4.60,0.65,77.73,7.70,12.00,3.02,0.00,0.00,43.55,4.26,24.22,5.13,2.06,5.75,21.05,23.35,23.50,7.92,7.38,5.41
65.50,65.5,03/06/2025 13:09:25,-6.686,22.219,1181345.978,15.8,897207.0,579833.0,973706.65,535.79,1586.19,3762.38,716.80,15708.19,599.78,5.55,5.80,384.08,37.86,740.18,142.61,1671.51,66.50,227.63,42.74,115.89,46.91,85.29,32.59,52.30,10.11,2859.74,259.56,4.06,0.50,61.45,6.28,8.58,2.24,0.04,0.16,30.80,3.21,8.27,3.56,1.52,4.13,7.88,20.26,16.42,6.78,5.79,4.59,50855.29,888.49,2630.33,7108.88,1354.37,33605.09,1283.14,12.72,13.29,959.01,94.54,891.62,171.79,2338.79,93.05,379.80,71.31,206.88,83.74,124.66,47.63,75.15,14.52,4088.69,371.10,5.17,0.64,76.92,7.86,10.68,2.79,0.05,0.21,36.42,3.79,11.17,4.81,2.03,5.51,8.80,22.62,17.69,7.30,6.57,5.21
65.60,65.6,03/06/2025 13:09:57,-6.751,11.703,,15.8,894803.0,589121.0,977835.36,445.34,1545.84,3310.34,649.28,12877.21,505.67,84.73,58.29,384.05,37.35,493.39,115.10,1323.14,62.59,214.75,41.31,126.28,46.20,80.96,31.37,33.87,6.84,2673.78,242.13,3.14,0.45,45.65,3.85,8.01,2.15,0.00,0.00,19.04,2.54,8.74,3.43,2.55,4.09,6.27,19.84,18.60,6.70,4.78,4.30,42855.57,738.49,2563.42,6254.77,1226.78,27548.67,1081.80,194.15,133.57,958.94,93.26,594.34,138.65,1851.35,87.57,358.30,68.92,225.44,82.47,118.33,45.84,48.67,9.82,3822.82,346.18,4.00,0.57,57.15,4.82,9.96,2.68,0.00,0.00,22.52,3.01,11.81,4.64,3.40,5.46,7.00,22.15,20.03,7.22,5.42,4.88
65.70,65.7,03/06/2025 13:10:28,-6.814,9.457,,15.7,894694.0,604468.0,983552.27,261.97,1564.64,2529.42,546.28,8706.13,368.94,39.93,32.83,450.68,36.65,363.32,100.80,1020.50,58.15,144.69,34.92,97.49,44.77,78.17,30.43,92.60,16.78,2539.66,229.85,3.87,0.47,59.82,6.31,7.72,2.13,0.00,0.00,11.63,2.03,8.44,3.42,2.18,4.07,5.77,19.37,17.44,6.41,6.29,4.23,31365.01,434.41,2594.61,4779.25,1032.18,18625.33,789.29,91.49,75.23,1125.31,91.51,437.66,121.43,1427.89,81.36,241.41,58.27,174.04,79.91,114.25,44.47,133.06,24.12,3631.07,328.63,4.93,0.60,74.88,7.90,9.61,2.65,0.00,0.00,13.75,2.40,11.40,4.62,2.90,5.43,6.45,21.63,18.79,6.90,7.14,4.80
65.80,65.8,03/06/2025 13:10:59,-7.047,8.463,,15.7,891219.0,613553.0,988478.18,241.64,1475.83,2045.00,475.97,5245.12,252.01,97.11,62.90,426.38,35.77,141.60,76.45,790.61,55.31,45.12,19.03,97.79,44.02,46.81,24.66,18.99,4.05,2221.97,200.05,3.58,0.45,57.97,6.18,8.76,2.05,0.00,0.00,5.63,1.41,3.92,3.24,1.95,3.97,7.63,18.98,10.71,6.18,3.52,4.03,21698.72,400.70,2447.33,3863.95,899.32,11221.06,539.14,222.53,144.12,1064.64,89.32,170.57,92.09,1106.23,77.39,75.29,31.75,174.57,78.58,68.42,36.05,27.29,5.82,3176.85,286.02,4.56,0.57,72.57,7.73,10.91,2.56,0.00,0.00,6.66,1.66,5.29,4.37,2.60,5.30,8.52,21.19,11.53,6.66,3.99,4.57
65.90,65.9,03/06/2025 13:11:41,-5.646,8.199,,15.7,886270.0,612214.0,989803.98,323.89,1518.36,1643.73,422.51,4622.37,230.03,43.56,33.74,308.54,36.04,72.24,60.07,763.80,54.46,21.78,14.10,112.13,43.59,71.17,28.45,107.98,19.20,1991.91,178.23,3.49,0.43,51.58,5.08,6.41,1.94,0.00,0.00,2.98,1.20,2.33,3.22,3.21,3.89,18.30,18.67,19.58,6.20,5.04,3.96,19036.38,537.09,2517.87,3105.77,798.32,9888.79,492.10,99.80,77.30,770.39,90.00,87.02,72.36,1068.71,76.20,36.34,23.52,200.17,77.81,104.02,41.58,155.16,27.59,2847.92,254.82,4.44,0.55,64.56,6.36,7.98,2.42,0.00,0.00,3.53,1.42,3.15,4.35,4.28,5.18,20.43,20.84,21.10,6.68,5.72,4.49
66.00,66.0,03/06/2025 13:12:12,-4.733,13.355,1181341.944,15.7,881512.0,608482.0,991250.55,294.39,1528.38,1395.76,396.85,3708.82,199.41,13.12,50.24,255.55,35.94,61.54,55.36,662.83,52.75,26.43,13.92,131.35,43.19,68.37,27.72,60.01,11.30,1963.09,175.55,3.46,0.43,53.20,5.40,6.83,1.96,0.00,0.00,2.57,1.18,0.84,3.14,2.92,3.87,17.72,18.37,17.18,6.07,3.50,3.92,16130.78,488.18,2534.48,2637.23,749.83,7934.41,426.61,30.07,115.13,638.09,89.73,74.13,66.68,927.43,73.81,44.09,23.23,234.49,77.09,99.92,40.52,86.22,16.24,2806.71,250.99,4.40,0.55,66.60,6.76,8.50,2.44,0.00,0.00,3.03,1.40,1.13,4.25,3.89,5.17,19.78,20.51,18.50,6.54,3.97,4.44
66.10,66.1,03/06/2025 13:12:43,-5.208,13.754,,15.8,878134.0,603202.0,992041.16,203.60,1595.08,1310.93,387.63,3360.66,185.67,55.57,40.37,254.71,35.61,31.08,38.76,596.45,51.87,26.50,13.88,108.12,42.82,61.99,26.50,63.57,11.90,1782.30,158.63,3.59,0.43,50.32,4.94,7.80,1.99,0.00,0.00,3.25,1.18,2.88,3.07,2.07,3.78,15.18,18.35,14.64,6.05,3.63,3.80,14731.47,337.62,2645.08,2476.96,732.42,7189.58,397.21,127.32,92.50,635.98,88.91,37.44,46.69,834.55,72.58,44.22,23.16,193.02,76.44,90.61,38.74,91.34,17.10,2548.23,226.80,4.57,0.55,62.99,6.19,9.71,2.47,0.00,0.00,3.85,1.40,3.89,4.14,2.77,5.04,16.95,20.49,15.77,6.52,4.11,4.31
66.20,66.2,03/06/2025 13:13:15,-5.882,15.008,,15.8,872266.0,596266.0,992284.68,160.04,1557.33,1283.48,382.31,3225.72,180.62,28.03,49.76,203.55,35.47,49.20,48.98,596.46,51.35,15.43,13.78,67.63,41.99,80.89,29.99,32.30,6.47,1865.64,166.40,3.12,0.41,49.25,4.76,6.79,1.98,0.00,0.00,3.77,1.19,2.27,3.06,3.29,3.72,19.08,18.24,15.57,6.16,3.82,3.77,14164.56,265.38,2582.48,2425.09,722.36,6900.89,386.41,64.23,114.02,508.24,88.56,59.26,59.00,834.57,71.84,25.75,22.98,120.74,74.96,118.23,43.83,46.41,9.30,2667.39,237.91,3.97,0.53,61.65,5.96,8.45,2.46,0.00,0.00,4.46,1.40,3.06,4.13,4.38,4.96,21.31,20.37,16.77,6.64,4.33,4.27
66.30,66.3,03/06/2025 13:13:46,-7.648,15.739,,15.9,870562.0,582768.0,992358.57,283.77,1531.06,1124.42,362.14,2944.79,171.25,37.73,50.54,354.50,34.91,12.52,24.74,644.82,51.82,6.33,13.74,79.65,42.15,68.48,27.62,49.07,9.44,1896.77,169.33,3.56,0.43,71.53,9.18,6.02,1.86,0.05,0.14,7.04,1.54,4.43,3.03,1.85,3.63,24.47,18.30,15.45,5.86,4.17,3.83,13986.28,470.56,2538.92,2124.55,684.26,6299.90,366.35,86.45,115.80,885.14,87.16,15.08,29.80,902.24,72.50,10.57,22.92,142.19,75.25,100.09,40.36,70.51,13.56,2711.90,242.10,4.53,0.55,89.54,11.50,7.49,2.32,0.07,0.18,8.32,1.83,5.99,4.10,2.47,4.84,27.32,20.43,16.64,6.31,4.74,4.34
66.40,66.4,03/06/2025 13:14:27,-7.156,14.279,,15.9,872115.0,576061.0,990246.00,421.29,1503.19,1416.88,392.73,4344.19,220.77,36.00,28.85,344.88,35.37,44.15,47.31,675.66,53.08,27.94,13.92,67.82,42.34,72.48,28.48,43.42,8.41,2126.35,190.83,3.31,0.43,73.45,9.50,6.59,1.97,0.03,0.14,9.76,1.80,6.39,3.09,0.72,3.67,11.42,18.39,17.45,6.05,3.81,3.86,18149.19,698.62,2492.70,2677.14,742.05,9293.67,472.31,82.49,66.10,861.13,88.30,53.19,56.99,945.39,74.27,46.62,23.23,121.07,75.58,105.93,41.63,62.39,12.08,3040.14,272.84,4.21,0.54,91.94,11.89,8.20,2.46,0.04,0.18,11.54,2.12,8.63,4.18,0.95,4.90,12.76,20.53,18.80,6.51,4.33,4.37
66.50,66.5,03/06/2025 13:14:58,-6.821,17.923,1181340.950,15.9,874252.0,573799.0,989788.82,378.60,1524.26,1670.87,426.28,4380.96,221.39,62.42,44.18,409.78,35.01,81.39,62.44,695.20,53.21,31.53,14.75,71.45,42.90,50.42,24.84,79.44,20.50,2150.95,193.24,3.36,0.43,83.07,11.80,7.43,1.93,0.01,0.14,11.78,1.98,10.58,3.14,1.16,3.64,9.07,18.62,17.48,6.10,4.22,3.93,19018.54,627.82,2527.64,3157.05,805.44,9372.35,473.63,143.03,101.23,1023.18,87.43,98.04,75.21,972.73,74.46,52.61,24.61,127.54,76.59,73.69,36.31,114.14,29.46,3075.30,276.28,4.27,0.54,103.99,14.77,9.25,2.40,0.01,0.19,13.93,2.34,14.29,4.24,1.55,4.85,10.13,20.79,18.83,6.57,4.79,4.45
66.60,66.6,03/06/2025 13:15:30,-6.080,17.855,,15.9,876353.0,584901.0,988395.01,396.64,1466.41,2125.59,481.28,5145.99,247.32,114.55,70.96,380.18,35.63,126.76,72.65,814.56,54.75,25.39,14.07,99.88,43.44,51.84,25.15,10.95,2.37,2205.97,198.32,3.33,0.44,47.95,4.44,6.23,2.00,0.00,0.00,9.00,1.75,4.53,3.14,2.38,3.75,14.73,18.69,15.32,6.14,3.20,3.92,21781.84,657.74,2431.72,4016.21,909.37,11008.99,529.10,262.47,162.60,949.29,88.98,152.69,87.51,1139.74,76.60,42.36,23.47,178.31,77.54,75.77,36.76,15.74,3.40,3153.97,283.55,4.24,0.56,60.03,5.55,7.76,2.49,0.00,0.00,10.65,2.07,6.12,4.24,3.17,5.00,16.45,20.87,16.50,6.61,3.64,4.45
66.70,66.7,03/06/2025 13:16:01,-5.208,15.009,,15.9,872386.0,587577.0,988062.09,545.71,1516.95,2015.67,468.81,5397.75,255.91,93.01,60.14,498.16,35.20,221.96,84.80,751.53,53.93,35.13,15.89,38.13,42.77,61.72,26.79,18.88,3.95,2141.47,192.15,3.70,0.45,55.95,5.80,6.14,1.98,0.00,0.00,11.56,1.93,7.98,3.18,0.88,3.74,13.25,18.73,13.79,5.99,5.51,3.95,22486.69,904.94,2515.53,3808.54,885.80,11547.60,547.48,213.13,137.80,1243.86,87.89,267.38,102.16,1051.54,75.46,58.61,26.51,68.07,76.35,90.21,39.16,27.13,5.68,3061.75,274.73,4.71,0.57,70.04,7.26,7.65,2.46,0.00,0.00,13.68,2.28,10.77,4.30,1.18,4.99,14.80,20.91,14.86,6.45,6.26,4.49
66.80,66.8,03/06/2025 13:16:32,-5.015,14.021,,15.9,867678.0,584308.0,989982.75,526.81,1478.00,1647.87,421.16,4227.24,216.42,97.34,62.59,476.66,34.79,108.86,69.20,596.90,52.21,39.61,17.15,76.73,42.55,45.70,23.98,39.18,7.67,2012.71,179.96,3.44,0.42,61.19,6.87,6.79,1.94,0.01,0.14,11.14,1.90,8.11,3.14,1.46,3.68,8.94,18.45,16.57,6.01,4.01,3.86,18761.89,873.59,2450.93,3113.59,795.78,9043.48,463.00,223.03,143.43,1190.18,86.88,131.14,83.36,835.18,73.05,66.10,28.62,136.97,75.96,66.80,35.05,56.29,11.02,2877.66,257.30,4.38,0.54,76.60,8.60,8.46,2.41,0.01,0.18,13.18,2.25,10.96,4.24,1.94,4.90,9.98,20.60,17.84,6.47,4.55,4.38
66.90,66.9,03/06/2025 13:17:14,-4.942,12.826,,15.9,869401.0,590125.0,989176.53,291.77,1523.84,1592.53,419.90,5466.85,259.15,47.28,52.31,328.79,35.49,242.16,86.74,679.70,52.68,28.35,13.93,96.32,42.92,59.54,26.23,6.18,1.35,1886.80,168.08,3.50,0.43,42.57,3.65,8.75,2.02,0.00,0.00,9.22,1.75,5.89,3.11,1.12,3.72,7.56,18.47,15.25,6.08,3.32,3.84,20490.77,483.84,2526.94,3009.02,793.39,11695.42,554.42,108.34,119.86,820.97,88.62,291.71,104.49,951.04,73.71,47.30,23.25,171.95,76.63,87.03,38.34,8.88,1.94,2697.64,240.31,4.45,0.55,53.29,4.57,10.89,2.51,0.00,0.00,10.90,2.07,7.96,4.20,1.49,4.97,8.44,20.62,16.43,6.55,3.77,4.35
67.00,67.0,03/06/2025 13:17:46,-5.195,6.480,1181347.234,15.8,865458.0,597764.0,991279.40,338.80,1502.17,1182.31,367.08,3649.23,196.93,31.51,26.03,372.87,35.03,53.31,51.22,661.59,51.90,21.67,13.67,128.50,42.74,60.03,26.02,22.09,4.54,2120.70,190.32,3.00,0.42,23.04,1.39,8.17,2.03,0.00,0.00,5.17,1.29,2.82,3.08,2.43,3.76,11.52,18.15,17.46,6.05,4.38,3.82,16105.54,561.83,2491.02,2233.93,693.58,7806.92,421.30,72.20,59.64,931.02,87.48,64.22,61.70,925.71,72.61,36.16,22.80,229.39,76.30,87.74,38.03,31.74,6.53,3032.06,272.11,3.82,0.53,28.84,1.74,10.18,2.52,0.00,0.00,6.11,1.53,3.81,4.16,3.24,5.02,12.86,20.26,18.81,6.52,4.97,4.34
67.10,67.1,03/06/2025 13:18:17,-4.280,5.819,,15.8,868066.0,598955.0,991458.96,835.40,1473.86,1378.22,386.52,3064.60,175.47,12.51,49.71,361.35,35.06,51.62,50.87,640.16,52.03,16.43,13.73,67.97,42.12,65.80,27.14,33.02,6.58,1924.96,171.85,3.44,0.43,29.84,2.07,7.02,1.99,0.00,0.00,3.12,1.17,2.94,3.06,2.09,3.75,15.39,18.29,21.21,6.11,3.95,3.79,15584.43,1385.32,2444.06,2604.10,730.32,6556.20,375.40,28.67,113.91,902.25,87.54,62.19,61.28,895.72,72.80,27.41,22.90,121.33,75.20,96.18,39.66,47.44,9.45,2752.19,245.70,4.38,0.55,37.36,2.59,8.74,2.48,0.00,0.00,3.69,1.39,3.97,4.13,2.79,5.00,17.18,20.42,22.85,6.58,4.48,4.30
67.20,67.2,03/06/2025 13:18:48,-5.037,5.885,,15.8,871116.0,597917.0,990659.99,311.88,1499.62,1408.69,393.28,4108.68,212.90,14.68,13.59,363.15,35.25,151.21,75.53,654.14,52.47,13.47,13.83,98.67,42.84,44.76,23.81,9.88,2.13,2031.72,181.89,3.45,0.44,73.55,9.56,5.24,1.92,0.00,0.00,4.06,1.21,2.49,3.10,2.47,3.74,18.46,18.44,16.03,6.08,3.36,3.89,17345.66,517.18,2486.78,2661.66,743.08,8789.83,455.46,33.63,31.14,906.74,88.02,182.15,90.98,915.28,73.42,22.47,23.08,176.15,76.47,65.42,34.80,14.19,3.06,2904.84,260.06,4.39,0.56,92.06,11.97,6.52,2.39,0.00,0.00,4.81,1.43,3.36,4.19,3.29,4.99,20.61,20.59,17.26,6.55,3.81,4.41
67.30,67.3,03/06/2025 13:19:20,-5.937,7.140,,15.8,874203.0,597991.0,990616.58,312.07,1511.76,1530.60,409.40,3774.64,201.30,153.08,91.14,476.92,35.13,4.09,25.14,666.71,52.55,25.69,14.00,61.24,42.83,51.45,25.01,31.55,6.36,2150.31,193.14,3.39,0.43,90.31,13.78,6.84,1.94,0.00,0.00,6.65,1.51,2.43,3.11,2.96,3.77,7.51,18.64,19.84,6.25,5.14,3.95,17487.78,517.50,2506.91,2892.02,773.54,8075.21,430.66,350.76,208.84,1190.83,87.71,4.93,30.29,932.87,73.53,42.86,23.35,109.32,76.45,75.19,36.55,45.33,9.14,3074.39,276.14,4.32,0.55,113.04,17.25,8.51,2.41,0.00,0.00,7.86,1.78,3.29,4.21,3.95,5.03,8.39,20.81,21.37,6.73,5.83,4.49
67.40,67.4,03/06/2025 13:20:02,-6.037,5.225,,15.8,873473.0,595552.0,990824.77,279.93,1511.81,1435.51,399.91,4029.72,209.85,34.32,50.69,282.26,35.75,14.99,24.86,633.53,52.14,5.53,13.84,111.83,42.90,74.89,28.90,52.71,10.01,2050.41,183.70,3.64,0.44,106.09,18.43,8.12,2.01,0.00,0.00,3.82,1.21,5.38,3.10,1.35,3.77,19.23,18.37,18.57,6.23,3.40,3.86,17017.46,464.20,2507.00,2712.34,755.62,8620.93,448.94,78.65,116.15,704.78,89.26,18.06,29.94,886.44,72.95,9.22,23.09,199.63,76.59,109.46,42.23,75.74,14.39,2931.56,262.65,4.63,0.56,132.80,23.07,10.11,2.51,0.00,0.00,4.51,1.44,7.27,4.19,1.80,5.03,21.47,20.51,20.01,6.71,3.85,4.37
67.50,67.5,03/06/2025 13:20:33,-5.531,15.606,1181340.619,15.8,878685.0,593232.0,989082.62,427.92,1525.32,1852.74,451.41,4649.46,231.62,134.12,81.25,380.65,35.99,80.55,62.09,741.07,53.61,26.34,14.04,120.55,43.53,71.99,28.58,18.44,3.87,2223.74,200.04,3.47,0.44,120.80,22.96,8.40,2.06,0.00,0.00,9.46,1.79,3.68,3.17,1.74,3.77,19.44,18.59,18.17,6.17,4.65,3.98,20350.12,709.61,2529.39,3500.69,852.92,9946.76,495.52,307.32,186.16,950.46,89.87,97.04,74.79,1036.91,75.01,43.95,23.43,215.20,77.71,105.21,41.77,26.49,5.56,3179.38,286.01,4.41,0.56,151.21,28.74,10.46,2.56,0.00,0.00,11.19,2.12,4.97,4.29,2.32,5.03,21.70,20.76,19.57,6.65,5.27,4.51
67.60,67.6,03/06/2025 13:21:04,-5.343,16.668,,15.8,881102.0,590427.0,989397.37,294.72,1575.30,1558.16,419.24,4710.00,234.85,127.94,78.94,394.21,36.07,91.67,65.13,770.89,54.02,92.87,28.12,94.47,43.23,60.16,26.50,51.88,9.94,2207.42,198.57,3.27,0.44,94.15,14.71,7.95,2.06,0.02,0.14,10.95,1.95,8.62,3.20,2.30,3.70,2.81,18.68,14.47,6.12,3.69,4.05,19800.25,488.73,2612.28,2944.09,792.14,10076.28,502.43,293.17,180.88,984.30,90.06,110.43,78.46,1078.63,75.59,154.96,46.91,168.64,77.18,87.93,38.72,74.54,14.29,3156.04,283.90,4.16,0.56,117.86,18.42,9.89,2.56,0.03,0.19,12.95,2.30,11.64,4.32,3.07,4.93,3.14,20.86,15.59,6.59,4.19,4.59
67.70,67.7,03/06/2025 13:21:36,-6.039,16.205,,15.8,887014.0,596916.0,989502.62,203.36,1534.72,1708.52,436.36,4686.89,232.56,67.87,47.72,386.81,36.06,20.50,30.15,697.07,54.03,25.71,14.09,124.13,43.61,70.91,28.37,71.52,20.26,2266.54,204.31,3.65,0.45,95.40,15.06,7.62,2.05,0.00,0.00,12.02,2.02,6.96,3.17,1.40,3.76,20.14,18.60,16.23,6.14,4.13,4.03,19628.78,337.23,2544.98,3228.18,824.48,10026.82,497.53,155.53,109.34,965.83,90.03,24.70,36.31,975.34,75.60,42.89,23.51,221.60,77.84,103.64,41.46,102.77,29.10,3240.57,292.10,4.64,0.57,119.42,18.85,9.48,2.55,0.00,0.00,14.21,2.38,9.40,4.28,1.87,5.02,22.49,20.76,17.48,6.61,4.69,4.58
67.80,67.8,03/06/2025 13:22:07,-5.219,18.980,,15.8,893659.0,599153.0,989266.34,345.21,1588.17,1546.63,420.31,4682.75,234.22,93.84,61.56,360.26,36.23,111.67,70.17,818.41,55.31,29.94,14.46,118.54,43.97,87.89,31.83,50.90,9.83,2328.87,210.26,3.43,0.44,92.08,14.08,8.07,2.05,0.08,0.14,13.61,2.09,13.28,3.28,0.17,3.83,9.88,18.77,14.22,6.07,3.94,3.97,19894.62,572.46,2633.62,2922.31,794.16,10017.96,501.07,215.02,141.06,899.54,90.45,134.51,84.52,1145.12,77.39,49.96,24.13,211.62,78.50,128.45,46.52,73.13,14.12,3329.69,300.62,4.36,0.56,115.26,17.63,10.04,2.56,0.10,0.19,16.09,2.48,17.94,4.43,0.22,5.11,11.03,20.95,15.32,6.54,4.47,4.50
67.90,67.9,03/06/2025 13:22:49,-4.788,19.244,,15.8,896980.0,590534.0,986065.85,366.06,1574.71,2225.60,504.91,7137.30,316.80,87.99,59.13,367.21,37.05,174.62,81.76,888.19,56.76,52.80,21.11,67.73,44.30,76.75,30.02,18.26,3.90,2329.00,210.04,3.41,0.45,78.70,10.49,7.67,2.08,0.21,0.14,18.92,2.48,10.01,3.24,1.53,3.83,7.56,19.26,9.42,5.76,5.19,4.13,26505.31,607.03,2611.30,4205.19,954.00,15269.08,677.75,201.62,135.49,916.89,92.52,210.35,98.48,1242.76,79.42,88.10,35.23,120.91,79.09,112.17,43.87,26.24,5.60,3329.87,300.30,4.35,0.57,98.51,13.13,9.55,2.58,0.28,0.19,22.38,2.93,13.52,4.37,2.04,5.11,8.44,21.51,10.15,6.21,5.89,4.68
68.00,68.0,03/06/2025 13:23:20,-5.571,18.450,1181340.092,15.9,895284.0,576661.0,978618.02,297.52,1589.67,3549.45,686.76,12317.09,487.54,35.45,54.94,477.56,37.49,508.05,117.04,1139.63,60.85,110.71,31.76,95.45,46.27,40.68,24.83,85.24,22.05,2542.34,229.74,3.56,0.47,104.66,16.77,6.60,2.17,0.00,0.00,24.92,2.84,11.99,3.44,1.01,3.93,7.54,20.01,16.87,6.63,5.67,4.28,41426.25,493.38,2636.10,6706.55,1297.61,26350.37,1043.00,81.23,125.88,1192.42,93.61,612.00,140.99,1594.58,85.14,184.71,52.99,170.40,82.61,59.45,36.29,122.47,31.68,3634.89,328.46,4.53,0.59,131.02,21.00,8.21,2.70,0.00,0.00,29.47,3.36,16.19,4.64,1.34,5.24,8.42,22.34,18.17,7.14,6.44,4.85
68.10,68.1,03/06/2025 13:23:52,-5.953,18.448,,15.8,898305.0,583510.0,979364.09,368.80,1526.29,3221.54,638.37,11358.50,455.66,176.87,105.25,487.42,37.46,467.53,112.23,1159.66,60.57,190.92,39.77,112.76,46.21,57.26,27.10,56.19,10.79,2838.02,258.14,3.52,0.47,54.99,5.32,7.96,2.19,0.01,0.15,25.22,2.87,13.98,3.46,1.08,3.95,8.14,19.93,19.30,6.59,6.21,4.39,39718.56,611.57,2531.02,6086.98,1206.18,24299.65,974.81,405.28,241.18,1217.04,93.54,563.19,135.19,1622.61,84.75,318.55,66.36,201.30,82.50,83.69,39.61,80.73,15.51,4057.64,369.07,4.48,0.60,68.84,6.66,9.91,2.72,0.01,0.20,29.83,3.39,18.89,4.67,1.45,5.27,9.09,22.25,20.79,7.10,7.05,4.99
68.20,68.2,03/06/2025 13:24:23,-4.927,18.053,,15.7,899342.0,600404.0,985321.41,404.33,1573.95,2162.24,498.60,7379.62,325.24,12.41,12.17,498.93,36.49,179.41,82.04,945.02,57.37,98.83,29.29,101.10,44.63,60.72,27.09,78.76,14.52,2602.78,236.13,3.24,0.44,75.66,9.66,7.76,2.14,0.00,0.00,17.15,2.36,4.67,3.32,1.94,3.95,19.86,19.25,20.42,6.62,3.74,4.13,27810.73,670.48,2610.05,4085.47,942.09,15787.48,695.80,28.45,27.88,1245.77,91.12,216.12,98.83,1322.28,80.27,164.91,48.88,180.49,79.67,88.74,39.59,113.16,20.87,3721.31,337.61,4.13,0.56,94.71,12.10,9.66,2.66,0.00,0.00,20.29,2.79,6.30,4.48,2.58,5.27,22.17,21.49,21.99,7.13,4.25,4.68
68.30,68.3,03/06/2025 13:24:55,-6.042,16.402,,15.7,906490.0,605525.0,987061.43,302.30,1606.15,2071.88,488.73,6050.66,281.01,97.11,64.01,426.54,37.12,183.12,83.29,833.76,56.31,83.54,27.45,65.54,44.49,60.20,27.07,83.12,21.30,2568.29,233.13,3.49,0.45,54.12,5.40,6.67,2.03,0.26,0.14,12.12,2.05,6.05,3.30,1.62,3.92,7.39,19.39,14.27,5.86,6.50,4.11,24307.48,501.30,2663.44,3914.75,923.44,12944.39,601.17,222.52,146.66,1065.02,92.68,220.58,100.33,1166.60,78.79,139.39,45.80,117.00,79.42,87.99,39.57,119.44,30.61,3672.00,333.31,4.44,0.57,67.75,6.75,8.31,2.52,0.35,0.19,14.34,2.42,8.18,4.45,2.16,5.22,8.25,21.64,15.37,6.31,7.37,4.66
68.40,68.4,03/06/2025 13:25:36,-5.615,15.536,,15.7,904598.0,601880.0,983186.23,697.14,1525.55,2664.45,561.48,8658.88,366.74,46.68,36.80,469.17,37.16,87.09,66.48,953.61,57.87,110.10,31.22,78.83,45.02,66.16,28.28,64.26,12.21,2793.04,254.32,3.77,0.48,52.76,5.06,7.07,2.16,0.00,0.00,13.85,2.20,7.44,3.37,1.94,4.05,13.07,19.55,21.15,6.61,3.30,4.19,32088.90,1156.06,2529.79,5034.37,1060.89,18524.25,784.58,106.97,84.32,1171.48,92.80,104.90,80.08,1334.30,80.97,183.70,52.09,140.72,80.37,96.70,41.33,92.33,17.55,3993.33,363.61,4.80,0.61,66.04,6.34,8.80,2.69,0.00,0.00,16.38,2.60,10.05,4.55,2.59,5.39,14.60,21.83,22.79,7.13,3.74,4.75
68.50,68.5,03/06/2025 13:26:09,-6.600,13.755,1181345.907,15.9,880503.0,579813.0,986852.28,344.70,1548.17,2028.85,479.67,6516.67,296.04,69.94,49.52,471.90,36.18,170.58,80.11,867.26,55.90,62.08,22.91,75.92,43.61,40.14,23.69,23.73,4.91,2323.08,209.36,3.11,0.43,74.52,9.54,8.95,2.09,0.00,0.00,18.56,2.39,11.81,3.24,2.52,3.80,13.51,18.95,16.09,6.20,3.81,3.96,24943.55,571.60,2567.30,3833.44,906.31,13941.34,633.33,160.25,113.47,1178.29,90.33,205.49,96.50,1213.47,78.21,103.58,38.23,135.53,77.85,58.66,34.62,34.09,7.06,3321.41,299.33,3.96,0.54,93.28,11.94,11.14,2.60,0.00,0.00,21.95,2.83,15.95,4.38,3.37,5.07,15.08,21.15,17.33,6.68,4.32,4.50
68.60,68.6,03/06/2025 13:26:40,-5.442,14.020,,15.9,883474.0,577329.0,985410.24,368.32,1532.18,2409.24,526.77,7426.15,325.30,77.07,53.36,428.78,36.72,165.26,79.60,951.92,56.91,142.71,34.03,85.45,43.81,70.01,28.59,56.43,10.74,2266.66,203.89,3.51,0.45,65.75,7.58,6.27,2.04,0.00,0.00,19.48,2.48,9.28,3.25,0.67,3.74,12.31,19.03,18.98,6.46,5.51,4.08,27814.49,610.77,2540.78,4552.17,995.32,15887.03,695.92,176.61,122.28,1070.63,91.69,199.07,95.89,1331.94,79.62,238.11,56.78,152.54,78.22,102.32,41.79,81.08,15.43,3240.75,291.51,4.47,0.57,82.30,9.48,7.80,2.54,0.00,0.00,23.04,2.93,12.53,4.38,0.90,4.99,13.75,21.24,20.45,6.96,6.25,4.62
68.70,68.7,03/06/2025 13:27:12,-4.233,15.412,,15.9,889512.0,579381.0,983116.26,473.24,1555.03,2671.00,563.60,9311.04,387.97,41.53,54.20,391.62,37.25,292.50,94.49,921.21,57.47,101.53,29.95,108.41,45.01,55.36,26.28,37.88,7.52,2276.30,204.66,3.46,0.45,106.60,17.81,9.10,2.12,0.00,0.00,22.05,2.64,12.83,3.31,0.94,3.81,19.14,19.37,23.28,6.70,4.72,4.18,32463.70,784.76,2578.67,5046.76,1064.90,19919.44,830.00,95.17,124.19,977.85,93.02,352.35,113.82,1288.96,80.41,169.40,49.96,193.53,80.35,80.91,38.41,54.42,10.80,3254.52,292.61,4.40,0.57,133.44,22.30,11.33,2.64,0.00,0.00,26.08,3.12,17.33,4.47,1.25,5.09,21.37,21.63,25.07,7.22,5.36,4.74
68.80,68.8,03/06/2025 13:27:44,-4.888,10.585,,15.9,892006.0,579273.0,979106.54,260.72,1578.04,3242.90,644.57,11743.13,468.96,158.31,96.13,503.84,36.91,415.90,107.23,1347.02,62.32,151.08,36.03,105.43,45.98,57.00,27.07,26.88,5.54,2671.26,241.99,3.62,0.47,128.59,24.20,7.74,2.18,0.00,0.00,25.47,2.86,13.76,3.46,1.08,3.98,6.68,19.85,17.89,6.66,5.17,4.33,40328.09,432.34,2616.83,6127.34,1217.89,25122.48,1003.27,362.75,220.26,1258.05,92.16,500.99,129.17,1884.76,87.19,252.08,60.12,188.21,82.08,83.31,39.56,38.62,7.97,3819.22,345.99,4.60,0.60,160.96,30.29,9.64,2.71,0.00,0.00,30.12,3.39,18.58,4.67,1.44,5.31,7.46,22.17,19.27,7.17,5.86,4.91
68.90,68.9,03/06/2025 13:28:25,-4.422,15.675,,15.8,901426.0,589009.0,979863.80,294.71,1522.83,3235.44,641.91,11115.74,448.28,131.92,82.49,533.26,37.13,335.57,100.53,1172.48,61.02,147.03,35.86,90.11,45.98,37.56,24.41,88.83,22.19,2770.65,251.74,3.63,0.48,100.51,15.61,10.42,2.27,0.00,0.00,24.78,2.89,12.80,3.43,1.86,4.02,4.24,19.95,16.84,6.72,7.81,4.51,38835.05,488.71,2525.27,6113.25,1212.87,23780.28,959.02,302.27,189.02,1331.50,92.71,404.23,121.10,1640.54,85.38,245.32,59.83,160.87,82.09,54.89,35.68,127.64,31.88,3961.32,359.93,4.62,0.61,125.82,19.54,12.98,2.82,0.00,0.00,29.31,3.42,17.30,4.63,2.48,5.37,4.73,22.28,18.14,7.24,8.85,5.12
69.00,69.0,03/06/2025 13:28:57,-5.102,11.440,1181348.690,15.8,903168.0,593018.0,981560.25,382.00,1587.08,3100.91,624.66,9835.66,406.42,85.26,58.85,414.33,37.66,308.69,98.09,1137.87,60.47,90.35,28.60,89.08,45.62,66.79,28.56,92.18,16.76,2650.72,240.43,3.35,0.46,98.94,15.34,8.80,2.24,0.00,0.00,24.02,2.81,9.72,3.41,0.49,4.00,10.23,19.74,23.58,6.84,6.79,4.29,35283.61,633.46,2631.82,5859.06,1180.28,21041.77,869.47,195.36,134.84,1034.55,94.02,371.85,118.16,1592.12,84.61,150.74,47.72,159.02,81.44,97.62,41.74,132.45,24.09,3789.85,343.75,4.26,0.58,123.85,19.20,10.95,2.79,0.00,0.00,28.40,3.33,13.13,4.61,0.65,5.33,11.42,22.03,25.40,7.37,7.70,4.87
69.10,69.1,03/06/2025 13:29:29,-5.378,10.445,,15.8,892980.0,586434.0,983127.72,254.54,1545.39,2796.47,580.87,8890.41,374.45,19.32,17.88,489.17,36.51,330.63,98.04,1141.59,59.62,62.52,23.23,100.64,45.12,54.21,26.26,85.15,21.69,2440.93,220.43,3.77,0.47,118.33,21.35,8.53,2.19,0.00,0.00,20.57,2.58,8.85,3.36,1.06,3.92,16.54,19.45,23.86,6.73,5.19,4.20,32213.52,422.10,2562.69,5283.82,1097.52,19019.57,801.08,44.27,40.96,1221.41,91.16,398.28,118.09,1597.31,83.42,104.32,38.76,179.67,80.55,79.22,38.38,122.35,31.16,3489.91,315.16,4.80,0.59,148.12,26.73,10.61,2.73,0.00,0.00,24.33,3.06,11.96,4.54,1.41,5.23,18.46,21.72,25.70,7.25,5.89,4.77
69.20,69.2,03/06/2025 13:30:00,-5.264,10.314,,15.8,901634.0,592899.0,983051.93,468.09,1533.92,2542.89,545.25,8822.62,371.83,94.95,63.00,457.50,37.09,264.14,92.16,1075.26,59.08,147.67,35.54,120.26,45.55,63.27,27.81,84.52,21.68,2596.03,235.28,3.70,0.47,136.39,27.41,9.40,2.15,0.00,0.00,21.74,2.67,10.36,3.41,3.59,3.98,4.24,19.56,15.18,6.57,6.28,4.29,32284.52,776.23,2543.66,4804.69,1030.22,18874.54,795.46,217.56,144.35,1142.34,92.60,318.18,111.01,1504.50,82.66,246.39,59.30,214.69,81.31,92.47,40.65,121.44,31.15,3711.65,336.39,4.71,0.59,170.72,34.31,11.70,2.67,0.00,0.00,25.71,3.15,14.00,4.60,4.78,5.30,4.74,21.84,16.35,7.08,7.13,4.87
69.30,69.3,03/06/2025 13:30:32,-5.194,9.388,,15.7,901781.0,597637.0,987689.68,260.51,1576.95,2045.21,483.94,5616.28,266.62,156.48,94.36,490.76,36.58,27.53,37.82,980.92,57.88,71.76,25.32,48.23,44.22,64.12,27.67,57.72,11.09,2310.35,208.41,3.62,0.46,114.22,20.58,8.40,2.08,0.10,0.15,18.15,2.46,9.50,3.31,0.87,3.84,7.54,19.34,14.67,6.17,3.38,4.18,23208.43,432.00,2615.01,3864.36,914.38,12015.11,570.39,358.56,216.20,1225.37,91.33,33.17,45.55,1372.51,80.98,119.73,42.25,86.09,78.94,93.71,40.44,82.94,15.94,3303.21,297.97,4.60,0.59,142.98,25.77,10.45,2.58,0.13,0.19,21.46,2.91,12.83,4.47,1.16,5.12,8.41,21.59,15.81,6.64,3.84,4.75
69.40,69.4,03/06/2025 13:31:14,-4.773,3.175,,15.7,914090.0,604737.0,985326.11,539.38,1523.11,2315.20,517.93,7012.83,313.96,69.45,50.31,369.38,37.56,277.21,94.01,994.19,58.68,99.04,30.07,92.64,45.30,79.20,30.75,83.67,15.52,2566.37,232.82,3.62,0.47,101.35,16.32,8.89,2.16,0.01,0.15,17.22,2.42,9.72,3.40,1.22,3.99,6.39,19.59,20.54,6.56,6.37,4.32,27528.17,894.44,2525.73,4374.47,978.61,15002.80,671.67,159.14,115.28,922.31,93.78,333.93,113.24,1391.08,82.11,165.25,50.18,165.38,80.87,115.75,44.94,120.22,22.30,3669.25,332.88,4.61,0.59,126.87,20.43,11.07,2.69,0.02,0.20,20.36,2.87,13.13,4.59,1.63,5.32,7.13,21.88,22.13,7.07,7.23,4.91
69.50,69.5,03/06/2025 13:31:45,-6.823,8.065,1181348.292,15.6,913834.0,615181.0,988260.93,229.67,1566.21,1873.62,461.53,5307.57,255.88,15.26,14.58,463.09,36.79,94.68,68.68,900.16,57.12,56.72,22.47,76.96,44.82,46.23,25.02,31.60,6.59,2470.39,224.02,3.41,0.46,115.66,21.06,8.26,2.13,0.00,0.00,12.95,2.13,6.36,3.31,1.36,3.95,3.82,19.46,17.36,6.45,3.94,4.18,21930.05,380.86,2597.22,3540.14,872.04,11354.66,547.41,34.96,33.40,1156.29,91.87,114.05,82.73,1259.50,79.92,94.63,37.49,137.40,80.00,67.57,36.56,45.41,9.47,3532.02,320.29,4.34,0.58,144.79,26.36,10.28,2.66,0.00,0.00,15.32,2.52,8.59,4.47,1.81,5.27,4.26,21.73,18.70,6.95,4.46,4.75
69.60,69.6,03/06/2025 13:32:17,-7.218,7.672,,15.6,916472.0,619053.0,987986.27,333.65,1566.82,1892.79,462.55,5346.23,257.19,187.46,110.80,457.30,36.96,110.98,72.12,830.47,56.57,46.19,19.85,54.81,44.77,62.35,27.56,54.52,10.70,2478.29,224.71,3.53,0.46,97.25,15.42,6.23,2.05,0.00,0.15,10.65,1.98,8.93,3.34,1.25,4.00,8.56,19.54,18.53,6.55,3.75,4.19,22515.88,553.28,2598.22,3576.35,873.98,11437.38,550.22,429.55,253.88,1141.83,92.28,133.68,86.87,1161.99,79.15,77.07,33.11,97.85,79.92,91.13,40.29,78.33,15.37,3543.33,321.27,4.49,0.58,121.74,19.30,7.76,2.56,0.01,0.20,12.59,2.34,12.06,4.51,1.67,5.34,9.56,21.81,19.97,7.06,4.25,4.76
69.70,69.7,03/06/2025 13:32:48,-3.992,3.172,,15.6,921063.0,623404.0,989677.91,89.11,1648.91,1732.68,448.50,4304.71,222.82,96.11,63.96,427.21,36.82,136.46,77.25,721.13,55.31,51.62,21.40,90.05,44.90,75.69,29.89,108.16,19.72,2362.55,213.85,3.61,0.46,75.16,9.81,9.39,2.19,0.00,0.00,10.00,1.91,8.20,3.27,1.57,3.99,2.12,19.40,13.55,6.24,2.99,4.08,19137.65,147.78,2734.35,3273.84,847.42,9209.22,476.68,220.23,146.56,1066.71,91.93,164.38,93.06,1009.02,77.39,86.13,35.70,160.75,80.16,110.62,43.69,155.41,28.34,3377.85,305.75,4.59,0.58,94.08,12.28,11.69,2.72,0.00,0.00,11.83,2.26,11.07,4.42,2.09,5.33,2.37,21.66,14.60,6.72,3.39,4.63
69.80,69.8,03/06/2025 13:33:20,-5.012,7.938,,15.5,932242.0,624951.0,988780.58,246.58,1687.50,1665.23,444.66,4752.70,238.40,127.63,79.81,433.14,37.38,69.54,61.95,870.56,57.44,74.55,26.26,82.73,44.99,65.99,28.17,86.38,16.16,2591.42,235.75,3.80,0.47,90.31,13.50,8.32,2.13,0.10,0.15,11.19,2.04,5.34,3.35,1.45,3.99,10.93,19.50,17.75,6.25,3.77,4.22,20782.79,408.90,2798.33,3146.39,840.17,10167.62,510.02,292.44,182.87,1081.51,93.34,83.77,74.62,1218.09,80.37,124.39,43.81,147.69,80.32,96.45,41.17,124.12,23.21,3705.06,337.06,4.84,0.60,113.05,16.89,10.35,2.65,0.14,0.19,13.24,2.41,7.22,4.52,1.93,5.33,12.20,21.77,19.12,6.74,4.28,4.78
69.90,69.9,03/06/2025 13:34:02,-4.074,8.593,,15.6,918594.0,616664.0,988353.77,323.51,1624.33,1565.93,427.60,5417.01,260.48,84.74,57.92,442.69,37.11,56.10,55.78,808.42,56.17,57.57,22.71,82.09,44.87,63.07,27.62,84.85,15.76,2482.12,225.11,3.33,0.45,110.39,19.36,7.90,2.12,0.08,0.15,15.83,2.29,10.87,3.33,1.96,3.97,10.89,19.45,12.98,6.27,3.92,4.12,21806.71,536.47,2693.58,2958.76,807.93,11588.79,557.26,194.16,132.71,1105.36,92.66,67.57,67.19,1131.15,78.59,96.05,37.89,146.55,80.09,92.18,40.37,121.91,22.65,3548.79,321.85,4.24,0.57,138.18,24.24,9.83,2.64,0.10,0.20,18.72,2.71,14.68,4.50,2.61,5.29,12.16,21.72,13.98,6.75,4.44,4.67
70.00,70.0,03/06/2025 13:34:34,-5.743,14.024,1181342.732,15.6,919172.0,616084.0,988836.45,253.53,1595.18,1797.22,456.73,4770.81,239.55,106.67,69.57,420.64,37.39,131.19,76.33,863.43,56.69,62.42,23.62,96.68,44.91,53.33,26.02,48.70,9.74,2423.59,219.60,3.37,0.45,67.95,8.16,7.52,2.08,0.07,0.15,16.45,2.35,9.33,3.33,2.92,3.96,9.08,19.38,14.08,6.32,4.57,4.22,20738.45,420.43,2645.25,3395.78,862.98,10206.37,512.47,244.43,159.41,1050.29,93.37,158.03,91.94,1208.12,79.32,104.14,39.41,172.59,80.17,77.95,38.02,69.98,13.99,3465.11,313.97,4.29,0.58,85.06,10.21,9.35,2.59,0.10,0.20,19.45,2.78,12.60,4.50,3.90,5.28,10.14,21.64,15.16,6.81,5.18,4.79
70.10,70.1,03/06/2025 13:35:06,-5.265,13.094,,15.7,905000.0,603962.0,987761.42,354.68,1591.31,1977.91,475.86,5516.73,263.84,33.55,28.60,478.51,36.49,189.77,84.47,980.17,57.92,48.12,20.13,87.72,44.72,56.60,26.52,2.26,0.52,2395.43,216.62,3.05,0.44,57.79,6.10,8.37,2.15,0.23,0.14,15.23,2.26,3.88,3.23,2.08,3.89,7.76,19.35,13.77,5.77,4.98,4.08,22889.00,588.16,2638.83,3737.19,899.12,11802.12,564.43,76.88,65.53,1194.78,91.12,228.60,101.75,1371.46,81.04,80.29,33.58,156.59,79.84,82.72,38.76,3.25,0.75,3424.85,309.71,3.88,0.56,72.33,7.63,10.42,2.68,0.30,0.18,18.01,2.68,5.25,4.37,2.77,5.19,8.67,21.61,14.84,6.21,5.65,4.62
70.20,70.2,03/06/2025 13:35:37,-5.961,11.115,,15.8,882918.0,594087.0,989389.06,598.93,1505.01,1936.39,460.75,4334.79,220.23,115.75,71.78,375.44,35.93,41.35,46.51,795.10,54.89,20.00,14.14,67.64,43.12,63.75,27.13,25.79,5.33,2116.77,190.04,3.59,0.44,48.04,4.48,7.12,1.98,0.00,0.00,12.75,2.03,6.72,3.13,2.37,3.76,17.88,18.73,18.06,6.20,2.71,3.92,19744.63,993.19,2495.71,3658.74,870.57,9273.56,471.15,265.22,164.48,937.43,89.71,49.82,56.03,1112.51,76.80,33.37,23.59,120.75,76.97,93.17,39.65,37.06,7.65,3026.44,271.71,4.57,0.56,60.14,5.61,8.86,2.47,0.00,0.00,15.08,2.40,9.08,4.23,3.15,5.01,19.96,20.91,19.46,6.68,3.07,4.45
70.30,70.3,03/06/2025 13:36:09,-5.464,16.406,,15.7,899857.0,601593.0,988146.16,403.55,1535.88,1905.06,458.96,5470.08,259.63,128.64,78.82,441.30,36.39,152.96,78.55,742.50,55.27,61.09,23.16,99.21,44.66,57.30,26.53,24.09,5.09,2274.76,205.15,3.38,0.44,39.17,3.14,6.63,2.00,0.04,0.14,13.27,2.07,5.86,3.22,0.96,3.85,2.80,19.25,16.62,6.14,4.55,4.00,22353.36,669.20,2546.91,3599.55,867.18,11702.34,555.44,294.77,180.61,1101.88,90.87,184.26,94.63,1038.91,77.33,101.93,38.65,177.12,79.72,83.75,38.77,34.61,7.31,3252.32,293.31,4.31,0.56,49.03,3.94,8.26,2.49,0.05,0.19,15.69,2.45,7.91,4.35,1.29,5.13,3.12,21.49,17.90,6.62,5.16,4.54
70.40,70.4,03/06/2025 13:36:51,-5.433,16.997,,15.8,894983.0,594595.0,988123.89,251.05,1559.58,1590.04,427.21,5874.29,274.20,58.15,42.77,358.87,36.72,197.18,84.21,857.87,56.21,49.73,20.29,83.66,44.07,54.68,25.96,55.50,10.69,2342.47,211.49,3.38,0.44,37.99,2.98,7.80,2.05,0.00,0.00,15.57,2.24,6.13,3.18,1.25,3.85,8.74,19.09,16.24,6.24,5.53,4.07,22319.44,416.31,2586.22,3004.33,807.19,12567.07,586.62,133.25,98.00,896.07,91.69,237.53,101.44,1200.33,78.65,82.98,33.85,149.35,78.67,79.91,37.94,79.74,15.35,3349.13,302.37,4.30,0.57,47.56,3.73,9.70,2.55,0.00,0.00,18.42,2.64,8.27,4.29,1.66,5.13,9.76,21.31,17.50,6.72,6.27,4.62
70.50,70.5,03/06/2025 13:37:23,-5.475,12.832,1181343.858,15.7,900922.0,597029.0,986865.22,717.36,1501.41,2104.50,483.59,5761.29,270.58,126.66,78.76,507.91,36.59,76.85,62.76,846.55,56.36,131.75,33.76,56.35,44.26,53.45,25.98,88.82,16.32,2533.68,229.78,3.48,0.45,56.01,5.73,7.25,2.05,0.06,0.14,17.20,2.35,13.84,3.34,1.03,3.84,11.91,19.38,14.42,6.09,4.43,4.05,24633.34,1189.57,2489.75,3976.38,913.73,12325.32,578.87,290.23,180.47,1268.20,91.37,92.57,75.60,1184.50,78.86,219.83,56.33,100.59,79.02,78.13,37.98,127.62,23.45,3622.51,328.52,4.42,0.57,70.12,7.17,9.02,2.55,0.08,0.19,20.34,2.78,18.69,4.51,1.37,5.12,13.30,21.63,15.53,6.56,5.02,4.60
70.60,70.6,03/06/2025 13:37:54,-5.194,9.455,,15.6,924651.0,612440.0,988396.02,221.49,1603.87,1970.85,476.00,4740.55,237.38,85.57,58.77,355.06,37.85,103.19,71.20,867.43,57.26,107.15,31.26,123.06,45.52,47.50,25.21,116.99,21.23,2761.18,251.99,3.75,0.46,42.13,3.52,7.48,2.08,0.05,0.15,16.27,2.34,6.60,3.32,2.56,3.95,3.78,19.51,16.03,6.25,5.29,4.13,21363.14,367.29,2659.65,3723.85,899.39,10141.63,507.83,196.07,134.67,886.55,94.50,124.31,85.77,1213.72,80.11,178.79,52.16,219.69,81.27,69.42,36.85,168.10,30.50,3947.78,360.29,4.78,0.59,52.74,4.40,9.31,2.59,0.07,0.19,19.24,2.77,8.91,4.49,3.41,5.27,4.22,21.78,17.27,6.73,6.00,4.69
70.70,70.7,03/06/2025 13:38:26,-5.578,10.848,,15.6,924151.0,612432.0,986379.98,431.05,1523.82,2726.78,570.90,5764.19,271.66,0.00,0.00,455.44,37.47,109.34,71.93,907.09,57.73,53.55,21.84,123.28,45.79,67.25,28.45,65.49,12.61,2809.29,256.47,3.36,0.45,40.30,3.24,7.34,2.08,0.05,0.15,14.75,2.28,10.17,3.37,1.76,4.06,7.89,19.56,17.31,6.47,4.34,4.16,25384.81,714.79,2526.92,5152.14,1078.69,12331.54,581.17,0.00,0.00,1137.20,93.56,131.72,86.65,1269.21,80.78,89.35,36.45,220.08,81.75,98.30,41.58,94.10,18.12,4016.56,366.69,4.28,0.58,50.45,4.06,9.14,2.58,0.06,0.20,17.45,2.70,13.74,4.56,2.34,5.41,8.81,21.83,18.64,6.97,4.92,4.72
70.80,70.8,03/06/2025 13:38:58,-6.569,10.846,,15.6,931299.0,613305.0,986650.69,497.80,1634.82,2036.63,491.76,5739.68,273.05,101.21,67.50,506.43,37.76,72.16,63.27,980.18,58.93,102.05,30.95,102.51,45.99,61.67,27.77,50.62,10.14,2979.23,272.93,3.57,0.46,44.69,3.85,8.72,2.15,0.00,0.00,20.61,2.62,8.61,3.40,1.04,4.02,3.82,19.85,20.09,6.53,7.96,4.28,24826.91,825.50,2710.98,3848.14,929.16,12279.10,584.15,231.92,154.67,1264.51,94.28,86.93,76.22,1371.48,82.46,170.27,51.64,183.00,82.11,90.13,40.58,72.74,14.57,4259.53,390.22,4.55,0.59,55.94,4.82,10.85,2.67,0.00,0.00,24.37,3.09,11.63,4.59,1.39,5.37,4.27,22.16,21.64,7.03,9.03,4.85
70.90,70.9,03/06/2025 13:39:40,-6.352,12.369,,15.6,929271.0,608441.0,986945.46,408.90,1645.26,1974.44,480.19,5396.81,260.79,177.36,106.30,477.03,37.71,169.54,83.26,989.85,59.06,62.43,23.88,59.57,45.31,38.07,24.27,119.72,21.79,3038.38,278.67,3.24,0.46,61.11,6.61,8.46,2.17,0.19,0.15,20.41,2.59,10.45,3.39,2.35,3.92,15.99,19.78,14.99,6.14,5.24,4.26,24096.04,678.07,2728.29,3730.64,907.30,11545.58,557.92,406.40,243.57,1191.10,94.16,204.23,100.30,1385.00,82.63,104.17,39.85,106.35,80.88,55.65,35.48,172.02,31.31,4344.10,398.43,4.13,0.58,76.50,8.27,10.53,2.70,0.25,0.19,24.14,3.07,14.12,4.58,3.14,5.22,17.85,22.09,16.14,6.62,5.94,4.83
71.00,71.0,03/06/2025 13:40:11,-8.032,14.282,1181343.663,15.7,915234.0,601842.0,988193.20,715.78,1583.16,1823.48,456.51,4414.97,226.73,144.93,88.74,454.98,36.89,153.39,79.45,927.64,57.63,25.43,14.72,75.09,44.85,71.10,29.08,40.08,8.15,2794.33,255.09,3.58,0.47,81.02,11.05,8.93,2.15,0.00,0.00,23.43,2.70,8.24,3.32,2.93,3.88,14.86,19.46,18.56,6.46,4.06,4.09,21562.50,1186.97,2625.31,3445.40,862.56,9445.10,485.04,332.09,203.35,1136.05,92.11,184.78,95.71,1297.96,80.64,42.42,24.56,134.05,80.06,103.91,42.50,57.59,11.71,3995.18,364.72,4.55,0.59,101.42,13.83,11.11,2.68,0.00,0.00,27.71,3.19,11.13,4.49,3.90,5.18,16.59,21.72,19.99,6.96,4.60,4.64
71.10,71.1,03/06/2025 13:40:42,-6.336,10.973,,15.7,906421.0,595528.0,987719.71,362.24,1593.61,1672.60,437.85,5619.72,266.81,61.12,45.18,482.24,36.64,140.93,77.64,891.63,56.87,26.46,14.64,54.78,44.55,47.33,25.10,54.61,10.67,2735.69,249.32,3.35,0.45,53.37,5.27,7.19,2.07,0.00,0.00,18.47,2.43,9.63,3.30,1.99,3.87,10.71,19.42,21.19,6.56,5.03,4.14,22903.91,600.69,2642.64,3160.31,827.30,12022.46,570.80,140.06,103.52,1204.10,91.48,169.76,93.53,1247.58,79.57,44.15,24.42,97.79,79.54,69.18,36.68,78.47,15.33,3911.34,356.46,4.26,0.57,66.81,6.59,8.95,2.58,0.00,0.00,21.84,2.87,13.01,4.46,2.66,5.16,11.96,21.69,22.82,7.06,5.70,4.69
71.20,71.2,03/06/2025 13:41:14,-6.172,15.013,,15.8,900084.0,588331.0,986137.49,347.93,1564.37,2044.41,482.90,6493.97,295.36,70.17,50.19,352.71,37.05,287.92,92.97,1100.14,58.59,39.32,17.57,118.66,45.07,58.12,26.70,65.23,12.33,2727.33,248.16,3.76,0.47,60.24,6.44,8.31,2.11,0.00,0.00,26.77,2.88,13.39,3.35,0.70,3.86,20.49,19.31,16.66,6.29,6.31,4.24,25804.84,576.97,2594.16,3862.84,912.42,13892.77,631.87,160.78,115.01,880.67,92.51,346.83,111.99,1539.32,81.97,65.61,29.31,211.83,80.47,84.94,39.03,93.73,17.72,3899.39,354.80,4.79,0.59,75.40,8.06,10.34,2.62,0.00,0.00,31.66,3.41,18.08,4.53,0.93,5.15,22.88,21.55,17.95,6.78,7.16,4.80
71.30,71.3,03/06/2025 13:41:46,-6.094,17.391,,15.8,907859.0,588475.0,984727.72,182.77,1601.18,2256.22,515.37,7550.40,331.67,94.33,63.02,505.39,36.95,242.81,90.65,1001.65,58.97,102.80,30.44,108.10,45.54,74.42,29.84,65.08,12.41,2948.00,269.42,3.65,0.46,50.87,4.75,9.40,2.16,0.00,0.00,26.41,2.89,11.72,3.39,3.13,3.93,9.50,19.60,20.90,6.64,4.72,4.17,28842.43,303.08,2655.20,4263.04,973.77,16152.83,709.56,216.14,144.41,1261.92,92.26,292.50,109.20,1401.52,82.51,171.52,50.79,192.98,81.29,108.76,43.61,93.52,17.83,4214.89,385.20,4.65,0.59,63.67,5.94,11.70,2.69,0.00,0.00,31.23,3.42,15.83,4.58,4.18,5.24,10.61,21.88,22.51,7.15,5.36,4.74
71.40,71.4,03/06/2025 13:42:29,-6.302,15.738,,15.7,910001.0,594657.0,985608.89,403.96,1582.68,2103.95,491.09,6680.76,302.35,157.84,95.15,420.20,37.17,212.90,86.61,1051.97,58.83,142.29,35.26,104.62,45.35,64.79,28.05,87.26,16.12,2828.97,258.06,3.27,0.45,62.45,6.84,7.33,2.10,0.00,0.00,21.83,2.66,9.01,3.38,2.17,3.92,1.10,19.57,17.81,6.54,6.63,4.28,26926.07,669.88,2624.53,3975.34,927.90,14292.38,646.83,361.66,218.03,1049.20,92.82,256.46,104.33,1471.92,82.31,237.40,58.83,186.77,80.96,94.69,41.00,125.38,23.16,4044.71,368.96,4.16,0.58,78.18,8.56,9.12,2.61,0.00,0.00,25.82,3.14,12.17,4.57,2.90,5.23,1.23,21.85,19.19,7.04,7.52,4.85
71.50,71.5,03/06/2025 13:43:00,-6.863,25.723,1181339.892,15.8,911716.0,589779.0,988079.64,327.12,1604.55,1568.86,427.39,5607.17,266.75,14.51,52.84,388.00,36.99,86.73,66.72,844.78,56.55,67.85,24.58,98.37,44.77,51.74,25.68,60.61,11.71,2666.37,242.71,3.36,0.44,56.80,5.88,6.58,2.04,0.19,0.14,28.21,2.91,12.15,3.26,1.30,3.80,11.59,19.31,13.11,5.93,4.95,4.07,22222.68,542.46,2660.78,2964.30,807.53,11995.62,570.67,33.26,121.08,968.80,92.36,104.48,80.37,1182.02,79.13,113.21,41.02,175.61,79.93,75.62,37.53,87.09,16.82,3812.23,347.01,4.28,0.56,71.10,7.37,8.19,2.54,0.25,0.19,33.36,3.44,16.41,4.40,1.73,5.06,12.94,21.56,14.12,6.39,5.62,4.61
71.60,71.6,03/06/2025 13:43:31,-6.309,19.312,,15.8,904887.0,589687.0,987913.03,341.27,1606.18,1684.15,441.01,5148.33,251.14,37.33,53.04,430.79,36.28,190.39,83.36,1092.98,58.60,98.71,29.60,89.72,44.50,70.05,28.71,55.49,10.74,2701.94,245.96,3.20,0.43,66.26,7.68,7.53,2.03,0.00,0.00,23.51,2.70,11.68,3.31,0.62,3.78,9.86,19.26,18.03,6.42,5.13,4.08,22229.00,565.92,2663.49,3182.14,833.27,11014.01,537.27,85.54,121.54,1075.64,90.58,229.35,100.42,1529.30,82.00,164.69,49.39,160.17,79.43,102.39,41.97,79.73,15.43,3863.08,351.66,4.07,0.55,82.94,9.62,9.37,2.53,0.00,0.00,27.80,3.20,15.78,4.47,0.82,5.04,11.01,21.50,19.42,6.92,5.81,4.63
71.70,71.7,03/06/2025 13:44:03,-7.851,24.670,,15.9,873681.0,570509.0,987576.56,353.31,1517.62,1862.61,453.69,5922.29,275.27,0.02,0.03,399.16,35.51,131.50,74.32,967.67,56.70,96.52,28.74,105.96,43.82,65.04,27.46,145.09,25.25,2266.87,203.90,3.32,0.44,27.24,1.75,7.70,2.04,0.00,0.00,22.78,2.64,11.34,3.20,2.80,3.64,8.19,18.85,18.81,6.15,5.21,3.97,23308.08,585.88,2516.64,3519.33,857.23,12669.77,588.90,0.06,0.06,996.66,88.67,158.41,89.52,1353.97,79.34,161.05,47.96,189.15,78.22,95.06,40.14,208.48,36.28,3241.05,291.53,4.22,0.56,34.10,2.19,9.58,2.53,0.00,0.00,26.94,3.12,15.32,4.32,3.74,4.85,9.14,21.05,20.26,6.63,5.91,4.50
71.80,71.8,03/06/2025 13:44:35,-8.591,25.259,,15.9,876261.0,571068.0,986692.42,843.24,1462.67,2124.99,483.02,5942.83,275.49,8.00,7.89,338.97,35.94,290.35,92.33,971.36,56.70,153.92,35.30,60.51,43.32,47.26,24.65,25.69,5.26,2367.58,213.48,3.36,0.44,59.38,6.35,7.84,2.03,0.00,0.00,23.93,2.70,11.50,3.21,1.11,3.66,4.77,18.97,16.11,6.21,4.90,4.10,24718.46,1398.33,2425.51,4015.08,912.64,12713.71,589.36,18.33,18.09,846.38,89.73,349.76,111.22,1359.13,79.33,256.81,58.90,108.02,77.34,69.07,36.03,36.91,7.56,3385.03,305.22,4.27,0.56,74.33,7.95,9.75,2.53,0.00,0.00,28.30,3.19,15.53,4.33,1.48,4.87,5.33,21.18,17.35,6.69,5.56,4.65
71.90,71.9,03/06/2025 13:45:16,-7.754,22.548,,15.9,879921.0,574857.0,988484.20,509.26,1521.44,1688.52,431.45,5240.16,252.02,32.51,27.05,316.57,36.06,211.40,84.34,893.28,55.67,81.91,26.49,81.89,43.39,61.71,26.83,18.88,3.97,2229.78,200.58,3.59,0.45,64.74,7.48,9.67,2.03,0.05,0.14,23.91,2.67,14.57,3.19,0.11,3.66,10.92,18.81,17.07,6.12,5.31,3.96,21385.42,844.50,2522.97,3190.39,815.22,11210.46,539.16,74.49,61.99,790.45,90.05,254.65,101.60,1249.88,77.90,136.67,44.20,146.19,77.46,90.19,39.21,27.12,5.71,3188.02,286.78,4.57,0.57,81.04,9.37,12.03,2.53,0.06,0.19,28.28,3.15,19.68,4.31,0.14,4.88,12.19,21.00,18.38,6.59,6.02,4.49
72.00,72.0,03/06/2025 13:45:48,-6.133,14.943,1181339.299,15.9,872401.0,572702.0,987507.07,256.57,1500.65,1903.79,459.04,5792.75,270.69,52.49,39.16,371.53,35.57,301.57,92.49,1007.51,56.96,111.51,30.77,108.15,43.74,71.18,28.50,84.72,15.23,2289.76,206.03,3.43,0.44,75.99,9.87,8.44,2.03,0.04,0.14,20.98,2.53,9.87,3.22,0.01,3.71,1.24,18.78,16.84,6.18,4.57,4.06,23287.72,425.46,2488.50,3597.15,867.35,12392.63,579.10,120.27,89.73,927.68,88.83,363.28,111.41,1409.71,79.70,186.06,51.33,193.07,78.08,104.03,41.66,121.73,21.88,3273.77,294.57,4.36,0.56,95.12,12.35,10.50,2.53,0.06,0.19,24.81,2.99,13.34,4.35,0.02,4.95,1.39,20.97,18.14,6.65,5.18,4.60
72.10,72.1,03/06/2025 13:46:20,-6.934,20.170,,15.9,880942.0,579759.0,990499.26,601.76,1516.17,1329.81,386.26,3912.34,206.00,36.90,29.92,365.94,35.61,88.39,64.89,689.52,53.57,60.44,22.46,96.32,43.14,47.77,24.39,58.57,11.10,2086.98,187.25,3.31,0.43,47.40,4.40,7.55,2.01,0.00,0.00,21.43,2.52,10.98,3.10,0.78,3.63,12.71,18.60,15.61,5.96,6.23,3.87,17512.68,997.88,2514.23,2512.63,729.82,8369.80,440.69,84.54,68.55,913.71,88.90,106.47,78.17,964.78,74.96,100.85,37.47,171.96,77.02,69.82,35.64,84.16,15.95,2983.85,267.73,4.21,0.55,59.34,5.51,9.40,2.51,0.00,0.00,25.35,2.98,14.83,4.19,1.04,4.84,14.19,20.77,16.81,6.42,7.07,4.39
72.20,72.2,03/06/2025 13:46:51,-7.826,15.536,,15.8,886806.0,580941.0,989495.21,455.04,1520.75,1749.30,436.30,4433.75,224.48,183.14,107.18,435.40,35.79,67.37,58.79,780.18,54.66,51.31,20.66,65.71,43.42,61.51,26.93,77.39,20.69,2025.82,181.53,3.04,0.42,53.05,5.33,6.74,1.96,0.00,0.00,19.91,2.46,9.29,3.14,1.78,3.67,0.08,18.90,21.31,6.32,3.66,3.96,19669.42,754.59,2521.83,3305.24,824.38,9485.27,480.25,419.63,245.58,1087.14,89.37,81.15,70.81,1091.63,76.48,85.61,34.48,117.31,77.52,89.90,39.36,111.20,29.72,2896.41,259.54,3.87,0.53,66.41,6.67,8.39,2.44,0.00,0.00,23.54,2.91,12.55,4.25,2.38,4.89,0.08,21.10,22.96,6.81,4.16,4.50
72.30,72.3,03/06/2025 13:47:23,-5.945,13.359,,15.8,889207.0,583390.0,987707.76,329.33,1533.46,1752.94,441.11,6169.82,283.83,35.62,29.30,357.95,36.36,168.73,80.54,927.72,56.56,71.43,24.96,85.09,44.14,64.85,27.66,36.97,7.42,2126.34,190.83,3.68,0.45,91.75,13.94,9.31,2.05,0.00,0.00,18.22,2.41,9.71,3.22,1.51,3.76,8.97,19.11,16.84,6.25,5.45,4.07,23195.51,546.12,2542.90,3312.12,833.46,13199.32,607.21,81.62,67.13,893.77,90.78,203.26,97.01,1298.08,79.15,119.18,41.65,151.90,78.80,94.78,40.43,53.12,10.66,3040.12,272.84,4.69,0.57,114.85,17.45,11.59,2.56,0.00,0.00,21.54,2.85,13.12,4.35,2.01,5.01,10.02,21.34,18.14,6.74,6.19,4.62
72.40,72.4,03/06/2025 13:48:05,-6.187,17.256,,15.8,893707.0,587636.0,988961.24,359.80,1589.85,1631.43,428.94,4734.53,235.76,51.35,38.92,411.90,36.07,91.70,66.92,861.68,55.76,86.20,27.47,97.44,44.01,51.66,25.36,18.18,3.89,2445.98,221.44,3.37,0.45,119.11,22.26,9.52,2.14,0.00,0.00,22.17,2.64,8.76,3.21,0.90,3.73,7.74,19.00,21.00,6.53,4.34,4.17,20427.38,596.64,2636.41,3082.52,810.47,10128.74,504.37,117.66,89.19,1028.48,90.05,110.46,80.61,1205.66,78.02,143.83,45.84,173.96,78.57,75.50,37.06,26.12,5.59,3497.12,316.60,4.29,0.57,149.10,27.86,11.85,2.66,0.00,0.00,26.22,3.12,11.84,4.33,1.20,4.98,8.64,21.21,22.63,7.04,4.92,4.73
72.50,72.5,03/06/2025 13:48:36,-6.612,10.584,1181340.950,15.7,908787.0,603396.0,988045.82,326.93,1607.96,1888.36,465.25,5202.85,253.71,93.25,62.75,443.28,37.00,151.11,79.80,926.50,57.40,42.00,18.35,109.43,44.73,66.86,28.14,61.17,11.74,2474.21,224.21,3.72,0.45,80.25,10.90,8.45,2.14,0.00,0.00,22.33,2.66,10.35,3.32,1.58,3.88,17.86,19.22,18.45,6.46,5.22,4.11,22232.16,542.15,2666.44,3567.99,879.07,11130.64,542.78,213.67,143.77,1106.83,92.39,182.03,96.13,1296.37,80.31,70.08,30.61,195.35,79.86,97.72,41.13,87.90,16.87,3537.49,320.57,4.73,0.58,100.45,13.65,10.52,2.66,0.00,0.00,26.40,3.15,13.98,4.49,2.11,5.18,19.94,21.46,19.87,6.96,5.92,4.67
72.60,72.6,03/06/2025 13:49:08,-6.323,11.176,,15.7,909385.0,607871.0,989135.06,417.89,1542.00,1862.91,455.86,4262.45,220.65,38.86,53.20,405.90,36.63,196.43,84.33,876.65,56.51,41.00,18.25,88.59,44.53,64.75,27.74,32.63,6.72,2423.56,219.48,3.68,0.46,75.64,9.88,6.96,2.08,0.00,0.00,17.92,2.45,10.41,3.32,2.55,3.89,15.14,19.25,18.04,6.36,2.99,4.09,19916.99,692.97,2557.07,3519.89,861.32,9118.80,472.03,89.05,121.90,1013.48,91.46,236.62,101.58,1226.61,79.07,68.40,30.44,158.16,79.49,94.64,40.54,46.89,9.65,3465.07,313.79,4.68,0.58,94.68,12.37,8.67,2.59,0.00,0.00,21.20,2.90,14.06,4.48,3.40,5.19,16.91,21.49,19.43,6.85,3.39,4.64
72.70,72.7,03/06/2025 13:49:40,-6.937,10.317,,15.6,919862.0,614320.0,988386.92,383.39,1593.03,1739.37,447.22,4954.98,245.01,135.78,84.17,316.22,37.63,109.36,72.23,904.37,57.62,79.96,27.09,58.66,44.59,58.41,26.87,95.93,17.63,2627.27,239.02,3.51,0.46,79.52,10.72,8.11,2.09,0.08,0.15,17.94,2.43,7.26,3.32,1.88,3.96,10.01,19.48,15.38,6.31,5.68,4.25,21420.03,635.76,2641.68,3286.48,845.01,10600.36,524.16,311.12,192.86,789.57,93.95,131.74,87.01,1265.40,80.62,133.41,45.19,104.72,79.61,85.37,39.27,137.84,25.33,3756.32,341.74,4.47,0.58,99.54,13.42,10.09,2.60,0.11,0.20,21.21,2.88,9.81,4.48,2.50,5.28,11.18,21.75,16.57,6.80,6.45,4.82
72.80,72.8,03/06/2025 13:50:11,-7.321,14.220,,15.7,910785.0,612541.0,988407.29,99.73,1658.00,1513.23,422.94,5425.16,260.58,41.39,33.59,464.41,36.62,125.45,75.22,990.34,57.99,87.80,28.13,90.14,44.59,84.91,31.61,58.03,11.22,2492.03,225.93,3.48,0.45,51.78,5.03,6.84,2.10,0.00,0.00,16.81,2.36,5.21,3.30,3.20,3.97,9.06,19.29,19.02,6.35,4.69,4.17,21644.77,165.39,2749.43,2859.18,799.13,11606.22,557.47,94.85,76.97,1159.60,91.44,151.12,90.61,1385.70,81.14,146.50,46.94,160.91,79.61,124.10,46.20,83.38,16.12,3562.96,323.02,4.43,0.57,64.82,6.29,8.51,2.62,0.00,0.00,19.88,2.79,7.04,4.46,4.26,5.29,10.12,21.54,20.49,6.84,5.32,4.73
72.90,72.9,03/06/2025 13:50:53,-6.957,10.712,,15.6,918634.0,624333.0,988481.44,570.17,1628.96,2193.61,506.11,4720.40,236.94,41.24,33.76,410.55,37.10,114.77,72.57,813.00,56.17,25.26,14.71,89.12,45.00,55.27,26.35,93.91,17.36,2286.51,206.54,3.75,0.47,43.37,3.74,5.41,2.01,0.00,0.00,9.83,1.88,4.75,3.29,1.26,4.01,14.41,19.45,18.53,6.42,3.43,4.08,21395.72,945.51,2701.26,4144.74,956.27,10098.53,506.90,94.49,77.36,1025.10,92.63,138.25,87.42,1137.56,78.60,42.14,24.54,159.09,80.34,80.79,38.51,134.94,24.95,3269.12,295.30,4.77,0.59,54.29,4.68,6.73,2.50,0.00,0.00,11.63,2.23,6.41,4.44,1.68,5.34,16.09,21.72,19.97,6.91,3.90,4.62
73.00,73.0,03/06/2025 13:51:24,-5.929,13.694,1181338.502,15.5,927846.0,633320.0,989434.13,377.64,1609.51,1770.97,453.68,4341.43,225.23,106.81,69.90,524.71,37.06,99.66,71.08,732.63,55.92,23.54,14.70,94.61,45.14,57.48,26.80,101.19,18.71,2194.04,197.92,4.00,0.48,34.21,2.54,6.78,2.08,0.12,0.14,9.49,1.86,6.23,3.34,3.06,4.02,59.73,40.52,13.85,6.04,3.69,4.07,19700.75,626.23,2669.02,3346.17,857.22,9287.77,481.84,244.74,160.18,1310.15,92.53,120.06,85.62,1025.10,78.24,39.28,24.52,168.90,80.58,84.01,39.17,145.39,26.88,3136.91,282.98,5.08,0.61,42.83,3.18,8.44,2.58,0.16,0.19,11.22,2.20,8.42,4.52,4.08,5.36,66.69,45.24,14.92,6.50,4.18,4.62
73.10,73.1,03/06/2025 13:51:56,-6.066,13.426,,15.4,947265.0,638257.0,988526.85,282.53,1670.24,2031.87,491.17,4445.86,229.44,94.66,64.12,584.25,37.75,142.77,80.88,932.29,58.86,83.82,28.51,65.50,45.88,68.71,29.05,93.08,17.49,2546.27,231.60,3.91,0.48,40.46,3.31,6.12,2.06,0.00,0.00,12.89,2.13,5.86,3.40,2.40,4.16,8.03,20.00,18.50,6.56,3.36,4.10,21224.79,468.52,2769.71,3839.15,928.05,9511.18,490.84,216.90,146.93,1458.82,94.26,171.98,97.43,1304.46,82.36,139.85,47.57,116.93,81.90,100.42,42.46,133.75,25.13,3640.51,331.13,4.98,0.62,50.64,4.15,7.62,2.56,0.00,0.00,15.24,2.51,7.92,4.60,3.20,5.55,8.97,22.33,19.93,7.07,3.82,4.65
73.20,73.2,03/06/2025 13:52:28,-6.660,16.735,,15.4,950377.0,637390.0,987323.73,235.17,1672.00,1664.12,446.19,5573.05,268.33,184.57,111.63,658.51,38.37,206.47,90.32,1009.97,60.14,45.04,20.16,45.91,46.31,65.46,28.75,73.25,14.23,2795.78,255.48,3.64,0.47,46.05,4.08,8.44,2.19,0.17,0.15,16.33,2.39,6.42,3.45,2.09,4.19,14.97,20.27,15.65,6.39,5.20,4.27,23684.44,389.98,2772.63,3144.29,843.05,11922.62,574.05,422.92,255.80,1644.23,95.79,248.72,108.80,1413.15,84.15,75.14,33.64,81.96,82.66,95.68,42.02,105.24,20.44,3997.24,365.27,4.64,0.60,57.65,5.10,10.51,2.73,0.23,0.20,19.31,2.83,8.67,4.66,2.79,5.59,16.72,22.63,16.86,6.88,5.90,4.84
73.30,73.3,03/06/2025 13:53:00,-6.028,12.829,,15.5,947619.0,631078.0,987010.96,331.57,1594.38,2165.47,504.64,5233.82,256.62,101.37,67.94,528.74,38.32,135.82,79.95,1028.47,59.98,65.39,25.10,96.78,46.55,50.14,26.12,144.59,26.17,3014.40,276.47,3.48,0.47,25.91,1.62,7.94,2.15,0.05,0.15,17.08,2.42,7.73,3.44,1.82,4.13,7.19,20.09,15.05,6.48,6.23,4.30,23977.36,549.84,2643.92,4091.57,953.49,11196.90,549.00,232.28,155.68,1320.22,95.67,163.61,96.31,1439.04,83.92,109.09,41.88,172.77,83.10,73.28,38.18,207.75,37.61,4309.82,395.28,4.42,0.60,32.43,2.03,9.88,2.68,0.07,0.20,20.19,2.86,10.44,4.65,2.43,5.51,8.02,22.44,16.21,6.98,7.07,4.88
73.40,73.4,03/06/2025 13:53:42,-8.216,15.082,,15.5,944935.0,628324.0,986701.34,319.86,1627.74,2140.76,504.17,5573.87,267.55,136.14,85.33,558.84,38.18,159.73,83.67,1110.14,60.63,25.68,15.20,81.76,46.21,61.55,27.85,103.66,19.19,2891.88,264.58,3.55,0.46,64.54,7.29,8.15,2.16,0.08,0.15,14.17,2.25,6.04,3.45,3.34,4.13,17.03,20.01,13.47,6.38,4.41,4.23,24678.54,530.41,2699.24,4044.89,952.62,11924.37,572.37,311.95,195.52,1395.38,95.34,192.41,100.79,1553.32,84.83,42.85,25.36,145.95,82.50,89.96,40.71,148.94,27.58,4134.65,378.28,4.52,0.59,80.79,9.12,10.14,2.69,0.11,0.20,16.76,2.66,8.16,4.66,4.45,5.51,19.02,22.34,14.51,6.88,5.01,4.80
73.50,73.5,03/06/2025 13:54:14,-7.943,16.994,1181340.158,15.5,933605.0,624950.0,988228.45,322.64,1648.07,1767.75,455.16,4984.71,246.83,35.08,53.84,499.13,37.55,154.46,81.94,916.22,58.36,102.57,30.94,104.75,45.75,60.30,27.47,87.42,16.43,2591.18,235.69,3.52,0.47,75.76,9.83,6.86,2.14,0.00,0.00,17.46,2.40,11.81,3.38,2.26,4.01,7.03,19.75,16.78,6.47,3.87,4.12,21788.15,535.03,2732.96,3340.09,860.01,10663.96,528.05,80.37,123.38,1246.28,93.76,186.06,98.70,1281.99,81.65,171.13,51.62,187.01,81.68,88.13,40.15,125.62,23.61,3704.72,336.97,4.48,0.59,94.84,12.30,8.53,2.67,0.00,0.00,20.65,2.84,15.96,4.57,3.01,5.34,7.84,22.05,18.07,6.97,4.38,4.67
73.60,73.6,03/06/2025 13:54:46,-7.069,9.657,,15.5,941035.0,629062.0,988708.96,304.42,1629.76,1722.33,451.35,4782.85,240.62,47.16,38.08,460.40,38.12,136.78,78.99,903.18,58.13,24.60,15.03,84.66,45.83,39.26,24.47,77.32,14.84,2598.93,236.59,3.55,0.46,34.86,2.59,7.28,2.06,0.00,0.00,12.81,2.13,8.63,3.39,1.51,4.06,17.24,19.85,19.64,6.56,3.66,4.17,20884.35,504.81,2702.59,3254.28,852.81,10232.11,514.76,108.06,87.25,1149.57,95.18,164.76,95.15,1263.74,81.34,41.04,25.08,151.13,81.81,57.37,35.76,111.10,21.32,3715.80,338.27,4.51,0.58,43.63,3.24,9.06,2.57,0.00,0.00,15.15,2.52,11.66,4.58,2.01,5.41,19.25,22.17,21.15,7.06,4.15,4.73
73.70,73.7,03/06/2025 13:55:17,-7.106,20.103,,15.5,936004.0,620138.0,988288.98,232.37,1661.83,1883.75,472.52,4771.09,240.56,109.10,71.69,593.04,37.61,44.72,51.56,832.36,57.60,81.82,27.82,112.03,45.95,64.81,28.19,59.78,11.80,2782.09,254.14,3.90,0.47,75.03,9.62,8.73,2.07,0.03,0.15,15.48,2.28,7.01,3.34,2.13,4.07,9.09,19.75,18.16,6.45,4.51,4.14,21770.87,385.33,2755.77,3559.28,892.80,10206.95,514.65,249.99,164.27,1480.76,93.90,53.87,62.11,1164.64,80.59,136.52,46.42,200.00,82.02,94.73,41.20,85.89,16.95,3977.67,363.36,4.96,0.60,93.92,12.04,10.87,2.58,0.04,0.20,18.30,2.70,9.46,4.52,2.84,5.43,10.15,22.05,19.57,6.95,5.12,4.70
73.80,73.8,03/06/2025 13:55:49,-7.072,15.076,,15.5,940463.0,619005.0,988241.20,332.03,1665.35,1875.35,471.05,5073.49,250.61,93.36,63.62,431.56,38.06,94.28,71.12,834.85,57.56,73.76,26.63,62.20,45.71,65.47,28.41,75.46,14.44,2609.83,237.59,3.42,0.45,68.10,8.13,7.89,2.09,0.00,0.00,19.91,2.53,9.56,3.34,2.14,3.98,5.12,19.94,17.25,6.36,3.75,4.13,21857.99,550.59,2761.62,3543.41,890.03,10853.89,536.15,213.92,145.79,1077.57,95.02,113.57,85.68,1168.12,80.54,123.07,44.43,111.04,81.59,95.69,41.52,108.43,20.75,3731.39,339.70,4.35,0.58,85.25,10.18,9.82,2.60,0.00,0.00,23.55,3.00,12.91,4.52,2.86,5.30,5.72,22.26,18.58,6.85,4.25,4.69
73.90,73.9,03/06/2025 13:56:31,-7.203,22.415,,15.6,932342.0,609988.0,986257.46,281.05,1659.00,2079.79,494.97,6445.12,296.01,163.09,99.13,461.64,37.93,234.12,91.35,988.83,59.33,58.97,23.38,84.76,45.88,63.43,28.10,88.58,16.60,2682.81,244.32,3.52,0.46,33.25,2.37,8.86,2.15,0.15,0.15,18.54,2.48,6.35,3.39,3.13,3.99,14.84,19.89,16.86,6.23,4.87,4.19,25813.61,466.06,2751.09,3929.68,935.22,13788.26,633.26,373.69,227.13,1152.67,94.70,282.02,110.05,1383.58,83.02,98.39,39.00,151.31,81.90,92.70,41.08,127.28,23.85,3835.72,349.32,4.48,0.58,41.62,2.97,11.03,2.67,0.20,0.19,21.93,2.93,8.57,4.58,4.17,5.32,16.57,22.20,18.17,6.71,5.53,4.75
74.00,74.0,03/06/2025 13:57:03,-6.308,27.572,1181337.183,15.5,963670.0,620513.0,982745.93,288.80,1666.10,2862.66,600.63,8325.91,359.54,114.27,75.29,583.93,39.23,293.45,102.11,1172.93,63.15,156.94,38.80,82.57,48.10,58.38,28.11,76.19,14.83,3097.56,284.22,3.90,0.49,58.99,6.08,8.09,2.20,0.00,0.00,28.33,3.03,14.13,3.62,1.98,4.20,0.00,0.00,18.21,6.76,6.84,4.47,32618.49,478.91,2762.86,5408.88,1134.86,17811.92,769.19,261.84,172.53,1458.03,97.96,353.49,123.00,1641.17,88.37,261.86,64.73,147.41,85.86,85.32,41.09,109.47,21.31,4428.72,406.36,4.97,0.62,73.84,7.62,10.07,2.74,0.00,0.00,33.50,3.59,19.08,4.89,2.64,5.60,0.00,0.00,19.62,7.28,7.76,5.07
74.10,74.1,03/06/2025 13:57:36,-7.647,30.288,,15.5,960044.0,610944.0,977479.46,373.40,1725.00,3592.52,705.84,12459.99,497.04,97.88,68.14,595.29,40.13,523.32,124.61,1105.15,63.71,162.85,39.57,113.32,49.31,61.25,29.02,39.20,8.27,3233.29,296.83,3.65,0.49,71.22,8.28,7.93,2.26,0.00,0.00,28.06,3.10,19.39,3.80,1.51,4.27,7.24,21.29,17.93,7.07,6.14,4.55,43392.68,619.21,2860.53,6787.94,1333.65,26656.08,1063.34,224.28,156.13,1486.39,100.21,630.39,150.10,1546.33,89.15,271.72,66.03,202.29,88.04,89.52,42.41,56.33,11.89,4622.78,424.39,4.65,0.63,89.15,10.36,9.87,2.81,0.00,0.00,33.18,3.67,26.19,5.13,2.01,5.70,8.09,23.77,19.32,7.61,6.97,5.16
74.20,74.2,03/06/2025 13:58:07,-7.002,33.460,,15.5,961206.0,607174.0,974633.90,285.39,1656.61,4248.39,794.48,13628.24,534.48,12.67,12.97,672.19,40.10,759.84,150.06,1483.73,67.93,188.42,42.04,161.47,50.79,68.14,30.44,72.95,14.25,3604.71,332.37,3.92,0.51,72.14,8.27,9.64,2.37,0.01,0.17,33.99,3.44,21.36,3.88,0.62,4.32,8.18,21.59,21.40,7.23,8.70,4.75,48534.67,473.25,2747.12,8027.18,1501.15,29155.37,1143.43,29.03,29.72,1678.40,100.13,915.30,180.76,2076.04,95.05,314.38,70.15,288.25,90.68,99.59,44.49,104.82,20.48,5153.81,475.21,4.99,0.65,90.30,10.35,12.00,2.95,0.02,0.22,40.20,4.06,28.86,5.24,0.83,5.76,9.14,24.11,23.05,7.79,9.87,5.39
74.30,74.3,03/06/2025 13:58:40,-8.048,45.626,,15.5,985811.0,613098.0,967742.19,377.60,1752.88,5034.41,913.99,17992.03,680.52,162.32,102.80,539.69,41.79,892.08,167.97,1833.50,73.58,387.67,57.96,133.31,52.38,82.46,33.79,123.66,22.97,4522.78,421.07,3.65,0.53,62.87,6.20,9.83,2.49,0.02,0.18,41.18,3.90,23.69,4.19,0.00,0.00,0.00,0.00,26.30,7.89,8.76,5.04,61853.01,626.16,2906.76,9512.33,1726.95,38490.98,1455.86,371.93,235.55,1347.56,104.34,1074.61,202.34,2565.44,102.96,646.82,96.70,237.99,93.51,120.52,49.39,177.68,33.01,6466.42,602.02,4.64,0.68,78.69,7.77,12.23,3.10,0.03,0.24,48.71,4.62,32.00,5.66,0.00,0.00,0.00,0.00,28.33,8.50,9.94,5.72
74.40,74.4,03/06/2025 13:59:22,-8.523,50.255,,15.5,983811.0,608356.0,960671.03,308.97,1756.75,6153.02,1077.18,23155.40,850.79,141.38,92.34,625.13,42.36,1197.93,205.61,2206.52,78.29,388.31,58.15,192.83,54.65,82.78,34.41,153.81,28.00,4523.13,420.13,4.10,0.56,59.56,5.50,8.93,2.65,0.00,0.00,45.40,4.16,22.76,4.31,0.00,0.00,22.79,23.18,23.84,8.07,12.40,5.31,76132.18,512.35,2913.17,11625.91,2035.29,49537.15,1820.13,323.95,211.59,1560.88,105.78,1443.03,247.68,3087.38,109.55,647.89,97.03,344.23,97.56,120.98,50.29,221.00,40.23,6466.91,600.68,5.21,0.72,74.55,6.88,11.12,3.30,0.00,0.00,53.69,4.92,30.74,5.82,0.00,0.00,25.45,25.88,25.68,8.69,14.07,6.02
74.50,74.5,03/06/2025 13:59:53,-7.525,40.012,1181340.881,15.5,982220.0,599762.0,951656.50,433.36,1743.77,7487.83,1276.54,30120.36,1081.48,16.62,64.67,556.99,44.04,1561.43,253.70,2373.82,81.29,578.64,72.01,150.63,55.89,88.11,36.20,64.94,13.00,4715.02,437.75,4.13,0.59,56.32,4.83,10.80,2.71,0.06,0.19,55.15,4.69,27.23,4.51,0.21,5.00,0.00,0.00,28.14,8.27,13.71,5.61,94370.48,718.63,2891.65,14147.98,2411.98,64437.53,2313.66,38.08,148.19,1390.75,109.95,1880.91,305.61,3321.46,113.74,965.45,120.15,268.90,99.78,128.78,52.91,93.31,18.67,6741.27,625.87,5.25,0.75,70.49,6.05,13.44,3.37,0.08,0.25,65.22,5.54,36.78,6.09,0.29,6.66,0.00,0.00,30.32,8.91,15.56,6.36
74.60,74.6,03/06/2025 14:00:25,-7.805,31.946,,15.5,984114.0,601773.0,944163.01,177.37,1768.44,8036.55,1359.07,36083.25,1279.16,33.42,31.79,587.45,45.00,1928.84,304.10,2879.47,87.88,554.11,70.76,197.78,58.18,78.05,35.14,82.13,16.04,4959.33,460.64,4.32,0.61,76.50,7.93,10.92,2.80,0.10,0.20,60.86,5.03,30.46,4.73,1.23,5.25,15.48,24.83,25.32,8.56,14.07,5.91,109459.38,294.13,2932.56,15184.76,2567.92,77194.16,2736.55,76.57,72.85,1466.81,112.36,2323.49,366.32,4028.97,122.96,924.54,118.06,353.07,103.86,114.08,51.37,118.00,23.05,7090.57,658.60,5.49,0.78,95.76,9.93,13.59,3.49,0.13,0.26,71.97,5.95,41.14,6.38,1.64,7.00,17.28,27.72,27.27,9.22,15.96,6.70
74.70,74.7,03/06/2025 14:00:56,-7.164,27.710,,15.7,950133.0,588268.0,951399.27,240.12,1729.30,7456.22,1268.21,30886.59,1104.96,29.83,63.58,534.63,42.81,1732.41,274.82,2487.02,81.18,480.00,64.61,163.74,54.89,90.31,36.08,102.77,19.00,4174.45,384.71,4.67,0.59,87.95,10.56,10.44,2.64,0.00,0.00,57.15,4.66,24.72,4.37,0.70,4.85,0.00,0.00,25.84,8.28,11.16,5.36,95145.87,398.18,2867.66,14088.26,2396.24,66076.75,2363.87,68.35,145.67,1334.91,106.89,2086.86,331.05,3479.86,113.59,800.87,107.80,292.31,98.00,131.99,52.74,147.66,27.30,5968.40,550.03,5.95,0.75,110.10,13.21,12.99,3.29,0.00,0.00,67.59,5.51,33.39,5.90,0.94,6.47,0.00,0.00,27.83,8.92,12.66,6.08
74.80,74.8,03/06/2025 14:01:28,-6.853,28.043,,15.5,976085.0,609049.0,949923.97,373.74,1757.96,7598.87,1292.80,31414.26,1124.20,40.28,36.77,673.83,44.09,1895.66,298.53,2419.43,82.16,571.20,71.38,131.20,55.83,84.66,35.72,36.18,7.70,4621.80,428.45,4.66,0.60,77.01,8.25,11.79,2.79,0.04,0.19,55.09,4.68,28.54,4.60,1.02,5.13,0.00,0.00,21.36,8.34,15.43,5.63,97860.32,619.77,2915.18,14357.78,2442.69,67205.62,2405.05,92.29,84.24,1682.48,110.09,2283.52,359.61,3385.28,114.96,953.04,119.10,234.22,99.67,123.74,52.21,51.98,11.06,6607.98,612.57,5.93,0.76,96.39,10.33,14.68,3.47,0.05,0.25,65.15,5.53,38.55,6.21,1.36,6.84,0.00,0.00,23.01,8.98,17.51,6.39
74.90,74.9,03/06/2025 14:02:09,-5.994,21.163,,15.6,956434.0,604373.0,959916.40,252.92,1720.71,5901.04,1038.73,25044.06,911.95,48.79,63.45,587.65,42.08,1289.02,216.15,2173.72,76.83,379.89,56.72,170.90,53.23,69.25,31.78,74.72,14.47,3858.56,355.19,4.18,0.56,98.03,13.34,11.39,2.57,0.04,0.18,45.56,4.11,23.68,4.23,0.00,0.00,11.16,22.74,25.12,7.89,13.91,5.27,78267.88,419.42,2853.41,11149.80,1962.64,53577.63,1950.96,111.81,145.39,1467.31,105.07,1552.76,260.37,3041.48,107.51,633.84,94.64,305.08,95.03,101.21,46.45,107.37,20.79,5516.75,507.84,5.31,0.71,122.72,16.70,14.18,3.20,0.05,0.24,53.88,4.86,31.98,5.72,0.00,0.00,12.46,25.39,27.06,8.50,15.79,5.98
75.00,75.0,03/06/2025 14:02:41,-5.579,21.095,1181336.980,15.6,951597.0,602968.0,960604.10,360.80,1664.02,6285.09,1091.92,24241.46,885.00,14.84,15.22,535.00,41.74,1106.53,192.70,2098.39,75.62,386.18,57.07,163.32,52.83,68.96,31.54,73.06,14.13,3863.93,355.79,4.10,0.55,86.43,10.70,9.86,2.54,0.00,0.00,40.04,3.85,18.17,4.09,1.47,4.71,7.22,22.62,20.88,7.51,10.18,5.09,76880.92,598.31,2759.40,11875.44,2063.14,51860.59,1893.31,34.01,34.88,1335.84,104.22,1332.93,232.12,2936.08,105.81,644.33,95.23,291.55,94.31,100.80,46.10,104.98,20.30,5524.43,508.69,5.22,0.71,108.19,13.40,12.28,3.17,0.00,0.00,47.35,4.56,24.55,5.52,1.96,6.28,8.06,25.26,22.49,8.09,11.54,5.78
75.10,75.1,03/06/2025 14:03:13,-6.982,20.831,,15.6,946996.0,607609.0,972597.89,281.65,1669.16,4301.36,804.07,15361.76,591.95,108.26,73.71,630.82,39.90,807.22,154.38,1779.97,70.27,298.73,50.17,74.47,49.30,76.82,31.97,34.62,7.29,3500.55,321.88,3.72,0.51,55.54,5.20,9.18,2.39,0.00,0.00,29.89,3.24,14.78,3.76,1.03,4.42,6.11,21.59,17.37,7.16,8.27,4.78,52719.90,467.05,2767.93,8127.26,1519.27,32863.95,1266.38,248.06,168.90,1575.10,99.63,972.38,185.97,2490.54,98.33,498.43,83.72,132.93,88.01,112.28,46.73,49.75,10.48,5004.89,460.20,4.74,0.65,69.52,6.51,11.43,2.97,0.00,0.00,35.34,3.83,19.96,5.08,1.38,5.89,6.82,24.11,18.71,7.72,9.38,5.42
75.20,75.2,03/06/2025 14:03:45,-6.984,22.220,,15.6,950849.0,612486.0,982829.60,169.51,1659.34,2354.26,538.71,8751.15,374.38,65.70,49.98,602.57,38.88,326.70,103.13,1092.60,61.54,167.42,38.93,137.17,47.90,53.64,27.10,69.32,13.55,3248.85,298.72,3.86,0.49,62.28,6.67,8.51,2.20,0.00,0.00,18.43,2.55,11.14,3.55,2.85,4.16,4.08,20.50,15.45,6.71,4.90,4.29,32536.56,281.10,2751.65,4448.29,1017.87,18721.64,800.92,150.54,114.52,1504.56,97.09,393.55,124.24,1528.77,86.11,279.34,64.95,244.88,85.52,78.40,39.61,99.60,19.47,4645.02,427.09,4.91,0.63,77.96,8.35,10.59,2.74,0.00,0.00,21.80,3.02,15.04,4.79,3.80,5.55,4.55,22.89,16.64,7.23,5.56,4.86
75.30,75.3,03/06/2025 14:04:17,-8.036,30.556,,15.7,935410.0,597084.0,982747.95,271.95,1595.12,2580.17,560.21,8710.65,371.29,144.11,89.71,544.17,38.35,340.18,102.93,1178.44,61.68,139.66,35.71,95.46,46.77,59.69,27.82,38.88,8.01,2971.88,271.74,4.02,0.48,92.35,13.51,7.73,2.13,0.00,0.00,18.94,2.53,13.14,3.49,3.35,4.04,16.11,20.26,17.55,6.53,3.62,4.33,32720.23,450.96,2645.15,4875.13,1058.50,18635.00,794.31,330.20,205.57,1358.75,95.76,409.78,123.99,1648.89,86.30,233.03,59.58,170.41,83.49,87.24,40.66,55.87,11.51,4249.02,388.52,5.11,0.61,115.60,16.91,9.62,2.65,0.00,0.00,22.40,3.00,17.76,4.72,4.47,5.39,17.99,22.63,18.90,7.04,4.11,4.91
75.40,75.4,03/06/2025 14:04:58,-7.839,29.829,,15.8,928173.0,581651.0,973922.44,379.04,1590.18,4081.28,764.74,15252.92,586.21,31.94,57.41,460.76,39.05,892.41,162.20,1366.03,65.20,226.95,44.13,156.78,49.34,64.73,29.32,52.19,10.37,2957.81,269.48,3.71,0.50,62.08,6.41,7.71,2.30,0.07,0.16,28.28,3.07,15.18,3.61,0.04,4.09,14.06,21.01,15.72,6.82,7.87,4.52,50425.83,628.56,2636.96,7711.42,1444.95,32631.10,1254.11,73.19,131.54,1150.46,97.50,1075.00,195.39,1911.35,91.23,378.67,73.64,279.88,88.08,94.61,42.85,74.99,14.90,4228.91,385.28,4.72,0.64,77.71,8.02,9.60,2.86,0.10,0.21,33.44,3.63,20.51,4.88,0.05,5.45,15.70,23.46,16.94,7.35,8.92,5.13
75.50,75.5,03/06/2025 14:05:30,-7.103,28.837,1181344.387,15.8,925784.0,573583.0,960681.22,622.68,1608.46,6711.61,1151.43,24456.98,890.67,149.13,94.02,457.59,40.58,1134.27,194.50,1890.97,73.26,248.33,47.29,139.08,51.85,69.43,31.26,11.90,2.63,3235.73,294.92,4.15,0.53,89.97,11.66,8.85,2.37,0.00,0.00,35.84,3.57,18.19,3.92,0.55,4.37,1.89,22.23,23.73,7.58,7.90,4.89,77172.76,1032.58,2667.27,12681.35,2175.58,52321.67,1905.45,341.70,215.42,1142.55,101.32,1366.34,234.30,2645.85,102.50,414.34,78.90,248.28,92.56,101.47,45.69,17.09,3.78,4626.27,421.66,5.29,0.68,112.63,14.60,11.02,2.95,0.00,0.00,42.38,4.22,24.58,5.30,0.74,5.83,2.12,24.81,25.56,8.17,8.97,5.54
75.60,75.6,03/06/2025 14:06:02,-6.593,30.620,,15.8,921389.0,569324.0,960278.30,396.44,1622.03,6551.25,1126.64,25475.96,923.73,39.81,60.49,364.93,40.49,1249.99,209.10,1798.40,72.35,220.93,44.89,122.97,51.41,65.84,30.60,82.74,15.47,3152.10,286.73,3.94,0.52,70.65,7.58,10.56,2.45,0.00,0.00,42.09,3.81,28.92,4.04,0.00,0.00,11.14,22.13,23.04,7.51,10.01,4.85,78115.84,657.41,2689.78,12378.35,2128.74,54501.60,1976.18,91.22,138.61,911.21,101.10,1505.74,251.89,2516.33,101.23,368.61,74.91,219.53,91.77,96.23,44.72,118.88,22.22,4506.69,409.94,5.02,0.67,88.44,9.49,13.14,3.06,0.00,0.00,49.78,4.50,39.06,5.46,0.00,0.00,12.44,24.71,24.82,8.09,11.35,5.50
75.70,75.7,03/06/2025 14:06:34,-6.740,32.669,,16.0,894007.0,554851.0,960934.02,486.17,1555.10,6715.66,1148.11,25034.09,908.01,0.00,0.00,383.51,39.28,1255.38,208.44,1716.92,69.95,379.19,54.68,134.53,49.94,80.75,32.72,36.02,7.22,2668.37,240.10,3.70,0.50,62.52,6.17,8.92,2.32,0.00,0.00,36.62,3.54,25.46,3.89,0.00,0.00,5.28,21.55,25.35,7.45,7.54,4.70,76994.87,806.20,2578.79,12688.98,2169.31,53556.30,1942.54,0.00,0.00,957.60,98.08,1512.24,251.08,2402.33,97.88,632.68,91.24,240.17,89.16,118.02,47.83,51.75,10.37,3815.08,343.27,4.71,0.63,78.26,7.73,11.10,2.89,0.00,0.00,43.31,4.19,34.39,5.25,0.00,0.00,5.89,24.06,27.31,8.03,8.55,5.34
75.80,75.8,03/06/2025 14:07:06,-7.354,35.315,,15.9,912582.0,560803.0,955269.21,254.71,1595.63,7441.31,1257.68,28299.74,1016.68,123.05,79.29,372.27,40.45,1155.47,196.99,2580.30,79.75,432.90,59.31,143.53,51.95,98.26,36.75,64.19,12.19,3533.73,322.70,3.80,0.52,104.20,14.68,11.16,2.61,0.00,0.00,48.28,4.20,22.50,4.05,2.45,4.51,9.60,22.38,21.75,7.77,7.59,5.05,87788.18,422.38,2645.99,14060.08,2376.34,60542.62,2175.02,281.95,181.69,929.52,101.01,1391.89,237.30,3610.37,111.59,722.28,98.96,256.24,92.74,143.62,53.72,92.23,17.51,5052.33,461.38,4.83,0.67,130.43,18.38,13.89,3.25,0.00,0.00,57.10,4.97,30.39,5.48,3.26,6.02,10.72,24.99,23.43,8.37,8.61,5.73
75.90,75.9,03/06/2025 14:07:47,-8.150,32.472,,15.9,907499.0,559857.0,954872.70,376.86,1598.41,7335.43,1242.69,29159.13,1045.00,17.52,60.15,420.60,40.08,1338.50,220.35,2241.04,76.53,362.76,54.63,158.19,51.94,84.26,33.97,41.14,8.18,3352.79,305.23,3.95,0.53,117.36,18.25,11.55,2.57,0.00,0.00,46.17,4.07,22.93,4.00,0.00,0.00,1.32,22.22,26.01,7.80,9.79,5.01,88860.53,624.94,2650.61,13860.02,2348.01,62381.15,2235.61,40.15,137.82,1050.20,100.08,1612.36,265.43,3135.67,107.08,605.26,91.15,282.41,92.72,123.16,49.64,59.11,11.75,4793.63,436.40,5.03,0.68,146.91,22.85,14.37,3.20,0.00,0.00,54.60,4.82,30.97,5.40,0.00,0.00,1.47,24.80,28.02,8.40,11.11,5.69
76.00,76.0,03/06/2025 14:08:20,-7.699,40.275,1181335.463,15.9,902627.0,559579.0,959342.92,779.97,1598.08,7054.90,1199.68,24719.37,898.09,20.97,19.78,422.80,39.27,1149.80,195.11,2448.65,77.27,299.75,50.05,143.23,50.86,85.26,33.77,54.78,10.55,3250.43,295.73,4.23,0.54,113.54,17.53,9.49,2.46,0.00,0.00,41.99,3.86,24.64,3.98,0.00,0.00,2.68,21.80,23.24,7.53,7.37,4.88,79306.42,1293.41,2650.06,13329.97,2266.76,52883.00,1921.31,48.06,45.33,1055.68,98.05,1385.05,235.03,3426.17,108.12,500.13,83.50,255.70,90.80,124.62,49.35,78.71,15.15,4647.28,422.82,5.38,0.69,142.13,21.95,11.81,3.06,0.00,0.00,49.66,4.56,33.28,5.37,0.00,0.00,2.99,24.34,25.03,8.12,8.36,5.53
76.10,76.1,03/06/2025 14:08:51,-8.447,40.536,,16.0,888046.0,555596.0,966712.89,348.06,1557.83,5364.25,946.07,20714.32,764.09,20.37,18.96,321.80,38.26,1232.21,203.51,1735.39,68.50,283.04,47.41,148.81,48.81,70.63,30.31,34.40,6.86,2765.60,249.72,3.77,0.50,136.61,25.40,12.19,2.36,0.00,0.16,38.92,3.59,18.69,3.67,0.60,4.08,10.13,20.87,18.26,7.05,9.04,4.66,64939.24,577.18,2583.31,10135.54,1787.56,44314.86,1634.63,46.68,43.45,803.50,95.54,1484.32,245.15,2428.17,95.85,472.26,79.10,265.66,87.13,103.24,44.30,49.43,9.85,3954.11,357.04,4.80,0.63,171.00,31.80,15.18,2.93,0.01,0.22,46.02,4.25,25.25,4.96,0.81,5.44,11.31,23.31,19.67,7.60,10.25,5.29
76.20,76.2,03/06/2025 14:09:23,-10.058,44.771,,16.0,890897.0,553920.0,959076.75,271.42,1604.91,6410.80,1103.26,27046.31,974.36,7.38,7.55,446.60,38.99,1117.50,190.85,1876.05,71.84,319.14,50.69,159.92,50.42,80.96,32.75,39.26,7.75,2923.23,264.20,3.72,0.51,114.63,17.96,10.37,2.53,0.00,0.00,40.80,3.76,17.95,3.85,0.82,4.26,5.10,21.51,21.54,7.43,9.74,4.80,80974.18,450.08,2661.39,12112.96,2084.57,57861.12,2084.48,16.92,17.29,1115.12,97.36,1346.14,229.89,2624.98,100.52,532.48,84.58,285.48,90.01,118.32,47.86,56.41,11.14,4179.47,377.74,4.74,0.65,143.49,22.49,12.90,3.15,0.00,0.00,48.25,4.45,24.25,5.19,1.10,5.69,5.70,24.01,23.21,8.00,11.05,5.45
76.30,76.3,03/06/2025 14:09:54,-10.208,43.708,,16.0,890109.0,555369.0,960466.05,584.74,1549.88,6575.70,1126.55,25350.78,918.12,39.23,59.16,275.41,39.51,1298.26,213.15,1936.15,71.72,241.73,45.11,125.22,49.75,74.16,31.40,16.73,3.51,2801.52,252.73,3.81,0.51,95.45,13.05,10.36,2.49,0.11,0.17,45.81,3.95,21.72,3.86,0.00,0.00,8.31,21.40,18.40,7.15,10.36,4.81,77705.01,969.67,2570.12,12424.53,2128.58,54233.81,1964.16,89.89,135.57,687.68,98.65,1563.89,256.76,2709.07,100.35,403.33,75.27,223.54,88.82,108.39,45.89,24.03,5.04,4005.45,361.34,4.85,0.65,119.49,16.33,12.89,3.09,0.15,0.22,54.17,4.67,29.34,5.21,0.00,0.00,9.28,23.90,19.82,7.71,11.75,5.46
76.40,76.4,03/06/2025 14:10:36,-9.931,45.631,,15.9,901843.0,555034.0,956382.15,271.04,1559.71,6583.86,1128.81,28688.23,1028.98,156.98,96.64,304.13,40.43,1416.14,229.65,2034.95,73.79,340.67,53.03,150.42,51.29,89.86,34.81,68.29,12.78,3315.00,301.64,3.93,0.52,79.63,9.17,11.18,2.45,0.08,0.17,44.78,3.96,21.84,3.96,2.06,4.36,0.00,0.00,23.61,7.43,11.17,4.98,85983.43,449.45,2586.43,12439.95,2132.84,61373.72,2201.34,359.70,221.43,759.39,100.96,1705.89,276.63,2847.32,103.25,568.40,88.48,268.53,91.57,131.34,50.88,98.12,18.36,4739.60,431.27,5.00,0.67,99.68,11.47,13.92,3.05,0.11,0.23,52.96,4.68,29.51,5.35,2.75,5.82,0.00,0.00,25.43,8.00,12.67,5.65
76.50,76.5,03/06/2025 14:11:08,-9.686,46.094,1181342.470,16.0,899642.0,554734.0,959401.37,303.06,1626.25,6500.93,1117.73,25412.77,920.63,50.88,60.05,361.38,39.41,1103.14,188.92,2557.64,77.82,304.57,50.08,178.36,51.19,81.85,32.99,108.92,19.34,3414.94,311.49,3.53,0.51,106.12,15.44,10.01,2.49,0.05,0.17,49.33,4.13,18.44,3.82,0.67,4.36,3.47,21.65,19.01,7.44,9.57,4.86,79333.06,502.56,2696.77,12283.26,2111.90,54366.42,1969.53,116.59,137.59,902.33,98.40,1328.85,227.57,3578.67,108.89,508.17,83.55,318.40,91.39,119.63,48.21,156.51,27.79,4882.49,445.35,4.49,0.65,132.84,19.33,12.45,3.10,0.06,0.23,58.33,4.89,24.90,5.16,0.89,5.81,3.88,24.18,20.48,8.02,10.86,5.52
76.60,76.6,03/06/2025 14:11:39,-8.658,37.301,,16.0,885765.0,557157.0,970809.92,505.15,1526.93,4350.18,796.83,17609.23,661.50,31.09,26.94,397.35,37.53,1093.03,184.89,1609.13,66.28,194.67,40.14,155.94,47.97,74.47,30.58,28.22,5.71,2890.80,262.08,3.84,0.49,132.34,24.38,11.44,2.37,0.05,0.16,42.82,3.75,21.32,3.68,0.28,4.00,13.27,20.37,19.84,6.93,5.60,4.53,56553.68,837.68,2532.08,8219.50,1505.58,37672.05,1415.16,71.25,61.72,992.14,93.70,1316.67,222.72,2251.51,92.75,324.81,66.97,278.39,85.64,108.85,44.70,40.54,8.21,4133.10,374.71,4.89,0.63,165.67,30.52,14.24,2.95,0.06,0.21,50.64,4.43,28.80,4.97,0.37,5.33,14.82,22.74,21.37,7.47,6.35,5.14
76.70,76.7,03/06/2025 14:12:11,-8.739,32.936,,16.0,879530.0,557077.0,974884.97,395.78,1529.24,3663.99,698.89,14950.18,573.18,58.03,43.53,392.46,36.98,688.80,135.74,1610.26,65.35,243.32,42.96,135.89,46.21,71.30,29.53,40.17,7.84,2636.63,238.00,3.97,0.49,112.43,18.62,8.95,2.21,0.00,0.00,38.54,3.49,15.67,3.47,0.00,0.00,17.87,19.80,21.40,6.81,9.39,4.42,48615.98,656.31,2535.91,6922.97,1320.52,31983.45,1226.22,132.96,99.75,979.95,92.33,829.73,163.51,2253.08,91.44,405.97,71.68,242.60,82.50,104.21,43.16,57.72,11.27,3769.71,340.27,5.05,0.63,140.74,23.30,11.13,2.76,0.00,0.00,45.58,4.12,21.17,4.68,0.00,0.00,19.95,22.10,23.05,7.34,10.66,5.02
76.80,76.8,03/06/2025 14:12:42,-7.254,30.088,,16.0,875094.0,553533.0,973708.30,324.65,1560.76,4043.80,754.03,15678.10,597.18,16.67,54.55,360.29,36.99,990.28,171.29,1575.10,65.22,231.57,42.21,150.41,46.67,68.87,29.16,91.53,22.48,2541.11,228.80,3.70,0.49,120.19,20.88,11.62,2.34,0.00,0.00,36.58,3.40,15.96,3.52,0.00,0.00,8.41,19.88,12.96,6.67,9.89,4.44,50843.48,538.37,2588.17,7640.61,1424.71,33540.71,1277.57,38.20,124.99,899.61,92.35,1192.90,206.33,2203.89,91.25,386.37,70.43,268.51,83.31,100.66,42.62,131.51,32.30,3633.13,327.12,4.71,0.62,150.46,26.14,14.47,2.92,0.00,0.00,43.26,4.03,21.56,4.76,0.00,0.00,9.39,22.19,13.97,7.19,11.22,5.04
76.90,76.9,03/06/2025 14:13:24,-8.742,31.547,,16.1,864762.0,548365.0,976132.30,404.19,1502.72,3178.83,628.90,14800.95,567.54,28.07,24.22,355.98,36.55,747.53,141.12,1425.72,62.76,188.14,38.29,127.71,45.46,71.98,29.41,16.23,3.36,2307.03,206.53,3.63,0.46,112.94,19.01,11.11,2.20,0.00,0.00,33.33,3.19,17.22,3.42,0.30,3.82,13.67,19.49,15.30,6.57,7.85,4.28,46421.67,670.26,2491.93,6006.28,1188.28,31664.19,1214.15,64.32,55.51,888.85,91.26,900.47,170.00,1994.87,87.82,313.91,63.88,227.99,81.15,105.21,42.99,23.31,4.83,3298.46,295.28,4.62,0.59,141.37,23.80,13.82,2.74,0.00,0.00,39.42,3.77,23.26,4.63,0.40,5.09,15.26,21.76,16.49,7.08,8.90,4.85
77.00,77.0,03/06/2025 14:13:55,-7.131,25.200,1181343.196,16.0,872780.0,556834.0,976585.85,361.25,1573.79,3231.83,639.92,13873.27,537.27,66.03,47.55,356.77,36.70,652.18,130.24,1567.54,64.06,291.97,46.48,118.33,45.51,68.32,28.83,9.48,2.02,2589.04,233.52,3.32,0.45,143.55,29.05,9.58,2.20,0.03,0.15,33.87,3.25,15.03,3.42,0.46,3.88,0.47,19.67,18.18,6.60,3.67,4.29,45200.72,599.04,2609.78,6106.42,1209.10,29679.57,1149.41,151.29,108.96,890.83,91.65,785.62,156.89,2193.31,89.63,487.15,77.55,211.24,81.25,99.86,42.13,13.62,2.90,3701.66,333.87,4.23,0.57,179.69,36.37,11.92,2.74,0.04,0.20,40.05,3.85,20.30,4.62,0.61,5.17,0.52,21.96,19.58,7.11,4.16,4.86
77.10,77.1,03/06/2025 14:14:27,-7.684,22.022,,16.0,873694.0,563788.0,980480.19,518.24,1479.89,2934.38,591.75,11043.37,443.70,48.87,54.46,447.87,36.14,502.16,114.43,1255.19,60.67,154.78,35.58,91.15,44.74,61.56,27.40,29.86,6.00,2224.32,199.23,3.45,0.45,121.69,22.26,8.49,2.14,0.07,0.15,26.38,2.85,12.34,3.32,0.00,0.00,12.11,19.39,17.11,6.30,6.41,4.18,37609.23,859.39,2454.06,5544.39,1118.08,23625.46,949.22,111.97,124.80,1118.29,90.25,604.91,137.84,1756.27,84.90,258.26,59.37,162.72,79.87,89.97,40.04,42.91,8.62,3180.21,284.85,4.39,0.58,152.33,27.86,10.57,2.66,0.10,0.19,31.19,3.37,16.67,4.48,0.00,0.00,13.52,21.65,18.43,6.78,7.27,4.74
77.20,77.2,03/06/2025 14:14:59,-6.860,18.918,,15.9,885628.0,576985.0,983228.49,376.48,1519.31,2440.29,527.39,9067.20,378.89,40.51,53.51,362.03,36.32,436.82,108.23,1213.66,60.04,169.90,37.38,103.77,44.89,68.46,28.60,85.02,21.47,2256.24,202.65,3.56,0.46,73.02,9.01,6.75,2.07,0.00,0.00,24.05,2.73,16.45,3.37,0.84,3.80,3.05,19.42,17.96,6.37,5.44,4.14,31955.90,624.31,2519.43,4610.84,996.48,19397.78,810.58,92.83,122.62,903.96,90.68,526.20,130.38,1698.16,84.01,283.48,62.36,185.24,80.14,100.06,41.80,122.16,30.84,3225.84,289.74,4.53,0.59,91.40,11.28,8.41,2.58,0.00,0.00,28.44,3.22,22.21,4.55,1.12,5.07,3.41,21.68,19.35,6.86,6.17,4.70
77.30,77.3,03/06/2025 14:15:30,-7.808,21.165,,15.8,892822.0,581221.0,984283.14,251.31,1533.50,2431.53,529.51,8159.61,349.55,30.54,26.03,384.26,36.57,314.73,96.63,1236.00,60.30,172.77,37.31,120.91,44.94,66.24,28.13,23.84,4.96,2363.63,212.99,3.52,0.46,72.79,8.99,8.32,2.12,0.00,0.00,27.24,2.87,13.31,3.27,0.61,3.81,13.70,19.31,15.43,6.37,6.56,4.16,29816.04,416.74,2542.96,4594.29,1000.49,17456.13,747.81,69.98,59.64,959.47,91.32,379.12,116.40,1729.42,84.38,288.27,62.26,215.84,80.23,96.82,41.11,34.25,7.12,3379.38,304.52,4.48,0.59,91.12,11.26,10.36,2.63,0.00,0.00,32.21,3.40,17.98,4.41,0.81,5.09,15.30,21.56,16.62,6.86,7.44,4.72
77.40,77.4,03/06/2025 14:16:12,-7.866,26.061,,15.8,899712.0,581240.0,981289.55,299.05,1611.07,2716.81,574.39,10458.61,426.78,12.23,12.03,422.32,37.25,486.16,115.09,1180.78,60.94,247.87,43.66,107.31,45.71,67.20,28.69,19.56,4.14,2518.35,227.56,3.87,0.47,87.21,12.21,9.13,2.17,0.00,0.00,27.08,2.89,13.89,3.40,0.69,3.90,7.57,19.81,19.19,6.55,5.56,4.18,35868.66,495.90,2671.60,5133.31,1085.29,22374.47,913.03,28.02,27.56,1054.50,93.01,585.63,138.64,1652.16,85.27,413.57,72.85,191.57,81.61,98.22,41.94,28.10,5.95,3600.59,325.36,4.93,0.60,109.16,15.28,11.37,2.71,0.00,0.00,32.02,3.42,18.76,4.60,0.93,5.20,8.45,22.11,20.67,7.06,6.30,4.74
77.50,77.5,03/06/2025 14:16:44,-7.733,28.568,1181341.478,15.8,907879.0,578846.0,978201.20,478.17,1542.95,3281.73,647.78,12468.46,493.03,151.57,93.05,393.91,38.21,708.02,139.52,1223.12,62.09,169.94,38.15,92.76,46.56,68.72,29.40,3.51,0.80,2578.24,233.23,4.10,0.49,77.19,9.68,8.68,2.21,0.00,0.00,33.62,3.25,16.07,3.50,1.50,3.91,14.96,20.21,17.87,6.61,6.65,4.32,42023.46,792.94,2558.64,6200.72,1223.96,26674.20,1054.75,347.30,213.20,983.56,95.41,852.88,168.07,1711.40,86.88,283.55,63.66,165.59,83.13,100.44,42.97,5.05,1.14,3686.22,333.46,5.22,0.62,96.62,12.11,10.81,2.75,0.00,0.00,39.76,3.85,21.70,4.73,2.00,5.22,16.71,22.56,19.25,7.12,7.54,4.90
77.60,77.6,03/06/2025 14:17:17,-7.969,23.939,,15.8,906770.0,579056.0,977528.97,393.69,1625.06,3476.35,677.37,12761.88,502.27,80.06,56.35,422.56,37.71,685.63,136.86,1325.12,63.12,194.64,40.23,151.15,47.23,77.13,30.85,29.03,5.99,2744.84,249.02,3.82,0.49,33.47,2.31,8.35,2.25,0.01,0.15,31.46,3.13,14.36,3.43,1.56,3.94,10.62,20.10,16.91,6.67,8.38,4.33,43270.68,652.85,2694.79,6568.43,1279.87,27301.95,1074.52,183.45,129.12,1055.10,94.16,825.91,164.86,1854.11,88.31,324.76,67.12,269.83,84.32,112.73,45.09,41.71,8.61,3924.42,356.03,4.86,0.62,41.89,2.90,10.40,2.80,0.02,0.20,37.21,3.70,19.39,4.63,2.08,5.25,11.86,22.44,18.22,7.19,9.50,4.91
77.70,77.7,03/06/2025 14:17:49,-8.047,32.934,,15.8,915767.0,584498.0,977538.76,360.32,1591.67,3842.66,728.56,12108.08,481.88,81.56,57.51,440.97,38.20,800.84,150.25,1337.29,63.61,193.86,40.59,137.97,47.52,51.81,26.72,41.61,8.39,2896.21,263.70,4.01,0.49,77.25,9.58,9.22,2.20,0.03,0.16,28.51,3.03,12.60,3.51,0.51,4.08,4.67,20.33,21.51,6.85,9.76,4.37,42935.38,597.52,2639.44,7260.57,1376.58,25903.23,1030.90,186.88,131.78,1101.07,95.39,964.70,180.99,1871.14,89.00,323.45,67.73,246.31,84.84,75.72,39.05,59.79,12.06,4140.84,377.02,5.11,0.63,96.69,11.99,11.47,2.74,0.04,0.21,33.71,3.59,17.01,4.74,0.68,5.44,5.22,22.70,23.17,7.38,11.07,4.95
77.80,77.8,03/06/2025 14:18:21,-8.153,40.340,,15.8,923697.0,584778.0,967825.33,346.50,1608.54,4611.80,841.94,20157.17,747.76,48.60,59.62,521.96,39.70,882.41,161.91,1752.59,69.70,273.10,47.67,146.61,50.01,49.63,27.50,35.96,7.39,3172.13,289.35,3.26,0.48,79.81,9.69,8.20,2.34,0.00,0.00,34.25,3.40,15.37,3.79,0.34,4.28,10.36,21.43,16.43,7.22,8.17,4.72,62932.67,574.59,2667.41,8713.83,1590.82,43122.94,1599.70,111.37,136.60,1303.30,99.13,1062.95,195.03,2452.24,97.53,455.67,79.54,261.73,89.29,72.54,40.20,51.67,10.61,4535.33,413.69,4.15,0.61,99.91,12.13,10.21,2.92,0.00,0.00,40.51,4.02,20.76,5.12,0.46,5.70,11.57,23.93,17.70,7.78,9.27,5.35
77.90,77.9,03/06/2025 14:19:04,-7.803,34.388,,15.8,921695.0,575152.0,963672.97,80.07,1621.41,5475.65,968.24,22828.11,836.01,15.26,58.99,373.25,39.99,1222.24,204.66,2065.92,73.51,426.22,58.57,146.40,50.84,74.87,31.85,48.49,9.59,3396.17,310.39,3.81,0.51,64.78,6.54,9.16,2.42,0.00,0.00,43.60,3.90,20.01,3.92,0.00,0.00,3.23,21.90,19.83,7.22,9.96,4.85,70865.15,132.78,2688.75,10346.05,1829.45,48836.97,1788.50,34.97,135.16,931.98,99.84,1472.32,246.53,2890.65,102.85,711.15,97.72,261.35,90.76,109.42,46.55,69.67,13.78,4855.65,443.78,4.85,0.65,81.09,8.18,11.40,3.02,0.00,0.00,51.56,4.61,27.02,5.30,0.00,0.00,3.61,24.45,21.36,7.78,11.29,5.51
78.00,78.0,03/06/2025 14:19:35,-7.487,35.516,1181337.576,15.9,916516.0,564732.0,954206.60,533.46,1627.80,6879.04,1175.10,29790.85,1066.36,4.15,60.52,402.26,40.89,1555.76,249.01,2146.64,76.04,432.14,59.70,151.77,52.48,83.53,34.15,94.49,17.32,3555.28,324.79,3.97,0.54,47.25,3.69,9.21,2.52,0.00,0.00,44.87,4.05,27.40,4.11,0.00,0.00,0.00,0.00,19.71,7.68,11.64,5.16,90039.59,884.63,2699.34,12997.69,2220.31,63732.60,2281.31,9.50,138.66,1004.40,102.10,1874.07,299.96,3003.59,106.39,721.03,99.61,270.93,93.69,122.08,49.92,135.76,24.88,5083.14,464.37,5.05,0.69,59.15,4.61,11.46,3.13,0.00,0.00,53.06,4.79,37.01,5.55,0.00,0.00,0.00,0.00,21.23,8.28,13.21,5.86
78.10,78.1,03/06/2025 14:20:07,-7.720,38.950,,15.9,895954.0,559505.0,967187.27,306.71,1575.47,4781.29,863.46,20411.96,754.93,39.52,33.10,442.48,38.56,1118.01,189.33,1972.75,70.75,270.33,47.10,107.39,48.60,73.87,30.97,37.38,7.42,3080.43,280.02,3.27,0.48,59.18,5.70,9.14,2.33,0.00,0.00,42.37,3.75,20.48,3.71,1.02,4.11,2.18,21.04,24.95,7.22,8.02,4.55,63928.93,508.61,2612.56,9034.06,1631.47,43668.02,1615.05,90.55,75.84,1104.84,96.28,1346.76,228.07,2760.29,98.99,451.04,78.59,191.71,86.76,107.96,45.27,53.71,10.66,4404.23,400.36,4.16,0.61,74.08,7.13,11.38,2.90,0.00,0.00,50.10,4.43,27.66,5.01,1.36,5.49,2.44,23.50,26.88,7.77,9.10,5.16
78.20,78.2,03/06/2025 14:20:39,-7.815,33.399,,16.0,886451.0,558329.0,971169.95,406.45,1556.51,4236.03,782.40,17850.80,669.55,32.85,55.91,448.31,37.79,981.38,171.47,1487.01,65.04,241.21,44.01,127.30,47.62,54.91,27.35,4.80,1.05,2799.73,253.44,3.75,0.49,55.43,5.20,10.01,2.25,0.00,0.00,30.66,3.16,19.37,3.57,1.22,3.99,7.62,20.48,20.83,6.90,10.39,4.47,56237.29,674.01,2581.13,8003.81,1478.32,38188.84,1432.38,75.28,128.12,1119.40,94.37,1182.18,206.55,2080.63,91.00,402.45,73.43,227.26,85.00,80.25,39.97,6.90,1.51,4002.89,362.35,4.77,0.62,69.38,6.51,12.46,2.80,0.00,0.00,36.26,3.74,26.16,4.83,1.62,5.32,8.51,22.87,22.43,7.43,11.78,5.07
78.30,78.3,03/06/2025 14:21:12,-7.855,30.490,,15.9,890611.0,561325.0,973254.28,300.53,1524.93,3884.21,729.97,16120.04,612.21,35.90,30.27,474.41,37.64,882.96,159.48,1476.24,64.89,276.11,46.27,145.28,47.43,56.93,27.50,11.77,2.53,2924.84,265.70,3.76,0.49,65.75,7.06,6.26,2.16,0.14,0.15,35.67,3.38,18.72,3.58,0.54,3.94,6.64,20.31,13.13,6.42,5.88,4.41,51913.02,498.36,2528.76,7339.07,1379.25,34486.17,1309.72,82.26,69.37,1184.55,93.98,1063.61,192.11,2065.56,90.80,460.68,77.19,259.36,84.67,83.21,40.20,16.91,3.64,4181.77,379.88,4.79,0.62,82.31,8.83,7.80,2.69,0.18,0.20,42.18,4.00,25.29,4.83,0.71,5.26,7.41,22.67,14.15,6.92,6.67,5.00
78.40,78.4,03/06/2025 14:21:54,-8.417,37.233,,15.9,889627.0,563113.0,977827.26,805.47,1514.40,3498.88,674.27,11538.10,461.36,96.87,64.01,415.48,37.12,676.88,133.79,1630.15,65.09,218.77,41.50,147.78,46.57,59.35,27.42,64.71,12.10,2816.20,255.67,3.55,0.46,103.59,16.22,9.15,2.22,0.01,0.15,30.62,3.12,15.20,3.52,0.00,0.00,13.63,19.85,21.36,6.67,6.98,4.39,42069.71,1335.69,2511.29,6611.01,1274.00,24683.85,987.01,221.97,146.68,1037.42,92.68,815.37,161.16,2280.92,91.08,365.02,69.24,263.82,83.13,86.75,40.07,92.98,17.39,4026.44,365.54,4.51,0.59,129.67,20.30,11.40,2.76,0.01,0.20,36.21,3.69,20.53,4.75,0.00,0.00,15.22,22.16,23.01,7.18,7.92,4.98
78.50,78.5,03/06/2025 14:22:26,-7.826,42.054,1181340.623,16.0,880338.0,561323.0,982934.20,345.46,1555.04,2425.18,530.70,8894.82,373.67,44.06,34.81,385.16,36.10,496.78,113.69,1307.21,60.81,188.93,38.43,127.07,44.78,61.73,27.24,37.00,7.30,2539.54,229.50,3.81,0.47,117.41,20.92,7.87,2.08,0.03,0.15,33.68,3.18,13.58,3.31,1.46,3.72,11.60,19.20,16.11,6.31,7.32,4.21,32251.03,572.86,2578.68,4582.28,1002.74,19029.01,799.40,100.96,79.76,961.72,90.15,598.43,136.96,1829.06,85.09,315.22,64.13,226.85,79.95,90.22,39.81,53.17,10.48,3630.89,328.13,4.85,0.59,146.97,26.19,9.79,2.59,0.04,0.19,39.83,3.76,18.34,4.47,1.95,4.96,12.95,21.44,17.35,6.79,8.30,4.78
78.60,78.6,03/06/2025 14:22:59,-8.013,35.380,,16.0,879460.0,559462.0,980450.22,234.02,1550.34,3016.87,610.61,10927.62,440.70,83.91,56.92,308.23,36.50,517.63,115.81,1285.25,60.98,163.47,36.26,134.35,45.22,64.22,27.78,25.85,5.25,2552.04,230.46,3.15,0.45,130.67,25.07,10.02,2.17,0.00,0.00,34.10,3.26,12.83,3.32,0.61,3.78,15.85,19.30,18.62,6.59,10.44,4.30,37430.44,388.06,2570.89,5700.27,1153.72,23377.84,942.81,192.27,130.41,769.63,91.13,623.54,139.51,1798.33,85.32,272.76,60.50,239.83,80.72,93.86,40.60,37.14,7.55,3648.76,329.50,4.01,0.57,163.57,31.39,12.48,2.71,0.00,0.00,40.33,3.85,17.34,4.49,0.82,5.04,17.70,21.55,20.05,7.10,11.84,4.88
78.70,78.7,03/06/2025 14:23:30,-7.760,33.594,,16.0,876273.0,552939.0,974388.98,391.56,1585.97,3971.49,744.78,15080.40,577.70,7.38,54.06,412.18,36.68,598.62,125.37,1564.41,64.79,243.15,43.16,120.97,46.13,60.84,27.73,63.65,11.78,2895.83,262.80,3.30,0.46,103.78,16.03,11.49,2.34,0.00,0.00,30.73,3.12,14.96,3.55,0.96,3.92,7.83,19.88,21.65,6.96,5.85,4.37,49558.68,649.31,2629.97,7503.98,1407.23,32262.02,1235.88,16.91,123.86,1029.16,91.58,721.09,151.03,2188.93,90.66,405.70,72.01,215.96,82.34,88.92,40.52,91.45,16.92,4140.30,375.74,4.19,0.59,129.92,20.07,14.30,2.91,0.00,0.00,36.34,3.70,20.20,4.80,1.28,5.23,8.74,22.19,23.32,7.50,6.63,4.96
78.80,78.8,03/06/2025 14:24:03,-7.750,35.176,,16.1,861988.0,547217.0,977074.51,231.76,1497.39,3516.66,674.39,13441.52,522.62,35.68,54.17,419.77,35.99,684.80,133.56,1503.61,63.12,216.22,40.86,96.12,45.12,56.11,26.64,90.75,21.95,2443.78,219.64,3.48,0.46,88.93,12.38,9.53,2.20,0.00,0.00,34.33,3.26,16.48,3.39,0.00,0.00,3.72,19.57,25.51,6.76,6.73,4.29,44311.95,384.32,2483.08,6644.60,1274.24,28755.90,1118.06,81.75,124.13,1048.12,89.86,824.91,160.89,2103.86,88.32,360.77,68.18,171.60,80.54,82.01,38.94,130.39,31.54,3493.98,314.03,4.42,0.58,111.32,15.50,11.87,2.73,0.00,0.00,40.59,3.86,22.27,4.58,0.00,0.00,4.16,21.85,27.49,7.29,7.63,4.86
78.90,78.9,03/06/2025 14:24:45,-8.240,39.805,,16.1,868280.0,546654.0,972310.31,331.34,1545.20,3993.78,746.36,16928.70,638.35,57.39,42.77,323.34,37.06,766.86,143.98,1750.74,66.73,254.95,44.25,126.21,46.48,74.69,30.23,30.73,6.07,2854.75,258.51,3.61,0.47,100.43,14.97,9.40,2.28,0.07,0.15,37.41,3.45,16.68,3.49,2.34,3.92,4.36,19.98,16.14,6.53,5.77,4.43,53750.34,549.46,2562.36,7546.10,1410.22,36216.15,1365.64,131.49,98.01,807.35,92.55,923.76,173.44,2449.65,93.37,425.39,73.83,225.30,82.98,109.17,44.18,44.16,8.72,4081.56,369.60,4.60,0.60,125.72,18.73,11.70,2.84,0.09,0.20,44.24,4.08,22.52,4.71,3.12,5.23,4.86,22.31,17.38,7.03,6.55,5.03
79.00,79.0,03/06/2025 14:25:17,-5.714,39.346,1181336.059,16.1,860607.0,545455.0,974740.66,1322.71,1471.27,3742.69,702.63,14575.75,559.51,45.41,54.34,336.22,36.57,636.75,128.57,1527.51,63.80,176.23,37.33,108.60,45.34,76.32,30.25,86.80,21.87,2425.94,217.78,3.31,0.46,90.67,12.73,9.31,2.21,0.00,0.00,37.52,3.42,17.66,3.43,0.93,3.81,16.84,19.54,17.03,6.63,5.15,4.28,48729.78,2193.41,2439.77,7071.67,1327.60,31182.42,1196.98,104.05,124.51,839.50,91.31,767.03,154.87,2137.30,89.27,294.04,62.29,193.87,80.94,111.54,44.22,124.72,31.43,3468.47,311.36,4.22,0.59,113.50,15.94,11.59,2.75,0.00,0.00,44.37,4.04,23.85,4.63,1.23,5.08,18.80,21.82,18.34,7.14,5.85,4.85
79.10,79.1,03/06/2025 14:25:49,-6.008,38.355,,16.1,860452.0,547399.0,982922.28,204.69,1462.05,2636.63,551.31,9176.25,381.32,40.47,31.81,401.04,35.69,484.81,111.15,1198.76,59.09,206.01,38.87,132.05,44.01,58.64,26.45,83.51,21.01,2260.60,202.70,3.57,0.45,96.83,14.88,10.02,2.13,0.00,0.00,28.71,2.94,16.74,3.29,0.34,3.61,12.61,18.85,18.95,6.47,6.47,4.11,32562.07,339.43,2424.49,4981.82,1041.67,19631.08,815.77,92.74,72.89,1001.37,89.12,584.01,133.89,1677.32,82.68,343.72,64.86,235.73,78.57,85.70,38.66,119.99,30.19,3232.08,289.80,4.55,0.58,121.21,18.63,12.48,2.65,0.00,0.00,33.95,3.47,22.62,4.45,0.45,4.82,14.08,21.05,20.41,6.97,7.34,4.66
79.20,79.2,03/06/2025 14:26:20,-6.548,39.679,,16.0,880942.0,561949.0,980342.87,462.17,1509.52,2567.91,546.71,11116.03,446.93,179.94,106.56,428.40,36.55,610.58,125.94,1346.11,61.84,179.16,38.01,117.45,45.24,72.12,29.36,30.11,6.07,2327.43,209.05,3.54,0.46,125.95,23.55,9.71,2.18,0.00,0.00,32.45,3.17,16.01,3.40,0.00,0.00,6.97,19.46,19.07,6.64,6.03,4.26,37754.57,766.40,2503.20,4851.96,1032.98,23780.92,956.13,412.31,244.16,1069.68,91.26,735.50,151.71,1883.49,86.53,298.93,63.42,209.67,80.76,105.40,42.91,43.26,8.73,3327.63,298.89,4.50,0.59,157.66,29.47,12.09,2.71,0.00,0.00,38.37,3.75,21.63,4.59,0.00,0.00,7.78,21.73,20.55,7.15,6.85,4.84
79.30,79.3,03/06/2025 14:26:52,-7.604,36.635,,15.5,969822.0,612210.0,970907.00,316.21,1764.26,4473.04,834.02,16019.58,615.14,143.48,92.90,580.54,41.45,807.76,157.38,1873.96,72.23,389.77,56.50,149.02,51.13,75.71,32.07,74.32,14.52,4000.36,370.33,4.37,0.55,55.23,5.06,10.10,2.51,0.00,0.00,46.79,4.07,29.04,4.12,0.84,4.56,10.67,21.98,20.38,7.53,11.81,5.01,55704.19,524.36,2925.62,8451.64,1575.85,34271.26,1315.99,328.77,212.88,1449.56,103.50,973.04,189.58,2622.06,101.06,650.34,94.27,266.03,91.27,110.66,46.88,106.78,20.86,5719.49,529.48,5.56,0.70,69.14,6.34,12.58,3.12,0.00,0.00,55.33,4.81,39.23,5.57,1.12,6.09,11.91,24.54,21.96,8.11,13.39,5.68
79.40,79.4,03/06/2025 14:27:35,-6.567,34.780,,15.5,969063.0,616169.0,970260.25,911.20,1702.52,4758.77,869.26,16383.81,626.49,63.71,50.49,502.19,42.13,893.40,167.22,1713.79,70.78,263.62,48.48,121.15,50.71,74.09,31.75,71.02,13.90,3840.71,354.84,3.83,0.53,24.93,1.45,9.46,2.49,0.00,0.00,42.21,3.89,24.30,4.07,1.54,4.56,7.14,21.90,21.41,7.48,7.47,4.98,56956.89,1511.02,2823.24,8991.52,1642.43,35050.45,1340.27,145.98,115.69,1253.92,105.18,1076.20,201.44,2397.94,99.04,439.85,80.88,216.28,90.53,108.29,46.40,102.04,19.98,5491.23,507.33,4.88,0.67,31.21,1.82,11.78,3.10,0.00,0.00,49.92,4.60,32.83,5.50,2.05,6.07,7.97,24.45,23.06,8.06,8.48,5.65
79.50,79.5,03/06/2025 14:28:07,-6.771,27.574,1181337.911,15.5,975249.0,613448.0,965937.12,305.57,1781.64,5864.68,1035.14,19676.62,735.65,24.10,23.47,441.54,43.11,922.21,171.97,1919.17,74.07,311.50,52.51,154.49,52.55,80.14,33.37,111.06,20.77,4101.26,379.69,4.49,0.56,32.57,2.12,10.13,2.57,0.00,0.00,41.96,3.95,21.15,4.13,0.62,4.66,6.08,22.50,24.22,7.81,9.32,5.13,65754.17,506.72,2954.46,11081.09,1955.86,42094.89,1573.80,55.23,53.78,1102.48,107.65,1110.89,207.16,2685.31,103.63,519.73,87.62,275.80,93.80,117.14,48.77,159.57,29.84,5863.75,542.86,5.72,0.71,40.77,2.65,12.61,3.20,0.00,0.00,49.63,4.67,28.57,5.58,0.82,6.21,6.78,25.12,26.09,8.41,10.57,5.82
79.60,79.6,03/06/2025 14:28:39,-7.366,18.446,,15.5,973456.0,619092.0,968976.04,321.46,1788.12,4927.50,901.09,18121.62,684.68,101.59,71.90,686.91,42.24,765.33,154.05,1632.24,70.54,286.19,50.32,148.32,51.77,72.36,31.70,76.17,14.93,3728.76,343.93,3.87,0.53,44.74,3.56,8.98,2.46,0.00,0.00,37.03,3.66,23.83,4.10,0.60,4.62,5.87,22.19,23.54,7.48,7.04,4.96,60242.76,533.07,2965.19,9310.33,1702.58,38768.22,1464.75,232.77,164.75,1715.15,105.48,921.93,185.56,2283.84,98.71,477.50,83.96,264.78,92.42,105.75,46.33,109.45,21.46,5331.17,491.73,4.93,0.68,56.01,4.45,11.18,3.06,0.00,0.00,43.79,4.33,32.20,5.54,0.80,6.15,6.55,24.78,25.36,8.06,7.99,5.62
79.70,79.7,03/06/2025 14:29:11,-7.291,15.276,,15.4,970124.0,628646.0,975269.33,400.34,1715.80,4611.41,849.89,13503.56,531.67,42.77,36.97,559.61,41.44,477.98,123.25,1177.71,64.77,166.77,40.09,136.35,50.16,75.12,31.57,98.69,18.66,3351.57,308.09,3.96,0.51,32.37,2.18,10.44,2.36,0.00,0.00,30.95,3.29,16.22,3.83,1.00,4.48,5.71,21.49,22.42,7.24,5.72,4.64,47705.09,663.88,2845.27,8713.09,1605.83,28888.64,1137.42,98.01,84.72,1397.29,103.46,575.78,148.47,1647.86,90.63,278.26,66.89,243.40,89.55,109.80,46.14,141.81,26.81,4791.88,440.49,5.04,0.65,40.51,2.73,13.00,2.94,0.00,0.00,36.60,3.89,21.91,5.17,1.33,5.98,6.37,24.00,24.15,7.80,6.49,5.27
79.80,79.8,03/06/2025 14:29:43,-6.875,13.486,,15.4,973106.0,637494.0,982195.01,321.46,1775.36,2809.36,606.62,8500.95,368.33,155.52,97.91,554.74,40.28,298.39,104.82,1096.90,62.62,227.36,44.52,74.95,47.81,57.40,28.04,83.67,16.19,3506.59,323.86,4.09,0.51,45.49,3.86,7.86,2.24,0.15,0.16,22.33,2.81,7.30,3.69,2.67,4.44,5.80,20.91,17.63,6.76,4.37,4.51,33536.52,533.06,2944.04,5308.18,1146.18,18186.38,787.99,356.36,224.34,1385.14,100.57,359.45,126.26,1534.79,87.62,379.34,74.28,133.80,85.34,83.89,40.98,120.22,23.26,5013.53,463.04,5.20,0.65,56.94,4.83,9.78,2.78,0.20,0.21,26.41,3.33,9.86,4.98,3.56,5.92,6.48,23.35,18.99,7.28,4.96,5.12
79.90,79.9,03/06/2025 14:30:25,-7.143,14.547,,15.4,972698.0,640748.0,984019.76,301.63,1764.76,2738.66,593.10,7103.24,321.16,109.04,73.56,532.33,40.23,329.59,106.93,964.98,60.90,123.99,34.95,82.05,47.64,56.11,27.63,133.46,24.55,3375.93,311.40,4.00,0.49,55.58,5.49,9.33,2.26,0.05,0.16,17.17,2.49,8.74,3.60,2.75,4.35,4.10,20.72,22.37,7.04,5.14,4.39,29807.72,500.18,2926.47,5174.60,1120.65,15196.21,687.08,249.86,168.55,1329.19,100.46,397.02,128.81,1350.21,85.22,206.87,58.31,146.47,85.05,82.01,40.38,191.76,35.27,4826.71,445.22,5.09,0.63,69.57,6.87,11.62,2.82,0.07,0.21,20.30,2.94,11.81,4.86,3.67,5.80,4.58,23.13,24.09,7.58,5.83,4.98
80.00,80.0,03/06/2025 14:30:57,-7.119,21.296,1181334.797,15.4,971695.0,637533.0,984439.71,451.89,1809.42,2505.65,562.49,6856.29,312.34,134.00,86.10,483.26,40.34,232.97,97.27,956.57,60.61,78.66,27.95,140.40,48.11,70.18,29.87,65.71,13.13,3450.32,318.68,4.04,0.51,41.49,3.35,8.75,2.27,0.00,0.00,18.48,2.59,12.69,3.66,1.30,4.34,24.21,20.53,16.93,6.75,6.49,4.39,28957.66,749.37,3000.52,4734.34,1062.80,14667.91,668.20,307.05,197.29,1206.66,100.71,280.64,117.18,1338.43,84.81,131.24,46.63,250.63,85.89,102.57,43.66,94.41,18.86,4933.07,455.63,5.14,0.64,51.93,4.19,10.89,2.83,0.00,0.00,21.86,3.06,17.14,4.94,1.74,5.79,27.03,22.92,18.24,7.27,7.36,4.98
80.10,80.1,03/06/2025 14:31:29,-7.080,17.464,,15.7,919056.0,588328.0,988915.46,218.28,1721.74,2425.27,545.91,5074.11,250.78,165.91,100.90,391.36,38.59,17.11,28.76,732.20,54.99,29.54,14.45,106.96,44.56,71.01,28.86,12.92,2.85,1717.86,152.84,3.58,0.44,46.24,4.22,7.73,2.01,0.08,0.14,13.58,2.06,6.81,3.08,1.68,3.65,20.18,19.16,18.58,6.08,3.56,3.84,21167.02,361.97,2855.12,4582.46,1031.47,10855.21,536.51,380.16,231.20,977.20,96.36,20.61,34.65,1024.50,76.94,49.28,24.11,190.95,79.55,103.78,42.18,18.57,4.10,2456.10,218.53,4.55,0.56,57.88,5.28,9.62,2.50,0.10,0.19,16.06,2.44,9.19,4.17,2.24,4.86,22.53,21.40,20.02,6.55,4.04,4.35
80.20,80.2,03/06/2025 14:32:01,-8.737,13.893,,15.8,916811.0,584813.0,989233.05,343.24,1690.42,2278.64,523.15,4671.62,236.57,112.87,73.98,387.41,38.32,106.23,74.30,837.56,55.92,20.10,14.54,130.66,45.18,59.89,26.88,8.05,1.81,1666.17,148.02,3.33,0.42,66.42,7.97,8.33,1.98,0.01,0.14,9.77,1.79,7.43,3.09,1.25,3.66,23.23,19.25,19.46,6.23,5.28,3.83,20316.58,569.19,2803.19,4305.40,988.47,9994.16,506.10,258.63,169.53,967.32,95.67,127.96,89.50,1171.93,78.24,33.53,24.27,233.25,80.65,87.53,39.28,11.57,2.60,2382.20,211.63,4.24,0.54,83.14,9.97,10.37,2.46,0.02,0.19,11.55,2.12,10.04,4.18,1.67,4.88,25.93,21.49,20.96,6.71,5.99,4.35
80.30,80.3,03/06/2025 14:32:33,-7.939,16.137,,15.8,915395.0,588522.0,989249.64,288.87,1753.89,2191.33,516.43,4989.58,247.95,51.64,41.40,355.19,38.25,150.14,82.59,752.66,55.14,21.53,14.44,114.50,44.59,57.94,26.49,12.14,2.67,1644.88,145.99,3.39,0.44,41.35,3.50,8.20,2.02,0.00,0.00,7.55,1.60,6.34,3.11,2.36,3.66,23.16,19.13,23.61,6.32,3.99,3.92,20369.98,479.03,2908.43,4140.44,975.78,10674.39,530.44,118.32,94.85,886.86,95.51,180.86,99.49,1053.13,77.15,35.92,24.10,204.41,79.59,84.68,38.71,17.45,3.83,2351.75,208.73,4.32,0.56,51.76,4.38,10.21,2.51,0.00,0.00,8.93,1.89,8.57,4.20,3.14,4.88,25.86,21.36,25.43,6.81,4.53,4.45
80.40,80.4,03/06/2025 14:33:15,-9.817,14.356,,15.8,913933.0,585411.0,989272.63,216.72,1725.76,2293.57,526.71,4867.01,243.62,106.50,70.50,446.50,37.95,34.53,45.38,701.01,54.55,41.07,18.13,92.88,44.38,61.35,27.05,38.60,7.78,1722.96,153.21,3.61,0.44,36.33,2.81,6.89,1.98,0.07,0.14,9.50,1.77,6.51,3.06,2.62,3.66,18.31,19.16,15.50,6.06,5.33,3.93,20454.82,359.39,2861.79,4333.62,995.20,10412.17,521.18,244.03,161.54,1114.87,94.76,41.60,54.66,980.85,76.32,68.53,30.24,165.81,79.24,89.66,39.53,55.47,11.18,2463.39,219.05,4.60,0.56,45.47,3.52,8.58,2.46,0.09,0.19,11.23,2.10,8.80,4.13,3.49,4.89,20.45,21.40,16.69,6.52,6.04,4.45
80.50,80.5,03/06/2025 14:33:47,-7.110,16.996,1181342.339,15.8,918565.0,585016.0,989464.22,279.41,1755.59,2024.56,496.28,4892.72,244.97,83.96,59.17,416.76,38.33,86.35,69.26,734.21,54.80,13.69,14.47,98.54,44.48,69.65,28.60,74.12,20.76,1642.34,145.83,3.45,0.43,36.88,2.89,7.30,2.03,0.00,0.00,12.17,1.97,7.94,3.08,1.54,3.64,25.71,19.20,20.57,6.12,3.91,3.93,20017.44,463.35,2911.25,3825.32,937.70,10467.17,524.07,192.39,135.59,1040.61,95.70,104.02,83.44,1027.31,76.68,22.84,24.15,175.91,79.41,101.79,41.80,106.50,29.83,2348.12,208.50,4.39,0.55,46.16,3.61,9.08,2.52,0.00,0.00,14.39,2.34,10.72,4.16,2.05,4.86,28.71,21.44,22.16,6.59,4.44,4.46
80.60,80.6,03/06/2025 14:34:19,-7.715,21.625,,15.7,920464.0,586179.0,989900.13,311.20,1693.83,1875.53,475.31,4518.58,232.39,46.66,55.66,549.01,37.77,58.29,59.24,679.83,54.50,7.44,14.47,143.37,45.19,65.67,27.81,47.45,9.41,1656.93,147.19,3.43,0.43,36.25,2.81,7.23,1.96,0.00,0.00,9.66,1.77,7.41,3.09,2.01,3.62,52.02,35.20,18.84,6.20,3.06,3.89,19191.93,516.05,2808.84,3543.75,898.08,9666.76,497.15,106.90,127.54,1370.82,94.31,70.22,71.37,951.22,76.25,12.42,24.13,255.93,80.67,95.98,40.64,68.18,13.52,2368.99,210.44,4.36,0.55,45.38,3.52,9.00,2.44,0.00,0.00,11.43,2.10,10.01,4.17,2.68,4.83,58.08,39.31,20.30,6.68,3.47,4.41
80.70,80.7,03/06/2025 14:34:51,-7.949,24.336,,15.8,922028.0,583752.0,990105.09,160.91,1700.66,2052.68,500.08,4234.10,222.60,250.30,147.56,421.43,38.30,13.57,27.58,684.15,54.67,5.25,14.40,119.09,44.79,68.27,28.26,42.99,8.62,1714.99,152.64,3.46,0.43,58.50,6.38,8.54,2.00,0.00,0.00,8.53,1.70,5.65,3.07,1.26,3.63,19.80,19.16,17.06,6.11,4.39,3.87,18790.87,266.83,2820.17,3878.46,944.89,9058.15,476.22,573.53,338.12,1052.26,95.64,16.35,33.23,957.27,76.50,8.77,24.02,212.59,79.95,99.78,41.30,61.77,12.39,2451.99,218.24,4.41,0.54,73.23,7.99,10.63,2.49,0.00,0.00,10.09,2.01,7.63,4.15,1.67,4.84,22.11,21.39,18.38,6.58,4.99,4.39
80.80,80.8,03/06/2025 14:35:23,-7.633,18.911,,15.8,918450.0,578922.0,989063.97,310.06,1695.87,2284.05,529.91,4765.27,241.61,191.01,115.39,482.52,38.25,16.21,27.66,684.54,54.44,9.72,14.48,113.16,44.79,60.84,27.06,70.59,20.63,1813.64,161.70,3.54,0.44,41.13,3.45,5.82,1.91,0.02,0.14,13.09,2.05,7.97,3.10,1.92,3.63,38.26,26.51,17.41,6.14,5.26,3.92,20805.24,514.16,2812.22,4315.62,1001.25,10194.52,516.89,437.66,264.40,1204.79,95.50,19.52,33.31,957.81,76.17,16.22,24.16,202.01,79.96,88.93,39.55,101.43,29.65,2593.04,231.19,4.50,0.56,51.49,4.32,7.25,2.38,0.03,0.19,15.48,2.42,10.77,4.19,2.55,4.84,42.72,29.60,18.75,6.61,5.97,4.45
80.90,80.9,03/06/2025 14:36:05,-7.284,25.529,,15.8,918736.0,573989.0,987196.77,380.69,1712.70,2419.77,543.64,6182.60,287.41,197.10,117.54,403.57,38.61,118.45,77.13,850.94,56.45,25.33,14.60,116.50,45.11,80.91,30.87,81.13,21.22,1819.98,162.22,3.38,0.44,52.22,5.14,7.20,2.04,0.00,0.00,16.01,2.22,7.82,3.11,0.30,3.64,18.45,19.31,16.12,6.17,4.77,3.90,24461.70,631.30,2840.12,4572.07,1027.19,13226.64,614.87,451.63,269.33,1007.69,96.40,142.68,92.91,1190.64,78.98,42.26,24.36,207.98,80.53,118.25,45.12,116.57,30.49,2602.10,231.94,4.30,0.56,65.37,6.44,8.96,2.53,0.00,0.00,18.93,2.62,10.56,4.19,0.40,4.85,20.60,21.57,17.36,6.65,5.41,4.42
81.00,81.0,03/06/2025 14:36:37,-8.480,40.539,1181338.043,15.8,918415.0,569694.0,986488.37,175.56,1734.28,2589.78,570.75,6923.62,313.59,144.37,91.01,348.63,39.26,133.82,81.14,954.47,57.92,80.46,26.83,107.50,45.11,73.81,29.60,79.57,21.23,1784.76,158.81,3.38,0.44,36.21,2.76,7.98,2.06,0.00,0.00,15.58,2.23,8.08,3.13,2.68,3.63,15.65,19.41,20.73,6.42,4.97,3.96,25932.42,291.12,2875.91,4893.29,1078.41,14811.94,670.88,330.81,208.54,870.50,98.02,161.20,97.74,1335.51,81.05,134.25,44.76,191.91,80.52,107.88,43.26,114.34,30.50,2551.74,227.05,4.30,0.56,45.33,3.45,9.94,2.56,0.00,0.00,18.42,2.63,10.91,4.23,3.57,4.84,17.48,21.67,22.33,6.92,5.64,4.49
81.10,81.1,03/06/2025 14:37:09,-7.364,47.081,,15.8,917935.0,570354.0,984669.42,243.74,1657.44,2767.73,588.23,8093.42,350.69,67.72,50.80,457.70,38.59,354.11,105.76,1015.50,58.72,97.30,29.65,101.36,45.50,59.13,27.15,26.69,5.60,1932.29,172.51,3.35,0.44,36.11,2.72,7.21,2.05,0.00,0.00,18.93,2.47,9.88,3.16,0.89,3.70,13.33,19.63,18.25,6.46,5.94,4.08,29461.09,404.18,2748.49,5229.52,1111.45,17314.53,750.24,155.17,116.39,1142.83,96.37,426.56,127.40,1420.89,82.16,162.35,49.48,180.95,81.23,86.43,39.68,38.35,8.04,2762.69,246.65,4.26,0.56,45.21,3.40,8.98,2.55,0.00,0.00,22.39,2.92,13.35,4.27,1.19,4.93,14.88,21.91,19.65,6.96,6.74,4.63
81.20,81.2,03/06/2025 14:37:41,-8.659,39.078,,15.8,921923.0,569200.0,981657.44,207.81,1786.22,3141.78,647.03,10101.62,418.29,80.73,58.59,428.43,39.32,405.88,110.95,1314.58,62.42,145.97,35.77,124.81,46.56,81.85,31.55,3.87,0.88,2179.16,195.49,3.60,0.47,44.52,3.78,7.46,2.12,0.13,0.15,21.82,2.63,9.19,3.30,2.00,3.77,13.66,19.95,18.28,6.44,5.40,4.19,35333.58,344.61,2962.04,5936.27,1222.53,21610.74,894.86,184.98,134.25,1069.75,98.18,488.93,133.65,1839.37,87.34,243.55,59.67,222.80,83.12,119.63,46.11,5.56,1.26,3115.64,279.50,4.58,0.59,55.73,4.73,9.29,2.64,0.18,0.20,25.81,3.11,12.41,4.45,2.66,5.02,15.25,22.28,19.69,6.93,6.13,4.75
81.30,81.3,03/06/2025 14:38:13,-7.318,37.692,,15.8,923572.0,568001.0,978482.73,295.54,1713.10,3727.45,722.31,12089.61,483.18,38.45,57.95,359.46,40.08,576.90,128.38,1593.14,65.90,123.69,33.41,161.89,47.81,63.63,28.49,0.74,0.17,2318.79,208.50,3.84,0.48,72.53,8.69,9.43,2.22,0.01,0.15,24.95,2.84,7.30,3.36,0.78,3.90,24.32,20.22,17.44,6.60,7.36,4.34,41413.26,490.09,2840.79,7042.88,1364.79,25863.73,1033.68,88.10,132.80,897.54,100.06,694.94,154.64,2229.13,92.21,206.38,55.74,289.00,85.36,92.99,41.64,1.06,0.24,3315.28,298.10,4.88,0.61,90.80,10.88,11.74,2.76,0.02,0.20,29.51,3.36,9.87,4.54,1.04,5.20,27.15,22.58,18.79,7.11,8.35,4.92
81.40,81.4,03/06/2025 14:38:56,-8.151,35.443,,15.8,922356.0,565457.0,975414.96,350.44,1731.29,3805.96,736.46,14789.14,572.19,31.34,28.53,371.33,40.15,841.08,157.07,1615.16,66.52,209.44,41.81,191.44,49.00,87.38,33.16,72.54,22.20,2064.16,184.25,4.00,0.48,60.29,6.19,9.28,2.16,0.12,0.15,28.54,3.03,10.86,3.39,1.32,3.87,18.54,20.54,18.55,6.52,4.12,4.39,47745.55,581.13,2870.95,7191.23,1391.52,31638.93,1224.11,71.80,65.38,927.18,100.25,1013.16,189.20,2259.94,93.07,349.44,69.76,341.76,87.47,127.70,48.46,104.22,31.89,2951.23,263.44,5.10,0.61,75.47,7.75,11.55,2.69,0.16,0.20,33.75,3.59,14.67,4.57,1.76,5.17,20.70,22.94,19.98,7.03,4.68,4.98
81.50,81.5,03/06/2025 14:39:28,-7.422,34.523,1181343.329,15.8,919611.0,564723.0,975022.55,216.95,1673.38,3884.51,746.18,15613.43,599.44,53.92,44.34,397.10,40.10,691.04,141.29,1466.19,65.58,188.04,39.96,157.33,48.26,78.53,31.46,73.77,22.19,1993.09,177.55,3.82,0.48,59.14,6.00,6.37,2.15,0.00,0.00,27.70,2.96,11.95,3.42,2.82,3.90,23.72,20.52,20.56,6.76,7.45,4.38,48962.34,359.77,2774.93,7339.64,1409.88,33402.36,1282.39,123.54,101.59,991.53,100.13,832.43,170.20,2051.50,91.76,313.75,66.68,280.86,86.15,114.78,45.99,106.00,31.88,2849.60,253.86,4.86,0.61,74.04,7.52,7.92,2.68,0.00,0.00,32.76,3.50,16.15,4.62,3.76,5.20,26.49,22.91,22.15,7.29,8.45,4.97
81.60,81.6,03/06/2025 14:40:00,-7.673,22.221,,15.8,922561.0,569261.0,975041.12,328.42,1705.33,3800.14,732.88,15247.06,586.62,136.33,87.93,404.82,40.13,736.15,146.17,1565.77,66.26,213.30,42.28,135.12,48.16,55.25,27.60,76.79,22.47,2106.07,188.17,3.91,0.48,65.22,7.11,9.08,2.18,0.00,0.00,23.68,2.79,13.93,3.46,1.21,3.92,9.42,20.67,21.46,6.95,5.75,4.40,48730.02,544.61,2827.91,7180.22,1384.74,32618.57,1254.98,312.37,201.47,1010.79,100.21,886.77,176.07,2190.84,92.71,355.89,70.55,241.21,85.98,80.75,40.33,110.34,32.29,3011.14,269.04,4.98,0.61,81.64,8.89,11.31,2.71,0.00,0.00,28.00,3.30,18.82,4.68,1.62,5.23,10.52,23.07,23.12,7.48,6.52,4.99
81.70,81.7,03/06/2025 14:40:32,-6.281,21.558,,15.8,919497.0,579873.0,978961.43,380.33,1720.02,3336.39,669.95,12131.70,484.76,115.46,76.90,495.15,39.16,548.10,125.61,1423.47,63.89,161.73,37.64,127.18,47.25,88.66,33.14,80.99,22.09,2030.45,181.33,4.01,0.48,47.45,4.17,7.74,2.11,0.04,0.15,19.67,2.56,12.55,3.38,1.39,3.90,5.36,20.25,15.55,6.50,5.20,4.30,40832.08,630.69,2852.26,6303.99,1265.85,25953.78,1037.06,264.57,176.20,1236.35,97.77,660.24,151.31,1991.73,89.39,269.84,62.81,227.04,84.36,129.58,48.44,116.37,31.75,2903.02,259.26,5.11,0.61,59.40,5.22,9.63,2.63,0.05,0.20,23.26,3.03,16.95,4.57,1.85,5.21,5.99,22.61,16.75,7.00,5.90,4.88
81.80,81.8,03/06/2025 14:41:04,-7.691,23.014,,15.8,921117.0,583747.0,981438.58,218.91,1736.07,3121.95,641.76,10436.84,428.52,40.51,57.40,467.07,39.05,442.96,114.76,1170.79,61.07,136.41,34.84,153.11,47.14,58.60,27.45,86.94,22.19,2093.34,187.48,3.53,0.46,57.23,5.83,8.97,2.17,0.01,0.15,20.75,2.58,7.53,3.30,0.32,3.85,10.59,20.00,20.60,6.73,4.48,4.21,35886.50,363.02,2878.89,5898.81,1212.58,22327.90,916.74,92.82,131.51,1166.22,97.51,533.59,138.24,1638.18,85.45,227.61,58.12,273.33,84.15,85.65,40.11,124.91,31.89,2992.94,268.04,4.49,0.58,71.64,7.30,11.16,2.70,0.01,0.20,24.53,3.05,10.18,4.46,0.43,5.13,11.82,22.33,22.19,7.25,5.08,4.77
81.90,81.9,03/06/2025 14:41:47,-7.411,18.847,,15.7,921212.0,587046.0,982030.88,264.40,1713.96,2975.96,619.94,9940.97,412.33,105.73,71.33,439.10,39.24,363.67,107.44,1161.39,61.06,115.40,32.35,138.14,46.73,71.70,29.64,75.83,21.63,2195.26,197.17,3.52,0.46,49.67,4.57,8.73,2.17,0.00,0.15,14.10,2.21,11.98,3.41,0.40,3.92,14.05,19.92,15.39,6.45,3.73,4.19,34669.20,438.46,2842.22,5622.96,1171.35,21267.06,882.12,242.27,163.44,1096.39,97.99,438.07,129.42,1625.02,85.43,192.55,53.98,246.60,83.43,104.80,43.33,108.95,31.08,3138.66,281.90,4.48,0.59,62.17,5.72,10.86,2.70,0.00,0.20,16.68,2.62,16.19,4.61,0.53,5.22,15.68,22.24,16.58,6.95,4.23,4.76
82.00,82.0,03/06/2025 14:42:19,-6.012,24.734,1181338.702,15.7,919915.0,586802.0,980775.26,447.67,1645.35,3554.30,694.09,10645.88,435.20,37.09,32.29,460.30,39.18,408.24,111.95,1109.60,60.73,107.82,31.37,136.49,46.87,70.94,29.53,82.95,21.97,2047.17,183.09,3.18,0.45,37.80,2.88,9.48,2.16,0.00,0.00,18.39,2.48,7.96,3.33,1.54,3.91,15.72,19.98,18.10,6.60,4.11,4.23,37224.63,742.35,2728.44,6715.72,1311.46,22775.11,931.03,84.99,73.98,1149.33,97.84,491.77,134.85,1552.55,84.97,179.89,52.33,243.67,83.66,103.68,43.16,119.19,31.57,2926.93,261.77,4.05,0.57,47.32,3.61,11.80,2.68,0.00,0.00,21.75,2.93,10.76,4.50,2.06,5.21,17.55,22.31,19.49,7.11,4.66,4.80
82.10,82.1,03/06/2025 14:42:52,-7.184,28.966,,15.8,920952.0,584088.0,981212.17,501.91,1720.48,3233.95,654.24,10100.00,417.07,142.87,89.84,523.94,38.67,372.39,108.47,1175.48,61.11,75.14,26.28,145.69,47.00,63.88,28.23,46.17,9.14,2241.63,201.41,3.76,0.47,64.12,7.10,9.57,2.16,0.00,0.00,21.75,2.65,11.50,3.40,1.41,3.87,27.96,19.97,19.09,6.65,5.62,4.26,36227.30,832.31,2853.03,6110.42,1236.15,21607.27,892.26,327.38,205.86,1308.23,96.55,448.58,130.66,1644.74,85.50,125.38,43.84,260.09,83.90,93.36,41.26,66.34,13.14,3204.95,287.97,4.79,0.60,80.26,8.89,11.91,2.69,0.00,0.00,25.73,3.13,15.54,4.59,1.88,5.17,31.22,22.30,20.56,7.16,6.38,4.83
82.20,82.2,03/06/2025 14:43:25,-6.969,20.432,,15.7,921422.0,586382.0,983960.65,310.05,1721.24,2536.54,561.84,8789.02,374.53,159.98,98.88,445.36,38.91,260.53,97.47,901.29,58.18,27.80,14.89,106.10,45.79,78.93,30.76,57.28,11.10,2223.66,199.98,3.69,0.46,42.46,3.53,9.45,2.17,0.00,0.00,17.46,2.39,12.26,3.32,1.21,3.81,27.10,19.69,22.40,6.59,6.77,4.10,30946.25,514.15,2854.29,4792.69,1061.58,18802.66,801.25,366.58,226.56,1112.02,97.15,313.84,117.42,1261.09,81.41,46.39,24.84,189.40,81.74,115.36,44.96,82.31,15.95,3179.27,285.92,4.69,0.59,53.15,4.42,11.76,2.70,0.00,0.00,20.65,2.82,16.56,4.49,1.61,5.08,30.26,21.99,24.13,7.10,7.68,4.65
82.30,82.3,03/06/2025 14:43:58,-6.712,19.774,,15.7,923291.0,586052.0,984392.02,272.30,1683.74,2820.09,597.85,8246.26,356.16,123.62,80.05,415.50,39.20,217.33,92.61,899.67,58.08,53.63,21.69,110.03,45.82,81.11,31.20,2.76,0.63,2219.61,199.70,3.78,0.47,55.32,5.58,7.88,2.10,0.06,0.15,17.50,2.35,11.42,3.26,0.82,3.80,20.97,19.70,21.10,6.46,7.19,4.05,30020.26,451.54,2792.11,5328.46,1129.62,17641.52,761.94,283.27,183.43,1037.47,97.89,261.80,111.56,1258.82,81.26,89.48,36.20,196.43,81.80,118.55,45.60,3.97,0.91,3173.47,285.52,4.81,0.59,69.25,6.99,9.81,2.61,0.08,0.20,20.69,2.77,15.43,4.40,1.10,5.07,23.42,21.99,22.73,6.96,8.16,4.59
82.40,82.4,03/06/2025 14:44:41,-6.301,19.903,,15.7,925704.0,585443.0,983897.14,299.98,1683.91,2951.85,614.77,8225.37,355.93,89.68,62.70,475.49,38.96,235.56,95.32,1072.47,59.85,89.69,28.76,140.93,46.60,66.63,28.69,86.47,21.98,2247.40,202.35,4.15,0.48,44.40,3.80,10.64,2.20,0.09,0.15,17.61,2.38,9.61,3.28,1.58,3.82,10.39,19.84,18.00,6.25,4.90,4.11,30831.49,497.45,2792.38,5577.41,1161.59,17596.82,761.46,205.48,143.67,1187.24,97.28,283.76,114.82,1500.61,83.74,149.65,47.98,251.58,83.20,97.39,41.93,124.25,31.59,3213.20,289.31,5.28,0.61,55.58,4.75,13.24,2.74,0.12,0.19,20.82,2.81,12.98,4.44,2.11,5.09,11.60,22.15,19.39,6.73,5.56,4.66
82.50,82.5,03/06/2025 14:45:13,-7.555,26.249,1181341.747,15.7,924440.0,585813.0,984465.41,360.06,1725.21,2571.30,566.01,8056.78,350.26,153.90,95.53,474.17,38.66,299.38,100.84,978.81,58.55,72.49,25.80,119.27,46.11,64.49,28.16,38.05,7.76,2204.85,198.33,3.82,0.47,51.80,4.97,22.20,3.78,0.05,0.15,17.41,2.36,8.18,3.28,1.67,3.81,12.67,19.75,19.40,6.33,3.84,4.07,29764.23,597.08,2860.87,4858.37,1069.46,17236.15,749.33,352.64,218.88,1183.96,96.52,360.63,121.47,1369.56,81.93,120.95,43.05,212.93,82.32,94.26,41.16,54.67,11.15,3152.36,283.57,4.86,0.59,64.84,6.22,27.63,4.71,0.06,0.19,20.59,2.80,11.06,4.44,2.22,5.08,14.14,22.05,20.90,6.82,4.36,4.62
82.60,82.6,03/06/2025 14:45:45,-7.436,25.328,,15.7,926902.0,584319.0,984520.72,375.43,1703.31,2468.67,550.10,8235.65,355.96,110.08,73.20,474.97,38.74,212.91,91.76,893.41,57.62,53.01,21.53,131.33,46.09,84.02,31.78,77.69,21.50,2217.78,199.62,3.39,0.46,6.50,0.30,58.00,8.25,0.00,0.00,17.82,2.38,8.13,3.25,2.17,3.77,22.67,19.67,20.70,6.47,4.95,4.12,29751.57,622.57,2824.56,4664.46,1039.40,17618.81,761.51,252.24,167.74,1185.95,96.73,256.47,110.54,1250.06,80.63,88.45,35.92,234.45,82.29,122.80,46.45,111.63,30.89,3170.85,285.41,4.31,0.58,8.14,0.37,72.19,10.27,0.00,0.00,21.08,2.82,10.98,4.39,2.89,5.02,25.31,21.96,22.29,6.97,5.62,4.67
82.70,82.7,03/06/2025 14:46:17,-7.993,21.754,,15.8,925696.0,583481.0,984377.86,333.74,1695.76,2419.79,547.03,8384.57,361.33,4.54,4.95,515.91,38.73,225.60,93.57,1014.45,59.46,78.54,26.68,135.88,46.06,87.58,32.54,64.69,21.00,2145.28,192.70,3.28,0.45,36.79,2.80,85.70,11.82,0.00,0.00,18.56,2.42,13.41,3.35,1.85,3.84,27.06,19.67,19.15,6.44,5.78,4.13,29971.28,553.43,2812.04,4572.11,1033.60,17937.41,773.00,10.39,11.34,1288.17,96.70,271.75,112.72,1419.43,83.20,131.04,44.51,242.57,82.23,128.00,47.57,92.94,30.18,3067.21,275.52,4.18,0.57,46.06,3.50,106.67,14.71,0.00,0.00,21.95,2.86,18.11,4.53,2.47,5.12,30.21,21.96,20.63,6.93,6.56,4.69
82.80,82.8,03/06/2025 14:46:50,-7.556,15.539,,15.8,924681.0,585202.0,985005.62,319.40,1648.65,2831.15,598.69,7506.41,332.35,55.81,43.98,506.42,38.93,113.00,77.11,922.12,58.29,56.36,22.08,156.09,46.10,84.64,31.81,80.95,21.55,2137.38,192.04,3.82,0.46,23.77,1.43,121.93,16.43,0.00,0.00,12.02,2.04,10.10,3.30,0.74,3.81,26.28,19.51,21.58,6.56,4.41,4.09,28697.88,529.66,2733.92,5349.35,1131.20,16058.73,711.02,127.89,100.78,1264.48,97.19,136.12,92.88,1290.23,81.56,94.03,36.84,278.65,82.29,123.71,46.49,116.31,30.96,3055.91,274.57,4.86,0.59,29.75,1.79,151.77,20.45,0.00,0.00,14.21,2.42,13.64,4.46,0.98,5.09,29.34,21.78,23.24,7.07,5.01,4.64
82.90,82.9,03/06/2025 14:47:32,-9.529,11.108,,15.7,926496.0,589730.0,984936.65,370.16,1699.48,2622.87,569.77,7723.83,338.59,219.83,130.28,484.23,39.01,171.26,87.09,873.43,57.57,80.36,27.16,99.93,45.74,76.86,30.43,85.21,21.81,1979.85,177.22,3.68,0.45,60.39,6.54,140.58,18.79,0.00,0.00,13.11,2.12,9.29,3.31,2.07,3.83,24.94,19.75,17.46,6.46,4.01,4.09,28949.90,613.82,2818.21,4955.82,1076.55,16523.85,724.35,503.72,298.51,1209.08,97.40,206.30,104.91,1222.11,80.55,134.08,45.32,178.40,81.66,112.33,44.47,122.43,31.33,2830.67,253.38,4.68,0.58,75.59,8.19,174.98,23.39,0.00,0.00,15.50,2.51,12.55,4.47,2.76,5.10,27.85,22.05,18.81,6.95,4.55,4.64
83.00,83.0,03/06/2025 14:48:04,-6.121,14.485,1181335.791,15.7,920795.0,594024.0,987009.87,308.91,1719.58,2257.27,525.41,6570.67,301.22,79.85,57.11,408.53,38.60,200.62,89.46,873.02,56.91,25.87,14.69,125.62,45.61,61.15,27.35,15.76,3.44,1791.57,159.60,3.58,0.45,46.87,4.27,168.42,22.55,0.00,0.00,9.35,1.83,6.22,3.19,2.55,3.82,16.62,19.46,13.54,6.30,4.13,4.04,24774.87,512.25,2851.53,4265.04,992.74,14056.87,644.40,182.97,130.86,1020.07,96.38,241.67,107.76,1221.53,79.63,43.16,24.51,224.25,81.42,89.38,39.97,22.64,4.95,2561.49,228.19,4.55,0.57,58.67,5.35,209.64,28.06,0.00,0.00,11.05,2.16,8.40,4.30,3.40,5.09,18.56,21.73,14.59,6.79,4.69,4.59
83.10,83.1,03/06/2025 14:48:36,-7.349,2.978,,15.8,898454.0,588107.0,990561.20,318.63,1576.69,1853.33,459.05,4088.76,215.10,181.12,108.46,516.28,37.03,8.16,27.20,718.28,54.12,26.33,14.21,136.95,44.27,51.96,25.29,67.51,20.16,1184.32,103.91,3.52,0.44,39.06,3.22,190.46,25.55,0.01,0.14,5.83,1.43,5.13,3.05,2.27,3.63,20.47,18.82,16.24,6.07,4.18,3.98,18003.39,528.38,2614.58,3501.80,867.36,8747.23,460.18,415.00,248.52,1289.09,92.46,9.82,32.77,1005.02,75.73,43.94,23.71,244.49,79.02,75.95,36.97,97.01,28.97,1693.27,148.57,4.48,0.55,48.89,4.03,237.07,31.80,0.02,0.19,6.90,1.69,6.92,4.12,3.02,4.84,22.85,21.01,17.50,6.54,4.75,4.52
83.20,83.2,03/06/2025 14:49:08,-8.899,12.698,,15.9,893713.0,570953.0,990281.11,376.60,1580.31,1842.15,461.24,4228.56,220.87,161.56,98.64,568.70,37.12,121.93,76.17,655.40,53.05,15.91,14.12,98.38,43.62,69.39,28.21,75.52,20.33,999.83,87.53,3.39,0.42,71.03,9.16,379.77,51.54,0.00,0.00,5.93,1.44,6.44,3.07,2.35,3.52,21.38,18.80,12.21,6.04,2.48,3.87,18471.78,624.51,2620.59,3480.67,871.50,9046.31,472.52,370.19,226.02,1419.99,92.69,146.87,91.75,917.04,74.22,26.54,23.57,175.62,77.88,101.41,41.23,108.50,29.21,1429.49,125.14,4.32,0.54,88.91,11.47,472.70,64.15,0.00,0.00,7.02,1.70,8.71,4.14,3.13,4.70,23.88,20.99,13.15,6.51,2.81,4.39
83.30,83.3,03/06/2025 14:49:40,-7.550,14.882,,15.9,892527.0,568721.0,990620.31,221.98,1633.71,1828.05,460.70,4215.49,219.11,142.52,88.06,463.06,37.13,56.35,57.13,604.15,52.67,26.77,14.05,131.37,43.76,76.36,29.46,56.36,19.58,918.51,80.46,3.32,0.42,100.53,17.14,488.99,66.66,0.00,0.00,5.51,1.38,4.74,3.07,0.66,3.50,14.21,18.61,18.17,6.25,2.60,3.92,17812.37,368.11,2709.14,3454.03,870.48,9018.35,468.75,326.56,201.78,1156.22,92.72,67.88,68.82,845.34,73.69,44.66,23.44,234.51,78.11,111.61,43.06,80.98,28.13,1313.24,115.04,4.23,0.53,125.84,21.45,608.65,82.98,0.00,0.00,6.52,1.63,6.40,4.15,0.87,4.66,15.86,20.78,19.58,6.73,2.94,4.44
83.40,83.4,03/06/2025 14:50:23,-7.810,7.339,,15.9,891276.0,563839.0,989772.72,298.16,1643.55,2151.15,502.63,4479.35,229.22,119.91,76.97,501.41,36.87,117.39,75.15,727.83,53.73,54.77,21.12,105.04,43.38,84.40,31.07,62.95,19.83,926.60,81.22,3.38,0.42,97.22,16.05,442.58,60.22,0.00,0.00,8.97,1.72,8.34,2.99,0.50,3.50,21.41,18.66,13.43,6.21,2.50,3.83,19386.42,494.44,2725.47,4064.52,949.71,9582.82,490.38,274.76,176.38,1251.98,92.06,141.41,90.53,1018.38,75.18,91.38,35.25,187.51,77.43,123.35,45.42,90.45,28.50,1324.81,116.13,4.30,0.53,121.69,20.09,550.88,74.96,0.00,0.00,10.61,2.04,11.26,4.03,0.66,4.66,23.91,20.84,14.47,6.69,2.84,4.35
83.50,83.5,03/06/2025 14:50:55,-7.314,-1.915,1181344.851,15.9,889925.0,559228.0,990099.93,189.76,1680.14,2050.32,494.45,4739.10,238.92,163.87,99.75,429.76,37.40,55.51,57.14,627.60,53.01,10.62,14.15,112.13,43.68,65.65,27.44,68.29,19.95,954.70,83.55,3.34,0.42,65.21,7.87,308.25,41.62,0.05,0.14,7.90,1.62,3.64,2.94,1.88,3.41,22.49,18.73,16.79,6.04,3.20,3.82,19030.95,314.67,2786.14,3874.00,934.25,10138.53,511.14,375.49,228.56,1073.08,93.39,66.87,68.83,878.15,74.17,17.72,23.60,200.17,77.97,95.96,40.10,98.12,28.67,1364.98,119.45,4.25,0.53,81.63,9.85,383.69,51.81,0.06,0.19,9.34,1.91,4.92,3.97,2.51,4.55,25.11,20.91,18.09,6.51,3.63,4.33
83.60,83.6,03/06/2025 14:51:27,-6.869,-1.390,,16.0,888588.0,552165.0,989914.94,360.87,1610.76,1976.03,477.79,4796.37,239.48,140.52,87.68,463.48,37.11,148.74,80.85,718.89,53.49,20.53,14.18,105.94,43.61,74.13,29.04,69.37,19.99,892.87,78.09,3.32,0.41,59.38,6.65,201.80,27.05,0.13,0.14,6.48,1.44,5.36,2.89,0.87,3.34,22.15,18.73,13.94,5.70,3.89,3.66,19355.51,598.42,2671.09,3733.64,902.77,10261.04,512.33,321.99,200.90,1157.27,92.66,179.17,97.39,1005.88,74.85,34.26,23.65,189.13,77.85,108.35,42.44,99.67,28.72,1276.58,111.65,4.23,0.53,74.33,8.33,251.18,33.67,0.18,0.18,7.66,1.70,7.24,3.91,1.16,4.46,24.73,20.91,15.01,6.14,4.41,4.15
83.70,83.7,03/06/2025 14:51:59,-4.862,4.303,,16.0,886667.0,548040.0,990491.26,386.57,1644.18,1889.95,469.64,4662.38,235.41,138.02,86.43,438.16,37.02,68.04,62.75,673.94,53.39,30.16,14.39,119.26,43.59,64.95,27.28,62.00,19.64,679.41,60.26,3.45,0.41,69.27,8.82,170.60,22.76,0.05,0.14,8.94,1.64,6.20,2.82,1.64,3.30,15.51,18.63,17.68,5.85,2.57,3.64,18404.19,641.04,2726.51,3570.99,887.37,9974.40,503.62,316.25,198.05,1094.03,92.45,81.97,75.58,942.98,74.70,50.32,24.01,212.90,77.82,94.93,39.87,89.08,28.21,971.38,86.15,4.40,0.52,86.71,11.04,212.34,28.33,0.07,0.18,10.57,1.94,8.38,3.81,2.19,4.40,17.31,20.80,19.04,6.30,2.91,4.13
83.80,83.8,03/06/2025 14:52:31,-2.793,3.439,,16.0,879054.0,539888.0,991119.45,420.53,1540.95,1787.55,450.30,4328.67,222.97,59.58,45.21,477.89,36.40,120.56,75.34,681.68,52.83,12.03,13.93,131.88,43.46,65.94,27.35,43.79,18.93,450.41,42.08,3.22,0.39,85.88,13.06,152.31,20.24,0.00,0.00,6.21,1.35,4.35,2.75,0.74,3.20,26.28,18.52,17.88,5.81,3.17,3.54,17190.50,697.35,2555.32,3377.51,850.82,9260.48,477.01,136.52,103.60,1193.24,90.89,145.22,90.76,953.82,73.92,20.07,23.24,235.44,77.58,96.37,39.98,62.93,27.20,643.97,60.16,4.10,0.50,107.50,16.35,189.58,25.20,0.00,0.00,7.35,1.60,5.87,3.71,0.99,4.26,29.34,20.67,19.26,6.26,3.60,4.01
83.90,83.9,03/06/2025 14:53:13,-0.482,-0.397,,16.1,875184.0,531136.0,992503.49,227.75,1577.37,1809.26,455.52,3528.93,195.09,110.99,72.07,461.69,36.38,7.66,26.63,556.38,50.92,18.11,13.70,102.33,42.33,86.31,31.10,55.39,18.97,299.49,30.18,3.23,0.38,79.04,11.38,95.81,12.76,0.00,0.00,4.69,1.14,4.54,2.67,0.78,3.10,20.96,18.20,19.90,5.61,3.29,3.38,14670.99,377.67,2615.72,3418.52,860.69,7549.57,417.36,254.31,165.15,1152.80,90.84,9.23,32.08,778.50,71.25,30.21,22.86,182.67,75.57,126.14,45.46,79.59,27.25,428.20,43.15,4.11,0.49,98.94,14.25,119.25,15.88,0.00,0.00,5.55,1.35,6.13,3.61,1.04,4.13,23.40,20.32,21.44,6.04,3.73,3.84
84.00,84.0,,,1.914,1181340.820,16.1,872716.0,523881.0,992996.00,316.60,1584.15,1671.63,435.38,3438.37,191.08,85.11,58.57,407.11,36.45,43.66,49.46,529.58,50.17,4.89,13.69,100.15,42.35,52.65,24.79,44.62,18.57,149.24,17.61,3.29,0.38,73.72,10.11,35.16,5.13,0.00,0.00,2.55,1.00,2.40,2.59,0.72,3.01,20.99,18.24,18.18,5.50,3.37,3.28,13780.12,525.01,2626.96,3158.49,822.63,7355.82,408.79,195.02,134.20,1016.52,91.01,52.59,59.58,740.99,70.19,8.15,22.85,178.79,75.61,76.95,36.23,64.12,26.68,213.38,25.18,4.19,0.48,92.29,12.66,43.77,6.39,0.00,0.00,3.01,1.19,3.24,3.50,0.96,4.01,23.44,20.36,19.59,5.92,3.82,3.72
