Exported at 28/11/2025 08:00:03, , , , , , , , , , , , , , , , , , , , , , , , , , , , , , , , , , , , , , , , , , , , , , , , , , , , , , , , , , , , , , , , , , , , , , , , , , , , , , , , , , , , , , , , , , , , , , , , , , 
Core ID:,TL09-C-70, , , , , , , , , , , , , , , , , , , , , , , , , , , , , , , , , , , , , , , , , , , , , , , , , , , , , , , , , , , , , , , , , , , , , , , , , , , , , , , , , , , , , , , , , , , , , , , , , 
Comments:,, , , , , , , , , , , , , , , , , , , , , , , , , , , , , , , , , , , , , , , , , , , , , , , , , , , , , , , , , , , , , , , , , , , , , , , , , , , , , , , , , , , , , , , , , , , , , , , , , 
XRF Measurement Mode:,He - 15x1mm, , , , , , , , , , , , , , , , , , , , , , , , , , , , , , , , , , , , , , , , , , , , , , , , , , , , , , , , , , , , , , , , , , , , , , , , , , , , , , , , , , , , , , , , , , , , , , , , , 
Depth,Depth In Core,Time Stamp,Laser Profiler,Magnetic Susceptibility,Mag Sus in Air,XRF Total Live Time,XRF Total Counts,,XRF Elements(ppm), , , , , , , , , , , , , , , , , , , , , , , , , , , , , , , , , , , , , , , , , , , , ,XRF Oxides(ppm), , , , , , , , , , , , , , , , , , , , , , , , , , , , , , , , , , , , , , , , , , , , 
cm,cm,,mm,x10^-5 SI,x10^-5 SI,Seconds,Beam 1,Beam 2,LE (Value),Mg (Value),Mg (Error),Al (Value),Al (Error),Si (Value),Si (Error),P (Value),P (Error),S (Value),S (Error),K (Value),K (Error),Ca (Value),Ca (Error),Ti (Value),Ti (Error),V (Value),V (Error),Cr (Value),Cr (Error),Mn (Value),Mn (Error),Fe (Value),Fe (Error),Ni (Value),Ni (Error),Cu (Value),Cu (Error),Zn (Value),Zn (Error),As (Value),As (Error),Sr (Value),Sr (Error),Zr (Value),Zr (Error),Mo (Value),Mo (Error),Ba (Value),Ba (Error),Pb (Value),Pb (Error),U (Value),U (Error),LE (Value),MgO (Value),MgO (Error),Al2O3 (Value),Al2O3 (Error),SiO2 (Value),SiO2 (Error),P2O5 (Value),P2O5 (Error),SO3 (Value),SO3 (Error),K2O (Value),K2O (Error),CaO (Value),CaO (Error),TiO2 (Value),TiO2 (Error),V2O5 (Value),V2O5 (Error),Cr2O3 (Value),Cr2O3 (Error),Mn2O3 (Value),Mn2O3 (Error),Fe2O3 (Value),Fe2O3 (Error),NiO (Value),NiO (Error),CuO (Value),CuO (Error),ZnO (Value),ZnO (Error),As2O3 (Value),As2O3 (Error),SrO (Value),SrO (Error),ZrO2 (Value),ZrO2 (Error),MoO2 (Value),MoO2 (Error),BaO (Value),BaO (Error),PbO (Value),PbO (Error),UO2 (Value),UO2 (Error)
0.00,0.0,27/11/2025 16:48:54*,-8.337, , , , , , , , , , , , , , , , , , , , , , , , , , , , , , , , , , , , , , , , , , , , , , , , , , , , , , , , , , , , , , , , , , , , , , , , , , , , , , , , , , , , , , , , , , , , , , , 
0.11,0.1,27/11/2025 16:48:54*,-8.461, , , , , , , , , , , , , , , , , , , , , , , , , , , , , , , , , , , , , , , , , , , , , , , , , , , , , , , , , , , , , , , , , , , , , , , , , , , , , , , , , , , , , , , , , , , , , , , 
0.20,0.2,27/11/2025 16:48:54*,-8.693, , , , , , , , , , , , , , , , , , , , , , , , , , , , , , , , , , , , , , , , , , , , , , , , , , , , , , , , , , , , , , , , , , , , , , , , , , , , , , , , , , , , , , , , , , , , , , , 
0.30,0.3,27/11/2025 16:48:54*,-8.826, , , , , , , , , , , , , , , , , , , , , , , , , , , , , , , , , , , , , , , , , , , , , , , , , , , , , , , , , , , , , , , , , , , , , , , , , , , , , , , , , , , , , , , , , , , , , , , 
0.40,0.4,27/11/2025 16:48:54*,-9.034, , , , , , , , , , , , , , , , , , , , , , , , , , , , , , , , , , , , , , , , , , , , , , , , , , , , , , , , , , , , , , , , , , , , , , , , , , , , , , , , , , , , , , , , , , , , , , , 
0.50,0.5,27/11/2025 16:48:54*,-9.193, , , , , , , , , , , , , , , , , , , , , , , , , , , , , , , , , , , , , , , , , , , , , , , , , , , , , , , , , , , , , , , , , , , , , , , , , , , , , , , , , , , , , , , , , , , , , , , 
0.60,0.6,27/11/2025 16:48:54*,-9.076, , , , , , , , , , , , , , , , , , , , , , , , , , , , , , , , , , , , , , , , , , , , , , , , , , , , , , , , , , , , , , , , , , , , , , , , , , , , , , , , , , , , , , , , , , , , , , , 
0.70,0.7,27/11/2025 16:48:54*,-9.352, , , , , , , , , , , , , , , , , , , , , , , , , , , , , , , , , , , , , , , , , , , , , , , , , , , , , , , , , , , , , , , , , , , , , , , , , , , , , , , , , , , , , , , , , , , , , , , 
0.80,0.8,27/11/2025 16:48:54*,-9.775, , , , , , , , , , , , , , , , , , , , , , , , , , , , , , , , , , , , , , , , , , , , , , , , , , , , , , , , , , , , , , , , , , , , , , , , , , , , , , , , , , , , , , , , , , , , , , , 
0.90,0.9,27/11/2025 16:48:54*,-10.371, , , , , , , , , , , , , , , , , , , , , , , , , , , , , , , , , , , , , , , , , , , , , , , , , , , , , , , , , , , , , , , , , , , , , , , , , , , , , , , , , , , , , , , , , , , , , , , 
1.00,1.0,27/11/2025 16:48:54*,-10.337, , , , , , , , , , , , , , , , , , , , , , , , , , , , , , , , , , , , , , , , , , , , , , , , , , , , , , , , , , , , , , , , , , , , , , , , , , , , , , , , , , , , , , , , , , , , , , , 
1.10,1.1,27/11/2025 16:48:54*,-9.795, , , , , , , , , , , , , , , , , , , , , , , , , , , , , , , , , , , , , , , , , , , , , , , , , , , , , , , , , , , , , , , , , , , , , , , , , , , , , , , , , , , , , , , , , , , , , , , 
1.20,1.2,27/11/2025 16:48:54*,-10.197, , , , , , , , , , , , , , , , , , , , , , , , , , , , , , , , , , , , , , , , , , , , , , , , , , , , , , , , , , , , , , , , , , , , , , , , , , , , , , , , , , , , , , , , , , , , , , , 
1.30,1.3,27/11/2025 16:48:54*,-10.656, , , , , , , , , , , , , , , , , , , , , , , , , , , , , , , , , , , , , , , , , , , , , , , , , , , , , , , , , , , , , , , , , , , , , , , , , , , , , , , , , , , , , , , , , , , , , , , 
1.40,1.4,27/11/2025 16:48:54*,-10.663, , , , , , , , , , , , , , , , , , , , , , , , , , , , , , , , , , , , , , , , , , , , , , , , , , , , , , , , , , , , , , , , , , , , , , , , , , , , , , , , , , , , , , , , , , , , , , , 
1.50,1.5,27/11/2025 16:48:54*,-10.748, , , , , , , , , , , , , , , , , , , , , , , , , , , , , , , , , , , , , , , , , , , , , , , , , , , , , , , , , , , , , , , , , , , , , , , , , , , , , , , , , , , , , , , , , , , , , , , 
1.60,1.6,27/11/2025 16:48:54*,-10.762, , , , , , , , , , , , , , , , , , , , , , , , , , , , , , , , , , , , , , , , , , , , , , , , , , , , , , , , , , , , , , , , , , , , , , , , , , , , , , , , , , , , , , , , , , , , , , , 
1.70,1.7,27/11/2025 16:48:54*,-10.650, , , , , , , , , , , , , , , , , , , , , , , , , , , , , , , , , , , , , , , , , , , , , , , , , , , , , , , , , , , , , , , , , , , , , , , , , , , , , , , , , , , , , , , , , , , , , , , 
1.80,1.8,27/11/2025 16:48:54*,-10.796, , , , , , , , , , , , , , , , , , , , , , , , , , , , , , , , , , , , , , , , , , , , , , , , , , , , , , , , , , , , , , , , , , , , , , , , , , , , , , , , , , , , , , , , , , , , , , , 
1.90,1.9,27/11/2025 16:48:54*,-10.872, , , , , , , , , , , , , , , , , , , , , , , , , , , , , , , , , , , , , , , , , , , , , , , , , , , , , , , , , , , , , , , , , , , , , , , , , , , , , , , , , , , , , , , , , , , , , , , 
2.00,2.0,27/11/2025 16:48:54*,-11.085, , , , , , , , , , , , , , , , , , , , , , , , , , , , , , , , , , , , , , , , , , , , , , , , , , , , , , , , , , , , , , , , , , , , , , , , , , , , , , , , , , , , , , , , , , , , , , , 
2.11,2.1,27/11/2025 16:48:54*,-11.433, , , , , , , , , , , , , , , , , , , , , , , , , , , , , , , , , , , , , , , , , , , , , , , , , , , , , , , , , , , , , , , , , , , , , , , , , , , , , , , , , , , , , , , , , , , , , , , 
2.21,2.2,27/11/2025 16:48:54*,-11.961, , , , , , , , , , , , , , , , , , , , , , , , , , , , , , , , , , , , , , , , , , , , , , , , , , , , , , , , , , , , , , , , , , , , , , , , , , , , , , , , , , , , , , , , , , , , , , , 
2.31,2.3,27/11/2025 16:48:54*,-11.870, , , , , , , , , , , , , , , , , , , , , , , , , , , , , , , , , , , , , , , , , , , , , , , , , , , , , , , , , , , , , , , , , , , , , , , , , , , , , , , , , , , , , , , , , , , , , , , 
2.41,2.4,27/11/2025 16:48:54*,-11.354, , , , , , , , , , , , , , , , , , , , , , , , , , , , , , , , , , , , , , , , , , , , , , , , , , , , , , , , , , , , , , , , , , , , , , , , , , , , , , , , , , , , , , , , , , , , , , , 
2.51,2.5,27/11/2025 16:48:54*,-10.353, , , , , , , , , , , , , , , , , , , , , , , , , , , , , , , , , , , , , , , , , , , , , , , , , , , , , , , , , , , , , , , , , , , , , , , , , , , , , , , , , , , , , , , , , , , , , , , 
2.61,2.6,27/11/2025 16:48:54*,-9.212, , , , , , , , , , , , , , , , , , , , , , , , , , , , , , , , , , , , , , , , , , , , , , , , , , , , , , , , , , , , , , , , , , , , , , , , , , , , , , , , , , , , , , , , , , , , , , , 
2.71,2.7,27/11/2025 16:48:54*,-9.601, , , , , , , , , , , , , , , , , , , , , , , , , , , , , , , , , , , , , , , , , , , , , , , , , , , , , , , , , , , , , , , , , , , , , , , , , , , , , , , , , , , , , , , , , , , , , , , 
2.81,2.8,27/11/2025 16:48:54*,-10.437, , , , , , , , , , , , , , , , , , , , , , , , , , , , , , , , , , , , , , , , , , , , , , , , , , , , , , , , , , , , , , , , , , , , , , , , , , , , , , , , , , , , , , , , , , , , , , , 
2.91,2.9,27/11/2025 16:48:54*,-11.194, , , , , , , , , , , , , , , , , , , , , , , , , , , , , , , , , , , , , , , , , , , , , , , , , , , , , , , , , , , , , , , , , , , , , , , , , , , , , , , , , , , , , , , , , , , , , , , 
3.01,3.0,27/11/2025 16:48:54*,-12.897, , , , , , , , , , , , , , , , , , , , , , , , , , , , , , , , , , , , , , , , , , , , , , , , , , , , , , , , , , , , , , , , , , , , , , , , , , , , , , , , , , , , , , , , , , , , , , , 
3.11,3.1,27/11/2025 16:48:54*,-12.261, , , , , , , , , , , , , , , , , , , , , , , , , , , , , , , , , , , , , , , , , , , , , , , , , , , , , , , , , , , , , , , , , , , , , , , , , , , , , , , , , , , , , , , , , , , , , , , 
3.21,3.2,27/11/2025 16:48:54*,-10.211, , , , , , , , , , , , , , , , , , , , , , , , , , , , , , , , , , , , , , , , , , , , , , , , , , , , , , , , , , , , , , , , , , , , , , , , , , , , , , , , , , , , , , , , , , , , , , , 
3.31,3.3,27/11/2025 16:48:54*,-9.234, , , , , , , , , , , , , , , , , , , , , , , , , , , , , , , , , , , , , , , , , , , , , , , , , , , , , , , , , , , , , , , , , , , , , , , , , , , , , , , , , , , , , , , , , , , , , , , 
3.41,3.4,27/11/2025 16:48:54*,-8.465, , , , , , , , , , , , , , , , , , , , , , , , , , , , , , , , , , , , , , , , , , , , , , , , , , , , , , , , , , , , , , , , , , , , , , , , , , , , , , , , , , , , , , , , , , , , , , , 
3.51,3.5,27/11/2025 16:48:54*,-9.243, , , , , , , , , , , , , , , , , , , , , , , , , , , , , , , , , , , , , , , , , , , , , , , , , , , , , , , , , , , , , , , , , , , , , , , , , , , , , , , , , , , , , , , , , , , , , , , 
3.61,3.6,27/11/2025 16:48:54*,-8.869, , , , , , , , , , , , , , , , , , , , , , , , , , , , , , , , , , , , , , , , , , , , , , , , , , , , , , , , , , , , , , , , , , , , , , , , , , , , , , , , , , , , , , , , , , , , , , , 
3.71,3.7,27/11/2025 16:48:54*,-8.542, , , , , , , , , , , , , , , , , , , , , , , , , , , , , , , , , , , , , , , , , , , , , , , , , , , , , , , , , , , , , , , , , , , , , , , , , , , , , , , , , , , , , , , , , , , , , , , 
3.81,3.8,27/11/2025 16:48:54*,-6.914, , , , , , , , , , , , , , , , , , , , , , , , , , , , , , , , , , , , , , , , , , , , , , , , , , , , , , , , , , , , , , , , , , , , , , , , , , , , , , , , , , , , , , , , , , , , , , , 
3.91,3.9,27/11/2025 16:48:54*,-9.030, , , , , , , , , , , , , , , , , , , , , , , , , , , , , , , , , , , , , , , , , , , , , , , , , , , , , , , , , , , , , , , , , , , , , , , , , , , , , , , , , , , , , , , , , , , , , , , 
4.01,4.0,27/11/2025 16:48:54*,-9.701, , , , , , , , , , , , , , , , , , , , , , , , , , , , , , , , , , , , , , , , , , , , , , , , , , , , , , , , , , , , , , , , , , , , , , , , , , , , , , , , , , , , , , , , , , , , , , , 
4.11,4.1,27/11/2025 16:48:54*,-9.781, , , , , , , , , , , , , , , , , , , , , , , , , , , , , , , , , , , , , , , , , , , , , , , , , , , , , , , , , , , , , , , , , , , , , , , , , , , , , , , , , , , , , , , , , , , , , , , 
4.21,4.2,27/11/2025 16:48:54*,-10.013, , , , , , , , , , , , , , , , , , , , , , , , , , , , , , , , , , , , , , , , , , , , , , , , , , , , , , , , , , , , , , , , , , , , , , , , , , , , , , , , , , , , , , , , , , , , , , , 
4.31,4.3,27/11/2025 16:48:54*,-10.063, , , , , , , , , , , , , , , , , , , , , , , , , , , , , , , , , , , , , , , , , , , , , , , , , , , , , , , , , , , , , , , , , , , , , , , , , , , , , , , , , , , , , , , , , , , , , , , 
4.41,4.4,27/11/2025 16:48:54*,-10.009, , , , , , , , , , , , , , , , , , , , , , , , , , , , , , , , , , , , , , , , , , , , , , , , , , , , , , , , , , , , , , , , , , , , , , , , , , , , , , , , , , , , , , , , , , , , , , , 
4.51,4.5,27/11/2025 16:48:54*,-10.080, , , , , , , , , , , , , , , , , , , , , , , , , , , , , , , , , , , , , , , , , , , , , , , , , , , , , , , , , , , , , , , , , , , , , , , , , , , , , , , , , , , , , , , , , , , , , , , 
4.61,4.6,27/11/2025 16:48:54*,-10.241, , , , , , , , , , , , , , , , , , , , , , , , , , , , , , , , , , , , , , , , , , , , , , , , , , , , , , , , , , , , , , , , , , , , , , , , , , , , , , , , , , , , , , , , , , , , , , , 
4.71,4.7,27/11/2025 16:48:54*,-10.183, , , , , , , , , , , , , , , , , , , , , , , , , , , , , , , , , , , , , , , , , , , , , , , , , , , , , , , , , , , , , , , , , , , , , , , , , , , , , , , , , , , , , , , , , , , , , , , 
4.81,4.8,27/11/2025 16:48:54*,-10.280, , , , , , , , , , , , , , , , , , , , , , , , , , , , , , , , , , , , , , , , , , , , , , , , , , , , , , , , , , , , , , , , , , , , , , , , , , , , , , , , , , , , , , , , , , , , , , , 
4.91,4.9,27/11/2025 16:48:54*,-10.311, , , , , , , , , , , , , , , , , , , , , , , , , , , , , , , , , , , , , , , , , , , , , , , , , , , , , , , , , , , , , , , , , , , , , , , , , , , , , , , , , , , , , , , , , , , , , , , 
5.01,5.0,27/11/2025 16:48:54*,-10.321, , , , , , , , , , , , , , , , , , , , , , , , , , , , , , , , , , , , , , , , , , , , , , , , , , , , , , , , , , , , , , , , , , , , , , , , , , , , , , , , , , , , , , , , , , , , , , , 
5.11,5.1,27/11/2025 16:48:54*,-10.241, , , , , , , , , , , , , , , , , , , , , , , , , , , , , , , , , , , , , , , , , , , , , , , , , , , , , , , , , , , , , , , , , , , , , , , , , , , , , , , , , , , , , , , , , , , , , , , 
5.21,5.2,27/11/2025 16:48:54*,-10.147, , , , , , , , , , , , , , , , , , , , , , , , , , , , , , , , , , , , , , , , , , , , , , , , , , , , , , , , , , , , , , , , , , , , , , , , , , , , , , , , , , , , , , , , , , , , , , , 
5.31,5.3,27/11/2025 16:48:54*,-10.173, , , , , , , , , , , , , , , , , , , , , , , , , , , , , , , , , , , , , , , , , , , , , , , , , , , , , , , , , , , , , , , , , , , , , , , , , , , , , , , , , , , , , , , , , , , , , , , 
5.41,5.4,27/11/2025 16:48:54*,-9.944, , , , , , , , , , , , , , , , , , , , , , , , , , , , , , , , , , , , , , , , , , , , , , , , , , , , , , , , , , , , , , , , , , , , , , , , , , , , , , , , , , , , , , , , , , , , , , , 
5.51,5.5,27/11/2025 16:48:54*,-9.684, , , , , , , , , , , , , , , , , , , , , , , , , , , , , , , , , , , , , , , , , , , , , , , , , , , , , , , , , , , , , , , , , , , , , , , , , , , , , , , , , , , , , , , , , , , , , , , 
5.61,5.6,27/11/2025 16:48:54*,-7.688, , , , , , , , , , , , , , , , , , , , , , , , , , , , , , , , , , , , , , , , , , , , , , , , , , , , , , , , , , , , , , , , , , , , , , , , , , , , , , , , , , , , , , , , , , , , , , , 
5.71,5.7,27/11/2025 16:48:54*,-7.446, , , , , , , , , , , , , , , , , , , , , , , , , , , , , , , , , , , , , , , , , , , , , , , , , , , , , , , , , , , , , , , , , , , , , , , , , , , , , , , , , , , , , , , , , , , , , , , 
5.81,5.8,27/11/2025 16:48:54*,-8.271, , , , , , , , , , , , , , , , , , , , , , , , , , , , , , , , , , , , , , , , , , , , , , , , , , , , , , , , , , , , , , , , , , , , , , , , , , , , , , , , , , , , , , , , , , , , , , , 
5.91,5.9,27/11/2025 16:48:54*,-9.392, , , , , , , , , , , , , , , , , , , , , , , , , , , , , , , , , , , , , , , , , , , , , , , , , , , , , , , , , , , , , , , , , , , , , , , , , , , , , , , , , , , , , , , , , , , , , , , 
6.01,6.0,27/11/2025 16:48:54*,-9.068, , , , , , , , , , , , , , , , , , , , , , , , , , , , , , , , , , , , , , , , , , , , , , , , , , , , , , , , , , , , , , , , , , , , , , , , , , , , , , , , , , , , , , , , , , , , , , , 
6.11,6.1,27/11/2025 16:48:54*,-9.450, , , , , , , , , , , , , , , , , , , , , , , , , , , , , , , , , , , , , , , , , , , , , , , , , , , , , , , , , , , , , , , , , , , , , , , , , , , , , , , , , , , , , , , , , , , , , , , 
6.21,6.2,27/11/2025 16:48:54*,-9.619, , , , , , , , , , , , , , , , , , , , , , , , , , , , , , , , , , , , , , , , , , , , , , , , , , , , , , , , , , , , , , , , , , , , , , , , , , , , , , , , , , , , , , , , , , , , , , , 
6.31,6.3,27/11/2025 16:48:54*,-8.451, , , , , , , , , , , , , , , , , , , , , , , , , , , , , , , , , , , , , , , , , , , , , , , , , , , , , , , , , , , , , , , , , , , , , , , , , , , , , , , , , , , , , , , , , , , , , , , 
6.41,6.4,27/11/2025 16:48:54*,-9.120, , , , , , , , , , , , , , , , , , , , , , , , , , , , , , , , , , , , , , , , , , , , , , , , , , , , , , , , , , , , , , , , , , , , , , , , , , , , , , , , , , , , , , , , , , , , , , , 
6.51,6.5,27/11/2025 16:48:54*,-7.880, , , , , , , , , , , , , , , , , , , , , , , , , , , , , , , , , , , , , , , , , , , , , , , , , , , , , , , , , , , , , , , , , , , , , , , , , , , , , , , , , , , , , , , , , , , , , , , 
6.61,6.6,27/11/2025 16:48:54*,-8.314, , , , , , , , , , , , , , , , , , , , , , , , , , , , , , , , , , , , , , , , , , , , , , , , , , , , , , , , , , , , , , , , , , , , , , , , , , , , , , , , , , , , , , , , , , , , , , , 
6.71,6.7,27/11/2025 16:48:54*,-8.983, , , , , , , , , , , , , , , , , , , , , , , , , , , , , , , , , , , , , , , , , , , , , , , , , , , , , , , , , , , , , , , , , , , , , , , , , , , , , , , , , , , , , , , , , , , , , , , 
6.81,6.8,27/11/2025 16:48:54*,-10.193, , , , , , , , , , , , , , , , , , , , , , , , , , , , , , , , , , , , , , , , , , , , , , , , , , , , , , , , , , , , , , , , , , , , , , , , , , , , , , , , , , , , , , , , , , , , , , , 
6.91,6.9,27/11/2025 16:48:54*,-10.001, , , , , , , , , , , , , , , , , , , , , , , , , , , , , , , , , , , , , , , , , , , , , , , , , , , , , , , , , , , , , , , , , , , , , , , , , , , , , , , , , , , , , , , , , , , , , , , 
7.01,7.0,27/11/2025 16:48:54*,-9.932, , , , , , , , , , , , , , , , , , , , , , , , , , , , , , , , , , , , , , , , , , , , , , , , , , , , , , , , , , , , , , , , , , , , , , , , , , , , , , , , , , , , , , , , , , , , , , , 
7.11,7.1,27/11/2025 16:48:54*,-10.658, , , , , , , , , , , , , , , , , , , , , , , , , , , , , , , , , , , , , , , , , , , , , , , , , , , , , , , , , , , , , , , , , , , , , , , , , , , , , , , , , , , , , , , , , , , , , , , 
7.21,7.2,27/11/2025 16:48:54*,-8.502, , , , , , , , , , , , , , , , , , , , , , , , , , , , , , , , , , , , , , , , , , , , , , , , , , , , , , , , , , , , , , , , , , , , , , , , , , , , , , , , , , , , , , , , , , , , , , , 
7.31,7.3,27/11/2025 16:48:54*,-7.454, , , , , , , , , , , , , , , , , , , , , , , , , , , , , , , , , , , , , , , , , , , , , , , , , , , , , , , , , , , , , , , , , , , , , , , , , , , , , , , , , , , , , , , , , , , , , , , 
7.41,7.4,27/11/2025 16:48:54*,-9.261, , , , , , , , , , , , , , , , , , , , , , , , , , , , , , , , , , , , , , , , , , , , , , , , , , , , , , , , , , , , , , , , , , , , , , , , , , , , , , , , , , , , , , , , , , , , , , , 
7.51,7.5,27/11/2025 16:48:54*,-10.713, , , , , , , , , , , , , , , , , , , , , , , , , , , , , , , , , , , , , , , , , , , , , , , , , , , , , , , , , , , , , , , , , , , , , , , , , , , , , , , , , , , , , , , , , , , , , , , 
7.61,7.6,27/11/2025 16:48:54*,-8.437, , , , , , , , , , , , , , , , , , , , , , , , , , , , , , , , , , , , , , , , , , , , , , , , , , , , , , , , , , , , , , , , , , , , , , , , , , , , , , , , , , , , , , , , , , , , , , , 
7.71,7.7,27/11/2025 16:48:54*,-7.738, , , , , , , , , , , , , , , , , , , , , , , , , , , , , , , , , , , , , , , , , , , , , , , , , , , , , , , , , , , , , , , , , , , , , , , , , , , , , , , , , , , , , , , , , , , , , , , 
7.81,7.8,27/11/2025 16:48:54*,-7.530, , , , , , , , , , , , , , , , , , , , , , , , , , , , , , , , , , , , , , , , , , , , , , , , , , , , , , , , , , , , , , , , , , , , , , , , , , , , , , , , , , , , , , , , , , , , , , , 
7.91,7.9,27/11/2025 16:48:54*,-3.970, , , , , , , , , , , , , , , , , , , , , , , , , , , , , , , , , , , , , , , , , , , , , , , , , , , , , , , , , , , , , , , , , , , , , , , , , , , , , , , , , , , , , , , , , , , , , , , 
8.01,8.0,27/11/2025 16:48:54*,-1.458, , , , , , , , , , , , , , , , , , , , , , , , , , , , , , , , , , , , , , , , , , , , , , , , , , , , , , , , , , , , , , , , , , , , , , , , , , , , , , , , , , , , , , , , , , , , , , , 
8.10,8.1,27/11/2025 16:48:54,2.410,7.408,1181247.838,16.2,866209.0,513347.0,964985.28,7782.19,1923.17,7469.27,1258.31,12621.98,498.00,144.26,87.53,4427.75,140.83,107.64,76.05,1319.11,63.39,9.79,15.21,147.53,47.89,94.35,34.36,73.33,21.81,670.44,59.46,4.04,0.46,42.86,3.42,7.78,2.05,0.00,0.00,1.06,1.15,1.38,3.03,1.67,3.63,26.51,20.27,57.49,7.95,4.27,3.99,69033.90,12905.02,3189.15,14112.91,2377.53,27002.64,1065.39,330.56,200.57,11055.68,351.64,129.67,91.61,1845.70,88.69,16.33,25.38,263.38,85.49,137.90,50.22,105.36,31.34,958.55,85.02,5.15,0.58,53.65,4.28,9.69,2.55,0.00,0.00,1.26,1.36,1.86,4.09,2.23,4.84,29.60,22.63,61.93,8.57,4.85,4.52
8.20,8.2,27/11/2025 16:48:54,0.799,7.075,,16.2,862566.0,518864.0,968786.32,6508.29,1845.65,7071.83,1196.47,11267.68,452.27,231.77,133.88,3720.36,121.66,7.44,28.47,1205.03,61.20,14.49,14.91,152.43,46.98,80.37,31.24,52.77,20.75,756.21,66.28,3.37,0.43,42.52,3.42,9.81,2.02,0.00,0.00,0.81,1.12,1.21,2.96,2.36,3.61,22.39,19.81,59.95,7.95,2.60,3.85,61514.08,10792.54,3060.59,13361.95,2260.68,24105.34,967.57,531.06,306.77,9289.39,303.77,8.97,34.30,1686.09,85.63,24.18,24.88,272.11,83.87,117.46,45.66,75.82,29.81,1081.19,94.76,4.29,0.54,53.23,4.28,12.21,2.51,0.00,0.00,0.95,1.32,1.64,4.00,3.14,4.82,25.00,22.12,64.58,8.56,2.95,4.36
8.30,8.3,27/11/2025 16:48:54,0.760,12.033,,16.1,866902.0,534622.0,971680.89,5422.17,1839.99,6466.62,1108.78,10385.95,423.69,45.63,35.52,3278.26,109.98,76.93,66.18,1117.05,59.86,11.43,14.68,130.10,45.98,76.23,30.25,69.22,21.13,1121.77,97.34,3.33,0.43,21.87,1.23,7.40,2.06,0.00,0.00,1.33,1.15,0.87,3.02,1.09,3.64,21.21,19.55,57.49,7.77,3.13,3.94,55574.89,8991.46,3051.22,12218.43,2095.00,22219.03,906.43,104.55,81.40,8185.50,274.60,92.68,79.72,1562.99,83.76,19.08,24.49,232.25,82.09,111.42,44.22,99.46,30.36,1603.85,139.17,4.24,0.55,27.38,1.54,9.21,2.56,0.00,0.00,1.58,1.37,1.17,4.08,1.45,4.86,23.68,21.83,61.93,8.37,3.55,4.47
8.40,8.4,27/11/2025 16:48:54,2.638,14.015,,16.0,870774.0,546240.0,972871.41,5254.82,1776.76,5982.29,1033.69,10096.68,413.88,102.42,66.19,2943.72,100.93,207.32,89.94,1045.72,59.52,15.51,14.70,145.88,46.21,91.12,33.19,90.14,21.89,1050.18,91.06,3.42,0.44,5.54,0.25,7.31,2.07,0.00,0.00,1.21,1.16,1.90,3.11,1.95,3.75,27.02,19.57,52.38,7.78,2.06,4.00,53081.62,8713.94,2946.35,11303.32,1953.12,21600.17,885.43,234.69,151.66,7350.17,252.01,249.74,108.35,1463.17,83.29,25.89,24.53,260.43,82.49,133.17,48.51,129.52,31.45,1501.50,130.20,4.36,0.56,6.93,0.31,9.10,2.57,0.00,0.00,1.43,1.38,2.56,4.20,2.60,5.00,30.17,21.85,56.42,8.38,2.34,4.53
8.50,8.5,27/11/2025 16:48:54,3.603,9.453,,16.0,868732.0,549772.0,974240.21,5401.07,1791.53,5825.39,1010.71,9443.31,392.22,22.46,20.00,2914.51,100.53,186.35,86.95,1026.47,58.89,14.98,14.73,168.99,46.83,57.53,26.93,55.47,20.55,511.39,47.01,3.63,0.44,38.15,2.93,6.80,1.99,0.00,0.00,1.24,1.14,2.43,3.07,1.54,3.69,20.00,19.61,54.52,7.55,3.57,3.95,50529.52,8956.46,2970.84,11006.86,1909.69,20202.39,839.10,51.47,45.83,7277.26,251.02,224.48,104.74,1436.25,82.40,24.99,24.58,301.68,83.60,84.09,39.35,79.70,29.52,731.16,67.21,4.62,0.56,47.75,3.67,8.47,2.47,0.00,0.00,1.47,1.35,3.28,4.14,2.05,4.92,22.33,21.89,58.73,8.13,4.05,4.48
8.60,8.6,27/11/2025 16:48:54,3.069,10.516,1181252.202,16.1,857516.0,550449.0,977012.08,4202.31,1675.83,5325.00,931.18,8648.57,364.29,92.10,60.08,3077.13,104.50,13.54,27.66,1001.89,57.71,12.50,14.54,106.81,45.06,79.91,30.70,72.10,20.78,246.79,26.15,3.80,0.44,11.28,0.54,6.26,1.98,0.00,0.00,0.95,1.12,2.00,2.99,1.51,3.58,22.96,19.33,56.52,7.53,3.98,3.81,45753.07,6968.59,2778.99,10061.40,1759.44,18502.20,779.33,211.04,137.67,7683.30,260.94,16.31,33.32,1401.85,80.75,20.86,24.25,190.68,80.44,116.79,44.87,103.60,29.85,352.84,37.39,4.84,0.56,14.12,0.67,7.79,2.46,0.00,0.00,1.12,1.33,2.71,4.04,2.01,4.77,25.63,21.58,60.88,8.11,4.52,4.32
8.70,8.7,27/11/2025 16:48:54,2.683,4.298,,16.0,860209.0,553964.0,978076.23,3007.65,1707.71,5098.91,898.30,8426.78,356.61,182.93,107.01,3208.61,108.10,184.43,85.76,1057.23,58.29,17.47,14.54,145.05,45.75,79.34,30.63,57.29,20.27,316.93,31.80,3.27,0.41,43.03,3.64,7.39,1.99,0.00,0.00,1.02,1.13,3.03,2.99,3.94,3.68,21.19,19.35,54.89,7.52,3.37,3.88,43885.52,4987.52,2831.86,9634.19,1697.31,18027.71,762.90,419.16,245.21,8011.59,269.91,222.16,103.31,1479.29,81.56,29.14,24.25,258.95,81.68,115.96,44.77,82.32,29.13,453.12,45.47,4.16,0.53,53.87,4.55,9.20,2.48,0.00,0.00,1.21,1.34,4.10,4.03,5.26,4.91,23.66,21.60,59.13,8.10,3.82,4.40
8.80,8.8,27/11/2025 16:48:54,2.090,5.555,,16.0,870951.0,559078.0,976345.26,3485.66,1683.32,5466.52,954.44,9346.86,387.59,203.00,116.97,2737.47,94.94,301.19,98.45,1094.65,59.35,10.81,14.71,176.03,46.74,96.99,34.40,65.29,20.84,547.46,49.84,3.77,0.44,20.28,1.12,7.93,1.96,0.00,0.00,1.49,1.16,2.39,3.09,1.30,3.70,27.15,19.57,55.58,7.69,2.93,3.91,46790.67,5780.18,2791.41,10328.78,1803.39,19996.06,829.18,465.14,268.03,6835.19,237.06,362.81,118.59,1531.65,83.04,18.03,24.55,314.24,83.44,141.75,50.27,93.81,29.94,782.73,71.26,4.80,0.57,25.38,1.40,9.87,2.44,0.00,0.00,1.76,1.37,3.23,4.17,1.74,4.93,30.31,21.85,59.88,8.28,3.33,4.43
8.90,8.9,27/11/2025 16:48:54,1.654,4.366,,15.9,888508.0,570010.0,972544.40,6391.85,1823.04,5672.02,986.48,9359.86,390.01,95.37,62.82,3076.58,104.62,202.88,91.01,1061.93,60.26,19.28,15.03,115.41,46.67,94.43,34.20,91.10,22.39,1157.98,101.01,3.74,0.46,18.03,0.95,7.81,2.10,0.00,0.00,1.06,1.21,1.64,3.22,1.25,3.90,22.69,19.98,56.51,7.92,4.19,4.07,53266.95,10599.45,3023.11,10717.07,1863.91,20023.87,834.36,218.53,143.94,7681.93,261.24,244.39,109.63,1485.86,84.32,32.17,25.07,206.02,83.31,138.01,49.98,130.89,32.17,1655.62,144.41,4.76,0.58,22.57,1.19,9.72,2.62,0.00,0.00,1.25,1.43,2.22,4.35,1.67,5.21,25.33,22.31,60.88,8.53,4.75,4.62
9.00,9.0,27/11/2025 16:48:54,1.620,5.683,,15.8,905676.0,580233.0,971346.17,5589.31,1857.25,5754.73,1003.64,10274.60,421.40,110.06,70.74,3632.25,119.90,313.83,104.55,1235.93,63.13,17.56,15.46,155.31,48.51,83.65,32.38,91.18,22.85,1285.80,112.52,4.01,0.48,5.65,0.25,9.29,2.20,0.00,0.00,1.06,1.22,3.36,3.30,1.40,4.05,25.17,20.49,55.89,8.08,3.78,4.14,56073.90,9268.61,3079.83,10873.35,1896.33,21980.82,901.51,252.19,162.10,9069.38,299.38,378.04,125.94,1729.32,88.33,29.30,25.80,277.26,86.60,122.26,47.32,131.01,32.84,1838.37,160.88,5.11,0.61,7.07,0.32,11.56,2.73,0.00,0.00,1.25,1.45,4.53,4.46,1.87,5.40,28.10,22.88,60.20,8.70,4.29,4.70
9.10,9.1,27/11/2025 16:48:54,1.602,10.783,1181248.496,15.8,897261.0,583149.0,975300.96,2785.67,1713.75,5402.04,946.45,10064.38,412.28,38.79,31.09,3457.52,114.57,351.23,106.53,1246.55,62.22,14.15,15.12,116.38,47.05,83.51,32.11,82.13,22.09,941.92,82.60,4.12,0.48,8.47,0.39,9.41,2.22,0.00,0.00,1.09,1.20,2.38,3.27,1.86,3.94,28.01,20.18,56.36,7.88,3.06,4.02,49194.85,4619.41,2841.87,10206.95,1788.28,21531.08,882.00,88.88,71.25,8633.10,286.06,423.10,128.33,1744.18,87.05,23.61,25.23,207.75,83.99,122.06,46.93,118.01,31.74,1346.70,118.10,5.25,0.61,10.61,0.49,11.71,2.77,0.00,0.00,1.29,1.42,3.22,4.41,2.48,5.26,31.28,22.53,60.71,8.48,3.47,4.56
9.20,9.2,27/11/2025 16:48:54,2.052,8.866,,15.8,899168.0,581213.0,971928.27,4630.60,1808.10,5771.97,1005.29,10502.90,427.96,41.05,32.69,3987.04,128.72,149.42,85.59,1321.45,63.32,22.63,15.35,156.02,48.13,87.56,33.10,81.44,22.38,1129.17,98.66,3.96,0.48,9.95,0.46,7.23,2.15,0.00,0.00,1.15,1.20,1.96,3.34,1.93,4.02,103.37,62.81,57.74,8.15,3.18,4.15,55522.24,7678.80,2998.33,10905.92,1899.46,22469.23,915.56,94.06,74.90,9955.25,321.41,180.00,103.10,1848.98,88.60,37.76,25.61,278.53,85.91,127.97,48.38,117.02,32.15,1614.42,141.06,5.05,0.61,12.46,0.58,9.00,2.68,0.00,0.00,1.36,1.42,2.64,4.52,2.57,5.36,115.41,70.12,62.20,8.78,3.61,4.70
9.30,9.3,27/11/2025 16:48:54,2.769,14.353,,15.8,895918.0,579333.0,972059.00,4391.93,1776.47,5765.26,1002.85,10603.59,430.83,103.69,65.94,3753.22,122.61,229.09,95.14,1284.99,63.11,4.70,15.30,146.98,47.90,79.82,31.54,82.65,22.38,1287.85,112.57,4.17,0.48,6.24,0.28,8.99,2.18,0.00,0.00,1.88,1.23,3.33,3.31,1.67,4.02,117.20,69.83,60.29,8.17,3.45,4.15,55123.77,7283.04,2945.88,10893.25,1894.85,22684.63,921.68,237.58,151.08,9371.42,306.14,275.96,114.61,1797.96,88.30,7.85,25.52,262.40,85.50,116.66,46.09,118.76,32.15,1841.30,160.95,5.30,0.61,7.82,0.35,11.19,2.71,0.00,0.00,2.22,1.46,4.50,4.47,2.23,5.36,130.85,77.96,64.95,8.80,3.92,4.71
9.40,9.4,27/11/2025 16:48:54,3.672,13.755,,15.8,893449.0,581060.0,974510.25,3213.96,1687.24,5313.02,932.10,9807.83,403.36,45.34,34.65,3846.74,124.99,334.97,104.64,1266.40,62.24,25.58,15.18,114.65,47.09,70.95,29.80,71.75,21.75,1266.15,110.70,3.81,0.46,11.81,0.56,7.26,2.12,0.00,0.00,1.35,1.22,3.48,3.30,2.98,3.99,21.18,20.18,57.02,8.05,3.53,4.16,50627.32,5329.63,2797.90,10038.76,1761.17,20982.23,862.92,103.88,79.40,9604.94,312.09,403.50,126.05,1771.96,87.09,42.69,25.33,204.67,84.07,103.70,43.56,103.09,31.26,1810.27,158.27,4.84,0.59,14.79,0.71,9.04,2.63,0.00,0.00,1.60,1.45,4.70,4.45,3.97,5.32,23.65,22.53,61.42,8.67,4.01,4.72
9.50,9.5,27/11/2025 16:48:54,3.363,8.268,,15.9,887722.0,578474.0,974749.42,4085.86,1687.42,5249.01,919.19,9459.85,391.08,62.83,44.29,3634.01,119.24,110.71,77.22,1170.94,61.06,14.11,14.98,152.60,47.18,91.20,33.51,69.82,21.46,1017.22,88.88,3.75,0.46,18.41,0.98,8.61,2.17,0.00,0.00,1.73,1.22,2.16,3.21,3.14,3.93,36.39,24.35,55.54,7.76,2.71,4.08,50055.70,6775.48,2798.21,9917.80,1736.77,20237.79,836.64,143.97,101.49,9073.77,297.74,133.36,93.01,1638.39,85.43,23.55,25.00,272.42,84.22,133.29,48.98,100.31,30.84,1454.36,127.07,4.77,0.58,23.05,1.23,10.71,2.70,0.00,0.00,2.05,1.44,2.91,4.34,4.19,5.24,40.63,27.19,59.82,8.36,3.08,4.62
9.60,9.6,27/11/2025 16:48:54,3.307,3.900,1181251.476,15.9,885460.0,579055.0,976955.96,2407.26,1689.49,4710.15,843.39,9287.46,385.60,121.22,73.87,3460.48,113.99,82.89,69.42,1239.92,61.36,22.83,14.89,179.29,47.20,78.99,30.95,81.98,21.82,1161.63,101.34,3.87,0.46,11.96,0.57,8.59,2.14,0.00,0.00,1.04,1.18,2.74,3.25,2.57,3.95,120.69,70.81,55.32,7.88,3.14,4.13,46002.65,3991.91,2801.64,8899.64,1593.56,19868.99,824.92,277.76,169.26,8640.48,284.61,99.85,83.62,1734.91,85.85,38.10,24.84,320.07,84.26,115.44,45.24,117.80,31.35,1660.84,144.90,4.93,0.59,14.98,0.72,10.69,2.66,0.00,0.00,1.23,1.40,3.70,4.39,3.43,5.27,134.75,79.06,59.60,8.49,3.56,4.69
9.70,9.7,27/11/2025 16:48:54,3.409,4.891,,15.9,887751.0,577943.0,977315.67,1677.93,1703.30,4983.59,885.47,9427.24,390.70,130.28,78.83,3567.99,117.07,69.96,64.94,1201.16,61.09,17.09,14.88,142.29,46.75,86.25,32.38,80.27,21.73,1198.37,104.69,3.99,0.47,5.46,0.24,7.51,2.08,0.00,0.00,1.11,1.17,1.63,3.20,1.31,3.91,24.15,19.83,53.68,7.85,3.08,4.11,45691.27,2782.47,2824.54,9416.30,1673.07,20168.03,835.85,298.53,180.63,8908.92,292.32,84.27,78.22,1680.66,85.47,28.51,24.84,254.02,83.45,126.06,47.32,115.33,31.22,1713.36,149.68,5.08,0.60,6.83,0.31,9.35,2.59,0.00,0.00,1.31,1.39,2.20,4.32,1.75,5.22,26.96,22.14,57.82,8.45,3.49,4.66
9.80,9.8,27/11/2025 16:48:54,3.523,10.582,,15.9,886667.0,576945.0,975444.15,2951.89,1664.13,5148.63,903.93,9625.42,395.99,212.39,121.74,3762.08,122.52,326.38,103.49,1253.13,61.60,20.19,15.14,117.05,47.15,45.87,25.78,62.42,21.36,898.54,78.94,3.88,0.46,35.53,2.60,6.94,2.13,0.00,0.00,1.70,1.21,1.29,3.17,1.50,3.90,20.79,20.20,57.64,7.95,2.57,4.08,49078.06,4895.05,2759.59,9728.15,1707.94,20592.00,847.15,486.67,278.95,9393.56,305.93,393.16,124.67,1753.38,86.19,33.68,25.27,208.95,84.16,67.04,37.68,89.69,30.69,1284.68,112.86,4.94,0.59,44.47,3.25,8.64,2.65,0.00,0.00,2.01,1.43,1.74,4.28,2.00,5.20,23.22,22.55,62.10,8.57,2.91,4.62
9.90,9.9,27/11/2025 16:48:54,3.010,4.828,,15.9,889872.0,577791.0,975978.82,3071.65,1674.00,5034.54,889.68,9384.62,388.77,103.57,64.76,3653.36,119.33,141.83,83.45,1229.36,61.57,22.15,15.15,126.25,47.01,77.63,30.89,61.84,21.19,992.49,86.84,3.93,0.46,22.88,1.33,7.22,2.09,0.00,0.00,0.81,1.19,2.20,3.21,0.82,3.90,22.49,20.06,57.77,8.00,3.77,3.97,47956.38,5093.65,2775.95,9512.57,1681.01,20076.85,831.72,237.32,148.39,9122.08,297.96,170.85,100.52,1720.13,86.15,36.96,25.28,225.38,83.92,113.46,45.15,88.85,30.45,1419.01,124.16,5.00,0.58,28.64,1.66,8.98,2.61,0.00,0.00,0.95,1.40,2.97,4.33,1.09,5.19,25.10,22.40,62.23,8.62,4.28,4.50
10.00,10.0,27/11/2025 16:48:54,3.963,4.827,,15.9,888573.0,576218.0,974919.51,4017.58,1685.59,5065.92,891.56,9444.99,390.70,82.29,54.46,3477.97,114.78,371.73,107.18,1220.88,61.71,24.40,15.01,165.03,47.38,78.06,30.92,0.45,0.10,1006.89,88.03,4.34,0.48,18.06,0.96,8.33,2.14,0.00,0.00,1.25,1.21,2.38,3.24,0.30,3.87,28.70,19.96,57.01,7.92,3.92,4.11,49500.05,6662.25,2795.18,9571.86,1684.57,20206.01,835.84,188.55,124.79,8684.16,286.61,447.79,129.11,1708.26,86.35,40.71,25.05,294.61,84.58,114.10,45.20,0.65,0.15,1439.60,125.86,5.53,0.61,22.61,1.20,10.37,2.66,0.00,0.00,1.48,1.43,3.22,4.38,0.39,5.15,32.04,22.29,61.42,8.53,4.45,4.66
10.10,10.1,27/11/2025 16:48:54,4.465,8.861,1181248.234,15.9,886258.0,576081.0,977801.92,2306.78,1598.98,4688.64,836.26,9089.60,378.05,92.64,58.76,3444.42,113.84,127.71,80.47,1231.99,61.13,27.75,14.95,115.77,46.22,69.63,29.25,71.40,21.37,802.19,70.79,3.85,0.46,27.30,1.73,7.77,2.08,0.00,0.00,1.29,1.18,2.31,3.14,0.76,3.81,26.38,19.83,57.72,7.74,2.19,3.98,44573.06,3825.28,2651.55,8859.01,1580.09,19445.71,808.77,212.27,134.64,8600.37,284.25,153.84,96.93,1723.81,85.54,46.31,24.94,206.67,82.51,101.77,42.75,102.59,30.71,1146.92,101.21,4.90,0.59,34.17,2.17,9.68,2.59,0.00,0.00,1.52,1.39,3.12,4.25,1.01,5.08,29.45,22.14,62.17,8.34,2.48,4.52
10.20,10.2,27/11/2025 16:48:54,4.695,7.407,,15.9,883855.0,575563.0,976092.69,3527.49,1681.73,5017.32,884.73,9037.77,376.62,167.72,97.78,3648.58,119.28,81.32,69.25,1248.14,61.74,11.54,14.92,128.11,46.65,81.38,31.51,69.58,21.39,765.36,67.76,3.91,0.46,27.24,1.72,6.41,2.06,0.00,0.00,1.86,1.19,1.91,3.14,1.46,3.88,20.90,19.89,54.70,7.78,4.59,4.05,47705.64,5849.54,2788.77,9480.05,1671.66,19334.82,805.71,384.31,224.05,9110.15,297.82,97.96,83.42,1746.40,86.38,19.26,24.89,228.70,83.29,118.95,46.06,99.98,30.74,1094.26,96.87,4.98,0.58,34.10,2.16,7.98,2.56,0.00,0.00,2.20,1.41,2.58,4.25,1.95,5.18,23.34,22.21,58.93,8.38,5.21,4.59
10.30,10.3,27/11/2025 16:48:54,5.015,7.937,,15.9,886176.0,574717.0,976176.09,3459.99,1687.42,5014.85,886.02,9118.97,379.40,144.56,85.17,3277.86,109.41,276.12,98.66,1245.86,61.81,22.25,14.89,127.28,46.47,64.76,28.47,59.43,21.09,874.39,76.83,3.88,0.46,37.23,2.81,7.14,2.06,0.00,0.00,1.12,1.20,3.35,3.16,4.21,3.86,25.48,19.86,52.59,7.74,2.55,4.12,47167.57,5737.62,2798.20,9475.38,1674.10,19508.54,811.66,331.24,195.16,8184.51,273.20,332.62,118.84,1743.22,86.48,37.13,24.85,227.22,82.96,94.65,41.61,85.39,30.30,1250.16,109.84,4.94,0.59,46.60,3.52,8.89,2.56,0.00,0.00,1.33,1.42,4.53,4.27,5.62,5.14,28.45,22.17,56.66,8.34,2.89,4.67
10.40,10.4,27/11/2025 16:48:54,4.820,7.278,,15.8,890143.0,579386.0,977301.37,2239.73,1700.43,4622.82,829.14,9138.14,379.68,201.24,114.98,3444.82,113.71,99.57,74.05,1204.72,61.19,37.18,16.68,139.86,46.58,74.62,30.11,35.87,7.16,1351.84,118.34,3.92,0.47,9.97,0.47,7.33,2.13,0.00,0.00,2.12,1.23,1.72,3.23,2.32,3.94,23.44,19.79,54.38,7.89,3.03,4.08,45394.15,3714.10,2819.78,8734.64,1566.63,19549.53,812.27,461.11,263.46,8601.39,283.92,119.94,89.20,1685.66,85.61,62.03,27.84,249.68,83.15,109.06,44.00,51.53,10.28,1932.78,169.20,4.99,0.60,12.48,0.58,9.12,2.65,0.00,0.00,2.50,1.45,2.32,4.36,3.10,5.25,26.17,22.09,58.58,8.50,3.44,4.62
10.50,10.5,27/11/2025 16:48:54,5.159,6.417,,15.8,891592.0,583452.0,975959.94,3180.95,1673.10,4733.99,843.14,9192.31,382.41,22.28,19.13,3293.99,109.97,274.48,98.29,1229.63,61.54,9.47,15.08,93.58,46.67,71.06,29.69,5.47,1.21,1817.05,160.94,4.19,0.49,5.58,0.25,7.79,2.11,0.00,0.00,1.18,1.24,4.60,3.34,2.59,3.98,22.50,20.14,63.88,8.29,3.50,4.17,47235.45,5274.89,2774.46,8944.69,1593.07,19665.44,818.11,51.04,43.84,8224.77,274.58,330.64,118.40,1720.51,86.11,15.79,25.16,167.05,83.32,103.86,43.40,7.86,1.74,2597.92,230.11,5.33,0.62,6.98,0.31,9.70,2.62,0.00,0.00,1.39,1.47,6.22,4.51,3.45,5.31,25.12,22.48,68.82,8.93,3.98,4.73
10.60,10.6,27/11/2025 16:48:54,5.446,10.117,1181247.902,15.8,892377.0,584578.0,976537.81,2664.78,1656.09,4489.83,809.78,8908.44,373.14,160.50,93.91,3214.11,107.46,325.38,102.54,1253.39,61.36,13.77,14.95,114.41,46.47,85.63,32.37,37.59,7.51,2070.45,184.70,3.64,0.47,19.07,1.03,7.42,2.16,0.00,0.00,1.84,1.25,1.49,3.33,3.14,4.03,24.76,19.92,58.28,8.20,4.28,4.28,46007.21,4418.94,2746.26,8483.37,1530.04,19058.15,798.28,367.76,215.19,8025.32,268.33,391.96,123.52,1753.75,85.85,22.97,24.94,204.24,82.96,125.15,47.30,54.01,10.79,2960.22,264.07,4.64,0.60,23.87,1.29,9.24,2.69,0.00,0.00,2.18,1.48,2.01,4.49,4.18,5.38,27.65,22.24,62.78,8.83,4.86,4.85
10.70,10.7,27/11/2025 16:48:54,5.400,13.424,,15.8,889024.0,584676.0,976966.60,2626.34,1668.15,4887.45,866.67,8954.74,374.11,57.63,41.07,3316.21,110.48,56.97,59.08,1216.07,61.05,14.36,14.82,179.95,47.26,73.15,29.87,67.29,21.36,1470.89,129.22,4.18,0.48,13.39,0.66,7.63,2.12,0.00,0.00,1.24,1.21,2.66,3.27,2.83,3.96,28.98,19.80,47.93,7.71,3.50,4.13,45709.68,4355.20,2766.25,9234.66,1637.54,19157.20,800.34,132.05,94.11,8280.25,275.85,68.62,71.17,1701.54,85.43,23.95,24.72,321.24,84.37,106.91,43.66,96.68,30.69,2103.00,184.75,5.32,0.61,16.76,0.82,9.50,2.63,0.00,0.00,1.47,1.43,3.59,4.42,3.78,5.28,32.36,22.10,51.63,8.31,3.97,4.68
10.80,10.8,27/11/2025 16:48:54,5.285,6.219,,15.8,888876.0,584851.0,977209.00,2556.69,1604.59,4835.83,856.63,8864.14,370.21,24.94,20.70,3470.16,114.29,88.96,70.90,1264.34,61.14,17.06,14.99,116.25,46.75,79.96,31.28,75.31,21.69,1290.21,112.96,4.13,0.48,5.83,0.26,7.52,2.12,0.00,0.00,1.34,1.23,1.37,3.22,2.16,3.98,17.80,19.99,62.27,8.04,4.71,4.19,45364.50,4239.70,2660.85,9137.12,1618.57,18963.36,792.01,57.14,47.44,8664.66,285.37,107.16,85.40,1769.07,85.54,28.46,25.01,207.53,83.46,116.86,45.71,108.21,31.16,1844.67,161.50,5.26,0.61,7.30,0.33,9.36,2.63,0.00,0.00,1.59,1.45,1.85,4.36,2.88,5.31,19.88,22.32,67.08,8.66,5.34,4.75
10.90,10.9,27/11/2025 16:48:54,5.095,7.141,,15.8,890260.0,587126.0,976925.44,2303.36,1609.12,4756.80,845.89,9184.60,381.25,98.30,61.47,3265.78,108.57,373.77,107.10,1282.15,61.76,30.54,15.05,145.22,47.05,80.45,31.30,88.48,22.23,1336.66,117.05,3.69,0.46,35.69,2.61,8.06,2.09,0.00,0.00,1.56,1.24,1.61,3.29,4.28,4.00,16.99,19.91,53.38,7.87,3.19,4.11,45695.36,3819.61,2668.36,8987.80,1598.28,19648.94,815.62,225.25,140.84,8154.33,271.09,450.24,129.02,1793.99,86.42,50.96,25.11,259.24,83.99,117.59,45.75,127.12,31.94,1911.08,167.36,4.69,0.58,44.68,3.26,10.03,2.60,0.00,0.00,1.84,1.46,2.17,4.44,5.70,5.34,18.97,22.23,57.51,8.48,3.62,4.66
11.00,11.0,27/11/2025 16:48:54,5.325,9.527,,15.8,888142.0,587823.0,977110.11,1783.91,1632.54,5225.01,915.37,9218.34,382.18,85.97,55.75,3411.43,112.95,307.73,101.42,1254.02,61.38,15.23,14.97,137.99,46.90,75.66,30.44,64.79,21.32,1176.17,102.83,3.67,0.46,31.81,2.18,7.66,2.11,0.00,0.00,1.21,1.23,3.31,3.25,2.46,3.96,22.36,19.93,58.36,7.97,2.81,4.13,45703.37,2958.22,2707.21,9872.46,1729.55,19721.12,817.61,196.98,127.75,8518.02,282.02,370.69,122.17,1754.63,85.88,25.41,24.97,246.33,83.72,110.59,44.49,93.09,30.63,1681.62,147.02,4.67,0.59,39.82,2.73,9.54,2.62,0.00,0.00,1.43,1.46,4.47,4.40,3.28,5.28,24.97,22.25,62.87,8.59,3.18,4.68
11.10,11.1,27/11/2025 16:48:54,5.222,11.903,1181248.898,15.8,886383.0,588241.0,977765.85,2234.80,1626.62,4681.80,833.73,8897.96,370.81,107.53,65.78,3541.45,115.74,55.70,58.24,1253.39,61.12,15.20,14.86,127.86,46.31,76.36,30.43,73.17,21.46,1038.20,90.81,4.11,0.47,26.84,1.68,8.40,2.10,0.00,0.00,1.38,1.23,2.59,3.25,2.63,3.94,28.50,19.79,53.14,7.81,3.13,4.10,44602.86,3705.91,2697.39,8846.08,1575.30,19035.71,793.29,246.38,150.73,8842.66,288.99,67.10,70.16,1753.76,85.52,25.36,24.79,228.25,82.68,111.61,44.48,105.14,30.84,1484.36,129.83,5.23,0.60,33.60,2.11,10.46,2.61,0.00,0.00,1.64,1.46,3.50,4.39,3.50,5.25,31.82,22.09,57.24,8.41,3.55,4.65
11.20,11.2,27/11/2025 16:48:54,5.023,5.750,,15.8,889654.0,590282.0,975943.47,3213.94,1666.77,5073.52,892.10,9070.80,377.40,70.40,47.39,3281.16,109.10,415.87,111.27,1316.11,62.36,13.79,15.03,129.18,46.86,68.62,29.23,76.72,21.81,1154.02,100.91,3.72,0.46,11.64,0.56,9.22,2.13,0.00,0.00,1.68,1.23,2.82,3.32,2.93,4.04,77.27,48.67,59.10,8.04,4.02,4.15,47326.91,5329.60,2763.96,9586.23,1685.60,19405.49,807.38,161.31,108.58,8192.73,272.42,500.95,134.03,1841.51,87.25,23.00,25.07,230.61,83.65,100.29,42.72,110.24,31.34,1649.95,144.27,4.74,0.59,14.58,0.70,11.47,2.65,0.00,0.00,1.98,1.46,3.81,4.48,3.91,5.38,86.27,54.34,63.66,8.66,4.56,4.71
11.30,11.3,27/11/2025 16:48:54,5.102,12.493,,15.8,893629.0,592724.0,975905.88,2470.26,1636.42,5004.03,883.25,9381.75,388.11,162.34,94.56,3444.39,113.54,387.32,108.63,1303.09,62.55,21.62,15.03,151.92,47.34,79.50,31.22,89.73,22.36,1494.05,131.20,4.10,0.48,5.50,0.25,9.13,2.20,0.00,0.00,1.49,1.26,2.18,3.34,0.65,4.04,22.77,20.01,55.11,8.09,3.19,4.27,47690.10,4096.37,2713.63,9454.92,1668.87,20070.70,830.30,371.97,216.66,8600.32,283.50,466.57,130.86,1823.29,87.52,36.08,25.08,271.20,84.50,116.20,45.63,128.93,32.12,2136.11,187.59,5.21,0.62,6.88,0.31,11.37,2.73,0.00,0.00,1.76,1.49,2.94,4.52,0.87,5.38,25.42,22.34,59.37,8.72,3.62,4.84
11.40,11.4,27/11/2025 16:48:54,5.597,6.014,,15.8,894394.0,594168.0,976123.83,2634.64,1644.91,4800.73,855.27,9291.37,385.37,43.75,51.62,3342.59,110.66,429.15,112.40,1318.79,62.45,24.60,15.12,135.12,47.17,69.96,29.56,77.67,22.01,1599.07,140.96,3.99,0.48,5.60,0.25,7.55,2.19,0.00,0.00,1.31,1.24,2.87,3.36,2.32,4.08,25.04,20.10,56.18,8.06,3.85,4.21,47030.95,4368.96,2727.72,9070.81,1616.00,19877.34,824.44,100.26,118.27,8346.13,276.31,516.95,135.40,1845.26,87.38,41.05,25.22,241.22,84.20,102.25,43.21,111.60,31.62,2286.26,201.53,5.08,0.62,7.02,0.32,9.40,2.73,0.00,0.00,1.54,1.47,3.87,4.53,3.10,5.44,27.96,22.44,60.52,8.68,4.37,4.77
11.50,11.5,27/11/2025 16:48:54,5.387,7.404,,15.8,895067.0,594626.0,975182.19,3842.42,1680.27,4862.07,863.65,9167.21,381.76,47.68,52.28,3475.53,114.70,166.69,87.74,1328.83,62.75,31.64,15.14,164.16,47.65,64.15,28.51,73.20,21.85,1489.08,130.90,4.13,0.49,14.82,0.75,7.18,2.13,0.00,0.00,1.37,1.24,3.16,3.38,1.89,4.10,17.04,20.05,52.42,7.87,3.13,4.24,48811.64,6371.80,2786.36,9186.70,1631.83,19611.73,816.72,109.25,119.78,8678.06,286.40,200.79,105.69,1859.30,87.80,52.80,25.26,293.05,85.07,93.76,41.67,105.18,31.39,2129.01,187.15,5.26,0.62,18.55,0.93,8.93,2.65,0.00,0.00,1.62,1.46,4.26,4.57,2.52,5.47,19.03,22.39,56.47,8.48,3.55,4.81
11.60,11.6,27/11/2025 16:48:54,5.787,8.461,1181249.690,15.8,894309.0,596896.0,978115.88,1241.39,1621.74,4735.61,845.76,8932.60,373.08,5.50,5.28,3321.43,110.10,370.40,106.84,1269.49,61.84,17.38,15.06,105.67,46.61,98.62,35.02,78.92,21.74,1588.71,139.97,3.94,0.48,15.56,0.80,7.58,2.15,0.00,0.00,1.52,1.25,2.21,3.33,1.86,4.07,21.39,20.00,60.83,8.20,3.51,4.25,43525.71,2058.56,2689.29,8947.76,1598.03,19109.83,798.14,12.59,12.10,8293.30,274.90,446.19,128.70,1776.28,86.52,29.00,25.12,188.63,83.20,144.14,51.18,113.40,31.24,2271.44,200.12,5.02,0.61,19.47,1.00,9.43,2.68,0.00,0.00,1.80,1.48,2.99,4.50,2.48,5.43,23.89,22.33,65.52,8.84,3.98,4.82
11.70,11.7,27/11/2025 16:48:54,5.871,7.403,,15.8,897292.0,596132.0,976686.86,2202.92,1619.57,4855.82,863.53,9208.07,383.21,16.73,14.95,3467.37,114.58,239.16,95.61,1322.44,62.85,12.59,15.12,100.16,46.78,74.08,30.36,75.70,21.89,1594.70,140.61,4.04,0.48,17.00,0.89,6.86,2.13,0.00,0.00,1.32,1.24,2.25,3.39,2.10,4.11,48.16,32.13,58.49,8.10,3.18,4.24,46221.18,3653.05,2685.69,9174.88,1631.62,19699.15,819.82,38.33,34.25,8657.68,286.09,288.09,115.17,1850.37,87.94,21.01,25.23,178.81,83.51,108.27,44.37,108.77,31.45,2280.02,201.04,5.14,0.61,21.28,1.11,8.54,2.65,0.00,0.00,1.56,1.47,3.04,4.58,2.80,5.48,53.77,35.87,63.00,8.72,3.61,4.81
11.80,11.8,27/11/2025 16:48:54,5.975,11.040,,15.7,899168.0,599918.0,976478.18,2167.37,1697.79,4765.33,853.08,9254.44,384.43,50.54,36.92,3370.81,111.72,454.88,115.49,1289.85,62.30,29.11,15.13,155.16,47.44,78.83,31.12,82.75,22.15,1694.92,149.74,4.26,0.49,21.37,1.20,7.73,2.15,0.00,0.00,2.05,1.27,1.65,3.41,2.31,4.16,23.41,20.04,61.79,8.25,3.26,4.27,46410.38,3594.09,2815.41,9003.91,1611.87,19798.34,822.43,115.82,84.61,8416.60,278.95,547.95,139.12,1804.77,87.17,48.57,25.25,276.99,84.68,115.22,45.49,118.90,31.83,2423.30,214.08,5.42,0.63,26.75,1.50,9.62,2.68,0.00,0.00,2.43,1.51,2.23,4.60,3.08,5.55,26.14,22.38,66.56,8.89,3.69,4.84
11.90,11.9,27/11/2025 16:48:54,6.327,6.876,,15.7,903124.0,601561.0,976324.01,1888.36,1650.69,5019.66,887.65,9448.37,391.39,52.45,38.32,3275.35,109.27,379.58,108.14,1299.59,62.65,24.83,15.18,120.87,47.27,82.46,31.96,74.99,21.98,1891.85,168.15,3.95,0.48,19.70,1.08,7.96,2.22,0.00,0.00,1.07,1.27,3.61,3.41,2.28,4.22,19.61,20.21,56.53,8.21,2.90,4.23,46728.38,3131.42,2737.30,9484.47,1677.18,20213.24,837.31,120.18,87.81,8178.23,272.83,457.25,130.26,1818.39,87.66,41.43,25.34,215.78,84.39,120.52,46.71,107.75,31.58,2704.86,240.41,5.02,0.61,24.66,1.35,9.91,2.76,0.00,0.00,1.27,1.51,4.87,4.60,3.04,5.63,21.90,22.56,60.90,8.84,3.29,4.80
12.00,12.0,27/11/2025 16:48:54,5.685,12.229,,15.7,907395.0,605017.0,974980.07,2628.57,1631.98,4874.98,865.22,9698.61,399.53,61.67,43.57,3818.55,124.46,113.68,79.03,1308.35,63.01,22.01,15.33,108.49,47.51,66.91,29.26,12.09,2.64,2168.80,194.14,3.62,0.48,30.40,2.00,8.71,2.29,0.00,0.00,2.77,1.30,1.88,3.47,3.89,4.24,21.91,20.41,60.98,8.40,3.08,4.38,49566.54,4358.89,2706.27,9211.09,1634.80,20748.58,854.73,141.31,99.84,9534.56,310.76,136.94,95.20,1830.65,88.16,36.72,25.59,193.68,84.82,97.79,42.76,17.37,3.80,3100.83,277.57,4.60,0.61,38.06,2.51,10.84,2.86,0.00,0.00,3.27,1.54,2.54,4.69,5.19,5.66,24.46,22.79,65.69,9.04,3.49,4.97
12.10,12.1,27/11/2025 16:48:54,5.010,8.862,1181252.066,15.7,910559.0,608786.0,974279.28,3190.78,1719.76,5018.94,889.62,9890.05,406.23,36.40,28.70,3282.82,109.74,202.61,93.09,1378.84,63.81,46.07,19.72,129.12,47.84,81.75,32.01,85.16,22.65,2247.40,201.56,3.77,0.49,24.50,1.45,6.54,2.23,0.00,0.00,2.12,1.32,3.20,3.51,3.48,4.31,23.01,20.44,60.12,8.35,4.04,4.49,50298.58,5291.19,2851.84,9483.10,1680.91,21158.12,869.07,83.40,65.76,8196.88,274.02,244.07,112.14,1929.29,89.28,76.87,32.90,230.51,85.41,119.49,46.79,122.36,32.54,3213.20,288.18,4.80,0.62,30.67,1.82,8.14,2.78,0.00,0.00,2.50,1.56,4.32,4.74,4.64,5.75,25.69,22.82,64.76,9.00,4.58,5.09
12.20,12.2,27/11/2025 16:48:54,4.630,1.591,,15.7,914294.0,611713.0,972728.38,3840.33,1767.08,5284.94,932.48,9961.29,410.39,62.72,44.69,3487.70,115.82,397.49,112.04,1387.86,64.58,37.24,17.20,91.89,47.87,71.75,30.34,82.99,22.77,2440.44,219.82,3.94,0.51,21.66,1.22,5.79,2.24,0.00,0.00,2.44,1.34,0.92,3.56,4.50,4.38,18.16,20.67,61.61,8.51,5.98,4.47,53019.80,6368.32,2930.31,9985.70,1761.89,21310.53,877.95,143.72,102.41,8708.44,289.20,478.81,134.97,1941.90,90.36,62.14,28.69,164.04,85.45,104.87,44.35,119.24,32.72,3489.20,314.28,5.02,0.65,27.12,1.53,7.21,2.79,0.00,0.00,2.88,1.58,1.24,4.80,6.00,5.85,20.28,23.07,66.36,9.17,6.78,5.07
12.30,12.3,27/11/2025 16:48:54,4.860,9.593,,15.6,921110.0,617560.0,972183.61,3193.48,1730.73,5389.72,949.33,10630.99,433.00,58.08,42.55,3687.68,121.22,395.97,112.40,1374.74,64.93,31.64,15.67,139.13,48.94,80.24,32.03,0.33,0.07,2709.68,245.49,3.72,0.49,20.48,1.12,7.66,2.26,0.00,0.00,1.63,1.38,2.43,3.67,4.39,4.47,21.61,20.82,59.13,8.44,3.65,4.54,54400.00,5295.68,2870.03,10183.67,1793.73,22743.25,926.32,133.08,97.50,9207.79,302.68,476.99,135.40,1923.55,90.86,52.79,26.15,248.37,87.37,117.28,46.81,0.47,0.11,3874.15,350.99,4.74,0.63,25.63,1.40,9.54,2.81,0.00,0.00,1.93,1.64,3.28,4.96,5.85,5.96,24.13,23.24,63.70,9.09,4.14,5.15
12.40,12.4,27/11/2025 16:48:54,5.003,5.292,,15.5,936770.0,631992.0,969190.94,4271.81,1800.97,5483.64,965.44,11121.99,450.80,15.14,14.21,3761.75,123.63,398.30,113.69,1419.43,66.07,32.28,16.05,132.64,49.72,76.17,31.64,112.72,20.54,3841.89,354.68,4.58,0.56,34.34,2.33,9.42,2.42,0.00,0.00,1.14,1.45,2.53,3.87,2.95,4.79,16.80,21.21,66.23,9.02,3.30,4.79,59351.87,7083.84,2986.50,10361.13,1824.16,23793.67,964.42,34.69,32.56,9392.74,308.70,479.80,136.95,1986.08,92.45,53.86,26.77,236.78,88.75,111.32,46.24,161.96,29.52,5492.92,507.11,5.82,0.72,42.99,2.92,11.72,3.02,0.00,0.00,1.35,1.71,3.41,5.23,3.94,6.39,18.76,23.68,71.35,9.71,3.75,5.43
12.50,12.5,27/11/2025 16:48:54,4.435,2.849,,15.4,951051.0,640197.0,966560.95,4454.89,1854.29,6325.15,1093.81,11762.20,473.18,110.34,71.54,4216.42,136.26,502.63,125.29,1507.47,68.28,34.95,17.07,132.52,50.94,72.20,31.39,115.03,21.14,4095.45,379.22,4.46,0.56,6.16,0.29,9.11,2.54,0.00,0.00,1.62,1.48,1.98,4.07,1.95,4.93,21.67,21.75,59.49,9.07,3.39,4.95,64542.55,7387.43,3074.92,11951.14,2066.72,25163.28,1012.30,252.83,163.92,10528.00,340.22,605.47,150.93,2109.26,95.54,58.31,28.49,236.57,90.94,105.52,45.87,165.27,30.38,5855.44,542.18,5.68,0.72,7.71,0.36,11.34,3.16,0.00,0.00,1.91,1.75,2.68,5.49,2.59,6.57,24.19,24.29,64.09,9.77,3.84,5.61
12.60,12.6,27/11/2025 16:48:54,4.356,9.986,1181251.806,15.4,962467.0,651074.0,964159.44,3794.18,1896.46,6789.61,1165.92,13150.19,519.57,209.60,123.31,4231.98,136.72,458.74,121.96,1571.70,69.65,73.53,27.30,88.75,50.82,87.85,34.43,237.75,42.45,5010.31,468.28,4.44,0.59,20.69,1.11,9.96,2.60,0.00,0.00,2.42,1.59,3.11,4.23,3.94,5.19,18.29,21.97,69.02,9.70,4.52,5.27,69122.73,6291.80,3144.85,12828.71,2202.96,28132.66,1111.53,480.27,282.55,10566.84,341.38,552.60,146.92,2199.13,97.46,122.68,45.55,158.44,90.73,128.40,50.33,341.60,60.99,7163.46,669.51,5.65,0.75,25.90,1.39,12.40,3.23,0.00,0.00,2.86,1.88,4.19,5.72,5.25,6.92,20.42,24.53,74.35,10.45,5.13,5.98
12.70,12.7,27/11/2025 16:48:54,4.613,3.370,,15.3,974553.0,655951.0,957528.35,7344.40,2053.63,7498.03,1274.84,14179.28,555.61,204.22,121.72,4793.37,153.04,508.89,129.64,1640.80,72.18,41.69,19.56,159.89,53.46,79.74,33.57,280.46,50.70,5595.22,525.00,4.83,0.62,19.51,1.02,11.28,2.71,0.00,0.00,2.30,1.65,3.80,4.41,4.53,5.48,25.42,22.67,69.85,10.04,4.14,5.49,81066.93,12179.05,3405.48,14167.24,2408.76,30334.22,1188.63,467.94,278.92,11968.57,382.12,613.01,156.16,2295.81,100.99,69.56,32.64,285.44,95.44,116.55,49.07,402.98,72.84,7999.73,750.62,6.14,0.79,24.42,1.28,14.04,3.38,0.00,0.00,2.72,1.95,5.14,5.95,6.04,7.30,28.39,25.31,75.24,10.82,4.70,6.22
12.80,12.8,27/11/2025 16:48:54,4.442,5.159,,15.3,981931.0,659473.0,956795.92,7508.19,2074.12,7918.11,1338.99,14706.51,573.54,120.18,77.96,4407.25,142.62,539.25,132.80,1677.00,72.59,45.96,20.98,154.59,53.68,95.64,36.65,200.43,35.88,5685.62,533.82,4.74,0.62,24.09,1.35,10.12,2.71,0.00,0.00,2.10,1.62,4.15,4.47,2.83,5.56,24.68,22.80,68.26,10.00,4.37,5.54,82225.78,12450.65,3439.47,14960.97,2529.98,31462.15,1226.99,275.37,178.64,11004.47,356.12,649.58,159.97,2346.47,101.56,76.69,35.01,275.97,95.82,139.79,53.57,287.99,51.55,8128.98,763.23,6.04,0.79,30.16,1.69,12.60,3.38,0.00,0.00,2.48,1.91,5.60,6.04,3.77,7.42,27.56,25.45,73.53,10.78,4.95,6.28
12.90,12.9,27/11/2025 16:48:54,4.204,2.912,,15.2,994615.0,662289.0,955885.62,7580.31,2076.63,8189.21,1381.78,14744.04,576.32,136.58,87.92,4640.79,149.25,579.59,137.69,1720.94,73.68,38.01,18.63,143.94,54.32,75.75,33.30,179.14,32.48,5953.92,560.18,4.54,0.63,6.52,0.31,8.21,2.74,0.00,0.00,3.55,1.67,4.06,4.51,4.11,5.55,25.07,23.17,72.15,10.26,3.96,5.52,83943.16,12570.24,3443.62,15473.20,2610.81,31542.44,1232.94,312.97,201.45,11587.60,372.66,698.18,165.86,2407.95,103.09,63.41,31.09,256.96,96.98,110.71,48.67,257.40,46.67,8512.58,800.92,5.78,0.80,8.17,0.39,10.22,3.41,0.00,0.00,4.20,1.98,5.48,6.09,5.48,7.40,27.99,25.87,77.72,11.05,4.49,6.27
13.00,13.0,27/11/2025 16:48:54,4.409,9.916,,15.2,997867.0,663509.0,956167.16,7324.60,2098.59,7910.53,1342.94,14753.01,577.24,70.81,53.58,5288.64,167.32,606.42,141.47,1807.92,74.95,68.84,27.68,147.33,55.18,81.35,34.48,124.04,23.30,5518.64,517.55,5.04,0.63,20.51,1.09,8.88,2.71,0.00,0.00,3.38,1.66,4.19,4.51,3.69,5.59,6.39,23.47,73.85,10.30,4.79,5.55,83997.18,12146.20,3480.04,14946.64,2537.43,31561.63,1234.91,162.26,122.76,13205.23,417.79,730.50,170.41,2529.65,104.88,114.86,46.19,263.01,98.50,118.90,50.39,178.23,33.47,7890.24,739.97,6.41,0.81,25.67,1.37,11.05,3.38,0.00,0.00,3.99,1.97,5.67,6.09,4.92,7.46,7.13,26.21,79.55,11.10,5.43,6.29
13.10,13.1,27/11/2025 16:48:54,4.346,9.128,1181248.166,15.2,997690.0,667233.0,957964.90,5984.30,2072.09,7577.09,1290.27,14772.10,575.96,205.67,122.64,5082.42,160.87,431.83,125.01,1787.69,74.64,85.41,30.67,96.25,53.84,87.35,35.44,194.00,35.11,5596.70,525.33,4.78,0.61,6.64,0.31,9.12,2.73,0.00,0.00,3.15,1.67,4.75,4.52,3.75,5.53,23.32,23.27,74.27,10.21,4.53,5.49,80900.46,9923.61,3436.09,14316.62,2437.92,31602.46,1232.18,471.27,281.02,12690.30,401.67,520.18,150.59,2501.35,104.44,142.51,51.17,171.83,96.12,127.67,51.80,278.75,50.45,8001.85,751.08,6.09,0.78,8.31,0.39,11.35,3.40,0.00,0.00,3.72,1.98,6.42,6.10,5.00,7.38,26.03,25.99,80.00,11.00,5.14,6.23
13.20,13.2,27/11/2025 16:48:54,4.125,11.506,,15.2,997478.0,664823.0,955603.15,7173.24,2076.48,8470.51,1424.50,14838.63,578.99,25.63,23.99,5021.23,159.46,529.74,134.04,1782.13,74.84,36.34,18.10,143.33,54.50,97.18,37.36,346.61,64.05,5800.65,545.06,4.88,0.64,6.52,0.31,10.38,2.82,0.00,0.00,2.41,1.69,3.69,4.57,3.77,5.61,21.08,23.23,74.29,10.31,4.61,5.57,84771.63,11895.20,3443.38,16004.72,2691.53,31744.81,1238.66,58.72,54.97,12537.54,398.16,638.13,161.47,2493.56,104.71,60.63,30.21,255.87,97.29,142.04,54.60,498.02,92.04,8293.45,779.29,6.21,0.81,8.16,0.39,12.92,3.52,0.00,0.00,2.85,2.00,4.98,6.17,5.03,7.48,23.53,25.94,80.03,11.10,5.24,6.32
13.30,13.3,27/11/2025 16:48:54,4.138,13.690,,15.3,990144.0,660720.0,955667.64,7784.10,2136.32,8190.97,1382.91,15115.67,588.10,106.10,71.68,4995.20,158.59,601.45,140.18,1699.33,73.80,83.80,30.47,146.62,54.57,58.45,30.68,187.41,33.99,5223.00,488.50,4.45,0.61,21.08,1.13,9.50,2.72,0.00,0.00,3.26,1.67,5.72,4.41,4.50,5.48,11.87,23.26,75.26,10.16,4.63,5.43,84924.90,12908.19,3542.60,15476.52,2612.96,32337.47,1258.14,243.10,164.24,12472.53,395.99,724.50,168.86,2377.72,103.26,139.82,50.84,261.75,97.42,85.43,44.84,269.27,48.83,7467.55,698.44,5.67,0.77,26.38,1.42,11.82,3.38,0.00,0.00,3.85,1.97,7.72,5.95,6.01,7.31,13.25,25.97,81.07,10.94,5.25,6.16
13.40,13.4,27/11/2025 16:48:54,4.362,11.310,,15.3,986888.0,655371.0,955228.26,8159.45,2084.19,8200.30,1382.37,15159.56,589.03,29.92,26.92,4821.23,153.88,538.24,133.24,1724.01,73.74,117.38,35.84,139.11,54.19,67.78,31.92,269.27,48.63,5424.80,508.13,4.61,0.61,6.73,0.31,9.36,2.78,0.00,0.00,3.26,1.66,4.64,4.45,4.21,5.50,16.26,23.16,66.26,9.98,5.35,5.48,85446.99,13530.62,3456.16,15494.17,2611.94,32431.39,1260.14,68.55,61.69,12038.15,384.22,648.36,160.51,2412.25,103.18,195.85,59.79,248.35,96.73,99.06,46.66,386.90,69.87,7756.07,726.50,5.86,0.78,8.43,0.39,11.65,3.46,0.00,0.00,3.86,1.96,6.27,6.02,5.62,7.33,18.15,25.86,71.38,10.75,6.07,6.22
13.50,13.5,27/11/2025 16:48:54,4.805,7.212,,15.3,984138.0,652463.0,956289.75,7695.76,2054.77,8219.32,1384.19,15037.61,584.60,127.32,82.00,4677.93,149.74,574.94,137.34,1728.42,73.42,56.19,24.04,135.35,54.04,95.99,36.95,158.08,28.69,5054.07,471.96,4.93,0.61,29.27,1.76,12.15,2.72,0.00,0.00,3.55,1.62,3.27,4.37,2.38,5.36,19.71,23.08,69.90,10.00,4.12,5.39,83645.96,12761.70,3407.37,15530.09,2615.38,32170.48,1250.66,291.73,187.89,11680.35,373.89,692.57,165.44,2418.42,102.73,93.75,40.11,241.63,96.48,140.30,54.00,227.14,41.22,7226.03,674.78,6.27,0.77,36.64,2.21,15.12,3.38,0.00,0.00,4.20,1.92,4.41,5.90,3.17,7.15,22.00,25.77,75.30,10.78,4.67,6.12
13.60,13.6,27/11/2025 16:48:54,4.758,8.004,1181248.893,15.4,969154.0,647449.0,960279.03,5871.37,1949.72,8095.97,1362.86,14007.26,549.44,32.70,57.81,4663.12,148.67,529.50,130.79,1591.95,71.15,77.90,28.76,97.20,52.37,53.64,29.23,185.06,33.20,4396.18,408.04,4.05,0.58,12.86,0.63,9.42,2.63,0.00,0.00,3.23,1.58,4.09,4.26,2.84,5.18,12.70,22.61,65.16,9.64,4.78,5.21,76652.30,9736.35,3233.17,15297.03,2575.07,29966.22,1175.43,74.93,132.46,11643.35,371.21,637.84,157.55,2227.47,99.55,129.98,47.98,173.52,93.49,78.40,42.72,265.89,47.71,6285.40,583.39,5.15,0.73,16.09,0.79,11.72,3.27,0.00,0.00,3.82,1.87,5.53,5.75,3.78,6.91,14.18,25.25,70.19,10.39,5.42,5.91
13.70,13.7,27/11/2025 16:48:54,4.238,7.081,,15.4,964378.0,643724.0,959718.89,6355.93,2016.83,8065.27,1360.51,14463.93,564.77,101.02,68.56,4713.80,150.51,519.70,130.32,1607.02,71.16,34.29,16.96,125.44,52.59,66.02,31.09,195.30,34.89,3903.10,359.95,4.72,0.58,16.66,0.85,9.25,2.58,0.00,0.00,2.48,1.54,3.00,4.15,1.87,5.06,20.71,22.53,67.71,9.59,3.88,5.13,77985.09,10539.88,3344.46,15239.03,2570.63,30943.20,1208.24,231.47,157.11,11769.92,375.81,626.04,156.98,2248.55,99.57,57.22,28.30,223.94,93.89,96.50,45.44,280.61,50.12,5580.44,514.63,6.00,0.74,20.85,1.06,11.52,3.21,0.00,0.00,2.93,1.82,4.06,5.61,2.49,6.74,23.13,25.16,72.93,10.33,4.40,5.82
13.80,13.8,27/11/2025 16:48:54,5.602,8.200,,15.4,961504.0,642488.0,958067.73,8112.89,2104.66,7945.67,1342.00,14735.61,573.61,95.07,64.92,4656.82,148.29,548.26,132.47,1643.42,71.78,33.58,17.04,115.90,52.61,54.76,29.45,134.95,24.61,3734.37,343.51,4.64,0.59,6.35,0.29,8.70,2.53,0.00,0.00,2.74,1.54,3.31,4.17,2.85,5.06,19.39,22.59,68.68,9.60,4.30,5.12,80809.03,13453.41,3490.10,15013.05,2535.67,31524.40,1227.15,217.84,148.76,11627.62,370.27,660.43,159.57,2299.48,100.43,56.03,28.42,206.91,93.91,80.04,43.04,193.91,35.37,5339.20,491.13,5.91,0.74,7.95,0.37,10.83,3.15,0.00,0.00,3.24,1.82,4.47,5.64,3.81,6.75,21.65,25.22,73.98,10.34,4.88,5.81
13.90,13.9,27/11/2025 16:48:54,5.703,6.350,,15.4,961115.0,640502.0,961062.24,6464.80,2050.87,7323.27,1249.37,14263.45,557.56,23.80,21.90,4775.81,151.78,558.70,133.34,1612.70,70.83,76.19,27.92,144.68,52.29,86.08,34.42,59.17,11.83,3405.65,311.93,4.34,0.56,32.28,2.10,8.21,2.51,0.00,0.00,1.98,1.50,3.14,4.11,3.87,5.01,17.29,22.28,67.25,9.22,5.11,5.05,75611.42,10720.43,3400.90,13837.05,2360.65,30514.30,1192.81,54.53,50.19,11924.74,378.98,673.01,160.62,2256.50,99.11,127.13,46.59,258.28,93.36,125.82,50.30,85.01,17.00,4869.20,445.98,5.52,0.72,40.40,2.63,10.21,3.12,0.00,0.00,2.34,1.77,4.24,5.55,5.16,6.68,19.31,24.87,72.44,9.93,5.80,5.72
14.00,14.0,27/11/2025 16:48:54,6.064,5.290,,15.4,962391.0,637195.0,958737.19,7521.97,2055.79,8098.96,1363.78,14567.86,567.79,139.52,88.03,4681.34,149.57,549.70,133.02,1677.96,71.81,25.72,16.98,144.65,52.91,78.89,33.24,131.82,24.00,3512.46,322.01,4.37,0.56,12.09,0.58,8.71,2.46,0.00,0.00,2.27,1.51,5.09,4.13,3.16,5.05,28.66,22.53,62.38,9.36,5.24,5.02,79738.44,12473.49,3409.07,15302.67,2576.81,31165.52,1214.70,319.69,201.71,11688.85,373.47,662.18,160.24,2347.81,100.48,42.91,28.33,258.23,94.45,115.30,48.58,189.41,34.48,5021.92,460.40,5.56,0.72,15.13,0.73,10.84,3.07,0.00,0.00,2.69,1.78,6.88,5.57,4.21,6.73,32.00,25.16,67.20,10.08,5.95,5.69
14.10,14.1,27/11/2025 16:48:54,5.971,14.615,1181246.582,15.4,957084.0,637421.0,960749.40,7185.35,2040.71,7795.76,1318.76,13771.85,541.14,90.74,62.35,4471.06,143.24,566.73,133.56,1597.34,70.77,28.70,16.86,132.54,52.19,105.43,38.21,82.25,15.70,3296.94,301.31,4.48,0.56,6.56,0.30,10.25,2.53,0.00,0.00,2.16,1.49,5.16,4.04,3.78,4.96,18.37,22.26,71.85,9.37,3.30,4.89,75810.54,11915.29,3384.05,14729.80,2491.75,29462.59,1157.69,207.93,142.86,11163.82,357.66,682.68,160.89,2235.00,99.02,47.89,28.12,236.61,93.17,154.09,55.85,118.17,22.57,4713.78,430.80,5.70,0.72,8.21,0.38,12.76,3.15,0.00,0.00,2.56,1.76,6.97,5.45,5.04,6.62,20.51,24.86,77.40,10.09,3.75,5.54
14.20,14.2,27/11/2025 16:48:54,5.169,10.444,,15.5,950934.0,634262.0,959840.57,7896.22,1990.01,8054.13,1354.91,14047.97,549.83,117.00,75.72,4665.80,148.61,608.52,137.18,1593.55,70.36,24.77,16.90,93.40,51.93,73.63,32.15,96.94,24.99,2746.66,248.45,4.54,0.57,26.69,1.59,7.56,2.41,0.00,0.00,4.01,1.51,3.48,3.97,2.67,4.89,19.12,22.38,68.83,9.21,3.93,4.94,77789.83,13094.11,3299.98,15217.99,2560.04,30053.32,1176.28,268.09,173.50,11650.05,371.07,733.03,165.24,2229.70,98.44,41.33,28.20,166.73,92.70,107.61,46.99,139.28,35.90,3927.02,355.21,5.78,0.72,33.41,1.99,9.41,3.00,0.00,0.00,4.75,1.78,4.71,5.36,3.56,6.52,21.35,24.99,74.14,9.92,4.46,5.61
14.30,14.3,27/11/2025 16:48:54,4.767,7.935,,15.4,962859.0,641389.0,958895.92,7471.85,2021.83,7853.62,1326.56,14725.69,572.64,104.20,69.76,4711.50,150.21,532.16,131.08,1644.78,71.32,36.59,17.85,131.43,52.87,87.36,34.79,79.89,15.32,3594.20,329.90,4.41,0.57,7.83,0.36,11.35,2.59,0.00,0.00,3.33,1.55,3.01,4.10,2.85,5.07,23.46,22.58,69.89,9.60,4.70,5.05,79503.10,12390.39,3352.76,14839.12,2506.49,31503.17,1225.08,238.76,159.85,11764.16,375.07,641.04,157.90,2301.38,99.79,61.06,29.78,234.63,94.38,127.69,50.85,114.78,22.01,5138.78,471.67,5.61,0.72,9.80,0.45,14.13,3.22,0.00,0.00,3.94,1.83,4.07,5.54,3.80,6.76,26.19,25.21,75.28,10.34,5.33,5.73
14.40,14.4,27/11/2025 16:48:54,4.927,9.984,,15.3,980388.0,653878.0,955961.69,8195.80,2108.44,8590.10,1440.12,15001.13,583.57,95.78,66.21,4806.74,153.15,596.34,138.64,1724.11,73.58,30.72,17.51,78.68,53.43,55.87,30.14,187.65,33.78,4541.26,421.85,4.83,0.62,6.43,0.30,9.92,2.73,0.00,0.00,3.40,1.62,4.30,4.33,4.73,5.36,20.92,23.17,74.25,10.01,5.37,5.41,84454.10,13590.90,3496.37,16230.67,2721.05,32092.45,1248.45,219.48,151.71,12001.96,382.39,718.35,167.00,2412.38,102.96,51.26,29.21,140.45,95.38,81.65,44.05,269.62,48.54,6492.84,603.14,6.15,0.79,8.05,0.38,12.34,3.39,0.00,0.00,4.02,1.91,5.81,5.85,6.30,7.14,23.36,25.87,79.98,10.78,6.09,6.14
14.50,14.5,27/11/2025 16:48:54,4.923,9.587,,15.3,987957.0,660330.0,957949.77,7511.07,2050.37,7893.63,1335.22,14178.13,556.46,73.04,54.36,5075.91,161.25,399.81,121.21,1729.74,73.58,53.57,23.66,115.44,54.02,58.79,30.59,226.80,41.05,4613.27,429.21,4.90,0.62,14.19,0.70,9.60,2.60,0.00,0.00,3.38,1.63,5.20,4.37,2.14,5.35,9.21,23.20,69.25,9.79,3.15,5.30,80886.55,12455.42,3400.08,14914.71,2522.84,30331.77,1190.46,167.35,124.55,12674.07,402.62,481.61,146.01,2420.27,102.96,89.39,39.48,206.08,96.44,85.93,44.71,325.87,58.98,6595.80,613.66,6.24,0.78,17.76,0.88,11.95,3.24,0.00,0.00,4.00,1.92,7.02,5.90,2.86,7.14,10.28,25.90,74.60,10.54,3.58,6.01
14.60,14.6,27/11/2025 16:48:54,5.371,8.796,1181247.641,15.2,991446.0,664141.0,960310.16,5158.62,1973.86,7785.81,1319.67,14180.13,555.96,199.72,119.04,4498.39,144.77,550.30,134.09,1672.36,73.02,67.20,26.72,118.64,53.30,67.97,31.84,172.28,31.36,5018.80,468.98,4.47,0.59,26.53,1.54,9.39,2.57,0.00,0.00,3.30,1.64,3.38,4.36,3.78,5.43,68.21,46.99,75.52,9.95,5.06,5.34,76367.72,8554.41,3273.20,14710.99,2493.47,30336.04,1189.38,457.63,272.76,11232.05,361.47,662.89,161.52,2339.98,102.18,112.12,44.58,211.79,95.16,99.34,46.54,247.54,45.06,7175.61,670.51,5.68,0.75,33.20,1.93,11.69,3.20,0.00,0.00,3.90,1.94,4.56,5.89,5.04,7.24,76.15,52.47,81.35,10.72,5.74,6.05
14.70,14.7,27/11/2025 16:48:54,5.228,10.444,,15.2,991706.0,662044.0,958164.59,6767.89,2041.63,8285.25,1395.98,14085.71,553.83,104.31,71.08,4962.18,157.84,563.60,137.13,1673.85,73.96,82.66,30.31,99.66,53.85,82.41,34.48,213.82,38.63,4766.94,444.19,4.53,0.61,6.38,0.30,10.66,2.67,0.00,0.00,2.52,1.60,4.49,4.37,3.97,5.41,37.26,27.08,71.79,10.06,5.56,5.40,80387.39,11223.02,3385.59,15654.67,2637.65,30134.05,1184.83,239.00,162.86,12390.10,394.12,678.91,165.19,2342.06,103.48,137.91,50.57,177.91,96.14,120.45,50.39,307.22,55.51,6815.50,635.07,5.76,0.77,7.99,0.38,13.27,3.32,0.00,0.00,2.99,1.90,6.06,5.90,5.29,7.21,41.60,30.23,77.33,10.84,6.30,6.12
14.80,14.8,27/11/2025 16:48:54,5.242,8.327,,15.2,992055.0,661044.0,957867.27,6895.57,2062.47,8105.95,1368.73,14638.13,571.64,60.75,47.03,4741.38,151.90,627.10,142.24,1783.54,74.20,40.05,19.67,64.39,53.95,49.51,29.49,223.86,40.54,4774.68,444.95,4.83,0.61,6.59,0.30,9.21,2.63,0.00,0.00,5.43,1.65,2.18,4.38,3.62,5.40,10.44,23.45,75.98,10.15,9.52,5.46,80842.17,11434.76,3420.15,15315.89,2586.17,31315.86,1222.92,139.20,107.75,11838.78,379.28,755.40,171.34,2495.54,103.83,66.83,32.81,114.95,96.31,72.37,43.11,321.65,58.24,6826.57,636.16,6.15,0.78,8.25,0.38,11.47,3.28,0.00,0.00,6.42,1.95,2.95,5.92,4.82,7.20,11.66,26.19,81.85,10.93,10.80,6.20
14.90,14.9,27/11/2025 16:48:54,4.937,14.280,,15.2,994054.0,661827.0,956394.34,7868.88,2005.75,8919.27,1488.03,14642.42,571.87,149.70,93.98,4818.28,153.76,506.07,131.53,1701.99,74.20,88.12,31.67,116.46,54.49,80.03,34.21,284.82,51.84,4311.82,399.68,4.74,0.61,6.26,0.30,8.52,2.60,0.00,0.00,3.59,1.63,5.25,4.37,3.53,5.36,13.84,23.43,67.29,9.80,4.78,5.32,83771.10,13048.77,3326.09,16852.64,2811.58,31325.04,1223.43,343.01,215.34,12030.77,383.93,609.62,158.44,2381.43,103.82,147.03,52.84,207.90,97.28,116.96,50.00,409.24,74.48,6164.80,571.44,6.03,0.77,7.84,0.37,10.61,3.24,0.00,0.00,4.24,1.92,7.10,5.90,4.71,7.15,15.45,26.16,72.48,10.56,5.43,6.03
15.00,15.0,27/11/2025 16:48:54,5.085,11.373,,15.2,995726.0,660258.0,956224.48,8221.14,2116.29,8904.15,1489.07,14778.26,576.91,74.81,55.07,4869.19,155.23,479.37,130.44,1725.23,74.99,70.65,28.12,72.24,54.37,60.19,31.17,85.79,16.86,4294.20,398.12,4.71,0.60,14.60,0.72,10.28,2.65,0.00,0.00,4.68,1.64,6.42,4.39,3.98,5.40,21.72,23.63,69.59,9.83,4.34,5.32,84151.72,13632.91,3509.40,16824.06,2813.55,31615.65,1234.20,171.41,126.20,12157.90,387.60,577.45,157.13,2413.96,104.93,117.88,46.92,128.96,97.05,87.97,45.55,123.27,24.23,6139.61,569.21,5.99,0.76,18.27,0.91,12.80,3.30,0.00,0.00,5.53,1.93,8.67,5.92,5.31,7.20,24.25,26.38,74.96,10.59,4.92,6.03
15.10,15.1,27/11/2025 16:48:54,4.495,5.883,1181248.567,15.3,987233.0,660052.0,960016.85,6193.02,2057.39,7922.70,1340.43,14016.25,550.96,37.06,32.02,4725.79,150.91,574.15,136.30,1734.68,73.47,77.50,29.11,128.30,53.57,103.42,38.31,206.18,37.14,4128.26,382.03,4.36,0.58,21.27,1.16,8.62,2.58,0.00,0.00,2.63,1.60,3.91,4.26,3.02,5.31,21.74,22.96,66.06,9.69,4.23,5.30,77092.04,10269.73,3411.71,14969.64,2532.69,29985.45,1178.70,84.91,73.36,11799.84,376.80,691.63,164.19,2427.18,102.80,129.30,48.56,229.04,95.63,151.16,56.00,296.24,53.37,5902.36,546.21,5.55,0.74,26.63,1.45,10.73,3.21,0.00,0.00,3.11,1.90,5.28,5.75,4.03,7.08,24.27,25.64,71.16,10.43,4.80,6.01
15.20,15.2,27/11/2025 16:48:54,4.781,5.883,,15.2,990332.0,661348.0,960291.81,5467.65,2080.82,7922.41,1343.48,14491.76,567.27,8.88,58.57,4858.74,154.79,508.72,131.17,1653.30,73.17,125.51,37.27,103.78,53.75,61.95,31.00,150.95,27.73,4232.82,392.32,4.39,0.58,17.27,0.89,10.98,2.65,0.00,0.00,2.53,1.58,2.81,4.30,2.63,5.29,6.77,23.21,70.79,9.73,3.57,5.20,77009.91,9066.87,3450.57,14969.10,2538.46,31002.73,1213.57,20.34,134.21,12131.80,386.49,612.81,158.01,2313.31,102.38,209.40,62.18,185.27,95.95,90.54,45.31,216.89,39.85,6051.85,560.92,5.59,0.74,21.61,1.11,13.67,3.30,0.00,0.00,2.99,1.87,3.79,5.81,3.50,7.06,7.56,25.92,76.25,10.48,4.05,5.89
15.30,15.3,27/11/2025 16:48:54,5.058,8.860,,15.2,991476.0,662951.0,956209.92,8104.78,2103.98,8318.23,1400.15,15130.39,588.01,70.13,52.50,5084.17,161.36,565.79,137.79,1803.79,75.13,60.57,25.44,138.92,54.99,87.48,35.64,141.48,26.15,4146.30,383.60,4.46,0.59,23.36,1.31,9.29,2.67,0.00,0.00,3.43,1.60,3.29,4.35,3.31,5.38,14.84,23.48,72.00,9.97,4.07,5.36,84353.20,13439.96,3488.98,15716.98,2645.53,32368.96,1257.96,160.68,120.29,12694.68,402.90,681.55,165.98,2523.87,105.12,101.06,42.45,248.00,98.17,127.86,52.08,203.29,37.58,5928.15,548.45,5.67,0.75,29.24,1.64,11.56,3.32,0.00,0.00,4.05,1.89,4.45,5.88,4.42,7.17,16.57,26.21,77.56,10.74,4.61,6.08
15.40,15.4,27/11/2025 16:48:54,5.406,13.291,,15.2,989959.0,661130.0,956686.76,6213.61,2045.78,8749.00,1466.10,15554.46,602.14,136.00,87.33,5090.35,161.00,717.06,151.46,1820.32,74.61,81.52,30.00,146.60,54.65,74.13,33.10,194.96,35.25,4400.74,408.23,4.54,0.60,6.36,0.30,8.68,2.67,0.00,0.00,3.39,1.64,3.14,4.38,1.84,5.37,28.42,23.31,73.81,10.10,4.31,5.46,83773.00,10303.88,3392.47,16530.90,2770.13,33276.19,1288.19,311.63,200.12,12710.12,402.01,863.77,182.44,2547.00,104.39,136.01,50.06,261.71,97.55,108.35,48.38,280.13,50.64,6291.93,583.66,5.78,0.76,7.96,0.38,10.81,3.32,0.00,0.00,4.01,1.93,4.24,5.92,2.45,7.16,31.73,26.02,79.51,10.88,4.89,6.19
15.50,15.5,27/11/2025 16:48:54,4.519,13.556,,15.2,991196.0,661940.0,955812.50,6970.15,2063.63,8532.36,1433.63,15583.58,603.55,210.56,126.94,5132.71,162.72,622.86,142.78,1747.44,74.22,109.23,35.06,117.45,54.61,76.86,33.73,281.80,51.22,4675.11,434.92,4.65,0.60,14.39,0.71,11.79,2.70,0.00,0.00,2.15,1.63,3.25,4.44,3.17,5.50,6.97,23.49,76.27,10.39,4.76,5.50,85250.65,11558.42,3422.07,16121.57,2708.80,33338.51,1291.20,482.47,290.86,12815.88,406.29,750.30,171.99,2445.03,103.85,182.25,58.50,209.67,97.48,112.33,49.30,404.90,73.59,6684.20,621.82,5.92,0.77,18.01,0.88,14.68,3.36,0.00,0.00,2.54,1.93,4.39,6.00,4.23,7.34,7.78,26.22,82.16,11.19,5.40,6.24
15.60,15.6,27/11/2025 16:48:54,5.541,13.551,1181248.898,15.2,993387.0,664298.0,959736.94,4829.88,2043.98,7936.07,1344.72,14807.05,577.26,13.51,13.54,5149.44,163.06,649.35,145.04,1777.07,74.32,110.40,35.10,128.06,54.31,73.90,33.09,188.25,34.24,4483.42,416.60,5.08,0.62,8.12,0.38,8.61,2.66,0.00,0.00,3.57,1.62,5.25,4.42,2.92,5.39,5.78,23.30,72.59,9.94,4.75,5.33,78172.75,8009.27,3389.48,14994.92,2540.81,31677.23,1234.95,30.96,31.02,12857.65,407.14,782.22,174.72,2486.48,103.99,184.20,58.57,228.60,96.94,108.01,48.36,270.48,49.19,6410.14,595.64,6.47,0.78,10.16,0.48,10.72,3.31,0.00,0.00,4.22,1.92,7.10,5.97,3.89,7.19,6.45,26.01,78.19,10.71,5.39,6.05
15.70,15.7,27/11/2025 16:48:54,6.055,8.198,,15.2,1004665.0,667296.0,954293.94,7748.29,2110.04,9034.05,1509.70,15328.44,595.43,146.11,92.54,5274.58,166.86,742.32,155.36,1869.82,76.42,81.56,30.60,141.55,55.97,68.23,32.72,199.75,36.43,4925.29,459.35,5.13,0.62,6.61,0.31,9.11,2.66,0.00,0.00,4.00,1.69,8.90,4.60,2.69,5.60,22.76,23.92,77.90,10.34,9.00,5.65,87709.73,12848.80,3499.02,17069.50,2852.51,32792.66,1273.83,334.78,212.05,13170.12,416.64,894.20,187.15,2616.27,106.93,136.08,51.05,252.69,99.91,99.72,47.82,287.00,52.35,7041.90,656.75,6.53,0.79,8.27,0.39,11.34,3.31,0.00,0.00,4.72,1.99,12.02,6.21,3.59,7.46,25.41,26.71,83.91,11.13,10.21,6.41
15.80,15.8,27/11/2025 16:48:54,4.940,12.693,,15.2,1006113.0,667578.0,953519.22,8736.20,2149.78,8678.77,1456.76,15628.98,605.51,159.83,99.70,5050.95,160.31,712.84,153.51,1876.60,76.70,153.66,41.19,138.94,55.69,85.20,35.56,273.41,49.79,4852.51,452.13,4.83,0.63,15.62,0.78,9.89,2.75,0.00,0.00,5.53,1.72,5.43,4.56,3.94,5.59,10.10,23.85,69.51,10.19,8.03,5.60,88895.33,14487.03,3564.93,16398.21,2752.50,33435.63,1295.40,366.23,228.45,12611.74,400.29,858.69,184.92,2625.76,107.32,256.39,68.72,248.04,99.41,124.53,51.98,392.85,71.54,6937.84,646.43,6.14,0.80,19.56,0.98,12.31,3.42,0.00,0.00,6.54,2.03,7.34,6.16,5.25,7.45,11.28,26.63,74.88,10.98,9.11,6.36
15.90,15.9,27/11/2025 16:48:54,4.266,13.089,,15.2,1006174.0,666295.0,956308.58,6684.06,2086.28,8695.70,1460.61,15629.46,605.92,108.48,74.02,5097.14,161.77,605.18,142.34,1832.48,76.27,123.50,37.12,136.49,55.19,80.70,34.58,174.67,31.97,4389.69,407.27,4.55,0.60,6.60,0.31,8.94,2.70,0.00,0.00,4.14,1.65,7.51,4.47,2.26,5.47,24.44,23.65,68.80,10.02,6.66,5.51,84466.43,11084.01,3459.62,16430.19,2759.77,33436.64,1296.28,248.56,169.60,12727.07,403.92,729.01,171.47,2564.01,106.72,206.06,61.94,243.65,98.53,117.95,50.55,250.97,45.93,6276.13,582.29,5.79,0.76,8.26,0.38,11.13,3.35,0.00,0.00,4.89,1.95,10.14,6.04,3.01,7.29,27.29,26.41,74.12,10.80,7.55,6.25
16.00,16.0,27/11/2025 16:48:54,4.290,9.388,,15.1,1012900.0,670657.0,950484.18,9576.57,2225.60,9824.26,1632.83,16846.14,647.27,43.88,62.54,5213.69,165.28,696.59,152.68,2004.89,78.73,112.89,36.43,160.22,56.99,81.82,35.21,156.30,28.86,4669.98,434.11,4.94,0.63,6.64,0.31,9.99,2.76,0.00,0.00,6.06,1.74,6.18,4.58,1.68,5.64,14.18,24.23,71.44,10.32,7.49,5.62,94887.16,15880.59,3690.66,18562.57,3085.17,36039.55,1384.74,100.54,143.31,13018.07,412.69,839.12,183.92,2805.26,110.16,188.35,60.78,286.02,101.73,119.58,51.47,224.58,41.47,6676.88,620.66,6.28,0.81,8.31,0.39,12.43,3.44,0.00,0.00,7.17,2.06,8.35,6.19,2.24,7.52,15.83,27.05,76.95,11.12,8.50,6.37
16.10,16.1,27/11/2025 16:48:54,5.079,11.114,1181246.976,15.1,1011298.0,670780.0,953392.84,8145.13,2203.94,8863.55,1487.69,16325.31,629.14,69.71,52.71,5128.92,162.80,673.73,150.43,1930.61,77.87,182.64,44.62,116.46,55.86,94.04,37.35,194.03,35.39,4741.31,441.32,5.10,0.63,22.07,1.20,11.36,2.76,0.00,0.00,5.20,1.70,11.68,4.60,3.28,5.60,9.08,24.09,68.63,10.16,5.33,5.58,89530.96,13506.87,3654.75,16747.35,2810.93,34925.31,1345.94,159.74,120.78,12806.41,406.51,811.58,181.21,2701.32,108.96,304.73,74.45,207.90,99.72,137.44,54.59,278.78,50.85,6778.86,630.97,6.48,0.80,27.63,1.50,14.14,3.43,0.00,0.00,6.14,2.01,15.78,6.21,4.37,7.47,10.14,26.89,73.93,10.95,6.05,6.33
16.20,16.2,27/11/2025 16:48:54,5.619,9.987,,15.1,1012130.0,669813.0,952256.59,7746.83,2165.25,9695.19,1613.56,17102.87,655.08,103.52,71.49,5124.73,162.68,749.08,157.33,1942.68,77.91,143.43,40.64,121.55,56.52,69.56,33.27,170.51,31.40,4648.24,432.16,4.94,0.63,6.76,0.31,10.70,2.78,0.00,0.00,4.96,1.70,6.66,4.54,4.57,5.63,9.51,24.32,72.11,10.34,5.00,5.50,91999.31,12846.38,3590.59,18318.69,3048.76,36588.76,1401.45,237.20,163.80,12795.95,406.21,902.35,189.52,2718.21,109.02,239.32,67.81,216.99,100.89,101.67,48.62,244.99,45.12,6645.79,617.88,6.29,0.80,8.46,0.39,13.32,3.46,0.00,0.00,5.86,2.00,9.00,6.14,6.10,7.51,10.62,27.16,77.67,11.14,5.67,6.24
16.30,16.3,27/11/2025 16:48:54,5.025,9.988,,15.1,1014886.0,670018.0,949063.67,9102.91,2222.99,9874.46,1641.25,17822.67,679.78,78.86,59.29,5805.62,181.58,662.86,150.74,1989.53,79.65,174.28,44.33,131.32,57.12,75.21,34.40,199.10,36.38,4883.13,454.76,5.45,0.65,10.57,0.50,11.43,2.79,0.00,0.00,5.19,1.73,8.33,4.66,3.24,5.76,6.18,24.54,80.19,10.66,5.83,5.66,98199.04,15095.13,3686.33,18657.42,3101.09,38128.66,1454.27,180.69,135.85,14496.07,453.38,798.48,181.58,2783.76,111.45,290.78,73.96,234.43,101.96,109.92,50.28,286.07,52.27,6981.63,650.19,6.93,0.82,13.24,0.62,14.22,3.47,0.00,0.00,6.14,2.04,11.26,6.29,4.32,7.68,6.90,27.40,86.38,11.48,6.61,6.42
16.40,16.4,27/11/2025 16:48:54,4.488,15.809,,15.1,1011281.0,670112.0,948972.77,9778.18,2211.31,9515.55,1585.66,18000.49,685.52,33.56,30.66,5506.50,173.11,735.79,157.43,1949.58,78.94,126.56,38.63,121.31,56.95,67.29,33.07,159.44,29.43,4901.58,456.52,4.94,0.64,6.69,0.32,10.76,2.85,0.00,0.00,4.95,1.76,7.50,4.69,3.44,5.73,9.41,24.49,76.39,10.46,7.30,5.69,98056.46,16214.91,3666.96,17979.28,2996.04,38509.08,1466.56,76.89,70.25,13749.20,432.24,886.34,189.64,2727.87,110.45,211.16,64.46,216.56,101.67,98.35,48.33,229.09,42.29,7008.00,652.71,6.29,0.81,8.38,0.40,13.39,3.55,0.00,0.00,5.86,2.08,10.14,6.34,4.59,7.65,10.51,27.35,82.29,11.27,8.29,6.46
16.50,16.5,27/11/2025 16:48:54,4.520,11.111,,15.2,1008726.0,666304.0,949523.83,9743.32,2273.98,10006.73,1662.05,17371.40,664.89,104.70,72.88,5628.47,176.95,736.52,157.52,1970.86,79.06,91.44,33.07,65.78,56.37,59.14,31.84,184.55,33.73,4384.87,406.30,4.59,0.62,6.71,0.31,8.67,2.73,0.00,0.00,4.81,1.70,3.72,4.56,5.38,5.62,13.48,24.51,75.23,10.25,5.78,5.57,97202.65,16157.11,3770.89,18907.35,3140.38,37163.24,1422.43,239.91,166.98,14053.75,441.83,887.22,189.75,2757.64,110.62,152.57,55.17,117.43,100.62,86.44,46.54,265.17,48.47,6269.24,580.90,5.85,0.79,8.40,0.39,10.79,3.40,0.00,0.00,5.69,2.01,5.03,6.17,7.17,7.49,15.05,27.37,81.03,11.04,6.56,6.32
16.60,16.6,27/11/2025 16:48:54,4.917,11.575,1181248.231,15.2,1002635.0,665444.0,952890.21,8544.70,2133.69,9547.20,1588.45,16333.00,629.25,55.83,44.66,5278.98,166.54,720.66,154.22,1884.52,77.06,172.91,43.50,131.74,55.98,78.19,34.49,135.56,25.32,4091.46,378.01,4.77,0.60,6.65,0.31,12.32,2.80,0.00,0.00,5.13,1.66,6.79,4.46,1.93,5.48,15.84,24.06,73.86,10.14,7.75,5.44,90800.33,14169.47,3538.25,18039.08,3001.31,34941.75,1346.18,127.93,102.32,13181.11,415.82,868.12,185.78,2636.83,107.82,288.50,72.58,235.19,99.94,114.28,50.41,194.77,36.38,5849.74,540.45,6.07,0.77,8.32,0.38,15.34,3.48,0.00,0.00,6.07,1.97,9.17,6.03,2.57,7.31,17.69,26.86,79.57,10.92,8.79,6.17
16.70,16.7,27/11/2025 16:48:54,4.859,11.643,,15.2,1001791.0,662611.0,951672.59,9101.65,2194.00,9352.15,1561.49,16971.34,651.30,105.80,73.23,5416.40,170.85,665.41,149.64,1894.03,77.75,135.99,39.19,131.57,55.87,90.29,36.54,260.02,47.09,4051.56,373.96,5.09,0.62,18.11,0.93,11.67,2.83,0.00,0.00,4.06,1.68,8.48,4.47,5.54,5.47,20.84,23.96,72.85,10.05,4.59,5.45,93223.58,15093.05,3638.25,17670.53,2950.37,36307.37,1393.34,242.42,167.80,13524.23,426.60,801.55,180.26,2650.14,108.78,226.90,65.39,234.87,99.74,131.96,53.40,373.61,67.66,5792.69,534.66,6.47,0.78,22.67,1.17,14.52,3.52,0.00,0.00,4.80,1.98,11.45,6.03,7.39,7.30,23.27,26.75,78.47,10.82,5.20,6.19
16.80,16.8,27/11/2025 16:48:54,4.704,11.376,,15.2,995756.0,659418.0,952530.99,7770.75,2137.31,9547.59,1589.30,17065.96,653.03,123.23,81.18,5401.93,169.69,702.12,151.68,1970.31,77.50,130.65,38.35,138.55,55.69,64.25,32.03,188.29,34.06,4211.70,389.40,4.62,0.60,39.73,2.80,10.85,2.76,0.00,0.00,3.78,1.67,3.86,4.49,4.52,5.50,13.58,23.85,68.00,10.06,4.73,5.51,91838.83,12886.05,3544.26,18039.82,3002.93,36509.81,1397.04,282.36,186.02,13488.09,423.71,845.78,182.72,2756.86,108.44,217.98,63.99,247.34,99.42,93.91,46.81,270.55,48.94,6021.66,556.74,5.88,0.77,49.73,3.51,13.50,3.43,0.00,0.00,4.47,1.97,5.22,6.06,6.03,7.34,15.17,26.62,73.25,10.84,5.36,6.25
16.90,16.9,27/11/2025 16:48:54,4.338,11.246,,15.2,994226.0,659631.0,950254.81,10575.68,2247.39,9590.00,1594.88,16971.65,649.96,57.92,45.87,5435.26,170.24,751.91,156.51,1864.98,77.19,135.05,39.08,147.22,56.30,79.24,34.61,143.47,26.49,3833.06,352.66,4.38,0.60,31.55,1.98,10.09,2.66,0.00,0.00,5.06,1.69,7.41,4.46,2.80,5.51,19.07,24.04,74.24,10.04,5.14,5.52,95659.53,17537.39,3726.79,18119.96,3013.47,36308.04,1390.48,132.72,105.09,13571.32,425.07,905.76,188.53,2609.49,108.01,225.33,65.20,262.81,100.50,115.81,50.59,206.15,38.07,5480.30,504.22,5.58,0.76,39.49,2.48,12.56,3.31,0.00,0.00,5.99,1.99,10.01,6.02,3.74,7.35,21.29,26.84,79.97,10.81,5.83,6.27
17.00,17.0,27/11/2025 16:48:54,3.907,15.479,,15.3,987277.0,650762.0,953448.49,8425.33,2155.93,8959.02,1499.58,16986.13,649.69,31.00,28.15,5128.74,162.08,756.35,155.40,1876.70,76.40,146.42,39.97,84.97,54.55,66.90,32.21,111.00,20.91,3831.67,352.64,4.30,0.59,33.01,2.13,11.53,2.75,0.00,0.00,5.37,1.64,7.41,4.33,2.41,5.27,12.45,23.67,66.46,9.64,4.33,5.31,89954.97,13971.52,3575.13,16927.74,2833.40,36339.02,1389.90,71.03,64.49,12805.98,404.71,911.11,187.19,2625.90,106.90,244.30,66.70,151.69,97.38,97.78,47.08,159.49,30.04,5478.31,504.18,5.48,0.75,41.32,2.66,14.35,3.42,0.00,0.00,6.35,1.95,10.01,5.85,3.21,7.02,13.90,26.43,71.59,10.38,4.92,6.03
17.10,17.1,27/11/2025 16:48:54,3.831,11.840,1181246.445,15.3,978139.0,650599.0,954660.90,8333.75,2104.35,8545.81,1434.21,16190.68,622.64,118.42,77.59,4979.93,157.69,681.22,146.39,1866.30,75.34,201.26,45.14,67.55,53.53,87.24,35.47,129.68,23.92,3969.53,366.05,4.63,0.59,57.37,5.17,8.44,2.70,0.07,0.21,5.25,1.62,3.74,4.32,2.61,5.28,5.28,23.37,74.08,9.85,6.24,5.32,87383.10,13819.66,3489.60,16146.98,2709.88,34637.28,1332.04,271.35,177.78,12434.42,393.75,820.61,176.34,2611.34,105.42,335.81,75.31,120.59,95.56,127.51,51.84,186.33,34.37,5675.40,523.36,5.90,0.75,71.81,6.48,10.50,3.36,0.10,0.28,6.21,1.91,5.06,5.83,3.48,7.04,5.90,26.09,79.80,10.62,7.08,6.03
17.20,17.2,27/11/2025 16:48:54,4.101,10.915,,15.3,989865.0,655601.0,953990.49,7726.31,2102.07,8868.92,1485.11,16644.38,638.53,158.55,99.04,5302.66,166.86,695.57,149.41,1909.57,76.76,68.76,27.56,90.05,54.84,83.84,35.08,123.95,23.06,4162.50,384.79,4.91,0.61,49.99,4.08,10.31,2.70,0.00,0.00,8.69,2.06,6.64,4.39,4.16,5.37,19.34,23.70,65.89,9.89,4.52,5.42,89022.61,12812.35,3485.81,16757.49,2806.06,35607.90,1366.03,363.29,226.95,13240.24,416.62,837.88,179.98,2671.88,107.41,114.72,45.99,160.76,97.89,122.53,51.27,178.10,33.14,5951.31,550.15,6.24,0.77,62.58,5.11,12.84,3.36,0.00,0.00,10.27,2.44,8.97,5.93,5.54,7.16,21.60,26.46,70.98,10.66,5.13,6.15
17.30,17.3,27/11/2025 16:48:54,4.008,17.328,,15.3,983835.0,651056.0,950257.90,10813.83,2232.94,8863.85,1484.82,17140.61,655.16,12.81,60.40,4994.41,158.16,829.23,162.42,1952.42,77.04,151.06,40.61,128.45,55.27,77.20,34.01,157.73,28.67,4448.44,412.25,4.81,0.61,50.01,4.03,12.79,2.86,0.00,0.00,5.73,1.71,6.21,4.45,4.27,5.45,13.27,23.73,70.55,10.16,4.44,5.49,94962.64,17932.32,3702.84,16747.91,2805.51,36669.50,1401.62,29.35,138.40,12470.56,394.91,998.89,195.66,2731.84,107.80,252.04,67.75,229.30,98.67,112.83,49.71,226.63,41.20,6360.12,589.41,6.13,0.78,62.60,5.05,15.92,3.55,0.00,0.00,6.78,2.02,8.39,6.02,5.69,7.27,14.82,26.50,76.00,10.95,5.04,6.22
17.40,17.4,27/11/2025 16:48:54,4.040,14.418,,15.3,985787.0,652626.0,950712.37,8950.57,2170.91,9799.05,1626.80,17428.69,665.07,147.21,93.78,5226.66,165.23,799.00,160.74,1895.43,76.94,202.98,46.18,105.42,55.41,66.98,32.51,99.66,19.09,4399.48,407.56,4.92,0.62,56.24,4.91,9.76,2.69,0.00,0.00,5.32,1.69,5.84,4.45,3.31,5.47,3.83,23.98,71.17,10.08,6.12,5.60,94898.97,14842.52,3599.97,18514.94,3073.77,37285.81,1422.81,337.32,214.88,13050.46,412.57,962.48,193.63,2652.10,107.66,338.66,77.05,188.19,98.92,97.89,47.51,143.19,27.43,6290.13,582.71,6.27,0.79,70.41,6.15,12.15,3.35,0.00,0.00,6.29,2.00,7.88,6.01,4.41,7.29,4.27,26.77,76.66,10.86,6.95,6.36
17.50,17.5,27/11/2025 16:48:54,4.560,17.331,,15.3,990904.0,657999.0,951859.88,8936.82,2173.31,9177.98,1532.48,17133.88,655.43,60.47,47.83,5447.16,171.08,709.08,151.56,1877.10,76.67,133.94,38.81,140.89,55.86,57.33,31.10,126.47,23.66,4164.67,384.92,4.63,0.60,49.95,4.05,12.38,2.77,0.00,0.00,5.58,1.69,4.28,4.44,4.60,5.48,11.13,23.92,76.79,10.16,4.98,5.51,92934.53,14819.71,3603.95,17341.45,2895.57,36655.11,1402.17,138.55,109.61,13601.03,427.17,854.16,182.58,2626.45,107.27,223.48,64.76,251.52,99.72,83.78,45.45,181.71,34.00,5954.41,550.34,5.89,0.77,62.53,5.08,15.41,3.45,0.00,0.00,6.60,1.99,5.78,6.00,6.13,7.31,12.43,26.70,82.72,10.94,5.65,6.25
17.60,17.6,27/11/2025 16:48:54,3.915,9.720,1181253.921,15.2,990711.0,658623.0,955307.31,7087.97,2122.13,8577.42,1441.21,16005.06,616.98,50.15,40.80,5123.45,161.88,785.89,158.62,1927.57,76.54,179.63,43.41,129.42,54.80,66.40,32.08,189.89,34.43,4409.42,408.95,4.69,0.60,34.55,2.27,8.44,2.62,0.00,0.00,6.48,1.77,5.82,4.43,4.66,5.47,15.26,23.56,72.61,10.01,7.90,5.50,86142.80,11753.81,3519.08,16206.71,2723.11,34240.18,1319.92,114.90,93.49,12792.76,404.21,946.69,191.08,2697.07,107.10,299.72,72.43,231.04,97.82,97.04,46.88,272.84,49.46,6304.34,584.70,5.97,0.76,43.25,2.84,10.51,3.26,0.00,0.00,7.66,2.10,7.87,5.98,6.21,7.29,17.04,26.30,78.22,10.78,8.97,6.24
17.70,17.7,27/11/2025 16:48:54,3.500,4.628,,15.3,989176.0,654155.0,952653.19,7716.72,2108.10,9204.51,1535.98,17045.13,651.87,119.16,78.84,5259.45,165.60,789.61,159.16,2012.67,77.58,182.57,44.07,148.37,55.85,59.96,31.41,135.66,25.19,4515.28,418.98,4.53,0.60,45.14,3.42,9.06,2.72,0.00,0.00,5.02,1.70,3.25,4.52,2.97,5.47,9.45,23.89,73.70,10.17,4.60,5.43,91316.69,12796.45,3495.81,17391.58,2902.17,36465.25,1394.56,273.03,180.64,13132.35,413.48,951.17,191.72,2816.13,108.55,304.61,73.52,264.86,99.70,87.63,45.90,194.92,36.19,6455.69,599.03,5.76,0.77,56.50,4.28,11.28,3.38,0.00,0.00,5.93,2.01,4.39,6.11,3.96,7.30,10.55,26.67,79.39,10.95,5.22,6.16
17.80,17.8,27/11/2025 16:48:54,3.804,7.012,,15.3,986167.0,652141.0,949460.31,11087.53,2219.48,9426.56,1568.71,16980.29,650.20,123.75,81.31,5174.24,163.68,672.73,146.88,1967.12,77.53,165.18,42.51,133.65,55.73,80.27,34.71,110.96,20.94,4441.65,411.60,5.12,0.63,68.57,6.89,8.14,2.71,0.02,0.22,5.13,1.70,6.32,4.41,2.53,5.44,3.07,23.90,71.00,10.00,5.85,5.61,96638.18,18386.19,3680.51,17811.13,2964.02,36326.52,1390.99,283.57,186.32,12919.59,408.69,810.38,176.93,2752.41,108.48,275.60,70.93,238.60,99.49,117.32,50.74,159.44,30.08,6350.42,588.48,6.52,0.80,85.84,8.62,10.14,3.37,0.02,0.29,6.06,2.01,8.54,5.95,3.37,7.26,3.42,26.69,76.49,10.77,6.63,6.36
17.90,17.9,27/11/2025 16:48:54,3.799,10.645,,15.2,997251.0,657721.0,950873.21,8506.84,2139.14,9767.79,1621.71,17191.73,657.20,108.56,74.14,5198.63,164.16,849.59,166.05,2075.99,78.73,142.01,40.01,154.24,56.27,90.68,36.66,124.07,23.27,4717.97,438.62,5.03,0.63,72.47,7.55,9.55,2.73,0.00,0.00,6.05,1.75,6.86,4.54,3.33,5.52,15.81,23.98,71.93,10.24,7.66,5.61,94301.09,14106.69,3547.29,18455.87,3064.16,36778.87,1405.97,248.74,169.88,12980.48,409.89,1023.41,200.02,2904.74,110.16,236.94,66.75,275.34,100.46,132.54,53.58,178.27,33.44,6745.49,627.11,6.40,0.81,90.72,9.45,11.89,3.40,0.00,0.00,7.15,2.07,9.27,6.13,4.43,7.37,17.66,26.78,77.49,11.03,8.69,6.36
18.00,18.0,27/11/2025 16:48:54,3.691,8.796,,15.2,1005153.0,662620.0,948808.64,10142.96,2256.28,9504.09,1584.74,17472.16,667.79,142.02,91.56,5458.38,171.98,693.37,151.55,2056.09,79.87,202.17,46.90,107.39,56.50,82.31,35.45,234.79,42.43,4907.31,456.96,5.06,0.64,66.25,6.41,12.49,2.92,0.00,0.00,7.41,1.98,6.61,4.63,3.76,5.68,12.49,24.44,67.47,10.36,6.78,5.71,98047.66,16819.83,3741.53,17957.63,2994.32,37378.79,1428.62,325.41,209.79,13629.06,429.42,835.24,182.56,2876.89,111.76,337.32,78.25,191.70,100.86,120.30,51.82,337.36,60.96,7016.20,653.34,6.43,0.81,82.93,8.02,15.55,3.63,0.00,0.00,8.77,2.34,8.92,6.26,5.02,7.57,13.94,27.29,72.68,11.16,7.69,6.48
18.10,18.1,27/11/2025 16:48:54,3.884,14.879,1181249.491,15.2,996267.0,661919.0,952181.55,8791.37,2180.88,9043.06,1511.82,16559.94,635.89,131.31,84.35,4896.89,155.69,842.36,164.78,2003.57,77.98,173.91,43.50,161.87,56.15,75.72,33.91,162.38,29.81,4785.58,445.40,4.76,0.61,66.48,6.52,9.78,2.75,0.00,0.00,8.60,2.09,9.44,4.60,1.76,5.60,11.96,23.90,71.64,10.33,6.08,5.61,91427.75,14578.51,3616.49,17086.52,2856.54,35427.26,1360.39,300.87,193.28,12227.07,388.74,1014.71,198.49,2803.41,109.11,290.16,72.58,288.97,100.23,110.67,49.56,233.31,42.83,6842.16,636.81,6.05,0.78,83.22,8.16,12.18,3.42,0.00,0.00,10.17,2.47,12.74,6.21,2.35,7.47,13.35,26.68,77.17,11.12,6.89,6.36
18.20,18.2,27/11/2025 16:48:54,3.724,11.308,,15.3,986263.0,653071.0,952833.08,7676.20,2050.96,9415.30,1566.47,16557.83,635.38,182.18,110.58,5086.13,160.41,698.02,148.73,1986.53,77.31,210.60,46.17,151.87,55.34,86.07,35.52,175.82,31.85,4723.34,439.22,4.55,0.60,91.28,11.40,8.51,2.71,0.00,0.00,6.38,1.80,6.87,4.50,2.92,5.50,23.73,23.65,68.08,10.13,4.72,5.57,90689.90,12729.25,3401.05,17789.86,2959.78,35422.73,1359.29,417.45,253.38,12699.57,400.52,840.83,179.16,2779.56,108.18,351.39,77.03,271.11,98.79,125.80,51.92,252.63,45.77,6753.16,627.97,5.79,0.76,114.26,14.27,10.60,3.37,0.00,0.00,7.55,2.13,9.28,6.08,3.89,7.34,26.49,26.41,73.33,10.91,5.36,6.32
18.30,18.3,27/11/2025 16:48:54,3.484,15.012,,15.3,976895.0,648528.0,953255.09,9491.22,2134.56,8672.09,1453.46,15977.51,616.21,64.16,49.26,4689.83,149.85,728.79,150.32,1923.10,75.96,189.66,44.06,103.46,54.17,78.19,33.88,264.99,47.74,4336.35,401.54,4.93,0.61,98.31,13.15,10.92,2.80,0.00,0.00,5.04,1.70,4.70,4.43,3.68,5.42,13.94,23.43,78.44,10.31,5.61,5.55,89194.28,15739.06,3539.69,16385.58,2746.27,34181.25,1318.28,147.01,112.88,11710.06,374.16,877.90,181.08,2690.81,106.28,316.45,73.52,184.70,96.70,114.27,49.52,380.75,68.60,6199.88,574.11,6.28,0.78,123.06,16.46,13.59,3.49,0.00,0.00,5.96,2.01,6.35,5.99,4.91,7.22,15.56,26.15,84.49,11.11,6.36,6.30
18.40,18.4,27/11/2025 16:48:54,3.681,9.257,,15.4,973611.0,647249.0,953819.14,8180.08,2062.98,9160.71,1527.04,16408.19,629.92,101.74,69.38,4859.47,154.58,737.53,151.01,1996.58,76.45,205.86,45.22,153.29,54.55,74.28,33.21,143.10,26.22,3906.71,359.84,4.82,0.60,138.81,24.57,9.71,2.74,0.00,0.00,4.42,1.66,6.34,4.43,2.18,5.36,16.34,23.30,66.05,9.82,4.66,5.53,88845.31,13564.82,3420.98,17308.81,2885.28,35102.60,1347.60,233.13,158.98,12133.63,385.97,888.43,181.91,2793.63,106.96,343.47,75.45,273.65,97.37,108.56,48.53,205.62,37.68,5585.60,514.47,6.14,0.76,173.75,30.76,12.08,3.41,0.00,0.00,5.23,1.97,8.56,5.98,2.91,7.15,18.24,26.02,71.15,10.58,5.29,6.27
18.50,18.5,27/11/2025 17:13:47,2.444,15.673,,15.3,981982.0,651824.0,953080.71,9059.82,2187.77,8448.58,1421.67,16350.19,628.51,177.93,109.09,5200.26,164.46,757.06,154.72,1968.95,77.01,240.14,49.06,59.71,54.34,55.62,30.67,101.73,19.45,4298.33,397.89,4.88,0.62,95.09,12.41,8.29,2.76,0.00,0.00,4.49,1.66,10.48,4.48,2.67,5.37,1.78,23.80,67.55,9.99,5.74,5.47,90144.75,15023.69,3627.92,15963.28,2686.20,34978.54,1344.60,407.70,249.97,12984.54,410.64,911.96,186.38,2754.96,107.76,400.67,81.85,106.59,97.01,81.29,44.83,146.18,27.95,6145.50,568.88,6.21,0.79,119.03,15.53,10.32,3.43,0.00,0.00,5.31,1.96,14.16,6.06,3.56,7.16,1.98,26.57,72.76,10.76,6.52,6.20
18.60,18.6,27/11/2025 17:14:07,1.776,9.454,1181254.056,15.4,968863.0,647030.0,953979.41,9493.30,2128.99,8424.13,1414.47,15972.90,615.07,45.31,37.05,4429.04,142.78,647.28,141.82,1858.67,75.23,217.29,46.67,85.60,53.74,70.18,32.39,177.68,31.89,4415.48,409.27,4.86,0.61,64.66,6.30,11.86,2.74,0.00,0.00,7.10,1.84,6.48,4.43,4.46,5.33,4.59,23.37,73.68,9.98,6.06,5.48,87776.62,15742.50,3530.45,15917.07,2672.59,34171.37,1315.85,103.82,84.89,11058.90,356.52,779.72,170.84,2600.67,105.26,362.55,77.87,152.81,95.93,102.58,47.34,255.30,45.83,6313.01,585.15,6.18,0.77,80.94,7.89,14.76,3.41,0.00,0.00,8.40,2.18,8.75,5.98,5.94,7.11,5.12,26.09,79.37,10.75,6.88,6.22
18.70,18.7,27/11/2025 17:14:26,2.778,7.472,,15.4,962103.0,638064.0,957351.28,7503.87,2043.58,8020.88,1352.83,15054.81,583.74,23.53,21.52,4499.63,144.23,716.65,147.16,1876.08,74.34,195.83,43.73,136.48,53.15,65.76,31.24,185.43,33.17,4184.28,387.01,4.67,0.59,61.22,5.79,8.01,2.56,0.00,0.00,5.38,1.63,7.53,4.25,5.27,5.18,18.16,22.79,69.41,9.77,5.85,5.30,81716.43,12443.49,3388.81,15155.15,2556.12,32207.27,1248.82,53.92,49.31,11235.13,360.13,863.28,177.27,2625.03,104.02,326.74,72.96,243.65,94.88,96.11,45.65,266.43,47.66,5982.44,553.32,5.95,0.75,76.63,7.25,9.97,3.19,0.00,0.00,6.37,1.93,10.16,5.74,7.02,6.91,20.28,25.44,74.77,10.53,6.64,6.01
18.80,18.8,27/11/2025 17:14:46,2.574,11.307,,15.4,964199.0,637733.0,954164.82,9718.55,2144.49,8209.11,1382.38,15360.54,594.70,120.22,77.84,4741.19,151.13,706.87,146.78,1880.33,75.01,218.26,46.30,87.41,53.33,70.19,32.32,156.18,28.21,4387.71,406.56,4.26,0.58,64.35,6.25,10.35,2.67,0.00,0.00,6.10,1.68,8.88,4.35,3.99,5.22,6.44,23.20,67.28,9.64,6.97,5.31,87415.88,16116.04,3556.15,15510.80,2611.96,32861.34,1272.26,275.47,178.35,11838.29,377.35,851.49,176.81,2630.96,104.95,364.17,77.25,156.04,95.20,102.59,47.24,224.41,40.54,6273.30,581.27,5.42,0.73,80.55,7.82,12.88,3.33,0.00,0.00,7.22,1.99,12.00,5.88,5.32,6.96,7.19,25.90,72.48,10.38,7.90,6.02
18.90,18.9,27/11/2025 17:15:06,1.900,8.990,,15.4,962815.0,637700.0,958301.36,5725.31,1946.91,8247.12,1386.65,15359.18,593.74,94.85,64.69,4544.19,145.18,761.01,151.05,1947.79,74.33,139.42,38.07,119.62,53.01,64.38,31.06,170.46,30.53,4333.81,401.54,4.59,0.58,69.75,7.25,11.46,2.71,0.12,0.21,4.84,1.63,8.19,4.30,2.85,5.20,21.47,22.81,63.85,9.42,4.37,5.29,80348.32,9494.13,3228.52,15582.63,2620.02,32858.44,1270.20,217.33,148.23,11346.41,362.50,916.71,181.96,2725.36,104.01,232.62,63.52,213.55,94.63,94.09,45.40,244.93,43.87,6196.24,574.10,5.85,0.74,87.31,9.08,14.27,3.37,0.16,0.28,5.72,1.93,11.06,5.81,3.80,6.94,23.97,25.46,68.78,10.15,4.96,6.01
19.00,19.0,27/11/2025 17:15:36,1.605,11.039,,15.4,966538.0,640316.0,954731.73,8696.17,2117.45,8057.94,1360.58,15751.74,607.78,97.76,66.34,4729.41,150.75,730.67,149.12,1936.16,75.29,200.99,44.82,138.79,54.05,55.93,30.11,154.10,27.91,4535.93,421.02,4.33,0.59,61.32,5.74,8.18,2.68,0.00,0.00,7.33,1.85,7.93,4.40,3.24,5.28,9.38,23.18,73.65,10.06,7.30,5.37,86551.98,14420.65,3511.32,15225.17,2570.76,33698.25,1300.25,224.01,152.02,11808.89,376.40,880.17,179.63,2709.09,105.35,335.34,74.79,247.76,96.49,81.74,44.00,221.42,40.11,6485.22,601.95,5.51,0.75,76.76,7.19,10.18,3.34,0.00,0.00,8.67,2.19,10.71,5.94,4.32,7.05,10.48,25.88,79.34,10.84,8.28,6.09
19.10,19.1,27/11/2025 17:15:56,2.776,6.079,1181254.254,15.4,957439.0,637514.0,957802.25,8084.41,2062.73,7687.77,1301.68,14454.12,563.18,112.24,72.32,4300.99,138.45,857.47,161.85,1869.37,73.79,199.99,44.35,122.30,53.05,65.50,31.23,182.95,32.73,4094.30,378.27,4.03,0.56,51.84,4.38,11.02,2.65,0.00,0.00,5.04,1.64,9.57,4.26,2.68,5.18,5.89,22.85,70.44,9.62,5.86,5.24,80458.71,13406.17,3420.57,14525.75,2459.47,30922.19,1204.83,257.19,165.72,10739.17,345.70,1032.91,194.96,2615.63,103.25,333.68,73.99,218.33,94.71,95.73,45.64,262.87,47.03,5853.80,540.84,5.13,0.71,64.89,5.48,13.72,3.30,0.00,0.00,5.96,1.94,12.92,5.76,3.57,6.91,6.58,25.51,75.88,10.36,6.64,5.95
19.20,19.2,27/11/2025 17:16:15,3.149,10.313,,15.4,960723.0,638782.0,957839.02,7604.27,2038.74,7631.40,1294.70,15128.32,586.46,49.08,38.90,4336.02,139.93,735.81,148.97,1806.54,73.54,159.20,40.36,130.78,53.16,94.49,36.41,23.65,5.17,4287.71,397.18,4.57,0.57,64.11,6.29,9.35,2.59,0.00,0.00,6.09,1.69,5.86,4.25,1.97,5.12,9.17,22.80,68.64,9.79,3.94,5.17,80752.54,12609.97,3380.80,14419.25,2446.29,32364.54,1254.63,112.46,89.13,10826.62,349.38,886.36,179.45,2527.72,102.90,265.63,67.34,233.47,94.90,138.10,53.21,33.99,7.43,6130.33,567.86,5.81,0.73,80.25,7.87,11.64,3.22,0.00,0.00,7.21,1.99,7.91,5.74,2.63,6.83,10.24,25.46,73.94,10.55,4.47,5.87
19.30,19.3,27/11/2025 17:16:35,3.155,8.134,,15.4,958611.0,635625.0,959357.96,5316.17,1984.96,8141.08,1371.90,15002.05,581.97,111.43,72.71,4393.81,140.89,723.97,147.00,1873.86,73.92,207.10,44.55,136.04,52.71,72.82,32.24,116.02,21.40,4375.47,405.67,4.27,0.57,52.31,4.44,10.91,2.63,0.00,0.02,5.89,1.66,7.12,4.27,3.61,5.17,12.99,22.61,68.75,9.66,6.38,5.26,78331.63,8815.68,3291.61,15382.27,2592.15,32094.41,1245.03,255.32,166.61,10970.92,351.79,872.10,177.08,2621.91,103.43,345.54,74.33,242.87,94.09,106.43,47.11,166.70,30.75,6255.80,580.01,5.43,0.72,65.48,5.55,13.57,3.28,0.00,0.03,6.96,1.96,9.61,5.77,4.81,6.90,14.50,25.24,74.06,10.41,7.24,5.97
19.40,19.4,27/11/2025 17:16:55,3.295,10.709,,15.4,958186.0,637494.0,955237.15,8907.86,2092.71,8399.00,1409.47,15273.34,591.31,28.66,25.25,4292.66,138.93,750.33,150.54,1948.75,75.08,218.46,45.93,143.20,53.49,84.28,34.52,123.31,22.61,4386.08,406.40,4.36,0.57,87.33,10.71,12.08,2.74,0.00,0.00,7.10,1.83,9.21,4.28,4.25,5.23,9.38,22.90,67.70,9.65,5.51,5.32,85168.18,14771.70,3470.29,15869.59,2663.13,32674.80,1265.02,65.67,57.85,10718.37,346.89,903.85,181.34,2726.71,105.05,364.50,76.63,255.64,95.50,123.17,50.45,177.17,32.49,6270.97,581.05,5.55,0.72,109.32,13.41,15.03,3.40,0.00,0.00,8.40,2.16,12.44,5.78,5.67,6.98,10.47,25.57,72.93,10.39,6.26,6.03
19.50,19.5,27/11/2025 17:17:25,4.037,4.888,,15.5,952064.0,633464.0,956742.85,8025.68,2021.67,8432.64,1412.46,14917.52,578.65,48.45,38.14,4232.04,136.85,751.79,149.75,1866.21,73.90,203.10,44.11,143.15,52.93,76.96,33.03,112.15,20.71,4247.97,393.05,4.75,0.59,70.46,7.39,9.43,2.60,0.00,0.00,7.83,1.92,11.01,4.27,4.08,5.16,16.28,22.65,70.01,9.82,5.65,5.37,82527.45,13308.79,3352.49,15933.16,2668.79,31913.57,1237.93,111.01,87.40,10567.00,341.71,905.61,180.39,2611.21,103.41,338.88,73.59,255.56,94.50,112.48,48.27,161.14,29.75,6073.50,561.96,6.04,0.75,88.20,9.25,11.74,3.23,0.00,0.00,9.26,2.28,14.87,5.77,5.44,6.88,18.17,25.29,75.41,10.58,6.41,6.09
19.60,19.6,27/11/2025 17:17:45,1.911,14.348,1181245.854,15.5,949610.0,635584.0,960377.26,6568.42,1982.16,7214.84,1228.29,13972.62,546.49,100.90,65.90,4143.91,133.97,809.97,155.47,1865.58,73.05,220.76,45.31,119.79,51.98,53.43,29.11,194.97,34.83,4191.62,387.86,4.96,0.58,42.79,3.20,10.85,2.62,0.00,0.00,7.04,1.80,8.99,4.31,2.69,5.09,17.97,22.43,65.86,9.46,4.79,5.15,75707.94,10892.26,3286.97,13632.17,2320.81,29892.11,1169.14,231.20,151.00,10346.96,334.51,975.69,187.28,2610.33,102.21,368.33,75.60,213.84,92.79,78.09,42.54,280.14,50.05,5992.95,554.53,6.31,0.74,53.57,4.01,13.51,3.26,0.00,0.00,8.32,2.13,12.14,5.82,3.58,6.78,20.06,25.04,70.94,10.19,5.43,5.84
19.70,19.7,27/11/2025 17:18:04,2.107,14.482,,15.5,941757.0,632025.0,959626.80,7116.74,1955.19,7720.13,1301.94,14124.63,550.49,38.64,31.01,4103.82,133.06,657.97,138.41,1837.39,72.43,225.60,45.96,125.45,52.01,73.96,32.18,194.49,34.48,3976.63,366.87,4.71,0.57,74.48,8.24,8.73,2.47,0.00,0.00,6.16,1.64,13.43,4.26,4.17,5.06,0.00,0.00,63.04,9.29,3.04,5.08,77190.48,11801.51,3242.25,14586.89,2459.97,30217.31,1177.69,88.53,71.05,10246.84,332.24,792.59,166.73,2570.89,101.34,376.41,76.68,223.95,92.85,108.10,47.03,279.46,49.54,5685.56,524.52,5.99,0.73,93.24,10.32,10.86,3.08,0.00,0.00,7.29,1.94,18.14,5.75,5.56,6.75,0.00,0.00,67.90,10.01,3.45,5.76
19.80,19.8,27/11/2025 17:18:24,2.685,19.312,,15.5,941835.0,631965.0,962798.12,4442.29,1858.86,7447.27,1260.81,13881.37,542.03,65.88,47.02,4189.91,134.69,603.97,132.35,1875.42,72.34,226.52,44.91,89.64,50.56,76.73,32.48,179.23,31.82,3917.80,361.32,4.56,0.56,80.45,9.53,10.81,2.63,0.00,0.00,7.14,1.81,5.79,4.12,2.95,5.03,21.25,22.00,68.01,9.50,4.87,5.09,71850.98,7366.55,3082.49,14071.34,2382.26,29696.91,1159.58,150.96,107.73,10461.80,336.30,727.55,159.43,2624.10,101.22,377.95,74.94,160.02,90.27,112.15,47.47,257.53,45.72,5601.45,516.60,5.80,0.72,100.71,11.93,13.45,3.27,0.00,0.00,8.44,2.14,7.83,5.56,3.93,6.70,23.73,24.56,73.26,10.24,5.52,5.78
19.90,19.9,27/11/2025 17:18:44,3.746,19.044,,15.5,945956.0,632607.0,961254.28,5767.92,1916.64,7454.38,1264.30,14165.96,553.22,69.66,50.28,4165.55,134.73,754.89,149.01,1862.16,72.81,219.11,45.51,107.06,51.88,62.19,30.34,88.06,16.72,3836.77,353.46,4.72,0.57,101.20,14.33,9.62,2.54,0.00,0.00,6.11,1.64,3.87,4.16,1.70,5.02,2.36,22.46,58.36,9.28,4.07,5.10,74520.01,9564.81,3178.32,14084.77,2388.85,30305.72,1183.52,159.62,115.20,10400.97,336.42,909.35,179.50,2605.55,101.87,365.59,75.94,191.11,92.62,90.89,44.34,126.53,24.02,5485.60,505.36,6.00,0.73,126.68,17.94,11.97,3.16,0.00,0.00,7.23,1.94,5.22,5.62,2.27,6.70,2.63,25.08,62.86,9.99,4.62,5.79
20.00,20.0,27/11/2025 17:19:13,1.911,18.185,,15.5,940677.0,632422.0,959545.33,7258.67,1953.63,7781.94,1312.71,14001.69,547.40,43.91,56.71,4091.91,132.71,823.98,156.86,1846.63,72.73,291.63,50.46,113.56,51.73,71.85,31.84,130.43,23.59,3779.95,347.73,4.72,0.57,108.48,16.16,9.77,2.55,0.00,0.00,7.75,1.88,6.48,4.15,1.55,5.08,5.01,22.40,69.79,9.56,4.96,5.23,77235.43,12036.88,3239.66,14703.68,2480.32,29954.31,1171.07,100.62,129.95,10217.11,331.36,992.57,188.95,2583.82,101.77,486.58,84.19,202.73,92.34,105.02,46.53,187.41,33.90,5404.37,497.16,6.01,0.73,135.80,20.22,12.16,3.18,0.00,0.00,9.16,2.22,8.75,5.61,2.07,6.78,5.59,25.01,75.18,10.30,5.62,5.93
20.10,20.1,27/11/2025 17:19:33,3.011,10.316,1181248.564,15.6,926174.0,626181.0,964522.93,5967.28,1910.02,6638.83,1139.04,12772.73,505.17,34.53,28.27,3572.89,117.86,594.09,128.81,1762.79,69.72,173.17,40.35,158.87,50.98,60.63,29.31,141.94,25.30,3382.61,309.60,4.38,0.54,117.79,19.23,10.39,2.54,0.00,0.00,4.55,1.55,7.30,4.02,1.65,4.80,0.51,21.63,66.18,9.20,3.97,5.02,67907.90,9895.40,3167.34,12543.82,2152.18,27325.14,1080.74,79.12,64.78,8921.15,294.29,715.64,155.17,2466.51,97.56,288.93,67.32,283.60,91.01,88.62,42.84,203.94,36.35,4836.26,442.65,5.58,0.69,147.44,24.07,12.93,3.16,0.00,0.00,5.38,1.83,9.86,5.43,2.20,6.40,0.57,24.15,71.29,9.92,4.50,5.70
20.20,20.2,27/11/2025 17:19:53,2.511,9.191,,15.6,911277.0,616846.0,966724.77,5465.42,1826.64,6595.96,1130.67,12211.73,485.93,100.71,64.80,3441.19,114.11,480.69,116.33,1619.15,67.59,131.17,34.96,94.87,48.74,70.90,30.62,75.05,14.17,2781.35,251.88,4.51,0.53,98.20,14.19,9.63,2.37,0.00,0.00,5.04,1.48,6.35,3.83,3.31,4.66,11.35,21.09,64.98,8.82,3.65,4.80,64141.35,9063.17,3029.07,12462.81,2136.36,26124.98,1039.56,230.76,148.49,8592.33,284.91,579.04,140.13,2265.53,94.57,218.86,58.33,169.36,87.01,103.62,44.75,107.84,20.36,3976.62,360.13,5.74,0.67,122.93,17.76,11.99,2.95,0.00,0.00,5.96,1.75,8.58,5.17,4.42,6.21,12.68,23.55,70.00,9.51,4.14,5.45
20.30,20.3,27/11/2025 17:20:12,2.165,11.571,,15.7,901286.0,607793.0,966928.38,6423.15,1863.61,6335.19,1090.48,11968.01,477.31,52.68,39.04,3536.99,116.92,156.98,83.89,1472.07,65.99,92.84,29.82,95.97,48.59,61.25,28.81,75.38,14.09,2621.87,236.58,4.12,0.51,83.72,10.75,9.50,2.33,0.00,0.00,4.76,1.43,6.21,3.69,3.83,4.51,6.15,20.98,57.04,8.57,3.93,4.54,63912.49,10651.35,3090.37,11970.11,2060.43,25603.58,1021.13,120.71,89.45,8831.51,291.93,189.10,101.05,2059.73,92.33,154.90,49.76,171.32,86.74,89.52,42.11,108.31,20.24,3748.60,338.25,5.25,0.65,104.80,13.46,11.82,2.91,0.00,0.00,5.63,1.69,8.39,4.99,5.11,6.02,6.87,23.42,61.45,9.24,4.46,5.15
20.40,20.4,27/11/2025 17:20:32,1.476,9.788,,15.7,910017.0,609685.0,964443.14,6585.01,1894.08,6736.77,1152.63,12632.71,500.05,144.07,86.74,3643.11,119.80,484.10,117.59,1652.42,68.53,91.96,29.68,99.05,49.24,67.10,30.05,130.13,23.08,3094.84,281.71,4.33,0.53,85.18,10.85,7.99,2.40,0.00,0.00,3.97,1.47,2.30,3.85,2.13,4.66,20.82,21.25,64.66,8.95,4.21,4.79,68266.61,10919.76,3140.90,12728.88,2177.85,27025.61,1069.77,330.11,198.76,9096.50,299.14,583.15,141.66,2312.07,95.88,153.44,49.51,176.82,87.90,98.07,43.92,186.97,33.17,4424.83,402.77,5.51,0.67,106.62,13.58,9.94,2.99,0.00,0.00,4.69,1.74,3.11,5.19,2.84,6.21,23.25,23.73,69.65,9.64,4.78,5.43
20.50,20.5,27/11/2025 17:21:02,0.926,10.251,,15.7,907543.0,607455.0,963080.84,7589.24,1906.34,6967.49,1186.16,12721.60,502.99,112.29,70.56,3384.99,112.91,595.17,128.14,1715.04,69.08,150.35,37.14,115.82,49.39,46.96,27.10,120.45,21.54,3231.53,294.78,4.57,0.54,70.02,7.61,7.02,2.40,0.00,0.00,4.33,1.47,4.63,3.85,1.28,4.63,12.96,21.27,58.19,8.77,5.24,4.80,70309.50,12585.05,3161.24,13164.81,2241.20,27215.75,1076.06,257.29,161.68,8451.99,281.92,716.94,154.36,2399.70,96.66,250.86,61.97,206.77,88.17,68.64,39.61,173.07,30.95,4620.26,421.46,5.81,0.69,87.65,9.53,8.74,2.99,0.00,0.00,5.12,1.74,6.25,5.20,1.70,6.18,14.47,23.74,62.69,9.44,5.95,5.45
20.60,20.6,27/11/2025 17:21:22,0.191,18.914,1181246.448,15.7,897496.0,604450.0,967490.80,4961.40,1783.35,6197.56,1068.01,11755.93,469.23,62.35,43.70,3528.74,116.29,560.02,123.02,1632.06,67.13,145.04,36.37,94.96,48.26,67.97,29.94,77.38,14.42,3240.18,295.87,4.23,0.51,91.00,12.29,8.45,2.38,0.00,0.00,5.08,1.47,4.90,3.79,2.34,4.54,0.00,0.00,66.08,8.96,3.53,4.68,62474.69,8227.37,2957.29,11710.06,2017.97,25149.88,1003.84,142.86,100.12,8810.92,290.38,674.61,148.19,2283.58,93.93,242.00,60.68,169.53,86.16,99.35,43.76,111.18,20.72,4632.63,423.01,5.38,0.65,113.91,15.38,10.52,2.96,0.00,0.00,6.01,1.74,6.62,5.13,3.12,6.05,0.00,0.00,71.18,9.65,4.01,5.31
20.70,20.7,27/11/2025 17:21:41,2.108,14.550,,15.7,900402.0,602448.0,966702.06,5772.40,1856.52,6299.01,1084.14,11870.26,473.72,34.97,53.43,3368.30,112.19,516.04,119.16,1611.06,67.36,170.63,38.61,114.74,48.41,89.31,33.82,128.62,22.65,3147.23,286.79,3.67,0.50,76.34,8.97,9.17,2.36,0.00,0.00,3.54,1.43,5.15,3.83,2.00,4.56,10.95,20.84,58.35,8.65,6.18,4.80,63746.90,9572.23,3078.63,11901.75,2048.44,25394.47,1013.44,80.14,122.42,8410.33,280.13,621.63,143.54,2254.21,94.25,284.70,64.43,204.82,86.41,130.53,49.43,184.80,32.55,4499.73,410.04,4.68,0.64,95.56,11.23,11.41,2.94,0.00,0.00,4.19,1.69,6.96,5.18,2.67,6.08,12.23,23.27,62.86,9.31,7.01,5.45
20.80,20.8,27/11/2025 17:22:01,0.308,15.803,,15.7,904288.0,605837.0,965553.07,6143.42,1817.71,6628.23,1132.48,12468.81,493.22,49.00,54.47,3261.68,109.51,556.82,123.19,1625.86,67.39,100.44,30.77,141.47,49.28,62.59,29.09,87.21,16.01,3112.73,283.45,3.61,0.50,102.67,15.21,10.47,2.44,0.00,0.00,5.33,1.48,7.17,3.85,2.17,4.61,13.84,20.98,59.61,8.74,3.81,4.84,65924.60,10187.49,3014.26,12523.80,2139.78,26674.97,1055.16,112.27,124.81,8144.09,273.43,670.75,148.40,2274.92,94.30,167.58,51.35,252.55,87.98,91.47,42.51,125.31,23.00,4450.41,405.26,4.59,0.64,128.52,19.04,13.03,3.03,0.00,0.00,6.30,1.75,9.68,5.21,2.89,6.14,15.45,23.42,64.21,9.42,4.32,5.49
20.90,20.9,27/11/2025 17:22:20,1.583,16.203,,15.7,908336.0,609679.0,964290.89,5929.79,1851.39,7150.72,1213.72,13099.71,515.02,72.95,50.26,3673.27,120.60,471.54,116.30,1614.34,68.02,183.99,40.40,132.55,49.48,73.18,31.12,123.52,22.03,2948.56,267.60,4.38,0.54,131.32,23.56,10.89,2.53,0.00,0.00,4.90,1.50,3.77,3.85,1.05,4.62,9.41,21.21,64.60,9.05,4.70,4.85,68859.59,9833.23,3070.11,13511.01,2293.28,28024.66,1101.80,167.14,115.16,9171.79,301.14,568.02,140.10,2258.79,95.17,306.98,67.41,236.62,88.33,106.95,45.48,177.48,31.65,4215.69,382.59,5.57,0.69,164.39,29.50,13.55,3.15,0.00,0.00,5.79,1.77,5.09,5.20,1.40,6.16,10.51,23.68,69.59,9.75,5.33,5.51
21.00,21.0,27/11/2025 17:22:50,3.029,15.277,,15.7,908582.0,611329.0,965667.82,5297.77,1836.42,7026.13,1195.15,12883.02,507.63,83.43,56.07,3483.53,115.39,529.12,121.88,1604.88,67.92,124.53,34.34,150.87,49.68,70.58,30.49,88.07,16.15,2752.66,248.87,3.89,0.51,137.06,25.66,10.14,2.48,0.00,0.00,4.08,1.46,6.80,3.86,2.79,4.61,8.30,21.09,59.25,8.93,5.31,4.89,66322.35,8785.16,3045.29,13275.60,2258.19,27561.09,1085.99,191.17,128.47,8698.03,288.11,637.39,146.81,2245.56,95.04,207.77,57.29,269.32,88.70,103.15,44.56,126.54,23.20,3935.60,355.81,4.95,0.64,171.57,32.12,12.62,3.09,0.00,0.00,4.83,1.72,9.18,5.21,3.72,6.15,9.27,23.55,63.82,9.62,6.03,5.55
21.10,21.1,27/11/2025 17:23:10,1.956,8.859,1181253.524,15.7,905501.0,614319.0,965576.42,6922.67,1902.17,6852.52,1167.97,12186.60,484.53,5.05,4.96,3197.89,107.68,485.52,116.87,1533.19,66.99,143.33,36.34,96.11,48.82,82.17,32.59,93.04,16.97,2612.08,235.52,4.13,0.51,107.51,16.72,9.07,2.42,0.00,0.00,4.34,1.48,5.45,3.78,3.26,4.60,9.02,21.10,66.18,8.93,4.44,4.83,65878.48,11479.70,3154.32,12947.59,2206.84,26071.21,1036.57,11.58,11.37,7984.82,268.87,584.86,140.78,2145.25,93.74,239.15,60.63,171.58,87.15,120.09,47.63,133.68,24.38,3734.61,336.73,5.26,0.65,134.58,20.93,11.30,3.01,0.00,0.00,5.13,1.75,7.36,5.10,4.35,6.13,10.08,23.56,71.29,9.62,5.03,5.48
21.20,21.2,27/11/2025 17:23:29,1.507,8.466,,15.6,915346.0,616476.0,965772.20,5233.16,1877.87,7262.03,1231.34,12749.65,503.59,154.19,92.46,3833.95,125.64,407.77,111.31,1598.92,68.30,35.76,16.94,108.98,49.59,66.27,29.90,37.39,7.60,2528.80,227.70,4.19,0.52,109.83,17.39,7.39,2.35,0.00,0.00,3.97,1.46,4.78,3.85,1.42,4.64,16.23,21.28,57.50,8.83,5.64,4.70,66601.69,8678.02,3114.03,13721.34,2326.57,27275.77,1077.34,353.31,211.85,9573.00,313.72,491.21,134.09,2237.21,95.56,59.67,28.27,194.55,88.52,96.85,43.70,53.72,10.92,3615.53,325.56,5.34,0.66,137.49,21.77,9.20,2.93,0.00,0.00,4.69,1.72,6.45,5.20,1.89,6.18,18.12,23.76,61.94,9.51,6.39,5.33
21.30,21.3,27/11/2025 17:23:49,1.129,7.740,,15.6,913363.0,618533.0,964365.68,6796.84,1918.17,7260.39,1231.88,12748.42,504.36,88.74,59.65,3836.15,125.13,420.05,111.80,1598.39,68.09,52.38,21.81,91.61,49.58,89.47,34.28,95.53,23.94,2334.89,209.24,3.91,0.51,130.44,23.64,9.27,2.44,0.00,0.00,3.87,1.44,6.19,3.88,2.03,4.62,8.95,21.39,51.71,8.65,5.10,4.82,68910.89,11271.03,3180.86,13718.24,2327.59,27273.14,1079.00,203.34,136.69,9578.49,312.43,506.00,134.68,2236.48,95.27,87.40,36.39,163.55,88.50,130.76,50.10,137.26,34.40,3338.29,299.15,4.98,0.64,163.28,29.60,11.53,3.03,0.00,0.00,4.58,1.70,8.36,5.25,2.71,6.16,9.99,23.89,55.70,9.32,5.79,5.47
21.40,21.4,27/11/2025 17:24:09,1.216,0.995,,15.5,929943.0,626366.0,962789.86,7407.84,1931.10,7767.98,1309.13,13298.55,523.42,9.91,9.71,3840.62,125.94,437.20,115.71,1543.74,68.87,49.01,21.22,122.17,50.89,71.21,31.27,17.89,3.90,2485.43,223.67,4.23,0.54,55.24,5.12,7.26,2.39,0.00,0.00,4.95,1.49,3.31,3.87,3.15,4.70,17.84,21.80,57.29,8.80,5.31,4.77,71879.58,12284.24,3202.30,14677.31,2473.55,28450.05,1119.76,22.72,22.26,9589.67,314.46,526.66,139.39,2160.00,96.36,81.77,35.41,218.09,90.84,104.08,45.70,25.71,5.61,3553.53,319.79,5.39,0.68,69.14,6.41,9.04,2.97,0.00,0.00,5.85,1.76,4.47,5.23,4.20,6.27,19.92,24.33,61.72,9.47,6.02,5.41
21.50,21.5,27/11/2025 17:24:38,0.918,5.089,,15.4,955639.0,641303.0,960512.78,6962.86,2000.89,8120.02,1366.74,14190.13,554.83,123.18,78.89,4382.63,141.07,525.37,127.46,1729.59,72.37,53.39,22.98,97.04,52.14,75.29,32.53,109.08,20.25,2944.74,267.57,4.16,0.55,62.03,6.14,8.80,2.49,0.00,0.00,5.87,1.60,3.37,4.08,4.53,5.00,14.03,22.49,67.65,9.32,3.47,5.01,76467.64,11546.35,3318.03,15342.48,2582.40,30357.43,1186.98,282.26,180.77,10943.01,352.23,632.86,153.54,2420.05,101.26,89.09,38.34,173.24,93.08,110.03,47.54,156.73,29.10,4210.22,382.56,5.29,0.69,77.64,7.68,10.95,3.09,0.00,0.00,6.94,1.90,4.55,5.51,6.04,6.66,15.66,25.11,72.88,10.04,3.94,5.69
21.60,21.6,27/11/2025 17:24:58,1.375,11.113,1181250.215,15.3,970496.0,655654.0,959824.07,7378.30,2033.41,7747.45,1311.45,14279.33,558.30,7.74,7.98,4743.43,150.96,425.91,120.64,1811.02,73.80,73.34,28.05,102.39,53.06,87.31,35.09,79.59,15.48,3323.05,304.01,4.50,0.57,6.16,0.29,10.05,2.61,0.00,0.00,4.70,1.57,2.68,4.18,6.44,5.16,11.45,22.87,63.66,9.41,7.42,5.24,77762.44,12235.25,3371.96,14638.51,2477.94,30548.27,1194.39,17.74,18.28,11843.90,376.93,513.05,145.32,2533.99,103.26,122.36,46.81,182.78,94.72,127.61,51.28,114.36,22.25,4751.11,434.66,5.72,0.72,7.71,0.36,12.52,3.25,0.00,0.00,5.56,1.86,3.62,5.65,8.59,6.87,12.78,25.54,68.57,10.14,8.42,5.94
21.70,21.7,27/11/2025 17:25:18,1.637,10.780,,15.3,973418.0,658556.0,956065.75,9454.19,2127.32,8521.24,1428.42,14957.93,580.86,135.63,85.55,4977.30,157.19,617.09,138.86,1861.32,74.94,101.45,33.61,87.84,53.80,80.19,34.08,138.48,25.38,2863.09,259.62,5.02,0.58,20.42,1.10,7.38,2.52,0.00,0.00,4.38,1.59,5.70,4.27,2.81,5.23,17.13,23.30,70.70,9.60,4.95,5.07,84758.99,15677.66,3527.68,16100.57,2698.95,32000.01,1242.65,310.78,196.02,12427.84,392.50,743.35,167.27,2604.37,104.86,169.27,56.09,156.80,96.05,117.21,49.82,198.98,36.46,4093.49,371.19,6.39,0.74,25.56,1.38,9.18,3.14,0.00,0.00,5.18,1.88,7.70,5.77,3.75,6.97,19.13,26.01,76.15,10.35,5.62,5.76
21.80,21.8,27/11/2025 17:25:37,1.125,9.855,,15.3,970518.0,658413.0,958297.02,7972.38,2073.96,8543.22,1434.26,15220.37,590.57,70.46,52.74,4910.38,155.71,491.17,127.48,1668.85,72.99,79.90,29.44,98.49,53.29,63.86,31.18,96.42,25.53,2372.97,213.26,4.78,0.57,6.17,0.28,6.39,2.39,0.00,0.00,3.78,1.56,2.92,4.15,4.22,5.09,13.19,23.01,69.06,9.44,4.01,5.06,81336.09,13220.40,3439.20,16142.09,2709.99,32561.46,1263.43,161.46,120.84,12260.76,388.80,591.67,153.56,2335.06,102.13,133.30,49.12,175.82,95.13,93.33,45.56,138.54,36.68,3392.74,304.91,6.08,0.73,7.72,0.36,7.95,2.98,0.00,0.00,4.47,1.85,3.95,5.60,5.63,6.79,14.72,25.69,74.40,10.17,4.55,5.74
21.90,21.9,27/11/2025 17:25:57,0.876,10.319,,15.3,977387.0,658073.0,953666.76,10228.40,2227.27,9216.47,1538.09,16144.51,622.06,107.35,73.06,5143.86,162.50,493.44,129.09,1824.11,74.98,54.67,23.77,94.66,54.28,76.56,33.63,76.26,14.96,2710.30,245.00,4.66,0.57,35.26,2.39,8.35,2.53,0.00,0.00,4.87,1.60,1.41,4.26,3.71,5.24,29.99,23.47,69.16,9.58,5.25,5.22,89694.30,16961.50,3693.43,17414.17,2906.17,34538.51,1330.81,245.97,167.40,12843.73,405.75,594.40,155.50,2552.31,104.91,91.22,39.66,168.99,96.90,111.89,49.16,109.58,21.49,3875.03,350.29,5.92,0.73,44.14,2.99,10.39,3.15,0.00,0.00,5.76,1.90,1.90,5.75,4.95,6.99,33.48,26.20,74.51,10.32,5.95,5.92
22.00,22.0,27/11/2025 17:26:27,1.185,10.383,,15.3,983975.0,660594.0,950844.51,10622.68,2221.57,9763.94,1620.73,17241.00,658.46,49.94,62.26,5322.38,167.48,599.25,139.99,1846.03,76.52,92.84,32.23,123.39,55.11,86.08,35.54,101.71,19.31,3109.16,282.88,5.06,0.61,66.33,6.68,11.07,2.69,0.00,0.00,3.72,1.63,6.59,4.39,3.16,5.37,28.71,23.67,67.69,9.83,4.75,5.26,94980.52,17615.33,3683.97,18448.59,3062.32,36884.28,1408.67,114.44,142.66,13289.48,418.19,721.86,168.64,2582.97,107.06,154.90,53.78,220.28,98.39,125.81,51.95,146.15,27.74,4445.31,404.45,6.44,0.78,83.04,8.36,13.78,3.35,0.00,0.00,4.40,1.93,8.90,5.93,4.22,7.16,32.06,26.43,72.91,10.59,5.39,5.97
22.10,22.1,27/11/2025 17:26:46,1.512,11.050,1181245.916,15.3,974931.0,657147.0,956421.15,7683.68,2116.41,9238.00,1539.55,15913.72,613.05,105.14,70.29,5021.79,158.33,550.53,132.76,1767.57,74.22,60.06,25.09,134.72,54.10,87.48,35.35,37.14,7.92,2804.34,254.05,4.45,0.57,57.68,5.36,11.96,2.70,0.00,0.00,5.13,1.61,4.16,4.23,3.11,5.18,19.96,23.12,65.02,9.55,3.21,5.13,84893.47,12741.66,3509.60,17454.85,2908.93,34044.77,1311.51,240.91,161.05,12538.94,395.35,663.17,159.93,2473.19,103.86,100.21,41.87,240.50,96.58,127.85,51.67,53.37,11.37,4009.48,363.23,5.66,0.73,72.20,6.71,14.88,3.37,0.00,0.00,6.07,1.90,5.62,5.71,4.15,6.91,22.28,25.82,70.04,10.28,3.64,5.82
22.20,22.2,27/11/2025 17:27:06,0.109,13.034,,15.3,964702.0,654459.0,954189.51,10064.20,2219.06,9094.54,1518.78,16043.30,617.99,56.52,44.19,4840.79,153.66,507.28,127.43,1753.75,73.83,66.31,26.21,101.28,53.02,95.43,36.68,122.94,22.57,2861.62,259.26,4.63,0.58,91.62,12.01,8.18,2.55,0.00,0.00,5.82,1.65,1.80,4.21,1.63,5.21,25.14,22.88,60.43,9.44,3.29,5.11,88414.49,16689.21,3679.81,17183.79,2869.68,34321.98,1322.08,129.50,101.24,12086.98,383.68,611.07,153.50,2453.85,103.30,110.64,43.73,180.80,94.65,139.47,53.61,176.64,32.43,4091.39,370.67,5.89,0.74,114.69,15.03,10.19,3.17,0.00,0.00,6.88,1.95,2.44,5.69,2.17,6.95,28.07,25.54,65.10,10.17,3.74,5.80
22.30,22.3,27/11/2025 17:27:26,0.767,14.947,,15.3,973868.0,655982.0,953470.52,9104.12,2124.18,9390.71,1561.56,16178.32,621.98,156.65,96.75,5156.90,162.65,575.08,135.34,1914.48,75.69,155.61,41.01,121.60,54.67,62.68,31.51,94.86,18.18,3391.50,310.12,4.54,0.58,119.91,19.13,10.19,2.62,0.00,0.00,3.93,1.64,4.94,4.38,4.77,5.30,0.00,0.00,75.58,9.88,3.10,5.41,89882.88,15097.14,3522.47,17743.40,2950.50,34610.85,1330.62,358.93,221.68,12876.27,406.11,692.74,163.04,2678.75,105.90,259.64,68.42,217.08,97.60,91.61,46.05,136.29,26.12,4848.97,443.39,5.78,0.74,150.10,23.95,12.68,3.27,0.00,0.00,4.65,1.94,6.68,5.91,6.36,7.06,0.00,0.00,81.42,10.64,3.52,6.13
22.40,22.4,27/11/2025 17:27:45,0.508,10.717,,15.3,967871.0,650456.0,956051.76,8080.04,2056.55,8865.62,1480.78,15493.58,599.04,86.03,60.29,5097.94,160.39,566.17,132.95,1891.99,75.18,93.82,32.26,117.87,54.08,64.12,31.39,115.46,21.55,3276.25,299.15,4.85,0.59,93.64,12.41,8.14,2.53,0.00,0.00,5.66,1.64,5.22,4.28,3.63,5.24,7.98,23.23,66.37,9.53,3.87,5.17,85099.29,13398.93,3410.33,16751.26,2797.88,33145.97,1281.54,197.13,138.16,12729.07,400.47,682.01,160.15,2647.29,105.19,156.54,53.82,210.41,96.54,93.71,45.87,165.90,30.96,4684.19,427.71,6.17,0.75,117.22,15.54,10.13,3.15,0.00,0.00,6.69,1.94,7.05,5.79,4.84,6.99,8.91,25.94,71.50,10.27,4.39,5.87
22.50,22.5,27/11/2025 17:28:15,1.883,15.148,,15.4,957983.0,643408.0,956721.92,9239.43,2106.73,8533.16,1431.00,14766.34,575.27,121.81,79.00,4551.01,145.84,506.77,125.80,1841.51,73.89,92.77,31.66,68.43,52.69,63.28,30.97,78.81,15.29,3196.87,291.54,4.80,0.58,116.44,18.49,9.35,2.58,0.00,0.00,4.67,1.59,5.06,4.21,2.80,5.13,12.78,22.91,58.70,9.40,3.29,5.10,83178.62,15321.52,3493.53,16123.09,2703.82,31590.15,1230.70,279.10,181.01,11363.44,364.14,610.46,151.54,2576.65,103.39,154.79,52.83,122.17,94.07,92.48,45.27,113.23,21.96,4570.70,416.83,6.10,0.73,145.76,23.14,11.64,3.22,0.00,0.00,5.52,1.88,6.83,5.68,3.74,6.84,14.27,25.57,63.23,10.13,3.73,5.79
22.60,22.6,27/11/2025 17:28:34,2.155,14.356,1181247.702,15.5,932832.0,632878.0,961867.39,7212.20,1944.30,7056.66,1201.71,13777.42,538.82,41.22,55.84,4211.57,135.52,352.65,109.14,1777.97,71.49,168.27,40.09,145.28,51.36,70.45,31.25,101.60,18.76,2971.74,269.98,4.22,0.54,139.78,26.12,9.15,2.46,0.00,0.00,6.89,1.77,4.10,3.98,3.01,4.91,9.14,21.94,65.32,9.32,3.98,4.98,73622.91,11959.81,3224.18,13333.30,2270.59,29474.52,1152.72,94.46,127.96,10515.88,338.39,424.80,131.47,2487.75,100.03,280.75,66.90,259.34,91.68,102.96,45.67,145.98,26.95,4248.83,386.00,5.37,0.69,174.97,32.69,11.39,3.06,0.00,0.00,8.14,2.10,5.54,5.38,4.02,6.54,10.21,24.49,70.37,10.04,4.52,5.65
22.70,22.7,27/11/2025 17:28:54,2.367,6.681,,15.6,922979.0,625587.0,964311.21,6046.37,1877.92,7075.33,1204.15,13164.32,518.44,79.09,54.54,3807.64,124.67,499.05,120.24,1685.01,69.82,117.68,34.22,118.26,50.31,91.18,34.75,122.18,21.99,2670.18,241.18,3.98,0.52,115.63,18.87,6.94,2.38,0.00,0.00,4.58,1.50,8.27,3.95,1.72,4.75,2.22,21.59,63.35,8.97,5.81,4.87,68993.98,10026.56,3114.11,13368.58,2275.19,28162.90,1109.11,181.22,124.97,9507.31,311.29,601.16,144.84,2357.68,97.69,196.34,57.10,211.11,89.82,133.27,50.79,175.55,31.60,3817.68,344.83,5.07,0.67,144.74,23.62,8.64,2.96,0.00,0.00,5.42,1.77,11.18,5.33,2.29,6.33,2.48,24.10,68.24,9.66,6.59,5.52
22.80,22.8,27/11/2025 17:29:13,3.253,13.627,,15.7,908135.0,616889.0,966059.32,6522.87,1906.68,6979.40,1187.98,12011.77,478.85,25.00,21.60,3775.30,123.29,288.99,98.91,1518.36,67.34,56.62,22.80,73.49,48.77,77.62,31.79,74.02,13.92,2295.73,205.63,4.16,0.51,138.59,26.58,10.89,2.45,0.00,0.00,4.45,1.44,4.10,3.83,2.23,4.62,11.52,21.15,61.07,8.81,4.49,4.67,65675.34,10816.72,3161.80,13187.33,2244.64,25697.21,1024.42,57.28,49.50,9426.57,307.84,348.12,119.15,2124.49,94.22,94.48,38.04,131.19,87.06,113.44,46.47,106.35,19.99,3282.31,294.00,5.29,0.66,173.49,33.27,13.56,3.05,0.00,0.00,5.26,1.70,5.54,5.18,2.97,6.16,12.87,23.61,65.78,9.49,5.09,5.30
22.90,22.9,27/11/2025 17:29:33,1.997,8.999,,15.7,900303.0,613233.0,967368.55,6320.22,1880.14,6634.73,1135.10,11639.94,466.32,77.72,52.73,3285.99,110.01,372.89,105.54,1446.56,65.70,57.34,22.63,77.11,48.09,91.23,34.22,130.08,23.04,2294.47,205.51,4.36,0.52,110.46,17.80,9.08,2.39,0.00,0.00,3.12,1.42,3.54,3.74,3.32,4.54,7.95,20.85,57.23,8.57,4.09,4.66,62851.86,10480.67,3117.78,12536.07,2144.73,24901.73,997.62,178.09,120.82,8204.81,274.68,449.19,127.14,2024.04,91.93,95.67,37.76,137.66,85.85,133.34,50.01,186.90,33.10,3280.51,293.82,5.55,0.66,138.27,22.28,11.31,2.98,0.00,0.00,3.69,1.68,4.78,5.06,4.43,6.06,8.88,23.28,61.65,9.23,4.64,5.29
23.00,23.0,27/11/2025 17:30:02,2.290,11.377,,15.7,895127.0,608308.0,968200.06,6148.43,1857.37,6196.76,1069.17,11476.68,460.68,169.00,99.07,2982.83,101.88,349.68,101.76,1407.97,64.52,30.36,15.55,114.00,48.15,46.51,26.35,71.79,13.43,2609.41,235.41,4.19,0.51,92.70,12.98,8.55,2.38,0.00,0.00,2.87,1.40,5.43,3.66,2.55,4.51,15.46,20.64,61.82,8.56,2.94,4.61,61072.57,10195.79,3080.03,11708.55,2020.17,24552.45,985.54,387.24,227.00,7447.84,254.39,421.23,122.58,1970.05,90.27,50.65,25.95,203.51,85.95,67.98,38.51,103.15,19.29,3730.78,336.57,5.34,0.65,116.03,16.25,10.64,2.96,0.00,0.00,3.40,1.66,7.33,4.94,3.40,6.02,17.26,23.04,66.60,9.22,3.34,5.23
23.10,23.1,27/11/2025 17:30:22,2.908,10.450,1181250.152,15.7,893245.0,609108.0,969274.82,5452.46,1821.36,5994.13,1037.04,11075.03,446.50,112.40,69.44,3177.70,106.77,366.74,103.54,1500.24,65.33,29.67,15.47,83.91,47.49,78.66,31.49,72.30,13.48,2577.57,232.39,3.60,0.48,95.29,13.67,9.90,2.32,0.00,0.00,3.95,1.41,4.67,3.72,3.27,4.45,17.68,20.52,63.63,8.67,2.39,4.64,59139.36,9041.68,3020.32,11325.69,1959.45,23693.19,955.21,257.54,159.11,7934.41,266.59,441.77,124.72,2099.15,91.41,49.50,25.81,149.80,84.78,114.97,46.03,103.88,19.37,3685.26,332.25,4.58,0.61,119.29,17.11,12.32,2.89,0.00,0.00,4.67,1.67,6.31,5.03,4.36,5.93,19.74,22.91,68.55,9.33,2.71,5.27
23.20,23.2,27/11/2025 17:30:41,1.727,9.190,,15.7,894813.0,609279.0,967558.69,6300.05,1819.82,6484.36,1109.80,11067.67,446.99,49.51,54.04,3125.59,105.54,376.46,105.13,1427.66,65.12,42.01,18.56,54.03,47.55,69.34,29.97,75.49,14.03,3134.91,285.81,4.10,0.52,130.93,23.80,9.55,2.33,0.00,0.00,3.88,1.45,2.43,3.78,3.92,4.55,8.03,20.72,67.45,8.84,3.93,4.79,61884.12,10447.22,3017.77,12251.96,2096.93,23677.45,956.26,113.44,123.83,7804.31,263.52,453.49,126.64,1997.59,91.12,70.10,30.97,96.45,84.88,101.34,43.81,108.47,20.17,4482.11,408.64,5.21,0.66,163.90,29.80,11.89,2.90,0.00,0.00,4.59,1.71,3.28,5.11,5.23,6.06,8.96,23.13,72.66,9.52,4.46,5.43
23.30,23.3,27/11/2025 17:31:01,0.982,11.507,,15.7,893080.0,607391.0,966949.47,6864.03,1861.72,6118.64,1056.46,11225.72,452.13,164.24,96.63,3278.62,109.90,429.96,109.88,1463.56,65.30,71.93,25.67,80.40,47.84,61.49,28.70,138.75,24.29,2912.86,264.31,4.40,0.52,146.47,29.06,8.63,2.34,0.00,0.00,3.64,1.43,2.55,3.76,2.69,4.53,5.58,20.74,62.11,8.84,4.26,4.61,63093.86,11382.46,3087.25,11560.93,1996.13,24015.57,967.26,376.34,221.42,8186.40,274.41,517.93,132.36,2047.83,91.37,120.01,42.83,143.52,85.40,89.87,41.95,199.36,34.91,4164.65,377.90,5.60,0.66,183.35,36.38,10.74,2.91,0.00,0.00,4.31,1.70,3.45,5.08,3.58,6.04,6.23,23.16,66.90,9.52,4.84,5.23
23.40,23.4,27/11/2025 17:31:20,1.010,9.852,,15.7,892964.0,609022.0,966297.99,7582.37,1882.79,6543.89,1119.77,11322.91,455.69,29.75,24.43,3225.51,107.97,403.23,107.53,1483.78,65.77,44.29,19.08,94.67,48.09,77.37,31.50,68.14,12.79,2617.61,236.07,3.63,0.50,108.42,17.08,9.67,2.39,0.00,0.00,3.57,1.41,2.94,3.72,2.14,4.54,17.32,20.75,57.42,8.68,3.37,4.71,64290.24,12573.66,3122.18,12364.43,2115.77,24223.49,974.87,68.17,55.97,8053.80,269.59,485.73,129.53,2076.12,92.03,73.90,31.83,169.01,85.85,113.08,46.03,97.91,18.38,3742.51,337.52,4.61,0.64,135.72,21.38,12.04,2.98,0.00,0.00,4.23,1.67,3.97,5.02,2.85,6.05,19.33,23.16,61.85,9.35,3.82,5.34
23.50,23.5,27/11/2025 17:31:50,1.239,10.713,,15.7,895580.0,610097.0,967604.41,6353.71,1888.75,6336.38,1091.09,11365.55,456.92,33.13,26.88,3495.11,115.16,433.35,110.38,1493.28,65.87,56.51,22.34,121.43,48.55,51.45,27.19,49.77,9.74,2356.71,211.37,4.23,0.51,153.02,31.82,11.22,2.37,0.00,0.00,3.11,1.43,3.30,3.72,3.36,4.54,14.08,20.78,54.48,8.51,2.42,4.59,62365.48,10536.21,3132.08,11972.35,2061.57,24314.72,977.50,75.92,61.59,8726.95,287.54,522.02,132.97,2089.40,92.16,94.29,37.28,216.78,86.67,75.19,39.73,71.51,13.99,3369.49,302.20,5.38,0.64,191.55,39.83,13.96,2.96,0.00,0.00,3.68,1.69,4.46,5.02,4.48,6.06,15.73,23.20,58.68,9.17,2.74,5.21
23.60,23.6,27/11/2025 17:32:09,1.983,11.768,1181248.632,15.7,893988.0,612813.0,970859.13,4323.81,1769.73,5938.30,1028.00,10644.50,431.24,55.09,39.41,3152.77,105.62,328.88,99.80,1403.31,64.20,31.15,15.45,96.72,47.52,85.04,32.66,106.96,19.15,2737.48,247.83,4.04,0.49,138.62,26.78,9.63,2.31,0.00,0.00,3.20,1.39,3.37,3.72,2.53,4.51,10.63,20.45,61.07,8.70,3.77,4.53,56221.31,7170.08,2934.70,11220.20,1942.36,22772.15,922.57,126.23,90.31,7872.17,263.71,396.17,120.22,1963.52,89.83,51.97,25.79,172.66,84.83,124.29,47.73,153.68,27.51,3913.90,354.33,5.14,0.62,173.52,33.52,11.98,2.88,0.00,0.00,3.78,1.65,4.55,5.03,3.37,6.01,11.87,22.83,65.78,9.38,4.28,5.14
23.70,23.7,27/11/2025 17:32:29,1.321,12.300,,15.7,895339.0,612484.0,970877.25,4693.84,1751.38,5827.48,1011.84,10422.74,424.57,25.81,51.68,3392.37,112.16,422.00,108.25,1470.93,64.87,67.63,24.92,80.19,47.63,86.27,33.02,120.66,21.44,2307.21,206.81,3.98,0.49,115.77,19.55,7.18,2.29,0.00,0.00,3.00,1.39,5.39,3.68,2.21,4.42,4.94,20.63,59.73,8.55,3.44,4.54,56288.85,7783.68,2904.28,11010.80,1911.84,22297.72,908.29,59.14,118.41,8470.41,280.05,508.34,130.39,2058.13,90.77,112.84,41.58,143.16,85.04,126.09,48.26,173.36,30.81,3298.72,295.68,5.06,0.63,144.92,24.47,8.94,2.85,0.00,0.00,3.54,1.64,7.28,4.97,2.95,5.90,5.51,23.03,64.34,9.21,3.91,5.15
23.80,23.8,27/11/2025 17:32:48,0.471,11.569,,15.7,898820.0,613224.0,969408.67,5164.73,1817.72,6109.32,1055.18,10923.79,441.61,41.02,31.52,3301.14,109.93,469.94,113.78,1556.05,66.17,57.40,22.55,114.48,48.26,63.05,28.88,167.75,29.36,2435.43,218.95,3.89,0.50,91.65,12.74,8.02,2.31,0.00,0.00,4.77,1.42,4.27,3.68,3.61,4.54,10.87,20.69,57.00,8.52,3.16,4.54,58895.83,8564.55,3014.27,11543.34,1993.72,23369.64,944.75,93.99,72.22,8242.64,274.49,566.09,137.06,2177.23,92.59,95.77,37.62,204.36,86.15,92.15,42.21,241.04,42.18,3482.05,313.04,4.95,0.63,114.72,15.95,9.98,2.87,0.00,0.00,5.64,1.68,5.77,4.97,4.81,6.06,12.13,23.11,61.40,9.17,3.58,5.15
23.90,23.9,27/11/2025 17:33:07,1.124,11.701,,15.7,898586.0,612964.0,970232.26,4277.60,1752.06,6054.25,1046.38,11061.25,445.98,75.63,50.89,3503.96,115.40,355.63,102.85,1508.23,65.81,78.80,27.09,82.66,47.66,82.84,32.36,144.55,25.35,2323.71,208.30,4.20,0.51,119.41,20.58,8.38,2.33,0.00,0.00,3.77,1.41,3.57,3.70,1.83,4.47,13.12,20.63,59.20,8.60,5.16,4.62,57848.84,7093.44,2905.40,11439.27,1977.09,23663.71,954.10,173.30,116.60,8749.04,288.14,428.39,123.90,2110.33,92.08,131.48,45.20,147.56,85.08,121.08,47.30,207.70,36.43,3322.31,297.81,5.34,0.65,149.48,25.76,10.43,2.91,0.00,0.00,4.46,1.67,4.83,5.00,2.44,5.97,14.65,23.04,63.77,9.26,5.85,5.24
24.00,24.0,27/11/2025 17:33:37,1.085,5.222,,15.7,898222.0,612692.0,968538.50,6047.46,1821.61,6154.68,1061.45,10967.35,443.61,46.00,53.26,3212.23,107.41,383.72,105.55,1509.87,66.17,86.36,28.29,122.91,48.24,83.52,32.53,142.70,25.03,2489.61,224.03,4.23,0.52,115.45,19.24,8.57,2.37,0.00,0.00,4.96,1.46,4.06,3.75,3.25,4.49,8.25,20.64,62.32,8.76,4.01,4.71,60328.35,10028.36,3020.73,11629.03,2005.57,23462.83,949.04,105.40,122.04,8020.62,268.19,462.23,127.15,2112.61,92.59,144.09,47.21,219.42,86.11,122.07,47.55,205.04,35.96,3559.50,320.30,5.38,0.66,144.51,24.08,10.67,2.95,0.00,0.00,5.87,1.72,5.48,5.06,4.33,5.99,9.21,23.04,67.13,9.43,4.55,5.35
24.10,24.1,27/11/2025 17:33:56,-0.161,9.391,1181250.877,15.7,889294.0,612537.0,970276.07,5645.41,1731.33,5985.66,1032.78,10409.27,424.04,72.26,48.60,3372.18,111.52,280.35,95.82,1412.89,65.06,24.77,15.51,83.00,47.69,73.65,30.63,77.15,14.34,2093.59,186.70,4.13,0.50,105.29,16.59,9.30,2.25,0.00,0.00,3.02,1.38,2.75,3.61,3.26,4.43,6.26,20.59,56.67,8.35,3.07,4.49,57473.53,9361.64,2871.02,11309.69,1951.39,22268.92,907.16,165.58,111.36,8420.01,278.46,337.71,115.42,1976.92,91.03,41.32,25.89,148.17,85.14,107.64,44.77,110.85,20.60,2993.29,266.93,5.25,0.64,131.80,20.77,11.58,2.81,0.00,0.00,3.57,1.63,3.72,4.88,4.35,5.91,6.99,22.99,61.04,9.00,3.48,5.09
24.20,24.2,27/11/2025 17:34:16,-1.154,9.461,,15.7,888778.0,610886.0,969046.53,5916.67,1758.02,6481.71,1106.40,10490.07,426.32,88.88,56.50,3210.37,107.16,390.24,105.61,1454.74,65.34,30.43,15.54,105.02,47.89,74.23,30.70,87.79,16.03,2416.47,217.05,3.95,0.50,106.85,16.84,8.39,2.32,0.00,0.00,2.61,1.39,3.13,3.64,3.45,4.47,11.06,20.55,63.61,8.71,3.79,4.50,59399.54,9811.47,2915.28,12246.95,2090.49,22441.78,912.03,203.67,129.46,8015.99,267.56,470.08,127.22,2035.49,91.42,50.78,25.92,187.47,85.50,108.50,44.87,126.14,23.04,3454.93,310.33,5.03,0.63,133.76,21.08,10.45,2.88,0.00,0.00,3.08,1.64,4.23,4.92,4.60,5.96,12.34,22.94,68.53,9.38,4.30,5.10
24.30,24.3,27/11/2025 17:34:35,-0.926,9.391,,15.8,881125.0,606011.0,971459.68,4876.73,1749.29,5948.22,1027.42,10239.32,417.81,142.53,83.86,3298.58,109.26,220.63,88.63,1414.62,63.82,24.66,15.24,114.35,47.31,66.33,29.00,47.72,9.26,1950.22,173.13,4.06,0.49,102.95,16.04,7.21,2.19,0.00,0.00,3.51,1.37,1.50,3.54,2.43,4.31,16.22,20.24,54.72,8.29,3.82,4.47,55472.10,8086.97,2900.81,11238.95,1941.28,21905.34,893.83,326.60,192.15,8236.23,272.81,265.77,106.77,1979.35,89.29,41.15,25.43,204.13,84.45,96.94,42.38,68.56,13.30,2788.31,247.53,5.16,0.63,128.87,20.08,8.97,2.72,0.00,0.00,4.16,1.62,2.02,4.78,3.24,5.74,18.11,22.59,58.95,8.93,4.33,5.07
24.40,24.4,27/11/2025 17:34:54,-1.371,9.127,,15.7,884224.0,608954.0,970550.20,5602.81,1742.20,6052.26,1041.27,10293.39,419.18,42.05,51.98,3094.17,104.28,375.08,103.86,1444.16,64.41,27.33,15.27,134.86,47.66,74.54,30.56,31.24,6.32,2059.37,183.27,4.14,0.50,115.51,19.61,8.40,2.24,0.04,0.18,4.08,1.39,4.88,3.61,1.95,4.39,15.85,20.27,60.00,8.24,3.70,4.50,56687.69,9291.01,2889.05,11435.52,1967.43,22021.02,896.77,96.35,119.10,7725.85,260.39,451.82,125.11,2020.68,90.12,45.59,25.47,240.75,85.09,108.94,44.67,44.88,9.08,2944.37,262.03,5.27,0.63,144.59,24.55,10.45,2.79,0.05,0.24,4.83,1.64,6.59,4.88,2.61,5.85,17.69,22.63,64.63,8.87,4.20,5.10
24.50,24.5,27/11/2025 17:35:24,0.954,9.061,,15.7,890732.0,611561.0,970597.90,5255.19,1792.51,5694.55,992.25,10251.92,418.68,89.63,57.35,3398.53,112.13,372.90,103.65,1522.67,65.48,58.61,22.63,111.66,47.78,66.32,29.23,80.96,14.92,2252.65,201.59,3.98,0.50,146.91,29.94,10.56,2.32,0.00,0.00,4.37,1.40,4.37,3.69,2.28,4.44,9.95,20.49,60.53,8.65,3.56,4.60,56705.05,8714.56,2972.48,10759.65,1874.82,21932.28,895.69,205.36,131.41,8485.79,279.98,449.20,124.86,2130.53,91.62,97.79,37.75,199.33,85.30,96.93,42.72,116.33,21.44,3220.72,288.23,5.06,0.64,183.90,37.47,13.14,2.89,0.00,0.00,5.17,1.66,5.90,4.99,3.04,5.92,11.11,22.88,65.21,9.32,4.04,5.22
24.60,24.6,27/11/2025 17:35:43,1.455,6.217,1181253.791,15.7,887181.0,613954.0,972065.00,4303.89,1710.04,5927.30,1022.91,10173.72,415.01,6.51,6.06,3113.47,104.21,371.67,102.97,1446.47,64.65,27.20,15.33,82.89,47.14,74.91,30.64,120.44,21.30,2061.94,183.70,4.07,0.50,125.84,22.94,7.07,2.27,0.00,0.00,3.46,1.40,3.79,3.61,1.92,4.41,16.77,20.37,56.90,8.40,4.76,4.51,54054.66,7137.04,2835.73,11199.40,1932.76,21764.99,887.84,14.92,13.89,7774.04,260.21,447.72,124.04,2023.91,90.46,45.39,25.58,147.97,84.15,109.49,44.79,173.05,30.61,2948.05,262.64,5.17,0.63,157.52,28.71,8.79,2.83,0.00,0.00,4.09,1.65,5.12,4.88,2.57,5.88,18.72,22.75,61.30,9.05,5.40,5.12
24.70,24.7,27/11/2025 17:36:03,1.272,6.146,,15.7,887832.0,612692.0,972639.33,3646.69,1730.44,6047.70,1043.13,10218.40,416.85,0.00,0.00,3390.86,111.85,374.73,103.69,1426.86,64.19,41.14,18.17,89.15,47.11,82.53,32.09,78.52,14.47,1777.59,157.14,4.20,0.50,91.49,13.05,7.51,2.20,0.00,0.00,3.91,1.39,3.39,3.57,4.36,4.35,8.71,20.34,59.20,8.37,3.74,4.41,53473.92,6047.22,2869.54,11426.91,1970.96,21860.57,891.78,0.00,0.00,8466.65,279.29,451.40,124.90,1996.47,89.81,68.65,30.31,159.14,84.10,120.63,46.90,112.82,20.80,2541.49,224.67,5.35,0.64,114.52,16.33,9.35,2.74,0.00,0.00,4.62,1.64,4.57,4.82,5.81,5.81,9.72,22.71,63.77,9.02,4.24,5.01
24.80,24.8,27/11/2025 17:36:22,0.539,5.952,,15.7,885925.0,611059.0,971043.45,5327.86,1816.31,5859.58,1016.56,10436.42,424.77,100.15,62.79,3276.42,109.13,328.55,99.67,1449.23,64.69,31.14,15.28,121.74,47.50,70.13,29.79,4.56,1.01,1740.41,153.69,4.50,0.51,106.29,17.03,9.18,2.28,0.00,0.00,3.84,1.36,2.15,3.55,2.32,4.35,20.12,20.31,58.60,8.42,3.37,4.37,56184.26,8835.06,3011.94,11071.46,1920.75,22327.01,908.73,229.48,143.88,8180.89,272.48,395.77,120.07,2027.77,90.51,51.96,25.50,217.32,84.80,102.50,43.53,6.55,1.45,2488.33,219.74,5.73,0.65,133.05,21.32,11.43,2.83,0.00,0.00,4.54,1.61,2.90,4.79,3.09,5.80,22.47,22.68,63.12,9.07,3.82,4.96
24.90,24.9,27/11/2025 17:36:41,0.312,1.981,,15.7,890782.0,612032.0,969260.25,6083.47,1788.46,6380.97,1091.53,10768.64,434.94,112.27,68.22,3295.68,109.01,407.26,107.30,1431.57,65.17,23.96,15.53,79.69,47.76,85.96,32.95,82.69,15.13,1780.14,157.27,3.92,0.49,106.91,17.08,10.49,2.32,0.00,0.00,2.90,1.38,1.66,3.57,1.34,4.39,15.88,20.63,61.23,8.46,3.12,4.52,59380.70,10088.06,2965.76,12056.60,2062.40,23037.74,930.47,257.26,156.32,8229.00,272.18,490.59,129.26,2003.06,91.19,39.99,25.92,142.25,85.25,125.63,48.15,118.81,21.74,2545.15,224.85,4.99,0.63,133.83,21.38,13.06,2.88,0.00,0.00,3.43,1.63,2.24,4.82,1.79,5.85,17.73,23.04,65.96,9.11,3.54,5.12
25.00,25.0,27/11/2025 17:37:11,0.247,5.553,,15.7,891016.0,611763.0,969813.47,5761.48,1753.45,5910.66,1022.53,10841.93,438.62,68.45,46.68,3174.04,106.43,389.50,106.11,1471.39,65.55,32.12,15.54,100.35,47.79,64.17,28.96,46.95,9.21,2108.61,188.04,3.65,0.48,120.90,21.20,8.23,2.22,0.00,0.00,4.20,1.41,1.56,3.59,1.90,4.44,14.26,20.56,59.35,8.52,2.83,4.52,58194.35,9554.11,2907.71,11167.98,1932.03,23194.51,938.36,156.84,106.96,7925.27,265.74,469.20,127.82,2058.78,91.72,53.59,25.92,179.14,85.31,93.79,42.32,67.46,13.23,3014.77,268.85,4.65,0.61,151.34,26.53,10.25,2.76,0.00,0.00,4.97,1.66,2.11,4.85,2.54,5.92,15.92,22.96,63.93,9.18,3.21,5.13
25.10,25.1,27/11/2025 17:37:30,1.337,3.833,1181250.881,15.7,885216.0,610986.0,971059.38,4849.06,1728.43,5679.49,986.43,10382.48,422.32,49.89,52.27,3242.94,107.82,378.13,103.99,1516.75,64.99,50.40,20.55,120.39,47.45,78.11,31.24,66.98,12.58,2314.67,207.46,3.87,0.50,113.43,18.87,7.31,2.21,0.00,0.00,4.15,1.41,2.28,3.67,2.09,4.40,12.90,20.29,61.03,8.59,4.28,4.53,55843.80,8041.08,2866.21,10731.17,1863.83,22211.60,903.49,114.31,119.77,8097.31,269.22,455.50,125.27,2122.25,90.93,84.10,34.28,214.92,84.70,114.16,45.66,96.25,18.07,3309.39,296.61,4.92,0.63,141.99,23.62,9.10,2.76,0.00,0.00,4.90,1.67,3.08,4.96,2.79,5.87,14.40,22.66,65.74,9.25,4.86,5.13
25.20,25.2,27/11/2025 17:37:50,2.281,10.312,,15.7,890390.0,612913.0,970615.83,4858.88,1764.95,5895.65,1020.43,10552.56,428.61,0.00,0.00,3319.52,110.20,391.13,105.76,1441.28,64.73,68.73,25.02,79.41,47.29,80.10,31.71,79.43,14.64,2418.47,217.34,4.15,0.51,108.92,17.50,9.59,2.36,0.00,0.00,3.77,1.41,1.57,3.65,2.49,4.42,8.13,20.48,56.39,8.46,4.01,4.53,56732.01,8057.36,2926.77,11139.60,1928.07,22575.45,916.95,0.00,0.00,8288.53,275.15,471.16,127.40,2016.64,90.58,114.68,41.75,141.77,84.42,117.08,46.35,114.12,21.03,3457.79,310.73,5.28,0.65,136.35,21.91,11.94,2.93,0.00,0.00,4.45,1.67,2.12,4.93,3.32,5.90,9.08,22.86,60.75,9.11,4.55,5.14
25.30,25.3,27/11/2025 17:38:09,0.922,8.994,,15.7,892150.0,611443.0,972011.97,4385.09,1775.33,5381.20,946.75,10287.61,420.21,59.28,41.79,3072.09,103.55,263.58,93.40,1499.02,64.94,30.79,15.35,100.59,47.24,77.99,31.20,84.12,15.40,2515.03,226.59,4.07,0.50,123.12,21.86,9.31,2.29,0.00,0.00,3.49,1.37,5.59,3.68,2.75,4.43,15.68,20.31,64.20,8.66,3.43,4.51,54007.85,7271.69,2943.99,10167.57,1788.85,22008.65,898.96,135.84,95.75,7670.73,258.56,317.51,112.51,2097.44,90.86,51.37,25.62,179.58,84.33,113.99,45.61,120.87,22.13,3595.85,323.97,5.18,0.64,154.12,27.37,11.59,2.85,0.00,0.00,4.13,1.62,7.55,4.97,3.66,5.91,17.51,22.68,69.15,9.33,3.89,5.11
25.40,25.4,27/11/2025 17:38:29,0.509,7.870,,15.7,889880.0,608580.0,971406.51,4435.81,1743.68,5831.58,1010.52,10605.38,430.00,135.51,80.51,3192.69,107.00,298.73,97.46,1422.57,64.63,83.35,27.72,64.18,47.13,61.08,28.41,20.30,4.29,2260.57,202.46,4.10,0.50,97.54,14.47,9.12,2.33,0.10,0.18,4.45,1.40,2.20,3.60,1.81,4.34,5.56,20.53,52.90,8.20,3.95,4.55,55516.72,7355.79,2891.50,11018.56,1909.35,22688.46,919.92,310.49,184.47,7971.85,267.17,359.85,117.40,1990.47,90.43,139.07,46.24,114.57,84.13,89.27,41.52,29.17,6.16,3232.04,289.46,5.22,0.64,122.09,18.11,11.36,2.90,0.14,0.24,5.26,1.65,2.97,4.86,2.41,5.79,6.21,22.92,56.98,8.83,4.48,5.17
25.50,25.5,27/11/2025 17:38:58,-0.158,10.251,,15.7,892179.0,607059.0,971096.84,4882.15,1765.11,5658.90,985.67,10790.93,436.12,60.98,42.43,3018.96,101.68,433.16,109.08,1478.95,65.00,25.09,15.39,116.06,47.70,74.00,30.55,54.95,10.58,2100.16,187.27,3.96,0.50,106.92,17.07,6.67,2.24,0.00,0.00,4.94,1.39,3.01,3.62,3.44,4.35,19.81,20.42,57.14,8.47,2.96,4.48,55830.16,8095.94,2927.03,10692.27,1862.38,23085.42,933.00,139.74,97.23,7538.06,253.89,521.79,131.40,2069.36,90.95,41.87,25.68,207.19,85.16,108.15,44.65,78.96,15.20,3002.69,267.75,5.04,0.63,133.84,21.37,8.31,2.79,0.00,0.00,5.84,1.64,4.07,4.89,4.59,5.80,22.12,22.80,61.55,9.13,3.36,5.08
25.60,25.6,27/11/2025 17:39:18,-0.411,10.979,1181247.835,15.7,891646.0,608327.0,971367.02,4117.89,1699.58,5988.48,1032.54,10344.19,421.02,116.39,70.46,3204.61,106.93,405.89,106.87,1538.74,65.46,44.56,19.16,107.36,47.67,68.01,29.57,99.17,17.88,2365.24,212.24,4.01,0.49,131.03,24.40,7.13,2.30,0.00,0.00,4.12,1.42,3.66,3.64,1.86,4.41,13.94,20.49,61.39,8.53,5.32,4.63,55351.14,6828.60,2818.37,11315.02,1950.95,22129.69,900.71,266.69,161.45,8001.61,266.99,488.94,128.73,2153.01,91.60,74.34,31.97,191.66,85.09,99.39,43.22,142.49,25.68,3381.69,303.45,5.10,0.62,164.02,30.54,8.87,2.86,0.00,0.00,4.88,1.67,4.94,4.92,2.48,5.88,15.56,22.88,66.13,9.19,6.04,5.25
25.70,25.7,27/11/2025 17:39:37,1.522,13.489,,15.7,898734.0,610728.0,969411.77,5100.01,1787.39,5959.91,1030.72,10857.44,439.10,86.96,56.42,3219.43,107.77,395.55,106.67,1598.70,66.58,91.83,29.36,115.30,48.33,79.78,31.86,195.33,34.09,2719.61,245.98,4.12,0.51,75.21,8.90,9.50,2.37,0.00,0.00,4.69,1.46,3.43,3.75,3.19,4.53,7.59,20.73,57.57,8.61,3.09,4.62,58741.50,8457.22,2963.99,11261.03,1947.51,23227.70,939.39,199.25,129.29,8038.62,269.09,476.48,128.50,2236.91,93.16,153.22,48.99,205.83,86.28,116.61,46.56,280.66,48.98,3888.34,351.68,5.25,0.65,94.15,11.14,11.83,2.95,0.00,0.00,5.54,1.73,4.63,5.07,4.25,6.05,8.48,23.15,62.01,9.27,3.50,5.24
25.80,25.8,27/11/2025 17:39:56,1.128,13.362,,15.7,897347.0,606141.0,969160.87,5368.58,1822.51,5779.30,1005.54,10960.89,443.02,88.17,57.43,3472.30,114.41,427.24,109.86,1555.32,66.67,76.91,26.82,101.05,48.22,69.51,30.01,134.64,23.73,2584.98,233.11,3.58,0.49,117.67,19.88,9.80,2.34,0.00,0.00,10.29,2.06,5.52,3.74,3.86,4.49,11.14,20.76,53.99,8.57,4.39,4.67,59398.28,8902.58,3022.23,10919.77,1899.92,23449.00,947.76,202.03,131.58,8669.99,285.68,514.66,132.33,2176.22,93.28,128.32,44.75,180.39,86.08,101.60,43.86,193.45,34.10,3695.86,333.29,4.56,0.62,147.30,24.88,12.20,2.92,0.00,0.00,12.17,2.43,7.46,5.05,5.15,5.99,12.44,23.18,58.16,9.23,4.98,5.30
25.90,25.9,27/11/2025 17:40:16,0.812,13.231,,15.7,891002.0,605501.0,970863.75,4788.97,1752.44,5901.96,1022.52,10920.62,441.31,41.36,52.41,2988.25,101.59,207.09,88.10,1456.23,65.11,30.20,15.38,120.46,47.70,56.45,27.55,68.62,12.88,2335.38,209.49,4.23,0.50,113.08,18.79,10.18,2.32,0.00,0.00,9.10,1.94,3.24,3.62,2.32,4.29,13.76,20.39,59.51,8.54,5.25,4.57,56347.78,7941.44,2906.03,11151.54,1932.01,23362.87,944.11,94.78,120.09,7461.37,253.67,249.46,106.12,2037.57,91.10,50.39,25.66,215.04,85.15,82.50,40.27,98.60,18.51,3338.99,299.52,5.38,0.64,141.55,23.52,12.67,2.88,0.00,0.00,10.76,2.29,4.38,4.89,3.09,5.73,15.36,22.76,64.10,9.20,5.96,5.19
26.00,26.0,27/11/2025 17:40:45,0.809,12.434,,15.7,894529.0,609391.0,969622.51,5275.38,1769.73,5931.32,1026.89,10694.62,433.63,120.12,72.69,3510.00,115.49,400.34,106.77,1543.28,65.92,26.22,15.56,98.89,47.99,84.14,32.67,145.67,25.53,2317.09,207.66,3.98,0.50,131.17,24.31,9.15,2.35,0.00,0.00,4.95,1.46,1.83,3.64,2.66,4.43,15.33,20.65,58.21,8.48,3.15,4.55,58656.71,8748.03,2934.70,11207.00,1940.27,22879.38,927.69,275.23,166.56,8764.14,288.37,482.25,128.61,2159.37,92.23,43.74,25.97,176.54,85.67,122.98,47.74,209.30,36.68,3312.85,296.91,5.06,0.63,164.19,30.43,11.39,2.93,0.00,0.00,5.85,1.72,2.48,4.92,3.55,5.90,17.12,23.06,62.71,9.13,3.57,5.17
26.10,26.1,27/11/2025 17:41:05,1.509,7.203,1181253.593,15.7,890192.0,609021.0,971404.58,4780.11,1744.87,5383.61,945.08,10364.04,422.28,40.51,30.94,3181.94,106.44,375.41,103.64,1476.15,64.79,27.94,15.38,107.09,47.63,66.64,29.25,92.40,16.79,2485.48,223.76,4.26,0.52,112.79,18.66,8.74,2.32,0.00,0.00,3.89,1.43,8.73,3.62,2.85,4.38,11.01,20.43,58.59,8.48,3.26,4.54,55104.81,7926.74,2893.47,10172.13,1785.69,22172.14,903.39,92.83,70.89,7945.00,265.78,452.22,124.84,2065.44,90.65,46.61,25.67,191.17,85.02,97.39,42.75,132.76,24.12,3553.61,319.92,5.43,0.66,141.18,23.36,10.87,2.89,0.00,0.00,4.60,1.69,11.79,4.89,3.80,5.85,12.29,22.81,63.11,9.13,3.70,5.15
26.20,26.2,27/11/2025 17:41:24,1.508,7.010,,15.8,888251.0,601593.0,970306.48,5565.66,1761.94,5749.38,998.09,10430.83,424.79,14.64,50.83,3142.93,105.55,386.62,104.17,1510.64,65.04,31.76,15.36,93.25,47.27,74.81,30.72,80.23,14.76,2373.19,213.01,3.98,0.50,121.76,21.37,9.38,2.34,0.00,0.00,5.14,1.43,5.79,3.69,3.67,4.37,24.70,20.43,61.17,8.57,3.99,4.64,56991.32,9229.39,2921.78,10863.24,1885.85,22315.04,908.77,33.55,116.47,7847.59,263.56,465.73,125.49,2113.69,91.00,52.99,25.63,166.47,84.39,109.34,44.90,115.27,21.21,3393.06,304.56,5.06,0.64,152.42,26.75,11.68,2.91,0.00,0.00,6.07,1.69,7.81,4.99,4.89,5.83,27.58,22.81,65.89,9.23,4.53,5.27
26.30,26.3,27/11/2025 17:41:44,1.242,6.411,,15.8,888167.0,604173.0,971182.63,4430.59,1767.47,5835.21,1012.70,10328.76,421.10,137.77,81.62,3208.30,106.96,328.69,99.10,1445.18,64.55,24.25,15.27,107.70,47.23,72.04,30.11,124.63,21.99,2565.04,231.30,3.81,0.50,100.99,15.26,7.31,2.30,0.00,0.00,5.50,1.47,3.99,3.65,4.13,4.40,22.11,20.28,58.49,8.59,2.88,4.54,55646.93,7347.15,2930.96,11025.40,1913.46,22096.67,900.88,315.69,187.01,8010.82,267.07,395.94,119.37,2022.10,90.32,40.47,25.48,192.27,84.31,105.29,44.00,179.08,31.60,3667.35,330.70,4.85,0.63,126.42,19.10,9.09,2.86,0.00,0.00,6.50,1.74,5.39,4.92,5.50,5.87,24.69,22.65,63.00,9.25,3.27,5.15
26.40,26.4,27/11/2025 17:42:03,0.303,8.861,,15.7,893182.0,605931.0,971400.45,4455.04,1740.65,5522.89,965.03,10236.82,417.50,100.24,62.12,2943.62,100.10,367.23,102.95,1422.94,64.36,15.83,15.28,85.19,47.06,60.10,28.08,141.89,24.88,3048.68,277.78,4.11,0.51,93.45,13.17,8.05,2.34,0.00,0.00,4.26,1.44,2.84,3.68,2.46,4.45,20.20,20.33,58.91,8.57,4.78,4.69,54800.81,7387.68,2886.47,10435.30,1823.39,21899.98,893.17,229.68,142.33,7349.95,249.95,442.37,124.01,1990.98,90.05,26.41,25.50,152.07,84.01,87.84,41.04,203.88,35.74,4358.83,397.15,5.23,0.64,116.98,16.49,10.02,2.91,0.00,0.00,5.04,1.70,3.84,4.97,3.29,5.94,22.56,22.70,63.46,9.24,5.42,5.32
26.50,26.5,27/11/2025 17:42:33,-1.195,6.481,,15.7,898432.0,608558.0,969265.25,5376.09,1716.36,5714.90,992.26,10347.03,421.68,42.06,31.79,3074.82,103.54,300.22,96.87,1454.91,64.72,63.21,23.59,132.91,47.82,85.89,32.81,138.74,24.31,3778.41,348.26,3.62,0.50,117.95,19.56,9.27,2.40,0.00,0.00,6.41,1.65,3.48,3.76,2.49,4.58,17.74,20.37,60.86,8.85,3.77,4.78,58358.92,8915.04,2846.20,10798.08,1874.83,22135.77,902.12,96.37,72.83,7677.52,258.52,361.64,116.69,2035.72,90.56,105.46,39.35,237.27,85.36,125.53,47.95,199.35,34.93,5402.17,497.92,4.60,0.64,147.64,24.49,11.54,2.98,0.00,0.00,7.57,1.95,4.70,5.09,3.33,6.11,19.81,22.75,65.56,9.53,4.27,5.43
26.60,26.6,27/11/2025 17:42:52,-1.557,9.660,1181251.010,15.7,897038.0,612406.0,970551.79,4507.47,1732.32,5251.92,923.16,10118.71,413.64,156.08,90.42,3008.61,101.87,277.26,94.77,1458.13,64.97,65.93,24.33,133.51,48.00,78.06,31.37,158.05,27.69,4046.81,374.53,3.89,0.53,91.10,12.30,8.91,2.43,0.00,0.00,4.13,1.47,4.03,3.79,1.66,4.63,5.33,20.44,65.28,8.96,3.36,4.70,55987.42,7474.63,2872.66,9923.31,1744.27,21647.32,884.92,357.63,207.20,7512.22,254.35,333.99,114.16,2040.23,90.91,110.00,40.59,238.35,85.69,114.09,45.86,227.09,39.79,5785.91,535.48,4.95,0.67,114.03,15.40,11.09,3.02,0.00,0.00,4.88,1.73,5.44,5.12,2.21,6.17,5.95,22.82,70.32,9.65,3.81,5.33
26.70,26.7,27/11/2025 17:43:11,-2.024,8.201,,15.7,895495.0,611641.0,969744.65,5090.46,1749.43,5477.50,958.42,10072.19,412.53,34.42,50.86,3205.71,106.68,426.21,107.98,1428.24,64.25,24.67,15.40,145.61,48.25,72.91,30.40,137.59,24.19,3946.22,364.62,4.34,0.54,91.76,12.45,9.04,2.35,0.00,0.00,4.24,1.47,1.93,3.79,3.22,4.62,12.81,20.41,63.02,8.99,3.27,4.81,57410.62,8441.39,2901.04,10349.53,1810.90,21547.79,882.55,78.87,116.55,8004.34,266.37,513.41,130.07,1998.41,89.89,41.15,25.69,259.94,86.13,106.56,44.43,197.69,34.76,5642.08,521.32,5.52,0.69,114.87,15.58,11.26,2.93,0.00,0.00,5.01,1.74,2.61,5.12,4.30,6.16,14.30,22.79,67.88,9.68,3.71,5.45
26.80,26.8,27/11/2025 17:43:31,-0.566,9.062,,15.7,898604.0,613492.0,968426.61,6163.46,1740.22,5841.63,1010.97,10272.89,419.46,119.23,72.13,3101.64,104.29,362.48,103.18,1512.49,65.82,27.18,15.45,107.85,48.00,59.95,28.38,189.67,33.18,3621.47,332.99,3.71,0.51,93.70,12.96,6.82,2.32,0.00,0.00,3.04,1.45,3.39,3.85,1.75,4.63,17.79,20.61,57.84,8.77,5.42,4.86,59811.14,10220.72,2885.77,11037.54,1910.19,21977.14,897.37,273.19,165.28,7744.50,260.40,436.64,124.29,2116.28,92.10,45.35,25.77,192.54,85.69,87.62,41.48,272.53,47.67,5177.77,476.09,4.72,0.65,117.29,16.22,8.49,2.89,0.00,0.00,3.60,1.71,4.58,5.20,2.34,6.18,19.86,23.02,62.31,9.45,6.15,5.51
26.90,26.9,27/11/2025 17:43:50,1.543,9.326,,15.7,892505.0,612090.0,968483.88,5520.96,1726.81,6141.60,1054.82,10701.48,433.38,70.22,47.21,3443.63,113.27,321.95,99.61,1426.96,65.00,62.53,23.65,100.54,47.94,76.14,31.12,233.59,41.00,3189.48,291.07,4.26,0.53,128.30,22.90,8.10,2.28,0.00,0.00,4.40,1.47,5.28,3.79,4.00,4.58,8.79,20.63,60.96,8.88,2.98,4.73,60360.87,9155.28,2863.53,11604.32,1993.03,22894.04,927.14,160.89,108.18,8598.41,282.82,387.82,119.99,1996.60,90.95,104.33,39.45,179.49,85.57,111.28,45.48,335.64,58.92,4560.14,416.15,5.42,0.68,160.60,28.66,10.08,2.84,0.00,0.00,5.21,1.74,7.13,5.12,5.33,6.11,9.81,23.03,65.66,9.56,3.38,5.37
27.00,27.0,27/11/2025 17:44:20,3.091,8.599,,15.8,881811.0,606338.0,968693.78,6716.48,1803.80,5785.85,1002.99,10511.13,427.23,27.46,22.50,3196.24,106.63,386.32,104.80,1383.78,64.02,31.17,15.25,137.16,47.75,54.87,27.32,120.16,21.19,2768.45,250.55,4.21,0.52,83.56,10.76,9.45,2.37,0.00,0.00,2.45,1.41,3.41,3.64,3.46,4.47,21.45,20.33,55.92,8.60,3.24,4.61,59731.51,11137.77,2991.20,10932.15,1895.11,22486.83,914.00,62.92,51.55,7980.69,266.25,465.36,126.24,1936.20,89.57,52.01,25.45,244.85,85.24,80.19,39.92,172.65,30.44,3958.18,358.22,5.36,0.66,104.60,13.47,11.76,2.95,0.00,0.00,2.90,1.67,4.61,4.92,4.62,5.96,23.95,22.70,60.24,9.26,3.67,5.23
27.10,27.1,27/11/2025 17:44:39,0.870,11.635,1181248.435,15.8,877039.0,603887.0,970133.25,6033.38,1731.46,5558.16,965.17,10235.16,416.24,170.27,96.80,2889.79,98.25,367.97,101.79,1420.53,63.58,28.38,15.10,139.64,47.29,70.55,29.67,113.76,20.04,2661.20,240.29,3.58,0.49,75.27,8.99,8.60,2.30,0.00,0.00,2.29,1.39,2.21,3.60,1.72,4.42,20.21,20.07,60.01,8.56,4.07,4.57,57017.25,10005.00,2871.23,10501.93,1823.64,21896.43,890.47,390.15,221.80,7215.52,245.33,443.26,122.61,1987.62,88.96,47.36,25.19,249.28,84.42,103.12,43.36,163.45,28.80,3804.83,343.55,4.56,0.62,94.22,11.25,10.70,2.86,0.00,0.00,2.71,1.65,2.99,4.86,2.29,5.90,22.57,22.41,64.64,9.22,4.62,5.19
27.20,27.2,27/11/2025 17:44:59,1.133,9.584,,15.8,875093.0,604873.0,973262.13,3817.44,1665.52,5309.09,931.12,9914.14,406.33,9.92,8.95,2973.80,100.12,337.28,98.11,1458.53,63.28,28.99,14.92,112.24,46.38,64.80,28.52,64.16,12.03,2392.30,214.90,4.15,0.50,149.06,30.94,8.68,2.19,0.00,0.00,2.24,1.36,1.36,3.51,1.53,4.36,22.63,19.90,61.22,8.41,4.33,4.53,51627.77,6330.37,2761.90,10031.33,1759.32,21209.66,869.28,22.72,20.51,7425.28,250.00,406.29,118.18,2040.78,88.54,48.37,24.89,200.37,82.80,94.71,41.68,92.19,17.28,3420.37,307.25,5.28,0.64,186.59,38.73,10.81,2.73,0.00,0.00,2.65,1.61,1.83,4.75,2.04,5.81,25.26,22.22,65.94,9.06,4.91,5.14
27.30,27.3,27/11/2025 17:45:18,-1.222,11.567,,15.8,880413.0,607305.0,970634.26,5502.82,1733.08,5550.07,966.27,9995.74,409.72,45.98,33.94,3157.89,105.49,319.93,97.61,1411.80,63.86,82.55,27.05,101.46,46.80,90.36,33.52,233.54,40.87,2662.08,240.44,3.77,0.49,117.93,20.05,9.03,2.29,0.00,0.00,3.08,1.40,2.70,3.59,3.03,4.43,11.20,20.15,57.65,8.58,3.12,4.55,56192.90,9125.19,2873.93,10486.65,1825.74,21384.24,876.53,105.35,77.76,7884.96,263.41,385.39,117.58,1975.40,89.36,137.73,45.13,181.12,83.54,132.07,49.00,335.56,58.72,3806.09,343.77,4.80,0.62,147.62,25.10,11.24,2.86,0.00,0.00,3.65,1.66,3.65,4.85,4.04,5.90,12.50,22.49,62.10,9.24,3.55,5.17
27.40,27.4,27/11/2025 17:45:37,0.824,10.975,,15.7,885508.0,608054.0,971809.79,3625.83,1727.09,5903.12,1021.60,10133.48,414.03,129.15,76.97,3412.05,112.79,293.10,95.53,1425.56,64.20,18.26,15.10,114.65,47.12,71.13,29.87,163.93,28.51,2661.76,240.51,4.13,0.51,137.41,26.44,7.35,2.26,0.00,0.00,3.72,1.41,2.47,3.68,2.41,4.47,19.47,20.18,57.71,8.59,3.52,4.62,54674.00,6012.62,2863.99,11153.73,1930.28,21678.90,885.74,295.92,176.37,8519.56,281.62,353.07,115.08,1994.66,89.83,30.47,25.19,204.67,84.12,103.96,43.66,235.54,40.96,3805.64,343.86,5.26,0.64,172.01,33.09,9.15,2.81,0.00,0.00,4.40,1.67,3.34,4.97,3.22,5.96,21.74,22.53,62.16,9.25,3.99,5.24
27.50,27.5,27/11/2025 17:46:07,2.052,11.236,,15.7,888643.0,610033.0,970310.85,4128.63,1742.88,6116.19,1053.64,10789.39,436.26,55.20,39.29,3167.52,105.88,397.04,105.52,1525.68,65.06,64.14,23.80,89.62,47.19,82.34,32.12,157.17,27.39,2929.42,266.11,3.67,0.49,104.24,15.96,7.43,2.33,0.00,0.00,4.06,1.45,3.06,3.70,2.00,4.50,4.93,20.38,54.08,8.52,3.34,4.66,57158.38,6846.42,2890.17,11556.31,1990.81,23082.12,933.31,126.49,90.03,7909.00,264.38,478.28,127.11,2134.74,91.03,107.02,39.72,159.99,84.25,120.35,46.94,225.82,39.36,4188.32,380.46,4.67,0.63,130.49,19.98,9.25,2.91,0.00,0.00,4.80,1.71,4.13,5.00,2.66,6.00,5.50,22.76,58.25,9.18,3.79,5.29
27.60,27.6,27/11/2025 17:46:27,1.737,6.745,1181253.062,15.7,895781.0,614576.0,969604.05,4778.61,1699.37,6060.82,1043.27,10462.34,425.21,57.77,40.43,3376.58,111.43,353.59,102.47,1511.65,65.54,75.83,26.50,89.86,47.74,60.81,28.48,173.42,30.33,3200.75,292.31,3.89,0.52,94.95,13.40,8.00,2.33,0.00,0.00,3.66,1.45,4.41,3.71,5.73,4.62,6.31,20.64,63.86,8.97,3.09,4.68,58295.12,7924.25,2818.02,11451.70,1971.22,22382.45,909.67,132.38,92.65,8431.01,278.22,425.93,123.44,2115.11,91.71,126.53,44.21,160.42,85.22,88.88,41.63,249.17,43.57,4576.26,417.92,4.95,0.66,118.86,16.78,9.96,2.91,0.00,0.00,4.33,1.71,5.96,5.01,7.64,6.15,7.05,23.04,68.79,9.66,3.51,5.31
27.70,27.7,27/11/2025 17:46:46,1.680,6.808,,15.7,901421.0,618088.0,969852.92,4814.88,1759.65,5887.03,1019.87,10575.59,429.61,126.63,76.09,3187.51,106.79,343.81,102.20,1471.78,65.56,69.53,25.48,75.78,47.81,45.99,26.36,302.34,54.50,3090.01,281.67,4.05,0.51,67.68,7.35,6.99,2.36,0.00,0.00,4.14,1.46,2.10,3.77,2.76,4.60,3.60,20.76,60.71,8.82,4.17,4.69,57809.98,7984.40,2917.99,11123.33,1927.01,22624.74,919.08,290.15,174.35,7958.91,266.65,414.15,123.11,2059.32,91.74,116.01,42.51,135.28,85.35,67.21,38.53,434.41,78.31,4417.93,402.71,5.15,0.65,84.73,9.21,8.70,2.94,0.00,0.00,4.90,1.72,2.84,5.09,3.68,6.13,4.02,23.17,65.40,9.50,4.73,5.32
27.80,27.8,27/11/2025 17:47:06,2.171,4.562,,15.6,913169.0,624954.0,967563.06,5769.51,1764.10,6352.51,1089.52,11236.67,452.74,35.35,28.31,3612.67,118.84,329.07,102.65,1521.22,67.34,63.50,24.55,69.47,48.74,69.08,30.33,152.70,27.04,3052.63,278.08,4.61,0.54,80.90,10.03,7.41,2.27,0.00,0.00,4.08,1.47,2.45,3.85,3.76,4.71,4.34,21.18,61.64,8.78,3.37,4.74,62355.05,9567.44,2925.36,12002.82,2058.60,24038.99,968.56,81.01,64.88,9020.49,296.72,396.40,123.65,2128.50,94.23,105.96,40.97,124.02,87.02,100.97,44.33,219.40,38.86,4364.48,397.59,5.86,0.69,101.26,12.56,9.22,2.83,0.00,0.00,4.83,1.73,3.31,5.19,5.02,6.28,4.84,23.65,66.40,9.46,3.83,5.38
27.90,27.9,27/11/2025 17:47:25,2.095,2.710,,15.6,915160.0,624910.0,968797.26,4626.50,1776.91,6381.15,1095.57,11128.28,448.79,103.62,64.73,3526.76,116.30,348.49,104.21,1550.81,67.04,55.61,22.47,99.85,48.94,58.34,28.55,151.10,26.84,3019.36,274.96,4.45,0.52,56.37,5.33,7.65,2.31,0.00,0.00,2.81,1.47,2.98,3.82,1.73,4.66,14.11,21.10,59.44,8.84,3.34,4.74,60238.46,7672.01,2946.61,12056.94,2070.03,23807.12,960.12,237.44,148.32,8805.97,290.38,419.79,125.53,2169.91,93.81,92.79,37.49,178.24,87.36,85.27,41.73,217.10,38.57,4316.92,393.12,5.66,0.67,70.56,6.67,9.53,2.88,0.00,0.00,3.32,1.73,4.03,5.16,2.31,6.21,15.76,23.56,64.03,9.52,3.78,5.38
28.00,28.0,27/11/2025 17:47:55,1.047,4.295,,15.7,895867.0,621035.0,968025.42,6448.32,1866.16,6030.71,1042.88,11332.02,455.44,108.28,67.71,3692.28,120.31,340.97,101.63,1505.63,65.93,28.79,15.75,82.01,48.17,74.07,30.87,82.01,15.12,2064.18,183.79,3.82,0.49,93.37,13.25,7.67,2.30,0.00,0.00,4.36,1.45,1.82,3.67,2.62,4.59,14.40,20.82,54.45,8.45,2.78,4.62,61907.77,10693.10,3094.61,11394.80,1970.48,24242.99,974.33,248.12,155.14,9219.28,300.39,410.74,122.42,2106.69,92.25,48.04,26.28,146.39,85.99,108.26,45.11,117.83,21.72,2951.25,262.77,4.86,0.63,116.87,16.59,9.54,2.86,0.00,0.00,5.16,1.71,2.46,4.95,3.50,6.12,16.08,23.24,58.65,9.11,3.15,5.24
28.10,28.1,27/11/2025 17:48:14,0.313,3.103,1181251.874,15.7,882566.0,614291.0,969969.19,5664.46,1743.25,6022.84,1038.24,10768.30,435.37,26.35,21.67,3514.93,114.90,299.56,96.97,1418.61,64.51,17.97,15.28,92.77,47.39,74.98,30.75,82.34,15.06,1841.45,162.98,4.11,0.51,99.88,15.14,6.64,2.24,0.00,0.00,4.84,1.40,2.84,3.59,2.25,4.39,17.20,20.42,63.04,8.58,5.46,4.51,58293.44,9393.24,2890.80,11379.94,1961.72,23037.01,931.41,60.37,49.65,8776.44,286.90,360.85,116.81,1984.92,90.26,29.98,25.50,165.61,84.61,109.59,44.94,118.31,21.64,2632.80,233.02,5.24,0.64,125.03,18.95,8.27,2.79,0.00,0.00,5.72,1.66,3.83,4.85,3.00,5.86,19.20,22.80,67.90,9.24,6.19,5.12
28.20,28.2,27/11/2025 17:48:33,-0.966,6.477,,15.7,890617.0,615977.0,969878.24,4692.90,1757.73,6311.28,1083.61,11111.34,447.66,58.88,41.84,3535.45,115.99,317.33,98.26,1456.82,65.05,2.45,15.37,102.27,47.78,66.69,29.40,79.44,14.69,2202.45,196.86,3.72,0.50,79.88,10.06,7.83,2.35,0.00,0.00,4.10,1.41,2.44,3.68,2.60,4.46,24.52,20.60,56.81,8.39,2.57,4.58,58625.94,7782.13,2914.80,11924.93,2047.43,23770.88,957.69,134.92,95.87,8827.67,289.62,382.26,118.37,2038.39,91.02,4.08,25.65,182.57,85.30,97.46,42.97,114.15,21.10,3148.95,281.47,4.73,0.63,99.99,12.60,9.75,2.93,0.00,0.00,4.85,1.67,3.29,4.97,3.47,5.94,27.38,23.00,61.20,9.04,2.91,5.19
28.30,28.3,27/11/2025 17:48:53,0.471,7.336,,15.7,890516.0,614912.0,969718.98,5415.68,1795.03,6036.34,1042.10,10541.73,428.37,58.11,41.15,3235.49,108.08,283.03,95.27,1497.19,65.11,27.20,15.40,94.82,47.63,84.83,32.65,147.19,25.74,2630.89,237.48,3.75,0.50,123.93,21.89,8.97,2.37,0.00,0.00,3.94,1.45,3.55,3.74,3.17,4.50,15.67,20.50,61.20,8.64,4.33,4.64,58170.81,8980.69,2976.65,11405.43,1969.00,22552.29,916.42,133.15,94.30,8078.70,269.87,340.94,114.76,2094.88,91.10,45.39,25.69,169.28,85.02,123.98,47.72,211.49,36.99,3761.50,339.54,4.77,0.64,155.13,27.40,11.16,2.95,0.00,0.00,4.66,1.71,4.80,5.05,4.23,6.00,17.50,22.88,65.93,9.30,4.91,5.26
28.40,28.4,27/11/2025 17:49:12,1.903,7.539,,15.7,887996.0,611430.0,970524.48,4635.20,1710.56,5835.95,1009.76,10370.50,422.35,95.22,60.24,3154.79,105.68,421.25,107.19,1508.65,64.89,31.31,15.29,110.14,47.30,73.99,30.44,143.83,25.08,2863.25,259.73,4.30,0.52,124.21,21.90,8.63,2.32,0.00,0.00,3.98,1.43,0.99,3.71,3.25,4.53,21.78,20.29,61.08,8.83,3.20,4.58,56546.18,7686.44,2836.58,11026.81,1907.90,22185.98,903.54,218.18,138.03,7877.21,263.87,507.44,129.12,2110.91,90.79,52.25,25.50,196.63,84.43,108.14,44.49,206.66,36.03,4093.71,371.34,5.47,0.66,155.48,27.41,10.74,2.89,0.00,0.00,4.71,1.69,1.34,5.02,4.33,6.05,24.32,22.65,65.80,9.51,3.63,5.20
28.50,28.5,27/11/2025 17:49:42,2.006,6.742,,15.7,893468.0,614830.0,969666.66,5720.07,1816.87,5687.01,989.85,10691.45,432.83,66.27,44.96,3113.60,104.69,378.52,104.69,1437.57,65.02,28.42,15.45,128.53,48.20,73.50,30.58,144.01,25.31,2615.54,236.11,3.94,0.51,140.68,27.46,6.46,2.30,0.00,0.00,3.80,1.42,4.20,3.70,4.86,4.56,12.43,20.53,69.03,8.95,3.45,4.69,58125.79,9485.45,3012.88,10745.39,1870.29,22872.60,925.96,151.85,103.01,7774.36,261.41,455.97,126.11,2011.46,90.97,47.41,25.77,229.44,86.04,107.43,44.70,206.92,36.36,3739.55,337.57,5.02,0.64,176.10,34.37,8.04,2.86,0.00,0.00,4.49,1.69,5.67,5.00,6.48,6.08,13.88,22.92,74.36,9.64,3.91,5.33
28.60,28.6,27/11/2025 17:50:01,2.557,11.635,1181247.706,15.8,882341.0,608206.0,969769.37,6073.24,1762.64,5648.61,979.91,10211.86,416.29,162.11,93.69,3278.10,108.74,274.34,93.81,1452.12,64.55,60.15,23.07,63.73,46.99,53.67,27.17,88.73,16.15,2670.06,241.26,4.20,0.51,105.95,16.56,7.10,2.26,0.00,0.00,4.36,1.41,5.02,3.64,1.87,4.46,3.71,20.45,58.40,8.52,3.31,4.44,57978.96,10071.10,2922.95,10672.83,1851.51,21846.58,890.59,371.46,214.67,8185.10,271.50,330.48,113.01,2031.82,90.32,100.36,38.48,113.76,83.88,78.44,39.72,127.50,23.21,3817.50,344.94,5.35,0.65,132.62,20.74,8.83,2.82,0.00,0.00,5.15,1.67,6.78,4.92,2.50,5.95,4.14,22.83,62.91,9.17,3.76,5.03
28.70,28.7,27/11/2025 17:50:21,3.215,12.368,,15.7,886165.0,610430.0,970288.29,5553.51,1738.11,5873.83,1015.01,10132.22,414.04,0.87,0.86,3125.87,105.13,264.49,92.99,1446.65,64.50,24.54,15.31,89.62,47.23,70.11,29.87,127.19,22.46,2801.42,253.92,3.79,0.49,101.94,15.44,8.30,2.35,0.00,0.00,3.37,1.40,2.99,3.66,4.75,4.49,11.57,20.37,61.16,8.69,3.53,4.56,56864.98,9209.24,2882.26,11098.38,1917.83,21676.22,885.77,2.00,1.98,7804.99,262.50,318.61,112.02,2024.15,90.24,40.94,25.54,159.98,84.31,102.47,43.65,182.75,32.28,4005.32,363.04,4.82,0.63,127.60,19.32,10.34,2.93,0.00,0.00,3.99,1.66,4.03,4.95,6.33,5.99,12.92,22.74,65.88,9.36,4.01,5.18
28.80,28.8,27/11/2025 17:50:40,2.791,11.639,,15.7,885100.0,608987.0,971193.28,4695.31,1773.13,5456.13,954.90,10123.77,413.46,145.89,85.00,3244.34,107.83,315.45,97.70,1479.79,64.65,30.08,15.33,82.49,47.10,51.02,26.74,143.58,25.13,2878.39,261.30,4.08,0.51,68.71,7.63,8.75,2.29,0.00,0.00,2.73,1.39,3.23,3.64,3.51,4.46,7.50,20.37,58.43,8.51,3.53,4.50,55422.40,7786.12,2940.34,10309.15,1804.24,21658.14,884.53,334.28,194.76,8100.81,269.25,379.99,117.69,2070.54,90.46,50.19,25.58,147.25,84.08,74.58,39.08,206.30,36.11,4115.37,373.59,5.19,0.65,86.01,9.55,10.89,2.85,0.00,0.00,3.23,1.65,4.36,4.91,4.68,5.95,8.37,22.74,62.94,9.17,4.01,5.11
28.90,28.9,27/11/2025 17:51:00,2.127,11.375,,15.7,889112.0,610302.0,970239.45,4793.18,1726.31,6043.83,1040.62,10368.12,422.21,91.85,58.46,3057.25,103.00,269.43,93.62,1463.43,64.67,32.03,15.49,58.34,47.12,45.39,26.01,155.54,27.21,3226.41,294.84,3.93,0.50,59.19,5.82,9.05,2.32,0.00,0.00,3.36,1.40,1.25,3.67,4.30,4.55,9.44,20.51,61.07,8.70,4.15,4.60,57008.36,7948.41,2862.70,11419.59,1966.22,22180.89,903.26,210.45,133.96,7633.67,257.18,324.56,112.77,2047.64,90.49,53.45,25.84,104.14,84.11,66.34,38.02,223.49,39.10,4612.95,421.54,5.00,0.63,74.10,7.29,11.26,2.89,0.00,0.00,3.98,1.66,1.70,4.96,5.73,6.07,10.54,22.90,65.79,9.37,4.71,5.22
29.00,29.0,27/11/2025 17:51:29,1.148,11.442,,15.7,884000.0,608394.0,971905.93,4969.21,1723.91,5487.03,957.53,10019.13,409.55,26.20,21.18,2904.19,98.56,246.54,90.67,1368.59,63.74,44.68,19.22,81.04,46.84,53.49,26.97,135.59,23.80,2622.95,236.90,4.24,0.51,53.41,4.96,7.46,2.23,0.00,0.00,4.34,1.39,1.21,3.58,2.88,4.38,2.40,20.28,56.28,8.32,3.21,4.41,53967.04,8240.32,2858.71,10367.55,1809.22,21434.28,876.16,60.03,48.54,7251.48,246.09,296.99,109.22,1914.94,89.19,74.54,32.08,144.66,83.61,78.17,39.42,194.83,34.19,3750.15,338.71,5.39,0.65,66.85,6.21,9.29,2.78,0.00,0.00,5.13,1.64,1.63,4.83,3.83,5.83,2.68,22.64,60.63,8.96,3.65,5.00
29.10,29.1,27/11/2025 17:51:49,1.144,9.458,1181246.712,15.8,874247.0,603206.0,972561.97,4933.18,1773.96,5384.24,942.81,9399.38,388.72,49.73,51.04,2869.51,97.59,326.18,97.12,1470.16,63.69,27.87,14.97,115.81,46.58,79.84,31.25,143.40,24.89,2469.59,222.16,3.92,0.49,71.61,8.32,6.99,2.22,0.00,0.00,1.97,1.34,3.32,3.57,2.19,4.33,16.35,19.91,59.26,8.35,3.52,4.50,52497.15,8180.57,2941.71,10173.31,1781.40,20108.42,831.60,113.95,116.96,7164.90,243.68,392.91,116.99,2057.06,89.12,46.50,24.98,206.73,83.15,116.70,45.67,206.05,35.77,3530.88,317.63,4.99,0.62,89.64,10.41,8.70,2.76,0.00,0.00,2.33,1.58,4.49,4.83,2.92,5.78,18.25,22.23,63.84,8.99,3.99,5.11
29.20,29.2,27/11/2025 17:52:08,1.288,14.020,,15.8,869057.0,602568.0,973140.99,4479.83,1716.60,5711.90,989.46,9624.94,395.55,58.18,39.72,2750.37,93.78,286.60,93.47,1327.94,62.17,22.43,14.94,106.67,46.33,63.85,28.24,86.86,15.65,2180.32,194.72,3.75,0.48,59.33,6.03,8.71,2.28,0.11,0.18,3.61,1.34,2.71,3.45,2.92,4.32,13.40,19.85,60.20,8.04,4.39,4.43,51766.09,7428.79,2846.60,10792.42,1869.56,20590.96,846.21,133.30,91.01,6867.40,234.17,345.24,112.60,1858.05,86.99,37.42,24.92,190.42,82.72,93.32,41.28,124.81,22.49,3117.30,278.39,4.77,0.61,74.27,7.55,10.85,2.83,0.15,0.23,4.27,1.59,3.66,4.66,3.90,5.76,14.96,22.17,64.85,8.67,4.98,5.02
29.30,29.3,27/11/2025 17:52:27,1.090,13.223,,15.8,873445.0,604318.0,971112.40,5791.74,1800.64,5351.24,937.42,9749.44,400.80,25.60,20.87,3263.76,108.43,65.30,58.77,1372.80,62.88,62.92,23.36,75.24,46.37,61.61,28.14,137.30,23.89,2752.22,249.14,3.63,0.50,81.99,10.51,8.41,2.37,0.00,0.00,3.97,1.39,2.08,3.58,2.93,4.38,9.44,20.13,62.47,8.45,3.51,4.58,55452.58,9604.31,2985.95,10110.97,1771.22,20857.32,857.44,58.66,47.81,8149.29,270.74,78.66,70.79,1920.83,87.98,104.98,38.98,134.31,82.79,90.04,41.13,197.28,34.33,3934.97,356.20,4.62,0.63,102.63,13.16,10.46,2.95,0.00,0.00,4.70,1.64,2.81,4.83,3.91,5.84,10.54,22.47,67.29,9.11,3.98,5.20
29.40,29.4,27/11/2025 17:52:47,1.431,13.028,,15.8,876471.0,604044.0,971640.31,5406.50,1722.70,5359.88,938.18,9976.79,408.81,85.10,54.52,2769.77,95.37,325.07,97.27,1465.65,63.83,17.98,15.08,71.82,46.39,64.02,28.50,154.40,26.85,2474.33,222.59,3.56,0.48,90.49,12.60,6.27,2.22,0.00,0.00,3.03,1.37,3.34,3.57,2.89,4.36,18.94,20.10,56.39,8.25,3.47,4.50,54224.30,8965.47,2856.71,10127.30,1772.65,21343.69,874.57,195.00,124.91,6915.84,238.14,391.58,117.17,2050.74,89.31,30.00,25.16,128.20,82.82,93.56,41.66,221.85,38.58,3537.66,318.25,4.53,0.61,113.28,15.78,7.80,2.76,0.00,0.00,3.59,1.62,4.51,4.82,3.85,5.82,21.15,22.44,60.74,8.88,3.94,5.10
29.50,29.5,27/11/2025 17:53:16,1.934,9.592,,15.8,876118.0,604070.0,971935.40,5137.47,1757.42,5184.99,912.92,9824.64,402.88,89.11,55.75,3193.19,105.95,307.71,95.89,1425.29,63.59,29.61,15.16,102.24,46.77,59.35,27.74,32.68,6.57,2485.29,223.66,4.17,0.50,92.18,13.04,9.20,2.28,0.00,0.00,3.65,1.36,1.67,3.56,2.00,4.35,13.88,20.10,62.53,8.52,3.73,4.47,54024.05,8519.34,2914.28,9796.85,1724.93,21018.20,861.89,204.19,127.74,7973.09,264.54,370.66,115.51,1994.27,88.97,49.41,25.29,182.51,83.49,86.74,40.54,46.95,9.43,3553.33,319.78,5.31,0.64,115.39,16.33,11.45,2.84,0.00,0.00,4.31,1.61,2.26,4.81,2.67,5.80,15.50,22.44,67.36,9.18,4.23,5.07
29.60,29.6,27/11/2025 17:53:36,2.485,9.393,1181250.416,15.8,872065.0,602207.0,972730.47,5087.68,1724.62,5200.82,912.72,9345.81,386.71,69.29,45.74,2772.01,94.76,362.00,100.20,1423.62,63.12,35.01,15.90,110.59,46.37,73.64,30.04,125.70,21.91,2497.14,224.74,3.81,0.48,65.56,7.12,7.38,2.20,0.00,0.00,3.77,1.39,2.56,3.51,2.47,4.36,17.45,19.88,59.43,8.41,3.80,4.45,52075.01,8436.78,2859.90,9826.75,1724.56,19993.81,827.29,158.76,104.81,6921.44,236.62,436.07,120.70,1991.93,88.31,58.42,26.52,197.43,82.78,107.62,43.91,180.61,31.48,3570.26,321.32,4.85,0.61,82.06,8.91,9.18,2.74,0.00,0.00,4.46,1.64,3.46,4.74,3.29,5.81,19.48,22.20,64.02,9.06,4.31,5.05
29.70,29.7,27/11/2025 17:53:55,2.738,9.056,,15.8,870565.0,601792.0,974488.44,3492.16,1662.79,5099.01,897.79,9692.32,397.52,85.10,53.28,2708.12,92.96,278.05,91.93,1397.96,62.44,24.06,14.82,96.64,45.85,68.56,29.06,125.93,21.99,2260.73,202.38,3.58,0.48,87.49,12.03,6.96,2.18,0.00,0.00,3.97,1.35,3.22,3.51,2.50,4.27,16.81,19.75,54.37,8.15,4.02,4.41,49351.45,5790.96,2757.36,9634.40,1696.34,20735.12,850.42,194.99,122.08,6761.92,232.11,334.94,110.74,1956.04,87.37,40.15,24.73,172.52,81.85,100.20,42.48,180.94,31.59,3232.26,289.36,4.55,0.61,109.52,15.06,8.66,2.72,0.00,0.00,4.69,1.60,4.35,4.75,3.33,5.70,18.77,22.06,58.56,8.78,4.56,5.01
29.80,29.8,27/11/2025 17:54:15,1.908,8.992,,15.8,873812.0,602270.0,971778.72,5518.81,1770.71,5498.92,958.75,9829.53,403.03,63.67,42.83,2716.65,93.34,313.56,96.51,1383.00,63.27,31.43,15.09,103.63,46.62,52.54,26.62,106.34,18.89,2425.67,218.00,4.25,0.49,80.36,10.22,7.64,2.24,0.00,0.00,2.61,1.35,1.82,3.53,2.79,4.34,15.17,20.03,59.72,8.41,3.16,4.44,53957.06,9151.70,2936.33,10390.01,1811.53,21028.66,862.22,145.90,98.14,6783.22,233.06,377.72,116.26,1935.10,88.53,52.43,25.17,185.01,83.22,76.79,38.91,152.80,27.14,3468.09,311.69,5.40,0.63,100.60,12.79,9.51,2.78,0.00,0.00,3.08,1.59,2.46,4.76,3.71,5.79,16.93,22.37,64.33,9.06,3.58,5.03
29.90,29.9,27/11/2025 17:54:34,1.689,9.391,,15.8,875413.0,603234.0,971487.97,5210.51,1772.36,5481.81,956.62,9955.94,407.13,77.58,50.02,2920.36,98.99,349.05,100.48,1444.46,64.10,28.59,15.13,90.07,46.62,69.89,29.57,143.66,24.99,2541.31,228.93,3.95,0.49,104.96,16.40,10.01,2.33,0.00,0.00,3.44,1.40,1.31,3.55,3.21,4.38,16.91,20.12,52.22,8.24,2.80,4.52,54596.18,8640.46,2939.06,10357.68,1807.49,21299.09,870.98,177.76,114.61,7291.86,247.17,420.47,121.04,2021.09,89.69,47.70,25.25,160.79,83.23,102.15,43.22,206.41,35.90,3633.42,327.31,5.03,0.62,131.38,20.52,12.46,2.89,0.00,0.00,4.06,1.65,1.77,4.79,4.28,5.84,18.88,22.47,56.26,8.87,3.18,5.13
30.00,30.0,27/11/2025 17:55:04,-0.281,8.930,,15.8,874849.0,603648.0,973062.41,3928.92,1695.42,5466.95,953.97,9545.25,393.83,30.74,24.07,3034.51,101.49,334.05,97.41,1559.89,64.43,46.11,19.29,91.63,46.34,73.81,30.16,170.20,29.45,2460.13,221.20,4.08,0.50,101.16,15.41,7.46,2.22,0.00,0.00,2.81,1.37,1.91,3.57,2.50,4.34,13.15,19.99,58.46,8.44,3.86,4.55,51840.32,6515.23,2811.47,10329.59,1802.49,20420.48,842.54,70.43,55.14,7576.89,253.41,402.40,117.34,2182.61,90.15,76.94,32.18,163.57,82.73,107.88,44.08,244.55,42.31,3517.36,316.26,5.19,0.64,126.63,19.30,9.28,2.77,0.00,0.00,3.33,1.61,2.58,4.83,3.34,5.78,14.69,22.32,62.97,9.09,4.38,5.16
30.10,30.1,27/11/2025 17:55:23,0.536,7.077,1181252.796,15.8,872363.0,604472.0,971951.98,4666.71,1700.59,5652.67,980.14,9829.66,402.88,63.99,42.70,2804.20,95.57,348.32,99.03,1538.20,64.46,88.72,28.29,86.99,46.67,64.93,28.69,188.01,32.57,2553.37,230.05,3.93,0.49,74.52,8.88,8.44,2.27,0.00,0.00,4.79,1.41,1.55,3.61,2.61,4.33,5.38,20.18,57.85,8.46,3.19,4.47,53679.41,7738.69,2820.04,10680.51,1851.94,21028.93,861.90,146.61,97.85,7001.83,238.64,419.58,119.29,2152.26,90.19,148.03,47.20,155.29,83.31,94.91,41.94,270.13,46.79,3650.67,328.91,5.00,0.62,93.28,11.11,10.51,2.83,0.00,0.00,5.67,1.66,2.09,4.88,3.47,5.78,6.00,22.53,62.32,9.12,3.62,5.07
30.20,30.2,27/11/2025 17:55:43,2.574,6.545,,15.8,874378.0,605735.0,972862.82,4626.81,1685.54,5189.15,910.55,9343.97,386.64,30.76,24.09,3364.62,110.78,130.61,76.13,1451.28,63.70,46.09,19.39,102.18,46.61,77.73,30.90,160.21,27.75,2448.92,220.20,3.87,0.49,79.33,9.99,9.54,2.30,0.00,0.00,3.30,1.37,4.09,3.61,2.37,4.37,3.24,20.02,55.81,8.33,3.29,4.36,52427.32,7672.53,2795.09,9804.70,1720.45,19989.87,827.15,70.48,55.19,8401.14,276.61,157.33,91.70,2030.64,89.13,76.90,32.35,182.40,83.21,113.61,45.17,230.19,39.88,3501.33,314.83,4.93,0.62,99.30,12.51,11.87,2.87,0.00,0.00,3.90,1.62,5.52,4.88,3.16,5.83,3.61,22.35,60.12,8.97,3.73,4.95
30.30,30.3,27/11/2025 17:56:02,2.526,7.274,,15.8,872146.0,603734.0,972177.94,5064.83,1673.43,5253.84,917.64,9876.74,404.19,48.20,51.37,3384.04,111.68,46.92,50.73,1449.11,63.89,25.92,15.09,56.25,46.21,62.23,28.24,122.49,21.52,2273.33,203.53,3.78,0.48,65.50,7.14,7.59,2.23,0.00,0.00,4.17,1.37,3.11,3.53,0.84,4.33,7.60,20.10,61.66,8.39,3.92,4.46,53946.40,8398.89,2775.00,9926.93,1733.84,21129.65,864.71,110.44,117.71,8449.62,278.85,56.52,61.11,2027.60,89.40,43.24,25.18,100.42,82.49,90.95,41.27,175.99,30.92,3250.27,291.00,4.82,0.62,81.99,8.93,9.45,2.77,0.00,0.00,4.93,1.62,4.20,4.77,1.12,5.77,8.49,22.45,66.43,9.04,4.45,5.06
30.40,30.4,27/11/2025 17:56:22,2.053,6.084,,15.8,878409.0,604562.0,973375.61,3702.20,1689.26,5277.32,925.88,9845.53,403.56,100.03,61.71,3190.00,105.83,168.56,81.68,1498.22,63.94,32.93,15.40,58.87,46.20,58.80,27.59,112.51,19.85,2420.59,217.58,3.88,0.49,65.75,7.18,7.18,2.24,0.00,0.00,4.21,1.38,2.46,3.54,2.06,4.33,10.35,20.10,59.58,8.40,3.37,4.40,51722.37,6139.27,2801.27,9971.29,1749.42,21062.88,863.35,229.21,141.39,7965.13,264.25,203.05,98.39,2096.32,89.46,54.94,25.69,105.09,82.48,85.93,40.32,161.67,28.52,3460.82,311.09,4.94,0.62,82.30,8.99,8.94,2.78,0.00,0.00,4.98,1.63,3.32,4.78,2.74,5.78,11.56,22.44,64.18,9.05,3.82,4.99
30.50,30.5,27/11/2025 17:56:51,1.756,7.013,,15.8,877819.0,603741.0,972814.28,4059.92,1682.01,5466.73,952.78,10080.31,411.62,48.97,35.39,3025.78,101.90,231.90,88.77,1468.71,64.03,61.64,23.16,96.54,46.65,67.98,29.19,151.94,26.41,2231.21,199.53,3.65,0.48,101.42,15.56,6.69,2.14,0.00,0.00,3.37,1.37,4.54,3.55,1.95,4.33,9.26,20.10,59.70,8.40,3.52,4.43,52642.65,6732.46,2789.23,10329.18,1800.23,21565.15,880.60,112.20,81.08,7555.08,254.44,279.35,106.93,2055.03,89.60,102.84,38.64,172.34,83.28,99.36,42.66,218.32,37.95,3190.05,285.28,4.65,0.61,126.95,19.48,8.32,2.67,0.00,0.00,3.99,1.61,6.13,4.80,2.60,5.77,10.34,22.44,64.31,9.04,3.99,5.03
30.60,30.6,27/11/2025 17:57:11,2.506,7.209,1181252.400,15.8,875717.0,607113.0,973268.06,4086.48,1691.48,5555.02,966.05,9457.19,390.44,71.66,47.17,2977.37,100.42,305.03,95.60,1428.75,63.65,29.65,15.06,48.46,46.05,62.44,28.21,173.76,30.11,2360.27,211.80,3.98,0.49,81.86,10.60,8.32,2.25,0.00,0.00,3.65,1.37,2.69,3.60,1.44,4.36,12.91,20.08,57.30,8.25,3.70,4.34,51529.16,6776.51,2804.94,10496.00,1825.31,20232.09,835.28,164.21,108.08,7434.19,250.75,367.44,115.16,1999.12,89.06,49.48,25.13,86.52,82.20,91.26,41.23,249.66,43.26,3374.58,302.82,5.06,0.63,102.47,13.27,10.36,2.80,0.00,0.00,4.32,1.62,3.64,4.86,1.91,5.82,14.41,22.42,61.72,8.88,4.19,4.93
30.70,30.7,27/11/2025 17:57:30,1.963,7.738,,15.8,880229.0,608947.0,970951.36,5740.61,1783.41,5902.17,1019.22,9823.23,403.54,21.42,18.13,3183.51,106.32,116.20,73.83,1421.66,63.70,51.77,20.96,73.22,46.75,75.43,30.68,129.93,22.77,2278.28,203.99,3.88,0.49,139.40,27.39,7.59,2.24,0.00,0.00,3.11,1.37,3.04,3.60,2.23,4.40,14.10,20.28,54.55,8.28,3.31,4.57,55863.07,9519.51,2957.38,11151.94,1925.78,21015.17,863.30,49.08,41.54,7948.92,265.47,139.98,88.93,1989.20,89.13,86.38,34.98,130.72,83.46,110.24,44.83,186.68,32.72,3257.36,291.66,4.94,0.63,174.49,34.28,9.44,2.78,0.00,0.00,3.68,1.63,4.11,4.86,2.97,5.86,15.74,22.64,58.77,8.92,3.76,5.18
30.80,30.8,27/11/2025 17:57:50,1.220,6.880,,15.8,882363.0,607545.0,972412.08,4190.30,1658.36,5525.65,961.12,10040.28,410.28,119.59,71.84,3381.35,111.70,128.24,76.19,1483.27,64.41,63.10,23.77,98.25,47.09,85.60,32.64,138.46,24.24,2135.56,190.60,4.29,0.50,114.01,19.20,7.20,2.22,0.00,0.00,2.91,1.37,2.62,3.58,4.45,4.39,2.25,20.28,57.46,8.45,3.09,4.50,53711.51,6948.68,2750.02,10440.52,1816.00,21479.52,877.73,274.02,164.61,8442.91,278.92,154.48,91.78,2075.39,90.12,105.28,39.66,175.39,84.06,125.11,47.70,198.94,34.83,3053.31,272.51,5.46,0.64,142.71,24.04,8.96,2.77,0.00,0.00,3.44,1.61,3.54,4.83,5.93,5.85,2.51,22.64,61.89,9.11,3.50,5.10
30.90,30.9,27/11/2025 17:58:09,1.129,6.677,,15.8,874982.0,605460.0,971681.29,5246.74,1702.53,5660.99,980.96,10042.98,409.85,57.06,39.60,2872.25,97.65,268.01,92.30,1414.37,63.54,18.25,15.05,109.35,46.81,66.22,28.86,196.92,34.15,2181.86,194.80,3.99,0.49,95.27,13.89,7.21,2.19,0.00,0.00,3.12,1.36,1.34,3.54,2.27,4.36,7.15,20.02,60.06,8.39,3.29,4.36,54429.53,8700.54,2823.26,10696.23,1853.48,21485.29,876.82,130.75,90.75,7171.73,243.82,322.85,111.18,1978.99,88.90,30.45,25.11,195.21,83.57,96.79,42.19,282.95,49.06,3119.50,278.51,5.08,0.62,119.26,17.39,8.97,2.73,0.00,0.00,3.69,1.61,1.81,4.78,3.03,5.81,7.99,22.35,64.70,9.04,3.73,4.95
31.00,31.0,27/11/2025 17:58:39,3.531,7.076,,15.8,878966.0,605397.0,972569.83,4147.03,1720.01,5563.17,970.08,10324.62,419.83,29.30,50.54,2862.12,97.66,341.28,98.91,1521.27,64.40,24.54,15.13,96.12,46.74,77.91,31.04,93.23,16.78,2198.25,196.45,3.73,0.49,59.34,6.01,7.82,2.28,0.00,0.00,2.96,1.35,2.00,3.55,2.46,4.34,11.57,20.10,57.66,8.28,3.79,4.43,53010.26,6876.91,2852.25,10511.40,1832.93,22087.81,898.16,67.14,115.81,7146.45,243.85,411.10,119.15,2128.56,90.11,40.95,25.25,171.58,83.44,113.88,45.37,133.96,24.12,3142.93,280.88,4.75,0.62,74.28,7.52,9.74,2.84,0.00,0.00,3.50,1.60,2.70,4.80,3.28,5.79,12.92,22.44,62.11,8.92,4.30,5.03
31.10,31.1,27/11/2025 17:58:58,4.042,12.237,1181246.577,15.8,876055.0,603680.0,973310.59,3834.82,1632.93,5438.29,946.41,9910.33,405.68,14.87,13.04,3037.99,102.26,305.57,95.45,1472.91,64.04,29.82,15.16,80.77,46.56,42.68,25.36,90.81,16.47,2272.37,203.52,3.71,0.48,69.35,7.91,8.49,2.28,0.00,0.00,4.37,1.38,1.63,3.50,3.39,4.31,9.47,20.15,54.71,8.18,3.07,4.36,51707.47,6359.19,2707.86,10275.45,1788.20,21201.51,867.89,34.08,29.87,7585.56,255.33,368.09,114.97,2060.91,89.60,49.75,25.29,144.19,83.12,62.38,37.07,130.48,23.66,3248.91,290.98,4.72,0.61,86.81,9.91,10.57,2.84,0.00,0.00,5.16,1.63,2.21,4.72,4.52,5.75,10.57,22.50,58.94,8.81,3.48,4.95
31.20,31.2,27/11/2025 17:59:18,3.137,12.238,,15.8,881344.0,606758.0,972679.02,4059.68,1752.52,5729.21,995.09,9953.13,408.05,50.09,52.12,3094.40,103.94,259.73,92.04,1521.96,64.88,46.60,19.57,83.95,46.71,79.28,31.36,213.53,37.25,2077.44,185.07,3.86,0.49,63.19,6.71,8.23,2.26,0.00,0.00,4.54,1.39,3.09,3.56,3.42,4.33,6.81,20.19,55.66,8.24,3.17,4.42,52933.92,6732.07,2906.16,10825.13,1880.19,21293.09,872.96,114.76,119.42,7726.42,259.54,312.88,110.88,2129.54,90.78,77.75,32.65,149.87,83.38,115.88,45.83,306.81,53.52,2970.21,264.60,4.91,0.62,79.10,8.40,10.24,2.82,0.00,0.00,5.37,1.65,4.18,4.80,4.57,5.77,7.60,22.54,59.96,8.87,3.59,5.01
31.30,31.3,27/11/2025 17:59:37,2.303,11.974,,15.7,893824.0,614235.0,970402.41,4567.09,1761.81,6107.44,1052.56,10662.62,432.24,67.21,45.95,3403.48,112.27,299.89,96.89,1555.85,65.76,29.41,15.51,101.31,47.83,81.40,32.03,293.84,52.59,2269.99,203.16,3.75,0.50,70.22,7.97,7.83,2.25,0.00,0.00,3.71,1.40,2.66,3.65,2.84,4.48,9.49,20.55,54.33,8.34,3.24,4.44,57318.12,7573.49,2921.57,11539.79,1988.76,22810.91,924.71,153.99,105.29,8498.15,280.32,361.24,116.72,2176.96,92.01,49.06,25.88,180.86,85.39,118.97,46.81,422.20,75.56,3245.51,290.47,4.77,0.63,87.90,9.97,9.75,2.80,0.00,0.00,4.39,1.65,3.59,4.94,3.78,5.98,10.60,22.95,58.52,8.98,3.67,5.03
31.40,31.4,27/11/2025 17:59:57,2.517,12.565,,15.6,907076.0,620620.0,968871.95,4838.38,1816.16,6302.60,1084.44,11346.82,455.73,49.62,53.83,3722.17,121.42,355.47,103.83,1579.90,67.13,50.43,21.10,91.12,48.52,71.06,30.51,162.68,28.62,2383.03,214.04,3.55,0.49,76.28,9.17,8.56,2.23,0.00,0.00,5.06,1.44,1.69,3.75,4.74,4.55,11.52,20.96,59.41,8.64,3.97,4.68,60451.07,8023.37,3011.70,11908.53,2049.01,24274.65,974.97,113.69,123.35,9293.89,303.17,428.20,125.07,2210.60,93.93,84.15,35.20,162.67,86.62,103.86,44.59,233.74,41.12,3407.13,306.02,4.51,0.62,95.49,11.48,10.65,2.78,0.00,0.00,5.98,1.70,2.28,5.07,6.32,6.07,12.86,23.40,64.00,9.30,4.50,5.31
31.50,31.5,27/11/2025 18:00:26,2.372,12.372,,15.6,911644.0,621714.0,967706.57,5206.21,1812.65,6612.19,1130.69,11633.09,465.89,5.09,5.00,3650.77,119.62,276.97,97.50,1634.24,68.23,22.46,15.90,98.56,48.99,58.11,28.47,250.43,44.38,2663.47,240.63,4.37,0.52,77.34,9.30,7.31,2.26,0.00,0.00,3.45,1.43,1.08,3.79,3.70,4.71,22.76,21.12,58.49,8.74,3.36,4.63,62441.86,8633.33,3005.88,12493.48,2136.39,24887.07,996.70,11.66,11.45,9115.62,298.69,333.64,117.44,2286.64,95.47,37.47,26.53,175.94,87.45,84.94,41.61,359.83,63.77,3808.07,344.03,5.57,0.66,96.81,11.64,9.10,2.81,0.00,0.00,4.08,1.69,1.46,5.12,4.93,6.28,25.41,23.58,63.00,9.41,3.81,5.26
31.60,31.6,27/11/2025 18:00:46,2.656,12.167,1181246.315,15.7,894865.0,617396.0,969842.44,5491.46,1789.64,6080.70,1050.56,11179.21,450.24,48.96,53.80,3191.31,107.03,270.33,95.12,1412.75,64.85,36.51,16.84,87.32,47.74,72.31,30.47,22.76,4.79,2102.57,187.55,4.11,0.50,64.69,6.95,7.91,2.21,0.00,0.00,3.55,1.39,3.56,3.65,3.84,4.42,14.95,20.65,54.61,8.40,4.16,4.61,58446.35,9106.35,2967.72,11489.25,1984.99,23916.06,963.21,112.19,123.27,7968.38,267.25,325.64,114.58,1976.72,90.74,60.92,28.10,155.88,85.23,105.69,44.54,32.70,6.88,3006.14,268.14,5.23,0.64,80.98,8.70,9.85,2.75,0.00,0.00,4.20,1.64,4.81,4.93,5.12,5.89,16.69,23.05,58.82,9.05,4.72,5.23
31.70,31.7,27/11/2025 18:01:05,3.197,12.435,,15.6,909074.0,620838.0,965654.33,7107.71,1852.82,6558.91,1123.90,11998.33,479.06,158.06,94.18,3672.70,120.74,349.12,104.84,1535.67,67.47,33.59,16.11,115.45,49.45,74.17,31.19,97.44,17.75,2441.12,219.37,4.40,0.52,105.28,16.17,7.68,2.35,0.00,0.00,4.11,1.46,1.22,3.75,2.54,4.65,14.31,21.18,60.00,8.74,3.85,4.66,66192.18,11786.54,3072.48,12392.82,2123.57,25668.45,1024.87,362.16,215.80,9170.37,301.47,420.55,126.29,2148.73,94.40,56.05,26.88,206.09,88.28,108.41,45.59,140.00,25.50,3490.18,313.64,5.60,0.66,131.79,20.25,9.56,2.92,0.00,0.00,4.86,1.72,1.64,5.07,3.39,6.20,15.98,23.64,64.63,9.42,4.37,5.28
31.80,31.8,27/11/2025 18:01:25,4.800,8.862,,15.6,923010.0,627977.0,965239.34,6225.05,1856.46,7262.51,1231.16,12233.47,487.01,118.63,74.24,3758.83,123.09,246.08,96.30,1602.36,68.64,30.96,16.19,58.59,49.24,85.06,33.43,141.03,25.03,2806.46,254.27,4.39,0.53,82.02,10.26,9.03,2.44,0.00,0.00,4.40,1.50,6.58,3.92,5.09,4.72,14.93,21.42,61.41,8.91,3.78,4.87,67135.52,10322.85,3078.52,13722.24,2326.22,26171.49,1041.88,271.84,170.12,9385.44,307.34,296.43,116.00,2242.03,96.04,51.65,27.01,104.59,87.91,124.33,48.86,202.64,35.97,4012.53,363.54,5.59,0.68,102.67,12.84,11.23,3.04,0.00,0.00,5.20,1.77,8.88,5.29,6.79,6.30,16.67,23.92,66.15,9.60,4.29,5.53
31.90,31.9,27/11/2025 18:01:44,3.758,12.170,,15.5,938938.0,634609.0,962901.44,6681.36,1990.14,7332.73,1246.10,13001.25,513.94,43.49,56.35,4134.25,133.73,488.01,120.59,1778.73,71.27,98.25,31.51,120.17,51.06,65.03,30.33,119.38,21.74,3037.71,276.48,4.13,0.53,101.69,14.81,7.87,2.40,0.00,0.00,3.42,1.51,3.94,4.02,2.52,4.91,12.17,21.92,58.84,8.98,3.63,4.91,71471.96,11079.53,3300.20,13854.92,2354.46,27814.03,1099.49,99.65,129.11,10322.84,333.92,587.86,145.26,2488.81,99.72,163.93,52.57,214.52,91.16,95.05,44.33,171.53,31.23,4343.15,395.29,5.25,0.68,127.30,18.54,9.79,2.99,0.00,0.00,4.04,1.78,5.32,5.44,3.36,6.55,13.59,24.47,63.38,9.67,4.12,5.57
32.00,32.0,27/11/2025 18:02:27,1.985,13.557,,15.5,936881.0,635332.0,965528.75,5266.66,1931.16,7125.41,1214.58,12781.61,506.50,107.95,69.55,3831.95,125.48,412.39,112.38,1647.04,69.47,27.92,16.37,71.85,50.15,81.41,33.02,69.62,13.48,2866.36,260.24,4.55,0.55,72.77,8.28,9.73,2.44,0.00,0.00,4.36,1.51,1.68,3.91,3.17,4.83,21.05,21.75,58.29,8.91,5.45,4.95,66862.78,8733.57,3202.39,13463.19,2294.90,27344.14,1083.57,247.36,159.37,9568.01,313.32,496.77,135.37,2304.55,97.20,46.59,27.31,128.27,89.52,118.98,48.26,100.04,19.36,4098.17,372.08,5.79,0.70,91.09,10.36,12.12,3.04,0.00,0.00,5.16,1.78,2.27,5.28,4.23,6.44,23.50,24.28,62.79,9.60,6.18,5.62
32.10,32.1,27/11/2025 18:03:00,1.212,5.757,1181252.597,15.5,931598.0,636499.0,965432.81,6887.72,1947.67,6825.40,1167.96,12343.76,491.50,48.53,56.17,3679.62,121.39,337.74,105.91,1611.80,69.11,22.68,16.26,105.87,50.23,62.69,29.68,49.63,9.99,2403.72,216.17,4.33,0.52,80.85,10.10,7.59,2.38,0.00,0.00,3.90,1.47,1.23,3.85,4.09,4.78,19.10,21.60,62.46,8.88,4.47,4.72,66734.51,11421.74,3229.77,12896.34,2206.81,26407.43,1051.48,111.20,128.69,9187.65,303.10,406.85,127.58,2255.25,96.70,37.85,27.12,188.99,89.66,91.63,43.38,71.31,14.35,3436.70,309.06,5.52,0.67,101.21,12.64,9.45,2.96,0.00,0.00,4.61,1.73,1.66,5.20,5.46,6.37,21.33,24.12,67.28,9.57,5.07,5.36
32.20,32.2,27/11/2025 18:03:33,0.102,6.019,,15.5,939821.0,640257.0,964086.05,6317.61,1938.57,7033.83,1200.88,13388.91,526.35,72.41,51.39,4353.62,139.59,378.49,110.90,1664.68,70.31,49.33,21.61,76.11,50.97,77.15,32.49,73.83,14.25,2246.42,201.28,4.14,0.52,75.71,8.93,9.96,2.38,0.00,0.00,4.60,1.51,3.20,3.91,1.91,4.80,13.01,22.10,65.61,9.06,3.44,4.85,70094.15,10476.34,3214.68,13290.16,2269.03,28643.36,1126.03,165.91,117.74,10870.56,348.53,455.93,133.59,2329.23,98.38,82.30,36.06,135.86,90.99,112.76,47.49,106.09,20.47,3211.81,287.78,5.26,0.67,94.77,11.18,12.40,2.96,0.00,0.00,5.43,1.78,4.32,5.28,2.55,6.39,14.52,24.67,70.68,9.76,3.90,5.51
32.30,32.3,27/11/2025 18:04:05,-0.024,6.483,,15.4,949764.0,642284.0,960332.20,7344.30,1989.49,8075.01,1358.84,14092.03,551.21,46.27,58.09,4355.90,140.25,376.10,111.53,1854.06,72.65,66.26,25.95,118.98,52.00,71.11,31.72,316.68,57.65,2754.45,249.22,4.55,0.55,90.97,12.06,9.32,2.53,0.04,0.20,4.71,1.56,2.60,4.02,3.74,5.02,12.42,22.30,63.54,9.28,4.75,5.09,76666.59,12178.88,3299.12,15257.43,2567.48,30147.58,1179.21,106.02,133.11,10876.26,350.19,453.05,134.35,2594.21,101.65,110.55,43.30,212.40,92.84,103.93,46.36,455.02,82.83,3938.16,356.32,5.79,0.70,113.88,15.10,11.60,3.14,0.06,0.27,5.57,1.85,3.52,5.43,4.99,6.70,13.86,24.90,68.44,9.99,5.39,5.77
32.40,32.4,27/11/2025 18:04:38,0.715,7.077,,15.4,954349.0,642726.0,959913.64,6809.96,1979.94,8250.31,1385.14,14699.91,571.20,99.94,66.90,4457.79,142.98,546.39,128.86,1791.48,72.88,75.30,28.05,139.27,52.79,83.62,34.12,161.92,29.06,2804.93,254.04,4.38,0.56,49.89,4.22,9.15,2.51,0.00,0.00,4.26,1.54,2.50,4.03,3.24,5.01,14.20,22.52,71.70,9.36,6.24,5.06,77785.73,11292.79,3283.28,15588.64,2617.17,31448.03,1221.99,228.99,153.28,11130.67,357.01,658.18,155.23,2506.66,101.97,125.64,46.81,248.62,94.24,122.22,49.86,232.65,41.75,4010.33,363.21,5.57,0.71,62.45,5.29,11.38,3.13,0.00,0.00,5.04,1.82,3.37,5.44,4.33,6.68,15.85,25.14,77.24,10.09,7.08,5.74
32.50,32.5,27/11/2025 18:05:21,2.576,6.546,,15.4,948680.0,639362.0,960309.99,7456.74,1958.12,8245.27,1384.12,14094.41,551.14,129.47,81.75,4541.79,144.86,356.48,110.18,1771.97,72.27,43.85,20.05,154.55,52.55,73.10,32.04,106.65,19.77,2536.96,228.59,4.54,0.55,76.05,8.83,7.18,2.38,0.00,0.00,3.08,1.50,5.35,4.07,1.74,4.95,17.62,22.29,59.38,9.12,3.81,5.00,77090.40,12365.33,3247.10,15579.12,2615.24,30152.67,1179.08,296.66,187.32,11340.42,361.71,429.42,132.72,2479.36,101.12,73.17,33.46,275.90,93.81,106.84,46.82,153.24,28.41,3627.20,326.82,5.78,0.70,95.20,11.06,8.94,2.97,0.00,0.00,3.64,1.78,7.22,5.49,2.32,6.60,19.67,24.89,63.96,9.83,4.33,5.67
32.60,32.6,27/11/2025 18:05:53,4.022,6.740,1181252.205,15.4,945728.0,643250.0,960888.06,7451.54,1982.88,8026.52,1350.70,14203.16,554.45,121.65,77.70,4498.49,144.14,386.20,113.80,1752.41,71.98,45.44,20.48,43.91,51.29,76.65,32.76,54.79,10.99,2269.37,203.35,4.67,0.55,73.53,8.40,8.33,2.43,0.00,0.00,3.88,1.51,3.87,3.97,3.75,4.88,20.76,22.40,59.36,8.97,3.65,4.88,76140.11,12356.71,3288.16,15165.82,2552.09,30385.33,1186.16,278.74,178.04,11232.30,359.90,465.22,137.08,2451.98,100.71,75.81,34.16,78.40,91.56,112.02,47.88,78.72,15.79,3244.62,290.73,5.95,0.70,92.04,10.51,10.37,3.02,0.00,0.00,4.59,1.79,5.23,5.36,5.00,6.51,23.18,25.01,63.94,9.66,4.14,5.54
32.70,32.7,27/11/2025 18:06:26,2.904,4.229,,15.4,948210.0,644647.0,958421.11,8859.25,2060.33,8157.36,1372.47,14714.89,572.54,48.83,59.02,4787.22,152.06,508.64,125.62,1783.89,72.49,30.50,16.91,99.99,52.12,79.31,33.28,89.51,16.91,2235.08,200.00,4.54,0.55,70.76,7.77,9.71,2.47,0.00,0.00,5.12,1.54,2.30,4.03,3.31,4.98,22.21,22.46,63.46,9.15,3.01,4.93,80644.13,14691.08,3416.60,15413.03,2593.22,31480.08,1224.86,111.89,135.23,11953.22,379.68,612.71,151.33,2496.03,101.42,50.88,28.21,178.50,93.04,115.92,48.64,128.61,24.30,3195.59,285.96,5.78,0.69,88.57,9.73,12.08,3.08,0.00,0.00,6.06,1.82,3.11,5.45,4.41,6.64,24.79,25.07,68.36,9.85,3.42,5.60
32.80,32.8,27/11/2025 18:06:59,2.879,7.401,,15.3,962964.0,651865.0,958384.93,8791.20,2085.54,8307.50,1395.96,14881.56,578.19,73.56,53.73,4891.07,155.06,335.35,111.83,1753.45,73.47,29.46,17.24,83.59,52.96,71.80,32.40,73.58,14.48,2181.17,195.25,4.70,0.56,40.63,3.04,7.63,2.46,0.09,0.20,4.24,1.54,3.44,4.02,2.86,5.02,13.18,22.92,60.96,9.01,4.04,4.94,81042.53,14578.24,3458.40,15696.72,2637.62,31836.64,1236.94,168.54,123.12,12212.52,387.17,403.97,134.71,2453.44,102.81,49.16,28.77,149.22,94.54,104.94,47.36,105.73,20.80,3118.51,279.16,5.98,0.72,50.86,3.81,9.50,3.07,0.11,0.26,5.01,1.83,4.65,5.44,3.81,6.69,14.72,25.59,65.67,9.70,4.58,5.61
32.90,32.9,27/11/2025 18:07:32,3.177,6.876,,15.3,961155.0,653597.0,958876.70,7419.94,2069.79,8652.65,1449.58,15022.87,583.17,98.32,67.34,5172.86,162.77,431.38,120.06,1738.28,73.01,29.07,17.17,120.82,53.14,74.80,32.75,89.66,17.10,2113.03,188.75,3.95,0.52,54.01,4.88,8.00,2.48,0.00,0.00,3.96,1.54,2.29,4.06,3.27,5.04,18.30,22.78,61.71,9.17,4.13,4.96,80595.15,12304.31,3432.29,16348.85,2738.93,32138.96,1247.60,225.29,154.30,12916.14,406.42,519.64,144.63,2432.21,102.16,48.51,28.65,215.69,94.87,109.32,47.87,128.82,24.56,3021.10,269.87,5.03,0.66,67.60,6.11,9.96,3.09,0.00,0.00,4.68,1.82,3.09,5.48,4.36,6.72,20.44,25.43,66.48,9.87,4.68,5.62
33.00,33.0,27/11/2025 18:08:14,1.357,6.215,,15.3,964487.0,651454.0,959763.79,6708.59,1991.32,8481.14,1422.58,15014.38,582.93,55.90,43.89,4777.32,152.18,414.38,118.51,1853.43,74.06,44.57,20.55,110.96,53.00,87.34,34.96,47.60,9.81,2467.96,222.21,4.47,0.55,55.94,5.16,7.63,2.43,0.00,0.00,6.18,1.67,3.20,4.07,3.82,5.05,21.20,22.77,65.61,9.39,4.58,4.98,78617.89,11124.69,3302.15,16024.79,2687.91,32120.79,1247.07,128.08,100.56,11928.50,379.97,499.16,142.76,2593.33,103.63,74.36,34.28,198.09,94.61,127.65,51.10,68.39,14.09,3528.54,317.71,5.69,0.70,70.03,6.46,9.50,3.03,0.00,0.00,7.31,1.98,4.32,5.50,5.10,6.73,23.67,25.43,70.68,10.12,5.20,5.65
33.10,33.1,27/11/2025 18:08:47,2.231,6.217,1181252.795,15.3,965810.0,655148.0,958411.72,8213.99,2117.55,8114.58,1369.67,14685.70,572.72,77.90,56.43,4755.48,151.24,417.04,118.61,1882.69,74.31,35.38,17.66,103.01,53.28,74.40,32.79,150.49,27.33,2903.72,263.60,4.18,0.54,62.25,6.14,8.74,2.54,0.00,0.00,4.33,1.59,3.68,4.16,4.85,5.16,10.54,22.93,70.85,9.59,4.47,5.14,80483.31,13621.05,3511.48,15332.19,2587.95,31417.63,1225.23,178.49,129.29,11873.96,377.63,502.37,142.87,2634.28,103.97,59.03,29.47,183.89,95.11,108.75,47.92,216.24,39.27,4151.58,376.88,5.32,0.69,77.92,7.68,10.88,3.16,0.00,0.00,5.12,1.88,4.98,5.62,6.47,6.88,11.77,25.61,76.32,10.33,5.07,5.83
33.20,33.2,27/11/2025 18:09:20,3.531,6.022,,15.3,976693.0,659211.0,955239.92,8893.39,2070.60,9084.55,1514.52,15335.04,594.31,54.08,42.72,4964.76,157.27,546.96,132.38,2045.63,76.88,82.63,30.27,95.72,54.04,75.46,33.35,96.82,18.48,3292.40,300.74,5.10,0.60,78.29,9.01,10.11,2.61,0.00,0.00,3.41,1.62,3.82,4.29,3.24,5.32,19.00,23.34,65.83,9.54,3.82,5.19,86253.48,14747.70,3433.63,17164.92,2861.63,32806.79,1271.42,123.91,97.89,12396.53,392.68,658.87,159.46,2862.26,107.57,137.87,50.50,170.88,96.48,110.29,48.74,139.11,26.55,4707.29,429.98,6.49,0.76,98.00,11.28,12.59,3.25,0.00,0.00,4.03,1.92,5.17,5.79,4.32,7.09,21.21,26.06,70.91,10.28,4.34,5.89
33.30,33.3,27/11/2025 18:09:53,3.666,6.484,,15.2,983128.0,662631.0,956532.33,7849.43,2155.30,8515.59,1431.26,15715.30,606.78,54.62,43.08,5010.94,158.52,493.27,127.44,2023.31,76.71,137.06,38.83,114.16,54.47,86.51,35.39,76.14,15.04,3208.75,292.80,5.00,0.60,68.38,7.13,10.72,2.61,0.00,0.00,4.34,1.64,3.81,4.28,5.14,5.38,14.11,23.46,66.07,9.72,5.03,5.14,84259.97,13016.53,3574.08,16089.89,2704.31,33620.28,1298.11,125.15,98.72,12511.84,395.80,594.19,153.51,2831.03,107.33,228.68,64.79,203.79,97.24,126.44,51.72,109.39,21.60,4587.69,418.63,6.36,0.76,85.59,8.93,13.35,3.25,0.00,0.00,5.14,1.94,5.14,5.78,6.85,7.17,15.76,26.19,71.17,10.47,5.71,5.83
33.40,33.4,27/11/2025 18:10:26,3.756,6.152,,15.3,974329.0,658172.0,958416.38,7686.94,2129.87,8302.57,1399.24,14974.05,582.42,168.05,103.21,5178.25,162.86,308.69,110.08,1880.07,75.15,14.18,17.43,112.12,53.88,76.80,33.40,35.69,7.66,2673.24,241.81,4.53,0.56,57.70,5.41,9.19,2.51,0.00,0.00,4.32,1.57,3.37,4.14,2.12,5.15,27.45,23.18,59.78,9.25,4.52,5.07,81197.54,12747.06,3531.92,15687.39,2643.81,32034.51,1246.00,385.06,236.49,12929.59,406.65,371.84,132.60,2630.60,105.15,23.66,29.09,200.15,96.19,112.25,48.82,51.28,11.01,3822.05,345.73,5.77,0.71,72.23,6.77,11.44,3.13,0.00,0.00,5.11,1.85,4.56,5.59,2.83,6.87,30.65,25.88,64.39,9.97,5.13,5.75
33.50,33.5,27/11/2025 18:11:09,1.960,5.821,,15.3,980226.0,661969.0,958443.74,7573.13,2133.21,8348.22,1406.55,15229.40,590.89,48.06,59.67,4907.49,155.77,479.76,125.81,1903.05,75.14,54.56,23.87,80.55,53.78,71.01,32.55,83.47,16.32,2623.15,237.11,4.74,0.58,39.91,2.93,8.72,2.47,0.00,0.00,5.00,1.56,2.89,4.18,3.07,5.17,14.68,23.31,72.54,9.62,2.88,5.04,80904.61,12558.34,3537.44,15773.65,2657.62,32580.79,1264.12,110.12,136.73,12253.52,388.93,577.92,151.55,2662.76,105.13,91.03,39.82,143.80,96.01,103.78,47.57,119.93,23.44,3750.43,339.01,6.03,0.74,49.95,3.67,10.86,3.07,0.00,0.00,5.91,1.85,3.91,5.65,4.09,6.90,16.39,26.02,78.14,10.36,3.27,5.72
33.60,33.6,27/11/2025 18:11:42,3.484,7.078,1181252.069,15.2,980160.0,664757.0,956440.17,8650.14,2046.04,9003.54,1501.06,14827.91,576.99,64.76,48.66,5052.76,159.67,466.48,125.54,1937.03,76.25,115.12,35.62,145.02,54.54,82.24,34.54,120.18,22.52,2972.49,270.24,4.99,0.60,14.70,0.74,6.79,2.56,0.00,0.00,7.32,1.88,3.26,4.23,3.69,5.27,13.49,23.29,63.61,9.45,4.32,5.21,84248.32,14344.32,3392.89,17011.86,2836.19,31721.86,1234.38,148.40,111.50,12616.26,398.69,561.92,151.22,2710.30,106.68,192.08,59.44,258.89,97.36,120.20,50.49,172.68,32.36,4249.90,386.38,6.35,0.76,18.40,0.92,8.45,3.18,0.00,0.00,8.65,2.23,4.40,5.71,4.92,7.03,15.06,26.01,68.52,10.18,4.90,5.91
33.70,33.7,27/11/2025 18:12:15,4.015,7.341,,15.2,985546.0,661479.0,955754.70,8677.99,2113.47,8924.29,1492.26,15534.73,601.78,107.91,72.59,4841.00,154.03,523.19,131.15,2001.68,76.82,88.12,31.52,126.98,54.83,84.23,35.07,159.07,29.07,3054.17,278.03,4.93,0.59,14.47,0.72,8.13,2.58,0.00,0.00,5.49,1.63,2.86,4.26,2.92,5.28,13.82,23.51,65.46,9.53,3.85,5.17,85483.51,14390.50,3504.71,16862.12,2819.58,33233.99,1287.40,247.27,166.33,12087.50,384.61,630.23,157.99,2800.76,107.49,147.03,52.59,226.69,97.88,123.11,51.26,228.56,41.77,4366.68,397.51,6.27,0.74,18.11,0.90,10.12,3.22,0.00,0.00,6.50,1.93,3.87,5.75,3.89,7.03,15.43,26.25,70.52,10.26,4.37,5.86
33.80,33.8,27/11/2025 18:12:48,3.877,7.605,,15.3,969858.0,653536.0,958843.85,7297.82,2083.03,8273.42,1393.21,15169.03,588.43,145.85,91.68,4908.64,155.62,430.17,120.96,1839.07,74.21,75.44,28.46,102.08,53.16,74.93,32.94,99.97,18.94,2565.73,231.49,4.51,0.56,57.80,5.43,9.92,2.53,0.00,0.00,5.98,1.63,3.99,4.13,4.99,5.11,16.34,22.95,67.47,9.39,3.00,4.99,80301.25,12101.80,3454.24,15632.32,2632.42,32451.64,1258.85,334.19,210.07,12256.41,388.57,518.18,145.71,2573.24,103.84,125.87,47.49,182.23,94.90,109.52,48.14,143.64,27.21,3668.33,330.97,5.75,0.71,72.35,6.80,12.35,3.14,0.00,0.00,7.07,1.92,5.39,5.57,6.65,6.81,18.25,25.62,72.68,10.12,3.40,5.66
33.90,33.9,27/11/2025 18:13:20,2.816,7.339,,15.4,961149.0,651043.0,956390.10,8717.71,2128.03,8897.96,1487.27,15695.72,605.55,96.73,65.92,4782.10,151.76,372.25,114.64,1799.47,73.98,135.46,37.88,124.61,53.42,73.69,32.64,110.37,20.47,2650.14,239.18,4.77,0.57,51.10,4.37,9.43,2.48,0.00,0.00,5.18,1.59,1.36,4.13,2.27,5.15,10.88,22.93,63.33,9.27,5.37,5.07,84658.45,14456.37,3528.86,16812.37,2810.14,33578.40,1295.46,221.64,151.05,11940.45,378.94,448.41,138.10,2517.83,103.52,226.01,63.20,222.44,95.36,107.70,47.70,158.58,29.41,3789.02,341.96,6.07,0.72,63.97,5.47,11.74,3.09,0.00,0.00,6.13,1.89,1.84,5.57,3.03,6.86,12.15,25.61,68.22,9.98,6.09,5.75
34.00,34.0,27/11/2025 18:14:03,3.175,1.721,,15.3,971413.0,653244.0,955967.34,9047.36,2139.27,8927.07,1492.34,15633.55,604.34,83.78,59.69,4739.07,150.96,401.27,118.40,1861.26,75.09,110.17,34.81,121.44,53.91,74.85,33.10,104.48,19.74,2756.38,249.43,4.85,0.58,70.08,7.51,7.95,2.45,0.00,0.00,4.40,1.59,2.98,4.20,3.60,5.17,9.36,23.16,64.52,9.33,4.26,5.15,85232.02,15003.01,3547.50,16867.37,2819.73,33445.39,1292.88,191.96,136.76,11832.99,376.93,483.37,142.63,2604.28,105.07,183.82,58.08,216.80,96.24,109.39,48.38,150.12,28.36,3940.92,356.62,6.18,0.74,87.72,9.40,9.89,3.05,0.00,0.00,5.20,1.88,4.02,5.67,4.80,6.89,10.45,25.86,69.50,10.05,4.84,5.85
34.10,34.1,27/11/2025 18:14:36,4.142,6.548,1181252.199,15.3,965791.0,652323.0,958320.25,8551.62,2058.73,8223.46,1382.33,14383.16,561.78,66.79,49.47,4814.99,153.06,378.00,114.95,1861.98,74.35,33.66,17.28,136.23,53.51,63.27,30.95,155.74,28.19,2852.63,258.68,4.85,0.58,42.71,3.25,9.54,2.43,0.00,0.00,4.25,1.56,4.05,4.15,2.18,5.11,28.05,22.89,58.76,9.20,3.81,5.06,80603.52,14180.94,3413.94,15537.92,2611.86,30770.39,1201.83,153.05,113.35,12022.57,382.17,455.34,138.47,2605.30,104.04,56.17,28.84,243.20,95.53,92.48,45.24,223.78,40.51,4078.53,369.84,6.17,0.73,53.46,4.07,11.88,3.02,0.00,0.00,5.02,1.85,5.48,5.61,2.91,6.81,31.32,25.55,63.29,9.91,4.32,5.74
34.20,34.2,27/11/2025 18:15:09,3.671,5.954,,15.4,952875.0,642581.0,958484.39,8632.45,2076.54,8022.27,1353.03,14649.14,570.70,63.67,48.15,4797.58,152.32,406.56,116.32,1822.51,73.31,32.74,17.09,89.29,52.34,78.13,33.17,192.24,34.25,2543.41,229.08,5.05,0.58,71.68,7.90,8.06,2.38,0.00,0.00,4.10,1.54,2.32,4.06,2.76,5.04,17.01,22.61,71.22,9.37,3.44,4.98,80435.28,14314.98,3443.48,15157.78,2556.51,31339.41,1220.91,145.89,110.34,11979.10,380.32,489.74,140.12,2550.07,102.58,54.62,28.51,159.41,93.43,114.19,48.48,276.21,49.21,3636.43,327.52,6.43,0.74,89.72,9.89,10.04,2.97,0.00,0.00,4.85,1.82,3.13,5.49,3.69,6.72,18.99,25.24,76.72,10.10,3.90,5.65
34.30,34.3,27/11/2025 18:15:42,3.333,6.352,,15.4,953889.0,641439.0,958847.11,8003.09,2091.07,8265.09,1390.61,14823.84,576.33,169.79,103.38,4651.47,148.23,512.42,126.10,1723.77,72.20,97.67,32.20,118.11,52.55,67.00,31.27,131.68,23.97,2446.16,219.88,4.21,0.54,38.67,2.79,8.41,2.47,0.00,0.00,4.29,1.53,2.54,4.03,3.29,4.97,9.53,22.58,68.44,9.26,3.42,4.96,79957.26,13271.34,3467.57,15616.57,2627.51,31713.16,1232.97,389.05,236.88,11614.28,370.13,617.26,151.90,2411.91,101.03,162.97,53.73,210.85,93.81,97.93,45.71,189.20,34.44,3497.38,314.37,5.36,0.69,48.41,3.50,10.47,3.08,0.00,0.00,5.08,1.81,3.43,5.44,4.39,6.63,10.64,25.21,73.72,9.97,3.87,5.63
34.40,34.4,27/11/2025 18:16:14,3.134,5.759,,15.5,940750.0,630831.0,959469.30,8198.88,2010.64,8874.89,1479.52,14525.35,565.82,43.18,58.29,4320.11,139.22,387.60,113.39,1666.77,71.08,16.40,16.74,115.56,51.83,89.16,34.84,144.02,25.66,1998.86,177.74,4.04,0.52,38.84,2.84,6.45,2.37,0.00,0.00,4.70,1.51,3.06,3.87,3.27,4.81,27.14,22.24,58.07,8.81,4.33,4.81,78726.66,13596.01,3334.19,16768.78,2795.51,31074.59,1210.48,98.94,133.56,10786.89,347.61,466.91,136.59,2332.16,99.46,27.37,27.94,206.29,92.53,130.31,50.91,206.93,36.87,2857.86,254.12,5.14,0.67,48.62,3.56,8.03,2.95,0.00,0.00,5.56,1.79,4.14,5.23,4.37,6.41,30.31,24.83,62.56,9.49,4.91,5.46
34.50,34.5,27/11/2025 18:16:57,3.126,6.152,,15.5,943641.0,635734.0,959988.33,7011.90,2048.92,8182.15,1376.82,15025.88,582.11,95.81,65.37,4668.54,148.62,401.74,115.07,1789.11,72.47,85.38,29.71,115.28,51.76,82.74,33.70,167.30,29.74,2217.11,198.18,4.95,0.56,73.40,8.30,9.77,2.37,0.00,0.00,3.61,1.53,2.89,3.99,2.75,4.85,9.43,22.23,58.25,8.89,3.67,4.88,78175.71,11627.67,3397.67,15459.86,2601.45,32145.38,1245.33,219.53,149.79,11656.89,371.08,483.94,138.61,2503.34,101.40,142.46,49.56,205.79,92.39,120.94,49.26,240.39,42.73,3169.90,283.34,6.30,0.71,91.89,10.39,12.16,2.95,0.00,0.00,4.27,1.81,3.91,5.38,3.67,6.46,10.53,24.82,62.75,9.58,4.17,5.53
34.60,34.6,27/11/2025 18:17:30,1.665,5.954,1181252.530,15.5,942710.0,636993.0,961482.68,7271.99,1993.12,7879.70,1327.79,13975.84,546.10,193.69,114.20,4440.59,141.79,390.15,113.58,1701.22,71.12,32.61,16.85,87.23,51.40,58.42,29.58,100.74,18.75,2222.74,198.90,4.57,0.54,59.84,5.85,9.28,2.38,0.00,0.00,4.09,1.47,3.21,3.89,2.41,4.85,15.84,22.22,58.26,9.02,4.91,4.94,75037.11,12058.96,3305.14,14888.41,2508.81,29898.99,1168.29,443.81,261.69,11087.73,354.03,469.98,136.82,2380.36,99.52,54.41,28.11,155.72,91.77,85.38,43.23,144.75,26.94,3177.95,284.38,5.82,0.69,74.91,7.33,11.55,2.97,0.00,0.00,4.84,1.74,4.34,5.26,3.21,6.47,17.68,24.81,62.76,9.72,5.57,5.61
34.70,34.7,27/11/2025 18:18:03,0.495,5.822,,15.4,954065.0,644871.0,957779.14,8815.67,2050.93,8276.22,1390.48,14655.80,570.93,171.21,104.07,4872.94,153.90,444.38,120.26,1834.32,73.69,59.46,24.57,117.08,52.83,77.48,33.14,123.04,22.55,2622.87,236.62,4.67,0.55,37.02,2.59,7.99,2.47,0.00,0.00,3.43,1.55,2.37,4.06,2.70,5.02,20.95,22.69,67.98,9.39,3.29,5.00,81793.26,14618.82,3401.01,15637.61,2627.26,31353.65,1221.40,392.32,238.47,12167.26,384.26,535.30,144.86,2566.59,103.11,99.20,40.99,209.01,94.32,113.24,48.43,176.79,32.40,3750.03,338.30,5.95,0.71,46.34,3.24,9.95,3.07,0.00,0.00,4.05,1.83,3.20,5.48,3.60,6.70,23.39,25.34,73.23,10.12,3.73,5.67
34.80,34.8,27/11/2025 18:18:36,-0.014,5.953,,15.4,955502.0,641987.0,960043.02,7296.71,2028.51,8157.32,1372.93,14534.33,566.33,120.36,77.55,4671.08,148.85,331.02,109.83,1782.07,72.77,29.92,16.94,96.42,52.18,88.18,34.90,148.97,26.82,2545.02,229.33,4.59,0.54,39.30,2.86,8.43,2.42,0.00,0.00,4.84,1.54,1.68,3.99,3.62,4.91,22.91,22.49,66.67,9.04,3.50,4.97,77821.45,12099.96,3363.83,15412.96,2594.11,31093.81,1211.58,275.79,177.69,11663.24,371.67,398.75,132.30,2493.48,101.83,49.92,28.26,172.14,93.15,128.88,51.01,214.05,38.54,3638.73,327.89,5.85,0.69,49.20,3.58,10.50,3.01,0.00,0.00,5.73,1.82,2.27,5.39,4.83,6.55,25.58,25.11,71.82,9.74,3.97,5.64
34.90,34.9,27/11/2025 18:19:09,-0.615,6.811,,15.3,970603.0,650014.0,958445.65,7767.41,2116.28,8133.04,1374.16,14868.27,579.27,143.37,91.03,5087.23,160.70,536.57,130.35,1788.15,73.83,33.38,17.44,112.02,53.77,78.46,33.61,218.01,39.17,2662.07,240.58,4.66,0.57,17.95,0.94,10.04,2.54,0.00,0.00,5.16,1.56,3.68,4.12,3.48,5.12,8.75,23.08,68.03,9.45,4.64,4.99,80869.55,12880.52,3509.37,15367.07,2596.42,31808.20,1239.26,328.52,208.58,12702.32,401.25,646.36,157.01,2501.98,103.30,55.70,29.09,199.98,95.99,114.67,49.12,313.25,56.27,3806.08,343.97,5.92,0.72,22.47,1.17,12.49,3.16,0.00,0.00,6.10,1.84,4.96,5.56,4.64,6.83,9.77,25.77,73.28,10.18,5.26,5.66
35.00,35.0,27/11/2025 18:19:52,-2.751,6.022,,15.3,977545.0,653005.0,957359.50,6743.49,2039.15,9015.29,1505.73,15489.48,599.48,150.65,94.29,5008.08,158.31,522.83,129.83,2003.23,76.11,38.95,19.12,102.90,54.10,76.22,33.39,215.86,38.73,3140.26,286.17,5.07,0.59,22.60,1.25,7.70,2.50,0.00,0.00,8.04,1.92,2.04,4.22,2.65,5.18,18.54,23.30,62.43,9.43,4.21,5.14,82949.26,11182.56,3381.48,17034.05,2845.01,33137.18,1282.48,345.20,216.06,12504.70,395.28,629.80,156.40,2802.93,106.49,64.98,31.91,183.69,96.58,111.40,48.80,310.16,55.65,4489.77,409.14,6.46,0.75,28.29,1.57,9.58,3.11,0.00,0.00,9.51,2.27,2.75,5.71,3.53,6.91,20.70,26.01,67.25,10.16,4.78,5.83
35.10,35.1,27/11/2025 18:20:25,-2.453,14.687,1181244.130,15.2,984070.0,664341.0,956774.98,7880.44,2123.17,8512.99,1430.26,15597.95,603.32,195.21,117.22,5172.23,163.07,404.59,121.87,1900.69,76.08,81.51,30.17,65.48,53.98,86.00,35.34,240.55,43.54,2940.15,267.19,4.99,0.59,28.86,1.77,8.92,2.50,0.00,0.00,4.99,1.62,3.65,4.24,3.52,5.25,16.51,23.47,68.42,9.62,7.39,5.29,84128.32,13067.94,3520.80,16084.97,2702.42,33369.24,1290.71,447.29,268.60,12914.57,407.17,487.37,146.80,2659.46,106.45,136.00,50.34,116.89,96.36,125.70,51.65,345.64,62.56,4203.65,382.01,6.35,0.75,36.12,2.21,11.10,3.11,0.00,0.00,5.90,1.91,4.93,5.73,4.69,7.01,18.43,26.21,73.70,10.37,8.38,6.00
35.20,35.2,27/11/2025 18:20:58,-1.064,14.222,,15.2,980510.0,663213.0,957838.71,7880.25,2098.14,8490.40,1428.01,15276.00,593.28,32.42,29.01,5136.01,161.84,465.34,125.64,1863.23,75.17,36.87,18.33,124.46,54.25,58.83,30.67,145.48,26.76,2493.24,224.72,4.61,0.57,45.03,3.56,10.72,2.56,0.00,0.00,4.49,1.57,3.07,4.22,2.95,5.18,18.40,23.27,65.57,9.42,3.91,5.00,82184.40,13067.63,3479.30,16042.29,2698.17,32680.49,1269.22,74.29,66.47,12824.12,404.09,560.56,151.35,2607.04,105.17,61.52,30.58,222.18,96.85,85.98,44.82,209.04,38.46,3564.69,321.29,5.87,0.73,56.37,4.46,13.35,3.18,0.00,0.00,5.31,1.86,4.14,5.71,3.94,6.90,20.54,25.98,70.64,10.15,4.44,5.68
35.30,35.3,27/11/2025 18:21:31,0.835,13.891,,15.2,985262.0,668529.0,956328.80,8239.99,2169.73,8868.17,1486.97,15824.78,611.69,73.31,54.53,5417.06,169.67,403.55,121.59,1869.82,75.98,49.80,22.63,119.43,54.58,71.12,32.69,76.03,15.03,2514.87,226.70,5.16,0.59,22.20,1.23,8.85,2.46,0.00,0.00,3.09,1.57,6.18,4.28,2.75,5.23,27.75,23.45,62.81,9.37,4.47,5.13,85340.87,13664.17,3598.00,16756.08,2809.57,33854.50,1308.62,167.98,124.94,13525.89,423.66,486.11,146.46,2616.26,106.31,83.09,37.75,213.20,97.43,103.95,47.78,109.25,21.59,3595.62,324.13,6.57,0.75,27.78,1.54,11.02,3.06,0.00,0.00,3.66,1.86,8.34,5.78,3.67,6.98,30.99,26.19,67.66,10.09,5.07,5.82
35.40,35.4,27/11/2025 18:22:04,1.730,14.356,,15.2,979759.0,665338.0,955662.23,8269.20,2180.83,9246.05,1543.82,16093.07,620.16,92.09,64.70,5454.07,170.57,481.91,127.97,1855.74,75.36,35.40,17.77,90.55,53.99,83.96,34.86,89.62,17.26,2430.32,218.56,4.92,0.58,6.66,0.31,6.65,2.43,0.00,0.00,3.14,1.57,2.73,4.26,2.45,5.24,23.75,23.34,61.86,9.29,3.65,5.08,86695.27,13712.62,3616.42,17470.06,2917.00,34428.47,1326.73,211.01,148.25,13618.29,425.90,580.51,154.15,2596.56,105.44,59.06,29.65,161.64,96.38,122.71,50.95,128.76,24.80,3474.73,312.49,6.27,0.74,8.34,0.39,8.27,3.02,0.00,0.00,3.71,1.86,3.69,5.76,3.26,6.99,26.51,26.06,66.64,10.01,4.14,5.76
35.50,35.5,27/11/2025 18:22:48,1.533,14.022,,15.3,974832.0,661471.0,955409.27,9223.84,2152.29,8938.99,1495.05,16116.11,620.81,116.68,77.38,5037.20,159.13,493.17,127.49,1848.92,75.21,59.24,24.99,129.44,54.41,97.30,37.34,130.35,24.08,2266.61,203.22,4.83,0.57,34.46,2.32,7.94,2.50,0.00,0.00,6.15,1.69,1.26,4.12,3.22,5.19,16.32,23.28,55.48,9.01,3.21,5.05,86743.34,15295.67,3569.10,16889.88,2824.84,34477.75,1328.11,267.36,177.30,12577.42,397.34,594.07,153.58,2587.02,105.23,98.84,41.69,231.08,97.13,142.21,54.57,187.30,34.60,3240.68,290.56,6.15,0.73,43.13,2.91,9.88,3.11,0.00,0.00,7.28,1.99,1.70,5.57,4.29,6.92,18.22,25.99,59.76,9.70,3.64,5.73
35.60,35.6,27/11/2025 18:23:21,1.819,6.943,1181252.200,15.3,963536.0,661031.0,959939.29,7058.89,2052.72,8280.24,1392.69,15254.02,590.26,97.38,65.91,4513.41,144.50,460.46,121.56,1817.96,73.39,28.86,17.22,96.08,52.88,68.44,31.66,63.48,12.67,2160.89,193.35,4.59,0.56,46.85,3.86,8.11,2.43,0.00,0.00,4.20,1.50,3.97,4.10,4.44,5.07,18.04,22.81,66.87,9.31,3.53,4.91,78262.74,11705.59,3403.97,15645.20,2631.44,32633.45,1262.76,223.14,151.03,11269.55,360.81,554.67,146.43,2543.70,102.69,48.16,28.73,171.52,94.41,100.02,46.27,91.21,18.21,3089.52,276.44,5.84,0.71,58.64,4.83,10.10,3.02,0.00,0.00,4.96,1.78,5.37,5.53,5.92,6.76,20.15,25.47,72.04,10.02,4.01,5.57
35.70,35.7,27/11/2025 18:23:53,-0.194,7.474,,15.3,975600.0,662971.0,955180.82,9072.01,2119.59,9093.83,1517.51,15746.43,608.30,74.02,54.50,5076.71,159.99,480.30,125.80,1973.22,76.33,31.43,17.63,132.26,54.62,92.14,36.44,82.07,16.03,2824.67,255.98,4.74,0.58,24.67,1.42,8.60,2.51,0.00,0.00,3.44,1.59,5.15,4.27,2.72,5.29,21.15,23.36,66.12,9.56,3.53,5.11,86839.18,15043.89,3514.87,17182.45,2867.28,33686.89,1301.37,169.60,124.88,12676.05,399.48,578.57,151.54,2760.94,106.80,52.45,29.42,236.11,97.50,134.67,53.26,117.91,23.03,4038.55,365.98,6.03,0.73,30.88,1.77,10.70,3.13,0.00,0.00,4.07,1.88,6.95,5.76,3.62,7.05,23.61,26.08,71.22,10.30,4.00,5.80
35.80,35.8,27/11/2025 18:24:26,-1.379,6.481,,15.3,980343.0,663088.0,953338.88,9977.65,2181.06,8672.90,1453.89,16185.57,622.80,47.41,59.73,5013.79,158.65,508.79,129.13,2065.99,77.71,57.69,24.74,126.32,54.94,59.57,31.04,174.15,31.56,3626.39,332.84,4.44,0.58,29.02,1.77,8.95,2.63,0.00,0.00,4.57,1.65,1.96,4.41,3.48,5.47,17.42,23.55,68.20,9.77,6.84,5.37,89700.76,16545.70,3616.80,16387.13,2747.07,34626.36,1332.37,108.62,136.86,12518.95,396.13,612.89,155.55,2890.75,108.73,96.25,41.27,225.51,98.08,87.07,45.37,250.22,45.34,5184.81,475.87,5.65,0.74,36.32,2.21,11.14,3.27,0.00,0.00,5.41,1.96,2.65,5.96,4.64,7.30,19.45,26.29,73.47,10.52,7.76,6.09
35.90,35.9,27/11/2025 18:25:00,-0.557,7.014,,15.3,966700.0,655588.0,958044.87,7981.77,2085.85,8346.37,1402.79,14722.27,573.01,96.41,65.21,4591.82,146.71,529.57,128.54,1882.25,74.67,68.45,27.17,99.41,53.42,89.26,35.52,131.03,24.06,3257.31,297.51,5.18,0.58,64.53,6.47,8.87,2.42,0.00,0.00,5.12,1.60,3.59,4.18,2.63,5.19,2.46,23.02,63.58,9.44,3.24,5.09,80915.09,13235.98,3458.92,15770.15,2650.53,31495.87,1225.85,220.91,149.41,11465.33,366.33,637.93,154.83,2633.66,104.48,114.21,45.34,177.46,95.36,130.45,51.91,188.27,34.56,4657.12,425.36,6.59,0.74,80.78,8.10,11.05,3.01,0.00,0.00,6.06,1.89,4.85,5.65,3.51,6.91,2.75,25.70,68.49,10.17,3.67,5.78
36.00,36.0,27/11/2025 18:25:43,0.366,5.360,,15.4,956441.0,645938.0,958918.19,8386.92,2050.94,7972.85,1344.46,14256.55,557.34,108.13,71.17,4351.22,140.13,390.79,114.44,1834.86,73.55,136.95,37.71,98.88,52.42,61.61,30.44,195.08,34.84,3150.12,287.13,4.31,0.55,32.56,2.12,9.15,2.50,0.00,0.00,4.88,1.58,3.73,4.11,4.42,5.11,11.63,22.67,63.00,9.29,4.17,5.00,79061.35,13907.82,3401.03,15064.41,2540.31,30499.54,1192.34,247.78,163.07,10864.58,349.89,470.74,137.86,2567.34,102.91,228.49,62.92,176.51,93.58,90.04,44.50,280.30,50.06,4503.86,410.53,5.49,0.70,40.76,2.65,11.39,3.12,0.00,0.00,5.77,1.87,5.04,5.55,5.90,6.81,12.99,25.31,67.86,10.01,4.73,5.67
36.10,36.1,27/11/2025 18:26:16,0.343,6.813,1181252.269,15.5,935580.0,637908.0,964011.65,5915.35,1952.10,7149.08,1216.95,12996.25,512.76,72.77,50.60,4106.94,132.33,420.51,112.86,1810.16,71.05,66.61,25.55,123.00,50.96,73.65,31.75,198.20,35.20,2926.10,265.79,3.64,0.51,34.84,2.39,7.80,2.44,0.00,0.00,4.83,1.51,1.72,3.91,3.83,4.93,11.70,21.82,58.63,8.92,2.75,4.77,69638.37,9809.28,3237.13,13507.91,2299.37,27803.32,1096.97,166.75,115.95,10254.63,330.43,506.55,135.95,2532.78,99.42,111.14,42.64,219.58,90.96,107.64,46.40,284.77,50.58,4183.57,380.01,4.63,0.65,43.61,2.99,9.71,3.04,0.00,0.00,5.71,1.78,2.32,5.28,5.11,6.57,13.07,24.36,63.16,9.60,3.12,5.41
36.20,36.2,27/11/2025 18:26:50,0.449,7.007,,15.5,927163.0,632351.0,963095.32,6633.52,1938.01,7303.82,1239.26,13115.87,516.96,73.09,51.20,4050.32,131.22,418.96,112.93,1801.95,70.87,37.37,17.64,100.24,50.60,55.13,28.72,186.77,33.03,2962.62,269.10,4.25,0.54,59.42,5.73,9.05,2.39,0.00,0.00,4.61,1.49,3.42,3.97,2.81,4.84,16.01,21.80,61.42,9.07,4.01,4.84,71185.98,11000.20,3213.75,13800.30,2341.53,28059.24,1105.96,167.49,117.32,10113.26,327.64,504.68,136.03,2521.30,99.16,62.36,29.43,178.95,90.33,80.57,41.98,268.37,47.45,4235.79,384.74,5.41,0.68,74.37,7.18,11.27,2.97,0.00,0.00,5.45,1.77,4.62,5.37,3.75,6.45,17.88,24.34,66.17,9.77,4.55,5.49
36.30,36.3,27/11/2025 18:27:23,1.804,6.678,,15.6,912361.0,620580.0,965009.19,6720.51,1897.70,7041.15,1197.43,12311.04,489.42,65.88,46.78,3698.06,121.25,323.09,102.09,1698.27,68.95,64.57,24.73,83.67,49.29,72.04,31.01,218.60,38.47,2523.46,227.15,4.40,0.53,68.46,7.45,7.84,2.28,0.00,0.00,4.32,1.46,2.17,3.80,2.13,4.65,8.95,21.35,68.09,8.95,4.12,4.70,67420.29,11144.45,3146.90,13304.00,2262.50,26337.43,1047.03,150.96,107.18,9233.70,302.75,389.19,122.97,2376.22,96.47,107.73,41.26,149.37,87.99,105.29,45.32,314.10,55.28,3607.90,324.76,5.61,0.68,85.69,9.33,9.76,2.83,0.00,0.00,5.10,1.72,2.94,5.13,2.84,6.20,10.00,23.83,73.35,9.64,4.67,5.33
36.40,36.4,27/11/2025 18:27:56,2.065,6.478,,15.7,903967.0,615943.0,967396.85,6339.22,1827.17,6444.87,1104.78,11528.92,461.67,87.63,57.18,3405.78,113.13,344.94,103.16,1532.34,66.81,30.13,15.80,121.69,48.92,62.71,29.05,101.30,18.36,2470.11,222.19,4.07,0.51,39.93,3.01,7.66,2.30,0.00,0.00,4.35,1.42,4.29,3.73,2.30,4.55,12.06,20.91,55.58,8.48,3.26,4.54,62810.10,10512.17,3029.96,12177.34,2087.44,24664.22,987.67,200.80,131.01,8503.90,282.47,415.51,124.26,2144.06,93.48,50.28,26.37,217.25,87.32,91.65,42.46,145.55,26.38,3531.63,317.68,5.17,0.65,49.98,3.77,9.54,2.87,0.00,0.00,5.15,1.68,5.80,5.04,3.06,6.06,13.47,23.35,59.87,9.13,3.70,5.15
36.50,36.5,27/11/2025 18:28:40,1.977,7.540,,15.7,896815.0,614099.0,966679.98,6813.82,1910.82,6390.03,1098.38,11847.60,473.00,27.91,53.13,3387.29,112.49,315.29,99.45,1568.05,66.66,20.47,15.63,101.82,48.33,76.23,31.30,174.58,30.44,2421.33,217.41,4.42,0.52,61.27,6.19,9.04,2.32,0.00,0.00,4.34,1.43,2.75,3.69,2.99,4.56,27.37,20.82,59.40,8.52,4.04,4.65,64059.98,11299.19,3168.66,12073.71,2075.34,25345.99,1011.90,63.95,121.74,8457.73,280.88,379.80,119.80,2194.02,93.28,34.16,26.08,181.76,86.28,111.42,45.75,250.85,43.73,3461.88,310.84,5.62,0.66,76.69,7.75,11.25,2.89,0.00,0.00,5.13,1.69,3.72,4.98,3.98,6.08,30.56,23.25,63.99,9.18,4.58,5.27
36.60,36.6,27/11/2025 18:29:13,2.130,7.673,1181251.672,15.7,887924.0,610559.0,969873.46,5537.59,1755.51,5758.23,998.88,11123.36,447.37,59.72,41.65,3106.31,104.13,334.65,99.99,1521.01,65.39,28.05,15.46,85.54,47.46,66.37,29.25,96.63,17.42,2260.74,202.29,4.13,0.50,56.80,5.51,7.15,2.19,0.00,0.00,3.29,1.36,4.46,3.60,1.94,4.44,7.14,20.48,60.18,8.49,3.24,4.49,58125.61,9182.86,2911.12,10879.96,1887.36,23796.60,957.08,136.84,95.44,7756.16,260.00,403.12,120.45,2128.20,91.49,46.80,25.80,152.71,84.72,97.00,42.75,138.84,25.03,3232.28,289.22,5.26,0.63,71.10,6.89,8.90,2.72,0.00,0.00,3.90,1.61,6.02,4.86,2.58,5.92,7.97,22.86,64.83,9.14,3.68,5.09
36.70,36.7,27/11/2025 18:29:46,1.831,7.212,,15.7,884711.0,608261.0,969307.84,5656.59,1766.87,6176.28,1060.74,11024.09,443.57,78.03,51.26,3128.82,104.96,383.83,104.03,1529.90,65.25,41.39,18.11,112.67,47.55,77.58,31.22,61.42,11.61,2239.64,200.22,3.83,0.50,76.68,9.33,8.26,2.26,0.00,0.00,5.12,1.41,3.77,3.63,4.79,4.45,13.56,20.38,62.18,8.59,3.73,4.54,59117.41,9380.19,2929.96,11669.85,2004.22,23584.23,948.95,178.80,117.46,7812.37,262.08,462.36,125.32,2140.64,91.30,69.06,30.21,201.14,84.88,113.39,45.63,88.25,16.68,3202.10,286.27,4.88,0.63,95.98,11.68,10.28,2.82,0.00,0.00,6.05,1.67,5.09,4.90,6.39,5.93,15.14,22.76,66.98,9.25,4.23,5.15
36.80,36.8,27/11/2025 18:30:19,1.402,7.343,,15.8,882301.0,604339.0,971538.57,3979.77,1691.26,6082.20,1046.50,10520.29,426.73,37.82,51.69,3441.51,113.61,78.92,64.82,1474.21,64.37,58.36,22.49,90.64,46.85,71.28,29.85,128.28,22.43,2303.14,206.26,4.34,0.51,102.03,15.65,7.93,2.34,0.00,0.00,4.29,1.39,3.39,3.56,2.86,4.35,11.42,20.22,54.29,8.31,4.47,4.52,55509.07,6599.55,2804.58,11492.08,1977.33,22506.41,912.92,86.65,118.45,8593.11,283.68,95.07,78.09,2062.72,90.06,97.37,37.52,161.81,83.63,104.18,43.63,184.32,32.23,3292.91,294.90,5.53,0.65,127.72,19.59,9.87,2.91,0.00,0.00,5.08,1.65,4.58,4.81,3.82,5.80,12.75,22.57,58.48,8.95,5.07,5.12
36.90,36.9,27/11/2025 18:30:52,1.406,7.674,,15.7,885558.0,607453.0,969960.32,5222.58,1780.02,6044.94,1044.05,10748.48,435.41,73.42,49.35,3352.80,111.13,312.65,97.50,1495.76,65.19,29.85,15.44,62.96,47.28,60.23,28.29,36.69,7.34,2401.85,215.64,3.61,0.49,97.62,14.37,9.49,2.30,0.00,0.00,2.53,1.39,3.83,3.63,2.97,4.38,9.49,20.54,64.16,8.61,3.77,4.61,58057.81,8660.48,2951.76,11421.69,1972.70,22994.59,931.49,168.24,113.08,8371.63,277.49,376.62,117.45,2092.88,91.22,49.81,25.77,112.40,84.41,88.03,41.35,52.71,10.55,3434.03,308.32,4.60,0.62,122.19,17.99,11.81,2.87,0.00,0.00,2.99,1.64,5.17,4.90,3.96,5.84,10.59,22.93,69.11,9.28,4.28,5.23
37.00,37.0,27/11/2025 18:31:35,0.984,6.744,,15.7,887720.0,607298.0,970639.51,4442.63,1739.69,6035.47,1042.02,10922.49,440.72,42.42,32.26,3177.57,106.46,426.67,108.75,1526.97,65.40,25.83,15.40,96.03,47.38,80.78,31.82,57.55,10.96,2322.99,208.16,3.82,0.49,107.45,17.10,7.79,2.23,0.00,0.00,4.11,1.38,2.65,3.58,2.19,4.43,17.14,20.41,55.63,8.38,2.32,4.43,56798.22,7367.10,2884.88,11403.80,1968.87,23366.86,942.84,97.20,73.92,7934.09,265.83,513.96,131.00,2136.54,91.50,43.10,25.69,171.43,84.59,118.06,46.51,82.69,15.75,3321.28,297.61,4.87,0.62,134.50,21.40,9.69,2.77,0.00,0.00,4.86,1.63,3.57,4.84,2.92,5.91,19.14,22.79,59.93,9.02,2.63,5.03
37.10,37.1,27/11/2025 18:32:09,1.183,9.193,1181250.021,15.7,888080.0,609110.0,970814.11,4392.39,1721.92,5651.74,984.84,10843.24,438.43,52.96,38.26,3474.32,114.22,102.33,71.34,1504.71,65.10,66.19,24.18,99.19,47.21,62.92,28.58,121.78,21.51,2639.11,238.33,4.48,0.52,80.00,10.03,8.01,2.33,0.00,0.00,3.34,1.39,5.01,3.63,3.16,4.47,10.78,20.35,55.96,8.26,4.26,4.53,56720.54,7283.79,2855.42,10678.75,1860.81,23197.33,937.96,121.35,87.66,8675.04,285.19,123.27,85.93,2105.39,91.09,110.44,40.34,177.07,84.28,91.95,41.77,174.98,30.91,3773.25,340.75,5.70,0.66,100.15,12.55,9.97,2.90,0.00,0.00,3.95,1.65,6.77,4.91,4.21,5.96,12.04,22.72,60.28,8.90,4.83,5.14
37.20,37.2,27/11/2025 18:32:41,1.334,9.651,,15.7,891564.0,611955.0,969197.64,5628.03,1752.81,6150.18,1058.97,10458.46,425.96,39.07,52.34,3491.80,114.89,343.53,101.40,1480.42,65.39,50.84,20.79,116.86,47.85,59.04,28.03,136.63,23.95,2631.73,237.53,4.03,0.50,115.49,19.24,11.00,2.39,0.00,0.00,3.53,1.43,3.62,3.72,3.74,4.51,10.32,20.48,60.18,8.63,3.88,4.64,59217.87,9332.83,2906.65,11620.53,2000.89,22374.14,911.27,89.52,119.92,8718.70,286.86,413.81,122.14,2071.41,91.49,84.83,34.69,208.61,85.42,86.29,40.97,196.31,34.41,3762.69,339.60,5.13,0.64,144.57,24.09,13.70,2.97,0.00,0.00,4.17,1.69,4.89,5.03,4.99,6.01,11.52,22.87,64.83,9.29,4.40,5.26
37.30,37.3,27/11/2025 18:33:14,0.879,10.050,,15.7,893673.0,613123.0,968830.26,5702.33,1776.91,5933.07,1026.86,11140.75,448.36,40.65,52.28,3246.59,108.65,341.25,101.54,1584.93,66.34,37.56,17.08,98.48,47.89,67.57,29.62,127.02,22.42,2646.00,238.87,4.06,0.51,101.24,15.18,8.62,2.33,0.00,0.00,3.20,1.44,5.66,3.76,2.66,4.56,12.29,20.63,63.06,8.75,2.75,4.74,59873.64,9456.04,2946.61,11210.32,1940.21,23833.80,959.20,93.14,119.78,8106.42,271.30,411.07,122.32,2217.64,92.83,62.67,28.50,175.80,85.50,98.76,43.30,182.51,32.21,3783.10,341.52,5.17,0.65,126.73,19.00,10.72,2.90,0.00,0.00,3.78,1.70,7.64,5.08,3.55,6.08,13.73,23.03,67.92,9.42,3.12,5.38
37.40,37.4,27/11/2025 18:33:47,0.857,9.121,,15.7,902583.0,617074.0,968797.46,5450.06,1822.87,6181.78,1065.83,11054.26,445.88,37.60,29.47,3353.31,111.68,383.28,106.48,1566.45,66.84,52.59,21.51,97.80,48.09,85.53,33.01,278.89,49.75,2480.04,223.14,3.91,0.51,96.82,14.01,9.23,2.40,0.00,0.00,3.41,1.43,3.23,3.75,2.93,4.55,6.65,20.72,51.74,8.52,3.02,4.65,60029.69,9037.71,3022.81,11680.25,2013.85,23648.76,953.88,86.15,67.53,8372.90,278.85,461.70,128.26,2191.79,93.53,87.75,35.88,174.59,85.86,125.00,48.25,400.73,71.48,3545.82,319.04,4.97,0.65,121.20,17.54,11.49,2.98,0.00,0.00,4.03,1.69,4.37,5.06,3.91,6.07,7.43,23.13,55.74,9.18,3.42,5.27
37.50,37.5,27/11/2025 18:34:31,0.537,8.461,,15.6,905537.0,617991.0,968899.70,5010.86,1785.37,6261.76,1078.15,11375.90,457.16,44.30,33.94,3606.23,118.74,271.17,96.62,1551.28,66.88,30.21,15.80,103.64,48.68,64.84,29.42,91.35,16.81,2471.36,222.45,4.12,0.51,115.16,19.18,9.43,2.31,0.00,0.00,2.76,1.45,2.89,3.72,2.55,4.58,14.47,20.93,63.19,8.81,2.83,4.67,60334.74,8309.40,2960.63,11831.37,2037.13,24336.87,978.02,101.51,77.76,9004.40,296.49,326.65,116.39,2170.56,93.57,50.41,26.35,185.02,86.90,94.77,43.00,131.26,24.16,3533.41,318.05,5.24,0.64,144.16,24.00,11.74,2.88,0.00,0.00,3.27,1.71,3.90,5.03,3.40,6.11,16.16,23.37,68.07,9.49,3.21,5.30
37.60,37.6,27/11/2025 18:35:04,-0.054,7.407,1181251.607,15.6,900747.0,623121.0,969471.26,5857.09,1802.07,6050.35,1045.67,11036.90,445.65,27.61,51.94,3231.08,107.97,238.90,92.47,1445.42,65.58,44.07,19.35,52.04,47.78,65.14,29.34,114.49,20.52,2189.41,195.73,3.85,0.50,89.00,12.23,7.59,2.30,0.00,0.00,4.23,1.43,2.65,3.72,4.48,4.51,4.69,20.84,56.42,8.33,3.35,4.58,58963.92,9712.66,2988.33,11431.90,1975.76,23611.62,953.39,63.26,119.02,8067.71,269.59,287.79,111.38,2022.44,91.76,73.54,32.28,92.90,85.29,95.21,42.88,164.50,29.48,3130.29,279.85,4.89,0.63,111.41,15.31,9.44,2.86,0.00,0.00,5.00,1.69,3.58,5.03,5.97,6.01,5.24,23.27,60.78,8.97,3.80,5.20
37.70,37.7,27/11/2025 18:35:37,1.009,3.171,,15.6,909789.0,623305.0,967795.07,6098.24,1846.17,6297.14,1084.82,11257.98,454.04,83.77,55.78,3838.73,124.88,190.09,88.17,1582.76,67.30,49.98,21.12,86.01,48.84,79.48,32.15,51.85,10.22,2374.23,213.22,4.33,0.52,111.41,18.06,8.22,2.29,0.00,0.00,4.46,1.43,3.72,3.77,2.77,4.62,14.75,21.12,60.56,8.74,4.43,4.71,62393.94,10112.57,3061.46,11898.21,2049.72,24084.60,971.35,191.94,127.81,9584.95,311.82,228.99,106.21,2214.61,94.17,83.39,35.24,153.54,87.19,116.17,46.98,74.49,14.68,3394.54,304.84,5.51,0.66,139.46,22.61,10.23,2.85,0.00,0.00,5.27,1.70,5.03,5.09,3.70,6.16,16.47,23.58,65.24,9.42,5.02,5.34
37.80,37.8,27/11/2025 18:36:10,2.871,6.678,,15.6,909082.0,623094.0,966801.34,6579.37,1879.53,6372.02,1095.60,11461.72,460.47,100.38,63.86,3562.87,117.06,415.34,109.91,1605.51,67.68,27.70,15.90,88.04,48.97,68.41,30.19,88.29,16.31,2657.95,240.10,3.81,0.52,66.05,7.05,8.54,2.39,0.00,0.00,5.94,1.57,3.47,3.82,3.38,4.62,17.50,21.15,57.94,8.67,4.42,4.73,63775.25,10910.41,3116.77,12039.70,2070.09,24520.45,985.10,230.01,146.32,8896.15,292.29,500.32,132.40,2246.44,94.69,46.23,26.53,157.17,87.41,99.98,44.12,126.86,23.44,3800.19,343.28,4.85,0.66,82.67,8.83,10.63,2.98,0.00,0.00,7.02,1.86,4.69,5.16,4.50,6.16,19.54,23.62,62.42,9.34,5.02,5.37
37.90,37.9,27/11/2025 18:36:43,3.590,6.016,,15.6,908510.0,621903.0,967333.44,6309.82,1869.81,6575.65,1126.96,11366.06,457.87,40.42,54.21,3695.99,121.57,323.40,101.99,1554.52,67.19,27.84,16.01,59.96,48.93,64.76,29.65,65.44,12.54,2389.40,214.64,4.42,0.52,97.23,14.13,8.71,2.31,0.00,0.00,4.26,1.44,3.91,3.76,2.37,4.58,11.49,21.28,56.36,8.63,4.55,4.65,63078.25,10463.42,3100.66,12424.45,2129.35,24315.81,979.53,92.62,124.22,9228.52,303.55,389.57,122.85,2175.09,94.01,46.46,26.71,107.05,87.36,94.66,43.33,94.03,18.01,3416.23,306.88,5.63,0.66,121.71,17.69,10.84,2.88,0.00,0.00,5.03,1.70,5.28,5.08,3.16,6.10,12.83,23.76,60.71,9.30,5.17,5.28
38.00,38.0,27/11/2025 18:37:27,2.580,7.141,,15.6,916484.0,625610.0,966644.25,6234.69,1852.07,6321.20,1088.69,12002.65,479.05,38.93,30.90,3663.31,120.06,335.86,103.44,1618.64,68.00,40.98,18.62,114.39,49.65,87.24,33.76,7.15,1.60,2683.55,242.67,4.22,0.52,107.97,16.90,8.22,2.37,0.01,0.19,4.64,1.46,3.09,3.80,2.95,4.67,11.97,21.28,60.83,8.69,3.26,4.72,64359.84,10338.84,3071.24,11943.67,2057.03,25677.70,1024.85,89.20,70.80,9146.94,299.78,404.58,124.60,2264.80,95.14,68.37,31.07,204.22,88.64,127.51,49.35,10.27,2.31,3836.79,346.95,5.36,0.66,135.15,21.16,10.23,2.95,0.01,0.25,5.49,1.73,4.17,5.13,3.93,6.23,13.37,23.76,65.52,9.36,3.70,5.35
38.10,38.1,27/11/2025 18:38:00,1.858,13.686,1181244.862,15.6,908300.0,627389.0,971497.23,3633.13,1722.46,6093.34,1051.53,10832.06,437.96,62.05,43.57,3463.94,114.32,309.80,99.63,1486.49,65.81,32.21,15.60,126.27,48.41,78.82,31.73,65.75,12.57,2130.03,190.37,4.30,0.50,79.53,10.03,8.15,2.26,0.00,0.00,4.40,1.43,4.10,3.69,3.57,4.56,24.45,20.72,56.34,8.47,4.04,4.67,55713.13,6024.73,2856.31,11513.14,1986.82,23173.40,936.94,142.18,99.85,8649.13,285.45,373.18,120.01,2079.90,92.08,53.75,26.03,225.41,86.42,115.20,46.38,94.47,18.06,3045.40,272.19,5.47,0.64,99.55,12.56,10.15,2.82,0.00,0.00,5.20,1.70,5.54,4.99,4.77,6.08,27.30,23.14,60.69,9.13,4.59,5.30
38.20,38.2,27/11/2025 18:38:33,1.749,10.580,,15.6,908517.0,626958.0,968955.37,4996.57,1757.83,6671.28,1138.14,11415.05,457.95,16.18,14.45,3576.63,117.15,297.26,98.62,1502.75,66.28,56.59,22.49,92.75,48.32,67.75,29.90,32.63,6.73,2153.25,192.43,3.96,0.50,68.00,7.55,7.79,2.26,0.00,0.00,3.55,1.42,3.90,3.75,2.18,4.57,15.36,20.88,55.71,8.54,5.51,4.64,60419.87,8285.70,2914.96,12605.13,2150.48,24420.61,979.72,37.08,33.11,8930.50,292.50,358.08,118.80,2102.65,92.74,94.42,37.52,165.58,86.26,99.02,43.70,46.88,9.66,3078.59,275.13,5.04,0.64,85.12,9.45,9.69,2.81,0.00,0.00,4.20,1.68,5.27,5.06,2.91,6.09,17.15,23.31,60.01,9.20,6.25,5.27
38.30,38.3,27/11/2025 18:39:07,1.031,7.207,,15.6,906805.0,628071.0,968574.91,5183.32,1758.60,6496.14,1111.88,11411.37,458.18,64.66,45.25,3659.33,119.26,365.18,104.62,1546.34,66.63,31.40,15.82,85.58,48.55,68.70,30.08,60.12,11.58,2268.97,203.21,4.13,0.52,81.57,10.38,7.95,2.32,0.00,0.00,3.82,1.45,3.31,3.73,2.81,4.59,15.85,20.99,60.67,8.66,3.87,4.72,61024.47,8595.37,2916.24,12274.21,2100.86,24412.73,980.20,148.17,103.69,9136.99,297.78,439.90,126.03,2163.65,93.23,52.39,26.40,152.77,86.68,100.40,43.97,86.38,16.65,3244.04,290.54,5.26,0.66,102.11,12.99,9.90,2.89,0.00,0.00,4.51,1.71,4.47,5.04,3.75,6.12,17.70,23.43,65.36,9.33,4.39,5.35
38.40,38.4,27/11/2025 18:39:40,2.073,13.356,,15.6,909047.0,627264.0,969144.89,4636.38,1828.60,6180.01,1067.41,11553.14,462.73,109.68,68.12,3649.26,119.55,256.80,94.83,1509.36,66.40,30.34,15.80,119.64,48.97,67.71,29.92,154.42,27.33,2383.22,214.16,4.07,0.52,102.89,15.69,8.25,2.37,0.00,0.00,3.94,1.45,2.80,3.76,3.10,4.63,12.66,20.95,63.69,8.84,3.74,4.68,60102.00,7688.40,3032.32,11676.90,2016.83,24716.03,989.94,251.32,156.09,9111.86,298.49,309.34,114.23,2111.90,92.91,50.62,26.37,213.57,87.42,98.97,43.73,221.88,39.27,3407.39,306.19,5.18,0.66,128.79,19.65,10.27,2.95,0.00,0.00,4.66,1.72,3.78,5.08,4.13,6.17,14.14,23.39,68.61,9.52,4.25,5.31
38.50,38.5,27/11/2025 18:40:23,3.099,13.426,,15.6,909367.0,628321.0,967447.05,5890.99,1861.09,6635.11,1134.53,11461.83,460.09,28.83,23.92,3647.46,119.69,253.01,95.08,1535.90,67.05,24.08,15.90,60.54,48.71,55.29,28.08,90.36,16.72,2683.16,242.63,3.63,0.50,87.20,11.58,7.45,2.34,0.00,0.00,3.01,1.44,2.94,3.81,2.28,4.68,13.77,21.18,61.01,8.79,5.09,4.80,62869.24,9768.89,3086.20,12536.79,2143.66,24520.70,984.28,66.07,54.82,9107.35,298.86,304.78,114.53,2149.04,93.81,40.18,26.53,108.08,86.96,80.81,41.04,129.83,24.02,3836.23,346.90,4.63,0.64,109.15,14.49,9.28,2.91,0.00,0.00,3.56,1.70,3.97,5.15,3.04,6.24,15.37,23.65,65.72,9.47,5.77,5.45
38.60,38.6,27/11/2025 18:40:57,2.452,4.366,1181252.532,15.6,905330.0,628061.0,967861.40,5976.53,1831.42,6144.07,1059.65,11151.42,449.78,29.21,52.65,3548.96,116.60,337.10,101.52,1560.77,66.36,37.06,17.13,54.86,48.10,63.55,29.26,100.76,18.38,2919.92,265.30,4.19,0.53,114.69,18.84,6.87,2.32,0.00,0.00,2.29,1.45,2.57,3.84,3.35,4.73,16.67,20.98,59.67,8.86,4.09,4.74,61722.38,9910.73,3037.00,11608.99,2002.16,23856.63,962.22,66.93,120.64,8861.41,291.14,406.07,122.29,2183.84,92.85,61.83,28.57,97.94,85.87,92.89,42.77,144.78,26.40,4174.74,379.32,5.33,0.67,143.57,23.58,8.55,2.89,0.00,0.00,2.71,1.72,3.47,5.18,4.47,6.31,18.61,23.42,64.28,9.54,4.64,5.37
38.70,38.7,27/11/2025 18:41:30,2.310,5.752,,15.6,911235.0,627800.0,966312.05,7201.11,1869.01,6126.00,1057.87,11400.19,458.57,65.16,45.49,3427.60,113.64,345.29,103.39,1596.56,67.63,73.44,26.56,119.19,49.55,56.03,28.25,97.81,17.95,2982.40,271.25,4.05,0.52,103.11,15.47,6.67,2.35,0.00,0.00,2.87,1.47,3.09,3.87,3.22,4.75,6.29,21.23,63.86,8.95,3.98,4.76,64319.20,11941.42,3099.34,11574.86,1998.80,24388.82,981.04,149.31,104.25,8558.38,283.75,415.94,124.54,2233.92,94.63,122.53,44.31,212.78,88.45,81.89,41.29,140.53,25.79,4264.07,387.81,5.16,0.66,129.07,19.36,8.31,2.93,0.00,0.00,3.40,1.73,4.17,5.23,4.29,6.34,7.03,23.71,68.80,9.64,4.52,5.40
38.80,38.8,27/11/2025 18:42:04,2.023,5.425,,15.6,906965.0,625574.0,967945.59,5856.64,1847.88,6231.60,1075.19,10978.72,444.89,84.63,55.95,3593.96,118.27,417.27,109.63,1521.80,66.60,27.58,15.83,81.61,48.65,66.23,29.71,127.58,22.75,2869.56,260.44,4.01,0.52,92.84,12.90,7.53,2.24,0.00,0.00,3.22,1.45,3.53,3.79,4.85,4.67,13.38,21.04,62.53,8.99,5.35,4.81,61581.75,9711.93,3064.29,11774.38,2031.52,23487.15,951.77,193.92,128.20,8973.77,295.31,502.65,132.07,2129.31,93.19,46.01,26.41,145.68,86.85,96.79,43.42,183.31,32.69,4102.73,372.37,5.11,0.66,116.21,16.14,9.38,2.79,0.00,0.00,3.80,1.72,4.77,5.12,6.47,6.23,14.94,23.49,67.35,9.68,6.07,5.46
38.90,38.9,27/11/2025 18:42:37,0.362,5.554,,15.6,914525.0,628282.0,966680.53,5576.00,1909.39,6782.63,1160.88,11720.56,470.13,31.81,26.25,3534.88,117.05,371.45,106.13,1636.22,67.94,46.89,20.27,74.33,49.01,65.67,29.85,97.36,17.92,3216.51,293.81,3.59,0.51,72.45,8.21,6.94,2.38,0.00,0.00,2.92,1.44,2.73,3.86,3.89,4.78,9.68,21.26,59.71,8.80,3.24,4.80,64012.91,9246.54,3166.30,12815.54,2193.43,25074.21,1005.77,72.89,60.16,8826.25,292.27,447.45,127.85,2289.40,95.07,78.24,33.82,132.70,87.49,95.98,43.62,139.89,25.74,4598.78,420.08,4.57,0.64,90.69,10.27,8.64,2.96,0.00,0.00,3.46,1.71,3.69,5.22,5.19,6.37,10.81,23.73,64.33,9.48,3.67,5.44
39.00,39.0,27/11/2025 18:43:20,0.320,5.027,,15.5,923338.0,631001.0,964961.44,6216.61,1845.96,6876.26,1172.34,12341.22,490.77,50.84,38.46,3665.35,120.55,397.84,109.88,1644.71,68.73,31.13,16.16,118.74,50.04,59.50,29.00,208.95,36.93,3240.85,296.08,4.05,0.54,84.77,10.75,9.45,2.47,0.00,0.00,3.19,1.48,3.42,3.98,3.43,4.83,15.78,21.42,57.90,9.00,4.57,4.83,67258.20,10308.85,3061.11,12992.44,2215.10,26401.99,1049.92,116.48,88.14,9152.03,301.01,479.23,132.36,2301.29,96.17,51.94,26.96,211.98,89.33,86.96,42.38,300.22,53.06,4633.59,423.32,5.15,0.68,106.12,13.46,11.76,3.07,0.00,0.00,3.78,1.74,4.63,5.38,4.57,6.45,17.62,23.92,62.37,9.70,5.19,5.48
39.10,39.1,27/11/2025 18:43:53,2.084,6.419,1181251.669,15.5,927260.0,633723.0,967937.34,4353.42,1811.98,6553.43,1124.89,12083.45,482.00,46.02,54.75,3384.16,113.07,360.72,105.65,1645.70,68.51,54.33,22.49,101.96,49.51,64.17,29.63,130.23,23.43,3109.18,283.66,3.95,0.52,82.77,10.44,7.96,2.38,0.00,0.00,3.51,1.48,4.76,3.86,5.48,4.83,1.81,21.31,61.70,8.93,3.95,4.80,61953.04,7219.18,3004.76,12382.46,2125.43,25850.54,1031.17,105.44,125.45,8449.93,282.32,434.53,127.26,2302.68,95.86,90.65,37.53,182.02,88.38,93.79,43.30,187.11,33.66,4445.33,405.56,5.03,0.67,103.61,13.07,9.91,2.96,0.00,0.00,4.15,1.75,6.43,5.21,7.30,6.44,2.02,23.79,66.46,9.62,4.49,5.44
39.20,39.2,27/11/2025 18:44:27,2.489,6.155,,15.5,939157.0,636693.0,964530.11,5602.01,1904.80,7271.90,1234.74,12710.50,503.59,67.36,48.21,3880.08,126.60,441.78,115.41,1685.43,69.98,26.02,16.48,110.78,50.86,55.73,28.82,193.62,34.46,3247.69,296.86,4.65,0.55,80.96,9.88,8.35,2.46,0.00,0.00,3.41,1.51,3.02,3.99,3.42,4.96,8.15,21.82,60.16,8.96,4.85,4.89,68408.59,9289.69,3158.68,13739.98,2332.99,27192.02,1077.34,154.35,110.47,9688.18,316.12,532.18,139.03,2358.27,97.92,43.42,27.49,197.76,90.79,81.46,42.12,278.20,49.51,4643.36,424.43,5.92,0.71,101.34,12.37,10.39,3.06,0.00,0.00,4.04,1.79,4.08,5.38,4.56,6.62,9.10,24.36,64.81,9.65,5.50,5.55
39.30,39.3,27/11/2025 18:45:00,3.146,6.349,,15.5,942652.0,637666.0,962540.36,7538.15,2010.91,7155.81,1220.06,12749.03,506.25,50.96,56.86,3840.32,125.48,369.94,109.03,1675.91,70.30,22.56,16.45,133.85,51.29,70.71,31.24,200.29,35.54,3450.80,316.28,4.40,0.55,92.82,12.50,8.08,2.41,0.00,0.00,3.07,1.52,2.57,3.99,2.77,4.97,21.96,21.88,62.65,9.18,2.97,4.98,71631.20,12500.34,3334.65,13520.64,2305.26,27274.45,1083.05,116.77,130.28,9588.92,313.31,445.63,131.33,2344.94,98.37,37.65,27.44,238.95,91.57,103.35,45.66,287.79,51.07,4933.76,452.20,5.60,0.69,116.19,15.64,10.05,3.00,0.00,0.00,3.63,1.80,3.47,5.39,3.70,6.63,24.52,24.43,67.49,9.89,3.37,5.65
39.40,39.4,27/11/2025 18:45:33,1.795,6.882,,15.5,941812.0,636229.0,963193.28,6387.78,1903.25,7411.34,1255.22,12891.91,509.62,101.77,66.10,3913.81,127.53,342.35,106.72,1697.29,70.54,46.49,20.71,53.84,50.37,84.49,33.81,119.18,21.75,3580.22,328.88,4.41,0.55,74.92,8.54,9.03,2.44,0.00,0.00,3.51,1.52,2.90,4.02,3.19,4.92,11.52,21.95,63.74,9.10,3.04,4.93,70764.25,10592.71,3156.12,14003.44,2371.68,27580.11,1090.25,233.20,151.45,9772.42,318.43,412.39,128.56,2374.86,98.70,77.57,34.55,96.11,89.93,123.49,49.42,171.24,31.24,5118.80,470.22,5.61,0.70,93.78,10.69,11.24,3.04,0.00,0.00,4.15,1.79,3.91,5.43,4.26,6.56,12.86,24.51,68.67,9.80,3.44,5.59
39.50,39.5,27/11/2025 18:46:17,0.978,6.355,,15.5,935415.0,633413.0,962173.21,7599.12,1954.00,7452.00,1261.16,12860.87,508.73,118.14,74.09,3721.01,122.44,393.04,110.29,1686.73,69.99,64.79,25.36,38.46,50.29,84.78,33.85,158.79,28.32,3483.13,319.38,4.43,0.55,73.91,8.34,7.60,2.49,0.00,0.00,3.89,1.54,4.17,4.00,2.87,4.94,4.56,21.99,60.30,9.02,4.19,4.95,72295.97,12601.44,3240.28,14080.28,2382.91,27513.70,1088.35,270.70,169.77,9291.01,305.73,473.45,132.86,2360.09,97.94,108.10,42.31,68.66,89.78,123.90,49.47,228.15,40.69,4979.99,456.63,5.64,0.70,92.52,10.44,9.46,3.10,0.00,0.00,4.60,1.82,5.63,5.41,3.83,6.59,5.09,24.55,64.96,9.72,4.75,5.62
39.60,39.6,27/11/2025 18:46:50,0.712,5.951,1181251.874,15.4,945102.0,643979.0,960356.11,8511.14,2001.42,6832.32,1168.29,13297.32,523.39,17.38,15.85,4128.71,133.14,375.44,110.97,1739.81,71.84,48.89,21.46,125.10,51.91,81.02,33.37,200.74,35.68,4078.89,377.04,4.94,0.58,89.80,11.56,8.94,2.53,0.00,0.00,3.49,1.56,4.34,4.21,3.63,5.16,18.57,22.21,69.48,9.66,3.93,5.09,75494.30,14113.82,3318.90,12909.41,2207.45,28447.42,1119.71,39.82,36.33,10309.00,332.44,452.26,133.67,2434.35,100.52,81.57,35.80,223.33,92.67,118.41,48.77,288.43,51.26,5831.76,539.07,6.28,0.74,112.41,14.47,11.13,3.15,0.00,0.00,4.13,1.84,5.86,5.69,4.85,6.88,20.74,24.80,74.85,10.41,4.46,5.77
39.70,39.7,27/11/2025 18:47:23,2.418,5.619,,15.4,949185.0,644979.0,962165.36,6080.03,1878.01,7541.18,1275.65,13153.25,519.25,69.46,49.55,4152.93,134.42,444.08,116.51,1769.19,71.35,51.81,22.15,91.55,51.26,63.48,30.35,220.47,39.33,4000.60,369.60,4.73,0.57,80.35,9.53,8.24,2.53,0.00,0.00,3.19,1.57,2.30,4.17,4.03,5.16,21.82,22.17,68.13,9.41,3.81,5.15,72619.85,10082.37,3114.25,14248.79,2410.30,28139.20,1110.85,159.17,113.53,10369.48,335.65,534.94,140.35,2475.46,99.83,86.44,36.95,163.44,91.50,92.77,44.37,316.78,56.51,5719.83,528.43,6.02,0.73,100.58,11.93,10.26,3.14,0.00,0.00,3.77,1.85,3.11,5.63,5.37,6.88,24.36,24.75,73.39,10.14,4.32,5.85
39.80,39.8,27/11/2025 18:47:56,2.706,6.216,,15.5,940558.0,639588.0,963241.05,6348.32,1928.88,7130.16,1215.17,12530.76,498.84,83.43,56.94,4132.87,133.48,398.80,112.17,1675.45,70.36,27.73,16.45,127.66,51.12,81.83,33.23,125.24,22.73,3923.39,362.12,4.58,0.57,57.38,5.33,7.46,2.45,0.00,0.00,3.55,1.53,3.43,4.08,3.53,5.05,21.36,21.85,65.99,9.46,6.01,5.11,70527.59,10527.26,3198.61,13472.18,2296.01,26807.49,1067.19,191.16,130.46,10319.38,333.28,480.39,135.12,2344.30,98.45,46.27,27.44,227.91,91.25,119.60,48.56,179.95,32.66,5609.45,517.74,5.83,0.73,71.83,6.67,9.29,3.05,0.00,0.00,4.20,1.81,4.63,5.51,4.71,6.73,23.85,24.39,71.08,10.19,6.82,5.79
39.90,39.9,27/11/2025 18:48:30,1.928,2.178,,15.5,939387.0,639773.0,964547.26,5557.95,1915.47,7160.90,1218.77,12555.89,498.70,38.20,55.48,3944.75,128.64,384.35,110.07,1713.30,70.21,25.14,16.36,79.79,50.35,55.39,28.77,145.45,26.18,3594.47,330.38,4.69,0.56,89.02,11.64,6.43,2.40,0.09,0.20,4.18,1.52,4.00,4.03,2.83,4.96,20.62,21.82,59.11,8.95,6.19,5.04,68252.43,9216.62,3176.38,13530.25,2302.81,26861.25,1066.88,87.54,127.12,9849.67,321.20,462.99,132.60,2397.27,98.24,41.94,27.29,142.43,89.89,80.96,42.05,208.98,37.61,5139.17,472.35,5.97,0.71,111.43,14.57,8.00,2.99,0.13,0.26,4.94,1.80,5.40,5.44,3.77,6.61,23.02,24.36,63.67,9.65,7.02,5.72
40.00,40.0,27/11/2025 18:49:13,2.383,5.816,,15.4,946986.0,644524.0,961818.53,7203.60,1957.43,7192.70,1224.24,13262.31,523.14,68.86,49.55,4226.01,136.15,368.66,110.11,1733.59,71.13,72.87,27.41,98.79,51.60,57.53,29.55,173.10,31.03,3533.59,324.34,4.58,0.57,86.97,11.08,6.94,2.47,0.00,0.00,3.84,1.54,2.25,4.09,4.87,5.08,10.17,22.28,63.75,9.45,6.50,5.03,73395.54,11945.56,3245.95,13590.34,2313.15,28372.51,1119.16,157.78,113.54,10551.94,339.96,444.09,132.64,2425.65,99.53,121.59,45.73,176.35,92.11,84.08,43.18,248.72,44.59,5052.13,463.72,5.83,0.72,108.87,13.87,8.64,3.08,0.00,0.00,4.54,1.82,3.03,5.53,6.50,6.77,11.36,24.87,68.67,10.18,7.37,5.71
40.10,40.1,27/11/2025 18:49:45,2.049,9.061,1181248.760,15.5,940311.0,642496.0,962721.68,6988.10,1963.89,7038.35,1200.78,12572.78,499.76,87.17,58.37,4000.06,129.77,380.48,110.36,1743.13,70.88,29.32,16.48,104.30,50.87,76.27,32.27,315.29,57.32,3750.54,345.29,4.30,0.56,76.36,8.77,7.41,2.46,0.00,0.00,2.90,1.53,3.60,4.12,6.85,5.06,16.50,21.89,69.54,9.47,5.07,5.11,71257.83,11588.20,3256.67,13298.69,2268.83,26897.39,1069.15,199.74,133.74,9987.77,324.01,458.33,132.94,2439.00,99.18,48.93,27.50,186.20,90.81,111.47,47.17,453.02,82.36,5362.32,493.67,5.47,0.71,95.58,10.97,9.23,3.06,0.00,0.00,3.42,1.81,4.86,5.56,9.14,6.75,18.43,24.44,74.91,10.20,5.75,5.80
40.20,40.2,27/11/2025 18:50:18,1.583,9.723,,15.5,926951.0,638326.0,965656.95,5581.58,1851.52,6995.77,1191.46,12131.02,483.91,141.71,85.89,3966.44,128.34,381.73,108.81,1589.85,68.45,65.00,25.09,133.76,50.52,71.55,31.10,223.35,39.60,2846.06,258.16,3.95,0.52,116.23,19.07,7.84,2.42,0.00,0.00,2.96,1.48,2.76,3.93,3.76,4.88,12.35,21.55,61.91,9.02,3.47,4.81,66438.05,9255.79,3070.34,13218.25,2251.22,25952.32,1035.25,324.70,196.80,9903.82,320.46,459.83,131.07,2224.53,95.78,108.45,41.86,238.78,90.19,104.58,45.46,320.91,56.90,4069.13,369.10,5.03,0.67,145.49,23.87,9.76,3.01,0.00,0.00,3.50,1.75,3.73,5.31,5.02,6.51,13.78,24.07,66.69,9.72,3.94,5.45
40.30,40.3,27/11/2025 18:50:51,1.341,9.458,,15.5,922446.0,632220.0,966030.89,5920.94,1896.63,6811.43,1163.38,12213.25,485.63,79.25,53.56,3625.82,119.06,355.09,105.51,1603.06,68.32,46.02,20.28,98.50,49.86,56.06,28.50,199.59,35.24,2805.36,254.27,4.41,0.54,70.79,7.91,7.48,2.35,0.00,0.00,2.97,1.48,3.19,3.87,3.79,4.74,6.17,21.48,52.67,8.71,3.28,4.82,65538.42,9818.55,3145.14,12869.94,2198.16,26128.23,1038.92,181.59,122.72,9053.34,297.29,427.74,127.09,2243.01,95.60,76.78,33.83,175.85,89.01,81.93,41.65,286.77,50.63,4010.94,363.54,5.61,0.69,88.61,9.90,9.31,2.92,0.00,0.00,3.52,1.75,4.31,5.23,5.05,6.32,6.89,23.99,56.73,9.39,3.72,5.47
40.40,40.4,27/11/2025 18:51:24,1.508,9.792,,15.5,924778.0,632234.0,965416.28,5868.34,1837.87,6815.41,1161.42,12403.31,491.27,57.63,41.49,3659.47,120.04,310.96,101.91,1632.70,68.92,33.81,16.34,78.03,49.51,71.71,31.07,210.56,37.26,3238.63,295.89,4.45,0.54,98.61,14.12,7.33,2.40,0.00,0.00,3.53,1.49,2.66,3.94,3.83,4.88,18.83,21.47,59.64,8.95,4.26,4.87,66546.79,9731.32,3047.69,12877.47,2194.45,26534.84,1051.00,132.06,95.06,9137.35,299.73,374.59,122.76,2284.49,96.43,56.42,27.26,139.29,88.39,104.81,45.41,302.54,53.54,4630.41,423.05,5.66,0.69,123.44,17.67,9.12,2.99,0.00,0.00,4.18,1.76,3.59,5.32,5.11,6.51,21.03,23.97,64.25,9.64,4.83,5.52
40.50,40.5,27/11/2025 18:52:08,1.740,9.197,,15.5,921860.0,631074.0,964475.77,6965.61,1875.15,6699.20,1145.39,12093.53,482.23,71.22,49.54,3882.88,126.32,476.77,116.80,1613.58,68.27,27.30,16.25,85.62,49.93,68.52,30.60,114.04,20.70,3230.60,295.03,4.62,0.56,95.36,13.27,7.87,2.41,0.00,0.00,3.36,1.51,1.83,3.93,3.87,4.83,11.34,21.57,62.38,9.03,4.72,4.96,68084.53,11550.90,3109.51,12657.89,2164.17,25872.11,1031.66,163.20,113.51,9695.19,315.40,574.32,140.70,2257.74,95.52,45.55,27.12,152.85,89.14,100.14,44.72,163.85,29.75,4618.93,421.82,5.89,0.71,119.37,16.62,9.80,3.00,0.00,0.00,3.97,1.78,2.48,5.30,5.16,6.44,12.66,24.08,67.20,9.73,5.35,5.63
40.60,40.6,27/11/2025 18:52:41,2.621,5.685,1181251.740,15.6,918766.0,631847.0,968569.36,4299.71,1752.97,6059.87,1047.39,11230.06,452.07,200.45,115.50,3797.29,123.68,284.10,97.83,1567.60,67.23,55.09,22.36,100.44,48.95,86.63,33.59,99.85,18.40,3437.71,315.37,4.39,0.54,108.69,16.92,9.06,2.39,0.00,0.00,3.15,1.47,0.90,3.90,4.89,4.84,18.70,21.11,58.63,8.83,3.45,4.81,60789.90,7130.11,2906.91,11449.90,1979.00,24024.85,967.12,459.30,264.65,9481.46,308.81,342.22,117.84,2193.39,94.07,91.91,37.31,179.30,87.38,126.61,49.09,143.47,26.44,4915.05,450.90,5.59,0.69,136.05,21.17,11.28,2.98,0.00,0.00,3.72,1.74,1.22,5.27,6.52,6.45,20.87,23.57,63.16,9.51,3.92,5.46
40.70,40.7,27/11/2025 18:53:14,3.110,6.479,,15.6,917512.0,628078.0,965746.93,6523.63,1846.21,6387.63,1097.44,11466.90,460.88,19.02,52.69,3614.11,118.76,379.44,107.24,1562.22,67.59,58.51,23.13,88.63,49.02,61.90,29.23,112.87,20.49,3783.22,348.65,4.22,0.54,93.07,12.64,10.25,2.41,0.00,0.00,3.44,1.50,3.81,3.89,1.49,4.87,15.02,21.20,58.91,8.99,4.80,4.86,65278.32,10817.98,3061.52,12069.18,2073.57,24531.54,985.99,43.58,120.73,9024.09,296.53,457.07,129.18,2185.86,94.57,97.62,38.60,158.22,87.51,90.46,42.73,162.18,29.45,5409.03,498.48,5.36,0.69,116.50,15.83,12.76,3.00,0.00,0.00,4.07,1.77,5.15,5.25,1.99,6.50,16.77,23.67,63.46,9.69,5.45,5.52
40.80,40.8,27/11/2025 18:53:48,2.639,6.151,,15.6,917733.0,626324.0,965372.48,6264.02,1848.17,6801.54,1158.96,11701.82,468.20,140.84,83.92,3449.31,114.00,349.76,104.32,1579.75,67.91,74.03,26.60,105.23,49.37,80.03,32.35,258.72,45.95,3640.95,334.69,4.39,0.55,84.71,10.67,7.52,2.42,0.00,0.00,3.66,1.51,2.33,3.93,1.84,4.83,11.57,21.24,61.22,9.14,4.29,4.94,66060.22,10387.47,3064.77,12851.25,2189.82,25034.12,1001.64,322.73,192.29,8612.60,284.64,421.32,125.66,2210.39,95.02,123.52,44.37,187.85,88.14,116.97,47.28,371.73,66.03,5205.63,478.52,5.58,0.70,106.04,13.36,9.37,3.01,0.00,0.00,4.32,1.79,3.15,5.30,2.45,6.44,12.92,23.71,65.95,9.85,4.87,5.60
40.90,40.9,27/11/2025 18:54:21,1.266,5.887,,15.6,912355.0,622689.0,966427.25,6348.71,1862.87,6260.53,1079.19,11489.93,461.97,141.11,84.81,3485.94,115.32,370.63,106.14,1520.02,67.17,23.31,15.86,118.03,49.23,43.65,26.40,165.42,29.03,3405.88,311.96,4.44,0.55,85.57,10.97,10.31,2.44,0.00,0.00,2.32,1.45,3.21,3.83,2.54,4.73,20.50,21.09,67.16,8.96,3.54,4.81,64194.36,10527.92,3089.15,11829.03,2039.09,24580.81,988.30,323.32,194.34,8704.06,287.95,446.47,127.86,2126.82,93.98,38.89,26.47,210.71,87.88,63.80,38.59,237.69,41.70,4869.54,446.03,5.66,0.69,107.11,13.74,12.84,3.03,0.00,0.00,2.74,1.71,4.33,5.17,3.38,6.31,22.88,23.55,72.35,9.66,4.02,5.46
41.00,41.0,27/11/2025 18:55:04,0.150,5.618,,15.6,911287.0,625771.0,968526.80,4345.20,1771.23,6500.30,1113.10,11332.80,455.86,41.32,53.40,3386.60,112.62,340.58,102.47,1528.61,66.71,33.18,15.90,93.50,48.36,93.39,34.66,198.26,34.75,3360.00,307.68,4.48,0.54,126.11,22.11,7.30,2.33,0.00,0.00,1.98,1.46,4.04,3.85,2.94,4.70,10.05,20.84,60.10,8.92,2.46,4.80,60542.77,7205.54,2937.19,12282.08,2103.15,24244.65,975.23,94.68,122.36,8456.02,281.20,410.27,123.43,2138.84,93.34,55.36,26.53,166.92,86.34,136.50,50.65,284.86,49.93,4803.94,439.91,5.70,0.69,157.86,27.67,9.08,2.90,0.00,0.00,2.34,1.72,5.45,5.20,3.92,6.27,11.23,23.27,64.75,9.61,2.79,5.45
41.10,41.1,27/11/2025 18:55:38,-0.791,10.449,1181246.979,15.6,908532.0,624893.0,967627.68,5896.61,1787.56,6264.73,1076.81,11095.37,448.02,39.57,30.82,3578.64,117.58,281.61,96.94,1532.86,66.76,19.49,15.92,30.60,48.48,74.71,31.29,122.68,21.96,3248.48,296.95,4.16,0.53,97.48,13.99,7.40,2.31,0.00,0.00,1.93,1.44,3.89,3.81,2.63,4.76,6.04,21.18,60.28,8.74,3.16,4.78,62102.03,9778.20,2964.27,11836.97,2034.59,23736.72,958.45,90.67,70.61,8935.51,293.58,339.22,116.77,2144.78,93.41,32.52,26.56,54.63,86.54,109.20,45.73,176.26,31.56,4644.50,424.56,5.30,0.68,122.02,17.51,9.21,2.87,0.00,0.00,2.29,1.70,5.25,5.14,3.50,6.35,6.75,23.65,64.94,9.42,3.59,5.42
41.20,41.2,27/11/2025 18:56:12,-1.936,8.989,,15.6,915398.0,626567.0,966479.52,5909.63,1801.41,6463.96,1109.03,11535.49,463.30,48.22,36.34,3602.72,118.31,315.41,100.95,1594.26,67.88,74.26,26.66,108.47,49.28,72.69,31.01,120.38,21.68,3477.74,319.02,4.34,0.54,99.62,14.38,7.36,2.37,0.00,0.00,3.13,1.48,1.77,3.87,4.87,4.84,10.46,21.20,62.96,9.07,2.74,4.86,64211.86,9799.79,2987.24,12213.42,2095.47,24678.27,991.15,110.49,83.26,8995.64,295.41,379.94,121.60,2230.70,94.97,123.90,44.49,193.63,87.97,106.24,45.33,172.97,31.15,4972.28,456.12,5.53,0.69,124.70,18.01,9.16,2.95,0.00,0.00,3.70,1.75,2.39,5.23,6.50,6.45,11.67,23.67,67.82,9.77,3.11,5.51
41.30,41.3,27/11/2025 18:56:45,1.463,11.176,,15.6,915256.0,626865.0,966494.20,6043.15,1845.58,6472.30,1109.52,11637.17,465.96,113.34,70.13,3446.26,114.12,375.81,106.86,1584.84,67.71,19.99,15.95,108.66,49.32,78.15,32.00,141.72,25.19,3276.60,299.57,3.88,0.52,104.36,15.70,8.82,2.46,0.00,0.00,3.02,1.48,1.90,3.82,2.02,4.77,20.08,21.18,60.00,9.01,3.73,4.80,64157.63,10021.21,3060.48,12229.16,2096.39,24895.80,996.84,259.71,160.68,8604.99,284.95,452.70,128.72,2217.52,94.75,33.35,26.61,193.98,88.04,114.22,46.77,203.62,36.19,4684.70,428.31,4.93,0.66,130.63,19.65,10.98,3.06,0.00,0.00,3.57,1.75,2.57,5.16,2.70,6.36,22.42,23.64,64.63,9.70,4.23,5.44
41.40,41.4,27/11/2025 18:57:18,1.456,9.918,,15.6,913378.0,625363.0,966657.33,6202.73,1861.96,6551.14,1122.02,11409.10,458.76,26.66,22.44,3538.19,116.92,318.96,101.30,1610.08,67.82,64.83,24.74,95.66,49.11,74.11,31.25,108.78,19.75,3166.04,288.95,4.51,0.54,79.72,9.73,10.14,2.48,0.00,0.00,2.54,1.45,2.48,3.86,3.63,4.74,7.63,21.19,62.34,8.95,3.40,4.87,63883.58,10285.83,3087.64,12378.13,2120.02,24407.89,981.44,61.08,51.41,8834.53,291.93,384.23,122.03,2252.83,94.89,108.17,41.28,170.76,87.68,108.32,45.67,156.30,28.38,4526.63,413.12,5.74,0.69,99.79,12.18,12.62,3.09,0.00,0.00,3.01,1.72,3.35,5.21,4.84,6.32,8.52,23.66,67.16,9.64,3.86,5.52
41.50,41.5,27/11/2025 18:58:02,0.228,9.455,,15.6,913564.0,624496.0,966739.17,6579.18,1827.50,6267.28,1076.80,11247.52,452.48,72.30,49.08,3370.24,111.59,434.61,111.64,1502.86,66.69,31.78,15.98,94.94,49.05,79.61,32.17,231.10,40.76,3140.16,286.38,4.15,0.53,113.14,18.20,7.22,2.35,0.00,0.00,3.34,1.47,2.03,3.85,3.56,4.73,9.52,21.13,62.80,8.95,3.48,4.83,63431.39,10910.09,3030.50,11841.80,2034.57,24062.22,968.00,165.67,112.45,8415.17,278.63,523.53,134.48,2102.81,93.31,53.03,26.66,169.49,87.57,116.35,47.02,332.05,58.57,4489.62,409.44,5.28,0.67,141.63,22.78,8.98,2.92,0.00,0.00,3.95,1.74,2.75,5.19,4.75,6.31,10.63,23.59,67.65,9.64,3.95,5.48
41.60,41.6,27/11/2025 18:58:35,0.651,10.842,1181246.251,15.6,909043.0,624836.0,968438.18,5568.61,1851.02,6099.53,1054.65,11040.81,446.21,21.37,18.36,3189.19,106.98,306.00,99.01,1556.51,66.80,27.33,15.66,106.82,48.39,88.27,33.62,213.51,37.54,3133.59,285.88,4.20,0.53,107.26,16.64,8.05,2.41,0.00,0.00,4.79,1.46,1.98,3.83,3.79,4.71,23.03,20.80,54.46,8.71,2.71,4.73,60340.48,9234.30,3069.51,11524.84,1992.71,23619.99,954.58,48.97,42.07,7963.10,267.12,368.60,119.27,2177.88,93.47,45.60,26.14,190.70,86.39,129.01,49.14,306.79,53.95,4480.24,408.74,5.34,0.67,134.26,20.83,10.01,2.99,0.00,0.00,5.67,1.72,2.68,5.17,5.05,6.28,25.71,23.23,58.66,9.38,3.08,5.37
41.70,41.7,27/11/2025 18:59:08,1.243,9.783,,15.6,912522.0,627942.0,965946.81,7172.51,1889.95,6102.14,1055.39,11381.67,458.12,91.14,59.28,3761.47,122.54,306.33,99.96,1578.03,67.33,22.73,15.85,91.12,48.79,74.59,31.23,119.87,21.50,3163.79,288.64,4.41,0.54,75.04,8.72,8.51,2.38,0.00,0.00,3.13,1.46,3.91,3.90,3.71,4.76,24.05,21.07,61.28,9.04,3.79,4.84,65177.29,11894.00,3134.05,11529.77,1994.12,24349.21,980.08,208.84,135.84,9392.04,305.98,369.00,120.42,2207.99,94.21,37.93,26.45,162.67,87.09,109.01,45.64,172.23,30.89,4523.41,412.68,5.61,0.69,93.93,10.92,10.59,2.97,0.00,0.00,3.70,1.72,5.28,5.27,4.94,6.34,26.85,23.53,66.01,9.73,4.30,5.49
41.80,41.8,27/11/2025 18:59:41,1.045,11.437,,15.5,920925.0,630784.0,967432.62,5616.31,1848.35,6158.74,1065.91,11307.31,456.32,26.12,22.29,3671.55,120.48,310.40,100.72,1548.36,67.51,26.32,16.11,73.69,49.27,71.68,30.87,243.78,43.31,3335.22,305.37,4.06,0.53,80.54,9.88,9.23,2.41,0.00,0.00,2.57,1.45,3.17,3.90,1.87,4.77,11.07,21.34,60.07,8.95,5.30,4.85,62517.38,9313.38,3065.08,11636.71,2014.00,24190.13,976.23,59.85,51.07,9167.51,300.82,373.91,121.32,2166.48,94.46,43.91,26.88,131.55,87.96,104.77,45.12,350.28,62.24,4768.51,436.60,5.17,0.67,100.82,12.37,11.49,3.00,0.00,0.00,3.04,1.71,4.28,5.27,2.49,6.36,12.36,23.82,64.71,9.65,6.02,5.50
41.90,41.9,27/11/2025 19:00:15,-0.080,10.776,,15.5,923651.0,632083.0,967403.95,5167.24,1826.81,6351.03,1092.96,11671.38,467.96,35.70,53.50,3782.01,123.39,333.68,103.61,1555.50,67.79,21.37,16.12,73.37,49.44,58.95,28.83,49.38,9.85,3305.55,302.52,4.41,0.53,89.75,12.02,8.34,2.35,0.00,0.00,1.89,1.44,2.14,3.86,3.24,4.79,12.83,21.41,63.81,9.06,4.51,4.85,62917.02,8568.70,3029.36,12000.03,2065.11,24968.99,1001.13,81.80,122.58,9443.32,308.09,401.95,124.81,2176.47,94.85,35.65,26.90,130.98,88.27,86.15,42.14,70.95,14.16,4726.09,432.53,5.61,0.68,112.34,15.05,10.38,2.92,0.00,0.00,2.23,1.70,2.89,5.21,4.32,6.39,14.32,23.90,68.74,9.76,5.12,5.50
42.00,42.0,27/11/2025 19:00:58,1.424,11.109,,15.6,918928.0,628806.0,965464.15,7161.29,1902.11,6672.86,1141.59,11597.66,466.19,14.87,13.65,3574.71,117.54,322.13,101.74,1557.24,67.79,77.76,27.44,105.76,49.48,81.54,32.69,78.91,14.86,3100.52,282.57,4.71,0.55,84.85,10.86,10.30,2.45,0.00,0.00,4.43,1.46,3.23,3.80,4.81,4.79,7.27,21.29,64.70,8.82,6.32,4.82,66031.55,11875.40,3154.22,12608.12,2156.99,24811.27,997.33,34.07,31.28,8925.70,293.47,388.04,122.55,2178.89,94.85,129.75,45.79,188.80,88.33,119.17,47.78,113.37,21.35,4432.95,404.01,5.99,0.70,106.21,13.59,12.82,3.05,0.00,0.00,5.24,1.73,4.36,5.14,6.41,6.38,8.12,23.77,69.70,9.50,7.17,5.46
42.10,42.1,27/11/2025 19:01:32,0.864,8.271,1181248.297,15.6,915251.0,628216.0,970408.76,4015.41,1795.23,5938.81,1031.08,11126.65,449.08,36.45,53.06,3439.52,113.90,296.36,98.50,1501.31,66.28,31.94,15.90,62.71,48.57,58.70,28.53,50.39,10.02,2841.70,258.07,3.99,0.51,95.36,13.67,7.05,2.33,0.00,0.00,2.87,1.39,2.09,3.70,3.70,4.61,10.24,21.12,61.78,8.70,4.21,4.70,57426.24,6658.66,2976.99,11221.16,1948.18,23803.63,960.73,83.53,121.57,8588.16,284.39,357.00,118.66,2100.64,92.73,53.29,26.54,111.94,86.70,85.79,41.70,72.41,14.40,4062.90,368.97,5.07,0.64,119.37,17.11,8.77,2.91,0.00,0.00,3.40,1.64,2.83,5.00,4.93,6.14,11.43,23.58,66.55,9.37,4.78,5.33
42.20,42.2,27/11/2025 19:02:05,0.181,8.204,,15.6,913831.0,625953.0,968475.46,5223.29,1786.39,6354.20,1092.39,11203.52,452.09,52.26,38.66,3502.01,115.87,322.24,101.88,1522.56,66.96,25.92,15.83,110.66,48.90,93.70,34.80,91.04,16.76,2814.92,255.29,4.45,0.52,99.39,14.60,10.06,2.34,0.00,0.00,2.25,1.40,1.31,3.77,3.73,4.67,24.90,21.00,59.00,8.73,3.10,4.59,60798.33,8661.66,2962.33,12006.03,2064.02,23968.09,967.17,119.76,88.58,8744.19,289.32,388.17,122.72,2130.37,93.70,43.25,26.41,197.55,87.30,136.95,50.86,130.82,24.08,4024.62,365.00,5.66,0.66,124.41,18.28,12.52,2.91,0.00,0.00,2.66,1.65,1.77,5.09,4.97,6.23,27.80,23.44,63.56,9.40,3.52,5.21
42.30,42.3,27/11/2025 19:02:38,0.992,7.873,,15.6,918407.0,629103.0,969347.00,4405.94,1801.67,6059.47,1049.39,11748.55,469.46,82.46,54.40,3516.88,115.91,280.77,98.12,1531.71,67.19,28.38,15.89,76.90,48.69,85.55,33.24,162.07,28.63,2493.34,224.66,3.97,0.50,85.89,11.33,9.19,2.29,0.00,0.00,3.49,1.41,0.75,3.69,4.10,4.69,11.53,21.07,58.95,8.67,3.11,4.57,59663.04,7306.26,2987.67,11449.14,1982.78,25134.09,1004.33,188.94,124.65,8781.32,289.41,338.22,118.19,2143.18,94.01,47.35,26.51,137.28,86.92,125.03,48.58,232.86,41.13,3564.84,321.21,5.06,0.64,107.51,14.18,11.44,2.85,0.00,0.00,4.12,1.66,1.01,4.98,5.47,6.26,12.87,23.53,63.51,9.34,3.53,5.19
42.40,42.4,27/11/2025 19:03:12,0.276,8.867,,15.6,910291.0,624949.0,967533.37,6455.08,1839.17,6343.30,1090.72,11470.67,460.58,49.12,36.80,3543.52,116.43,277.84,96.94,1559.57,67.00,20.36,15.87,78.86,49.06,69.15,30.34,83.10,15.54,2307.55,206.97,4.34,0.52,105.10,16.29,8.10,2.28,0.00,0.00,2.25,1.38,3.53,3.72,4.74,4.57,16.60,21.21,61.05,8.64,2.82,4.55,62649.36,10704.30,3049.85,11985.42,2060.87,24539.60,985.34,112.56,84.31,8847.82,290.70,334.68,116.77,2182.16,93.75,33.97,26.48,140.77,87.57,101.07,44.34,119.39,22.33,3299.20,295.91,5.52,0.66,131.56,20.39,10.08,2.84,0.00,0.00,2.66,1.63,4.77,5.02,6.32,6.09,18.53,23.68,65.77,9.30,3.20,5.16
42.50,42.5,27/11/2025 19:03:55,0.053,7.540,,15.6,906557.0,623322.0,968916.09,5775.37,1823.88,6219.73,1070.80,10959.46,443.30,40.73,53.39,3617.23,118.98,359.18,104.31,1487.31,66.02,31.90,15.91,75.35,48.61,70.36,30.43,42.66,8.58,2223.64,199.09,4.28,0.52,99.97,15.00,6.99,2.33,0.00,0.00,2.48,1.37,2.50,3.66,2.86,4.56,3.23,21.06,55.55,8.44,3.13,4.49,60161.50,9577.16,3024.49,11751.95,2023.23,23445.95,948.36,93.33,122.34,9031.88,297.07,432.67,125.66,2081.06,92.37,53.22,26.55,134.52,86.77,102.84,44.48,61.29,12.33,3179.23,284.65,5.45,0.66,125.14,18.78,8.71,2.91,0.00,0.00,2.93,1.62,3.37,4.95,3.81,6.08,3.61,23.52,59.84,9.09,3.55,5.09
42.60,42.6,27/11/2025 19:04:29,-1.289,3.766,1181251.343,15.7,895813.0,617557.0,970848.47,4771.95,1741.12,5656.23,984.81,10514.06,427.12,148.75,87.00,3393.73,112.18,78.45,65.25,1431.26,64.56,14.77,15.31,136.83,48.03,74.68,30.73,112.43,20.08,2636.50,238.23,4.19,0.52,77.48,9.49,8.58,2.34,0.00,0.00,3.33,1.37,1.43,3.63,3.72,4.50,20.86,20.43,58.72,8.57,3.60,4.49,56528.88,7913.21,2887.25,10687.23,1860.76,22493.10,913.75,340.84,199.35,8473.82,280.11,94.50,78.60,2002.62,90.33,24.64,25.54,244.26,85.74,109.15,44.92,161.55,28.85,3769.52,340.60,5.33,0.66,96.98,11.88,10.68,2.91,0.00,0.00,3.93,1.62,1.93,4.91,4.96,6.00,23.29,22.81,63.26,9.23,4.08,5.09
42.70,42.7,27/11/2025 19:05:02,-0.359,7.209,,15.7,896171.0,615647.0,970310.35,5173.48,1733.85,5814.25,1008.08,10328.05,421.15,136.94,80.95,3314.86,109.82,167.16,83.35,1422.26,64.69,22.18,15.41,104.85,47.84,80.02,31.78,67.53,12.76,2875.84,261.18,3.58,0.50,90.89,12.56,6.45,2.33,0.00,0.00,2.04,1.37,2.97,3.67,1.94,4.51,16.92,20.53,55.05,8.50,2.41,4.47,57208.25,8579.06,2875.20,10985.81,1904.74,22095.15,900.98,313.79,185.49,8276.90,274.22,201.36,100.40,1990.03,90.52,37.01,25.70,187.18,85.41,116.95,46.44,97.03,18.34,4111.71,373.42,4.55,0.63,113.77,15.72,8.03,2.90,0.00,0.00,2.41,1.62,4.01,4.96,2.58,6.01,18.89,22.92,59.31,9.16,2.73,5.07
42.80,42.8,27/11/2025 19:05:36,-0.002,3.570,,15.7,899336.0,615510.0,969391.54,5210.62,1806.19,6398.42,1096.79,10606.41,430.77,51.95,37.66,3320.21,110.22,137.12,78.95,1452.76,65.28,19.77,15.50,101.60,47.71,73.94,30.60,131.75,23.19,2932.33,266.46,4.21,0.52,68.59,7.57,8.68,2.28,0.00,0.00,3.26,1.37,2.59,3.65,2.40,4.57,17.46,20.50,61.55,8.74,2.83,4.47,58933.86,8640.65,2995.16,12089.58,2072.35,22690.66,921.55,119.03,86.29,8290.25,275.21,165.17,95.11,2032.70,91.34,32.99,25.86,181.37,85.18,108.07,44.72,189.31,33.32,4192.48,380.97,5.36,0.66,85.86,9.47,10.81,2.84,0.00,0.00,3.86,1.62,3.50,4.93,3.20,6.10,19.49,22.89,66.31,9.41,3.21,5.07
42.90,42.9,27/11/2025 19:06:10,0.619,7.272,,15.7,901760.0,615965.0,968883.67,5533.95,1816.82,6128.83,1056.93,10630.61,431.98,50.39,36.90,3293.10,109.54,343.91,101.63,1499.18,65.92,20.12,15.63,77.78,48.10,80.22,32.06,61.49,11.78,3239.99,296.13,4.39,0.52,47.18,3.93,10.68,2.40,0.00,0.00,2.53,1.39,4.14,3.71,5.17,4.59,19.64,20.84,59.20,8.69,3.82,4.61,59543.24,9176.82,3012.80,11580.20,1997.03,22742.43,924.15,115.46,84.56,8222.56,273.52,414.27,122.42,2097.67,92.23,33.58,26.07,138.85,85.86,117.24,46.86,88.35,16.92,4632.35,423.38,5.59,0.67,59.06,4.92,13.30,2.99,0.00,0.00,3.00,1.64,5.60,5.01,6.89,6.12,21.92,23.27,63.77,9.36,4.34,5.23
43.00,43.0,27/11/2025 19:06:53,1.172,9.124,,15.7,904049.0,615331.0,969617.15,4817.77,1764.21,5948.38,1030.37,10786.29,437.33,80.88,53.57,3162.40,106.42,434.80,110.29,1482.54,65.25,22.96,15.60,115.86,48.39,77.30,31.37,157.64,27.67,3108.87,283.51,3.95,0.51,81.31,10.17,10.34,2.33,0.00,0.00,2.48,1.40,3.05,3.69,2.75,4.57,12.90,20.68,66.16,8.75,4.25,4.59,58233.95,7989.18,2925.55,11239.24,1946.85,23075.49,935.59,185.32,122.76,7896.22,265.71,523.76,132.86,2074.37,91.30,38.30,26.02,206.82,86.38,112.98,45.84,226.50,39.75,4444.88,405.34,5.02,0.65,101.79,12.73,12.87,2.90,0.00,0.00,2.93,1.65,4.12,4.99,3.67,6.10,14.40,23.09,71.27,9.43,4.82,5.21
43.10,43.1,27/11/2025 19:07:27,0.702,10.585,1181251.273,15.7,902578.0,612486.0,969069.90,5406.95,1781.70,6000.57,1036.76,11038.99,445.06,113.35,69.72,3450.74,113.82,278.61,96.70,1481.65,65.91,51.46,21.32,87.54,48.25,62.37,28.89,98.56,17.92,2686.92,242.97,3.81,0.50,81.03,10.20,8.45,2.28,0.00,0.00,4.08,1.39,3.73,3.65,2.96,4.50,5.58,20.85,59.98,8.59,2.77,4.38,59725.91,8966.21,2954.54,11337.86,1958.91,23616.10,952.13,259.72,159.75,8616.16,284.20,335.62,116.49,2073.14,92.22,85.85,35.58,156.28,86.13,91.16,42.23,141.61,25.75,3841.61,347.38,4.85,0.63,101.43,12.76,10.52,2.84,0.00,0.00,4.82,1.64,5.04,4.94,3.94,6.01,6.23,23.28,64.62,9.25,3.14,4.97
43.20,43.2,27/11/2025 19:08:00,-0.013,13.231,,15.7,907364.0,611370.0,967298.29,6314.67,1831.06,6427.94,1102.52,11367.65,457.00,34.48,27.35,3371.98,111.66,431.77,111.18,1547.38,67.17,33.63,16.10,71.88,48.61,80.71,32.29,120.32,21.46,2686.62,242.84,4.17,0.51,105.49,16.24,8.51,2.32,0.00,0.00,7.79,1.77,2.05,3.68,2.29,4.53,19.40,21.07,58.34,8.57,4.65,4.50,62688.96,10471.46,3036.40,12145.35,2083.17,24319.20,977.67,79.00,62.66,8419.51,278.80,520.11,133.93,2165.10,93.98,56.11,26.86,128.33,86.78,117.96,47.19,172.88,30.84,3841.18,347.20,5.30,0.65,132.05,20.33,10.59,2.88,0.00,0.00,9.21,2.09,2.77,4.97,3.05,6.04,21.66,23.53,62.85,9.23,5.28,5.10
43.30,43.3,27/11/2025 19:08:34,-0.020,15.479,,15.7,910836.0,610611.0,967319.67,5960.32,1870.96,6562.02,1125.17,11411.46,458.91,56.17,40.86,3536.99,116.43,377.09,106.74,1571.40,67.75,30.67,16.02,109.13,49.39,73.64,31.09,133.91,23.83,2662.80,240.61,4.42,0.51,87.17,11.53,6.95,2.27,0.00,0.00,8.62,1.87,6.02,3.71,1.83,4.46,16.25,21.18,60.83,8.65,2.64,4.54,62892.63,9883.86,3102.57,12398.69,2125.96,24412.93,981.76,128.70,93.63,8831.52,290.72,454.24,128.58,2198.72,94.79,51.18,26.73,194.82,88.17,107.62,45.44,192.40,34.23,3807.12,344.01,5.62,0.65,109.11,14.43,8.65,2.83,0.00,0.00,10.20,2.22,8.13,5.01,2.44,5.95,18.15,23.65,65.53,9.31,2.99,5.15
43.40,43.4,27/11/2025 19:09:07,1.151,17.525,,15.7,917523.0,608245.0,968877.51,3431.03,1784.91,6414.15,1104.56,11724.55,469.63,176.88,103.39,3837.78,124.23,446.14,113.68,1713.25,68.84,70.91,25.92,121.89,49.31,73.35,31.03,177.99,31.31,2764.95,250.41,4.26,0.52,56.69,5.38,7.76,2.39,0.13,0.18,10.63,2.09,8.87,3.68,2.87,4.50,18.34,21.12,56.70,8.33,3.40,4.61,60666.10,5689.59,2959.87,12119.31,2087.02,25082.75,1004.70,405.29,236.91,9582.56,310.20,537.43,136.94,2397.20,96.33,118.31,43.25,217.59,88.03,107.20,45.36,255.74,44.99,3953.16,358.02,5.42,0.66,70.96,6.74,9.65,2.97,0.17,0.24,12.58,2.48,11.98,4.97,3.83,6.00,20.47,23.58,61.08,8.97,3.85,5.23
43.50,43.5,27/11/2025 19:09:50,0.191,17.596,,15.7,915954.0,597406.0,965618.80,5553.71,1861.05,6540.42,1121.96,12205.85,485.45,71.70,49.45,4071.53,130.90,545.25,123.79,1841.46,70.41,91.26,29.76,151.60,50.35,77.67,32.03,106.30,19.33,2931.79,266.15,4.22,0.53,68.59,7.40,8.36,2.27,0.00,0.00,21.85,2.83,8.32,3.74,1.47,4.44,16.19,21.36,58.36,8.68,5.28,4.78,66352.26,9209.59,3086.14,12357.88,2119.91,26112.40,1038.54,164.30,113.31,10166.21,326.83,656.81,149.12,2576.59,98.51,152.27,49.66,270.63,89.89,113.52,46.81,152.74,27.78,4191.71,380.52,5.38,0.67,85.86,9.27,10.41,2.82,0.00,0.00,25.84,3.35,11.24,5.05,1.96,5.93,18.07,23.85,62.86,9.35,5.99,5.42
43.60,43.6,27/11/2025 19:10:24,0.029,18.714,1181250.550,15.7,917340.0,591501.0,965417.86,5725.82,1863.20,6656.29,1139.04,12560.79,496.77,58.00,41.87,3570.98,117.11,413.79,111.12,1833.36,70.83,179.37,40.41,153.71,50.09,80.86,32.52,95.77,17.54,3049.04,277.41,4.24,0.52,70.25,7.71,8.09,2.34,0.00,0.00,27.34,3.11,8.03,3.76,1.77,4.41,10.72,21.30,66.85,8.94,7.06,4.67,66486.30,9494.98,3089.70,12576.81,2152.18,26871.74,1062.76,132.90,95.94,8916.40,292.41,498.45,133.85,2565.25,99.11,299.27,67.42,274.40,89.42,118.18,47.53,137.61,25.20,4359.35,396.62,5.40,0.67,87.94,9.65,10.07,2.91,0.00,0.00,32.34,3.68,10.84,5.07,2.36,5.88,11.97,23.78,72.01,9.63,8.01,5.30
43.70,43.7,27/11/2025 19:10:57,0.197,18.517,,15.7,919602.0,588402.0,964547.98,6260.48,1895.46,6503.54,1117.94,12680.30,501.59,165.19,97.75,3972.78,128.59,473.00,117.26,1788.93,70.46,54.06,22.38,133.12,50.38,65.82,30.09,81.41,15.30,3040.33,276.56,3.94,0.51,91.92,12.41,11.46,2.40,0.00,0.00,22.58,2.89,13.61,3.79,1.28,4.35,19.37,21.49,63.76,8.87,5.13,4.79,68333.42,10381.60,3143.20,12288.20,2112.31,27127.42,1073.07,378.51,223.98,9919.64,321.08,569.78,141.25,2503.08,98.59,90.21,37.34,237.65,89.93,96.21,43.98,116.98,21.98,4346.89,395.40,5.01,0.65,115.07,15.54,14.27,2.99,0.00,0.00,26.70,3.42,18.39,5.11,1.70,5.80,21.62,24.00,68.69,9.55,5.83,5.43
43.80,43.8,27/11/2025 19:11:30,0.833,18.712,,15.7,924462.0,593064.0,962469.45,6659.76,1833.55,7451.80,1258.52,13304.66,522.93,28.69,24.31,3812.72,124.63,604.73,131.22,1855.22,71.45,157.11,38.87,63.97,50.17,78.00,32.46,90.60,16.85,3203.26,292.13,4.38,0.53,87.35,11.22,11.05,2.46,0.00,0.00,22.28,2.88,18.74,3.90,0.89,4.50,12.36,21.87,58.52,8.82,4.48,4.78,71960.53,11043.72,3040.54,14079.90,2377.92,28463.12,1118.73,65.74,55.71,9520.00,311.19,728.46,158.07,2595.83,99.98,262.13,64.86,114.19,89.56,114.01,47.44,130.18,24.21,4579.84,417.67,5.58,0.68,109.34,14.04,13.75,3.06,0.00,0.00,26.34,3.40,25.31,5.27,1.18,6.00,13.80,24.42,63.03,9.50,5.08,5.42
43.90,43.9,27/11/2025 19:12:04,-0.149,17.987,,15.7,929309.0,594969.0,962832.12,6149.54,1874.91,7122.13,1209.79,13874.86,541.11,71.11,49.89,4203.16,134.93,535.65,125.66,1925.21,72.64,84.71,29.23,117.05,50.99,79.09,32.75,93.63,17.42,2732.55,247.04,4.06,0.51,46.50,3.77,7.98,2.35,0.00,0.00,22.23,2.86,11.50,3.77,2.85,4.42,16.91,21.89,60.95,8.86,6.21,4.68,72052.23,10197.63,3109.12,13457.00,2285.85,29682.98,1157.61,162.93,114.33,10494.90,336.92,645.24,151.38,2693.77,101.64,141.34,48.77,208.95,91.03,115.60,47.86,134.53,25.03,3906.84,353.20,5.16,0.65,58.21,4.72,9.93,2.92,0.00,0.00,26.29,3.39,15.53,5.09,3.80,5.90,18.88,24.44,65.65,9.54,7.05,5.31
44.00,44.0,27/11/2025 19:12:47,0.401,19.309,,15.7,935163.0,596923.0,960286.66,7868.35,1970.62,7372.79,1249.49,13870.71,542.25,48.45,37.51,4294.18,137.81,438.47,117.84,2040.37,74.08,135.40,36.34,152.75,51.64,77.18,32.55,112.80,20.60,3131.39,285.14,4.10,0.53,23.00,1.28,9.25,2.43,0.00,0.00,26.62,3.12,11.56,3.91,0.77,4.48,24.07,21.98,65.28,8.86,5.86,4.87,76316.89,13047.89,3267.84,13930.60,2360.87,29674.09,1160.06,111.02,85.96,10722.16,344.10,528.18,141.95,2854.89,103.65,225.92,60.64,272.69,92.19,112.80,47.58,162.07,29.61,4477.09,407.67,5.22,0.67,28.79,1.60,11.51,3.03,0.00,0.00,31.48,3.69,15.62,5.28,1.02,5.98,26.88,24.54,70.32,9.54,6.65,5.53
44.10,44.1,27/11/2025 19:13:20,0.010,17.396,1181251.274,15.7,932987.0,601519.0,961123.78,6962.09,1916.56,7449.87,1260.27,13788.42,539.66,148.84,90.52,4101.65,132.80,798.61,154.01,1862.80,72.32,182.99,41.95,122.51,51.55,68.55,31.12,55.15,10.95,3166.80,288.58,4.44,0.54,41.38,3.08,7.54,2.42,0.00,0.00,25.26,3.07,14.02,3.92,1.85,4.58,4.31,22.18,62.62,9.01,6.51,4.82,74699.23,11545.06,3178.18,14076.26,2381.24,29498.05,1154.52,341.06,207.42,10241.43,331.59,962.01,185.53,2606.44,101.19,305.31,69.99,218.71,92.03,100.18,45.49,79.24,15.74,4527.71,412.60,5.65,0.68,51.80,3.86,9.38,3.01,0.00,0.00,29.87,3.63,18.94,5.29,2.47,6.11,4.81,24.76,67.45,9.70,7.39,5.47
44.20,44.2,27/11/2025 19:13:54,0.398,22.489,,15.6,932856.0,606859.0,963481.29,5947.76,1876.17,7068.75,1202.39,13427.65,526.56,155.00,92.58,3893.51,126.69,585.39,130.26,1853.44,72.11,84.59,29.15,114.03,50.85,79.43,32.78,98.55,18.27,3019.27,274.60,4.13,0.53,54.91,4.99,7.43,2.37,0.00,0.00,21.84,2.85,11.71,3.89,1.06,4.61,22.30,21.86,62.78,8.93,5.19,4.85,70464.67,9863.02,3111.21,13356.15,2271.88,28726.24,1126.49,355.15,212.13,9721.72,316.32,705.16,156.91,2593.35,100.89,141.14,48.63,203.57,90.78,116.09,47.91,141.59,26.26,4316.78,392.60,5.26,0.67,68.73,6.25,9.25,2.95,0.00,0.00,25.82,3.38,15.82,5.25,1.41,6.14,24.90,24.41,67.63,9.62,5.88,5.50
44.30,44.3,27/11/2025 19:14:27,0.129,24.208,,15.6,940588.0,607053.0,962648.40,6404.77,1930.19,6908.15,1179.95,13396.61,526.25,114.00,72.44,4371.30,140.06,586.05,131.42,1964.10,73.29,104.66,33.05,80.08,51.44,52.07,28.65,84.87,16.13,3100.54,282.47,4.21,0.54,58.30,5.51,8.72,2.40,0.00,0.00,24.70,3.02,15.03,3.94,0.26,4.59,7.01,22.32,58.61,8.79,7.58,4.83,72130.66,10620.87,3200.78,13052.69,2229.47,28659.83,1125.83,261.21,165.98,10914.71,349.71,705.95,158.31,2748.19,102.55,174.62,55.15,142.95,91.82,76.11,41.88,121.94,23.18,4432.98,403.85,5.36,0.68,72.98,6.90,10.86,2.98,0.00,0.00,29.21,3.57,20.30,5.33,0.34,6.12,7.82,24.92,63.14,9.47,8.59,5.48
44.40,44.4,27/11/2025 19:15:00,0.932,21.032,,15.6,946210.0,604320.0,961924.75,6396.79,1957.00,7239.82,1231.39,13776.21,539.65,33.19,55.99,4399.08,140.80,502.56,124.17,1973.65,74.05,135.95,37.51,124.21,52.27,74.09,32.23,96.35,18.05,3142.14,286.44,4.37,0.54,40.34,2.96,10.03,2.48,0.00,0.00,33.42,3.46,16.64,3.99,0.51,4.55,5.51,22.43,62.63,9.01,7.77,4.92,73587.39,10607.64,3245.24,13679.38,2326.66,29471.93,1154.49,76.05,128.29,10984.09,351.58,605.39,149.58,2761.54,103.61,226.83,62.59,221.73,93.31,108.29,47.11,138.44,25.94,4492.45,409.53,5.56,0.68,50.50,3.71,12.48,3.09,0.00,0.00,39.52,4.09,22.47,5.40,0.68,6.07,6.15,25.04,67.47,9.71,8.82,5.58
44.50,44.5,27/11/2025 19:15:44,1.101,27.844,,15.6,945623.0,603146.0,961029.74,6347.50,1940.97,7229.79,1229.23,14385.79,559.78,81.86,56.58,4241.46,136.64,739.96,148.54,2106.48,75.24,235.47,46.19,161.19,52.44,81.40,33.57,79.11,15.17,3076.07,279.91,4.21,0.53,50.35,4.25,9.51,2.45,0.00,0.00,32.96,3.48,17.34,3.93,0.00,0.00,15.90,22.35,66.37,9.11,7.54,4.88,75130.87,10525.90,3218.66,13660.42,2322.58,30776.03,1197.56,187.56,129.64,10590.52,341.17,891.35,178.93,2947.40,105.28,392.87,77.06,287.75,93.62,118.98,49.07,113.66,21.80,4398.00,400.21,5.36,0.67,63.02,5.32,11.84,3.05,0.00,0.00,38.98,4.12,23.42,5.31,0.00,0.00,17.75,24.95,71.50,9.81,8.55,5.53
44.60,44.6,27/11/2025 19:16:17,1.021,28.367,1181251.210,15.7,943503.0,594176.0,956678.95,8694.85,2011.07,7313.52,1241.04,15675.38,602.25,3.84,3.92,4440.63,142.12,840.36,160.51,2270.47,77.63,227.35,46.44,148.30,53.22,57.50,29.99,59.89,11.88,3364.35,307.22,4.11,0.54,71.03,7.57,8.85,2.48,0.00,0.00,41.62,3.88,18.22,4.04,0.42,4.65,9.11,22.78,63.07,9.28,8.16,4.96,82949.02,14418.46,3334.91,13818.62,2344.89,33534.89,1288.41,8.81,8.98,11087.83,354.86,1012.30,193.35,3176.86,108.62,379.33,77.48,264.74,95.01,84.04,43.84,86.06,17.07,4810.16,439.25,5.23,0.69,88.91,9.47,11.02,3.08,0.00,0.00,49.22,4.58,24.62,5.45,0.57,6.20,10.17,25.43,67.94,10.00,9.25,5.63
44.70,44.7,27/11/2025 19:16:51,-1.993,28.703,,15.7,947635.0,592894.0,958024.78,7047.26,1962.50,7332.55,1244.28,15173.71,585.92,65.74,48.21,4610.03,147.18,1019.39,181.58,2277.11,77.51,281.63,50.67,123.94,53.07,77.47,33.22,184.50,32.76,3611.35,331.11,4.01,0.54,29.35,1.78,10.47,2.57,0.00,0.00,33.40,3.58,17.06,4.08,1.02,4.67,4.72,22.90,64.60,9.35,5.88,5.06,80511.20,11686.30,3254.36,13854.58,2351.02,32461.64,1253.47,150.64,110.48,11510.79,367.49,1227.97,218.73,3186.15,108.46,469.90,84.55,221.26,94.75,113.23,48.55,265.10,47.07,5163.31,473.40,5.11,0.69,36.74,2.23,13.04,3.19,0.00,0.00,39.50,4.23,23.05,5.52,1.36,6.22,5.27,25.56,69.59,10.07,6.67,5.74
44.80,44.8,27/11/2025 19:17:24,-0.538,30.353,,15.6,949902.0,596444.0,960065.18,5945.08,1886.24,7117.68,1212.11,15010.32,580.34,45.21,35.94,4504.89,143.76,789.38,154.16,2186.68,76.37,201.36,43.95,126.72,52.35,82.79,33.88,152.19,27.26,3576.89,328.03,4.25,0.54,47.89,3.86,8.91,2.47,0.00,0.00,33.91,3.56,16.59,4.02,2.77,4.60,13.42,22.49,63.47,9.21,4.44,5.04,77028.57,9858.58,3127.90,13448.59,2290.24,32112.09,1241.54,103.60,82.36,11248.28,358.94,950.89,185.70,3059.61,106.86,335.96,73.33,226.21,93.45,121.00,49.51,218.67,39.17,5114.04,468.99,5.40,0.69,59.95,4.83,11.09,3.07,0.00,0.00,40.10,4.21,22.41,5.43,3.70,6.13,14.98,25.11,68.37,9.92,5.04,5.72
44.90,44.9,27/11/2025 19:17:58,1.295,32.804,,15.6,948383.0,600385.0,961119.51,5798.69,1936.88,7172.45,1221.67,14718.84,570.75,98.20,64.99,4211.46,136.02,625.83,137.05,1894.37,73.72,135.01,37.59,146.99,52.72,81.19,33.51,160.68,28.76,3625.99,332.98,4.21,0.54,71.77,7.78,8.70,2.47,0.00,0.00,32.57,3.46,14.22,4.00,0.26,4.69,1.14,22.44,69.27,9.25,8.67,5.06,75072.79,9615.84,3211.88,13552.08,2308.30,31488.54,1221.02,225.02,148.92,10515.61,339.63,753.88,165.10,2650.61,103.15,225.26,62.71,262.40,94.12,118.66,48.98,230.87,41.32,5184.23,476.07,5.35,0.69,89.84,9.74,10.83,3.08,0.00,0.00,38.51,4.09,19.21,5.40,0.34,6.25,1.27,25.05,74.62,9.97,9.84,5.75
45.00,45.0,27/11/2025 19:18:42,-1.130,31.673,,15.6,945898.0,596802.0,961133.45,5762.60,1867.94,7510.45,1269.84,13827.43,540.53,51.53,39.52,4438.44,141.44,668.08,139.97,2130.43,75.31,238.50,46.86,167.77,52.71,78.53,33.00,128.97,23.31,3663.23,336.43,3.79,0.53,53.31,4.64,8.52,2.49,0.00,0.00,38.27,3.72,16.94,3.93,1.67,4.62,4.46,22.39,64.26,9.11,9.37,4.98,74786.68,9555.98,3097.56,14190.72,2399.32,29581.50,1156.38,118.07,90.55,11082.36,353.16,804.77,168.61,2980.91,105.37,397.94,78.19,299.51,94.10,114.78,48.22,185.30,33.49,5237.48,481.01,4.82,0.67,66.73,5.80,10.61,3.09,0.00,0.00,45.26,4.40,22.88,5.31,2.23,6.16,4.98,25.00,69.22,9.81,10.63,5.65
45.10,45.1,27/11/2025 19:19:15,-1.222,38.693,1181246.114,15.7,944341.0,591742.0,961059.35,5800.08,1961.46,7224.83,1230.15,14213.96,554.13,80.73,55.96,4553.67,144.86,765.63,151.68,2026.75,74.86,179.42,41.98,105.95,51.88,77.34,32.82,120.88,21.99,3594.35,329.79,4.34,0.54,53.42,4.66,8.62,2.49,0.00,0.00,34.43,3.57,16.96,3.97,2.60,4.56,5.56,22.41,64.13,9.12,7.01,4.95,75138.44,9618.13,3252.65,13651.05,2324.31,30408.41,1185.47,184.99,128.23,11370.07,361.70,922.28,182.72,2835.85,104.75,299.35,70.05,189.14,92.61,113.04,47.96,173.69,31.59,5139.00,471.52,5.53,0.69,66.87,5.83,10.73,3.10,0.00,0.00,40.72,4.22,22.90,5.36,3.47,6.08,6.21,25.03,69.08,9.83,7.95,5.61
45.20,45.2,27/11/2025 19:19:48,-0.747,32.741,,15.7,943203.0,587472.0,960642.60,6040.29,1914.28,7670.62,1295.15,14328.76,557.95,96.44,64.08,4282.28,137.36,829.59,158.04,2079.47,74.87,154.80,39.34,105.49,51.95,57.48,29.56,86.08,16.26,3401.47,311.12,4.39,0.54,60.37,5.76,11.65,2.52,0.00,0.00,38.59,3.72,17.75,3.96,1.46,4.52,19.52,22.42,64.82,9.12,6.08,4.86,75769.46,10016.46,3174.41,14493.36,2447.13,30654.02,1193.65,220.97,146.83,10692.44,342.97,999.33,190.37,2909.60,104.75,258.29,65.64,188.33,92.74,84.01,43.20,123.69,23.37,4863.23,444.82,5.59,0.68,75.56,7.21,14.50,3.14,0.00,0.00,45.64,4.40,23.97,5.35,1.95,6.03,21.79,25.03,69.82,9.83,6.90,5.51
45.30,45.3,27/11/2025 19:20:22,0.054,34.653,,15.7,944395.0,586232.0,959895.64,6940.09,1935.92,7477.84,1264.62,14031.01,547.52,97.44,64.20,4336.27,139.01,719.92,146.52,2428.56,78.55,190.85,42.72,117.58,51.93,70.06,31.56,145.78,26.06,3348.93,305.89,3.82,0.52,45.02,3.49,7.75,2.46,0.00,0.00,43.54,3.94,16.12,3.97,0.27,4.50,15.91,22.38,59.66,9.03,7.94,4.93,76834.34,11508.59,3210.29,14129.10,2389.45,30017.04,1171.32,223.27,147.12,10827.25,347.10,867.21,176.50,3398.05,109.90,318.44,71.29,209.90,92.70,102.40,46.12,209.46,37.44,4788.11,437.35,4.86,0.67,56.36,4.37,9.65,3.07,0.00,0.00,51.49,4.66,21.77,5.37,0.36,6.01,17.76,24.99,64.27,9.73,9.01,5.59
45.40,45.4,27/11/2025 19:20:55,-0.818,32.407,,15.7,940319.0,592866.0,962231.06,5453.92,1907.29,7309.55,1240.14,14017.03,546.89,12.20,11.71,4513.97,143.51,718.57,145.50,2084.11,74.81,147.55,38.65,138.17,52.14,73.47,31.98,114.85,20.93,2977.14,270.35,4.04,0.52,51.77,4.47,8.74,2.36,0.00,0.00,36.62,3.60,16.33,3.91,3.67,4.50,13.41,22.28,65.66,8.95,8.16,4.88,73190.80,9044.10,3162.82,13811.12,2343.20,29987.12,1169.99,27.96,26.84,11270.96,358.33,865.59,175.27,2916.10,104.68,246.19,64.49,246.66,93.08,107.38,46.74,165.02,30.08,4256.55,386.54,5.14,0.66,64.80,5.60,10.87,2.94,0.00,0.00,43.30,4.25,22.06,5.29,4.90,6.00,14.97,24.87,70.73,9.64,9.26,5.53
45.50,45.5,27/11/2025 19:21:38,-0.743,30.158,,15.6,941372.0,601556.0,959783.93,6337.65,1933.46,7735.31,1304.59,15114.21,583.59,61.14,45.15,4361.43,139.46,750.78,149.61,2096.02,75.53,181.45,41.93,138.50,52.41,60.63,30.11,19.51,4.25,3160.75,287.88,4.09,0.53,43.01,3.26,9.07,2.44,0.00,0.00,33.79,3.48,14.48,3.92,0.53,4.60,19.38,22.45,66.42,9.17,7.91,4.96,77745.26,10509.57,3206.21,14615.58,2464.97,32334.35,1248.49,140.09,103.46,10890.07,348.23,904.39,180.22,2932.77,105.68,302.75,69.96,247.24,93.57,88.62,44.01,28.03,6.11,4519.07,411.60,5.21,0.68,53.84,4.08,11.29,3.03,0.00,0.00,39.96,4.11,19.56,5.29,0.71,6.13,21.63,25.07,71.55,9.88,8.98,5.63
45.60,45.6,27/11/2025 19:22:12,-0.597,30.091,1181243.275,15.6,938072.0,604584.0,958548.40,7460.55,1974.54,7581.13,1281.36,15186.09,585.73,112.15,71.57,4414.36,141.16,606.17,134.84,1976.93,74.64,213.67,45.31,68.73,51.78,63.78,30.75,64.97,12.77,3512.18,321.72,4.25,0.54,62.83,6.14,9.54,2.43,0.00,0.00,29.20,3.29,13.71,3.96,3.02,4.64,0.61,22.62,60.61,9.02,7.15,4.91,79873.93,12371.65,3274.33,14324.25,2421.08,32488.13,1253.07,256.98,164.00,11022.24,352.47,730.19,162.43,2766.13,104.44,356.51,75.60,122.69,92.43,93.22,44.95,93.35,18.35,5021.52,459.98,5.41,0.69,78.65,7.69,11.87,3.02,0.00,0.00,34.53,3.89,18.53,5.35,4.02,6.19,0.68,25.26,65.28,9.72,8.11,5.57
45.70,45.7,27/11/2025 19:22:45,-1.114,31.078,,15.7,935728.0,599033.0,962041.36,6122.95,1897.75,7073.59,1203.85,13717.54,536.80,46.91,36.75,4295.24,137.82,742.13,147.74,1935.16,73.09,169.87,40.78,89.79,51.00,78.93,32.85,54.43,10.79,3463.61,317.20,4.23,0.54,44.82,3.50,8.63,2.37,0.00,0.00,27.89,3.20,11.44,3.89,1.15,4.59,0.26,22.13,64.80,8.96,5.26,4.88,73086.83,10153.54,3146.99,13365.28,2274.63,29346.42,1148.39,107.48,84.20,10724.81,344.12,893.97,177.97,2707.69,102.27,283.43,68.05,160.30,91.04,115.36,48.01,78.21,15.50,4952.07,453.52,5.38,0.69,56.10,4.38,10.74,2.95,0.00,0.00,32.99,3.78,15.45,5.25,1.53,6.12,0.29,24.71,69.81,9.65,5.97,5.54
45.80,45.8,27/11/2025 19:23:19,-0.640,33.861,,15.6,942362.0,598319.0,961365.36,6207.28,1916.76,7593.58,1282.06,13590.83,533.15,93.37,62.36,4327.80,138.76,523.49,125.83,2071.63,74.99,187.78,42.78,142.00,52.27,65.42,30.71,54.13,10.81,3581.75,328.64,3.85,0.53,68.42,7.18,7.28,2.39,0.00,0.00,28.97,3.25,11.65,3.99,0.42,4.64,1.81,22.35,66.53,9.27,6.65,4.95,74358.35,10293.38,3178.52,14347.78,2422.40,29075.33,1140.59,213.94,142.89,10806.09,346.46,630.60,151.57,2898.64,104.92,313.31,71.37,253.50,93.30,95.62,44.88,77.77,15.53,5120.98,469.87,4.90,0.68,85.64,8.99,9.06,2.97,0.00,0.00,34.26,3.84,15.74,5.38,0.56,6.18,2.02,24.95,71.66,9.99,7.55,5.61
45.90,45.9,27/11/2025 19:23:53,0.153,35.314,,15.6,946228.0,599148.0,960993.26,6118.82,1936.97,7239.52,1233.01,14407.23,561.06,101.78,67.40,4341.41,139.19,670.29,140.67,2071.26,74.91,150.16,39.08,126.13,52.20,77.85,32.90,73.74,14.22,3430.56,314.02,4.44,0.55,56.91,5.21,9.45,2.47,0.00,0.00,31.40,3.37,14.94,3.98,1.69,4.61,5.36,22.39,66.11,9.22,7.68,4.92,75260.65,10146.70,3212.04,13678.79,2329.72,30821.89,1200.30,233.23,154.45,10840.08,347.56,807.44,169.45,2898.11,104.82,250.55,65.20,225.17,93.19,113.79,48.08,105.96,20.43,4904.83,448.97,5.65,0.69,71.24,6.52,11.76,3.08,0.00,0.00,37.14,3.99,20.18,5.37,2.25,6.14,5.98,25.00,71.21,9.93,8.72,5.58
46.00,46.0,27/11/2025 19:24:37,-0.285,37.627,,15.6,952334.0,603908.0,958223.57,7859.92,2015.92,7614.42,1289.77,15190.92,587.83,10.97,10.89,4535.88,145.08,730.58,148.21,2045.22,75.50,133.38,37.05,158.57,53.23,75.60,32.79,43.08,8.87,3194.63,291.18,4.34,0.55,31.07,1.95,10.15,2.49,0.00,0.00,30.61,3.38,15.13,3.98,1.28,4.67,23.67,22.63,62.38,9.06,4.61,4.91,80471.87,13033.92,3342.95,14387.17,2436.98,32498.46,1257.56,25.14,24.94,11325.64,362.24,880.06,178.53,2861.69,105.64,222.55,61.82,283.08,95.02,110.49,47.93,61.90,12.75,4567.50,416.31,5.53,0.70,38.89,2.45,12.63,3.10,0.00,0.00,36.20,4.00,20.44,5.37,1.71,6.23,26.43,25.27,67.19,9.76,5.24,5.57
46.10,46.1,27/11/2025 19:25:10,-1.360,39.081,1181244.926,15.6,951711.0,601895.0,956763.56,8853.74,2087.00,8105.16,1364.43,15163.52,586.88,94.37,64.03,4523.02,144.84,679.02,143.83,2040.17,75.96,164.44,40.91,129.77,53.08,83.63,34.27,57.57,11.48,3157.58,287.49,4.46,0.55,45.03,3.50,8.30,2.44,0.00,0.00,29.71,3.32,15.83,4.03,0.09,4.69,10.56,22.77,63.03,9.14,7.46,4.99,83061.19,14681.95,3460.83,15314.40,2578.05,32439.85,1255.52,216.24,146.73,11293.54,361.65,817.95,173.25,2854.61,106.29,274.37,68.26,231.66,94.75,122.22,50.09,82.71,16.49,4514.53,411.04,5.67,0.69,56.36,4.38,10.34,3.03,0.00,0.00,35.13,3.92,21.38,5.45,0.12,6.25,11.79,25.42,67.90,9.84,8.46,5.66
46.20,46.2,27/11/2025 19:25:43,-0.893,41.533,,15.6,947090.0,597779.0,956178.09,7563.57,1990.64,8121.74,1364.51,16212.41,620.68,150.34,91.95,4435.24,142.12,798.96,156.18,2302.83,78.25,179.52,42.41,157.97,53.58,86.83,34.89,27.79,5.94,3589.27,328.92,3.78,0.53,44.73,3.42,8.14,2.49,0.00,0.00,40.44,3.86,18.50,4.06,0.72,4.71,4.92,22.77,67.45,9.42,6.77,5.03,84286.03,12542.48,3301.03,15345.72,2578.20,34683.78,1327.83,344.49,210.69,11074.37,354.85,962.43,188.13,3222.13,109.49,299.52,70.76,282.00,95.64,126.91,50.99,39.93,8.53,5131.73,470.27,4.81,0.68,56.00,4.28,10.13,3.10,0.00,0.00,47.83,4.57,24.99,5.48,0.96,6.28,5.49,25.43,72.66,10.15,7.68,5.71
46.30,46.3,27/11/2025 19:26:16,1.264,45.829,,15.6,952878.0,598284.0,958238.64,8013.38,1998.35,7629.44,1290.71,14693.66,570.75,5.39,5.50,4214.77,135.83,734.56,148.88,2162.64,76.47,217.10,45.41,142.20,52.92,88.82,35.13,126.07,22.96,3549.29,325.30,3.76,0.53,32.99,2.13,8.09,2.51,0.00,0.00,37.09,3.61,17.39,4.05,1.50,4.63,13.53,22.64,61.25,9.06,8.44,4.99,79803.44,13288.40,3313.82,14415.55,2438.75,31434.66,1221.03,12.34,12.61,10523.88,339.14,884.86,179.34,3025.98,107.00,362.22,75.76,253.85,94.47,129.81,51.35,181.15,33.00,5074.57,465.09,4.79,0.68,41.30,2.67,10.07,3.12,0.00,0.00,43.86,4.27,23.49,5.46,2.00,6.17,15.10,25.28,65.98,9.76,9.58,5.66
46.40,46.4,27/11/2025 19:26:50,-0.075,47.679,,15.6,963089.0,593889.0,954309.57,8361.71,2025.78,8261.58,1387.91,16182.40,621.34,30.89,27.09,4534.14,145.55,976.62,177.56,2611.16,81.58,261.99,49.79,170.19,54.82,62.00,31.11,144.33,26.13,3889.51,357.84,4.27,0.56,40.20,2.84,10.12,2.60,0.00,0.00,45.17,4.13,22.91,4.23,0.00,0.00,9.92,23.32,61.36,9.27,9.96,5.32,87158.77,13866.02,3359.31,15609.95,2622.40,34619.57,1329.25,70.79,62.08,11321.31,363.43,1176.44,213.89,3653.56,114.15,437.14,83.07,303.81,97.86,90.62,45.47,207.38,37.54,5561.01,511.62,5.44,0.71,50.32,3.56,12.60,3.23,0.00,0.00,53.42,4.89,30.94,5.71,0.00,0.00,11.07,26.04,66.10,9.99,11.30,6.03
46.50,46.5,27/11/2025 19:27:33,-1.252,49.402,,15.7,947896.0,583634.0,955305.33,7441.15,2019.37,8311.52,1393.86,16904.56,643.57,81.37,56.80,4609.49,146.91,880.17,165.97,2176.53,77.40,239.91,47.65,123.23,53.19,90.03,35.61,60.84,12.02,3542.51,324.27,4.51,0.55,61.03,5.74,9.91,2.45,0.00,0.00,45.74,4.10,30.54,4.24,0.37,4.61,6.77,22.92,67.24,9.30,7.25,5.09,86192.56,12339.47,3348.68,15704.30,2633.64,36164.52,1376.82,186.45,130.14,11509.46,366.81,1060.26,199.93,3045.41,108.30,400.30,79.51,219.99,94.95,131.58,52.05,87.42,17.27,5064.88,463.63,5.74,0.70,76.39,7.19,12.34,3.05,0.00,0.00,54.09,4.84,41.25,5.73,0.49,6.14,7.55,25.59,72.43,10.02,8.22,5.78
46.60,46.6,27/11/2025 19:28:07,0.114,41.793,1181251.080,15.7,947529.0,585391.0,958492.05,5643.68,1954.35,7449.91,1264.30,16411.42,626.93,12.91,12.56,4190.76,135.47,956.74,173.90,2518.22,79.79,329.13,54.18,67.53,52.25,58.92,30.14,99.97,18.56,3552.19,325.37,4.45,0.56,59.16,5.48,9.87,2.48,0.00,0.00,43.54,3.96,21.97,4.08,0.00,0.00,0.00,0.00,67.64,9.18,9.94,5.00,79949.63,9358.77,3240.86,14076.32,2388.85,35109.53,1341.21,29.59,28.79,10463.91,338.27,1152.49,209.48,3523.51,111.64,549.16,90.40,120.55,93.28,86.11,44.05,143.64,26.67,5078.72,465.19,5.66,0.71,74.06,6.86,12.29,3.09,0.00,0.00,51.49,4.68,29.67,5.51,0.00,0.00,0.00,0.00,72.87,9.89,11.28,5.67
46.70,46.7,27/11/2025 19:28:41,0.095,41.723,,15.7,947472.0,586601.0,953754.56,7755.40,2034.27,8378.55,1404.17,17234.28,654.40,105.84,69.26,4705.37,149.70,1136.05,196.95,2497.32,80.79,279.96,50.85,109.94,53.43,91.21,35.99,76.13,14.65,3652.99,334.74,3.99,0.55,53.51,4.55,10.42,2.58,0.00,0.00,42.70,3.98,25.55,4.22,0.86,4.75,6.28,23.13,66.69,9.45,12.41,5.13,88808.59,12860.59,3373.38,15830.95,2653.12,36869.89,1399.97,242.51,158.70,11748.86,373.78,1368.49,237.25,3494.27,113.04,467.11,84.85,196.26,95.38,133.31,52.60,109.39,21.06,5222.84,478.59,5.07,0.70,66.98,5.70,12.97,3.22,0.00,0.00,50.50,4.71,34.52,5.70,1.15,6.33,7.01,25.82,71.84,10.18,14.08,5.82
46.80,46.8,27/11/2025 19:29:14,-1.446,40.269,,15.7,955207.0,589241.0,956863.57,6526.52,1918.66,8351.71,1399.17,16042.46,615.51,125.54,79.70,4627.41,147.69,1017.77,182.52,2296.77,78.77,186.33,43.43,87.65,53.21,62.32,30.87,86.61,16.47,3497.24,320.10,4.10,0.54,57.96,5.28,10.38,2.54,0.00,0.00,38.75,3.79,25.92,4.15,0.20,4.69,12.89,23.08,70.02,9.38,7.87,5.05,83158.34,10822.78,3181.67,15780.25,2643.69,34320.20,1316.77,287.66,182.62,11554.19,368.76,1226.01,219.86,3213.66,110.21,310.90,72.47,156.47,94.98,91.09,45.12,124.45,23.67,5000.16,457.66,5.21,0.69,72.55,6.61,12.92,3.16,0.00,0.00,45.82,4.48,35.01,5.60,0.27,6.26,14.39,25.77,75.43,10.11,8.92,5.73
46.90,46.9,27/11/2025 19:29:47,-0.748,37.231,,15.6,955105.0,594023.0,956941.15,7548.84,1949.46,7991.59,1344.66,15504.46,597.67,139.32,86.46,4370.90,140.53,911.84,169.62,2306.51,78.32,263.86,49.96,130.42,53.58,87.28,35.15,87.70,16.69,3506.18,321.00,4.13,0.54,50.91,4.25,8.23,2.50,0.00,0.00,42.39,3.92,20.16,4.13,4.58,4.72,3.20,23.05,67.98,9.46,8.37,5.02,82534.32,12518.07,3232.73,15099.81,2540.69,33169.23,1278.62,319.23,198.12,10913.72,350.90,1098.40,204.32,3227.28,109.59,440.25,83.36,232.82,95.65,127.57,51.38,126.00,23.98,5012.94,458.95,5.25,0.69,63.73,5.31,10.24,3.11,0.00,0.00,50.13,4.63,27.24,5.58,6.11,6.29,3.57,25.74,73.23,10.19,9.50,5.70
47.00,47.0,27/11/2025 19:30:31,-0.623,35.246,,15.6,955375.0,594707.0,957200.02,6138.72,1926.89,7962.56,1340.62,16242.04,621.58,81.39,56.35,4632.52,147.29,915.19,169.87,2465.14,79.94,243.01,48.01,148.88,53.67,69.71,32.02,62.27,12.30,3627.74,332.65,4.04,0.54,61.05,5.76,8.22,2.48,0.00,0.00,39.17,3.82,18.89,4.12,0.47,4.68,8.33,22.97,61.59,9.31,9.05,5.15,82576.44,10179.70,3195.31,15044.95,2533.05,34747.16,1329.76,186.49,129.11,11566.95,367.78,1102.44,204.63,3449.24,111.85,405.45,80.11,265.78,95.81,101.89,46.80,89.47,17.68,5186.74,475.60,5.15,0.69,76.42,7.21,10.23,3.09,0.00,0.00,46.32,4.52,25.52,5.57,0.63,6.24,9.30,25.64,66.35,10.03,10.26,5.84
47.10,47.1,27/11/2025 19:31:05,-0.938,39.613,1181245.850,15.7,947752.0,591001.0,955884.58,7190.96,1970.21,8220.85,1380.71,16260.87,623.13,55.87,43.20,4567.44,146.49,814.55,157.87,2419.01,79.07,257.78,49.10,150.37,53.60,84.74,34.59,143.79,25.79,3731.53,342.50,4.31,0.56,54.66,4.75,9.15,2.56,0.00,0.00,45.88,4.08,18.62,4.16,1.63,4.71,4.67,22.92,65.72,9.37,13.03,5.15,84765.19,11924.59,3267.15,15532.98,2608.80,34787.45,1333.09,128.03,98.98,11404.46,365.76,981.21,190.17,3384.69,110.64,430.10,81.92,268.43,95.69,123.86,50.55,206.60,37.05,5335.13,489.69,5.49,0.71,68.42,5.94,11.39,3.18,0.00,0.00,54.25,4.83,25.15,5.62,2.18,6.27,5.21,25.59,70.79,10.09,14.78,5.85
47.20,47.2,27/11/2025 19:31:38,-0.300,36.837,,15.7,946084.0,592438.0,958265.40,6773.19,1955.65,7529.69,1275.11,15667.06,602.47,161.80,97.56,4385.68,140.61,716.86,147.41,2237.57,77.68,200.08,44.01,130.72,52.65,79.41,33.41,113.93,20.91,3539.43,324.22,4.41,0.55,46.35,3.64,9.84,2.50,0.00,0.00,37.08,3.69,18.78,4.07,1.65,4.61,9.78,22.61,60.75,9.11,10.52,5.15,80434.74,11231.82,3243.00,14227.06,2409.26,33517.10,1288.89,370.74,223.55,10950.62,351.09,863.54,177.57,3130.82,108.69,333.84,73.44,233.36,94.00,116.07,48.83,163.70,30.04,5060.48,463.55,5.62,0.70,58.02,4.55,12.25,3.11,0.00,0.00,43.85,4.36,25.36,5.50,2.20,6.14,10.92,25.25,65.44,9.81,11.93,5.84
47.30,47.3,27/11/2025 19:32:12,0.210,35.717,,15.7,943752.0,591893.0,958340.69,7667.61,1987.18,7473.29,1267.12,14979.13,579.99,69.58,50.28,4192.39,135.21,936.95,170.88,2281.75,77.24,260.93,48.98,83.19,51.99,91.59,35.60,90.30,16.88,3349.74,305.82,3.66,0.51,42.86,3.21,8.59,2.41,0.00,0.00,39.28,3.77,16.12,4.03,0.47,4.60,0.31,22.65,64.25,9.08,7.32,5.03,79682.08,12715.01,3295.29,14120.51,2394.18,32045.37,1240.79,159.44,115.20,10468.00,337.60,1128.65,205.84,3192.64,108.08,435.37,81.72,148.52,92.81,133.86,52.03,129.75,24.25,4789.27,437.24,4.65,0.65,53.65,4.02,10.69,3.00,0.00,0.00,46.45,4.46,21.77,5.45,0.63,6.14,0.35,25.29,69.21,9.78,8.30,5.70
47.40,47.4,27/11/2025 19:32:46,0.628,44.444,,15.6,945633.0,596293.0,959822.17,7802.40,1971.33,7165.31,1219.56,13984.52,546.53,44.95,35.58,4082.07,132.31,743.76,148.14,2085.74,74.91,214.25,45.21,124.39,52.27,64.01,30.69,124.20,22.66,3537.53,324.28,3.93,0.52,65.37,6.59,11.16,2.49,0.00,0.00,30.25,3.38,16.23,4.04,2.99,4.61,1.79,22.51,64.26,9.19,8.70,5.03,76657.37,12938.53,3269.01,13538.58,2304.32,29917.58,1169.21,102.99,81.54,10192.54,330.37,895.94,178.45,2918.39,104.81,357.48,75.43,222.06,93.32,93.55,44.85,178.46,32.56,5057.77,463.64,5.01,0.66,81.83,8.25,13.89,3.10,0.00,0.00,35.78,4.00,21.92,5.45,3.99,6.15,1.99,25.13,69.22,9.90,9.87,5.70
47.50,47.5,27/11/2025 19:33:29,0.056,47.418,,15.7,936352.0,589796.0,962950.19,5332.44,1891.15,7169.00,1219.39,13392.68,526.33,17.47,54.48,4226.35,136.15,657.85,138.68,1986.15,73.73,176.63,41.06,132.49,51.39,68.35,30.95,169.12,29.98,3493.01,320.07,4.05,0.53,71.19,7.72,11.75,2.52,0.00,0.00,33.92,3.50,23.40,4.07,2.68,4.54,7.48,22.03,65.31,8.99,8.52,4.94,71344.70,8842.65,3136.06,13545.55,2303.99,28651.42,1126.00,40.03,124.83,10552.80,339.95,792.45,167.05,2779.03,103.17,294.71,68.51,236.51,91.74,99.89,45.24,243.00,43.08,4994.10,457.62,5.16,0.67,89.11,9.67,14.63,3.14,0.00,0.00,40.12,4.14,31.60,5.50,3.57,6.05,8.36,24.60,70.35,9.69,9.66,5.60
47.60,47.6,27/11/2025 19:34:03,-0.708,44.969,1181251.209,15.8,926297.0,583432.0,963136.77,5428.69,1833.05,7074.58,1202.58,13496.94,528.77,129.07,79.38,4077.25,131.74,616.28,133.41,2017.26,73.37,160.00,39.40,116.42,50.89,55.31,28.77,84.76,15.89,3335.70,304.81,4.27,0.53,124.62,21.12,11.03,2.41,0.00,0.00,34.51,3.49,14.74,3.90,0.81,4.49,3.44,21.90,70.59,9.13,6.96,4.85,71056.43,9002.27,3039.70,13367.16,2272.23,28874.48,1131.23,295.75,181.88,10180.51,328.94,742.37,160.71,2822.56,102.66,266.96,65.73,207.83,90.85,80.83,42.04,121.78,22.84,4769.20,435.80,5.44,0.67,155.99,26.43,13.73,2.99,0.00,0.00,40.81,4.13,19.91,5.27,1.09,5.98,3.84,24.46,76.04,9.84,7.90,5.50
47.70,47.7,27/11/2025 19:34:36,-0.600,46.556,,15.8,918063.0,574852.0,960375.51,7184.01,1850.81,7483.75,1262.24,14015.49,545.77,37.82,30.38,4030.51,130.10,932.46,168.46,2126.88,74.32,189.41,41.90,141.57,51.27,76.58,32.31,69.84,13.29,3115.63,283.26,3.78,0.51,69.88,7.47,8.13,2.41,0.00,0.00,38.71,3.69,19.79,3.94,0.20,4.43,10.22,21.92,60.78,8.85,9.05,4.86,75784.72,11913.08,3069.15,14140.26,2384.96,29983.82,1167.58,86.65,69.61,10063.79,324.86,1123.25,202.93,2975.95,103.99,316.02,69.92,252.73,91.52,111.92,47.22,100.35,19.09,4454.56,404.99,4.81,0.65,87.47,9.35,10.12,3.00,0.00,0.00,45.77,4.36,26.74,5.32,0.27,5.91,11.41,24.47,65.48,9.54,10.26,5.52
47.80,47.8,27/11/2025 19:35:10,0.052,46.026,,15.9,906635.0,568799.0,962076.93,5408.01,1867.54,7279.05,1232.58,14405.10,558.06,63.74,45.82,4115.91,132.80,799.71,152.12,2046.69,72.91,221.87,43.85,157.40,50.55,72.84,31.25,68.08,12.88,3068.13,278.67,3.85,0.50,70.43,7.60,8.81,2.38,0.00,0.00,37.71,3.63,18.49,3.87,1.63,4.31,8.20,21.49,60.49,8.86,6.94,4.89,73289.01,8967.97,3096.90,13753.50,2328.91,30817.33,1193.88,146.04,104.98,10277.04,331.59,963.33,183.25,2863.75,102.02,370.18,73.16,280.99,90.23,106.46,45.67,97.82,18.50,4386.64,398.42,4.90,0.64,88.16,9.52,10.97,2.96,0.00,0.00,44.59,4.30,24.98,5.22,2.17,5.75,9.15,23.99,65.17,9.54,7.87,5.55
47.90,47.9,27/11/2025 19:35:43,-0.309,42.526,,15.9,899468.0,567097.0,959259.47,6911.98,1831.27,7422.55,1252.03,15730.10,601.54,51.47,55.78,3929.65,127.49,1044.52,181.50,2026.16,73.03,226.01,44.30,145.91,50.59,88.49,34.27,21.22,4.43,2908.77,263.04,4.23,0.52,81.54,9.80,9.73,2.40,0.00,0.00,36.20,3.57,24.07,3.96,0.00,0.00,8.01,21.60,59.45,8.82,10.48,5.00,78397.63,11461.97,3036.74,14024.63,2365.67,33651.96,1286.90,117.94,127.82,9811.96,318.33,1258.23,218.64,2835.02,102.18,377.09,73.92,260.48,90.31,129.33,50.09,30.49,6.37,4158.79,376.08,5.38,0.66,102.08,12.27,12.11,2.99,0.00,0.00,42.80,4.22,32.51,5.34,0.00,0.00,8.94,24.12,64.04,9.50,11.89,5.67
48.00,48.0,27/11/2025 19:36:27,-0.506,35.780,,15.9,897649.0,565093.0,961626.29,4997.77,1784.51,7278.34,1230.44,15416.83,590.04,59.06,42.35,3960.53,128.24,829.95,154.97,2304.39,74.75,196.25,41.43,161.44,50.36,67.91,30.31,79.38,14.63,2790.53,251.80,3.84,0.50,65.82,6.75,11.94,2.46,0.00,0.00,38.61,3.62,21.98,3.92,0.84,4.33,19.42,21.37,59.40,8.82,9.48,4.83,74363.79,8287.68,2959.21,13752.15,2324.86,32981.77,1262.28,135.33,97.05,9889.06,320.20,999.76,186.67,3224.31,104.59,327.44,69.12,288.20,89.91,99.25,44.31,114.05,21.02,3989.74,360.01,4.89,0.64,82.40,8.45,14.87,3.06,0.00,0.00,45.66,4.28,29.68,5.29,1.12,5.77,21.68,23.86,63.99,9.50,10.75,5.48
48.10,48.1,27/11/2025 19:37:00,-0.489,30.090,1181250.215,15.9,895931.0,561907.0,963434.26,5208.48,1814.50,6550.21,1120.79,14387.93,556.24,75.83,51.38,3560.31,116.99,909.12,163.46,2282.72,74.35,136.65,35.56,141.59,49.68,59.56,28.73,36.66,7.30,3032.02,275.10,3.51,0.48,31.81,2.03,8.67,2.39,0.00,0.00,33.89,3.44,21.92,3.89,0.29,4.28,11.38,21.16,65.04,8.88,8.14,4.79,70319.38,8637.10,3008.94,12376.37,2117.70,30780.60,1189.98,173.76,117.73,8889.76,292.11,1095.13,196.90,3194.00,104.03,228.00,59.33,252.76,88.69,87.05,42.00,52.68,10.49,4335.01,393.32,4.47,0.61,39.82,2.55,10.79,2.97,0.00,0.00,40.08,4.06,29.61,5.25,0.39,5.70,12.70,23.62,70.06,9.57,9.23,5.43
48.20,48.2,27/11/2025 19:37:34,-0.489,23.678,,15.9,887603.0,563359.0,965395.47,6721.32,1859.67,6051.56,1046.02,12752.16,501.74,55.90,40.05,3383.65,112.18,595.02,127.02,1808.39,69.12,159.88,38.01,73.89,48.06,73.88,30.92,11.11,2.38,2744.75,247.86,3.58,0.47,49.40,4.21,7.46,2.21,0.00,0.00,28.45,3.14,18.53,3.74,0.62,4.19,0.00,0.00,58.23,8.57,6.73,4.71,66337.40,11145.80,3083.84,11434.20,1976.42,27281.14,1073.39,128.09,91.77,8448.64,280.11,716.77,153.01,2530.32,96.72,266.76,63.41,131.91,85.80,107.99,45.20,15.97,3.42,3924.29,354.38,4.56,0.60,61.84,5.27,9.29,2.75,0.00,0.00,33.64,3.71,25.03,5.05,0.83,5.58,0.00,0.00,62.73,9.23,7.63,5.35
48.30,48.3,27/11/2025 19:38:08,-0.849,19.382,,15.9,885576.0,567323.0,968161.67,5826.32,1801.09,5873.44,1017.26,11243.96,451.30,11.79,10.73,3686.43,120.11,274.43,95.98,1619.13,66.50,175.42,38.95,117.55,47.81,63.67,28.79,24.97,5.11,2746.02,248.16,3.91,0.49,53.52,4.88,8.31,2.29,0.00,0.00,23.43,2.86,16.13,3.70,0.00,0.00,0.81,20.54,63.05,8.64,6.04,4.55,61406.71,9661.64,2986.70,11097.65,1922.08,24054.59,965.48,27.01,24.59,9204.66,299.90,330.58,115.62,2265.50,93.05,292.69,65.00,209.86,85.34,93.06,42.08,35.88,7.35,3926.10,354.81,4.97,0.62,67.00,6.11,10.35,2.85,0.00,0.00,27.70,3.39,21.79,4.99,0.00,0.00,0.90,22.94,67.91,9.31,6.85,5.16
48.40,48.4,27/11/2025 19:38:41,-0.871,17.659,,15.9,886606.0,577041.0,969857.10,4965.98,1817.55,5861.62,1017.11,11222.94,450.11,106.19,65.34,3287.20,109.36,476.56,114.19,1517.87,65.39,79.95,27.04,86.66,47.40,71.83,30.24,47.74,9.27,2267.01,202.77,3.63,0.47,26.49,1.60,8.60,2.28,0.00,0.00,18.99,2.57,11.27,3.59,0.21,4.18,18.64,20.52,57.33,8.37,6.18,4.55,58347.88,8234.97,3013.99,11075.31,1921.79,24009.62,962.94,243.31,149.72,8207.82,273.07,574.06,137.55,2123.82,91.49,133.40,45.12,154.71,84.62,104.99,44.20,68.59,13.32,3241.24,289.91,4.62,0.60,33.16,2.00,10.71,2.84,0.00,0.00,22.45,3.04,15.22,4.84,0.28,5.57,20.81,22.91,61.75,9.02,7.01,5.16
48.50,48.5,27/11/2025 19:39:25,-0.451,17.460,,15.8,893350.0,586536.0,968929.31,5695.91,1766.37,6050.26,1043.75,10995.42,443.39,95.42,60.61,3640.44,118.81,322.27,99.84,1571.36,66.65,59.64,23.17,83.22,47.95,49.70,26.91,74.82,13.95,2256.11,201.84,3.93,0.48,55.95,5.33,7.49,2.16,0.00,0.00,13.90,2.27,16.17,3.75,1.91,4.26,13.15,20.77,58.68,8.20,4.93,4.48,60157.90,9445.39,2929.13,11431.73,1972.13,23522.88,948.57,218.65,138.88,9089.82,296.66,388.21,120.27,2198.65,93.26,99.51,38.65,148.57,85.59,72.64,39.34,107.51,20.04,3225.66,288.58,5.00,0.61,70.04,6.67,9.32,2.68,0.00,0.00,16.44,2.69,21.84,5.07,2.55,5.68,14.68,23.18,63.22,8.83,5.60,5.08
48.60,48.6,27/11/2025 19:39:58,-0.335,15.870,1181251.935,15.8,894751.0,587913.0,968819.03,5360.09,1784.83,6079.05,1047.66,11281.55,452.65,29.94,51.63,3549.43,116.58,399.40,107.09,1640.72,67.06,74.36,26.28,98.88,48.17,63.32,29.05,4.53,1.01,2448.55,220.12,3.83,0.49,41.00,3.14,9.17,2.20,0.00,0.00,13.09,2.26,11.72,3.73,1.11,4.23,9.54,20.78,58.64,8.36,3.05,4.43,60295.80,8888.51,2959.75,11486.14,1979.52,24135.02,968.37,68.61,118.29,8862.57,291.08,481.12,129.00,2295.71,93.83,124.08,43.85,176.53,85.99,92.55,42.45,6.51,1.46,3500.80,314.71,4.87,0.62,51.32,3.93,11.42,2.74,0.00,0.00,15.47,2.67,15.83,5.03,1.47,5.64,10.65,23.20,63.17,9.00,3.46,5.03
48.70,48.7,27/11/2025 19:40:32,0.096,16.075,,15.8,899516.0,592771.0,970047.29,4996.94,1779.50,6075.36,1048.83,11157.27,448.83,46.73,52.62,3359.54,111.54,193.66,87.18,1539.63,66.29,23.41,15.66,69.64,47.90,74.88,30.99,76.80,14.35,2190.10,195.81,3.85,0.48,39.20,2.95,7.56,2.24,0.00,0.00,11.61,2.14,8.98,3.64,1.55,4.25,14.90,20.76,56.66,8.29,4.43,4.52,58206.14,8286.30,2950.91,11479.16,1981.72,23869.15,960.20,107.08,120.58,8388.44,278.50,233.28,105.01,2154.26,92.75,39.06,26.12,124.32,85.51,109.45,45.29,110.34,20.61,3131.29,279.95,4.90,0.62,49.07,3.69,9.41,2.78,0.00,0.00,13.73,2.53,12.13,4.92,2.07,5.67,16.63,23.18,61.04,8.93,5.03,5.12
48.80,48.8,27/11/2025 19:41:05,0.133,16.401,,15.7,909955.0,599590.0,968791.88,4980.88,1842.31,6172.05,1065.50,11672.31,466.84,45.82,34.75,3580.33,117.60,334.32,102.03,1597.10,67.39,31.65,15.94,93.93,48.74,71.15,30.54,88.16,16.31,2329.44,209.01,4.04,0.50,83.33,10.75,10.68,2.30,0.00,0.00,14.98,2.41,8.43,3.69,1.91,4.37,21.45,21.03,60.56,8.73,5.59,4.64,60606.22,8259.67,3055.06,11661.87,2013.23,24970.97,998.73,104.99,79.62,8939.75,293.64,402.72,122.90,2234.67,94.29,52.81,26.59,167.68,87.01,103.98,44.64,126.68,23.43,3330.51,298.83,5.14,0.64,104.31,13.45,13.29,2.87,0.00,0.00,17.72,2.85,11.39,4.98,2.54,5.83,23.95,23.48,65.24,9.40,6.34,5.26
48.90,48.9,27/11/2025 19:41:39,0.012,15.608,,15.7,913802.0,603475.0,966257.16,6370.25,1860.88,6499.54,1114.11,11989.71,477.66,28.06,23.32,3746.33,121.90,477.92,117.14,1627.45,68.45,101.66,31.55,134.32,49.93,84.26,33.15,116.81,20.96,2388.39,214.38,4.15,0.51,63.03,6.49,7.99,2.33,0.00,0.00,16.35,2.54,8.40,3.76,2.98,4.44,11.81,21.30,58.63,8.50,4.80,4.74,65091.39,10563.63,3085.84,12280.64,2105.06,25650.01,1021.89,64.30,53.44,9354.23,304.36,575.71,141.11,2277.14,95.77,169.62,52.64,239.78,89.13,123.15,48.46,167.83,30.12,3414.79,306.51,5.28,0.65,78.90,8.12,9.94,2.90,0.00,0.00,19.33,3.00,11.35,5.08,3.97,5.92,13.19,23.78,63.16,9.16,5.44,5.37
49.00,49.0,27/11/2025 19:42:24,-0.154,9.654,,15.7,924011.0,603591.0,965921.97,6380.02,1885.15,6773.55,1156.23,12011.73,479.11,80.22,53.80,3986.02,128.87,371.75,108.82,1600.01,68.87,43.07,19.46,117.45,50.37,58.87,29.04,61.51,12.03,2381.17,213.97,4.22,0.50,86.15,11.29,10.85,2.34,0.00,0.00,16.25,2.53,11.39,3.84,2.54,4.42,14.14,21.60,60.63,8.79,6.52,4.76,66011.97,10579.83,3126.10,12798.36,2184.66,25697.11,1024.98,183.80,123.28,9952.72,321.78,447.81,131.08,2238.74,96.36,71.86,32.48,209.66,89.92,86.04,42.44,88.38,17.28,3404.46,305.93,5.37,0.64,107.84,14.13,13.50,2.91,0.00,0.00,19.22,2.99,15.38,5.18,3.39,5.89,15.79,24.12,65.31,9.47,7.40,5.40
49.10,49.1,27/11/2025 19:42:57,-1.062,3.634,1181251.408,15.7,925255.0,605120.0,964873.89,6505.10,1886.08,6607.34,1131.07,12292.19,488.43,103.10,66.18,4127.73,132.80,466.96,117.42,1817.71,71.00,92.16,30.37,117.21,50.46,77.29,32.20,90.90,16.92,2660.30,240.30,4.13,0.52,49.09,4.17,8.20,2.32,0.00,0.00,19.25,2.71,6.71,3.81,2.34,4.49,14.67,21.67,59.22,8.67,4.51,4.76,67824.61,10787.24,3127.64,12484.32,2137.11,26297.11,1044.91,236.25,151.64,10306.54,331.59,562.51,141.45,2543.36,99.34,153.77,50.68,209.25,90.08,112.96,47.06,130.61,24.31,3803.55,343.57,5.26,0.66,61.45,5.22,10.21,2.88,0.00,0.00,22.77,3.20,9.06,5.15,3.12,5.99,16.38,24.19,63.79,9.34,5.11,5.40
49.20,49.2,27/11/2025 19:43:31,0.227,7.803,,15.6,925014.0,616731.0,966152.09,5932.05,1848.72,6543.75,1122.85,12323.52,490.21,132.04,80.98,3895.39,126.88,487.84,119.85,1687.53,69.82,38.60,17.99,151.18,50.57,77.35,32.08,80.51,15.20,2292.73,205.57,4.60,0.54,78.25,9.51,7.80,2.30,0.00,0.00,12.27,2.26,6.63,3.82,3.19,4.57,29.85,21.49,58.67,8.56,4.15,4.78,65626.62,9836.98,3065.69,12364.18,2121.58,26364.14,1048.72,302.54,185.57,9726.41,316.81,587.66,144.37,2361.21,97.69,64.40,30.01,269.89,90.27,113.05,46.89,115.69,21.84,3278.02,293.91,5.85,0.68,97.95,11.90,9.71,2.86,0.00,0.00,14.51,2.67,8.95,5.15,4.25,6.09,33.32,23.99,63.20,9.22,4.71,5.43
49.30,49.3,27/11/2025 19:44:04,-0.653,0.593,,15.5,931016.0,631386.0,962304.64,6657.50,1926.76,6981.53,1190.03,14484.55,562.22,42.27,56.38,4027.11,130.74,651.41,137.48,1850.53,71.90,121.19,35.10,114.83,51.44,66.77,30.83,24.98,5.37,2504.21,225.42,4.60,0.55,65.65,6.85,8.97,2.34,0.00,0.00,4.99,1.51,5.36,3.97,4.01,4.76,13.70,22.14,57.62,8.83,3.58,4.87,73064.92,11039.96,3195.10,13191.35,2248.51,30987.31,1202.77,96.86,129.19,10055.30,326.44,784.69,165.61,2589.28,100.61,202.21,58.56,205.00,91.83,97.59,45.07,35.90,7.72,3580.38,322.30,5.86,0.70,82.17,8.57,11.16,2.92,0.00,0.00,5.91,1.79,7.24,5.37,5.34,6.35,15.29,24.72,62.07,9.51,4.07,5.53
49.40,49.4,27/11/2025 19:44:38,0.027,5.090,,15.5,936054.0,636887.0,964883.59,6783.68,1955.91,6773.67,1159.83,12650.75,501.89,35.68,55.74,4423.15,141.11,346.33,108.19,1699.14,70.48,11.59,16.54,51.40,50.63,85.87,34.03,30.79,6.52,2063.44,184.22,4.42,0.53,58.23,5.68,8.17,2.34,0.00,0.00,2.76,1.45,2.35,3.85,3.95,4.71,17.72,22.03,59.48,8.74,3.84,4.74,68452.22,11249.22,3243.44,12798.59,2191.45,27064.19,1073.70,81.76,127.73,11044.19,352.33,417.19,130.33,2377.45,98.61,19.33,27.60,91.76,90.38,125.50,49.73,44.24,9.37,2950.19,263.39,5.62,0.67,72.89,7.11,10.17,2.91,0.00,0.00,3.27,1.71,3.17,5.20,5.27,6.28,19.79,24.60,64.07,9.42,4.36,5.37
49.50,49.5,27/11/2025 19:45:22,0.845,5.358,,15.4,941507.0,643195.0,965287.56,5338.09,1867.90,7106.09,1207.29,12719.48,502.86,134.32,81.72,4353.68,138.92,396.44,113.03,1726.07,70.83,32.89,16.73,96.00,51.30,58.21,29.40,52.63,10.63,2529.60,228.16,4.26,0.53,66.87,7.17,7.75,2.42,0.00,0.00,3.19,1.46,3.56,3.89,2.97,4.82,10.17,22.12,64.75,9.14,5.41,4.91,67763.33,8852.03,3097.50,13426.69,2281.12,27211.22,1075.79,307.79,187.25,10870.73,346.86,477.56,136.16,2415.13,99.11,54.88,27.92,171.38,91.58,85.07,42.97,75.63,15.27,3616.68,326.21,5.42,0.68,83.70,8.97,9.65,3.01,0.00,0.00,3.78,1.73,4.81,5.25,3.96,6.42,11.35,24.70,69.75,9.84,6.14,5.57
49.60,49.6,27/11/2025 19:45:55,1.808,1.519,1181251.077,15.4,952612.0,651009.0,962999.43,7836.68,1989.32,6924.13,1182.98,12795.18,507.36,83.72,56.95,4222.90,136.07,324.12,107.61,1750.24,71.78,50.08,22.03,79.97,51.63,65.24,30.72,143.56,26.10,2579.49,232.99,4.46,0.54,52.10,4.62,8.98,2.43,0.00,0.00,2.31,1.46,1.30,3.95,3.98,4.92,9.65,22.36,58.33,8.98,4.14,4.94,71412.96,12995.38,3298.84,13082.89,2235.21,27373.17,1085.41,191.83,130.49,10544.18,339.75,390.44,129.63,2448.95,100.43,83.55,36.76,142.76,92.16,95.35,44.90,206.27,37.50,3688.01,333.12,5.68,0.69,65.22,5.79,11.18,3.03,0.00,0.00,2.74,1.73,1.75,5.34,5.31,6.56,10.77,24.97,62.84,9.68,4.69,5.61
49.70,49.7,27/11/2025 19:46:29,1.342,5.952,,15.4,935477.0,645560.0,968949.78,4315.41,1839.57,6141.72,1064.36,11581.91,465.88,127.40,79.30,4261.58,136.64,322.26,104.31,1607.08,68.67,27.92,16.35,56.98,49.84,58.09,29.00,92.74,24.10,2316.37,208.22,4.17,0.52,51.96,4.70,8.77,2.39,0.00,0.00,3.47,1.44,2.39,3.82,2.54,4.74,5.20,21.69,59.41,8.63,2.85,4.66,60951.08,7156.14,3050.51,11604.54,2011.07,24777.59,996.66,291.92,181.70,10640.75,341.19,388.19,125.66,2248.64,96.08,46.59,27.27,101.73,88.97,84.91,42.38,133.25,34.62,3311.82,297.70,5.30,0.66,65.05,5.89,10.91,2.98,0.00,0.00,4.10,1.71,3.23,5.15,3.38,6.32,5.80,24.22,64.00,9.29,3.23,5.29
49.80,49.8,27/11/2025 19:47:02,0.352,5.819,,15.5,933872.0,640621.0,966721.56,5309.66,1853.63,6512.14,1117.57,12016.46,479.52,78.35,53.40,4088.86,131.33,361.34,107.31,1716.84,69.53,30.49,16.27,126.09,50.37,81.19,32.87,60.00,11.84,2764.37,250.57,4.28,0.54,24.69,1.45,6.00,2.33,0.00,0.00,4.17,1.47,1.85,3.86,3.69,4.82,23.89,21.55,60.08,8.86,3.99,4.75,64628.35,8804.88,3073.84,12304.44,2111.60,25707.23,1025.85,179.53,122.35,10209.50,327.91,435.27,129.26,2402.22,97.28,50.87,27.15,225.10,89.92,118.66,48.05,86.21,17.01,3952.34,358.25,5.45,0.68,30.91,1.81,7.47,2.90,0.00,0.00,4.93,1.74,2.50,5.22,4.92,6.42,26.67,24.07,64.72,9.54,4.52,5.39
49.90,49.9,27/11/2025 19:47:36,0.102,2.778,,15.4,938492.0,642227.0,964529.76,6372.48,1931.72,6873.91,1173.13,12377.80,491.91,138.83,84.00,4286.61,137.13,384.54,110.49,1722.98,70.82,40.14,18.75,128.97,51.21,67.26,30.70,88.25,16.71,2855.01,259.17,4.57,0.55,22.24,1.25,7.79,2.41,0.00,0.00,3.41,1.46,1.05,3.90,4.86,4.86,24.52,21.91,61.61,9.01,3.40,4.78,68688.11,10567.34,3203.32,12988.00,2216.59,26480.26,1052.36,318.11,192.47,10703.24,342.41,463.22,133.10,2410.80,99.10,66.97,31.28,230.23,91.42,98.31,44.87,126.81,24.02,4081.94,370.55,5.82,0.71,27.84,1.56,9.70,3.00,0.00,0.00,4.04,1.73,1.42,5.26,6.48,6.48,27.37,24.46,66.37,9.71,3.86,5.43
50.00,50.0,27/11/2025 19:48:19,0.299,5.290,,15.4,947484.0,649150.0,964698.53,6372.36,1957.99,6654.79,1142.30,12429.75,494.18,132.17,80.75,4123.55,132.62,520.79,123.37,1717.75,70.91,37.31,18.07,102.02,51.54,80.79,33.28,81.18,15.55,2905.72,264.09,4.44,0.54,51.17,4.47,8.24,2.35,0.00,0.00,2.87,1.48,1.67,3.94,1.32,4.93,10.90,22.18,58.34,8.98,4.36,4.78,68163.14,10567.13,3246.88,12573.98,2158.33,26591.41,1057.21,302.84,185.03,10296.11,331.15,627.35,148.61,2403.49,99.21,62.25,30.15,182.13,92.00,118.07,48.63,116.64,22.34,4154.43,377.58,5.64,0.69,64.05,5.59,10.26,2.93,0.00,0.00,3.39,1.75,2.25,5.32,1.76,6.57,12.17,24.77,62.85,9.68,4.95,5.42
50.10,50.1,27/11/2025 19:48:53,1.482,12.763,1181244.463,15.4,951447.0,651651.0,964798.67,5772.48,1903.20,7000.15,1192.91,12369.15,491.97,93.26,61.10,4277.39,137.27,424.45,115.81,1651.53,70.59,42.57,19.86,92.71,51.59,64.90,30.60,43.46,9.05,3227.20,295.13,4.66,0.55,44.03,3.47,8.20,2.38,0.00,0.00,3.18,1.50,2.77,3.99,4.01,4.98,13.87,22.28,54.89,8.76,6.46,4.90,68150.64,9572.36,3156.03,13226.53,2253.95,26461.75,1052.49,213.68,140.00,10680.22,342.76,511.30,139.51,2310.84,98.77,71.03,33.14,165.51,92.10,94.85,44.72,62.44,13.01,4614.06,421.96,5.93,0.71,55.11,4.34,10.21,2.97,0.00,0.00,3.76,1.77,3.74,5.39,5.35,6.64,15.48,24.87,59.13,9.44,7.33,5.56
50.20,50.2,27/11/2025 19:49:27,1.510,11.706,,15.4,942942.0,645284.0,964128.26,6842.66,1940.14,6755.51,1156.20,12515.21,496.79,5.60,5.58,4319.26,138.45,413.01,113.82,1737.32,70.90,32.22,16.76,88.29,51.39,59.81,29.73,34.49,7.28,2947.40,268.05,4.56,0.56,28.63,1.78,7.33,2.41,0.00,0.00,3.55,1.47,4.64,3.93,1.59,4.89,5.47,22.20,58.37,8.90,6.82,4.84,69313.97,11347.01,3217.29,12764.29,2184.60,26774.22,1062.80,12.83,12.79,10784.78,345.69,497.52,137.11,2430.86,99.21,53.77,27.96,157.62,91.74,87.42,43.45,49.56,10.46,4214.02,383.24,5.81,0.71,35.84,2.23,9.12,2.99,0.00,0.00,4.20,1.73,6.26,5.31,2.12,6.52,6.11,24.79,62.87,9.59,7.74,5.49
50.30,50.3,27/11/2025 19:50:00,2.004,11.841,,15.5,932109.0,640761.0,965852.25,6249.08,1908.94,6743.91,1152.25,12053.02,480.70,47.91,36.52,4157.69,134.31,229.17,95.64,1702.83,69.99,52.23,22.18,87.72,50.30,62.54,29.76,83.40,15.83,2516.72,226.94,4.66,0.53,65.23,6.88,8.72,2.34,0.00,0.00,2.48,1.43,2.82,3.82,2.81,4.77,13.48,21.75,58.02,8.74,3.33,4.73,66283.78,10362.69,3165.55,12742.37,2177.13,25785.45,1028.38,109.77,83.67,10381.35,335.36,276.06,115.20,2382.61,97.94,87.14,37.01,156.59,89.80,91.40,43.50,119.84,22.75,3598.26,324.46,5.93,0.68,81.65,8.61,10.86,2.92,0.00,0.00,2.93,1.69,3.82,5.16,3.75,6.36,15.05,24.29,62.50,9.41,3.77,5.36
50.40,50.4,27/11/2025 19:50:34,1.609,12.236,,15.5,927545.0,637388.0,967094.06,5714.74,1895.45,6625.44,1134.89,11718.27,469.09,98.72,63.16,3852.76,125.24,309.89,102.13,1517.70,68.00,20.46,16.11,84.88,49.58,84.36,33.35,71.25,13.71,2621.79,236.98,3.95,0.52,82.20,10.40,9.40,2.35,0.00,0.00,2.12,1.44,2.00,3.83,3.07,4.74,18.92,21.44,60.09,8.86,3.91,4.61,63786.55,9476.62,3143.18,12518.52,2144.33,25069.31,1003.54,226.21,144.73,9619.98,312.71,373.29,123.02,2123.58,95.15,34.14,26.88,151.52,88.51,123.29,48.74,102.37,19.70,3748.49,338.82,5.03,0.66,102.89,13.02,11.71,2.92,0.00,0.00,2.51,1.70,2.70,5.17,4.10,6.32,21.12,23.94,64.74,9.54,4.43,5.23
50.50,50.5,27/11/2025 19:51:18,0.618,12.039,,15.5,932417.0,639660.0,966796.13,6013.79,1876.95,6587.22,1129.66,11901.86,475.88,66.72,47.03,3633.38,119.54,333.55,104.56,1593.92,68.71,45.40,20.19,116.38,50.36,56.92,28.75,34.34,7.19,2668.23,241.44,4.47,0.54,54.07,4.98,8.11,2.34,0.00,0.00,3.89,1.46,1.41,3.78,1.87,4.71,14.68,21.60,60.74,8.83,2.92,4.72,64146.51,9972.52,3112.51,12446.31,2134.46,25462.06,1018.07,152.87,107.77,9072.19,298.47,401.79,125.95,2230.23,96.14,75.75,33.68,207.76,89.91,83.20,42.01,49.34,10.33,3814.89,345.20,5.69,0.68,67.68,6.24,10.10,2.91,0.00,0.00,4.60,1.73,1.90,5.11,2.50,6.27,16.39,24.12,65.43,9.51,3.31,5.36
50.60,50.6,27/11/2025 19:51:52,-0.011,5.626,1181251.142,15.4,941867.0,646248.0,966432.20,5842.29,1927.60,6789.02,1160.90,11768.51,472.17,55.29,41.27,3970.63,128.75,345.16,106.69,1642.46,69.83,31.24,16.58,102.21,50.92,73.50,31.67,50.09,10.15,2752.02,249.50,4.26,0.53,46.49,3.85,7.56,2.35,0.00,0.00,2.41,1.46,4.04,3.90,2.67,4.86,12.39,21.90,60.87,8.91,4.69,4.84,64965.69,9688.13,3196.49,12827.60,2193.47,25176.79,1010.13,126.69,94.57,9914.27,321.48,415.78,128.52,2298.15,97.71,52.12,27.67,182.46,90.90,107.43,46.28,71.97,14.58,3934.68,356.73,5.42,0.67,58.20,4.81,9.41,2.93,0.00,0.00,2.84,1.73,5.46,5.27,3.56,6.48,13.83,24.45,65.58,9.60,5.32,5.49
50.70,50.7,27/11/2025 19:52:25,-0.330,6.020,,15.4,939011.0,642182.0,962658.02,8841.93,1989.90,6910.62,1177.51,12200.81,486.71,13.59,12.75,4108.01,132.70,359.29,109.21,1660.89,70.52,25.30,16.55,94.50,51.22,86.25,34.22,55.56,11.10,2803.78,254.20,4.68,0.55,81.99,10.18,7.49,2.37,0.00,0.00,4.26,1.49,3.02,3.94,4.48,4.91,12.79,22.07,59.40,8.85,3.34,4.86,71507.06,14662.35,3299.80,13057.36,2224.86,26101.63,1041.24,31.14,29.23,10257.31,331.34,432.81,131.56,2323.93,98.67,42.21,27.61,168.70,91.43,126.05,50.01,79.83,15.94,4008.69,363.45,5.96,0.70,102.63,12.74,9.32,2.95,0.00,0.00,5.03,1.76,4.08,5.32,5.97,6.55,14.28,24.64,63.98,9.54,3.79,5.51
50.80,50.8,27/11/2025 19:52:59,-0.806,6.022,,15.5,932109.0,633614.0,965390.93,6691.47,1918.59,6423.10,1105.70,11751.56,471.38,121.05,75.16,3909.52,127.11,367.16,107.62,1669.28,69.18,27.60,16.39,107.22,50.61,64.81,30.07,63.14,12.36,3235.08,295.71,4.62,0.56,77.22,9.14,10.51,2.50,0.00,0.00,4.55,1.52,2.16,3.87,4.01,4.82,13.29,21.73,57.96,8.95,3.75,4.84,66449.09,11096.30,3181.55,12136.20,2089.18,25140.53,1008.44,277.38,172.22,9761.69,317.39,442.29,129.64,2335.67,96.80,46.05,27.34,191.40,90.34,94.73,43.95,90.72,17.76,4625.33,422.79,5.88,0.71,96.66,11.45,13.08,3.11,0.00,0.00,5.38,1.80,2.92,5.23,5.35,6.42,14.84,24.26,62.44,9.64,4.25,5.49
50.90,50.9,27/11/2025 19:53:33,1.291,2.118,,15.5,926571.0,630479.0,967653.45,5685.89,1851.71,5865.52,1021.09,11195.29,452.07,54.78,40.08,3720.72,121.41,318.61,101.93,1599.52,68.17,13.09,16.01,104.56,49.60,61.66,29.20,61.42,11.98,3491.10,320.56,4.40,0.54,73.75,8.45,7.73,2.30,0.00,0.00,3.07,1.47,2.63,3.89,3.42,4.77,21.88,21.34,54.51,8.84,2.99,4.77,62083.68,9428.77,3070.65,11082.68,1929.30,23950.48,967.13,125.52,91.85,9290.29,303.14,383.80,122.79,2238.06,95.39,21.84,26.71,186.67,88.55,90.12,42.68,88.25,17.21,4991.38,458.32,5.59,0.69,92.31,10.58,9.62,2.86,0.00,0.00,3.63,1.74,3.55,5.25,4.56,6.36,24.43,23.82,58.72,9.52,3.40,5.41
51.00,51.0,27/11/2025 19:54:16,-2.186,3.043,,15.6,922772.0,625449.0,968448.89,4635.69,1819.15,6222.20,1074.03,11313.92,455.46,126.50,76.86,3744.25,122.14,344.93,104.50,1625.33,68.33,9.37,15.98,121.24,49.91,76.92,31.87,51.21,10.22,3095.71,282.40,4.41,0.54,82.19,10.34,8.14,2.41,0.00,0.00,3.71,1.47,2.49,3.85,2.26,4.66,15.87,21.33,59.63,8.82,5.13,4.79,61038.03,7687.25,3016.65,11756.61,2029.35,24204.26,974.39,289.87,176.12,9349.04,304.97,415.50,125.89,2274.18,95.61,15.64,26.66,216.44,89.10,112.43,46.58,73.58,14.68,4426.07,403.76,5.61,0.69,102.88,12.94,10.13,2.99,0.00,0.00,4.39,1.73,3.36,5.19,3.01,6.22,17.72,23.81,64.24,9.50,5.81,5.43
51.10,51.1,27/11/2025 19:54:50,-0.913,5.423,1181251.141,15.6,915799.0,623416.0,968822.07,4706.17,1762.40,6312.52,1083.77,10853.75,439.64,71.73,48.70,3612.07,118.58,374.37,106.04,1606.07,67.45,30.07,15.92,68.12,48.86,71.98,30.84,28.72,6.01,3248.55,297.09,4.52,0.55,87.91,11.65,9.84,2.41,0.00,0.00,4.76,1.48,2.81,3.81,3.33,4.62,10.10,21.21,66.16,9.07,4.39,4.71,60025.01,7804.13,2922.54,11927.26,2047.74,23219.81,940.53,164.37,111.58,9019.00,296.07,450.96,127.73,2247.23,94.38,50.17,26.56,121.61,87.22,105.20,45.07,41.26,8.64,4644.59,424.76,5.75,0.69,110.05,14.58,12.25,3.00,0.00,0.00,5.63,1.75,3.79,5.15,4.44,6.17,11.27,23.68,71.27,9.77,4.99,5.34
51.20,51.2,27/11/2025 19:55:24,-0.348,4.896,,15.7,905271.0,616610.0,968826.03,5352.88,1776.69,6219.06,1069.05,10703.69,434.30,81.81,53.75,3623.48,118.90,315.62,100.27,1543.02,66.64,22.60,15.75,101.98,48.64,55.01,27.85,86.84,23.24,2853.20,258.97,3.95,0.51,117.92,19.87,7.76,2.34,0.00,0.00,3.87,1.45,3.29,3.71,2.32,4.55,22.28,20.94,50.07,8.43,3.34,4.67,60061.41,8876.55,2946.25,11750.69,2019.92,22898.77,929.12,187.45,123.17,9047.48,296.89,380.20,120.79,2159.01,93.24,37.71,26.27,182.05,86.83,80.40,40.70,124.78,33.39,4079.34,370.26,5.02,0.64,147.61,24.87,9.66,2.91,0.00,0.00,4.58,1.71,4.44,5.01,3.10,6.07,24.87,23.38,53.93,9.08,3.79,5.30
51.30,51.3,27/11/2025 19:55:57,0.047,7.280,,15.7,896653.0,610004.0,970102.17,5206.78,1755.97,6178.78,1062.24,10414.00,424.10,136.89,81.27,3345.01,111.00,316.98,99.73,1455.72,65.60,27.12,15.66,60.57,47.95,69.85,30.16,21.59,4.57,2480.77,223.37,3.72,0.48,92.39,13.02,8.95,2.33,0.00,0.00,4.77,1.42,0.64,3.65,2.02,4.45,11.51,20.85,56.32,8.49,3.47,4.58,57723.91,8634.28,2911.88,11674.58,2007.05,22279.03,907.29,313.67,186.21,8352.16,277.14,381.83,120.14,2036.85,91.79,45.24,26.13,108.13,85.59,102.08,44.08,31.02,6.56,3546.86,319.36,4.73,0.62,115.65,16.30,11.14,2.90,0.00,0.00,5.64,1.68,0.87,4.92,2.69,5.94,12.85,23.28,60.67,9.15,3.93,5.19
51.40,51.4,27/11/2025 19:56:31,-0.808,6.549,,15.7,897130.0,611041.0,971025.80,4428.38,1734.86,5829.06,1010.58,10472.07,426.10,96.36,61.11,3472.88,114.40,327.39,100.28,1500.12,65.60,20.20,15.51,96.07,47.85,79.08,31.67,54.25,10.51,2383.09,214.09,3.71,0.49,114.52,19.18,8.04,2.32,0.00,0.00,3.94,1.40,1.91,3.68,1.85,4.41,20.23,20.61,57.47,8.37,3.58,4.56,56208.41,7343.47,2876.88,11013.78,1909.45,22403.27,911.57,220.79,140.03,8671.46,285.64,394.37,120.80,2098.98,91.79,33.70,25.89,171.51,85.42,115.59,46.28,77.95,15.10,3407.21,306.09,4.72,0.62,143.35,24.00,10.00,2.89,0.00,0.00,4.65,1.66,2.58,4.97,2.47,5.88,22.59,23.01,61.91,9.02,4.06,5.17
51.50,51.5,27/11/2025 19:57:15,0.098,5.230,,15.7,895384.0,613690.0,970476.96,5053.46,1796.52,5925.58,1024.48,10346.72,421.36,102.12,63.63,3404.26,112.41,312.62,98.67,1445.50,65.20,37.82,17.24,105.53,47.85,72.44,30.46,59.89,11.53,2439.91,219.55,3.81,0.49,120.78,21.05,7.12,2.24,0.00,0.00,3.55,1.42,1.76,3.65,2.60,4.46,13.27,20.58,61.20,8.65,3.10,4.56,57035.59,8380.02,2979.12,11196.16,1935.71,22135.10,901.44,233.98,145.81,8500.10,280.68,376.59,118.86,2022.55,91.23,63.11,28.76,188.40,85.42,105.87,44.52,86.05,16.57,3488.45,313.90,4.85,0.62,151.19,26.35,8.86,2.79,0.00,0.00,4.20,1.68,2.38,4.93,3.47,5.95,14.82,22.98,65.92,9.32,3.52,5.17
51.60,51.6,27/11/2025 19:57:48,-0.450,6.616,1181251.273,15.7,891222.0,611035.0,970590.82,5675.75,1775.85,5986.03,1031.32,9991.43,409.21,32.02,25.40,3373.57,111.59,239.91,91.98,1450.36,65.02,17.87,15.51,52.74,47.42,78.11,31.45,87.65,22.84,2234.83,200.04,4.17,0.49,91.96,12.99,7.23,2.18,0.00,0.00,3.37,1.38,3.79,3.56,3.86,4.44,15.91,20.64,55.86,8.35,2.76,4.52,56696.59,9411.95,2944.85,11310.38,1948.64,21375.01,875.44,73.37,58.20,8423.47,278.63,288.99,110.81,2029.35,90.98,29.82,25.88,94.16,84.66,114.17,45.96,125.94,32.82,3195.24,286.00,5.30,0.63,115.11,16.26,9.00,2.71,0.00,0.00,3.99,1.63,5.12,4.81,5.15,5.92,17.76,23.04,60.17,9.00,3.13,5.13
51.70,51.7,27/11/2025 19:58:22,-1.734,1.523,,15.7,892692.0,610539.0,970872.88,5622.96,1792.79,5788.89,1003.13,10089.26,413.21,99.99,62.63,3019.76,102.10,293.51,96.53,1435.64,64.76,19.25,15.46,107.29,47.94,58.79,28.04,79.04,22.45,2307.58,206.96,4.06,0.50,107.11,17.08,7.98,2.25,0.00,0.00,3.74,1.38,2.09,3.59,2.07,4.41,16.69,20.56,57.05,8.36,4.37,4.54,55944.72,9324.42,2972.94,10937.89,1895.37,21584.30,884.00,229.12,143.50,7540.04,254.93,353.57,116.28,2008.75,90.61,32.12,25.80,191.53,85.57,85.93,40.99,113.56,32.25,3299.25,295.90,5.16,0.64,134.07,21.38,9.94,2.80,0.00,0.00,4.43,1.63,2.83,4.85,2.77,5.89,18.64,22.96,61.45,9.00,4.96,5.15
51.80,51.8,27/11/2025 19:58:56,0.565,7.871,,15.7,886616.0,609585.0,971424.32,5922.21,1776.44,5358.66,937.23,9646.26,397.86,2.03,1.99,3226.05,107.54,270.10,93.67,1420.89,64.27,22.61,15.42,58.13,47.24,54.55,27.35,79.70,22.39,2328.53,208.93,4.05,0.50,91.82,12.99,7.74,2.28,0.00,0.00,2.84,1.34,3.53,3.61,3.67,4.36,5.96,20.54,62.30,8.49,4.06,4.49,54841.53,9820.65,2945.82,10125.00,1770.86,20636.58,851.16,4.64,4.56,8055.14,268.51,325.37,112.83,1988.11,89.93,37.72,25.73,103.77,84.34,79.72,39.97,114.52,32.16,3329.20,298.72,5.15,0.64,114.93,16.26,9.64,2.84,0.00,0.00,3.36,1.59,4.77,4.87,4.90,5.82,6.65,22.93,67.11,9.15,4.61,5.10
51.90,51.9,27/11/2025 19:59:29,-1.490,7.280,,15.8,880785.0,607578.0,970629.19,6405.12,1793.97,5832.04,1005.79,9751.06,401.12,72.08,48.51,3068.73,103.49,311.47,97.87,1385.83,63.92,18.06,15.33,52.18,46.83,74.24,30.52,81.97,22.33,2124.29,189.52,3.92,0.49,107.48,17.26,9.41,2.26,0.00,0.00,3.45,1.36,2.12,3.55,1.99,4.35,8.12,20.36,54.97,8.28,2.28,4.38,56261.87,10621.46,2974.89,11019.41,1900.40,20860.79,858.14,165.16,111.16,7662.33,258.39,375.19,117.89,1939.06,89.43,30.13,25.57,93.14,83.60,108.51,44.60,117.78,32.09,3037.19,270.97,4.99,0.62,134.54,21.61,11.72,2.82,0.00,0.00,4.08,1.61,2.86,4.79,2.65,5.81,9.07,22.73,59.22,8.92,2.59,4.97
52.00,52.0,27/11/2025 20:00:13,-0.783,7.544,,15.8,877901.0,602744.0,971320.60,6324.60,1750.90,5473.78,951.81,9594.02,395.71,10.64,9.80,3241.78,107.77,272.40,93.46,1345.67,63.14,22.76,15.16,82.46,46.75,76.96,30.94,80.52,22.24,1986.29,176.60,3.55,0.47,70.12,8.08,5.92,2.21,0.00,0.00,3.68,1.35,1.53,3.48,3.38,4.26,17.48,20.20,57.81,8.26,4.05,4.41,55135.27,10487.93,2903.48,10342.51,1798.41,20524.83,846.55,24.39,22.46,8094.41,269.10,328.13,112.58,1882.87,88.35,37.97,25.29,147.21,83.46,112.48,45.23,115.70,31.96,2839.89,252.49,4.52,0.60,87.78,10.12,7.36,2.75,0.00,0.00,4.36,1.60,2.07,4.70,4.50,5.68,19.51,22.56,62.27,8.89,4.60,5.00
52.10,52.1,27/11/2025 20:00:47,-0.372,7.472,1181250.484,15.8,880693.0,598679.0,970500.43,6303.21,1795.40,5790.87,1001.41,9944.07,407.30,115.35,69.76,3237.81,107.72,325.72,99.15,1337.17,63.51,12.02,15.20,107.25,47.35,95.86,34.70,90.03,22.58,1967.34,174.61,3.69,0.48,70.04,8.04,7.30,2.24,0.00,0.00,3.87,1.36,3.03,3.51,2.80,4.25,17.05,20.29,62.35,8.32,2.73,4.41,56776.89,10452.46,2977.27,10941.63,1892.13,21273.71,871.36,264.31,159.86,8084.51,268.96,392.37,119.44,1870.97,88.86,20.06,25.37,191.46,84.53,140.11,50.72,129.36,32.45,2812.80,249.65,4.70,0.62,87.67,10.06,9.09,2.79,0.00,0.00,4.58,1.61,4.09,4.74,3.73,5.66,19.04,22.65,67.16,8.96,3.09,5.01
52.20,52.2,27/11/2025 20:01:21,-0.489,7.804,,15.8,884056.0,598119.0,970008.19,6007.83,1762.41,5886.36,1016.09,10213.02,417.09,25.35,21.20,3227.03,107.82,278.97,94.57,1366.11,63.74,10.84,15.32,56.12,47.00,53.05,27.09,76.22,22.29,2588.93,233.59,3.79,0.49,105.10,16.39,8.24,2.27,0.00,0.00,4.96,1.40,4.98,3.52,2.56,4.31,12.48,20.43,56.20,8.37,3.68,4.42,57545.06,9962.64,2922.55,11122.06,1919.86,21849.07,892.29,58.08,48.57,8057.58,269.21,336.04,113.92,1911.47,89.18,18.09,25.57,100.19,83.91,77.53,39.59,109.51,32.03,3701.51,333.97,4.83,0.62,131.56,20.52,10.26,2.82,0.00,0.00,5.86,1.66,6.73,4.75,3.41,5.75,13.94,22.82,60.54,9.01,4.17,5.01
52.30,52.3,27/11/2025 20:01:54,-0.682,7.075,,15.8,886809.0,599934.0,970482.53,5042.16,1739.80,6078.00,1046.62,10226.82,417.73,58.63,41.50,3334.52,110.38,175.41,84.25,1430.75,64.07,24.65,15.23,121.84,47.35,59.34,27.84,83.15,15.11,2679.75,242.13,4.25,0.50,99.08,14.70,8.59,2.28,0.00,0.00,4.10,1.40,4.05,3.58,2.14,4.34,20.80,20.23,54.86,8.38,4.61,4.45,56934.57,8361.30,2885.07,11484.15,1977.56,21878.59,893.67,134.34,95.08,8325.97,275.60,211.30,101.48,2001.92,89.65,41.12,25.42,217.52,84.52,86.72,40.70,119.47,21.72,3831.36,346.19,5.40,0.64,124.02,18.40,10.69,2.84,0.00,0.00,4.85,1.66,5.47,4.84,2.85,5.78,23.22,22.59,59.10,9.03,5.23,5.05
52.40,52.4,27/11/2025 20:02:28,-1.102,7.867,,15.8,885810.0,602735.0,970354.59,5891.44,1704.06,6042.95,1037.28,10055.24,411.41,123.94,74.97,3285.36,109.42,220.31,89.28,1320.93,63.52,12.69,15.22,110.96,47.26,63.56,28.59,76.32,22.22,2264.39,202.73,3.92,0.48,72.33,8.46,7.56,2.23,0.00,0.00,3.02,1.36,2.85,3.55,2.32,4.29,27.60,20.29,54.15,8.15,3.55,4.47,57167.91,9769.64,2825.80,11417.93,1959.90,21511.53,880.15,284.00,171.78,8203.22,273.20,265.38,107.55,1848.25,88.87,21.17,25.39,198.08,84.37,92.90,41.79,109.65,31.93,3237.50,289.85,4.99,0.61,90.54,10.59,9.42,2.78,0.00,0.00,3.58,1.61,3.85,4.79,3.10,5.72,30.81,22.66,58.34,8.78,4.03,5.07
52.50,52.5,27/11/2025 20:03:12,-1.393,3.964,,15.7,891089.0,604584.0,970147.24,5855.77,1784.32,6101.11,1050.11,10002.70,410.78,1.98,1.97,2979.53,101.36,311.37,97.78,1380.63,63.71,28.34,15.29,113.84,47.50,60.12,28.12,8.89,1.94,2834.15,257.13,3.49,0.48,72.97,8.51,7.10,2.24,0.00,0.00,3.19,1.39,4.09,3.61,3.61,4.43,18.60,20.36,57.43,8.48,3.83,4.46,56997.43,9710.48,2958.89,11527.83,1984.14,21399.13,878.80,4.54,4.52,7439.61,253.09,375.08,117.79,1931.78,89.14,47.29,25.52,203.23,84.79,87.87,41.10,12.78,2.79,4052.10,367.63,4.44,0.62,91.35,10.65,8.84,2.79,0.00,0.00,3.77,1.64,5.52,4.87,4.82,5.91,20.77,22.73,61.87,9.14,4.34,5.06
52.60,52.6,27/11/2025 20:03:45,-0.650,6.348,1181251.278,15.7,889134.0,605172.0,969570.12,6274.76,1824.03,5951.60,1027.63,9893.42,407.30,40.34,31.41,3413.74,113.00,234.83,90.55,1324.37,63.53,20.35,15.38,93.96,47.54,61.60,28.49,85.66,22.75,2838.82,257.53,3.79,0.50,92.93,13.05,9.68,2.30,0.00,0.00,2.92,1.38,2.94,3.65,3.82,4.48,13.19,20.48,62.58,8.50,4.59,4.49,58274.75,10405.28,3024.74,11245.33,1941.67,21165.33,871.35,92.43,71.98,8523.78,282.16,282.88,109.08,1853.07,88.89,33.95,25.67,167.74,84.88,90.03,41.64,123.08,32.69,4058.78,368.20,4.82,0.63,116.33,16.34,12.05,2.86,0.00,0.00,3.45,1.63,3.97,4.93,5.10,5.98,14.72,22.86,67.41,9.15,5.21,5.10
52.70,52.7,27/11/2025 20:04:19,-1.358,6.149,,15.7,892857.0,605286.0,970186.95,5411.17,1825.11,5877.83,1016.88,9922.80,407.75,18.62,51.70,3275.54,109.22,240.92,91.72,1330.23,63.91,20.70,15.33,87.36,47.31,69.99,29.84,83.87,22.66,3305.81,302.58,4.14,0.52,79.30,9.76,7.43,2.25,0.00,0.00,2.07,1.37,2.90,3.66,3.05,4.48,7.77,20.39,58.13,8.57,3.41,4.54,57019.34,8973.21,3026.54,11105.93,1921.36,21228.20,872.32,42.67,118.46,8178.70,272.71,290.21,110.48,1861.26,89.42,34.54,25.57,155.95,84.46,102.30,43.61,120.51,32.56,4726.47,432.61,5.27,0.66,99.27,12.22,9.24,2.81,0.00,0.00,2.45,1.62,3.92,4.94,4.07,5.97,8.67,22.76,62.62,9.24,3.87,5.15
52.80,52.8,27/11/2025 20:04:53,-1.425,6.741,,15.7,898347.0,607194.0,967079.65,6996.62,1824.75,5877.33,1016.28,10045.70,412.56,144.76,86.28,3380.64,112.57,249.06,93.23,1445.01,65.41,21.03,15.52,70.94,47.62,54.27,27.53,70.28,22.44,4389.89,407.75,3.98,0.53,69.87,7.57,6.55,2.31,0.00,0.00,2.50,1.44,2.27,3.83,2.23,4.65,16.89,20.66,66.08,9.00,4.42,4.74,62116.37,11602.33,3025.95,11105.00,1920.22,21491.11,882.61,331.71,197.70,8441.14,281.07,300.02,112.30,2021.87,91.53,35.08,25.89,126.64,85.02,79.32,40.24,100.98,32.24,6276.42,582.98,5.07,0.67,87.46,9.48,8.16,2.88,0.00,0.00,2.96,1.70,3.07,5.18,2.98,6.21,18.85,23.07,71.19,9.70,5.01,5.38
52.90,52.9,27/11/2025 20:05:27,-0.900,6.939,,15.7,900046.0,608863.0,969048.13,5803.88,1803.31,5839.13,1009.78,9710.54,400.45,72.09,48.74,3170.77,106.18,217.74,89.14,1310.20,63.80,16.32,15.40,94.05,47.57,64.65,28.97,70.37,13.19,4379.87,406.97,3.65,0.51,88.44,11.59,6.81,2.35,0.00,0.00,3.76,1.45,1.66,3.75,4.04,4.66,20.86,20.50,67.55,8.99,5.49,4.77,58500.18,9624.43,2990.38,11032.82,1907.95,20774.10,856.70,165.19,111.69,7917.10,265.13,262.29,107.37,1833.24,89.27,27.22,25.70,167.90,84.92,94.49,42.34,101.11,18.95,6262.09,581.86,4.65,0.65,110.70,14.51,8.47,2.92,0.00,0.00,4.45,1.71,2.24,5.06,5.39,6.22,23.29,22.89,72.77,9.68,6.23,5.41
53.00,53.0,27/11/2025 20:06:10,-0.667,7.005,,15.7,894547.0,608519.0,969789.08,6232.06,1830.09,5407.87,946.69,9503.07,393.96,83.95,55.01,3363.00,111.81,39.82,47.28,1333.91,63.80,57.21,22.62,76.48,47.40,43.09,25.76,84.16,22.75,3818.54,352.38,3.85,0.51,79.27,9.67,9.88,2.37,0.00,0.00,3.28,1.41,3.52,3.72,1.10,4.50,3.03,20.55,59.48,8.68,4.35,4.57,57460.86,10334.48,3034.79,10217.97,1788.74,20330.26,842.81,192.35,126.04,8397.10,279.18,47.97,56.95,1866.42,89.27,95.46,37.74,136.53,84.61,62.98,37.66,120.93,32.69,5459.53,503.82,4.90,0.65,99.23,12.10,12.29,2.95,0.00,0.00,3.88,1.66,4.75,5.03,1.46,6.01,3.38,22.94,64.07,9.35,4.93,5.19
53.10,53.1,27/11/2025 20:06:44,-0.837,7.011,1181250.813,15.7,897737.0,608495.0,968881.69,5939.18,1790.78,5789.67,1002.54,9875.38,406.38,113.25,69.59,2992.25,101.70,232.06,91.00,1299.01,63.93,16.70,15.30,85.41,47.20,82.80,32.17,31.67,6.42,4480.56,416.78,3.66,0.52,80.98,9.89,7.78,2.34,0.00,0.00,2.95,1.45,3.88,3.85,1.71,4.63,12.82,20.35,62.59,8.99,4.01,4.82,58708.79,9848.79,2969.61,10939.36,1894.26,21126.74,869.38,259.49,159.45,7471.36,253.93,279.54,109.61,1817.58,89.45,27.87,25.52,152.47,84.25,121.01,47.03,45.51,9.23,6406.06,595.89,4.65,0.66,101.37,12.38,9.68,2.91,0.00,0.00,3.49,1.72,5.24,5.20,2.28,6.17,14.31,22.72,67.43,9.68,4.55,5.46
53.20,53.2,27/11/2025 20:07:18,-1.761,7.207,,15.7,893065.0,605455.0,970962.91,4333.36,1711.73,5765.13,997.09,9483.64,391.92,86.35,55.33,3016.08,101.96,275.25,93.66,1427.02,64.13,14.63,15.14,110.78,47.21,71.58,29.97,43.48,8.54,4228.61,392.26,4.07,0.53,78.94,9.53,8.21,2.40,0.00,0.00,2.70,1.42,1.69,3.71,4.25,4.56,15.30,20.21,63.05,8.91,2.96,4.68,55073.39,7185.90,2838.52,10892.99,1883.97,20288.69,838.44,197.86,126.77,7530.86,254.60,331.57,112.83,1996.69,89.73,24.40,25.26,197.76,84.28,104.62,43.80,62.48,12.27,6045.83,560.83,5.18,0.67,98.81,11.94,10.22,2.99,0.00,0.00,3.20,1.68,2.29,5.01,5.67,6.07,17.08,22.57,67.92,9.59,3.36,5.31
53.30,53.3,27/11/2025 20:07:52,-0.895,6.611,,15.8,891947.0,604179.0,971104.31,4538.05,1701.45,5244.66,917.95,9524.73,393.63,37.18,51.50,3049.08,102.62,274.95,93.14,1384.16,63.53,20.98,15.21,86.94,46.95,74.31,30.42,74.67,13.80,4424.24,411.40,4.44,0.54,61.25,6.07,8.19,2.35,0.00,0.02,3.86,1.44,2.40,3.68,1.91,4.55,14.74,20.24,60.45,8.79,4.48,4.64,54699.10,7525.35,2821.47,9909.60,1734.43,20376.59,842.11,85.19,118.01,7613.27,256.23,331.21,112.19,1936.72,88.90,35.01,25.38,155.21,83.82,108.61,44.47,107.28,19.84,6325.53,588.19,5.65,0.69,76.67,7.60,10.19,2.92,0.00,0.02,4.56,1.70,3.25,4.98,2.55,6.06,16.46,22.60,65.12,9.47,5.08,5.27
53.40,53.4,27/11/2025 20:08:25,-0.081,6.153,,15.8,881498.0,603086.0,971638.83,5201.54,1711.10,5359.68,934.93,9381.31,388.15,80.23,51.71,3092.13,103.86,155.50,80.61,1294.53,62.47,25.12,15.09,93.54,46.53,51.76,26.56,17.14,3.62,3426.83,314.34,3.69,0.49,78.23,9.57,9.50,2.33,0.00,0.00,3.66,1.39,4.26,3.63,2.95,4.39,18.40,20.07,58.07,8.53,3.07,4.47,54149.24,8625.59,2837.47,10126.92,1766.51,20069.77,830.38,183.83,118.49,7720.76,259.32,187.31,97.11,1811.31,87.41,41.91,25.18,166.99,83.07,75.66,38.81,24.63,5.20,4899.49,449.43,4.70,0.63,97.93,11.98,11.83,2.90,0.00,0.00,4.33,1.64,5.76,4.91,3.94,5.86,20.55,22.41,62.56,9.19,3.48,5.07
53.50,53.5,27/11/2025 20:09:09,-1.046,6.748,,15.8,877981.0,600091.0,973782.93,4078.06,1682.27,5041.06,887.28,9093.81,378.15,41.54,50.87,2696.05,92.91,219.66,86.75,1280.09,61.96,9.82,14.84,88.68,45.94,67.10,28.78,27.88,5.68,3406.25,312.51,3.86,0.50,68.47,7.61,8.89,2.31,0.00,0.00,3.31,1.35,0.79,3.54,3.00,4.40,18.89,19.82,55.84,8.28,4.01,4.46,50004.19,6762.54,2789.66,9524.90,1676.49,19454.71,808.99,95.18,116.55,6731.79,231.99,264.60,104.50,1791.11,86.70,16.39,24.76,158.31,82.02,98.07,42.07,40.07,8.17,4870.06,446.81,4.92,0.63,85.71,9.53,11.06,2.87,0.00,0.00,3.92,1.60,1.07,4.78,3.99,5.87,21.09,22.13,60.15,8.92,4.55,5.06
53.60,53.6,27/11/2025 20:09:43,-2.208,12.960,1181244.665,15.8,878239.0,601914.0,973767.62,4335.56,1687.51,5420.38,943.43,8982.33,374.67,21.41,50.04,3020.63,101.95,20.18,30.33,1235.67,61.71,19.17,15.02,96.22,46.39,60.09,27.66,24.11,4.95,2822.91,256.18,3.87,0.49,81.12,10.42,8.15,2.17,0.00,0.00,2.06,1.33,1.93,3.52,2.83,4.29,12.09,19.94,58.38,8.30,3.29,4.41,50559.73,7189.55,2798.35,10241.61,1782.58,19216.21,801.54,49.07,114.67,7542.22,254.56,24.31,36.54,1728.96,86.34,31.98,25.06,171.77,82.82,87.83,40.43,34.64,7.11,4036.03,366.27,4.93,0.63,101.55,13.04,10.15,2.70,0.00,0.00,2.43,1.58,2.61,4.76,3.77,5.72,13.50,22.26,62.89,8.94,3.74,5.00
53.70,53.7,27/11/2025 20:10:17,-2.787,13.420,,15.8,880828.0,604646.0,973154.82,4983.28,1734.81,4871.66,865.17,9219.95,382.96,49.30,51.13,2990.94,101.17,28.23,37.99,1268.57,62.28,11.30,14.92,48.34,45.94,81.77,31.72,82.40,22.19,3048.63,277.96,3.61,0.48,65.46,7.07,8.11,2.26,0.00,0.00,2.89,1.35,2.36,3.53,1.91,4.32,16.58,20.03,55.93,8.40,3.96,4.37,51473.94,8263.66,2876.80,9204.83,1634.71,19724.56,819.27,112.97,117.16,7468.08,252.61,34.01,45.77,1774.99,87.14,18.85,24.89,86.30,82.00,119.51,46.36,118.40,31.88,4358.75,397.42,4.59,0.61,81.94,8.85,10.09,2.81,0.00,0.00,3.42,1.59,3.19,4.76,2.55,5.76,18.51,22.36,60.25,9.05,4.50,4.96
53.80,53.8,27/11/2025 20:10:50,-1.566,12.763,,15.8,882339.0,605035.0,970602.82,6373.82,1773.32,5170.49,906.94,9178.81,381.66,42.50,51.18,3089.37,103.70,290.24,94.86,1311.29,62.91,18.04,15.16,85.24,46.82,82.29,31.99,70.06,21.98,3498.52,321.28,3.95,0.51,85.43,11.14,7.04,2.22,0.00,0.00,4.71,1.42,2.44,3.63,3.92,4.47,17.02,20.20,58.41,8.48,3.61,4.48,55597.18,10569.56,2940.66,9769.44,1713.63,19636.54,816.49,97.37,117.26,7713.85,258.92,349.62,114.27,1834.77,88.02,30.10,25.29,152.17,83.57,120.28,46.75,100.67,31.58,5001.99,459.34,5.03,0.65,106.94,13.94,8.76,2.76,0.00,0.00,5.57,1.68,3.30,4.90,5.22,5.96,19.00,22.55,62.92,9.13,4.09,5.08
53.90,53.9,27/11/2025 20:11:24,-0.659,12.431,,15.8,880565.0,603211.0,972788.95,5002.85,1709.85,5045.38,889.58,9108.24,379.17,27.35,22.00,2930.41,99.41,280.68,93.69,1272.93,62.23,10.50,15.08,69.69,46.32,53.73,26.81,79.51,22.13,3139.47,286.68,3.81,0.50,93.45,13.27,6.40,2.22,0.00,0.00,2.71,1.36,2.94,3.58,3.11,4.38,19.00,20.09,54.87,8.35,4.00,4.43,51862.91,8296.11,2835.40,9533.06,1680.83,19485.58,811.16,62.68,50.40,7316.95,248.21,338.11,112.86,1781.10,87.08,17.53,25.15,124.40,82.68,78.53,39.18,114.24,31.80,4488.64,409.88,4.85,0.64,116.97,16.61,7.96,2.76,0.00,0.00,3.21,1.60,3.97,4.83,4.15,5.84,21.22,22.43,59.10,8.99,4.54,5.03
54.00,54.0,27/11/2025 20:12:08,0.111,12.361,,15.8,878707.0,601677.0,972506.49,4998.56,1718.16,5019.63,884.33,9148.49,379.73,26.78,21.58,2928.62,98.77,213.97,86.34,1313.61,62.41,11.71,15.00,112.13,46.65,74.80,30.27,3.10,0.68,3475.56,319.11,3.77,0.49,63.12,6.56,9.02,2.26,0.00,0.00,2.70,1.35,3.12,3.61,2.96,4.40,17.13,19.94,59.22,8.52,5.49,4.56,52312.89,8288.98,2849.18,9484.41,1670.92,19571.68,812.38,61.36,49.45,7312.48,246.62,257.75,104.01,1838.01,87.33,19.54,25.03,200.17,83.28,109.32,44.25,4.45,0.98,4969.16,456.24,4.80,0.63,79.02,8.21,11.23,2.81,0.00,0.00,3.20,1.59,4.22,4.87,3.95,5.86,19.13,22.27,63.79,9.17,6.22,5.17
54.10,54.1,27/11/2025 20:12:41,-0.478,5.160,1181252.202,15.8,873712.0,600833.0,974745.42,3256.52,1633.55,4827.14,855.24,8869.01,370.39,147.11,85.29,2974.76,100.15,320.76,96.46,1331.45,62.07,16.67,14.89,103.03,46.15,65.05,28.43,40.44,7.95,3119.36,284.71,3.99,0.50,80.88,10.29,8.50,2.23,0.00,0.00,3.46,1.36,2.54,3.49,2.90,4.33,15.90,19.81,60.71,8.45,4.39,4.48,48550.08,5400.22,2708.88,9120.70,1615.95,18973.78,792.40,337.08,195.43,7427.70,250.06,386.39,116.20,1862.97,86.86,27.82,24.84,183.93,82.39,95.08,41.55,58.10,11.42,4459.88,407.07,5.08,0.63,101.24,12.88,10.58,2.78,0.00,0.00,4.10,1.61,3.43,4.72,3.87,5.78,17.75,22.12,65.40,9.10,4.98,5.09
54.20,54.2,27/11/2025 20:13:15,-0.744,4.894,,15.8,874124.0,600626.0,974067.46,4504.04,1672.28,5176.60,904.29,8685.96,363.79,52.67,36.98,2814.83,95.92,38.12,44.60,1306.28,61.71,12.33,14.88,96.24,46.19,54.91,26.81,12.18,2.61,3008.95,274.11,3.73,0.49,72.41,8.49,7.40,2.20,0.00,0.00,2.10,1.31,2.99,3.49,2.56,4.28,15.73,19.87,56.95,8.34,5.55,4.43,49646.73,7468.94,2773.10,9780.99,1708.62,18582.17,778.27,120.68,84.73,7028.36,239.51,45.93,53.73,1827.75,86.34,20.57,24.83,171.81,82.45,80.26,39.18,17.51,3.75,4302.03,391.90,4.75,0.62,90.64,10.63,9.21,2.74,0.00,0.00,2.48,1.55,4.04,4.71,3.41,5.71,17.56,22.19,61.35,8.98,6.30,5.02
54.30,54.3,27/11/2025 20:13:49,-1.151,-0.266,,15.8,875456.0,601283.0,973631.27,4580.39,1694.35,4941.84,870.90,9065.87,377.14,29.64,50.71,2804.52,95.89,231.26,88.19,1356.86,62.82,14.36,14.92,92.24,46.18,54.93,26.84,32.91,6.61,2991.40,272.35,3.66,0.48,75.96,9.21,7.65,2.20,0.00,0.00,2.49,1.33,2.70,3.48,3.08,4.30,17.80,19.90,56.89,8.37,2.27,4.42,50372.39,7595.55,2809.69,9337.42,1645.53,19394.94,806.82,67.91,116.19,7002.63,239.44,278.58,106.24,1898.53,87.90,23.95,24.89,164.67,82.43,80.28,39.23,47.29,9.50,4276.93,389.40,4.66,0.61,95.09,11.53,9.53,2.74,0.00,0.00,2.95,1.58,3.65,4.70,4.11,5.74,19.87,22.22,61.28,9.01,2.57,5.02
54.40,54.4,27/11/2025 20:14:23,-1.278,4.698,,15.8,872674.0,600793.0,973285.14,4600.62,1688.63,5264.32,919.30,9101.83,378.59,49.48,36.03,3141.59,105.49,226.06,88.39,1345.42,62.77,21.34,15.08,96.46,46.75,56.42,27.23,9.33,2.02,2622.67,236.91,3.85,0.50,83.65,11.01,7.68,2.25,0.00,0.00,2.83,1.33,2.38,3.49,3.45,4.32,11.83,20.10,59.44,8.39,4.20,4.42,51425.91,7629.10,2800.21,9946.73,1736.99,19471.87,809.94,113.37,82.57,7844.24,263.41,272.31,106.48,1882.52,87.83,35.60,25.17,172.20,83.45,82.46,39.80,13.41,2.91,3749.74,338.72,4.90,0.63,104.71,13.78,9.56,2.79,0.00,0.00,3.34,1.57,3.22,4.71,4.60,5.75,13.21,22.44,64.03,9.04,4.77,5.01
54.50,54.5,27/11/2025 20:15:07,-1.045,-1.458,,15.8,874771.0,602026.0,973920.72,3987.75,1629.77,5382.71,935.86,8972.84,373.62,98.41,60.89,2963.91,99.93,193.14,83.86,1290.05,62.06,59.54,22.58,97.14,46.15,59.57,27.62,84.44,22.21,2726.87,246.94,3.58,0.48,73.61,8.76,8.34,2.31,0.00,0.00,1.96,1.33,3.13,3.54,1.94,4.29,5.45,19.88,60.07,8.32,4.83,4.42,50215.27,6612.78,2702.62,10170.44,1768.27,19195.91,799.30,225.49,139.53,7400.60,249.51,232.66,101.02,1805.05,86.83,99.35,37.67,173.41,82.39,87.06,40.37,121.33,31.92,3898.72,353.07,4.55,0.61,92.15,10.96,10.39,2.87,0.00,0.00,2.32,1.57,4.23,4.78,2.59,5.72,6.09,22.20,64.71,8.96,5.48,5.02
54.60,54.6,27/11/2025 20:15:41,-0.903,15.998,1181241.623,15.8,879506.0,601177.0,971343.81,5627.76,1764.62,5442.34,947.07,9479.75,391.42,74.59,49.10,3060.56,102.56,242.97,90.32,1318.26,62.82,15.99,15.09,101.12,46.91,68.88,29.40,83.27,22.32,2960.78,269.26,4.12,0.51,80.02,10.03,8.68,2.36,0.00,0.00,2.74,1.35,3.52,3.64,1.41,4.34,16.28,20.15,58.73,8.38,4.43,4.51,54719.08,9332.37,2926.22,10283.11,1789.45,20280.35,837.39,170.91,112.51,7641.93,256.09,292.69,108.80,1844.51,87.90,26.67,25.19,180.52,83.74,100.67,42.98,119.65,32.07,4233.15,384.98,5.25,0.64,100.17,12.56,10.80,2.94,0.00,0.00,3.24,1.59,4.76,4.91,1.88,5.79,18.18,22.49,63.27,9.03,5.03,5.12
54.70,54.7,27/11/2025 20:16:15,-0.962,16.332,,15.8,881175.0,599524.0,971731.32,4538.06,1735.81,5539.80,963.65,9496.52,392.19,40.42,30.31,3011.38,101.30,314.29,96.59,1398.09,63.27,25.77,15.17,106.27,47.01,56.21,27.36,43.79,8.59,3513.92,322.72,3.93,0.50,95.08,13.51,8.08,2.25,0.00,0.00,2.71,1.41,2.49,3.62,3.48,4.36,8.10,20.17,58.01,8.43,2.28,4.54,53876.58,7525.35,2878.44,10467.24,1820.79,20316.23,839.02,92.61,69.45,7519.14,252.94,378.60,116.36,1956.22,88.53,43.00,25.31,189.71,83.93,82.16,39.99,62.92,12.35,5024.01,461.41,5.00,0.63,119.01,16.91,10.05,2.80,0.00,0.00,3.20,1.67,3.36,4.89,4.64,5.81,9.05,22.52,62.49,9.09,2.59,5.15
54.80,54.8,27/11/2025 20:16:49,-0.641,10.246,,15.8,882796.0,599376.0,970678.13,5364.25,1710.32,5248.78,917.04,9506.20,391.97,91.19,57.12,3126.94,104.57,209.36,86.60,1376.85,63.03,8.48,15.13,61.54,46.63,68.07,29.30,14.23,3.03,4075.14,377.29,4.29,0.52,71.45,8.02,10.10,2.44,0.00,0.00,2.71,1.41,3.79,3.64,1.62,4.46,17.53,20.25,55.53,8.61,3.83,4.58,55617.06,8895.41,2836.18,9917.38,1732.71,20336.94,838.55,208.94,130.89,7807.67,261.10,252.20,104.31,1926.49,88.20,14.15,25.25,109.86,83.25,99.49,42.82,20.45,4.35,5826.40,539.43,5.46,0.66,89.44,10.04,12.57,3.03,0.00,0.00,3.21,1.67,5.12,4.92,2.16,5.95,19.57,22.61,59.82,9.28,4.34,5.20
54.90,54.9,27/11/2025 20:17:22,-0.369,10.449,,15.8,885221.0,599482.0,971770.01,3938.18,1678.14,5158.19,905.10,9674.47,397.88,82.88,53.43,3054.55,102.68,268.38,92.69,1347.03,63.17,26.94,15.11,126.84,46.98,68.82,29.32,55.84,10.66,4263.54,395.71,3.78,0.51,71.58,8.02,9.36,2.37,0.00,0.00,3.38,1.42,2.88,3.71,2.52,4.49,10.72,20.00,57.79,8.63,2.32,4.64,53740.76,6530.58,2782.82,9746.22,1710.15,20696.94,851.20,189.91,122.43,7626.92,256.39,323.30,111.66,1884.78,88.39,44.94,25.21,226.43,83.87,100.58,42.85,80.23,15.32,6095.76,565.77,4.81,0.64,89.60,10.04,11.65,2.95,0.00,0.00,4.00,1.68,3.90,5.01,3.36,5.99,11.97,22.33,62.26,9.29,2.63,5.27
55.00,55.0,27/11/2025 20:18:06,-0.444,16.136,,15.8,880919.0,600699.0,970881.42,5042.21,1750.00,5237.11,918.38,9768.32,400.90,88.90,56.13,2866.66,97.53,266.67,91.40,1405.38,63.13,29.58,15.07,83.24,46.40,78.99,31.19,29.01,5.88,4041.62,373.98,4.01,0.51,77.85,9.34,7.95,2.29,0.00,0.00,2.38,1.39,3.39,3.72,4.53,4.51,11.75,20.03,64.10,8.87,4.93,4.57,55150.76,8361.37,2901.98,9895.33,1735.24,20897.72,857.65,203.71,128.61,7157.78,243.52,321.23,110.10,1966.42,88.33,49.35,25.15,148.60,82.84,115.46,45.59,41.69,8.45,5778.48,534.69,5.10,0.65,97.45,11.69,9.89,2.85,0.00,0.00,2.82,1.65,4.59,5.02,6.04,6.01,13.11,22.37,69.04,9.55,5.59,5.18
55.10,55.1,27/11/2025 20:18:40,-0.389,6.481,1181251.272,15.8,881677.0,600525.0,970971.65,5550.58,1735.45,4928.30,872.33,9695.47,398.65,91.31,57.08,2833.10,96.43,121.43,74.02,1398.34,62.69,23.42,15.10,60.96,46.34,65.77,28.87,42.01,8.27,4067.39,376.58,3.82,0.50,59.78,5.87,8.78,2.31,0.00,0.00,2.34,1.39,2.30,3.67,1.90,4.46,8.99,20.13,58.18,8.69,4.18,4.61,54940.32,9204.39,2877.85,9311.83,1648.23,20741.87,852.85,209.23,130.79,7073.98,240.77,146.28,89.16,1956.56,87.72,39.07,25.19,108.82,82.73,96.13,42.20,60.36,11.88,5815.33,538.41,4.86,0.64,74.84,7.35,10.93,2.88,0.00,0.00,2.77,1.64,3.11,4.96,2.53,5.94,10.04,22.48,62.67,9.37,4.74,5.23
55.20,55.2,27/11/2025 20:19:14,-0.660,5.230,,15.8,880711.0,601270.0,971943.15,4206.79,1666.37,5436.15,946.62,9368.69,388.05,9.51,8.70,3000.11,101.46,287.45,94.22,1443.21,63.74,14.70,15.06,85.40,46.71,48.52,26.22,91.53,22.86,3883.23,358.71,3.62,0.50,84.63,10.89,8.01,2.30,0.00,0.00,2.66,1.40,3.05,3.66,2.48,4.48,18.41,20.18,56.23,8.55,2.46,4.54,53315.02,6976.03,2763.30,10271.41,1788.61,20042.76,830.18,21.78,19.94,7490.99,253.34,346.26,113.50,2019.35,89.18,24.53,25.13,152.45,83.38,70.91,38.32,131.52,32.85,5552.03,512.86,4.60,0.63,105.93,13.63,9.97,2.86,0.00,0.00,3.14,1.66,4.13,4.94,3.31,5.98,20.56,22.53,60.57,9.21,2.79,5.15
55.30,55.3,27/11/2025 20:19:48,-0.287,5.952,,15.8,881789.0,602948.0,972053.75,4280.01,1668.26,5032.42,887.40,9653.61,397.04,21.98,50.05,3030.07,102.32,45.28,49.27,1439.86,63.37,26.92,14.99,95.22,46.49,55.18,27.15,82.65,22.39,3997.78,369.87,3.97,0.51,87.25,11.49,9.74,2.39,0.00,0.00,3.29,1.41,2.56,3.66,4.82,4.54,11.72,20.04,58.80,8.54,3.14,4.50,53293.91,7097.43,2766.44,9508.56,1676.71,20652.31,849.40,50.35,114.69,7565.79,255.48,54.54,59.35,2014.66,88.66,44.92,25.00,169.98,82.99,80.64,39.68,118.76,32.17,5715.80,528.82,5.05,0.66,109.22,14.39,12.12,2.97,0.00,0.00,3.89,1.67,3.46,4.95,6.43,6.05,13.08,22.38,63.34,9.20,3.56,5.11
55.40,55.4,27/11/2025 20:20:22,0.017,6.487,,15.8,885412.0,602628.0,969252.48,6040.97,1780.58,5317.31,930.91,10048.04,411.23,15.93,13.87,2877.46,98.55,220.59,88.00,1458.15,64.45,20.19,15.11,119.47,47.11,73.03,30.20,41.00,8.08,4311.46,400.18,4.27,0.53,93.66,12.86,9.61,2.39,0.00,0.00,4.13,1.41,2.96,3.77,3.95,4.57,15.55,20.12,66.05,8.93,3.75,4.67,57906.23,10017.59,2952.70,10046.87,1758.92,21496.12,879.76,36.51,31.77,7184.74,246.08,265.72,106.00,2040.25,90.17,33.69,25.20,213.27,84.11,106.74,44.14,58.91,11.61,6164.28,572.16,5.44,0.68,117.24,16.10,11.96,2.98,0.00,0.00,4.88,1.67,4.00,5.09,5.27,6.09,17.36,22.46,71.15,9.62,4.25,5.29
55.50,55.5,27/11/2025 20:21:07,0.082,7.275,,15.8,889411.0,604348.0,970758.48,4131.98,1669.22,5523.08,960.17,9907.39,406.55,78.76,51.50,2782.48,95.46,357.33,100.79,1457.33,64.19,17.64,15.23,89.15,47.00,73.41,30.31,47.94,9.35,4579.97,426.59,3.87,0.53,92.84,12.64,7.89,2.35,0.00,0.00,2.82,1.43,2.20,3.75,2.37,4.59,16.53,20.26,62.13,8.85,4.42,4.79,55224.19,6851.96,2768.03,10435.65,1814.20,21195.22,869.76,180.47,118.00,6947.59,238.35,430.44,121.41,2039.10,89.82,29.43,25.41,159.16,83.90,107.29,44.30,68.89,13.43,6548.18,609.91,4.93,0.67,116.21,15.82,9.82,2.93,0.00,0.00,3.34,1.69,2.97,5.06,3.16,6.12,18.45,22.62,66.92,9.54,5.01,5.43
55.60,55.6,27/11/2025 20:21:41,0.519,6.079,1181251.278,15.8,887202.0,604516.0,971113.71,4543.51,1683.41,5545.56,962.96,9463.88,391.03,126.75,75.16,3210.41,107.30,185.51,84.11,1321.09,62.83,36.98,16.67,124.56,47.09,76.97,30.91,14.56,3.11,4045.18,374.44,4.16,0.52,91.73,12.52,8.14,2.27,0.00,0.00,2.41,1.39,2.54,3.69,2.30,4.49,14.81,20.11,60.21,8.73,5.04,4.51,55065.14,7534.39,2791.56,10478.13,1819.48,20246.42,836.55,290.42,172.23,8016.09,267.91,223.46,101.31,1848.48,87.92,61.70,27.82,222.36,84.07,112.49,45.18,20.93,4.47,5783.57,535.35,5.30,0.67,114.82,15.67,10.13,2.82,0.00,0.00,2.85,1.64,3.42,4.99,3.06,5.99,16.54,22.46,64.86,9.41,5.72,5.11
55.70,55.7,27/11/2025 20:22:15,0.617,6.544,,15.8,889568.0,604187.0,972070.14,4564.53,1706.19,5246.68,922.46,9416.78,390.31,43.51,32.40,2828.87,96.63,236.00,89.27,1366.64,63.43,29.51,15.26,93.67,46.88,55.90,27.25,36.81,7.36,3854.05,355.91,4.17,0.52,58.09,5.63,6.39,2.24,0.00,0.00,3.47,1.39,1.13,3.62,3.97,4.47,11.87,20.18,64.43,8.67,3.37,4.59,53032.67,7569.26,2829.33,9913.41,1742.96,20145.64,835.00,99.69,74.24,7063.41,241.28,284.29,107.53,1912.21,88.75,49.24,25.46,167.23,83.69,81.70,39.83,52.90,10.58,5510.30,508.86,5.31,0.66,72.72,7.04,7.96,2.79,0.00,0.00,4.10,1.65,1.53,4.89,5.30,5.96,13.26,22.54,69.41,9.34,3.82,5.21
55.80,55.8,27/11/2025 20:22:49,0.294,6.812,,15.7,891866.0,604494.0,971282.71,5077.80,1773.08,5292.29,930.40,9906.73,406.62,1.72,1.68,2926.94,99.45,257.36,92.67,1341.07,63.81,22.33,15.27,89.19,47.07,63.35,28.56,60.67,11.52,3548.56,326.16,3.80,0.50,37.87,2.75,8.39,2.27,0.00,0.00,2.35,1.37,1.22,3.63,2.21,4.43,15.52,20.30,55.21,8.52,2.70,4.51,54712.18,8420.39,2940.26,9999.58,1757.96,21193.80,869.89,3.95,3.85,7308.29,248.31,310.02,111.63,1876.44,89.28,37.26,25.48,159.23,84.02,92.59,41.74,87.18,16.55,5073.54,466.33,4.84,0.64,47.41,3.45,10.44,2.82,0.00,0.00,2.78,1.62,1.64,4.91,2.95,5.90,17.32,22.66,59.47,9.18,3.07,5.11
55.90,55.9,27/11/2025 20:23:22,0.661,7.010,,15.8,889846.0,603373.0,972991.13,3349.75,1649.32,5590.75,972.66,10016.81,410.10,46.96,34.45,3168.67,106.21,67.73,60.92,1367.90,63.40,29.93,15.26,83.31,46.74,83.50,32.19,6.41,1.41,3073.01,280.26,3.64,0.49,34.07,2.35,8.16,2.30,0.00,0.00,3.05,1.36,1.66,3.53,2.60,4.38,12.11,20.20,55.50,8.18,3.34,4.45,52430.06,5554.82,2735.02,10563.51,1837.80,21429.32,877.35,107.61,78.93,7911.87,265.19,81.59,73.39,1913.97,88.71,49.93,25.47,148.72,83.43,122.04,47.04,9.21,2.03,4393.61,400.70,4.64,0.62,42.65,2.94,10.16,2.86,0.00,0.00,3.61,1.61,2.24,4.77,3.47,5.84,13.52,22.56,59.78,8.81,3.79,5.05
56.00,56.0,27/11/2025 20:24:06,-0.625,6.347,,15.8,888145.0,603872.0,969276.79,5800.05,1748.34,5873.22,1015.45,10671.65,432.10,96.34,60.11,3339.43,110.65,104.02,71.68,1466.36,64.72,27.63,15.37,96.81,47.54,55.90,27.61,8.46,1.85,3016.40,274.55,3.89,0.50,65.92,7.06,8.65,2.28,0.00,0.00,2.71,1.36,1.86,3.61,4.68,4.43,15.43,20.49,60.24,8.56,3.55,4.51,59103.39,9618.09,2899.23,11097.24,1918.66,22830.23,924.41,220.75,137.74,8338.23,276.29,125.31,86.34,2051.74,90.56,46.10,25.64,172.83,84.86,81.70,40.35,12.16,2.67,4312.68,392.53,4.95,0.64,82.51,8.83,10.77,2.83,0.00,0.00,3.21,1.61,2.51,4.88,6.23,5.91,17.23,22.88,64.89,9.22,4.02,5.11
56.10,56.1,27/11/2025 20:24:40,-0.899,0.662,1181251.870,15.7,889657.0,605503.0,970415.21,4356.39,1704.92,5923.80,1023.81,10658.39,431.69,32.10,25.51,3134.07,104.95,354.99,102.00,1490.67,65.18,31.29,15.37,80.96,47.16,66.10,29.11,62.44,11.80,3237.08,295.84,3.54,0.49,57.97,5.61,9.46,2.31,0.00,0.00,2.77,1.36,3.01,3.64,2.32,4.48,12.75,20.39,60.54,8.56,4.13,4.59,56825.86,7224.09,2827.23,11192.80,1934.45,22801.86,923.54,73.56,58.45,7825.48,262.06,427.62,122.87,2085.75,91.20,52.21,25.65,144.53,84.19,96.61,42.55,89.72,16.95,4628.20,422.97,4.51,0.62,72.57,7.03,11.78,2.88,0.00,0.00,3.28,1.61,4.06,4.92,3.10,5.98,14.23,22.77,65.21,9.22,4.69,5.21
56.20,56.2,27/11/2025 20:25:14,0.279,5.556,,15.7,898708.0,609639.0,969724.32,4882.90,1782.57,5894.99,1021.83,10810.63,437.13,115.11,69.88,3364.35,111.37,391.22,106.25,1460.93,65.34,41.09,18.34,77.04,47.68,72.84,30.53,6.06,1.35,3008.82,273.87,4.24,0.51,53.32,4.87,9.59,2.30,0.00,0.00,3.24,1.39,3.89,3.63,2.84,4.46,8.18,20.65,60.83,8.56,3.57,4.50,58341.50,8097.19,2955.99,11138.36,1930.71,23127.56,935.17,263.76,160.12,8400.46,278.07,471.26,127.99,2044.14,91.43,68.56,30.59,137.53,85.12,106.47,44.63,8.70,1.94,4301.84,391.56,5.40,0.65,66.75,6.10,11.93,2.86,0.00,0.00,3.84,1.65,5.25,4.91,3.78,5.95,9.14,23.05,65.53,9.22,4.05,5.11
56.30,56.3,27/11/2025 20:25:49,0.147,6.283,,15.7,909784.0,614591.0,968505.90,5390.37,1825.04,5848.30,1018.12,11476.02,460.96,35.12,28.12,3225.66,108.15,305.12,99.27,1519.83,66.57,30.57,15.75,114.21,48.72,67.68,29.81,49.12,9.70,3310.95,303.04,3.90,0.51,16.69,0.85,9.47,2.31,0.00,0.00,3.47,1.41,1.80,3.71,4.35,4.57,14.85,20.87,63.05,8.67,3.58,4.57,60465.37,8938.73,3026.41,11050.14,1923.71,24551.05,986.16,80.46,64.44,8054.15,270.05,367.55,119.59,2126.56,93.14,51.01,26.27,203.88,86.98,98.92,43.57,70.58,13.94,4733.81,433.27,4.97,0.65,20.90,1.07,11.78,2.87,0.00,0.00,4.10,1.67,2.43,5.01,5.80,6.09,16.58,23.30,67.92,9.34,4.06,5.19
56.40,56.4,27/11/2025 20:26:22,3.076,6.154,,15.6,918128.0,619560.0,967790.14,4827.72,1790.78,5915.90,1027.88,11643.93,466.16,87.50,57.31,3743.18,122.12,297.99,99.36,1627.88,68.15,52.21,21.63,130.12,49.33,66.07,29.78,9.82,2.18,3664.21,337.17,4.18,0.53,45.25,3.63,8.74,2.32,0.00,0.00,2.85,1.44,3.37,3.78,1.35,4.70,16.66,21.07,57.78,8.82,3.13,4.71,62113.32,8005.69,2969.61,11177.88,1942.15,24910.26,997.27,200.49,131.32,9346.36,304.93,358.95,119.69,2277.74,95.36,87.11,36.09,232.29,88.06,96.57,43.52,14.10,3.13,5238.89,482.07,5.33,0.68,56.64,4.54,10.88,2.88,0.00,0.00,3.37,1.71,4.56,5.11,1.81,6.27,18.60,23.52,62.24,9.50,3.55,5.35
56.50,56.5,27/11/2025 20:27:07,1.569,2.913,,15.6,923491.0,623005.0,965644.65,6003.50,1892.73,6437.92,1106.39,12066.10,481.16,132.38,80.67,3748.92,122.76,342.05,104.63,1559.15,67.96,34.48,16.61,56.48,49.31,70.06,30.69,7.00,1.58,3744.78,344.99,3.90,0.52,50.66,4.36,8.48,2.36,0.00,0.00,3.67,1.46,4.42,3.85,2.61,4.70,13.32,21.45,60.89,8.96,4.57,4.79,65994.00,9955.46,3138.68,12164.21,2090.49,25813.43,1029.37,303.32,184.84,9360.69,306.52,412.04,126.04,2181.57,95.08,57.53,27.71,100.83,88.03,102.40,44.86,10.06,2.27,5354.08,493.24,4.97,0.66,63.41,5.46,10.56,2.94,0.00,0.00,4.34,1.73,5.97,5.20,3.48,6.27,14.87,23.95,65.59,9.65,5.19,5.43
56.60,56.6,27/11/2025 20:27:40,2.122,0.262,1181252.399,15.8,889114.0,602281.0,969209.93,5665.33,1791.82,5948.02,1028.05,10389.77,423.14,125.43,75.17,3303.52,109.79,346.76,100.83,1459.81,64.94,47.28,19.99,133.66,48.18,71.80,30.19,91.71,23.03,3066.00,279.25,4.23,0.52,54.22,5.00,7.93,2.24,0.00,0.00,3.10,1.37,2.89,3.61,2.97,4.46,1.84,20.47,60.77,8.57,3.03,4.49,58960.11,9394.68,2971.34,11238.55,1942.46,22227.21,905.25,287.39,172.23,8248.58,274.13,417.71,121.46,2042.58,90.86,78.88,33.35,238.61,86.01,104.93,44.12,131.78,33.09,4383.59,399.26,5.39,0.67,67.87,6.26,9.87,2.79,0.00,0.00,3.67,1.62,3.91,4.88,3.96,5.95,2.05,22.86,65.46,9.23,3.44,5.09
56.70,56.7,27/11/2025 20:28:14,1.343,5.161,,15.5,934284.0,629950.0,963926.14,6084.12,1887.17,7187.56,1220.85,12557.37,498.29,37.85,30.67,4182.23,134.65,322.45,104.10,1675.19,69.73,62.60,24.80,65.81,50.22,66.57,30.47,53.77,10.74,3635.41,334.27,3.86,0.53,51.92,4.53,7.99,2.44,0.00,0.00,3.46,1.51,4.74,3.98,2.13,4.82,0.24,21.83,64.12,9.09,4.47,4.87,69557.70,10089.14,3129.44,13580.63,2306.75,26864.43,1066.01,86.72,70.28,10442.63,336.21,388.43,125.40,2343.94,97.56,104.44,41.38,117.49,89.65,97.29,44.54,77.25,15.43,5197.71,477.92,4.92,0.67,64.99,5.67,9.95,3.03,0.00,0.00,4.09,1.79,6.41,5.38,2.84,6.42,0.27,24.37,69.07,9.79,5.07,5.53
56.80,56.8,27/11/2025 20:28:49,0.972,5.817,,15.6,921390.0,622684.0,964954.73,6520.21,1878.22,6626.47,1134.80,12007.89,479.38,24.30,21.06,3779.10,123.63,398.87,109.35,1633.10,68.59,34.78,16.56,83.49,49.48,64.04,29.67,31.77,6.60,3688.37,339.37,4.24,0.55,51.44,4.47,7.34,2.43,0.00,0.00,3.33,1.48,3.90,3.87,2.30,4.78,15.62,21.40,61.39,8.96,3.34,4.74,67077.21,10812.31,3114.61,12520.48,2144.16,25688.91,1025.56,55.67,48.25,9436.06,308.70,480.48,131.72,2285.04,95.98,58.02,27.63,149.04,88.34,93.60,43.37,45.65,9.49,5273.42,485.21,5.39,0.69,64.39,5.60,9.14,3.02,0.00,0.00,3.93,1.75,5.26,5.23,3.06,6.38,17.44,23.89,66.13,9.66,3.79,5.37
56.90,56.9,27/11/2025 20:29:24,-0.964,5.289,,15.7,891371.0,605147.0,968607.57,5824.48,1792.76,5862.11,1016.17,10967.87,442.95,31.94,52.05,2897.42,98.78,323.66,98.70,1507.05,65.24,28.85,15.39,98.73,47.46,57.33,27.78,11.56,2.49,3557.01,326.67,3.91,0.51,114.33,18.60,10.18,2.41,0.00,0.00,2.86,1.42,3.67,3.76,1.69,4.50,19.87,20.44,62.85,8.77,5.06,4.70,59682.48,9658.60,2972.89,11076.24,1920.02,23463.94,947.61,73.19,119.26,7234.58,246.64,389.88,118.89,2108.68,91.28,48.14,25.67,176.25,84.73,83.79,40.60,16.61,3.58,5085.61,467.05,4.97,0.65,143.11,23.28,12.67,3.00,0.00,0.00,3.39,1.68,4.95,5.08,2.25,6.00,22.19,22.82,67.71,9.45,5.74,5.33
57.00,57.0,27/11/2025 20:30:07,-0.096,6.084,,15.2,1004895.0,669952.0,956725.54,7586.48,2064.58,8383.81,1410.89,14497.42,568.19,55.87,44.47,4861.56,155.47,430.33,125.68,1952.12,76.88,70.15,28.14,102.43,54.83,81.16,34.60,102.34,19.74,5039.15,470.79,4.97,0.62,6.62,0.31,9.63,2.69,0.00,0.00,4.77,1.68,1.74,4.41,3.60,5.55,14.44,23.65,63.15,9.89,2.71,5.36,82849.75,12580.48,3423.64,15840.90,2665.83,31014.84,1215.55,128.01,101.91,12138.84,388.19,518.38,151.40,2731.42,107.56,117.05,46.96,182.85,97.88,118.62,50.57,147.04,28.36,7204.69,673.11,6.33,0.79,8.29,0.38,11.98,3.34,0.00,0.00,5.65,1.99,2.35,5.95,4.81,7.40,16.13,26.40,68.03,10.65,3.08,6.08
57.10,57.1,27/11/2025 20:30:42,-0.860,7.076,1181252.134,15.3,982664.0,655326.0,960910.35,6891.02,2037.40,7405.92,1261.24,13226.81,523.79,56.36,43.56,4516.17,145.06,440.55,123.92,1707.54,73.00,59.62,24.85,152.50,53.44,65.17,31.13,91.37,17.58,4348.96,403.68,4.13,0.57,6.17,0.29,7.21,2.55,0.00,0.00,1.62,1.54,3.18,4.22,2.36,5.21,27.44,22.75,71.18,9.73,4.34,5.08,75002.22,11427.21,3378.58,13993.22,2383.07,28296.58,1120.57,129.14,99.81,11276.45,362.19,530.69,149.28,2389.20,102.14,99.48,41.47,272.25,95.40,95.25,45.50,131.28,25.26,6217.90,577.16,5.26,0.72,7.72,0.37,8.97,3.18,0.00,0.00,1.92,1.82,4.30,5.69,3.15,6.95,30.64,25.40,76.68,10.48,4.92,5.76
57.20,57.2,27/11/2025 20:31:16,-0.204,7.013,,15.3,980294.0,653833.0,961912.76,5934.00,1972.01,7408.50,1260.36,13158.03,521.39,91.75,62.80,4465.73,143.86,432.01,122.65,1716.94,72.78,40.92,19.54,94.25,52.71,50.59,28.96,75.43,14.90,4508.46,419.34,4.29,0.57,6.37,0.29,9.14,2.55,0.00,0.00,4.43,1.56,2.33,4.17,2.33,5.18,12.80,22.76,64.32,9.57,4.61,5.09,73261.13,9840.22,3270.13,13998.08,2381.41,28149.44,1115.43,210.24,143.91,11150.49,359.20,520.40,147.75,2402.36,101.83,68.28,32.61,168.26,94.10,73.95,42.32,108.39,21.41,6445.94,599.54,5.45,0.72,7.97,0.37,11.38,3.17,0.00,0.00,5.24,1.85,3.15,5.64,3.11,6.91,14.29,25.41,69.29,10.31,5.23,5.77
57.30,57.3,27/11/2025 20:31:51,-0.910,2.513,,15.3,982086.0,651864.0,961288.47,5776.59,1988.51,7351.14,1253.51,13226.55,524.50,86.23,60.51,4815.26,153.35,425.73,121.87,1774.70,72.89,63.57,25.86,112.73,53.05,66.19,31.32,163.30,29.68,4742.16,442.01,4.71,0.60,6.50,0.30,6.55,2.50,0.00,0.00,5.29,1.60,1.61,4.23,4.10,5.27,15.82,22.81,59.02,9.46,3.75,5.16,74522.21,9579.18,3297.50,13889.70,2368.45,28296.02,1122.07,197.59,138.65,12023.24,382.91,512.84,146.81,2483.17,101.99,106.07,43.15,201.25,94.70,96.75,45.77,234.64,42.64,6780.08,631.97,6.00,0.76,8.14,0.37,8.16,3.11,0.00,0.00,6.25,1.89,2.18,5.71,5.47,7.03,17.67,25.46,63.58,10.19,4.25,5.85
57.40,57.4,27/11/2025 20:32:25,0.269,7.075,,15.3,986761.0,651971.0,960637.15,5865.83,1956.97,7777.38,1316.23,13345.81,528.28,30.04,26.75,4709.14,150.50,356.37,116.63,1689.77,72.92,51.25,22.70,127.44,53.31,89.61,35.53,19.34,4.37,5166.88,483.56,4.65,0.59,6.47,0.30,7.72,2.63,0.00,0.00,5.67,1.65,2.82,4.25,2.70,5.22,23.45,22.84,76.05,9.90,4.46,5.23,75604.11,9727.16,3245.20,14695.06,2486.97,28551.15,1130.16,68.84,61.29,11758.28,375.78,429.28,140.49,2364.34,102.03,85.51,37.88,227.51,95.17,130.97,51.94,27.79,6.28,7387.31,691.37,5.91,0.75,8.10,0.38,9.61,3.28,0.00,0.00,6.70,1.95,3.80,5.74,3.61,6.96,26.18,25.50,81.92,10.66,5.06,5.94
57.50,57.5,27/11/2025 20:33:09,-0.017,6.877,,15.3,988346.0,652383.0,959628.57,6655.28,2004.70,7578.25,1286.81,13512.17,533.86,3.56,3.78,4777.14,152.48,427.13,123.20,1878.69,74.76,30.10,17.44,119.75,53.70,74.35,32.88,93.60,18.03,5093.68,476.25,4.19,0.59,6.41,0.30,7.09,2.59,0.00,0.00,4.30,1.65,3.06,4.29,4.84,5.29,18.02,23.03,74.35,9.95,5.45,5.31,77275.66,11036.29,3324.35,14318.82,2431.38,28907.06,1142.11,8.16,8.67,11928.06,380.72,514.52,148.41,2628.67,104.60,50.23,29.09,213.77,95.87,108.67,48.06,134.49,25.90,7282.65,680.91,5.34,0.75,8.03,0.38,8.83,3.22,0.00,0.00,5.09,1.95,4.13,5.79,6.46,7.05,20.12,25.71,80.09,10.72,6.18,6.03
57.60,57.6,27/11/2025 20:33:44,0.533,7.208,1181250.748,15.3,983689.0,651891.0,960561.74,6815.36,2003.43,7205.60,1229.95,13536.98,534.12,31.36,27.58,4609.65,147.48,455.85,125.08,1762.17,73.42,54.45,23.49,138.63,53.40,78.71,33.48,45.89,9.62,4571.06,425.32,4.72,0.60,6.37,0.30,9.36,2.63,0.00,0.00,6.59,1.77,6.46,4.20,3.32,5.23,18.54,22.79,73.88,9.79,3.32,5.12,75678.44,11301.74,3322.24,13614.72,2323.94,28960.14,1142.66,71.86,63.19,11509.85,368.24,549.11,150.68,2465.63,102.73,90.84,39.20,247.48,95.34,115.04,48.93,65.94,13.82,6535.44,608.10,6.00,0.76,7.97,0.37,11.65,3.27,0.00,0.00,7.79,2.09,8.73,5.67,4.42,6.98,20.71,25.45,79.59,10.55,3.76,5.80
57.70,57.7,27/11/2025 20:34:18,0.688,7.339,,15.3,985193.0,652152.0,961126.96,6888.26,2006.41,7291.96,1242.23,12908.53,513.69,61.25,46.56,4638.66,148.48,433.05,123.23,1762.30,73.57,28.28,17.31,79.97,52.93,74.69,32.80,65.99,13.28,4519.41,420.37,4.43,0.58,6.38,0.30,9.10,2.55,0.00,0.00,5.67,1.63,5.78,4.19,2.45,5.20,14.85,22.91,67.43,9.60,4.62,5.11,74518.99,11422.64,3327.19,13777.88,2347.14,27615.66,1098.96,140.35,106.69,11582.30,370.73,521.66,148.45,2465.82,102.94,47.19,28.88,142.76,94.49,109.16,47.94,94.82,19.09,6461.59,601.02,5.64,0.74,7.98,0.37,11.32,3.18,0.00,0.00,6.71,1.93,7.81,5.66,3.26,6.93,16.58,25.58,72.63,10.34,5.24,5.80
57.80,57.8,27/11/2025 20:34:51,-0.429,7.205,,15.3,992823.0,650555.0,958755.61,7646.82,2099.50,7264.07,1242.44,13253.50,525.99,77.43,55.51,4675.20,149.56,490.13,128.69,1812.26,74.12,42.82,20.29,129.96,53.92,92.86,36.28,90.80,17.58,5547.49,520.67,4.30,0.59,6.45,0.30,7.67,2.63,0.00,0.00,6.12,1.72,4.38,4.37,2.69,5.33,16.61,23.05,67.95,9.88,4.88,5.24,78374.72,12680.53,3481.56,13725.20,2347.55,28353.68,1125.27,177.42,127.20,11673.52,373.44,590.42,155.02,2535.72,103.71,71.44,33.86,232.00,96.25,135.73,53.02,130.47,25.26,7931.49,744.42,5.48,0.76,8.07,0.38,9.55,3.27,0.00,0.00,7.23,2.04,5.92,5.90,3.59,7.11,18.55,25.74,73.20,10.64,5.53,5.95
57.90,57.9,27/11/2025 20:35:26,0.705,7.473,,15.3,991040.0,651052.0,962767.62,4843.63,1967.46,7224.70,1235.50,12982.48,516.66,91.76,63.47,4364.96,141.25,338.69,114.68,1753.51,73.22,82.37,30.17,123.69,53.28,95.06,36.49,138.68,25.57,5077.74,475.02,4.81,0.60,10.26,0.49,9.63,2.59,0.00,0.00,8.26,1.97,4.38,4.22,5.58,5.24,3.31,22.83,65.05,9.62,3.84,5.25,71515.90,8032.07,3262.58,13650.80,2334.43,27773.87,1105.31,210.25,145.43,10898.90,352.68,407.98,138.15,2453.52,102.44,137.44,50.35,220.81,95.12,138.94,53.33,199.26,36.74,7259.86,679.16,6.12,0.76,12.85,0.61,11.98,3.22,0.00,0.00,9.77,2.33,5.91,5.70,7.44,6.99,3.70,25.49,70.08,10.36,4.35,5.96
58.00,58.0,27/11/2025 20:36:10,0.775,1.655,,15.3,986859.0,651415.0,961203.62,5997.36,1981.06,7864.30,1328.56,13198.92,522.69,111.65,73.14,4476.79,144.09,473.73,126.99,1785.92,73.58,30.80,17.28,129.33,53.44,84.98,34.66,114.76,21.59,4390.00,407.71,4.74,0.58,12.64,0.61,8.43,2.49,0.00,0.00,5.79,1.60,3.00,4.19,3.07,5.19,22.41,22.88,74.52,9.91,3.23,5.13,74549.21,9945.28,3285.15,14859.30,2510.27,28236.90,1118.22,255.84,167.58,11178.12,359.78,570.65,152.97,2498.87,102.96,51.40,28.83,230.88,95.41,124.20,50.66,164.89,31.02,6276.58,582.92,6.04,0.74,15.82,0.76,10.50,3.09,0.00,0.00,6.85,1.90,4.06,5.66,4.10,6.92,25.02,25.54,80.28,10.68,3.66,5.82
58.10,58.1,27/11/2025 20:36:45,0.547,7.474,1181251.144,15.3,986189.0,652695.0,960976.76,6573.99,1975.80,7538.50,1279.44,13353.34,528.16,113.45,74.08,4765.25,151.90,371.19,118.45,1730.55,73.43,22.30,17.19,124.25,53.41,73.05,32.58,86.51,16.85,4127.55,382.17,4.69,0.58,18.44,0.96,9.76,2.55,0.00,0.00,3.39,1.56,6.10,4.15,2.94,5.22,25.57,22.91,68.05,9.52,4.34,5.07,75294.94,10901.50,3276.41,14243.72,2417.45,28567.27,1129.90,259.95,169.73,11898.37,379.27,447.13,142.68,2421.39,102.74,37.21,28.69,221.81,95.35,106.77,47.62,124.31,24.21,5901.35,546.41,5.97,0.74,23.08,1.21,12.15,3.18,0.00,0.00,4.01,1.84,8.24,5.61,3.93,6.96,28.55,25.57,73.31,10.26,4.93,5.75
58.20,58.2,27/11/2025 20:37:18,1.306,-1.322,,15.3,986474.0,654935.0,963001.69,5238.31,1914.01,7506.95,1275.05,13119.55,520.67,44.48,36.49,4216.12,137.19,446.15,123.71,1712.05,72.59,31.54,17.06,120.26,52.78,84.57,34.36,82.51,16.10,4272.37,396.45,4.39,0.57,6.27,0.29,8.40,2.54,0.00,0.00,5.29,1.57,3.05,4.14,3.27,5.12,21.65,22.64,66.44,9.42,4.69,5.01,71257.44,8686.57,3173.95,14184.11,2409.16,28067.11,1113.89,101.91,83.61,10527.24,342.55,537.43,149.03,2395.52,101.57,52.62,28.47,214.69,94.23,123.61,50.22,118.56,23.13,6108.39,566.82,5.59,0.73,7.84,0.37,10.46,3.17,0.00,0.00,6.26,1.86,4.12,5.59,4.36,6.83,24.17,25.28,71.57,10.15,5.32,5.68
58.30,58.3,27/11/2025 20:37:53,1.067,6.943,,15.3,985007.0,654936.0,961062.98,6947.76,2013.53,7565.61,1284.25,13314.89,527.36,44.28,58.91,4328.69,140.57,351.35,115.97,1752.84,73.06,30.16,17.22,135.69,53.43,83.65,34.39,94.21,18.14,4168.66,386.23,4.74,0.59,6.10,0.29,8.11,2.53,0.00,0.00,4.41,1.58,4.13,4.14,2.07,5.19,19.84,22.81,67.01,9.48,2.82,4.95,74731.99,11521.30,3338.98,14294.94,2426.54,28485.00,1128.19,101.46,135.00,10808.32,351.00,423.24,139.70,2452.59,102.23,50.32,28.73,242.23,95.38,122.26,50.26,135.36,26.07,5960.12,552.21,6.03,0.75,7.63,0.36,10.10,3.15,0.00,0.00,5.21,1.87,5.59,5.59,2.76,6.92,22.15,25.47,72.19,10.21,3.19,5.62
58.40,58.4,27/11/2025 20:38:27,1.149,6.612,,15.3,981445.0,652053.0,960523.34,6653.60,2009.75,7794.38,1319.75,13568.25,536.39,40.48,58.84,4508.16,145.23,448.43,124.78,1717.67,73.01,30.35,17.21,137.16,53.44,70.98,32.09,94.29,18.05,4290.82,397.97,5.00,0.60,6.27,0.29,10.14,2.57,0.00,0.00,6.33,1.70,3.91,4.19,1.64,5.17,19.97,22.80,64.70,9.50,4.12,5.06,75888.44,11033.50,3332.72,14727.20,2493.61,29027.03,1147.51,92.77,134.83,11256.45,362.63,540.18,150.31,2403.37,102.15,50.65,28.71,244.86,95.41,103.74,46.90,135.48,25.94,6134.77,568.99,6.36,0.76,7.85,0.36,12.63,3.20,0.00,0.00,7.48,2.01,5.28,5.66,2.18,6.90,22.30,25.46,69.70,10.23,4.67,5.75
58.50,58.5,27/11/2025 20:39:11,1.591,7.008,,15.3,980166.0,649032.0,962122.22,5337.75,2014.09,7374.46,1257.75,13335.35,527.72,105.00,70.43,4883.13,155.10,379.61,117.76,1751.12,72.98,23.21,17.13,127.83,53.15,73.68,32.46,159.29,28.92,4189.35,388.13,4.56,0.58,14.93,0.74,8.14,2.51,0.00,0.00,8.03,1.94,6.51,4.14,1.46,5.12,20.52,22.73,69.60,9.59,4.24,5.04,73405.52,8851.46,3339.91,13933.77,2376.48,28528.79,1128.97,240.60,161.38,12192.70,387.27,457.27,141.85,2450.18,102.12,38.73,28.57,228.20,94.89,107.69,47.44,228.88,41.56,5989.70,554.93,5.80,0.74,18.69,0.93,10.13,3.12,0.00,0.00,9.50,2.29,8.80,5.60,1.95,6.82,22.91,25.38,74.98,10.33,4.81,5.71
58.60,58.6,27/11/2025 20:39:46,1.748,6.347,1181251.606,15.4,969110.0,642511.0,962204.09,6304.81,1991.88,7136.58,1219.38,13571.56,534.69,163.78,100.06,4334.64,140.06,383.22,117.78,1662.15,71.63,86.42,30.17,94.54,52.01,68.92,31.51,18.00,4.04,3854.98,355.69,4.66,0.57,6.25,0.29,8.97,2.38,0.00,0.00,4.92,1.53,2.21,4.04,3.74,5.02,13.17,22.48,69.19,9.46,3.20,4.85,73042.07,10455.11,3303.09,13484.30,2303.97,29034.11,1143.88,375.29,229.28,10823.18,349.71,461.63,141.88,2325.69,100.22,144.19,50.34,168.77,92.85,100.73,46.05,25.87,5.81,5511.63,508.55,5.93,0.72,7.82,0.36,11.17,2.97,0.00,0.00,5.82,1.81,2.99,5.46,4.98,6.69,14.71,25.10,74.54,10.19,3.63,5.50
58.70,58.7,27/11/2025 20:40:20,2.368,6.546,,15.4,968275.0,641153.0,961131.49,6122.37,1976.37,7117.71,1215.49,13633.53,535.95,170.02,102.43,4838.06,153.38,413.13,120.61,1711.29,72.28,46.98,21.18,73.31,51.95,87.27,34.79,105.95,19.80,4426.14,410.99,4.92,0.59,12.01,0.58,8.03,2.49,0.00,0.00,2.68,1.54,3.40,4.09,2.21,5.17,16.52,22.53,68.58,9.52,4.39,5.06,75086.36,10152.58,3277.37,13448.65,2296.63,29166.69,1146.57,389.58,234.70,12080.17,382.98,497.66,145.28,2394.45,101.14,78.39,35.34,130.87,92.74,127.55,50.85,152.23,28.45,6328.24,587.62,6.26,0.75,15.03,0.72,10.00,3.10,0.00,0.00,3.17,1.82,4.59,5.53,2.94,6.89,18.45,25.15,73.88,10.25,4.98,5.74
58.80,58.8,27/11/2025 20:40:54,1.865,5.688,,15.4,975217.0,641646.0,958023.19,6425.81,2008.23,7962.47,1345.45,14962.80,582.04,50.49,40.98,5242.56,164.77,456.06,124.73,1948.51,74.89,128.12,36.89,143.60,53.64,78.65,33.51,93.53,17.82,4364.37,404.63,4.93,0.60,6.50,0.30,11.10,2.69,0.00,0.00,2.30,1.56,5.76,4.25,5.68,5.20,11.21,22.89,69.32,9.76,3.06,5.05,81288.92,10655.76,3330.20,15044.79,2542.18,32010.43,1245.18,115.70,93.89,13090.16,411.42,549.37,150.25,2726.37,104.79,213.77,61.56,256.35,95.76,114.95,48.98,134.39,25.61,6239.93,578.52,6.27,0.76,8.13,0.37,13.82,3.34,0.00,0.00,2.72,1.84,7.78,5.75,7.57,6.93,12.51,25.56,74.67,10.51,3.47,5.73
58.90,58.9,27/11/2025 20:41:29,1.773,5.819,,15.4,974467.0,643724.0,956870.22,7172.22,2113.37,7974.30,1350.29,15487.71,599.52,57.82,45.48,5601.50,174.76,500.43,130.12,1847.85,74.35,93.72,31.68,135.31,53.83,80.72,34.08,0.06,0.01,4065.13,375.51,4.37,0.58,6.34,0.30,8.20,2.57,0.00,0.00,3.11,1.57,2.93,4.19,2.28,5.19,15.18,23.03,64.98,9.55,5.62,5.12,83857.08,11893.52,3504.55,15067.14,2551.32,33133.41,1282.58,132.48,104.22,13986.41,436.37,602.82,156.75,2585.52,104.03,156.37,52.86,241.55,96.10,117.97,49.81,0.08,0.02,5812.10,536.89,5.57,0.74,7.93,0.37,10.20,3.20,0.00,0.00,3.68,1.85,3.96,5.66,3.04,6.91,16.95,25.71,70.00,10.29,6.38,5.81
59.00,59.0,27/11/2025 20:42:14,2.074,5.950,,15.4,972002.0,641542.0,956987.31,7258.85,2057.49,8142.32,1373.30,15706.17,606.28,52.10,59.89,5387.61,168.47,412.29,120.92,1844.12,73.69,33.56,17.24,120.63,53.36,99.65,37.53,73.33,14.35,3759.49,345.84,4.56,0.57,6.31,0.29,9.33,2.62,0.00,0.00,3.88,1.59,3.81,4.17,3.24,5.16,20.74,22.88,66.70,9.56,3.98,5.16,83707.59,12037.17,3411.88,15384.61,2594.79,33600.76,1297.04,119.39,137.23,13452.34,420.65,496.64,145.66,2580.31,103.11,56.00,28.76,215.34,95.25,145.64,54.85,105.37,20.62,5375.11,494.46,5.80,0.73,7.90,0.37,11.61,3.26,0.00,0.00,4.59,1.88,5.15,5.64,4.32,6.88,23.16,25.55,71.86,10.30,4.52,5.85
59.10,59.1,27/11/2025 20:42:47,2.153,5.824,1181251.736,15.4,971817.0,637625.0,955414.46,8310.45,2102.91,8407.91,1414.44,16190.44,622.97,29.08,26.63,5174.11,162.67,533.82,132.56,1844.99,74.54,30.96,17.29,154.31,54.08,83.48,34.45,61.64,12.31,3641.36,334.22,4.26,0.56,6.44,0.29,10.74,2.59,0.00,0.00,3.83,1.56,2.33,4.16,2.76,5.12,25.49,22.96,63.45,9.40,3.68,4.99,86397.79,13781.03,3487.20,15886.43,2672.53,34636.76,1332.75,66.63,61.02,12919.25,406.18,643.05,159.68,2581.52,104.29,51.66,28.86,275.47,96.55,122.01,50.34,88.57,17.68,5206.22,477.85,5.42,0.71,8.06,0.37,13.37,3.22,0.00,0.00,4.53,1.84,3.15,5.62,3.67,6.82,28.46,25.63,68.35,10.13,4.18,5.66
59.20,59.2,27/11/2025 20:43:21,3.798,5.755,,15.8,908051.0,585122.0,970282.60,5239.67,1841.44,5684.92,994.22,11131.40,449.14,121.31,75.33,3896.98,126.71,293.96,103.30,1459.97,65.22,24.14,15.61,126.42,48.55,82.69,32.37,93.48,23.17,1439.42,126.35,3.82,0.47,34.11,2.37,9.91,2.16,0.00,0.00,2.04,1.29,1.55,3.41,2.21,4.14,7.50,20.67,58.86,8.22,3.03,4.29,58371.02,8688.82,3053.62,10741.45,1878.53,23813.78,960.86,277.96,172.60,9730.39,316.39,354.11,124.44,2042.79,91.25,40.28,26.04,225.69,86.67,120.86,47.31,134.32,33.30,2058.00,180.65,4.86,0.60,42.69,2.97,12.34,2.69,0.00,0.00,2.41,1.53,2.09,4.60,2.95,5.52,8.37,23.08,63.41,8.85,3.44,4.87
59.30,59.3,27/11/2025 20:43:56,2.131,6.087,,15.8,903777.0,580659.0,971736.06,3570.62,1660.96,5924.79,1021.84,10590.91,429.73,79.81,53.49,3967.73,128.02,516.80,122.25,1391.82,64.20,28.03,15.47,145.10,48.36,51.83,27.01,83.90,22.72,1797.59,159.07,3.97,0.49,5.65,0.26,6.47,2.15,0.00,0.00,1.64,1.28,2.19,3.40,3.22,4.13,26.63,20.56,61.85,8.35,3.38,4.30,55634.93,5921.08,2754.32,11194.67,1930.72,22657.50,919.34,182.88,122.57,9907.05,319.66,622.54,147.27,1947.45,89.83,46.77,25.81,259.03,86.34,75.75,39.48,120.55,32.65,2570.09,227.43,5.06,0.62,7.07,0.32,8.05,2.68,0.00,0.00,1.94,1.52,2.95,4.59,4.29,5.51,29.73,22.95,66.62,9.00,3.83,4.88
59.40,59.4,27/11/2025 20:44:31,0.611,6.084,,15.8,901573.0,577908.0,973840.03,2707.99,1742.62,5423.49,951.88,10330.25,421.23,31.79,26.06,3791.60,123.44,240.98,96.44,1343.98,63.49,14.72,15.21,164.61,48.20,78.59,31.26,69.35,21.81,1864.01,165.30,4.24,0.48,5.65,0.25,8.44,2.20,0.00,0.00,2.10,1.27,2.71,3.32,0.54,3.99,18.85,20.25,53.36,7.99,2.72,4.25,51858.27,4490.60,2889.74,10247.49,1798.55,22099.86,901.14,72.84,59.71,9467.26,308.22,290.28,116.17,1880.51,88.84,24.56,25.37,293.86,86.04,114.86,45.69,99.64,31.34,2665.06,236.33,5.40,0.62,7.08,0.32,10.50,2.73,0.00,0.00,2.48,1.51,3.66,4.48,0.73,5.32,21.04,22.61,57.48,8.60,3.08,4.83
59.50,59.5,27/11/2025 20:45:14,3.380,6.222,,15.9,896925.0,572655.0,973310.86,3145.86,1718.53,5412.77,946.68,10441.19,423.71,152.57,89.58,3988.35,128.61,165.16,88.15,1352.05,62.92,15.35,15.16,162.72,47.94,60.16,27.95,89.16,22.59,1583.99,139.29,4.26,0.49,5.69,0.25,7.89,2.11,0.00,0.00,1.82,1.27,2.72,3.33,1.27,4.00,32.02,21.65,60.15,8.16,4.00,4.17,53111.78,5216.70,2849.79,10227.23,1788.72,22337.19,906.45,349.58,205.26,9958.53,321.12,198.95,106.18,1891.80,88.04,25.62,25.29,290.49,85.59,87.93,40.85,128.10,32.45,2264.70,199.14,5.43,0.62,7.12,0.32,9.82,2.62,0.00,0.00,2.16,1.50,3.67,4.50,1.69,5.33,35.75,24.17,64.79,8.79,4.54,4.73
59.60,59.6,27/11/2025 20:45:48,3.879,2.117,1181251.604,15.9,891331.0,567762.0,973687.94,3424.62,1718.26,5260.18,925.37,10266.65,419.08,113.28,70.31,4094.91,131.42,85.98,71.28,1365.28,63.13,9.57,15.26,111.99,47.41,69.22,29.53,72.12,21.83,1335.78,116.91,3.97,0.47,6.51,0.29,8.41,2.09,0.00,0.00,1.36,1.23,1.42,3.25,2.34,3.93,17.67,20.29,58.01,7.95,2.78,4.11,52525.93,5678.96,2849.34,9938.91,1748.46,21963.80,896.55,259.58,161.10,10224.60,328.15,103.57,85.86,1910.31,88.33,15.96,25.46,199.92,84.63,101.18,43.15,103.62,31.37,1909.82,167.16,5.05,0.60,8.15,0.36,10.47,2.60,0.00,0.00,1.61,1.45,1.92,4.39,3.12,5.24,19.73,22.66,62.49,8.57,3.15,4.67
59.70,59.7,27/11/2025 20:46:23,3.426,2.715,,15.9,891138.0,564806.0,974618.72,3286.06,1724.53,5072.14,896.97,10261.40,417.94,24.42,20.44,3683.07,119.87,190.24,90.57,1265.78,61.76,4.10,15.13,138.10,47.42,66.13,28.84,82.80,22.12,1175.39,102.64,3.99,0.47,29.49,1.92,5.89,2.07,0.00,0.00,1.27,1.21,2.18,3.21,1.69,3.81,20.31,20.14,62.53,8.04,4.34,4.09,50538.29,5449.19,2859.75,9583.61,1694.79,21952.58,894.11,55.95,46.84,9196.26,299.29,229.16,109.10,1771.09,86.42,6.83,25.25,246.53,84.66,96.65,42.16,118.96,31.79,1680.50,146.75,5.08,0.60,36.92,2.41,7.33,2.57,0.00,0.00,1.50,1.43,2.95,4.34,2.25,5.08,22.67,22.49,67.36,8.66,4.92,4.64
59.80,59.8,27/11/2025 20:46:57,4.790,5.821,,15.9,890716.0,564352.0,973458.70,3903.74,1774.22,5244.90,924.87,10300.65,420.07,58.21,41.61,3935.62,126.89,119.57,79.64,1332.80,62.75,25.31,15.10,152.07,47.50,88.07,33.06,62.98,21.48,1160.85,101.37,4.33,0.49,5.61,0.25,8.07,2.07,0.07,0.17,1.87,1.23,2.02,3.23,0.65,3.87,75.28,47.35,54.22,7.71,4.43,4.16,52757.77,6473.47,2942.14,9910.04,1747.51,22036.55,898.68,133.37,95.35,9826.87,316.84,144.03,95.94,1864.86,87.80,42.23,25.20,271.48,84.80,128.71,48.32,90.49,30.86,1659.72,144.93,5.51,0.62,7.02,0.31,10.04,2.58,0.09,0.22,2.22,1.45,2.73,4.37,0.86,5.16,84.05,52.87,58.40,8.31,5.02,4.72
59.90,59.9,27/11/2025 20:47:31,5.216,5.620,,16.0,886779.0,558211.0,973670.28,4303.11,1731.83,5321.86,934.15,10073.19,412.06,71.96,48.88,4007.13,129.30,12.61,29.17,1226.09,61.77,3.27,15.11,132.93,47.22,66.29,28.89,63.12,21.33,938.28,82.11,3.74,0.46,5.53,0.25,7.01,2.07,0.00,0.00,1.15,1.19,2.56,3.19,0.61,3.77,26.92,20.15,57.50,7.84,4.88,4.03,52537.56,7135.74,2871.84,10055.45,1765.03,21549.93,881.54,164.88,111.99,10005.42,322.84,15.19,35.14,1715.55,86.44,5.46,25.21,237.30,84.30,96.88,42.23,90.69,30.65,1341.50,117.40,4.76,0.58,6.92,0.31,8.73,2.57,0.00,0.00,1.36,1.40,3.46,4.31,0.81,5.03,30.06,22.50,61.94,8.44,5.53,4.58
60.00,60.0,27/11/2025 20:48:16,4.615,-1.522,,16.0,882788.0,554493.0,974566.28,3368.63,1682.32,5798.01,1001.79,9767.72,400.72,64.95,44.66,3661.12,119.42,331.18,103.88,1247.47,61.82,26.39,15.04,143.30,47.13,68.08,29.10,64.82,21.33,777.26,68.65,3.74,0.44,20.74,1.15,7.70,2.06,0.00,0.00,0.52,1.17,2.82,3.09,1.90,3.73,17.50,19.97,56.94,7.79,2.93,3.97,50607.59,5586.11,2789.74,10955.13,1892.84,20896.42,857.28,148.83,102.34,9141.46,298.19,398.94,125.14,1745.46,86.50,44.03,25.09,255.83,84.14,99.50,42.53,93.14,30.65,1111.28,98.15,4.76,0.56,25.96,1.44,9.59,2.57,0.00,0.00,0.62,1.38,3.80,4.17,2.54,4.97,19.54,22.29,61.34,8.39,3.32,4.51
60.10,60.1,27/11/2025 20:48:50,4.676,13.427,1181244.791,16.0,881455.0,551070.0,977085.64,1515.23,1657.54,5293.45,928.00,9702.86,398.77,157.96,92.60,3777.13,122.34,107.89,76.30,1280.09,61.46,4.23,14.91,116.69,46.16,54.56,26.69,46.89,20.53,677.22,60.41,3.73,0.44,5.44,0.24,5.75,1.96,0.00,0.00,1.48,1.14,2.42,3.03,2.02,3.66,98.41,59.58,57.69,7.73,3.22,3.84,46519.09,2512.68,2748.66,10001.77,1753.42,20757.67,853.09,361.94,212.17,9431.13,305.46,129.96,91.92,1791.11,86.00,7.05,24.87,208.32,82.41,79.75,39.00,67.37,29.49,968.25,86.37,4.74,0.56,6.81,0.30,7.16,2.44,0.00,0.00,1.75,1.35,3.27,4.09,2.69,4.88,109.88,66.52,62.14,8.32,3.65,4.36
60.20,60.2,27/11/2025 20:49:24,2.573,6.156,,16.0,883628.0,554428.0,974185.21,3789.79,1721.16,5579.39,971.16,9977.59,408.67,134.32,80.60,3797.89,123.61,17.51,29.20,1269.34,62.05,20.01,15.10,132.65,47.16,75.00,30.37,63.99,21.26,854.47,75.02,4.03,0.45,8.22,0.37,9.82,2.11,0.00,0.00,1.28,1.16,1.33,3.07,1.65,3.76,14.36,20.03,59.65,7.87,2.49,3.87,51569.59,6284.52,2854.16,10542.05,1834.97,21345.40,874.28,307.78,184.69,9482.98,308.65,21.09,35.18,1776.07,86.82,33.38,25.20,236.81,84.18,109.62,44.39,91.95,30.55,1221.67,107.26,5.12,0.58,10.29,0.46,12.22,2.63,0.00,0.00,1.51,1.38,1.80,4.15,2.20,5.01,16.04,22.36,64.26,8.48,2.82,4.39
60.30,60.3,27/11/2025 20:49:59,3.421,13.364,,15.9,885033.0,560063.0,976145.44,2348.57,1625.43,4884.40,867.09,9940.56,406.42,69.02,46.66,3789.69,123.13,29.10,41.24,1261.26,61.61,13.08,14.96,122.66,46.47,101.63,35.65,67.37,21.29,1003.05,87.59,4.14,0.47,5.53,0.25,7.96,2.10,0.00,0.00,1.22,1.17,1.61,3.10,1.87,3.84,149.72,84.64,49.03,7.61,3.09,3.94,47982.04,3894.57,2695.42,9228.88,1638.33,21266.20,869.46,158.15,106.90,9462.48,307.45,35.06,49.68,1764.76,86.20,21.83,24.97,218.98,82.95,148.53,52.10,96.80,30.59,1434.10,125.24,5.27,0.60,6.92,0.31,9.91,2.61,0.00,0.00,1.44,1.38,2.18,4.19,2.50,5.12,167.16,94.50,52.82,8.19,3.50,4.47
60.40,60.4,27/11/2025 20:50:33,3.585,13.297,,15.9,885108.0,561069.0,974775.62,3590.65,1702.04,5041.80,890.96,9966.51,407.99,84.38,55.14,3867.57,125.12,17.76,29.46,1288.30,61.98,9.67,14.96,160.50,47.26,80.30,31.30,77.13,21.71,930.30,81.37,3.76,0.45,5.64,0.25,5.91,1.97,0.00,0.00,2.08,1.18,2.18,3.09,0.88,3.81,28.91,19.95,57.20,7.82,2.95,3.92,50460.53,5954.29,2822.46,9526.30,1683.44,21321.70,872.84,193.35,126.34,9656.95,312.41,21.39,35.49,1802.60,86.73,16.13,24.96,286.52,84.37,117.37,45.75,110.82,31.19,1330.09,116.34,4.78,0.58,7.06,0.31,7.36,2.45,0.00,0.00,2.46,1.40,2.94,4.17,1.17,5.08,32.27,22.27,61.61,8.42,3.35,4.45
60.50,60.5,27/11/2025 20:51:17,2.135,5.555,,15.9,884665.0,562129.0,975586.04,2625.53,1663.78,5115.21,900.82,9929.44,406.69,61.20,43.17,3809.66,123.40,306.38,101.86,1304.75,62.35,2.93,14.91,124.82,46.52,77.43,30.71,86.75,22.06,854.08,74.93,4.13,0.46,5.51,0.24,8.37,2.10,0.00,0.00,1.82,1.17,2.83,3.12,2.72,3.80,27.78,19.90,59.68,7.85,2.96,3.87,48925.97,4353.86,2759.00,9665.00,1702.06,21242.39,870.04,140.22,98.92,9512.36,308.12,369.07,122.70,1825.61,87.24,4.88,24.87,222.82,83.04,113.17,44.88,124.65,31.70,1221.11,107.13,5.26,0.59,6.89,0.30,10.42,2.61,0.00,0.00,2.15,1.38,3.82,4.22,3.62,5.06,31.02,22.22,64.29,8.45,3.36,4.39
60.60,60.6,27/11/2025 20:51:52,3.016,6.083,1181251.672,15.9,887041.0,563296.0,973695.58,3960.86,1709.16,5503.37,959.84,10174.78,415.65,29.14,52.34,3566.47,117.17,367.11,107.64,1322.22,62.66,13.51,15.14,131.23,47.29,64.26,28.58,66.55,21.54,991.20,86.69,4.21,0.47,5.51,0.24,8.31,2.10,0.00,0.00,1.42,1.16,1.63,3.15,1.54,3.83,29.30,20.18,58.21,7.89,3.58,3.93,51989.59,6568.20,2834.26,10398.42,1813.58,21767.26,889.21,66.77,119.92,8905.12,292.57,442.23,129.66,1850.05,87.68,22.54,25.26,234.26,84.42,93.92,41.78,95.63,30.95,1417.17,123.94,5.36,0.60,6.90,0.31,10.35,2.61,0.00,0.00,1.68,1.37,2.21,4.26,2.05,5.11,32.71,22.53,62.71,8.50,4.06,4.46
60.70,60.7,27/11/2025 20:52:26,3.072,6.019,,15.9,891137.0,564198.0,973238.90,3962.88,1750.59,5214.88,918.51,10414.44,423.15,111.23,68.78,3870.88,125.30,95.32,74.16,1333.83,63.27,14.89,15.19,148.53,47.58,71.84,29.99,76.09,22.03,1218.14,106.42,3.58,0.46,5.51,0.25,8.33,2.12,0.00,0.00,1.84,1.21,2.07,3.21,2.75,3.91,144.34,82.61,57.88,7.94,1.85,3.94,53108.07,6571.55,2902.96,9853.31,1735.50,22279.97,905.25,254.87,157.59,9665.22,312.86,114.82,89.33,1866.30,88.53,24.85,25.34,265.16,84.94,105.00,43.83,109.33,31.66,1741.62,152.15,4.56,0.58,6.90,0.31,10.37,2.64,0.00,0.00,2.17,1.43,2.79,4.34,3.67,5.21,161.16,92.23,62.35,8.55,2.10,4.47
60.80,60.8,27/11/2025 20:53:00,2.662,6.544,,15.9,889886.0,564220.0,973401.67,3903.76,1700.13,5391.92,943.23,10351.64,421.42,60.13,42.58,3769.23,122.87,117.17,78.89,1357.53,62.80,10.43,15.19,140.48,47.71,83.07,32.07,65.22,21.50,1246.05,108.84,3.88,0.47,5.57,0.25,7.56,2.09,0.00,0.00,1.12,1.22,2.50,3.23,1.84,3.88,17.99,20.22,57.72,7.85,3.51,4.05,52776.34,6473.51,2819.29,10187.82,1782.20,22145.63,901.55,137.79,97.56,9411.41,306.80,141.14,95.03,1899.46,87.86,17.41,25.34,250.78,85.18,121.41,46.87,93.72,30.89,1781.53,155.61,4.93,0.60,6.98,0.31,9.41,2.60,0.00,0.00,1.33,1.44,3.38,4.36,2.45,5.18,20.08,22.58,62.18,8.45,3.98,4.59
60.90,60.9,27/11/2025 20:53:34,2.822,7.144,,15.9,889429.0,563572.0,973070.18,3680.03,1685.74,5556.19,967.53,10402.34,423.30,81.87,54.52,4203.60,134.30,122.03,80.07,1396.48,63.56,14.86,15.21,101.89,46.88,85.70,32.57,77.89,21.99,1099.47,95.92,3.66,0.45,5.55,0.25,7.39,2.13,0.00,0.00,1.23,1.20,3.45,3.19,2.64,3.87,27.62,20.19,53.15,7.80,2.78,4.00,53776.85,6102.50,2795.42,10498.22,1828.11,22254.09,905.57,187.59,124.93,10495.99,335.32,147.00,96.45,1953.96,88.93,24.80,25.37,181.89,83.69,125.25,47.61,111.92,31.59,1571.97,137.14,4.65,0.58,6.95,0.31,9.20,2.65,0.00,0.00,1.45,1.42,4.65,4.32,3.52,5.16,30.83,22.54,57.26,8.41,3.15,4.53
61.00,61.0,27/11/2025 20:54:19,3.330,6.413,,15.9,887039.0,559828.0,973768.17,3682.51,1708.46,5553.50,965.45,10318.32,419.33,50.21,37.09,3711.05,120.80,264.92,98.35,1362.08,63.11,11.14,15.05,140.29,47.30,79.85,31.33,81.09,22.00,866.37,76.03,4.06,0.46,17.52,0.91,8.33,2.11,0.00,0.00,1.42,1.18,4.48,3.13,0.95,3.84,21.53,20.07,50.36,7.51,1.86,3.89,52148.00,6106.62,2833.10,10493.12,1824.18,22074.33,897.10,115.05,84.98,9266.13,301.64,319.13,118.48,1905.82,88.30,18.58,25.11,250.44,84.43,116.71,45.79,116.51,31.61,1238.68,108.71,5.16,0.58,21.93,1.14,10.37,2.62,0.00,0.00,1.68,1.39,6.05,4.23,1.27,5.12,24.04,22.41,54.25,8.09,2.11,4.41
61.10,61.1,27/11/2025 20:54:53,2.606,6.751,1181251.405,16.0,885658.0,558275.0,973801.49,3981.00,1705.42,5347.71,935.37,10153.73,414.44,72.30,49.29,3907.74,126.28,24.06,36.26,1392.42,63.12,2.85,15.12,135.29,47.09,97.10,34.83,55.57,21.11,746.07,66.15,3.84,0.46,5.51,0.24,9.34,2.13,0.00,0.00,0.98,1.17,2.02,3.17,1.75,3.87,195.48,104.61,61.73,7.86,2.02,3.93,52179.70,6601.60,2828.05,10104.30,1767.35,21722.23,886.62,165.67,112.95,9757.24,315.32,28.98,43.68,1948.29,88.31,4.75,25.22,241.53,84.06,141.91,50.91,79.84,30.33,1066.69,94.58,4.88,0.58,6.89,0.31,11.62,2.65,0.00,0.00,1.16,1.39,2.73,4.29,2.34,5.16,218.25,116.80,66.50,8.47,2.29,4.46
61.20,61.2,27/11/2025 20:55:28,3.432,0.066,,16.0,886578.0,557067.0,974023.98,3416.43,1737.25,5428.65,948.95,10296.38,418.95,42.93,32.87,3862.23,124.81,351.99,106.41,1369.62,63.16,31.87,15.19,109.65,46.75,72.93,30.03,83.42,22.12,802.86,70.78,3.99,0.46,5.44,0.24,10.24,2.18,0.00,0.00,1.56,1.19,0.95,3.15,2.35,3.78,23.92,20.07,55.95,7.81,2.67,3.87,51776.54,5665.38,2880.84,10257.24,1793.01,22027.39,896.27,98.36,75.32,9643.62,311.63,424.01,128.18,1916.38,88.37,53.17,25.35,195.75,83.45,106.59,43.89,119.86,31.79,1147.88,101.19,5.08,0.58,6.81,0.30,12.75,2.72,0.00,0.00,1.84,1.41,1.29,4.25,3.13,5.04,26.70,22.40,60.27,8.41,3.03,4.39
61.30,61.3,27/11/2025 20:56:02,2.963,7.345,,16.0,885398.0,556105.0,975441.17,2340.98,1693.75,5414.57,945.88,10384.94,420.88,101.29,63.28,3684.66,120.13,98.36,74.49,1330.43,62.43,5.25,15.01,74.53,46.06,80.22,31.31,59.51,21.04,864.10,75.82,4.05,0.45,5.41,0.24,12.80,2.33,0.00,0.00,1.90,1.18,2.59,3.12,1.62,3.78,29.10,20.01,59.06,7.78,3.48,3.90,49457.64,3881.99,2808.70,10230.63,1787.20,22216.85,900.39,232.08,144.99,9200.23,299.95,118.48,89.73,1861.55,87.35,8.76,25.04,133.05,82.23,117.25,45.77,85.51,30.22,1235.44,108.40,5.16,0.58,6.78,0.30,15.93,2.90,0.00,0.00,2.24,1.39,3.49,4.21,2.16,5.04,32.49,22.35,63.62,8.38,3.95,4.42
61.40,61.4,27/11/2025 20:56:37,2.629,3.510,,16.0,886348.0,555800.0,973142.90,4092.29,1707.64,5692.33,987.31,10267.95,418.18,53.09,38.59,4124.16,132.05,89.25,72.61,1294.97,62.47,21.89,15.11,123.94,47.01,83.77,32.11,75.43,21.73,813.46,71.57,4.32,0.48,5.44,0.24,22.15,3.75,0.00,0.00,1.67,1.20,2.40,3.10,1.80,3.77,25.34,20.09,58.82,7.81,2.64,3.95,53640.66,6786.15,2831.74,10755.45,1865.49,21966.58,894.62,121.64,88.43,10297.63,329.71,107.51,87.46,1811.92,87.41,36.52,25.21,221.26,83.91,122.43,46.94,108.38,31.23,1163.04,102.32,5.50,0.61,6.81,0.31,27.57,4.66,0.00,0.00,1.98,1.42,3.24,4.18,2.40,5.03,28.29,22.43,63.36,8.41,2.99,4.48
61.50,61.5,27/11/2025 20:57:22,2.426,7.873,,16.0,886823.0,555956.0,973586.83,3358.34,1744.59,5362.03,940.76,10829.66,436.91,97.89,62.53,4007.48,129.30,150.66,85.78,1348.44,62.94,14.62,15.11,137.87,47.26,84.95,32.36,53.18,21.07,814.02,71.72,3.77,0.45,5.47,0.24,43.46,6.36,0.00,0.00,2.81,1.20,0.92,3.11,1.09,3.74,34.80,23.28,59.34,7.90,2.35,3.96,52979.66,5569.06,2893.02,10131.36,1777.53,23168.27,934.69,224.29,143.28,10006.30,322.86,181.49,103.33,1886.75,88.07,24.40,25.21,246.13,84.37,124.16,47.30,76.41,30.27,1163.84,102.54,4.80,0.58,6.84,0.31,54.09,7.91,0.00,0.00,3.32,1.42,1.25,4.21,1.45,4.99,38.85,25.99,63.92,8.50,2.67,4.50
61.60,61.6,27/11/2025 20:57:55,2.997,6.950,1181251.405,15.9,888495.0,557421.0,974422.93,2548.86,1655.56,5525.78,964.81,10505.94,426.36,17.07,15.29,4009.46,129.33,285.27,100.44,1318.46,62.77,23.54,15.15,113.28,46.79,84.15,32.19,61.51,21.27,916.75,80.24,3.79,0.45,6.49,0.29,64.03,8.97,0.00,0.00,2.31,1.22,2.76,3.14,0.81,3.80,28.93,20.08,53.68,7.78,4.22,3.99,51340.63,4226.71,2745.38,10440.75,1822.96,22475.73,912.13,39.10,35.05,10011.22,322.93,343.63,121.00,1844.80,87.83,39.27,25.28,202.22,83.52,122.99,47.04,88.38,30.56,1310.71,114.72,4.83,0.58,8.12,0.36,79.70,11.16,0.00,0.00,2.73,1.44,3.73,4.25,1.08,5.07,32.30,22.42,57.83,8.38,4.78,4.52
61.70,61.7,27/11/2025 20:58:29,3.343,7.277,,15.9,889485.0,557207.0,972347.57,3740.17,1711.84,6171.78,1059.73,10836.05,437.87,59.40,42.84,3813.31,123.93,243.22,96.52,1308.10,63.07,22.25,15.25,140.77,47.72,65.15,28.86,54.43,21.27,979.73,85.74,4.27,0.48,12.22,0.58,108.75,14.63,0.00,0.00,2.83,1.25,2.31,3.17,1.41,3.82,24.25,20.27,60.10,8.08,1.94,4.06,54947.44,6202.24,2838.71,11661.35,2002.32,23181.94,936.75,136.10,98.16,9521.46,309.45,292.99,116.26,1830.30,88.25,37.13,25.44,251.31,85.19,95.22,42.19,78.20,30.56,1400.76,122.59,5.44,0.61,15.29,0.73,135.36,18.21,0.00,0.00,3.35,1.47,3.11,4.28,1.88,5.09,27.08,22.63,64.74,8.71,2.20,4.60
61.80,61.8,27/11/2025 20:59:03,5.358,3.705,,15.9,892913.0,556265.0,972074.84,4291.39,1771.35,5857.45,1014.12,10858.81,438.92,31.46,26.00,3874.50,125.85,168.24,88.67,1308.03,63.03,24.11,15.35,155.59,48.03,78.72,31.27,83.93,22.31,958.96,83.88,4.09,0.47,5.47,0.25,133.01,17.82,0.00,0.00,2.68,1.25,0.96,3.21,1.90,3.82,28.30,20.30,54.74,7.91,2.83,4.09,55396.66,7116.30,2937.38,11067.44,1916.15,23230.64,938.99,72.08,59.58,9674.27,314.24,202.66,106.81,1830.21,88.19,40.23,25.61,277.76,85.75,115.05,45.71,120.59,32.06,1371.07,119.92,5.20,0.60,6.84,0.31,165.56,22.19,0.00,0.00,3.17,1.48,1.29,4.33,2.53,5.10,31.60,22.66,58.97,8.53,3.21,4.64
61.90,61.9,27/11/2025 20:59:37,6.160,0.067,,16.0,889206.0,555204.0,972224.10,4109.56,1741.67,5997.36,1034.68,10610.56,430.37,180.92,105.71,4096.94,131.68,53.12,58.16,1275.69,62.55,18.53,15.24,104.51,46.99,79.59,31.40,62.71,21.45,867.55,76.19,3.93,0.45,5.57,0.25,200.06,26.74,0.00,0.00,1.69,1.23,1.93,3.20,1.77,3.81,46.68,30.70,54.24,7.94,2.98,4.10,55385.46,6814.79,2888.16,11331.78,1955.00,22699.55,920.70,414.54,242.23,10229.67,328.79,63.99,70.06,1784.95,87.52,30.92,25.43,186.56,83.88,116.33,45.89,90.11,30.82,1240.37,108.93,5.01,0.58,6.97,0.31,249.01,33.28,0.00,0.00,2.00,1.46,2.61,4.32,2.36,5.08,52.12,34.28,58.43,8.56,3.38,4.66
62.00,62.0,27/11/2025 21:00:22,7.201,7.475,,16.0,886395.0,554016.0,970879.83,5847.80,1793.78,5761.69,999.96,10551.68,428.10,133.36,80.17,3716.81,120.96,344.26,106.67,1343.55,63.53,17.88,15.25,175.27,48.30,82.42,31.98,71.74,21.83,714.17,63.55,3.82,0.45,28.62,1.83,236.41,31.67,0.00,0.00,1.10,1.22,2.20,3.22,2.94,3.86,27.93,20.26,54.08,7.93,2.46,4.04,57060.72,9697.26,2974.58,10886.50,1889.38,22573.57,915.85,305.57,183.70,9280.51,302.03,414.70,128.49,1879.91,88.89,29.83,25.44,312.88,86.22,120.46,46.75,103.07,31.37,1021.08,90.86,4.86,0.58,35.82,2.29,294.27,39.42,0.00,0.00,1.30,1.44,2.97,4.35,3.92,5.15,31.18,22.62,58.26,8.55,2.79,4.58
62.10,62.1,27/11/2025 21:00:55,7.566,-0.329,1181251.936,16.0,884666.0,552050.0,971877.03,3973.43,1769.37,6209.01,1068.21,11131.08,447.89,73.76,50.56,3834.42,124.24,389.86,110.24,1248.34,62.57,0.00,0.00,190.31,48.39,73.09,30.15,50.05,21.05,507.05,47.21,3.65,0.45,27.32,1.71,284.09,38.17,0.00,0.00,1.33,1.21,2.42,3.19,3.42,3.80,58.21,37.43,58.80,8.06,3.32,4.15,55870.76,6589.04,2934.10,11731.70,2018.34,23813.11,958.19,169.02,115.85,9574.19,310.21,469.62,132.80,1746.69,87.54,0.00,0.00,339.74,86.39,106.82,44.07,71.91,30.24,724.96,67.50,4.65,0.57,34.20,2.14,353.61,47.52,0.00,0.00,1.57,1.43,3.27,4.31,4.56,5.07,65.00,41.79,63.34,8.68,3.77,4.71
62.20,62.2,27/11/2025 21:01:29,7.125,7.408,,16.1,877458.0,541800.0,973227.39,3792.44,1708.69,5861.06,1012.12,10547.74,427.83,71.32,49.30,3996.09,128.81,323.50,103.73,1215.70,61.76,0.00,0.00,145.30,47.31,67.88,29.11,54.47,20.99,204.51,23.07,3.65,0.43,38.36,2.95,355.78,48.04,0.00,0.00,0.95,1.20,1.47,3.13,3.21,3.70,26.56,20.09,59.48,7.92,3.14,4.13,53489.73,6288.91,2833.48,11074.25,1912.37,22565.15,915.28,163.42,112.95,9977.85,321.64,389.69,124.95,1701.01,86.41,0.00,0.00,259.39,84.45,99.21,42.54,78.27,30.16,292.40,32.98,4.64,0.55,48.02,3.69,442.85,59.79,0.00,0.00,1.12,1.42,1.98,4.22,4.28,4.93,29.65,22.43,64.07,8.54,3.56,4.68
62.30,62.3,27/11/2025 21:02:03,6.342,6.882,,16.1,872948.0,539217.0,973340.12,4468.88,1744.94,5755.45,996.19,10128.95,413.33,142.26,84.77,3940.38,127.52,99.44,74.75,1232.47,61.44,7.76,14.91,107.03,46.41,82.20,31.66,29.88,20.12,136.13,16.66,3.53,0.43,49.58,4.57,388.70,52.62,0.00,0.00,0.93,1.17,3.11,3.07,1.73,3.64,23.11,19.92,54.57,7.84,3.78,4.11,53172.14,7410.64,2893.59,10874.71,1882.26,21669.22,884.26,325.98,194.24,9838.74,318.39,119.79,90.05,1724.48,85.97,12.94,24.88,191.08,82.85,120.14,46.28,42.93,28.92,194.63,23.82,4.49,0.54,62.06,5.73,483.82,65.49,0.00,0.00,1.09,1.39,4.20,4.15,2.31,4.86,25.80,22.24,58.79,8.44,4.29,4.66
62.40,62.4,27/11/2025 21:02:38,7.610,7.142,,16.1,873736.0,540283.0,972957.34,4735.78,1786.36,5897.47,1019.08,10110.82,412.87,139.94,83.24,3976.65,127.95,52.40,57.08,1193.85,61.03,0.27,15.09,105.76,46.56,67.33,28.98,42.94,20.55,70.38,9.60,3.86,0.44,52.07,4.98,430.04,58.34,0.00,0.00,1.01,1.17,1.13,3.09,2.66,3.66,99.95,60.35,55.13,7.86,3.22,4.07,53846.49,7853.23,2962.27,11143.05,1925.51,21630.42,883.27,320.66,190.73,9929.31,319.49,63.12,68.76,1670.44,85.40,0.45,25.18,188.80,83.12,98.40,42.36,61.70,29.53,100.63,13.73,4.91,0.56,65.18,6.23,535.28,72.62,0.00,0.00,1.20,1.39,1.53,4.17,3.54,4.88,111.60,67.38,59.38,8.47,3.65,4.61
62.50,62.5,27/11/2025 21:03:22,7.981,7.939,,16.1,872342.0,538649.0,973556.70,4406.56,1737.46,5370.40,939.57,10262.94,417.38,94.17,59.94,4068.53,130.32,129.40,81.63,1173.55,61.07,2.54,15.00,112.26,46.42,69.38,29.22,39.83,20.30,87.64,11.58,3.89,0.44,90.96,13.43,428.64,58.13,0.00,0.00,1.47,1.18,1.25,3.08,2.28,3.63,41.34,27.18,52.68,7.68,3.59,3.99,52837.11,7307.29,2881.19,10147.18,1775.29,21955.86,892.92,215.77,137.34,10158.73,325.39,155.87,98.33,1642.03,85.46,4.24,25.02,200.40,82.87,101.40,42.71,57.23,29.16,125.31,16.56,4.95,0.56,113.86,16.81,533.54,72.35,0.00,0.00,1.74,1.40,1.68,4.16,3.04,4.84,46.15,30.35,56.75,8.27,4.08,4.53
62.60,62.6,27/11/2025 21:03:57,6.562,13.493,1181246.776,16.1,871996.0,534464.0,975180.60,3155.43,1691.93,5711.88,989.30,9945.91,407.00,80.76,53.54,3797.60,122.86,108.98,76.46,1215.72,60.80,4.53,14.85,106.28,45.99,68.91,29.02,39.40,20.18,56.80,7.92,3.82,0.43,51.37,4.90,377.96,51.14,0.00,0.00,0.86,1.14,2.20,3.03,1.96,3.56,28.33,19.79,57.82,7.79,2.87,3.88,49881.44,5232.58,2805.68,10792.38,1869.25,21277.64,870.72,185.05,122.69,9482.24,306.76,131.28,92.10,1701.04,85.07,7.56,24.77,189.73,82.11,100.71,42.42,56.61,29.00,81.21,11.32,4.87,0.55,64.30,6.13,470.46,63.66,0.00,0.00,1.02,1.35,2.97,4.09,2.61,4.75,31.63,22.10,62.28,8.39,3.25,4.40
62.70,62.7,27/11/2025 21:04:32,8.983,12.899,,16.1,870084.0,532269.0,975452.89,2931.87,1754.71,5497.67,960.34,9947.78,407.58,115.52,71.55,3641.90,118.93,323.79,102.81,1165.07,60.59,3.93,14.85,111.08,45.96,79.57,31.04,35.60,20.16,97.86,12.69,3.44,0.42,54.57,5.42,310.54,41.80,0.00,0.00,0.46,1.14,2.60,2.98,1.64,3.56,162.82,89.58,55.33,7.78,4.10,3.92,49133.18,4861.85,2909.80,10387.63,1814.53,21281.63,871.95,264.71,163.95,9093.47,296.95,390.04,123.85,1630.17,84.77,6.56,24.77,198.29,82.05,116.29,45.37,51.15,28.97,139.92,18.14,4.37,0.54,68.30,6.78,386.53,52.03,0.00,0.00,0.54,1.35,3.51,4.03,2.18,4.75,181.78,100.02,59.60,8.38,4.65,4.45
62.80,62.8,27/11/2025 21:05:05,8.591,12.107,,16.1,869341.0,527016.0,976624.38,2618.01,1676.75,5238.96,921.50,9755.76,400.74,81.96,54.00,3511.00,115.21,72.10,65.53,1196.81,60.45,9.11,14.69,130.61,45.83,58.09,26.98,56.87,20.52,247.17,42.12,3.63,0.42,50.53,4.76,233.02,31.15,0.00,0.00,0.91,1.09,2.22,2.93,2.70,3.52,40.97,26.76,60.68,7.74,4.50,3.86,47077.10,4341.38,2780.52,9898.83,1741.14,20870.84,857.32,187.80,123.74,8766.64,287.66,86.85,78.94,1674.59,84.58,15.20,24.50,233.16,81.81,84.90,39.44,81.72,29.49,353.39,60.23,4.62,0.54,63.25,5.96,290.04,38.78,0.00,0.00,1.08,1.29,3.00,3.96,3.60,4.69,45.74,29.87,65.37,8.33,5.11,4.38
62.90,62.9,27/11/2025 21:05:40,10.926,12.368,,16.1,868048.0,523311.0,975380.21,3572.13,1672.01,5437.60,949.67,9764.57,401.39,97.40,61.77,3430.20,112.96,359.65,104.98,1214.98,60.63,16.90,14.86,111.22,46.15,84.39,31.90,25.87,19.77,237.88,42.03,3.80,0.43,39.43,3.11,139.50,18.60,0.00,0.00,0.74,1.08,2.29,2.93,1.76,3.45,17.41,19.73,59.26,7.66,2.80,3.68,49056.70,5923.57,2772.66,10274.15,1794.37,20889.69,858.70,223.18,141.55,8564.89,282.06,433.23,126.46,1700.00,84.84,28.20,24.79,198.55,82.39,123.35,46.62,37.18,28.41,340.10,60.10,4.83,0.55,49.36,3.89,173.63,23.15,0.00,0.00,0.87,1.28,3.10,3.96,2.35,4.60,19.44,22.03,63.84,8.25,3.18,4.17
