Exported at 24/11/2025 15:22:17, , , , , , , , , , , , , , , , , , , , , , , , , , , , , , , , , , , , , , , , , , , , , , , , , , , , , , , , , , , , , , , , , , , , , , , , , , , , , , , , , , , , , , , , , , , , , , , , , , 
Core ID:,Archive TL09-C-110cm, , , , , , , , , , , , , , , , , , , , , , , , , , , , , , , , , , , , , , , , , , , , , , , , , , , , , , , , , , , , , , , , , , , , , , , , , , , , , , , , , , , , , , , , , , , , , , , , , 
Comments:,, , , , , , , , , , , , , , , , , , , , , , , , , , , , , , , , , , , , , , , , , , , , , , , , , , , , , , , , , , , , , , , , , , , , , , , , , , , , , , , , , , , , , , , , , , , , , , , , , 
XRF Measurement Mode:,He - 15x1mm, , , , , , , , , , , , , , , , , , , , , , , , , , , , , , , , , , , , , , , , , , , , , , , , , , , , , , , , , , , , , , , , , , , , , , , , , , , , , , , , , , , , , , , , , , , , , , , , , 
Depth,Depth In Core,Time Stamp,Laser Profiler,Magnetic Susceptibility,Mag Sus in Air,XRF Total Live Time,XRF Total Counts,,XRF Elements(ppm), , , , , , , , , , , , , , , , , , , , , , , , , , , , , , , , , , , , , , , , , , , , ,XRF Oxides(ppm), , , , , , , , , , , , , , , , , , , , , , , , , , , , , , , , , , , , , , , , , , , , 
cm,cm,,mm,x10^-5 SI,x10^-5 SI,Seconds,Beam 1,Beam 2,LE (Value),Mg (Value),Mg (Error),Al (Value),Al (Error),Si (Value),Si (Error),P (Value),P (Error),S (Value),S (Error),K (Value),K (Error),Ca (Value),Ca (Error),Ti (Value),Ti (Error),V (Value),V (Error),Cr (Value),Cr (Error),Mn (Value),Mn (Error),Fe (Value),Fe (Error),Ni (Value),Ni (Error),Cu (Value),Cu (Error),Zn (Value),Zn (Error),As (Value),As (Error),Sr (Value),Sr (Error),Zr (Value),Zr (Error),Mo (Value),Mo (Error),Ba (Value),Ba (Error),Pb (Value),Pb (Error),U (Value),U (Error),LE (Value),MgO (Value),MgO (Error),Al2O3 (Value),Al2O3 (Error),SiO2 (Value),SiO2 (Error),P2O5 (Value),P2O5 (Error),SO3 (Value),SO3 (Error),K2O (Value),K2O (Error),CaO (Value),CaO (Error),TiO2 (Value),TiO2 (Error),V2O5 (Value),V2O5 (Error),Cr2O3 (Value),Cr2O3 (Error),Mn2O3 (Value),Mn2O3 (Error),Fe2O3 (Value),Fe2O3 (Error),NiO (Value),NiO (Error),CuO (Value),CuO (Error),ZnO (Value),ZnO (Error),As2O3 (Value),As2O3 (Error),SrO (Value),SrO (Error),ZrO2 (Value),ZrO2 (Error),MoO2 (Value),MoO2 (Error),BaO (Value),BaO (Error),PbO (Value),PbO (Error),UO2 (Value),UO2 (Error)
0.00,0.0,24/11/2025 08:58:07*,-5.714, , , , , , , , , , , , , , , , , , , , , , , , , , , , , , , , , , , , , , , , , , , , , , , , , , , , , , , , , , , , , , , , , , , , , , , , , , , , , , , , , , , , , , , , , , , , , , , 
0.11,0.1,24/11/2025 08:58:07*,-5.916, , , , , , , , , , , , , , , , , , , , , , , , , , , , , , , , , , , , , , , , , , , , , , , , , , , , , , , , , , , , , , , , , , , , , , , , , , , , , , , , , , , , , , , , , , , , , , , 
0.20,0.2,24/11/2025 08:58:07*,-6.154, , , , , , , , , , , , , , , , , , , , , , , , , , , , , , , , , , , , , , , , , , , , , , , , , , , , , , , , , , , , , , , , , , , , , , , , , , , , , , , , , , , , , , , , , , , , , , , 
0.30,0.3,24/11/2025 08:58:07*,-6.257, , , , , , , , , , , , , , , , , , , , , , , , , , , , , , , , , , , , , , , , , , , , , , , , , , , , , , , , , , , , , , , , , , , , , , , , , , , , , , , , , , , , , , , , , , , , , , , 
0.40,0.4,24/11/2025 08:58:07*,-6.250, , , , , , , , , , , , , , , , , , , , , , , , , , , , , , , , , , , , , , , , , , , , , , , , , , , , , , , , , , , , , , , , , , , , , , , , , , , , , , , , , , , , , , , , , , , , , , , 
0.50,0.5,24/11/2025 08:58:07*,-6.337, , , , , , , , , , , , , , , , , , , , , , , , , , , , , , , , , , , , , , , , , , , , , , , , , , , , , , , , , , , , , , , , , , , , , , , , , , , , , , , , , , , , , , , , , , , , , , , 
0.60,0.6,24/11/2025 08:58:07*,-6.473, , , , , , , , , , , , , , , , , , , , , , , , , , , , , , , , , , , , , , , , , , , , , , , , , , , , , , , , , , , , , , , , , , , , , , , , , , , , , , , , , , , , , , , , , , , , , , , 
0.70,0.7,24/11/2025 08:58:07*,-6.251, , , , , , , , , , , , , , , , , , , , , , , , , , , , , , , , , , , , , , , , , , , , , , , , , , , , , , , , , , , , , , , , , , , , , , , , , , , , , , , , , , , , , , , , , , , , , , , 
0.80,0.8,24/11/2025 08:58:07*,-6.310, , , , , , , , , , , , , , , , , , , , , , , , , , , , , , , , , , , , , , , , , , , , , , , , , , , , , , , , , , , , , , , , , , , , , , , , , , , , , , , , , , , , , , , , , , , , , , , 
0.90,0.9,24/11/2025 08:58:07*,-6.399, , , , , , , , , , , , , , , , , , , , , , , , , , , , , , , , , , , , , , , , , , , , , , , , , , , , , , , , , , , , , , , , , , , , , , , , , , , , , , , , , , , , , , , , , , , , , , , 
1.00,1.0,24/11/2025 08:58:07*,-6.465, , , , , , , , , , , , , , , , , , , , , , , , , , , , , , , , , , , , , , , , , , , , , , , , , , , , , , , , , , , , , , , , , , , , , , , , , , , , , , , , , , , , , , , , , , , , , , , 
1.10,1.1,24/11/2025 08:58:07*,-6.371, , , , , , , , , , , , , , , , , , , , , , , , , , , , , , , , , , , , , , , , , , , , , , , , , , , , , , , , , , , , , , , , , , , , , , , , , , , , , , , , , , , , , , , , , , , , , , , 
1.20,1.2,24/11/2025 08:58:07*,-6.317, , , , , , , , , , , , , , , , , , , , , , , , , , , , , , , , , , , , , , , , , , , , , , , , , , , , , , , , , , , , , , , , , , , , , , , , , , , , , , , , , , , , , , , , , , , , , , , 
1.30,1.3,24/11/2025 08:58:07*,-6.362, , , , , , , , , , , , , , , , , , , , , , , , , , , , , , , , , , , , , , , , , , , , , , , , , , , , , , , , , , , , , , , , , , , , , , , , , , , , , , , , , , , , , , , , , , , , , , , 
1.40,1.4,24/11/2025 08:58:07*,-6.287, , , , , , , , , , , , , , , , , , , , , , , , , , , , , , , , , , , , , , , , , , , , , , , , , , , , , , , , , , , , , , , , , , , , , , , , , , , , , , , , , , , , , , , , , , , , , , , 
1.50,1.5,24/11/2025 08:58:07*,-6.250, , , , , , , , , , , , , , , , , , , , , , , , , , , , , , , , , , , , , , , , , , , , , , , , , , , , , , , , , , , , , , , , , , , , , , , , , , , , , , , , , , , , , , , , , , , , , , , 
1.60,1.6,24/11/2025 08:58:07*,-6.263, , , , , , , , , , , , , , , , , , , , , , , , , , , , , , , , , , , , , , , , , , , , , , , , , , , , , , , , , , , , , , , , , , , , , , , , , , , , , , , , , , , , , , , , , , , , , , , 
1.70,1.7,24/11/2025 08:58:07*,-6.164, , , , , , , , , , , , , , , , , , , , , , , , , , , , , , , , , , , , , , , , , , , , , , , , , , , , , , , , , , , , , , , , , , , , , , , , , , , , , , , , , , , , , , , , , , , , , , , 
1.80,1.8,24/11/2025 08:58:07*,-6.240, , , , , , , , , , , , , , , , , , , , , , , , , , , , , , , , , , , , , , , , , , , , , , , , , , , , , , , , , , , , , , , , , , , , , , , , , , , , , , , , , , , , , , , , , , , , , , , 
1.90,1.9,24/11/2025 08:58:07*,-6.163, , , , , , , , , , , , , , , , , , , , , , , , , , , , , , , , , , , , , , , , , , , , , , , , , , , , , , , , , , , , , , , , , , , , , , , , , , , , , , , , , , , , , , , , , , , , , , , 
2.00,2.0,24/11/2025 08:58:07*,-6.037, , , , , , , , , , , , , , , , , , , , , , , , , , , , , , , , , , , , , , , , , , , , , , , , , , , , , , , , , , , , , , , , , , , , , , , , , , , , , , , , , , , , , , , , , , , , , , , 
2.11,2.1,24/11/2025 08:58:07*,-6.074, , , , , , , , , , , , , , , , , , , , , , , , , , , , , , , , , , , , , , , , , , , , , , , , , , , , , , , , , , , , , , , , , , , , , , , , , , , , , , , , , , , , , , , , , , , , , , , 
2.21,2.2,24/11/2025 08:58:07*,-6.049, , , , , , , , , , , , , , , , , , , , , , , , , , , , , , , , , , , , , , , , , , , , , , , , , , , , , , , , , , , , , , , , , , , , , , , , , , , , , , , , , , , , , , , , , , , , , , , 
2.31,2.3,24/11/2025 08:58:07*,-6.099, , , , , , , , , , , , , , , , , , , , , , , , , , , , , , , , , , , , , , , , , , , , , , , , , , , , , , , , , , , , , , , , , , , , , , , , , , , , , , , , , , , , , , , , , , , , , , , 
2.41,2.4,24/11/2025 08:58:07*,-6.157, , , , , , , , , , , , , , , , , , , , , , , , , , , , , , , , , , , , , , , , , , , , , , , , , , , , , , , , , , , , , , , , , , , , , , , , , , , , , , , , , , , , , , , , , , , , , , , 
2.51,2.5,24/11/2025 08:58:07*,-6.151, , , , , , , , , , , , , , , , , , , , , , , , , , , , , , , , , , , , , , , , , , , , , , , , , , , , , , , , , , , , , , , , , , , , , , , , , , , , , , , , , , , , , , , , , , , , , , , 
2.61,2.6,24/11/2025 08:58:07*,-6.102, , , , , , , , , , , , , , , , , , , , , , , , , , , , , , , , , , , , , , , , , , , , , , , , , , , , , , , , , , , , , , , , , , , , , , , , , , , , , , , , , , , , , , , , , , , , , , , 
2.71,2.7,24/11/2025 08:58:07*,-6.107, , , , , , , , , , , , , , , , , , , , , , , , , , , , , , , , , , , , , , , , , , , , , , , , , , , , , , , , , , , , , , , , , , , , , , , , , , , , , , , , , , , , , , , , , , , , , , , 
2.81,2.8,24/11/2025 08:58:07*,-5.862, , , , , , , , , , , , , , , , , , , , , , , , , , , , , , , , , , , , , , , , , , , , , , , , , , , , , , , , , , , , , , , , , , , , , , , , , , , , , , , , , , , , , , , , , , , , , , , 
2.91,2.9,24/11/2025 08:58:07*,-5.941, , , , , , , , , , , , , , , , , , , , , , , , , , , , , , , , , , , , , , , , , , , , , , , , , , , , , , , , , , , , , , , , , , , , , , , , , , , , , , , , , , , , , , , , , , , , , , , 
3.01,3.0,24/11/2025 08:58:07*,-6.091, , , , , , , , , , , , , , , , , , , , , , , , , , , , , , , , , , , , , , , , , , , , , , , , , , , , , , , , , , , , , , , , , , , , , , , , , , , , , , , , , , , , , , , , , , , , , , , 
3.11,3.1,24/11/2025 08:58:07*,-5.904, , , , , , , , , , , , , , , , , , , , , , , , , , , , , , , , , , , , , , , , , , , , , , , , , , , , , , , , , , , , , , , , , , , , , , , , , , , , , , , , , , , , , , , , , , , , , , , 
3.21,3.2,24/11/2025 08:58:07*,-5.986, , , , , , , , , , , , , , , , , , , , , , , , , , , , , , , , , , , , , , , , , , , , , , , , , , , , , , , , , , , , , , , , , , , , , , , , , , , , , , , , , , , , , , , , , , , , , , , 
3.31,3.3,24/11/2025 08:58:07*,-6.157, , , , , , , , , , , , , , , , , , , , , , , , , , , , , , , , , , , , , , , , , , , , , , , , , , , , , , , , , , , , , , , , , , , , , , , , , , , , , , , , , , , , , , , , , , , , , , , 
3.41,3.4,24/11/2025 08:58:07*,-6.345, , , , , , , , , , , , , , , , , , , , , , , , , , , , , , , , , , , , , , , , , , , , , , , , , , , , , , , , , , , , , , , , , , , , , , , , , , , , , , , , , , , , , , , , , , , , , , , 
3.51,3.5,24/11/2025 08:58:07*,-6.316, , , , , , , , , , , , , , , , , , , , , , , , , , , , , , , , , , , , , , , , , , , , , , , , , , , , , , , , , , , , , , , , , , , , , , , , , , , , , , , , , , , , , , , , , , , , , , , 
3.61,3.6,24/11/2025 08:58:07*,-6.435, , , , , , , , , , , , , , , , , , , , , , , , , , , , , , , , , , , , , , , , , , , , , , , , , , , , , , , , , , , , , , , , , , , , , , , , , , , , , , , , , , , , , , , , , , , , , , , 
3.71,3.7,24/11/2025 08:58:07*,-6.539, , , , , , , , , , , , , , , , , , , , , , , , , , , , , , , , , , , , , , , , , , , , , , , , , , , , , , , , , , , , , , , , , , , , , , , , , , , , , , , , , , , , , , , , , , , , , , , 
3.81,3.8,24/11/2025 08:58:07*,-6.376, , , , , , , , , , , , , , , , , , , , , , , , , , , , , , , , , , , , , , , , , , , , , , , , , , , , , , , , , , , , , , , , , , , , , , , , , , , , , , , , , , , , , , , , , , , , , , , 
3.91,3.9,24/11/2025 08:58:07*,-6.595, , , , , , , , , , , , , , , , , , , , , , , , , , , , , , , , , , , , , , , , , , , , , , , , , , , , , , , , , , , , , , , , , , , , , , , , , , , , , , , , , , , , , , , , , , , , , , , 
4.01,4.0,24/11/2025 08:58:07*,-6.667, , , , , , , , , , , , , , , , , , , , , , , , , , , , , , , , , , , , , , , , , , , , , , , , , , , , , , , , , , , , , , , , , , , , , , , , , , , , , , , , , , , , , , , , , , , , , , , 
4.11,4.1,24/11/2025 08:58:07*,-6.696, , , , , , , , , , , , , , , , , , , , , , , , , , , , , , , , , , , , , , , , , , , , , , , , , , , , , , , , , , , , , , , , , , , , , , , , , , , , , , , , , , , , , , , , , , , , , , , 
4.21,4.2,24/11/2025 08:58:07*,-6.758, , , , , , , , , , , , , , , , , , , , , , , , , , , , , , , , , , , , , , , , , , , , , , , , , , , , , , , , , , , , , , , , , , , , , , , , , , , , , , , , , , , , , , , , , , , , , , , 
4.31,4.3,24/11/2025 08:58:07*,-6.587, , , , , , , , , , , , , , , , , , , , , , , , , , , , , , , , , , , , , , , , , , , , , , , , , , , , , , , , , , , , , , , , , , , , , , , , , , , , , , , , , , , , , , , , , , , , , , , 
4.41,4.4,24/11/2025 08:58:07*,-6.665, , , , , , , , , , , , , , , , , , , , , , , , , , , , , , , , , , , , , , , , , , , , , , , , , , , , , , , , , , , , , , , , , , , , , , , , , , , , , , , , , , , , , , , , , , , , , , , 
4.51,4.5,24/11/2025 08:58:07*,-6.429, , , , , , , , , , , , , , , , , , , , , , , , , , , , , , , , , , , , , , , , , , , , , , , , , , , , , , , , , , , , , , , , , , , , , , , , , , , , , , , , , , , , , , , , , , , , , , , 
4.61,4.6,24/11/2025 08:58:07*,-6.221, , , , , , , , , , , , , , , , , , , , , , , , , , , , , , , , , , , , , , , , , , , , , , , , , , , , , , , , , , , , , , , , , , , , , , , , , , , , , , , , , , , , , , , , , , , , , , , 
4.71,4.7,24/11/2025 08:58:07*,-5.988, , , , , , , , , , , , , , , , , , , , , , , , , , , , , , , , , , , , , , , , , , , , , , , , , , , , , , , , , , , , , , , , , , , , , , , , , , , , , , , , , , , , , , , , , , , , , , , 
4.81,4.8,24/11/2025 08:58:07*,-6.014, , , , , , , , , , , , , , , , , , , , , , , , , , , , , , , , , , , , , , , , , , , , , , , , , , , , , , , , , , , , , , , , , , , , , , , , , , , , , , , , , , , , , , , , , , , , , , , 
4.91,4.9,24/11/2025 08:58:07*,-6.009, , , , , , , , , , , , , , , , , , , , , , , , , , , , , , , , , , , , , , , , , , , , , , , , , , , , , , , , , , , , , , , , , , , , , , , , , , , , , , , , , , , , , , , , , , , , , , , 
5.01,5.0,24/11/2025 08:58:07*,-6.030, , , , , , , , , , , , , , , , , , , , , , , , , , , , , , , , , , , , , , , , , , , , , , , , , , , , , , , , , , , , , , , , , , , , , , , , , , , , , , , , , , , , , , , , , , , , , , , 
5.11,5.1,24/11/2025 08:58:07*,-5.956, , , , , , , , , , , , , , , , , , , , , , , , , , , , , , , , , , , , , , , , , , , , , , , , , , , , , , , , , , , , , , , , , , , , , , , , , , , , , , , , , , , , , , , , , , , , , , , 
5.21,5.2,24/11/2025 08:58:07*,-5.918, , , , , , , , , , , , , , , , , , , , , , , , , , , , , , , , , , , , , , , , , , , , , , , , , , , , , , , , , , , , , , , , , , , , , , , , , , , , , , , , , , , , , , , , , , , , , , , 
5.31,5.3,24/11/2025 08:58:07*,-5.887, , , , , , , , , , , , , , , , , , , , , , , , , , , , , , , , , , , , , , , , , , , , , , , , , , , , , , , , , , , , , , , , , , , , , , , , , , , , , , , , , , , , , , , , , , , , , , , 
5.41,5.4,24/11/2025 08:58:07*,-5.857, , , , , , , , , , , , , , , , , , , , , , , , , , , , , , , , , , , , , , , , , , , , , , , , , , , , , , , , , , , , , , , , , , , , , , , , , , , , , , , , , , , , , , , , , , , , , , , 
5.51,5.5,24/11/2025 08:58:07*,-5.754, , , , , , , , , , , , , , , , , , , , , , , , , , , , , , , , , , , , , , , , , , , , , , , , , , , , , , , , , , , , , , , , , , , , , , , , , , , , , , , , , , , , , , , , , , , , , , , 
5.61,5.6,24/11/2025 08:58:07*,-5.616, , , , , , , , , , , , , , , , , , , , , , , , , , , , , , , , , , , , , , , , , , , , , , , , , , , , , , , , , , , , , , , , , , , , , , , , , , , , , , , , , , , , , , , , , , , , , , , 
5.71,5.7,24/11/2025 08:58:07*,-4.960, , , , , , , , , , , , , , , , , , , , , , , , , , , , , , , , , , , , , , , , , , , , , , , , , , , , , , , , , , , , , , , , , , , , , , , , , , , , , , , , , , , , , , , , , , , , , , , 
5.81,5.8,24/11/2025 08:58:07*,-4.366, , , , , , , , , , , , , , , , , , , , , , , , , , , , , , , , , , , , , , , , , , , , , , , , , , , , , , , , , , , , , , , , , , , , , , , , , , , , , , , , , , , , , , , , , , , , , , , 
5.91,5.9,24/11/2025 08:58:07*,-3.662, , , , , , , , , , , , , , , , , , , , , , , , , , , , , , , , , , , , , , , , , , , , , , , , , , , , , , , , , , , , , , , , , , , , , , , , , , , , , , , , , , , , , , , , , , , , , , , 
6.01,6.0,24/11/2025 08:58:07*,-3.454, , , , , , , , , , , , , , , , , , , , , , , , , , , , , , , , , , , , , , , , , , , , , , , , , , , , , , , , , , , , , , , , , , , , , , , , , , , , , , , , , , , , , , , , , , , , , , , 
6.11,6.1,24/11/2025 08:58:07*,-3.428, , , , , , , , , , , , , , , , , , , , , , , , , , , , , , , , , , , , , , , , , , , , , , , , , , , , , , , , , , , , , , , , , , , , , , , , , , , , , , , , , , , , , , , , , , , , , , , 
6.21,6.2,24/11/2025 08:58:07*,-2.389, , , , , , , , , , , , , , , , , , , , , , , , , , , , , , , , , , , , , , , , , , , , , , , , , , , , , , , , , , , , , , , , , , , , , , , , , , , , , , , , , , , , , , , , , , , , , , , 
6.31,6.3,24/11/2025 08:58:07*,-2.284, , , , , , , , , , , , , , , , , , , , , , , , , , , , , , , , , , , , , , , , , , , , , , , , , , , , , , , , , , , , , , , , , , , , , , , , , , , , , , , , , , , , , , , , , , , , , , , 
6.41,6.4,24/11/2025 08:58:07*,-2.360, , , , , , , , , , , , , , , , , , , , , , , , , , , , , , , , , , , , , , , , , , , , , , , , , , , , , , , , , , , , , , , , , , , , , , , , , , , , , , , , , , , , , , , , , , , , , , , 
6.51,6.5,24/11/2025 08:58:07*,-2.066, , , , , , , , , , , , , , , , , , , , , , , , , , , , , , , , , , , , , , , , , , , , , , , , , , , , , , , , , , , , , , , , , , , , , , , , , , , , , , , , , , , , , , , , , , , , , , , 
6.61,6.6,24/11/2025 08:58:07*,-1.474, , , , , , , , , , , , , , , , , , , , , , , , , , , , , , , , , , , , , , , , , , , , , , , , , , , , , , , , , , , , , , , , , , , , , , , , , , , , , , , , , , , , , , , , , , , , , , , 
6.71,6.7,24/11/2025 08:58:07*,-0.957, , , , , , , , , , , , , , , , , , , , , , , , , , , , , , , , , , , , , , , , , , , , , , , , , , , , , , , , , , , , , , , , , , , , , , , , , , , , , , , , , , , , , , , , , , , , , , , 
6.81,6.8,24/11/2025 08:58:07*,-0.643, , , , , , , , , , , , , , , , , , , , , , , , , , , , , , , , , , , , , , , , , , , , , , , , , , , , , , , , , , , , , , , , , , , , , , , , , , , , , , , , , , , , , , , , , , , , , , , 
6.91,6.9,24/11/2025 08:58:07*,-0.113, , , , , , , , , , , , , , , , , , , , , , , , , , , , , , , , , , , , , , , , , , , , , , , , , , , , , , , , , , , , , , , , , , , , , , , , , , , , , , , , , , , , , , , , , , , , , , , 
7.01,7.0,24/11/2025 08:58:07*,0.277, , , , , , , , , , , , , , , , , , , , , , , , , , , , , , , , , , , , , , , , , , , , , , , , , , , , , , , , , , , , , , , , , , , , , , , , , , , , , , , , , , , , , , , , , , , , , , , 
7.11,7.1,24/11/2025 08:58:07*,1.050, , , , , , , , , , , , , , , , , , , , , , , , , , , , , , , , , , , , , , , , , , , , , , , , , , , , , , , , , , , , , , , , , , , , , , , , , , , , , , , , , , , , , , , , , , , , , , , 
7.21,7.2,24/11/2025 08:58:07*,1.383, , , , , , , , , , , , , , , , , , , , , , , , , , , , , , , , , , , , , , , , , , , , , , , , , , , , , , , , , , , , , , , , , , , , , , , , , , , , , , , , , , , , , , , , , , , , , , , 
7.31,7.3,24/11/2025 08:58:07*,1.829, , , , , , , , , , , , , , , , , , , , , , , , , , , , , , , , , , , , , , , , , , , , , , , , , , , , , , , , , , , , , , , , , , , , , , , , , , , , , , , , , , , , , , , , , , , , , , , 
7.41,7.4,24/11/2025 08:58:07*,2.313, , , , , , , , , , , , , , , , , , , , , , , , , , , , , , , , , , , , , , , , , , , , , , , , , , , , , , , , , , , , , , , , , , , , , , , , , , , , , , , , , , , , , , , , , , , , , , , 
7.51,7.5,24/11/2025 08:58:07*,2.545, , , , , , , , , , , , , , , , , , , , , , , , , , , , , , , , , , , , , , , , , , , , , , , , , , , , , , , , , , , , , , , , , , , , , , , , , , , , , , , , , , , , , , , , , , , , , , , 
7.61,7.6,24/11/2025 08:58:07*,2.844, , , , , , , , , , , , , , , , , , , , , , , , , , , , , , , , , , , , , , , , , , , , , , , , , , , , , , , , , , , , , , , , , , , , , , , , , , , , , , , , , , , , , , , , , , , , , , , 
7.71,7.7,24/11/2025 08:58:07*,3.229, , , , , , , , , , , , , , , , , , , , , , , , , , , , , , , , , , , , , , , , , , , , , , , , , , , , , , , , , , , , , , , , , , , , , , , , , , , , , , , , , , , , , , , , , , , , , , , 
7.81,7.8,24/11/2025 08:58:07*,3.305, , , , , , , , , , , , , , , , , , , , , , , , , , , , , , , , , , , , , , , , , , , , , , , , , , , , , , , , , , , , , , , , , , , , , , , , , , , , , , , , , , , , , , , , , , , , , , , 
7.91,7.9,24/11/2025 08:58:07*,3.457, , , , , , , , , , , , , , , , , , , , , , , , , , , , , , , , , , , , , , , , , , , , , , , , , , , , , , , , , , , , , , , , , , , , , , , , , , , , , , , , , , , , , , , , , , , , , , , 
8.01,8.0,24/11/2025 08:58:07*,4.136, , , , , , , , , , , , , , , , , , , , , , , , , , , , , , , , , , , , , , , , , , , , , , , , , , , , , , , , , , , , , , , , , , , , , , , , , , , , , , , , , , , , , , , , , , , , , , , 
8.11,8.1,24/11/2025 08:58:07*,5.228, , , , , , , , , , , , , , , , , , , , , , , , , , , , , , , , , , , , , , , , , , , , , , , , , , , , , , , , , , , , , , , , , , , , , , , , , , , , , , , , , , , , , , , , , , , , , , , 
8.21,8.2,24/11/2025 08:58:07*,5.574, , , , , , , , , , , , , , , , , , , , , , , , , , , , , , , , , , , , , , , , , , , , , , , , , , , , , , , , , , , , , , , , , , , , , , , , , , , , , , , , , , , , , , , , , , , , , , , 
8.31,8.3,24/11/2025 08:58:07*,4.872, , , , , , , , , , , , , , , , , , , , , , , , , , , , , , , , , , , , , , , , , , , , , , , , , , , , , , , , , , , , , , , , , , , , , , , , , , , , , , , , , , , , , , , , , , , , , , , 
8.41,8.4,24/11/2025 08:58:07*,4.034, , , , , , , , , , , , , , , , , , , , , , , , , , , , , , , , , , , , , , , , , , , , , , , , , , , , , , , , , , , , , , , , , , , , , , , , , , , , , , , , , , , , , , , , , , , , , , , 
8.51,8.5,24/11/2025 08:58:07*,5.243, , , , , , , , , , , , , , , , , , , , , , , , , , , , , , , , , , , , , , , , , , , , , , , , , , , , , , , , , , , , , , , , , , , , , , , , , , , , , , , , , , , , , , , , , , , , , , , 
8.61,8.6,24/11/2025 08:58:07*,4.879, , , , , , , , , , , , , , , , , , , , , , , , , , , , , , , , , , , , , , , , , , , , , , , , , , , , , , , , , , , , , , , , , , , , , , , , , , , , , , , , , , , , , , , , , , , , , , , 
8.71,8.7,24/11/2025 08:58:07*,5.462, , , , , , , , , , , , , , , , , , , , , , , , , , , , , , , , , , , , , , , , , , , , , , , , , , , , , , , , , , , , , , , , , , , , , , , , , , , , , , , , , , , , , , , , , , , , , , , 
8.81,8.8,24/11/2025 08:58:07*,4.753, , , , , , , , , , , , , , , , , , , , , , , , , , , , , , , , , , , , , , , , , , , , , , , , , , , , , , , , , , , , , , , , , , , , , , , , , , , , , , , , , , , , , , , , , , , , , , , 
8.91,8.9,24/11/2025 08:58:07*,4.177, , , , , , , , , , , , , , , , , , , , , , , , , , , , , , , , , , , , , , , , , , , , , , , , , , , , , , , , , , , , , , , , , , , , , , , , , , , , , , , , , , , , , , , , , , , , , , , 
9.01,9.0,24/11/2025 08:58:07*,5.485, , , , , , , , , , , , , , , , , , , , , , , , , , , , , , , , , , , , , , , , , , , , , , , , , , , , , , , , , , , , , , , , , , , , , , , , , , , , , , , , , , , , , , , , , , , , , , , 
9.10,9.1,24/11/2025 08:58:07,5.011,7.538,1181246.513,15.7,898546.0,612480.0,992065.52,265.21,1599.39,1414.51,400.17,3519.70,192.86,117.64,73.87,340.98,36.42,53.86,55.98,568.84,52.12,26.38,14.10,112.97,43.75,80.18,30.32,59.93,19.79,1252.68,110.19,4.30,0.46,39.07,3.24,6.11,1.90,0.00,0.00,1.93,1.15,1.58,3.07,1.28,3.72,13.69,18.75,50.10,7.27,3.55,3.86,15005.40,439.79,2652.23,2672.67,756.10,7529.82,412.59,269.56,169.26,851.40,90.94,64.88,67.43,795.92,72.93,44.01,23.52,201.67,78.11,117.18,44.31,86.11,28.43,1791.01,157.55,5.47,0.58,48.91,4.06,7.61,2.37,0.00,0.00,2.28,1.36,2.13,4.15,1.71,4.96,15.29,20.93,53.96,7.83,4.02,4.37
9.20,9.2,24/11/2025 08:58:07,5.320,9.391,,15.7,894781.0,614258.0,991540.83,363.99,1488.48,1845.01,446.65,3314.67,185.68,199.28,117.48,384.70,36.13,120.98,75.85,648.83,52.69,17.43,14.03,144.57,44.26,77.69,29.77,67.43,20.08,1145.17,100.56,3.62,0.44,42.18,3.69,6.77,1.97,0.05,0.16,1.81,1.14,3.61,3.07,1.57,3.81,20.39,18.73,46.90,7.17,2.51,3.75,15937.68,603.60,2468.30,3486.08,843.93,7091.18,397.23,456.62,269.18,960.56,90.22,145.74,91.37,907.84,73.72,29.09,23.41,258.09,79.01,113.55,43.51,96.89,28.86,1637.30,143.77,4.61,0.56,52.80,4.61,8.42,2.45,0.06,0.21,2.14,1.35,4.88,4.15,2.09,5.09,22.77,20.91,50.52,7.72,2.85,4.26
9.30,9.3,24/11/2025 08:58:07,5.911,7.541,,15.7,895158.0,613057.0,991556.58,239.56,1532.33,1802.35,442.98,3678.10,198.16,39.67,31.94,363.45,36.29,7.69,26.75,576.64,52.11,0.00,0.00,117.83,43.63,71.94,28.70,65.43,20.05,1146.72,100.64,3.76,0.45,47.72,4.54,6.40,2.00,0.00,0.00,2.31,1.15,1.53,3.07,1.93,3.80,219.06,114.59,47.78,7.28,3.57,3.87,15914.86,397.26,2541.03,3405.47,836.99,7868.68,423.93,90.89,73.18,907.49,90.62,9.26,32.23,806.84,72.91,0.00,0.00,210.36,77.89,105.14,41.94,94.01,28.80,1639.51,143.88,4.78,0.57,59.74,5.69,7.96,2.49,0.00,0.00,2.73,1.36,2.06,4.14,2.57,5.07,244.58,127.94,51.47,7.84,4.05,4.39
9.40,9.4,24/11/2025 08:58:07,5.865,7.209,,15.7,895799.0,613535.0,991677.02,306.57,1506.84,1777.66,440.14,3642.16,197.55,155.46,93.44,388.53,36.41,41.35,49.06,586.86,52.24,13.56,14.06,121.83,43.90,82.12,30.70,68.61,20.14,1005.06,88.30,3.63,0.43,40.40,3.44,6.62,1.91,0.00,0.00,1.58,1.14,4.87,3.06,1.60,3.74,19.04,18.76,52.83,7.36,2.67,3.82,15907.14,508.38,2498.76,3358.82,831.63,7791.80,422.63,356.21,214.09,970.12,90.91,49.81,59.09,821.14,73.09,22.62,23.46,217.49,78.37,120.02,44.87,98.58,28.93,1436.98,126.25,4.62,0.55,50.57,4.30,8.24,2.38,0.00,0.00,1.87,1.35,6.57,4.14,2.13,4.99,21.26,20.94,56.91,7.93,3.03,4.34
9.50,9.5,24/11/2025 08:58:07,7.632,8.536,,15.7,900833.0,615965.0,991261.05,415.17,1567.25,2004.66,472.40,3733.25,201.39,24.83,22.29,387.67,36.53,12.29,27.06,577.04,52.40,0.00,0.00,129.89,44.23,71.30,28.62,54.59,19.75,1171.69,103.04,3.69,0.44,54.08,5.66,8.14,1.98,0.00,0.00,1.13,1.12,2.17,3.09,3.17,3.81,26.17,18.90,54.51,7.42,3.51,3.83,16582.62,688.47,2598.93,3787.72,892.59,7986.68,430.84,56.89,51.08,967.98,91.22,14.80,32.60,807.40,73.32,0.00,0.00,231.87,78.96,104.22,41.83,78.43,28.38,1675.22,147.32,4.70,0.56,67.69,7.09,10.14,2.47,0.00,0.00,1.34,1.32,2.92,4.18,4.23,5.08,29.22,21.10,58.72,7.99,3.99,4.35
9.60,9.6,24/11/2025 08:58:07,6.975,9.260,1181247.307,15.6,902538.0,616996.0,991651.39,339.14,1552.59,1538.14,410.75,3692.50,199.60,85.93,58.41,404.64,36.49,79.43,65.73,574.11,52.17,1.99,14.18,111.84,44.11,84.91,31.33,64.65,20.12,1248.69,109.97,3.98,0.45,36.38,2.87,6.73,1.95,0.00,0.00,2.20,1.15,2.38,3.13,1.62,3.79,18.70,18.91,46.70,7.17,3.98,3.82,15822.25,562.39,2574.62,2906.27,776.09,7899.48,427.02,196.90,133.83,1010.34,91.11,95.68,79.17,803.30,73.00,3.31,23.66,199.66,78.75,124.10,45.79,92.88,28.91,1785.30,157.22,5.06,0.57,45.54,3.60,8.37,2.43,0.00,0.00,2.60,1.36,3.21,4.23,2.16,5.06,20.88,21.12,50.31,7.72,4.51,4.33
9.70,9.7,24/11/2025 08:58:07,6.357,10.120,,15.6,905696.0,620959.0,991704.29,140.61,1577.73,2003.33,469.37,3436.57,189.30,59.59,44.42,346.77,36.70,0.89,27.16,585.78,52.76,9.46,14.27,76.50,43.88,68.64,28.27,53.57,19.82,1377.28,121.66,3.76,0.44,51.63,5.21,7.81,1.95,0.00,0.00,1.75,1.15,2.68,3.12,0.99,3.84,15.56,19.02,48.98,7.30,3.56,3.83,15652.58,233.17,2616.32,3785.23,886.86,7351.98,404.97,136.54,101.78,865.86,91.65,1.08,32.71,819.62,73.82,15.79,23.81,136.56,78.34,100.32,41.32,76.97,28.48,1969.16,173.94,4.78,0.56,64.62,6.52,9.73,2.43,0.00,0.00,2.06,1.36,3.62,4.22,1.32,5.12,17.37,21.24,52.77,7.87,4.04,4.35
9.80,9.8,24/11/2025 08:58:07,5.515,6.283,,15.6,914123.0,626394.0,991282.93,368.53,1590.16,1720.66,440.95,3114.42,179.32,39.28,53.07,346.93,36.73,107.21,73.84,623.56,53.20,12.69,14.26,127.56,44.50,60.68,26.86,5.03,1.15,2049.07,184.14,3.44,0.44,45.95,4.20,7.22,2.02,0.00,0.00,1.95,1.22,1.50,3.17,2.16,3.99,21.04,19.00,53.91,7.66,4.26,3.95,15921.90,611.13,2636.93,3251.13,833.16,6662.80,383.63,90.02,121.59,866.25,91.71,129.15,88.94,872.50,74.44,21.17,23.79,227.71,79.45,88.68,39.25,7.23,1.65,2929.65,263.28,4.38,0.56,57.52,5.25,8.99,2.52,0.00,0.00,2.30,1.44,2.03,4.29,2.87,5.32,23.50,21.22,58.07,8.25,4.83,4.48
9.90,9.9,24/11/2025 08:58:07,6.109,6.947,,15.5,926600.0,632834.0,989882.06,293.66,1511.63,2031.47,478.14,3199.45,183.26,57.93,43.64,447.05,36.98,14.03,27.51,561.78,53.41,22.00,14.40,107.35,44.55,83.15,31.24,51.16,10.18,3118.19,286.68,3.73,0.47,33.12,2.39,8.69,2.15,0.00,0.00,2.58,1.27,1.48,3.34,2.53,4.15,20.08,19.16,53.79,7.82,4.72,4.18,18254.74,486.97,2506.69,3838.38,903.43,6844.70,392.06,132.74,99.99,1116.25,92.34,16.90,33.14,786.04,74.73,36.71,24.03,191.64,79.53,121.52,45.65,73.52,14.62,4458.21,409.88,4.75,0.60,41.46,2.99,10.82,2.68,0.00,0.00,3.05,1.50,1.99,4.51,3.38,5.54,22.42,21.39,57.95,8.43,5.35,4.75
10.00,10.0,24/11/2025 08:58:07,8.273,7.739,,15.5,937993.0,637385.0,989590.79,242.38,1614.75,1947.09,474.09,3082.20,179.55,47.51,54.24,347.81,37.68,77.74,66.99,608.03,54.04,12.33,14.59,109.59,45.25,71.89,29.18,114.19,20.84,3613.85,334.84,4.23,0.50,39.20,3.10,7.07,2.13,0.00,0.00,2.31,1.28,3.42,3.45,2.82,4.30,15.92,19.40,56.71,8.03,2.94,4.21,18405.23,401.93,2677.69,3678.96,895.78,6593.85,384.11,108.86,124.29,868.45,94.09,93.64,80.70,850.76,75.62,20.56,24.34,195.63,80.78,105.07,42.65,164.07,29.95,5166.88,478.74,5.38,0.64,49.07,3.88,8.80,2.66,0.00,0.00,2.73,1.52,4.62,4.66,3.76,5.73,17.77,21.66,61.09,8.65,3.34,4.77
10.10,10.1,24/11/2025 08:58:07,8.051,8.862,1181245.523,15.5,938729.0,641064.0,989810.58,335.28,1663.22,1776.10,453.17,2949.42,174.61,1.28,1.39,428.81,37.34,2.46,27.72,679.52,54.80,14.31,14.50,88.57,44.64,64.13,27.78,90.65,16.97,3548.66,328.54,4.18,0.50,32.50,2.30,7.37,2.14,0.00,0.00,2.00,1.29,2.90,3.45,4.45,4.28,94.39,60.32,59.46,8.12,2.98,4.26,17968.88,555.99,2758.07,3355.88,856.25,6309.79,373.56,2.93,3.18,1070.69,93.23,2.97,33.39,950.79,76.68,23.88,24.19,158.12,79.69,93.73,40.60,130.25,24.38,5073.67,469.73,5.32,0.64,40.69,2.88,9.17,2.67,0.00,0.00,2.37,1.52,3.92,4.67,5.93,5.70,105.39,67.35,64.05,8.75,3.38,4.83
10.20,10.2,24/11/2025 08:58:07,6.955,11.571,,15.4,944350.0,644514.0,988964.02,355.89,1685.44,2014.10,482.50,3379.47,190.20,43.31,54.05,304.38,38.32,72.01,65.66,708.19,55.60,9.41,14.61,136.88,45.90,65.13,28.05,186.21,33.42,3636.72,337.09,3.93,0.50,29.66,1.99,6.89,2.14,0.00,0.00,2.90,1.28,2.69,3.48,2.87,4.33,13.03,19.48,58.65,8.11,3.63,4.23,19528.31,590.16,2794.93,3805.58,911.66,7229.81,406.91,99.25,123.85,760.01,95.68,86.75,79.10,990.91,77.79,15.71,24.38,244.36,81.94,95.18,40.99,267.56,48.01,5199.58,481.96,5.00,0.63,37.13,2.49,8.58,2.66,0.00,0.00,3.43,1.52,3.63,4.70,3.83,5.77,14.55,21.75,63.18,8.74,4.12,4.80
10.30,10.3,24/11/2025 08:58:07,6.361,8.001,,15.4,945129.0,646839.0,989137.99,494.62,1690.17,1966.80,483.39,3231.53,186.53,39.70,54.80,417.86,38.07,84.11,69.36,643.66,54.83,14.12,14.62,103.15,45.38,47.84,25.33,175.85,31.55,3490.01,322.83,3.93,0.50,46.49,4.13,8.07,2.16,0.00,0.00,3.19,1.30,3.31,3.51,2.95,4.31,18.60,19.54,63.36,8.12,2.86,4.19,19283.78,820.21,2802.77,3716.20,913.35,6913.32,399.05,90.97,125.58,1043.35,95.06,101.32,83.55,900.61,76.71,23.56,24.39,184.14,81.01,69.92,37.02,252.67,45.33,4989.82,461.57,5.00,0.64,58.20,5.17,10.05,2.69,0.00,0.00,3.78,1.54,4.47,4.74,3.93,5.75,20.76,21.82,68.25,8.75,3.25,4.75
10.40,10.4,24/11/2025 08:58:07,5.619,9.127,,15.4,948970.0,648659.0,989648.19,231.03,1598.62,1790.51,457.12,3456.45,194.20,43.92,35.99,386.56,38.12,87.37,70.61,654.12,55.30,11.37,14.71,128.42,45.89,75.43,29.99,180.92,32.52,3170.43,291.88,3.60,0.48,37.51,2.91,6.17,2.16,0.00,0.00,2.59,1.30,3.09,3.42,2.24,4.23,20.22,19.58,56.99,8.09,2.90,4.23,18555.03,383.11,2650.95,3383.10,863.71,7394.50,415.46,100.63,82.47,965.20,95.18,105.24,85.06,915.25,77.37,18.96,24.55,229.25,81.93,110.24,43.83,259.96,46.72,4532.91,417.31,4.58,0.61,46.95,3.64,7.68,2.69,0.00,0.00,3.06,1.53,4.17,4.61,2.98,5.64,22.57,21.86,61.39,8.71,3.30,4.80
10.50,10.5,24/11/2025 08:58:07,5.337,9.519,,15.4,950445.0,651300.0,988858.01,394.61,1671.86,1775.80,456.58,3807.09,207.24,12.53,53.81,470.08,38.07,174.85,87.87,732.34,56.40,18.41,14.85,112.95,46.01,63.23,27.94,127.97,23.37,3322.80,306.62,3.76,0.49,34.74,2.56,8.19,2.21,0.00,0.00,2.05,1.27,2.44,3.46,2.69,4.34,16.12,19.74,56.04,8.13,3.30,4.22,20001.37,654.38,2772.41,3355.31,862.69,8144.64,443.37,28.70,123.29,1173.75,95.06,210.63,105.85,1024.69,78.91,30.72,24.77,201.63,82.14,92.41,40.84,183.87,33.57,4750.76,438.39,4.78,0.63,43.49,3.21,10.20,2.75,0.00,0.00,2.42,1.50,3.30,4.68,3.58,5.79,17.99,22.04,60.37,8.76,3.74,4.79
10.60,10.6,24/11/2025 08:58:07,5.977,-0.660,1181253.920,15.3,954040.0,659158.0,987689.05,579.70,1677.27,2282.29,518.21,4370.99,225.93,111.49,72.48,497.44,38.27,169.06,87.39,781.76,57.36,25.25,15.01,60.56,45.87,59.43,27.60,147.53,26.85,3070.02,282.09,4.07,0.50,10.04,0.49,9.91,2.30,0.00,0.00,3.42,1.32,2.33,3.49,4.62,4.43,59.59,41.21,57.83,8.14,3.63,4.33,22434.42,961.30,2781.37,4312.31,979.15,9351.01,483.35,255.46,166.07,1242.06,95.55,203.65,105.28,1093.84,80.26,42.14,25.05,108.11,81.88,86.86,40.34,211.98,38.58,4389.34,403.32,5.18,0.64,12.57,0.61,12.33,2.86,0.00,0.00,4.04,1.56,3.15,4.72,6.17,5.90,66.53,46.02,62.29,8.77,4.12,4.91
10.70,10.7,24/11/2025 08:58:07,5.645,1.060,,15.3,956850.0,661089.0,989352.92,428.06,1673.44,1645.76,443.39,4179.99,220.42,107.87,71.26,454.38,38.66,23.61,37.12,759.72,57.08,24.35,15.05,74.72,45.97,52.77,26.42,92.81,17.60,2704.01,246.96,3.73,0.48,6.15,0.29,7.95,2.22,0.00,0.00,2.43,1.28,5.19,3.48,2.98,4.28,12.49,19.96,54.94,7.89,3.19,4.28,19598.45,709.84,2775.02,3109.60,837.77,8942.39,471.56,247.16,163.28,1134.54,96.54,28.44,44.71,1063.00,79.87,40.63,25.11,133.38,82.06,77.13,38.61,133.36,25.29,3866.04,353.10,4.75,0.61,7.69,0.36,9.89,2.77,0.00,0.00,2.88,1.52,7.01,4.69,3.97,5.70,13.94,22.28,59.18,8.50,3.62,4.86
10.80,10.8,24/11/2025 08:58:07,5.924,-0.992,,15.3,959231.0,663121.0,988820.12,923.06,1669.09,1868.41,470.62,4000.45,214.53,148.86,91.97,399.70,38.63,123.96,79.84,818.60,57.50,24.78,15.17,124.24,46.86,68.61,29.09,76.08,14.77,2451.63,222.76,4.13,0.49,49.97,4.77,9.37,2.21,0.00,0.00,2.34,1.30,2.41,3.47,3.10,4.31,14.80,20.04,60.61,8.01,4.76,4.23,20407.88,1530.68,2767.82,3530.29,889.21,8558.31,458.94,341.09,210.74,998.00,96.44,149.32,96.18,1145.39,80.45,41.35,25.32,221.80,83.66,100.28,42.52,109.31,21.22,3505.20,318.49,5.25,0.63,62.55,5.97,11.66,2.75,0.00,0.00,2.77,1.54,3.26,4.69,4.13,5.75,16.52,22.37,65.29,8.62,5.41,4.80
10.90,10.9,24/11/2025 08:58:07,6.572,0.531,,15.3,958956.0,663720.0,989024.36,434.68,1652.57,1870.82,471.36,4102.83,217.88,165.36,100.35,327.86,38.84,105.55,76.25,713.21,56.84,19.47,14.91,118.12,46.19,69.38,29.14,83.73,16.06,2834.76,259.54,4.20,0.50,21.74,1.27,9.34,2.20,0.00,0.00,2.61,1.29,1.71,3.50,2.23,4.33,22.51,19.83,60.81,8.04,4.70,4.33,20022.20,720.83,2740.42,3534.85,890.62,8777.32,466.12,378.91,229.94,818.63,96.99,127.15,91.85,997.93,79.53,32.48,24.88,210.87,82.46,101.41,42.59,120.31,23.08,4052.98,371.08,5.35,0.64,27.21,1.60,11.63,2.74,0.00,0.00,3.08,1.53,2.32,4.72,2.97,5.77,25.13,22.14,65.50,8.66,5.34,4.92
11.00,11.0,24/11/2025 08:58:07,6.887,-0.261,,15.3,969095.0,663845.0,986247.71,670.14,1657.12,2271.65,521.88,4879.55,245.14,143.01,89.10,539.23,38.85,204.27,93.04,769.68,57.97,33.79,16.58,104.07,46.82,70.49,29.70,161.36,29.36,3769.67,349.95,4.05,0.51,39.76,3.14,8.15,2.26,0.00,0.00,2.23,1.35,5.38,3.68,1.31,4.55,15.48,20.19,54.18,8.19,4.85,4.51,24964.12,1111.27,2747.97,4292.20,986.08,10438.99,524.44,327.68,204.17,1346.41,97.01,246.07,112.08,1076.94,81.12,56.38,27.67,185.78,83.57,103.02,43.41,231.85,42.19,5389.67,500.34,5.15,0.65,49.77,3.93,10.15,2.82,0.00,0.00,2.64,1.60,7.27,4.98,1.74,6.06,17.28,22.54,58.36,8.82,5.50,5.11
11.10,11.1,24/11/2025 08:58:07,7.020,15.081,1181244.530,15.3,969323.0,664133.0,986925.91,410.48,1663.25,1954.89,482.43,4500.61,232.81,192.81,115.84,393.49,39.37,191.89,91.35,758.93,58.13,29.08,15.17,122.24,46.96,63.72,28.44,212.00,38.51,4074.91,379.78,4.22,0.51,66.70,7.56,7.27,2.24,0.00,0.00,3.28,1.34,2.87,3.66,3.37,4.55,16.35,20.13,60.56,8.47,4.44,4.45,23409.27,680.70,2758.12,3693.69,911.54,9628.31,498.05,441.80,265.44,982.50,98.31,231.15,110.04,1061.90,81.34,48.52,25.31,218.22,83.83,93.12,41.56,304.61,55.33,5826.08,542.99,5.36,0.65,83.49,9.47,9.05,2.78,0.00,0.00,3.88,1.58,3.87,4.94,4.49,6.07,18.25,22.47,65.23,9.12,5.04,5.05
11.20,11.2,24/11/2025 08:58:07,7.365,7.539,,15.3,975162.0,663400.0,985914.07,347.94,1675.82,2360.93,535.30,4824.86,243.43,174.17,105.55,442.81,39.54,241.13,97.46,805.65,58.60,56.55,23.46,125.89,47.78,60.08,28.07,276.99,51.12,4236.89,395.48,4.15,0.52,35.84,2.62,8.08,2.25,0.00,0.00,3.44,1.38,3.86,3.68,2.51,4.59,4.45,20.44,64.70,8.71,5.02,4.59,25298.08,576.98,2778.97,4460.90,1011.43,10321.98,520.79,399.09,241.85,1105.66,98.72,290.47,117.39,1127.27,81.99,94.35,39.14,224.74,85.29,87.81,41.02,397.99,73.45,6057.67,565.44,5.28,0.66,44.87,3.28,10.05,2.81,0.00,0.00,4.06,1.63,5.22,4.97,3.35,6.12,4.96,22.82,69.69,9.38,5.70,5.20
11.30,11.3,24/11/2025 08:58:07,7.500,7.937,,15.3,974145.0,662590.0,986006.73,677.46,1657.54,2098.92,499.72,4757.30,241.08,192.66,115.59,471.58,38.97,189.40,91.99,770.78,58.51,24.91,15.26,105.62,47.01,64.59,28.69,271.08,49.94,4220.69,393.96,4.27,0.53,41.82,3.37,9.29,2.32,0.00,0.00,2.60,1.37,2.59,3.71,2.06,4.55,20.98,20.27,62.03,8.49,2.63,4.50,25112.72,1123.41,2748.67,3965.83,944.19,10177.46,515.75,441.46,264.85,1177.50,97.31,228.15,110.81,1078.47,81.87,41.57,25.46,188.55,83.92,94.41,41.93,389.50,71.75,6034.51,563.27,5.44,0.67,52.35,4.22,11.56,2.89,0.00,0.00,3.08,1.62,3.50,5.02,2.75,6.06,23.42,22.63,66.82,9.15,2.98,5.11
11.40,11.4,24/11/2025 08:58:07,7.657,9.460,,15.3,970575.0,662938.0,987147.09,629.95,1708.83,2029.09,493.86,4493.48,232.18,103.36,69.58,519.37,38.82,111.19,78.86,763.31,57.80,23.63,15.25,77.43,46.70,68.58,29.32,196.76,35.72,3726.66,345.89,4.48,0.53,12.18,0.60,7.54,2.26,0.00,0.00,2.97,1.34,3.36,3.58,3.98,4.51,13.17,20.25,58.17,8.43,4.25,4.41,23241.85,1044.64,2833.70,3833.89,933.14,9613.05,496.71,236.85,159.42,1296.82,96.94,133.93,95.00,1068.02,80.88,39.42,25.45,138.23,83.36,100.23,42.85,282.72,51.33,5328.17,494.53,5.71,0.68,15.24,0.76,9.39,2.81,0.00,0.00,3.51,1.58,4.54,4.84,5.31,6.01,14.71,22.61,62.66,9.08,4.82,5.00
11.50,11.5,24/11/2025 08:58:07,7.235,7.536,,15.3,966489.0,662120.0,987362.63,334.06,1688.89,2147.66,507.82,4560.29,233.82,112.15,73.64,425.98,39.09,165.12,87.75,759.24,57.62,24.83,15.23,94.94,46.76,60.01,27.79,165.82,30.17,3660.25,339.42,4.05,0.51,31.93,2.22,9.24,2.35,0.00,0.00,2.57,1.33,2.25,3.60,4.59,4.50,9.75,20.17,59.00,8.37,3.61,4.36,22867.23,553.96,2800.64,4057.93,959.51,9755.99,500.23,256.98,168.73,1063.64,97.60,198.91,105.71,1062.34,80.63,41.44,25.41,169.49,83.48,87.71,40.62,238.26,43.35,5233.21,485.28,5.16,0.65,39.97,2.78,11.50,2.92,0.00,0.00,3.04,1.57,3.04,4.87,6.12,6.00,10.88,22.52,63.56,9.02,4.10,4.94
11.60,11.6,24/11/2025 08:58:07,7.509,3.310,1181250.283,15.3,967563.0,661241.0,987501.84,393.67,1630.14,2167.66,506.81,4196.20,221.07,191.30,114.49,475.19,38.91,165.10,87.83,729.73,57.29,25.39,15.25,69.49,46.67,62.87,28.38,164.61,30.03,3736.73,346.91,3.95,0.51,31.21,2.14,8.17,2.28,0.00,0.00,2.72,1.34,2.89,3.61,3.96,4.47,10.49,20.29,54.46,8.06,2.37,4.37,22547.49,652.82,2703.22,4095.72,957.60,8977.07,472.95,438.34,262.35,1186.50,97.16,198.88,105.80,1021.04,80.16,42.37,25.45,124.05,83.32,91.89,41.48,236.52,43.15,5342.57,496.00,5.03,0.64,39.06,2.68,10.17,2.84,0.00,0.00,3.22,1.59,3.91,4.87,5.28,5.95,11.71,22.66,58.67,8.68,2.68,4.95
11.70,11.7,24/11/2025 08:58:07,7.670,3.905,,15.3,966371.0,662769.0,989056.99,410.31,1667.40,1727.80,449.45,3570.18,198.37,16.36,15.92,423.35,38.43,50.47,57.21,714.55,56.88,26.49,15.11,73.50,46.15,60.46,27.70,238.83,43.60,3514.30,325.38,4.16,0.51,27.20,1.75,8.40,2.25,0.00,0.00,2.10,1.32,2.60,3.58,2.18,4.40,12.81,20.04,53.09,7.99,3.88,4.39,19504.05,680.41,2765.00,3264.62,849.22,7637.81,424.37,37.48,36.47,1057.06,95.95,60.80,68.91,999.80,79.58,44.20,25.20,131.22,82.39,88.36,40.48,343.16,62.64,5024.55,465.21,5.29,0.65,34.05,2.19,10.45,2.80,0.00,0.00,2.48,1.56,3.51,4.84,2.90,5.87,14.31,22.38,57.19,8.61,4.40,4.99
11.80,11.8,24/11/2025 08:58:07,7.399,7.805,,15.3,961970.0,666709.0,989129.53,381.88,1637.14,1944.88,477.56,3501.67,196.33,147.35,91.10,467.80,38.30,92.03,73.21,726.89,56.80,25.28,15.06,37.99,45.68,74.38,30.16,163.30,29.65,3191.30,294.04,4.04,0.50,17.72,0.97,8.35,2.27,0.00,0.00,2.28,1.31,3.67,3.55,2.73,4.38,13.89,20.01,57.25,8.11,5.80,4.38,19581.74,633.26,2714.83,3674.78,902.33,7491.25,420.01,337.64,208.73,1168.06,95.64,110.86,88.19,1017.07,79.47,42.18,25.12,67.81,81.55,108.70,44.07,234.63,42.60,4562.74,420.40,5.14,0.63,22.19,1.21,10.40,2.82,0.00,0.00,2.70,1.54,4.96,4.80,3.64,5.83,15.51,22.34,61.67,8.73,6.58,4.97
11.90,11.9,24/11/2025 08:58:07,7.573,10.119,,15.3,968238.0,668457.0,988594.79,386.15,1671.27,1907.70,478.47,3374.04,192.82,157.09,96.68,422.96,38.47,148.35,84.62,754.54,57.14,28.38,15.22,82.41,46.47,71.68,29.70,249.54,45.65,3724.29,345.75,3.85,0.51,5.44,0.26,6.42,2.27,0.00,0.00,2.47,1.35,2.48,3.65,3.38,4.54,7.04,20.12,63.48,8.40,3.55,4.41,20206.84,640.34,2771.43,3604.52,904.05,7218.21,412.51,359.95,221.52,1056.08,96.06,178.70,101.93,1055.76,79.96,47.35,25.40,147.12,82.96,104.76,43.41,358.55,65.59,5324.78,494.34,4.89,0.65,6.81,0.32,7.99,2.82,0.00,0.00,2.92,1.59,3.35,4.92,4.50,6.05,7.86,22.46,68.38,9.04,4.02,5.00
12.00,12.0,24/11/2025 08:58:07,7.879,3.572,,15.2,971163.0,667963.0,988445.19,335.14,1657.91,1739.93,454.96,3708.74,204.36,139.61,87.53,410.48,38.83,114.15,79.46,748.88,57.78,25.00,15.17,101.61,46.87,54.48,27.00,246.07,45.21,3787.15,351.97,3.77,0.51,46.63,4.12,9.14,2.26,0.00,0.00,2.82,1.35,2.55,3.65,3.33,4.51,10.61,20.20,60.03,8.34,4.67,4.48,20546.24,555.75,2749.28,3287.54,859.63,7934.23,437.20,319.89,200.57,1024.94,96.95,137.51,95.72,1047.84,80.85,41.72,25.31,181.39,83.66,79.62,39.46,353.56,64.96,5414.66,503.23,4.79,0.64,58.37,5.16,11.37,2.81,0.00,0.00,3.34,1.60,3.44,4.92,4.44,6.01,11.85,22.56,64.67,8.98,5.30,5.08
12.10,12.1,24/11/2025 08:58:07,8.150,11.570,1181245.326,15.2,971665.0,669288.0,988169.06,214.82,1671.06,1960.56,483.31,3725.72,204.82,116.28,75.16,396.97,38.67,50.71,57.99,745.07,57.55,56.19,23.07,97.09,46.64,55.68,27.13,234.13,42.85,4047.93,377.34,4.32,0.53,35.30,2.60,8.28,2.30,0.00,0.00,2.98,1.38,3.42,3.70,2.42,4.56,8.67,20.15,60.50,8.46,3.91,4.49,21015.43,356.22,2771.08,3704.40,913.19,7970.57,438.17,266.43,172.22,991.20,96.55,61.08,69.85,1042.51,80.52,93.76,38.49,173.32,83.27,81.37,39.65,336.41,61.57,5787.50,539.50,5.50,0.68,44.19,3.25,10.30,2.87,0.00,0.00,3.52,1.63,4.62,4.99,3.23,6.08,9.68,22.50,65.18,9.11,4.43,5.09
12.20,12.2,24/11/2025 08:58:07,8.226,9.326,,15.2,972546.0,668300.0,987808.42,332.90,1650.42,2173.68,506.31,3790.67,206.59,178.47,107.16,418.10,38.78,44.09,53.87,748.01,57.82,9.44,15.25,91.74,46.76,82.46,31.82,199.58,36.26,3980.14,370.69,4.35,0.52,32.76,2.30,7.11,2.21,0.00,0.00,2.86,1.36,3.50,3.69,2.24,4.54,24.52,20.23,61.31,8.36,3.64,4.54,21762.72,552.03,2736.84,4107.08,956.66,8109.52,441.96,408.95,245.53,1043.96,96.84,53.11,64.89,1046.62,80.90,15.75,25.44,163.77,83.48,120.53,46.51,286.77,52.10,5690.57,530.00,5.54,0.66,41.01,2.88,8.85,2.75,0.00,0.00,3.39,1.60,4.73,4.98,2.99,6.05,27.37,22.59,66.05,9.00,4.13,5.15
12.30,12.3,24/11/2025 08:58:07,8.196,13.222,,15.2,979908.0,669379.0,986232.68,440.75,1669.73,1986.61,488.06,4621.28,237.22,133.37,84.78,445.91,39.49,102.18,77.29,838.23,58.99,25.13,15.42,108.06,47.45,67.78,29.28,220.18,40.12,4640.04,435.04,4.46,0.53,44.53,3.72,6.70,2.27,0.00,0.00,2.19,1.39,3.06,3.75,1.87,4.69,15.30,20.40,55.44,8.48,4.25,4.59,24530.85,730.88,2768.88,3753.62,922.18,9886.47,507.49,305.59,194.26,1113.40,98.61,123.08,93.11,1172.85,82.53,41.93,25.73,192.91,84.70,99.06,42.79,316.37,57.64,6634.07,622.00,5.68,0.67,55.74,4.66,8.34,2.83,0.00,0.00,2.59,1.65,4.13,5.06,2.50,6.25,17.09,22.77,59.72,9.13,4.82,5.21
12.40,12.4,24/11/2025 08:58:07,8.145,8.860,,15.2,981447.0,670874.0,986767.28,339.20,1752.46,2133.59,511.31,4049.56,217.26,96.24,65.42,473.76,39.09,173.70,89.37,850.60,58.78,27.45,15.39,104.06,47.28,75.47,30.69,240.60,44.03,4539.59,425.24,4.61,0.55,25.85,1.60,8.43,2.32,0.00,0.00,2.61,1.41,4.70,3.76,2.83,4.71,16.60,20.38,59.71,8.54,3.55,4.61,23386.90,562.48,2906.07,4031.34,966.11,8663.36,464.79,220.52,149.90,1182.93,97.60,209.24,107.65,1190.17,82.24,45.81,25.67,185.76,84.41,110.31,44.86,345.70,63.27,6490.45,607.99,5.86,0.70,32.36,2.00,10.50,2.89,0.00,0.00,3.09,1.67,6.35,5.08,3.78,6.28,18.54,22.75,64.32,9.20,4.03,5.23
12.50,12.5,24/11/2025 08:58:07,8.107,8.660,,15.2,975157.0,669036.0,986635.52,424.79,1650.95,2373.49,533.25,4218.77,222.07,29.68,26.44,375.65,39.07,104.48,76.77,759.34,58.35,45.12,20.25,105.91,47.05,66.01,28.92,145.57,26.75,4554.67,426.77,4.09,0.52,59.69,6.18,8.59,2.32,0.00,0.00,3.65,1.40,5.07,3.77,2.85,4.65,12.01,20.27,60.74,8.55,4.30,4.61,23680.02,704.42,2737.74,4484.62,1007.56,9025.37,475.08,68.01,60.59,937.97,97.56,125.86,92.48,1062.47,81.65,75.28,33.78,189.07,83.98,96.48,42.26,209.16,38.44,6512.01,610.17,5.21,0.66,74.71,7.73,10.69,2.89,0.00,0.00,4.31,1.65,6.85,5.10,3.80,6.20,13.41,22.63,65.43,9.21,4.88,5.23
12.60,12.6,24/11/2025 08:58:07,7.991,7.607,1181245.190,15.3,963970.0,663638.0,987296.27,456.13,1657.97,1896.55,471.62,4146.01,220.15,63.62,47.52,409.22,38.41,107.94,75.66,842.34,58.12,27.24,15.25,42.45,46.39,50.00,26.42,218.65,39.80,4312.14,403.02,4.17,0.53,41.21,3.31,7.17,2.30,0.00,0.00,2.42,1.36,3.54,3.66,3.79,4.56,7.08,20.32,57.95,8.43,4.09,4.52,22512.99,756.40,2749.37,3583.45,891.11,8869.70,470.96,145.78,108.88,1021.78,95.91,130.03,91.14,1178.61,81.33,45.45,25.44,75.78,82.81,73.08,38.61,314.16,57.19,6165.26,576.21,5.31,0.67,51.59,4.15,8.93,2.86,0.00,0.00,2.86,1.61,4.79,4.95,5.06,6.08,7.91,22.69,62.42,9.08,4.64,5.13
12.70,12.7,24/11/2025 08:58:07,7.933,10.052,,15.3,959363.0,661545.0,988726.40,327.89,1616.07,2092.38,494.41,3313.47,188.76,27.19,24.16,388.13,38.14,86.70,70.10,704.16,56.84,23.73,15.03,59.82,45.92,67.52,28.94,216.63,39.38,3819.32,355.06,3.61,0.49,55.56,5.58,9.03,2.30,0.00,0.00,1.73,1.30,4.20,3.59,2.76,4.43,7.73,20.01,58.05,8.28,3.98,4.39,19896.39,543.73,2679.90,3953.48,934.16,7088.61,403.83,62.29,55.36,969.11,95.23,104.44,84.45,985.26,79.54,39.59,25.08,106.79,81.97,98.69,42.30,311.26,56.59,5460.66,507.64,4.60,0.63,69.55,6.98,11.24,2.86,0.00,0.00,2.05,1.54,5.67,4.85,3.69,5.91,8.63,22.35,62.53,8.92,4.51,4.98
12.80,12.8,24/11/2025 08:58:07,7.836,7.477,,15.3,960628.0,664646.0,988001.35,450.33,1598.21,2357.20,524.00,3555.89,197.27,125.90,79.16,384.93,38.41,86.95,69.80,760.72,57.12,27.89,15.17,54.26,46.05,64.39,28.39,205.71,37.25,3792.31,352.33,3.92,0.51,41.00,3.32,9.23,2.31,0.00,0.00,2.93,1.35,2.71,3.62,2.81,4.52,9.72,20.08,55.24,8.20,4.62,4.51,21335.98,746.77,2650.28,4453.85,990.08,7607.24,422.03,288.47,181.38,961.13,95.91,104.73,84.09,1064.40,79.92,46.53,25.31,96.86,82.21,94.11,41.49,295.57,53.52,5422.04,503.75,4.99,0.65,51.32,4.16,11.49,2.88,0.00,0.00,3.47,1.60,3.66,4.89,3.74,6.03,10.85,22.42,59.51,8.83,5.24,5.11
12.90,12.9,24/11/2025 08:58:07,8.000,10.584,,15.3,954110.0,662769.0,988742.43,115.27,1686.73,1783.18,457.68,3933.53,210.12,70.20,50.30,349.36,38.20,167.14,84.32,775.88,57.23,28.95,15.04,77.41,45.94,38.71,24.54,167.43,30.29,3612.53,334.78,4.27,0.52,29.96,2.03,8.15,2.31,0.00,0.00,2.85,1.33,5.87,3.60,3.69,4.50,18.19,19.97,60.64,8.20,4.38,4.46,20104.16,191.15,2797.07,3369.25,864.76,8415.14,449.51,160.85,115.25,872.31,95.38,201.33,101.57,1085.61,80.08,48.30,25.10,138.19,82.01,56.58,35.86,240.56,43.52,5165.00,478.65,5.44,0.66,37.50,2.54,10.14,2.88,0.00,0.00,3.37,1.57,7.93,4.86,4.92,5.99,20.31,22.30,65.32,8.83,4.97,5.06
13.00,13.0,24/11/2025 08:58:07,8.243,7.868,,15.3,952949.0,661975.0,989189.08,314.90,1657.63,1812.93,460.92,3457.48,194.42,102.27,67.34,245.57,38.53,180.87,85.03,787.60,56.61,32.38,16.08,66.82,45.56,71.65,29.53,162.03,29.28,3441.70,318.19,3.78,0.48,38.85,3.07,8.52,2.29,0.02,0.18,2.74,1.34,2.90,3.57,2.14,4.42,13.49,19.84,58.02,8.14,4.25,4.44,19099.83,522.19,2748.80,3425.47,870.89,7396.72,415.92,234.34,154.29,613.15,96.21,217.88,102.43,1102.02,79.20,54.02,26.83,119.29,81.34,104.73,43.16,232.81,42.07,4920.75,454.94,4.82,0.62,48.63,3.84,10.61,2.85,0.02,0.23,3.25,1.59,3.92,4.82,2.85,5.90,15.06,22.15,62.50,8.76,4.82,5.03
13.10,13.1,24/11/2025 08:58:07,8.332,10.580,1181243.404,15.4,946815.0,656979.0,988306.44,313.69,1660.00,1827.80,460.88,3854.56,207.70,161.15,97.09,418.46,37.77,127.54,77.74,744.46,56.54,49.28,21.15,77.52,45.81,64.88,28.39,189.69,34.15,3705.28,343.69,3.83,0.50,74.25,9.28,8.50,2.25,0.00,0.00,2.25,1.32,2.28,3.58,1.81,4.46,6.23,19.89,57.30,8.23,2.80,4.42,20903.34,520.19,2752.74,3453.56,870.81,8246.20,444.35,369.25,222.47,1044.85,94.32,153.63,93.65,1041.66,79.11,82.23,35.28,138.39,81.78,94.83,41.49,272.55,49.07,5297.59,491.39,4.88,0.63,92.94,11.61,10.58,2.80,0.00,0.00,2.66,1.57,3.08,4.84,2.41,5.94,6.95,22.21,61.72,8.87,3.17,5.01
13.20,13.2,24/11/2025 08:58:07,8.780,10.252,,15.4,939108.0,654193.0,989106.98,437.56,1577.05,1677.86,434.06,3651.54,198.63,173.72,102.72,317.93,37.80,109.00,73.68,731.43,56.10,12.11,14.81,88.98,45.62,51.55,26.02,167.93,30.24,3295.86,303.98,4.17,0.50,78.68,10.41,8.21,2.19,0.00,0.00,2.08,1.30,3.40,3.51,1.47,4.33,18.36,19.73,56.88,8.04,4.32,4.31,19471.92,725.59,2615.18,3170.25,820.14,7811.86,424.94,398.05,235.38,793.84,94.38,131.30,88.75,1023.41,78.49,20.20,24.72,158.85,81.44,75.34,38.04,241.30,43.45,4712.23,434.62,5.30,0.64,98.48,13.04,10.21,2.73,0.00,0.00,2.46,1.54,4.60,4.74,1.96,5.77,20.50,22.03,61.27,8.67,4.90,4.89
13.30,13.3,24/11/2025 08:58:07,8.394,8.334,,15.4,937750.0,655042.0,988087.99,443.98,1591.52,2313.06,516.33,4286.02,221.19,6.41,6.52,320.08,37.97,185.21,85.22,772.05,56.53,78.82,27.48,66.01,45.63,44.22,25.13,121.83,22.33,3109.07,285.79,3.72,0.48,82.35,11.31,8.51,2.20,0.00,0.00,2.99,1.32,3.59,3.53,3.08,4.35,0.00,0.00,58.07,8.19,2.95,4.39,21524.18,736.24,2639.18,4370.43,975.58,9169.24,473.20,14.69,14.94,799.20,94.82,223.10,102.66,1080.26,79.09,131.52,45.85,117.84,81.46,64.63,36.73,175.06,32.08,4445.18,408.61,4.73,0.62,103.09,14.15,10.59,2.74,0.00,0.00,3.53,1.56,4.85,4.77,4.11,5.80,0.00,0.00,62.55,8.83,3.34,4.97
13.40,13.4,24/11/2025 08:58:07,8.108,13.888,,15.4,937698.0,652597.0,987528.59,556.62,1552.09,2423.17,527.05,4294.24,221.17,43.21,34.58,313.05,38.16,227.31,90.10,775.25,56.83,43.03,19.28,88.94,45.82,55.20,26.69,162.28,29.16,3319.52,306.09,3.94,0.49,76.58,9.85,7.03,2.21,0.00,0.00,3.37,1.35,4.84,3.59,2.17,4.38,8.48,19.82,59.98,8.22,3.19,4.37,22418.79,923.04,2573.79,4578.48,995.84,9186.82,473.15,99.02,79.23,781.65,95.29,273.82,108.54,1084.74,79.52,71.80,32.17,158.77,81.79,80.68,39.02,233.17,41.90,4746.07,437.63,5.01,0.62,95.86,12.33,8.75,2.75,0.00,0.00,3.98,1.60,6.53,4.85,2.90,5.84,9.47,22.12,64.61,8.85,3.62,4.96
13.50,13.5,24/11/2025 08:58:07,8.062,14.352,,15.4,924894.0,649493.0,989046.10,377.14,1553.62,1703.87,431.20,4015.86,210.61,139.59,84.78,382.77,37.07,174.90,83.01,722.50,55.36,31.67,15.53,46.34,44.83,52.99,26.11,161.81,28.96,2953.04,270.66,4.12,0.50,105.19,17.63,8.85,2.10,0.00,0.00,3.08,1.30,1.82,3.46,3.57,4.29,11.03,19.60,50.43,7.88,3.35,4.28,19830.08,625.40,2576.32,3219.40,814.73,8591.26,450.56,319.85,194.25,955.73,92.57,210.69,99.99,1010.92,77.46,52.83,25.91,82.73,80.03,77.45,38.17,232.49,41.61,4222.09,386.97,5.24,0.63,131.68,22.07,11.02,2.61,0.00,0.00,3.64,1.54,2.46,4.67,4.76,5.72,12.31,21.89,54.32,8.49,3.80,4.86
13.60,13.6,24/11/2025 08:58:07,8.213,8.268,1181245.523,15.5,920915.0,644441.0,988979.27,269.60,1527.85,1604.73,410.00,3677.68,197.71,161.54,96.27,428.36,36.48,194.74,84.90,736.59,55.42,25.01,14.64,75.79,44.70,57.40,26.66,119.83,21.71,3510.82,324.65,4.03,0.50,64.77,7.33,6.73,2.13,0.00,0.00,3.49,1.31,2.69,3.50,1.79,4.31,12.04,19.39,58.62,8.09,4.50,4.37,19690.95,447.08,2533.60,3032.08,774.68,7867.78,422.98,370.14,220.59,1069.57,91.08,234.58,102.27,1030.64,77.55,41.74,24.43,135.30,79.80,83.89,38.96,172.17,31.19,5019.57,464.16,5.13,0.63,81.07,9.18,8.37,2.66,0.00,0.00,4.13,1.55,3.63,4.72,2.39,5.75,13.44,21.64,63.15,8.71,5.11,4.96
13.70,13.7,24/11/2025 08:58:07,8.188,8.466,,15.5,921021.0,642756.0,988328.43,502.46,1523.63,1934.08,463.56,4237.10,219.46,136.42,83.75,273.05,37.44,93.59,68.41,735.83,55.48,41.92,18.70,66.91,44.74,57.01,26.72,97.61,18.04,3324.70,306.58,3.90,0.49,88.00,12.70,8.39,2.20,0.00,0.00,2.52,1.29,3.41,3.48,2.44,4.25,2.99,19.48,55.39,7.96,3.86,4.32,21059.06,833.22,2526.60,3654.37,875.88,9064.57,469.50,312.60,191.90,681.79,93.49,112.74,82.41,1029.58,77.63,69.94,31.20,119.44,79.86,83.33,39.05,140.24,25.92,4753.47,438.33,4.96,0.63,110.16,15.90,10.44,2.73,0.00,0.00,2.98,1.53,4.60,4.70,3.26,5.67,3.34,21.75,59.67,8.58,4.38,4.90
13.80,13.8,24/11/2025 08:58:07,8.064,15.869,,15.5,914185.0,637422.0,989190.27,244.08,1563.18,1668.48,432.32,4103.37,214.53,75.03,52.07,353.60,36.68,140.11,77.42,722.04,54.94,27.55,14.58,62.20,44.35,63.57,27.60,63.85,12.33,3121.12,286.82,3.72,0.47,75.47,9.72,7.79,2.13,0.00,0.00,3.43,1.32,3.23,3.41,2.40,4.21,13.59,19.30,51.41,7.85,3.68,4.17,19568.97,404.75,2592.19,3152.53,816.86,8778.48,458.96,171.93,119.30,882.91,91.60,168.78,93.26,1010.28,76.88,45.97,24.32,111.03,79.17,92.91,40.34,91.74,17.71,4462.41,410.08,4.74,0.60,94.47,12.16,9.70,2.66,0.00,0.00,4.05,1.56,4.36,4.61,3.20,5.61,15.17,21.55,55.38,8.45,4.18,4.73
13.90,13.9,24/11/2025 08:58:07,8.122,8.066,,15.5,913998.0,638452.0,989626.30,623.02,1510.52,1788.93,427.63,3405.46,186.24,36.73,51.64,362.94,36.41,38.29,46.02,733.80,55.34,38.56,17.61,63.19,44.29,61.28,27.24,35.42,7.35,3021.95,277.33,4.00,0.48,75.15,9.70,8.78,2.08,0.00,0.00,2.22,1.27,2.92,3.42,2.64,4.12,10.00,19.30,53.86,7.88,4.56,4.22,18594.67,1033.15,2504.86,3380.12,807.99,7285.41,398.42,84.16,118.34,906.22,90.90,46.12,55.44,1026.74,77.43,64.33,29.37,112.80,79.07,89.57,39.81,50.90,10.56,4320.61,396.50,5.10,0.61,94.07,12.14,10.93,2.59,0.00,0.00,2.63,1.50,3.94,4.63,3.52,5.50,11.17,21.55,58.02,8.49,5.17,4.79
14.00,14.0,24/11/2025 08:58:07,8.203,10.513,,15.5,919094.0,640325.0,989759.31,402.06,1547.43,1511.42,409.55,3459.96,191.57,127.87,79.14,336.67,36.42,102.44,70.27,676.53,54.71,16.14,14.55,64.34,44.39,81.53,30.93,97.56,17.87,3196.79,294.18,3.77,0.49,75.05,9.64,7.80,2.17,0.00,0.00,3.16,1.30,4.68,3.40,2.28,4.18,9.89,19.28,56.36,8.01,4.41,4.32,18298.15,666.73,2566.06,2855.78,773.82,7402.01,409.84,292.99,181.34,840.64,90.95,123.40,84.65,946.60,76.55,26.92,24.28,114.86,79.24,119.16,45.21,140.18,25.68,4570.60,420.60,4.79,0.62,93.95,12.06,9.71,2.71,0.00,0.00,3.73,1.54,6.33,4.60,3.03,5.58,11.04,21.52,60.71,8.63,5.01,4.90
14.10,14.1,24/11/2025 08:58:07,8.158,7.543,1181249.421,15.6,909531.0,634226.0,990220.66,198.43,1568.01,1635.28,423.31,3379.71,187.35,36.98,29.82,302.01,36.46,125.16,74.20,719.23,54.50,45.08,19.35,55.77,43.73,66.75,28.05,84.50,15.70,2970.44,272.26,3.82,0.47,70.68,8.71,10.03,2.17,0.00,0.00,2.30,1.26,3.10,3.33,2.91,4.12,5.33,19.11,57.18,7.78,4.67,4.24,17475.26,329.05,2600.19,3089.80,799.82,7230.32,400.81,84.74,68.32,754.08,91.03,150.77,89.38,1006.34,76.26,75.21,32.28,99.56,78.07,97.56,40.99,121.41,22.56,4246.97,389.26,4.86,0.60,88.47,10.90,12.49,2.70,0.00,0.00,2.72,1.49,4.19,4.50,3.88,5.49,5.95,21.33,61.60,8.38,5.30,4.80
14.20,14.2,24/11/2025 08:58:07,7.860,5.489,,15.6,905639.0,631481.0,989206.73,866.25,1533.36,1914.55,459.34,3529.24,193.11,108.63,68.66,346.79,36.44,222.18,86.84,773.36,55.09,24.18,14.48,100.26,44.51,60.00,26.90,48.90,9.72,2623.29,238.71,3.77,0.47,77.80,10.37,8.78,2.14,0.00,0.00,3.99,1.26,5.30,3.37,3.09,4.08,12.32,19.15,56.83,7.86,3.75,4.18,19404.99,1436.48,2542.74,3617.48,867.90,7550.22,413.14,248.92,157.34,865.91,90.99,267.64,104.61,1082.09,77.08,40.34,24.16,178.98,79.47,87.70,39.31,70.26,13.96,3750.63,341.30,4.79,0.60,97.39,12.98,10.93,2.67,0.00,0.00,4.71,1.49,7.16,4.55,4.13,5.44,13.75,21.38,61.22,8.46,4.25,4.75
14.30,14.3,24/11/2025 08:58:07,7.954,5.691,,15.5,912441.0,635403.0,989498.38,641.65,1502.12,1550.65,412.30,3542.49,194.22,38.17,52.04,348.15,36.52,249.93,89.92,749.07,54.88,66.28,24.36,23.42,44.13,50.67,25.57,101.61,18.59,2955.44,270.79,3.44,0.46,87.39,12.68,8.34,2.14,0.00,0.00,3.34,1.28,5.16,3.41,3.24,4.14,13.67,19.40,55.35,7.90,4.15,4.27,18695.41,1064.04,2490.92,2929.90,779.02,7578.58,415.51,87.45,119.24,869.30,91.18,301.06,108.32,1048.11,76.79,110.59,40.65,41.81,78.78,74.06,37.37,146.00,26.72,4225.52,387.16,4.38,0.59,109.40,15.88,10.38,2.66,0.00,0.00,3.96,1.51,6.97,4.61,4.33,5.53,15.26,21.66,59.62,8.51,4.70,4.84
14.40,14.4,24/11/2025 08:58:07,7.918,6.284,,15.5,920696.0,639060.0,989676.45,263.85,1592.73,1513.87,415.50,3573.42,195.90,173.40,102.32,359.39,36.68,159.48,81.01,743.65,55.64,28.02,14.60,99.06,44.95,39.89,24.10,101.29,18.68,3070.78,282.08,3.74,0.48,93.81,14.37,8.32,2.14,0.00,0.00,5.22,1.36,4.33,3.46,2.68,4.20,13.92,19.39,58.93,8.05,6.49,4.29,18522.40,437.54,2641.19,2860.40,785.08,7644.74,419.10,397.32,234.46,897.36,91.60,192.11,97.59,1040.53,77.85,46.76,24.36,176.85,80.25,58.30,35.23,145.54,26.84,4390.43,403.30,4.76,0.61,117.43,17.99,10.36,2.67,0.00,0.00,6.18,1.61,5.85,4.67,3.57,5.60,15.54,21.65,63.48,8.68,7.37,4.86
14.50,14.5,24/11/2025 08:58:07,8.144,5.622,,15.5,913535.0,634895.0,990392.60,443.71,1542.52,1494.65,410.98,3181.76,181.13,36.22,51.33,312.46,36.50,130.39,75.26,774.00,55.15,64.41,24.06,57.34,44.20,59.20,26.84,76.63,14.48,2818.42,257.65,3.50,0.46,71.16,8.85,7.67,2.14,0.00,0.00,3.12,1.29,6.08,3.42,1.73,4.07,7.48,19.30,53.06,7.67,4.42,4.22,17093.84,735.80,2557.92,2824.08,776.53,6806.85,387.50,82.99,117.61,780.19,91.13,157.06,90.66,1082.99,77.17,107.47,40.15,102.36,78.90,86.52,39.23,110.10,20.80,4029.62,368.37,4.46,0.59,89.07,11.08,9.54,2.66,0.00,0.00,3.69,1.53,8.21,4.62,2.31,5.43,8.35,21.55,57.15,8.26,5.01,4.79
14.60,14.6,24/11/2025 08:58:07,8.198,8.531,1181246.843,15.6,910185.0,631447.0,990128.31,354.33,1516.44,1285.71,378.94,3366.82,187.38,121.88,75.11,360.21,35.99,135.15,76.20,767.60,55.29,70.07,25.04,102.23,44.53,50.27,25.35,73.80,13.96,3021.07,277.14,3.98,0.48,74.70,9.58,9.53,2.15,0.00,0.00,3.59,1.30,3.81,3.40,2.16,4.11,6.28,19.20,55.27,7.82,3.23,4.22,17626.34,587.57,2514.68,2429.29,716.00,7202.75,400.87,279.28,172.11,899.40,89.87,162.81,91.79,1074.03,77.37,116.92,41.78,182.50,79.50,73.47,37.05,106.04,20.06,4319.36,396.24,5.07,0.61,93.51,12.00,11.86,2.68,0.00,0.00,4.25,1.54,5.14,4.59,2.88,5.49,7.01,21.43,59.54,8.43,3.66,4.79
14.70,14.7,24/11/2025 08:58:07,7.967,8.531,,15.6,905818.0,627039.0,989578.11,313.78,1512.64,1644.61,422.49,3762.99,200.86,84.76,56.04,390.63,36.15,73.14,62.00,729.15,54.79,52.89,21.34,99.57,44.46,40.49,23.96,25.27,5.35,3045.42,279.46,3.38,0.46,70.34,8.61,7.90,2.16,0.00,0.00,3.56,1.28,5.30,3.38,1.88,4.10,7.53,19.18,55.40,7.84,3.91,4.26,18860.20,520.34,2508.38,3107.44,798.29,8050.30,429.71,194.22,128.41,975.36,90.25,88.11,74.69,1020.23,76.66,88.25,35.61,177.75,79.36,59.19,35.01,36.30,7.69,4354.16,399.56,4.30,0.59,88.05,10.77,9.84,2.68,0.00,0.00,4.20,1.51,7.16,4.57,2.50,5.47,8.40,21.41,59.68,8.44,4.43,4.83
14.80,14.8,24/11/2025 08:58:07,7.857,8.532,,15.6,910565.0,627923.0,988996.07,1014.06,1518.80,1577.51,417.16,3542.73,193.97,40.07,31.74,293.04,36.61,243.25,89.00,773.18,55.30,68.95,24.66,84.67,44.10,56.69,26.35,58.44,11.37,3099.97,284.72,3.48,0.46,55.84,5.70,7.84,2.14,0.00,0.00,2.61,1.29,6.17,3.43,1.79,4.14,15.86,19.12,53.11,7.80,4.67,4.31,19482.98,1681.60,2518.59,2980.64,788.21,7579.09,414.97,91.82,72.72,731.69,91.42,293.02,107.21,1081.84,77.38,115.05,41.15,151.15,78.73,82.85,38.51,83.96,16.33,4432.17,407.08,4.43,0.59,69.90,7.14,9.76,2.67,0.00,0.00,3.08,1.53,8.33,4.63,2.38,5.52,17.70,21.35,57.21,8.40,5.30,4.89
14.90,14.9,24/11/2025 08:58:07,8.025,9.192,,15.5,922076.0,632936.0,989090.56,348.04,1497.62,1592.17,417.84,3573.73,195.09,132.65,80.79,342.32,36.97,254.96,91.48,745.73,55.65,132.93,34.26,66.79,44.63,62.82,27.64,52.06,10.34,3453.18,319.07,3.69,0.47,72.13,8.89,6.97,2.20,0.00,0.00,3.69,1.33,3.41,3.46,1.70,4.21,0.00,0.00,57.12,8.01,3.36,4.26,19365.17,577.15,2483.47,3008.35,789.50,7645.40,417.36,303.96,185.12,854.74,92.31,307.12,110.20,1043.42,77.86,221.79,57.16,119.23,79.67,91.81,40.39,74.80,14.86,4937.16,456.19,4.69,0.60,90.29,11.13,8.67,2.74,0.00,0.00,4.37,1.57,4.60,4.67,2.26,5.62,0.00,0.00,61.54,8.62,3.81,4.84
15.00,15.0,24/11/2025 08:58:07,8.195,8.799,,15.5,929922.0,639412.0,988775.33,199.81,1561.33,1695.34,437.79,3749.44,202.13,83.47,56.14,308.04,37.29,274.48,94.15,811.33,56.45,135.04,34.81,86.28,45.27,60.36,27.34,123.16,22.33,3524.61,325.98,3.96,0.49,79.07,10.41,9.63,2.18,0.00,0.00,5.46,1.44,3.87,3.50,2.99,4.29,2.78,19.67,60.05,8.21,5.51,4.43,19871.70,331.34,2589.11,3203.29,827.19,8021.30,432.42,191.26,128.64,769.15,93.12,330.64,113.41,1135.22,78.99,225.31,58.07,154.02,80.82,88.22,39.95,176.96,32.08,5039.29,466.06,5.04,0.62,98.97,13.03,11.99,2.72,0.00,0.00,6.45,1.71,5.23,4.73,3.99,5.72,3.10,21.96,64.69,8.84,6.25,5.03
15.10,15.1,24/11/2025 08:58:07,8.029,9.657,1181243.535,15.5,925274.0,639516.0,988927.47,400.14,1516.78,1824.28,446.37,3517.36,192.85,55.05,40.67,306.14,36.80,264.68,92.02,775.82,56.00,109.96,31.49,113.25,45.14,54.10,26.15,96.00,17.75,3379.89,311.93,3.83,0.47,80.90,10.89,9.44,2.10,0.00,0.00,3.96,1.32,2.74,3.49,2.12,4.24,10.76,19.42,56.63,7.98,5.49,4.37,19573.53,663.54,2515.23,3446.90,843.40,7524.81,412.56,126.14,93.20,764.39,91.88,318.83,110.84,1085.53,78.36,183.47,52.55,202.18,80.58,79.07,38.22,137.93,25.50,4832.38,445.98,4.88,0.60,101.27,13.63,11.75,2.62,0.00,0.00,4.68,1.56,3.71,4.72,2.83,5.66,12.02,21.69,61.00,8.60,6.22,4.95
15.20,15.2,24/11/2025 08:58:07,7.831,9.525,,15.6,912875.0,625728.0,988716.93,630.32,1548.14,1719.21,431.97,3807.77,201.89,52.03,38.65,309.19,36.52,315.93,96.25,722.45,55.06,69.12,24.94,80.99,44.66,53.92,26.04,107.99,19.63,3271.81,301.33,3.56,0.47,45.53,3.99,6.71,2.10,0.00,0.00,3.67,1.29,8.08,3.42,1.99,4.17,10.39,19.37,56.67,7.83,5.74,4.35,20061.05,1045.24,2567.24,3248.39,816.19,8146.09,431.91,119.22,88.55,772.02,91.18,380.57,115.94,1010.85,77.04,115.32,41.61,144.59,79.72,78.81,38.06,155.16,28.20,4677.86,430.82,4.53,0.60,56.99,4.99,8.36,2.61,0.00,0.00,4.34,1.52,10.91,4.61,2.65,5.56,11.61,21.63,61.05,8.43,6.51,4.93
15.30,15.3,24/11/2025 08:58:07,7.463,15.410,,15.6,911720.0,628207.0,988135.47,529.43,1558.22,1792.51,444.38,4241.52,218.14,175.22,102.41,331.24,36.62,290.80,93.98,800.42,55.75,73.18,25.66,91.16,44.71,74.84,29.70,68.41,13.08,3249.98,299.13,3.76,0.48,54.70,5.45,7.98,2.13,0.00,0.00,3.69,1.30,2.49,3.41,2.09,4.15,10.42,19.33,55.90,8.00,4.80,4.36,21347.82,877.93,2583.97,3386.88,839.63,9074.04,466.67,401.49,234.66,827.08,91.43,350.30,113.21,1119.96,78.01,122.10,42.81,162.73,79.81,109.38,43.41,98.30,18.80,4646.64,427.69,4.78,0.61,68.47,6.82,9.94,2.66,0.00,0.00,4.36,1.54,3.37,4.61,2.79,5.53,11.63,21.58,60.21,8.62,5.44,4.95
15.40,15.4,24/11/2025 08:58:07,7.436,10.516,,15.6,909051.0,630231.0,989925.92,138.47,1566.63,1636.31,426.03,3503.27,192.81,72.94,50.51,321.90,36.32,200.81,84.43,770.72,55.25,40.09,17.93,98.34,44.47,54.98,26.05,90.87,16.75,2998.77,274.95,3.63,0.46,53.40,5.30,6.27,2.06,0.00,0.00,3.09,1.26,5.34,3.39,1.81,4.10,10.69,19.17,56.27,7.81,6.12,4.25,18020.09,229.61,2597.90,3091.74,804.96,7494.67,412.48,167.13,115.74,803.76,90.69,241.89,101.71,1078.40,77.30,66.90,29.92,175.56,79.39,80.36,38.07,130.57,24.07,4287.48,393.10,4.61,0.59,66.84,6.63,7.80,2.57,0.00,0.00,3.65,1.49,7.21,4.57,2.41,5.47,11.93,21.40,60.61,8.41,6.95,4.82
15.50,15.5,24/11/2025 08:58:07,7.541,10.057,,15.6,915055.0,632994.0,989683.65,452.88,1545.98,1660.16,426.78,3521.54,193.08,91.48,59.97,365.20,36.41,140.06,77.38,697.68,54.96,45.54,19.60,98.19,44.81,55.02,26.20,104.32,19.03,2939.32,269.25,3.46,0.46,50.11,4.75,8.52,2.13,0.00,0.00,4.90,1.35,2.60,3.39,2.58,4.12,9.42,19.33,60.92,7.98,2.46,4.20,18541.41,751.00,2563.65,3136.81,806.38,7533.75,413.07,209.60,137.41,911.87,90.91,168.71,93.21,976.20,76.90,75.99,32.70,175.28,80.00,80.42,38.29,149.89,27.35,4202.47,384.96,4.41,0.59,62.73,5.95,10.60,2.65,0.00,0.00,5.80,1.59,3.51,4.58,3.43,5.50,10.52,21.58,65.62,8.59,2.79,4.76
15.60,15.6,24/11/2025 08:58:07,7.619,13.886,1181242.677,15.6,914295.0,631048.0,989374.06,376.32,1563.57,1538.00,417.50,3902.43,207.08,54.23,40.13,316.37,36.57,209.26,85.67,759.07,55.12,25.53,14.61,74.66,44.62,44.09,24.69,76.47,14.53,3105.19,285.31,3.43,0.46,47.23,4.27,6.89,2.12,0.00,0.00,3.25,1.29,6.68,3.38,1.36,4.11,15.43,19.39,55.74,7.83,4.31,4.21,19065.73,624.04,2592.83,2905.99,788.84,8348.61,443.02,124.25,91.96,789.93,91.31,252.07,103.20,1062.09,77.12,42.60,24.38,133.28,79.66,64.44,36.08,109.88,20.88,4439.63,407.92,4.37,0.59,59.12,5.35,8.57,2.64,0.00,0.00,3.85,1.52,9.03,4.57,1.81,5.48,17.23,21.65,60.05,8.44,4.89,4.78
15.70,15.7,24/11/2025 08:58:07,7.596,9.924,,15.6,909945.0,626623.0,988703.49,400.46,1489.00,1678.03,426.87,4247.73,218.53,42.70,51.67,342.96,36.55,197.67,84.39,797.02,55.49,66.05,24.20,78.99,44.45,23.06,22.33,42.43,8.62,3239.76,298.21,3.76,0.47,51.54,4.94,8.87,2.18,0.00,0.00,3.26,1.29,3.31,3.41,0.63,4.09,8.27,19.32,56.27,7.96,3.76,4.30,20370.96,664.07,2469.18,3170.57,806.55,9087.32,467.50,97.84,118.40,856.34,91.27,238.11,101.65,1115.19,77.64,110.20,40.38,141.02,79.36,33.70,32.63,60.97,12.39,4632.02,426.36,4.78,0.60,64.52,6.18,11.04,2.71,0.00,0.00,3.86,1.52,4.48,4.61,0.83,5.45,9.24,21.57,60.61,8.57,4.27,4.88
15.80,15.8,24/11/2025 08:58:07,7.588,10.916,,15.6,903593.0,625590.0,989706.34,478.90,1544.88,1431.74,397.99,3903.47,205.54,57.81,41.55,348.58,35.86,126.36,74.14,704.67,54.32,40.53,17.99,79.28,44.05,53.06,25.72,95.39,17.48,2814.19,257.11,3.39,0.45,59.15,6.36,8.13,2.11,0.00,0.00,3.68,1.24,6.17,3.33,2.33,4.05,13.52,19.11,59.13,7.75,4.22,4.12,18626.34,794.14,2561.83,2705.22,751.99,8350.82,439.73,132.46,95.20,870.37,89.53,152.21,89.31,985.97,76.01,67.62,30.02,141.52,78.63,77.55,37.59,137.05,25.11,4023.57,367.60,4.31,0.57,74.04,7.96,10.12,2.63,0.00,0.00,4.35,1.47,8.33,4.50,3.10,5.40,15.10,21.34,63.69,8.35,4.78,4.67
15.90,15.9,24/11/2025 08:58:07,7.354,9.327,,15.6,902025.0,623473.0,989643.94,367.78,1468.40,1666.95,424.58,3876.29,204.68,22.77,19.99,257.09,36.32,247.76,88.60,713.92,54.27,75.94,25.89,50.29,43.64,47.02,24.80,45.64,9.11,2833.31,258.93,3.96,0.47,61.51,6.81,7.16,2.08,0.00,0.00,2.61,1.24,3.55,3.33,2.57,4.06,8.82,19.11,55.68,7.82,5.43,4.23,18623.63,609.87,2435.01,3149.64,802.23,8292.69,437.87,52.18,45.80,641.92,90.68,298.46,106.73,998.92,75.94,126.71,43.19,89.78,77.90,68.73,36.25,65.58,13.09,4050.91,370.20,5.04,0.60,76.99,8.52,8.91,2.58,0.00,0.00,3.09,1.47,4.79,4.49,3.43,5.41,9.85,21.33,59.98,8.42,6.16,4.80
16.00,16.0,24/11/2025 08:58:07,8.279,9.522,,15.6,906353.0,625532.0,989775.01,248.87,1583.52,1501.25,413.06,3803.38,203.81,29.00,24.61,295.20,36.37,132.25,75.21,709.56,54.53,73.55,25.40,98.04,44.10,67.74,28.17,79.31,14.83,3041.57,279.09,3.86,0.47,54.13,5.41,9.03,2.14,0.00,0.00,3.79,1.26,1.54,3.34,1.73,4.10,12.19,19.03,53.11,7.74,5.88,4.29,18371.28,412.69,2625.92,2836.56,780.46,8136.71,436.02,66.45,56.38,737.08,90.80,159.31,90.60,992.82,76.30,122.72,42.38,175.02,78.73,99.00,41.18,113.96,21.32,4348.66,399.02,4.91,0.60,67.76,6.78,11.24,2.66,0.00,0.00,4.49,1.49,2.07,4.51,2.31,5.46,13.61,21.25,57.21,8.34,6.67,4.87
16.10,16.1,24/11/2025 08:58:07,7.889,10.384,1181242.280,15.6,903286.0,624114.0,989926.49,194.65,1501.60,1588.62,416.78,3622.74,195.83,21.41,18.86,396.22,35.37,142.57,76.87,701.59,54.35,31.37,15.13,80.27,43.89,44.82,24.39,46.59,9.27,3027.49,277.74,3.78,0.47,83.94,11.81,7.79,2.12,0.00,0.00,3.33,1.27,3.41,3.34,2.63,4.04,9.34,19.02,57.38,7.87,3.57,4.17,18131.02,322.79,2490.07,3001.64,787.50,7750.25,418.95,49.06,43.22,989.32,88.32,171.74,92.59,981.67,76.04,52.35,25.25,143.30,78.35,65.51,35.65,66.95,13.33,4328.54,397.09,4.81,0.59,105.07,14.79,9.70,2.64,0.00,0.00,3.94,1.51,4.61,4.51,3.51,5.39,10.43,21.23,61.81,8.47,4.05,4.73
16.20,16.2,24/11/2025 08:58:07,7.386,10.121,,15.6,904139.0,622194.0,989043.39,325.41,1523.67,1302.44,380.82,4339.08,220.57,49.23,37.01,352.44,35.95,174.67,81.15,766.52,54.95,28.21,14.41,117.21,44.62,60.69,26.97,53.31,10.44,3209.02,295.20,3.76,0.47,66.10,7.63,8.44,2.09,0.00,0.00,3.57,1.27,5.92,3.41,2.35,4.10,17.71,19.10,61.74,8.00,8.77,4.21,19778.34,539.62,2526.67,2460.92,719.55,9282.74,471.86,112.81,84.81,880.00,89.76,210.41,97.76,1072.52,76.89,47.07,24.05,209.24,79.66,88.70,39.42,76.60,15.00,4588.08,422.05,4.79,0.59,82.74,9.56,10.50,2.61,0.00,0.00,4.23,1.50,8.00,4.61,3.14,5.46,19.78,21.33,66.51,8.62,9.95,4.77
16.30,16.3,24/11/2025 08:58:07,7.708,11.047,,15.6,909001.0,623669.0,988408.94,298.85,1518.84,1849.15,450.88,4442.02,225.51,74.26,51.03,211.71,36.98,289.50,93.56,769.11,55.04,28.54,14.48,96.02,44.36,58.65,26.63,79.26,14.78,3238.05,297.96,3.68,0.47,55.85,5.66,8.74,2.13,0.00,0.00,2.96,1.30,3.45,3.41,2.25,4.14,19.69,19.13,55.59,7.95,3.73,4.24,20847.05,495.58,2518.65,3493.90,851.91,9502.97,482.45,170.15,116.93,528.62,92.33,348.73,112.70,1076.14,77.01,47.63,24.15,171.42,79.18,85.73,38.93,113.88,21.23,4629.58,426.01,4.69,0.60,69.92,7.09,10.88,2.65,0.00,0.00,3.49,1.53,4.65,4.60,3.00,5.52,21.99,21.36,59.88,8.56,4.23,4.81
16.40,16.4,24/11/2025 08:58:07,7.781,12.238,,15.6,909308.0,623195.0,988415.32,310.16,1492.61,1694.80,432.69,4558.62,229.46,58.58,42.66,369.39,36.44,206.82,86.20,760.57,55.29,93.70,28.91,123.86,45.06,56.46,26.41,42.64,8.59,3176.09,291.95,3.74,0.48,41.40,3.40,8.44,2.11,0.00,0.00,4.75,1.32,5.06,3.39,3.10,4.14,6.91,19.28,54.42,7.73,5.17,4.31,21057.01,514.33,2475.16,3202.27,817.55,9752.41,490.90,134.23,97.76,922.34,90.98,249.14,103.84,1064.19,77.36,156.34,48.23,221.11,80.44,82.52,38.60,61.26,12.34,4540.99,417.41,4.76,0.61,51.82,4.25,10.51,2.62,0.00,0.00,5.62,1.56,6.83,4.58,4.13,5.52,7.71,21.53,58.63,8.33,5.87,4.89
16.50,16.5,24/11/2025 08:58:07,8.651,14.353,,15.7,903001.0,616499.0,987555.51,534.05,1529.04,1974.11,465.05,4963.34,242.17,80.44,53.73,301.95,36.29,312.09,95.98,778.72,55.30,66.90,24.39,96.44,44.71,52.25,25.67,106.90,19.22,3049.03,279.45,3.54,0.46,38.89,3.06,8.06,2.17,0.00,0.00,4.74,1.31,4.98,3.39,2.48,4.09,9.64,19.28,51.30,7.61,4.64,4.20,22660.88,885.60,2535.56,3730.01,878.70,10618.25,518.09,184.33,123.12,753.94,90.61,375.94,115.62,1089.58,77.37,111.63,40.70,172.16,79.81,76.36,37.51,153.59,27.62,4359.34,399.54,4.50,0.58,48.68,3.83,10.03,2.70,0.00,0.00,5.61,1.55,6.73,4.58,3.31,5.45,10.77,21.53,55.26,8.20,5.26,4.76
16.60,16.6,24/11/2025 08:58:07,8.001,12.829,1181242.086,15.7,898767.0,617329.0,988362.43,362.13,1501.67,1876.07,451.33,4356.61,221.00,128.60,77.80,375.37,35.65,269.55,91.66,791.98,55.17,86.76,27.73,97.18,44.38,42.79,24.32,102.75,18.67,2989.88,273.87,3.74,0.46,68.95,8.23,7.91,2.06,0.00,0.00,4.38,1.29,3.31,3.34,2.09,4.05,4.61,19.18,57.42,7.94,5.49,4.27,21120.05,600.51,2490.18,3544.76,852.77,9320.25,472.80,294.67,178.27,937.26,89.01,324.71,110.41,1108.14,77.19,144.76,46.27,173.48,79.23,62.54,35.55,147.64,26.83,4274.77,391.56,4.76,0.59,86.31,10.31,9.84,2.56,0.00,0.00,5.18,1.53,4.47,4.51,2.79,5.40,5.15,21.42,61.85,8.55,6.23,4.84
16.70,16.7,24/11/2025 08:58:07,7.905,12.763,,15.6,917261.0,628051.0,987625.37,487.95,1529.64,2043.72,474.27,4376.22,222.18,23.32,20.47,392.38,36.27,360.24,100.89,845.50,56.40,105.30,30.97,70.78,44.86,54.23,26.25,111.32,20.20,3363.76,310.12,3.82,0.47,41.06,3.33,9.49,2.25,0.00,0.00,4.98,1.37,5.36,3.48,2.97,4.23,5.72,19.54,61.42,8.18,5.08,4.31,22197.10,809.15,2536.57,3861.54,896.11,9362.21,475.32,53.44,46.91,979.74,90.56,433.95,121.54,1183.03,78.91,175.69,51.67,126.36,80.08,79.26,38.36,159.94,29.02,4809.32,443.40,4.86,0.60,51.40,4.17,11.81,2.81,0.00,0.00,5.89,1.62,7.23,4.70,3.96,5.64,6.39,21.82,66.16,8.81,5.77,4.89
16.80,16.8,24/11/2025 08:58:07,7.551,14.146,,15.6,908171.0,621765.0,989965.91,279.57,1593.16,1324.70,389.24,3749.72,201.05,47.96,36.28,298.43,36.27,207.91,85.36,751.60,55.08,32.42,15.54,69.48,44.07,49.93,25.28,127.34,22.77,2963.37,271.50,3.55,0.45,31.82,2.23,6.65,2.07,0.00,0.00,6.10,1.51,6.16,3.37,1.61,4.04,12.24,19.17,57.76,7.84,5.80,4.30,17969.29,463.61,2641.90,2502.98,735.45,8021.91,430.11,109.88,83.14,745.15,90.57,250.45,102.82,1051.64,77.07,54.09,25.93,124.03,78.68,72.98,36.95,182.96,32.72,4236.85,388.18,4.52,0.58,39.83,2.80,8.27,2.58,0.00,0.00,7.21,1.79,8.32,4.55,2.15,5.39,13.66,21.40,62.22,8.44,6.58,4.88
16.90,16.9,24/11/2025 08:58:07,7.236,11.765,,15.6,913795.0,623424.0,988870.25,261.06,1533.89,1765.98,443.50,4248.48,218.98,21.57,19.22,275.40,36.97,190.81,84.12,821.64,56.00,92.26,29.10,77.35,44.67,59.97,27.07,94.95,17.52,3067.66,281.58,3.67,0.47,61.16,6.67,8.73,2.14,0.00,0.00,8.11,1.75,5.29,3.38,2.11,4.10,0.19,19.41,59.01,8.06,4.33,4.27,20057.57,432.92,2543.61,3336.75,837.98,9088.93,468.47,49.42,44.05,687.64,92.30,229.86,101.33,1149.65,78.35,153.93,48.55,138.09,79.74,87.64,39.57,136.43,25.18,4385.97,402.59,4.67,0.59,76.55,8.35,10.87,2.66,0.00,0.00,9.59,2.07,7.14,4.56,2.81,5.47,0.22,21.67,63.57,8.68,4.92,4.84
17.00,17.0,24/11/2025 08:58:07,7.088,13.425,,15.6,914701.0,626207.0,989504.57,391.88,1546.63,1584.79,422.00,3804.17,203.49,7.03,7.01,389.41,36.47,215.13,87.00,817.06,56.02,82.62,27.52,72.79,44.65,47.69,25.20,40.19,8.21,2930.44,268.36,3.91,0.47,24.89,1.54,6.52,2.08,0.00,0.00,7.16,1.63,7.58,3.40,2.28,4.09,2.56,19.44,53.72,7.76,3.59,4.11,18889.30,649.85,2564.74,2994.40,797.36,8138.40,435.32,16.12,16.06,972.33,91.07,259.14,104.80,1143.24,78.38,137.86,45.92,129.93,79.71,69.71,36.83,57.74,11.80,4189.78,383.69,4.98,0.60,31.15,1.93,8.12,2.59,0.00,0.00,8.47,1.93,10.24,4.60,3.03,5.45,2.86,21.71,57.87,8.36,4.08,4.66
17.10,17.1,24/11/2025 08:58:07,7.025,11.439,1181243.605,15.5,930170.0,634760.0,988198.54,327.32,1537.98,1642.20,428.14,4106.50,214.83,131.76,80.45,266.25,37.35,165.84,82.29,840.72,57.09,136.81,34.97,68.28,45.05,57.86,27.00,400.87,76.83,3526.46,326.08,3.53,0.48,43.37,3.64,7.36,2.20,0.00,0.00,6.42,1.58,4.79,3.52,4.39,4.28,1.27,19.68,55.50,8.14,3.96,4.40,20979.87,542.79,2550.40,3102.88,808.96,8785.18,459.59,301.91,184.33,664.80,93.26,199.77,99.12,1176.34,79.88,228.26,58.35,121.90,80.43,84.56,39.46,575.99,110.40,5041.94,466.20,4.49,0.61,54.29,4.55,9.17,2.74,0.00,0.00,7.60,1.87,6.48,4.76,5.85,5.71,1.42,21.97,59.78,8.77,4.49,4.99
17.20,17.2,24/11/2025 08:58:07,7.393,15.473,,15.5,937907.0,640135.0,988298.12,163.93,1664.04,1497.98,417.57,4242.86,219.53,100.94,65.06,328.50,37.42,337.59,100.73,909.32,57.74,106.96,31.29,115.00,45.86,64.85,28.23,65.63,12.84,3613.09,334.59,3.93,0.50,37.83,2.91,7.10,2.22,0.00,0.00,6.57,1.63,10.58,3.59,2.14,4.28,19.52,19.73,62.65,8.29,4.91,4.40,20829.22,271.84,2759.44,2830.38,788.98,9076.90,469.66,231.28,149.07,820.24,93.43,406.66,121.34,1272.32,80.79,178.46,52.20,205.29,81.88,94.78,41.25,94.30,18.44,5165.79,478.37,5.00,0.63,47.36,3.64,8.84,2.77,0.00,0.00,7.77,1.93,14.29,4.84,2.85,5.71,21.80,22.03,67.49,8.93,5.57,4.99
17.30,17.3,24/11/2025 08:58:07,7.637,17.657,,15.5,932104.0,635090.0,987876.60,580.26,1565.23,1712.17,438.12,4030.65,212.88,3.66,3.80,368.72,37.21,264.82,92.76,853.12,57.08,120.55,33.15,116.68,45.89,50.01,25.79,160.50,28.73,3702.11,343.17,3.81,0.48,53.54,5.20,9.28,2.27,0.00,0.00,10.69,2.02,10.87,3.58,1.53,4.27,8.26,19.73,56.67,8.21,5.49,4.39,21457.46,962.24,2595.59,3235.09,827.81,8622.92,455.43,8.38,8.71,920.66,92.90,319.01,111.74,1193.69,79.87,201.14,55.30,208.29,81.93,73.09,37.70,230.62,41.28,5293.07,490.64,4.84,0.62,67.02,6.50,11.55,2.83,0.00,0.00,12.64,2.39,14.68,4.84,2.04,5.69,9.22,22.03,61.05,8.85,6.23,4.98
17.40,17.4,24/11/2025 08:58:07,7.296,11.374,,15.5,932403.0,630747.0,985830.20,602.26,1554.88,1928.78,467.11,5329.56,257.78,67.40,48.33,362.90,37.56,399.51,105.78,908.39,58.07,167.22,38.04,102.80,45.83,68.43,28.97,171.83,30.73,3900.50,362.27,3.58,0.49,61.70,6.57,7.27,2.29,0.00,0.00,10.90,2.07,6.69,3.61,3.05,4.27,5.42,19.84,56.15,8.25,5.45,4.49,25433.33,998.71,2578.43,3644.36,882.59,11401.70,551.48,154.43,110.75,906.11,93.77,481.25,127.42,1271.02,81.25,279.01,63.47,183.52,81.82,100.01,42.34,246.89,44.16,5576.72,517.96,4.56,0.62,77.24,8.22,9.05,2.85,0.00,0.00,12.89,2.45,9.04,4.88,4.07,5.70,6.06,22.15,60.48,8.89,6.18,5.10
17.50,17.5,24/11/2025 08:58:07,7.347,10.515,,15.5,935622.0,634330.0,985801.55,710.93,1568.45,2119.82,488.07,5393.16,258.35,78.47,54.12,308.32,37.70,268.61,94.21,847.35,57.74,65.55,24.60,110.96,46.00,60.26,27.50,138.17,24.90,3919.54,364.20,3.98,0.51,63.27,6.88,8.36,2.30,0.00,0.00,10.55,2.05,6.97,3.62,3.52,4.29,20.76,19.79,54.92,8.20,4.99,4.49,25588.09,1178.92,2600.92,4005.32,922.19,11537.78,552.69,179.80,124.01,769.84,94.12,323.56,113.49,1185.62,80.78,109.36,41.04,198.08,82.12,88.08,40.19,198.53,35.78,5603.94,520.72,5.07,0.65,79.20,8.61,10.41,2.87,0.00,0.00,12.48,2.42,9.41,4.89,4.69,5.72,23.18,22.09,59.16,8.83,5.66,5.09
17.60,17.6,24/11/2025 08:58:07,7.471,10.448,1181243.870,15.5,935544.0,637206.0,986588.79,395.22,1579.42,1784.34,448.29,5055.89,247.90,114.31,72.18,384.63,37.53,353.65,102.36,927.18,58.69,145.46,36.00,101.70,45.92,64.43,28.24,125.17,22.74,3812.95,353.84,3.91,0.50,44.11,3.71,7.88,2.22,0.00,0.00,7.49,1.73,11.96,3.63,2.47,4.35,5.30,19.85,57.79,8.21,5.38,4.46,24111.09,655.38,2619.11,3371.45,847.03,10816.25,530.34,261.93,165.39,960.38,93.72,426.01,123.30,1297.32,82.12,242.69,60.06,181.56,81.97,94.16,41.28,179.85,32.67,5451.54,505.91,4.98,0.64,55.21,4.64,9.81,2.77,0.00,0.00,8.85,2.05,16.16,4.90,3.29,5.80,5.91,22.17,62.25,8.84,6.10,5.06
17.70,17.7,24/11/2025 08:58:07,7.364,8.990,,15.4,950351.0,647078.0,985856.55,559.84,1576.85,1991.63,479.26,5030.25,248.57,62.05,46.02,505.78,37.46,373.47,105.58,913.56,58.94,111.84,32.79,87.55,46.69,43.99,25.45,154.39,27.95,4127.13,384.59,3.82,0.50,70.45,8.27,10.78,2.32,0.00,0.00,8.57,1.89,9.06,3.72,2.52,4.44,14.06,20.26,57.39,8.47,5.30,4.56,25331.60,928.37,2614.85,3763.11,905.54,10761.39,531.79,142.18,105.45,1262.89,93.54,449.88,127.18,1278.27,82.47,186.61,54.72,156.30,83.34,64.29,37.19,221.84,40.15,5900.75,549.86,4.87,0.64,88.18,10.35,13.42,2.89,0.00,0.00,10.13,2.24,12.24,5.03,3.36,5.93,15.70,22.62,61.83,9.13,6.01,5.17
17.80,17.8,24/11/2025 08:58:07,7.321,10.048,,15.5,932745.0,638252.0,985422.44,460.03,1559.87,2374.44,521.70,5506.43,263.19,74.30,52.10,317.98,37.95,415.60,108.03,907.00,58.34,156.79,37.07,92.96,45.84,45.76,25.39,148.96,26.74,3923.39,364.47,3.57,0.49,57.96,5.88,9.42,2.33,0.04,0.18,6.51,1.66,4.25,3.65,2.69,4.40,6.92,19.91,59.20,8.31,3.36,4.50,26262.42,762.85,2586.70,4486.41,985.72,11780.10,563.06,170.25,119.39,793.97,94.75,500.63,130.14,1269.08,81.63,261.60,61.85,165.95,81.84,66.88,37.11,214.04,38.42,5609.45,521.10,4.54,0.63,72.55,7.36,11.72,2.90,0.05,0.24,7.70,1.97,5.74,4.93,3.59,5.87,7.73,22.23,63.77,8.95,3.82,5.10
17.90,17.9,24/11/2025 08:58:07,7.362,10.976,,15.4,946931.0,651050.0,985253.91,256.45,1585.79,2199.34,505.58,5591.29,267.81,93.68,63.04,426.09,38.18,438.51,111.44,1000.08,59.61,189.02,40.33,98.20,46.45,56.39,27.23,134.88,24.50,4091.90,380.93,3.78,0.49,74.08,9.01,8.39,2.29,0.00,0.00,4.79,1.42,3.10,3.75,2.51,4.51,4.28,20.16,63.87,8.57,5.47,4.61,26566.82,425.27,2629.67,4155.58,955.27,11961.65,572.94,214.65,144.45,1063.90,95.34,528.23,134.24,1399.32,83.41,315.38,67.30,175.31,82.92,82.41,39.80,193.80,35.20,5850.37,544.63,4.81,0.63,92.73,11.27,10.44,2.85,0.00,0.00,5.67,1.68,4.19,5.07,3.34,6.01,4.78,22.51,68.80,9.23,6.20,5.22
18.00,18.0,24/11/2025 08:58:07,7.436,12.830,,15.4,931943.0,644544.0,987730.67,478.06,1549.74,1627.54,426.57,4556.46,230.47,104.40,66.85,353.78,37.45,244.57,92.01,878.91,57.89,141.39,35.41,132.21,46.07,30.73,23.38,60.54,11.97,3492.76,322.85,4.10,0.50,67.35,7.81,8.88,2.26,0.00,0.00,4.45,1.37,7.49,3.57,1.85,4.33,10.05,19.72,60.31,8.14,3.51,4.43,22058.85,792.75,2569.89,3075.19,806.00,9747.79,493.06,239.23,153.18,883.35,93.52,294.61,110.84,1229.78,81.00,235.91,59.09,236.02,82.25,44.91,34.17,86.99,17.19,4993.75,461.59,5.21,0.64,84.30,9.77,11.06,2.82,0.00,0.00,5.26,1.62,10.11,4.83,2.46,5.77,11.22,22.02,64.96,8.77,3.98,5.03
18.10,18.1,24/11/2025 08:58:07,7.409,11.247,1181242.015,15.5,921559.0,640433.0,987870.62,338.31,1549.23,2022.63,475.49,4294.63,220.56,42.24,33.18,328.64,37.06,318.01,97.79,896.73,57.39,125.76,33.37,98.58,45.13,55.94,26.50,127.99,23.03,3324.71,306.40,3.85,0.48,62.57,6.87,8.71,2.13,0.00,0.00,4.22,1.35,4.27,3.52,2.10,4.27,8.34,19.52,56.83,8.13,4.31,4.37,21713.53,561.02,2569.05,3821.69,898.43,9187.65,471.86,96.79,76.03,820.59,92.53,383.07,117.80,1254.71,80.31,209.84,55.69,175.99,80.57,81.76,38.74,183.90,33.09,4753.49,438.08,4.90,0.62,78.33,8.59,10.85,2.65,0.00,0.00,4.98,1.60,5.76,4.75,2.80,5.69,9.32,21.79,61.22,8.75,4.89,4.96
18.20,18.2,24/11/2025 08:58:07,7.415,11.109,,15.5,924729.0,639170.0,988530.90,269.25,1601.34,1572.58,423.62,4213.82,218.12,56.29,41.58,409.84,36.71,186.59,84.47,925.33,57.45,150.29,36.16,77.71,44.92,62.12,27.61,68.08,13.15,3309.84,305.08,3.78,0.48,80.75,10.85,8.20,2.20,0.00,0.00,4.65,1.35,6.71,3.54,1.83,4.22,0.00,0.00,56.83,8.12,4.60,4.40,20614.27,446.49,2655.46,2971.32,800.42,9014.77,466.63,128.98,95.28,1023.34,91.65,224.77,101.76,1294.73,80.38,250.75,60.33,138.73,80.19,90.79,40.35,97.82,18.89,4732.23,436.19,4.81,0.61,101.08,13.59,10.21,2.74,0.00,0.00,5.50,1.60,9.06,4.78,2.45,5.63,0.00,0.00,61.22,8.74,5.22,4.99
18.30,18.3,24/11/2025 08:58:07,6.842,13.954,,15.5,922766.0,637465.0,988641.87,328.66,1565.30,1724.52,440.18,4039.07,212.69,119.16,74.52,394.18,37.01,210.32,87.09,889.34,57.03,79.09,27.03,108.02,45.43,52.15,25.99,84.05,15.80,3163.32,290.87,3.40,0.47,65.94,7.60,9.13,2.21,0.00,0.00,8.18,1.76,10.20,3.52,2.00,4.22,12.32,19.56,51.36,7.83,3.71,4.29,20441.51,545.00,2595.70,3258.42,831.71,8640.93,455.02,273.04,170.74,984.23,92.41,253.35,104.90,1244.37,79.80,131.96,45.10,192.83,81.09,76.22,37.99,120.76,22.70,4522.74,415.86,4.32,0.59,82.54,9.51,11.36,2.75,0.00,0.00,9.68,2.09,13.78,4.76,2.67,5.62,13.76,21.84,55.33,8.44,4.21,4.86
18.40,18.4,24/11/2025 08:58:07,7.239,10.846,,15.5,925013.0,638272.0,987930.52,428.47,1513.71,2023.67,473.70,4184.34,216.91,48.02,36.67,378.18,37.01,252.25,91.78,890.78,57.45,128.53,33.97,54.45,45.10,58.24,27.12,90.96,16.98,3371.44,311.01,4.09,0.50,62.06,6.78,8.10,2.18,0.00,0.00,6.49,1.59,5.37,3.51,1.55,4.26,9.31,19.77,58.66,8.16,4.52,4.32,21626.87,710.52,2510.16,3823.66,895.04,8951.70,464.03,110.02,84.03,944.28,92.40,303.86,110.56,1246.38,80.38,214.45,56.68,97.19,80.50,85.12,39.64,130.70,24.40,4820.29,444.67,5.20,0.63,77.69,8.49,10.08,2.71,0.00,0.00,7.68,1.88,7.25,4.74,2.07,5.68,10.39,22.07,63.19,8.79,5.13,4.90
18.50,18.5,24/11/2025 09:19:28,8.335,11.709,,15.5,934644.0,639922.0,987722.77,426.52,1550.22,1901.34,459.64,4299.20,221.88,33.93,28.55,345.43,37.67,375.55,104.13,916.79,58.09,159.91,37.39,108.92,45.86,71.45,29.39,87.69,16.48,3373.18,311.17,3.78,0.48,80.76,10.79,8.20,2.18,0.00,0.00,7.48,1.73,11.19,3.60,1.83,4.28,3.17,19.78,56.71,8.16,4.21,4.45,21899.02,707.29,2570.70,3592.51,868.48,9197.43,474.67,77.74,65.41,862.51,94.07,452.39,125.43,1282.78,81.29,266.81,62.38,194.44,81.87,104.43,42.96,126.00,23.69,4822.78,444.90,4.81,0.61,101.09,13.50,10.21,2.71,0.00,0.00,8.85,2.04,15.12,4.86,2.43,5.71,3.54,22.09,61.09,8.79,4.78,5.04
18.60,18.6,24/11/2025 09:19:48,5.802,9.720,1181244.201,15.5,926079.0,634089.0,988078.26,415.83,1575.16,1870.58,459.47,4185.14,217.60,83.17,56.23,370.24,37.13,343.53,100.48,902.66,57.64,130.48,34.36,59.43,45.16,47.51,25.47,118.83,21.63,3236.92,297.96,4.37,0.51,64.98,7.36,10.03,2.19,0.00,0.00,7.25,1.68,9.87,3.55,1.20,4.19,0.00,0.00,56.00,8.01,3.72,4.32,21348.60,689.55,2612.05,3534.40,868.15,8953.42,465.52,190.56,128.84,924.46,92.70,413.81,121.04,1263.01,80.66,217.70,57.33,106.10,80.62,69.43,37.23,170.74,31.08,4627.97,426.01,5.56,0.64,81.34,9.22,12.48,2.73,0.00,0.00,8.57,1.99,13.34,4.79,1.59,5.59,0.00,0.00,60.33,8.63,4.22,4.90
18.70,18.7,24/11/2025 09:20:08,6.794,9.126,,15.5,928485.0,634540.0,987557.34,287.93,1541.68,2142.82,491.53,4524.26,229.15,81.56,55.41,279.36,37.61,311.23,97.73,902.36,57.65,165.89,37.83,112.09,45.60,63.24,27.86,139.11,25.00,3301.89,304.17,3.52,0.47,26.18,1.64,9.27,2.19,0.00,0.00,9.90,1.92,7.27,3.53,2.68,4.24,4.06,19.67,61.90,8.21,6.14,4.34,22369.18,477.46,2556.54,4048.79,928.72,9678.90,490.22,186.88,126.97,697.54,93.90,374.90,117.73,1262.59,80.67,276.78,63.12,200.10,81.40,92.43,40.72,199.88,35.92,4720.86,434.88,4.48,0.60,32.77,2.05,11.54,2.73,0.00,0.00,11.71,2.27,9.82,4.77,3.58,5.65,4.54,21.96,66.68,8.85,6.96,4.93
18.80,18.8,24/11/2025 09:20:27,8.263,8.861,,15.5,938100.0,638436.0,986047.47,484.70,1564.73,2350.23,519.48,5153.64,250.66,152.55,91.69,317.48,38.14,406.39,107.47,1019.96,59.54,170.16,38.34,82.57,46.01,69.35,29.31,138.70,25.07,3451.55,318.63,3.44,0.47,41.59,3.37,8.24,2.24,0.00,0.00,10.85,2.06,7.28,3.57,4.68,4.36,14.36,20.05,60.02,8.33,4.79,4.44,25177.25,803.76,2594.75,4440.68,981.54,11025.35,536.24,349.55,210.09,792.71,95.24,489.54,129.46,1427.13,83.31,283.91,63.97,147.41,82.14,101.35,42.83,199.30,36.02,4934.83,455.56,4.38,0.60,52.06,4.22,10.26,2.79,0.00,0.00,12.83,2.43,9.83,4.83,6.24,5.81,16.03,22.38,64.66,8.97,5.44,5.03
18.90,18.9,24/11/2025 09:20:47,8.748,7.341,,15.5,937577.0,640303.0,987903.87,447.81,1622.53,1678.16,439.54,4411.83,226.81,132.04,81.72,337.79,37.92,287.07,95.97,948.09,58.51,145.16,35.85,112.70,45.93,62.80,27.94,169.00,30.27,3218.50,296.20,3.88,0.49,36.42,2.74,9.80,2.22,0.00,0.00,6.18,1.56,9.60,3.60,4.14,4.28,12.80,19.81,58.09,8.16,4.29,4.43,21720.02,742.59,2690.59,3170.82,830.49,9438.38,485.23,302.56,187.24,843.42,94.69,345.81,115.60,1326.58,81.87,242.20,59.82,201.19,82.00,91.78,40.83,242.82,43.50,4601.63,423.49,4.94,0.62,45.59,3.43,12.19,2.76,0.00,0.00,7.30,1.85,12.97,4.86,5.53,5.70,14.29,22.11,62.57,8.79,4.86,5.02
19.00,19.0,24/11/2025 09:21:17,9.178,6.611,,15.5,939617.0,641667.0,987115.04,119.21,1622.58,2008.79,482.40,4741.83,238.21,124.96,78.35,343.29,37.88,422.56,109.18,907.17,58.27,171.37,38.65,113.13,46.28,72.98,29.83,146.87,26.46,3554.12,328.70,3.71,0.49,56.92,5.76,8.47,2.23,0.00,0.00,9.25,1.92,8.52,3.63,0.99,4.32,0.00,0.00,64.35,8.23,6.49,4.48,23133.41,197.68,2690.68,3795.53,911.47,10144.36,509.60,286.33,179.54,857.17,94.59,509.02,131.52,1269.31,81.54,285.93,64.49,201.96,82.62,106.66,43.60,211.03,38.02,5081.47,469.95,4.72,0.62,71.25,7.22,10.55,2.77,0.00,0.00,10.94,2.27,11.51,4.91,1.31,5.76,0.00,0.00,69.32,8.87,7.36,5.08
19.10,19.1,24/11/2025 09:21:37,8.427,13.885,1181243.078,15.5,928495.0,636613.0,986954.80,273.93,1550.97,1804.31,451.46,5027.43,246.89,50.48,38.47,376.27,37.17,455.07,111.23,961.39,58.46,198.10,40.20,119.94,45.68,74.95,30.05,153.96,27.55,3398.17,313.40,3.69,0.48,43.47,3.64,7.62,2.24,0.00,0.00,8.29,1.82,9.40,3.59,2.70,4.31,13.05,19.69,58.71,8.12,4.25,4.46,23478.61,454.26,2571.94,3409.18,853.01,10755.36,528.18,115.68,88.16,939.52,92.80,548.18,133.98,1345.18,81.80,330.53,67.08,214.12,81.55,109.55,43.92,221.22,39.58,4858.51,448.08,4.70,0.62,54.41,4.56,9.49,2.78,0.00,0.00,9.81,2.15,12.70,4.85,3.59,5.74,14.57,21.98,63.25,8.75,4.82,5.06
19.20,19.2,24/11/2025 09:21:57,8.467,6.546,,15.5,931893.0,639348.0,987001.27,258.39,1681.13,1948.40,475.14,5000.74,245.99,107.61,69.08,344.92,37.70,433.66,109.62,972.88,58.70,158.46,37.25,94.50,45.88,48.98,25.83,173.47,31.03,3290.06,302.97,4.11,0.50,63.56,7.02,8.31,2.17,0.00,0.00,9.46,1.93,9.03,3.57,2.47,4.29,9.07,19.91,56.91,8.11,3.74,4.38,23454.98,428.48,2787.78,3681.44,897.76,10698.25,526.26,246.57,158.29,861.24,94.12,522.39,132.05,1361.27,82.13,264.38,62.15,168.70,81.90,71.58,37.75,249.25,44.58,4703.95,433.16,5.22,0.63,79.56,8.79,10.34,2.71,0.00,0.00,11.18,2.28,12.19,4.82,3.30,5.72,10.13,22.23,61.30,8.73,4.25,4.97
19.30,19.3,24/11/2025 09:22:17,8.226,6.743,,15.4,936268.0,644645.0,986104.00,632.87,1564.07,2046.21,481.47,5131.08,250.50,140.80,85.90,391.73,37.50,397.15,106.72,982.40,59.17,196.47,40.75,55.07,45.76,52.67,26.55,167.46,30.02,3538.77,327.06,3.60,0.49,63.04,6.87,9.60,2.25,0.00,0.00,8.40,1.83,5.91,3.65,2.45,4.36,4.88,20.09,60.05,8.34,5.37,4.44,25042.66,1049.48,2593.66,3866.24,909.72,10977.10,535.90,322.63,196.83,978.11,93.65,478.41,128.55,1374.58,82.79,327.82,67.99,98.31,81.68,76.98,38.81,240.62,43.13,5059.54,467.61,4.58,0.62,78.91,8.60,11.95,2.80,0.00,0.00,9.94,2.17,7.99,4.93,3.27,5.82,5.44,22.43,64.69,8.98,6.09,5.03
19.40,19.4,24/11/2025 09:22:37,8.398,6.807,,15.5,930071.0,642908.0,986495.38,312.99,1599.27,2017.97,482.25,5212.98,253.55,73.37,51.41,399.56,37.28,468.84,112.86,881.90,57.82,193.32,40.14,115.65,45.95,58.28,27.20,160.82,28.72,3443.24,317.76,3.98,0.50,68.54,7.99,9.19,2.26,0.00,0.00,5.79,1.50,6.48,3.59,2.07,4.37,7.32,19.83,56.60,8.19,5.74,4.42,24413.25,519.02,2652.04,3812.89,911.20,11152.31,542.43,168.13,117.79,997.66,93.09,564.76,135.95,1233.96,80.90,322.55,66.97,206.46,82.03,85.17,39.76,231.08,41.27,4922.95,454.32,5.07,0.63,85.80,10.00,11.44,2.82,0.00,0.00,6.84,1.77,8.75,4.85,2.76,5.82,8.17,22.14,60.97,8.82,6.51,5.01
19.50,19.5,24/11/2025 09:23:07,8.331,6.013,,15.4,938382.0,647568.0,986102.42,323.93,1526.25,2224.07,504.17,5244.96,254.59,5.37,52.38,357.98,38.06,460.98,112.15,1035.06,59.41,189.17,39.88,104.67,46.20,65.38,28.55,201.40,36.13,3518.79,325.16,3.76,0.50,63.57,6.97,6.66,2.22,0.00,0.00,6.87,1.68,6.54,3.65,2.12,4.42,10.88,20.00,60.82,8.36,4.62,4.49,24983.60,537.16,2530.95,4202.30,952.62,11220.72,544.66,12.30,120.03,893.84,95.04,555.30,135.09,1448.27,83.13,315.63,66.55,186.85,82.48,95.56,41.73,289.38,51.91,5030.97,464.89,4.79,0.64,79.57,8.72,8.29,2.76,0.00,0.00,8.12,1.99,8.83,4.93,2.82,5.89,12.14,22.33,65.51,9.01,5.24,5.09
19.60,19.6,24/11/2025 09:23:27,8.370,9.588,1181242.681,15.3,950182.0,659208.0,985933.73,382.17,1575.43,2030.27,482.74,5184.55,253.87,3.39,3.61,461.22,37.84,463.13,113.83,1061.48,60.42,224.87,43.35,90.84,46.58,52.60,26.72,187.48,33.81,3739.18,346.69,4.15,0.52,81.07,10.67,7.29,2.24,0.07,0.18,9.75,2.00,9.82,3.71,3.22,4.50,5.22,20.29,60.81,8.29,3.69,4.55,25214.07,633.74,2612.50,3836.12,912.11,11091.48,543.12,7.76,8.27,1151.62,94.49,557.88,137.12,1485.24,84.54,375.19,72.33,162.17,83.15,76.88,39.05,269.38,48.58,5346.07,495.68,5.29,0.66,101.48,13.36,9.08,2.79,0.09,0.24,11.53,2.37,13.26,5.01,4.29,6.00,5.83,22.66,65.50,8.93,4.19,5.16
19.70,19.7,24/11/2025 09:23:46,8.369,7.467,,15.4,946946.0,655903.0,986556.59,230.05,1569.97,2212.11,506.35,4975.25,245.73,119.71,75.58,433.02,38.02,358.71,103.65,997.95,59.70,177.62,39.80,62.80,46.33,66.24,28.86,123.63,22.67,3520.55,325.48,3.91,0.50,82.59,11.14,7.08,2.23,0.00,0.00,6.71,1.64,6.44,3.67,1.75,4.46,0.00,0.00,54.52,8.22,2.76,4.41,24303.28,381.49,2603.44,4179.71,956.72,10643.73,525.70,274.30,173.18,1081.21,94.94,432.11,124.86,1396.34,83.53,296.35,66.41,112.12,82.70,96.81,42.19,177.64,32.58,5033.48,465.36,4.98,0.64,103.39,13.95,8.82,2.78,0.00,0.00,7.93,1.94,8.70,4.96,2.34,5.94,0.00,0.00,58.73,8.86,3.13,5.01
19.80,19.8,24/11/2025 09:24:06,8.381,6.940,,15.4,947186.0,653362.0,987211.54,330.06,1639.94,2142.21,500.53,4733.21,237.94,32.76,53.24,398.32,38.20,286.13,97.34,1004.06,59.64,223.22,43.17,81.21,46.11,38.09,24.62,103.84,19.38,3260.05,300.27,4.04,0.50,62.56,6.86,7.46,2.23,0.00,0.00,8.33,1.80,6.16,3.61,2.34,4.40,0.00,0.00,60.93,8.35,3.50,4.32,23106.99,547.33,2719.47,4047.62,945.73,10125.91,509.03,75.06,121.99,994.57,95.37,344.67,117.26,1404.88,83.44,372.44,72.02,144.97,82.31,55.67,35.98,149.21,27.85,4661.04,429.32,5.14,0.63,78.31,8.59,9.28,2.78,0.00,0.00,9.85,2.13,8.32,4.88,3.12,5.86,0.00,0.00,65.63,9.00,3.97,4.90
19.90,19.9,24/11/2025 09:24:26,8.610,6.543,,15.3,959557.0,656256.0,985588.15,499.12,1655.54,2516.77,552.93,5333.42,259.69,196.75,116.69,362.17,39.35,361.05,105.46,1033.67,60.65,143.63,36.59,116.84,47.31,65.68,28.92,157.79,28.63,3491.72,322.69,3.90,0.50,22.22,1.29,8.50,2.23,0.00,0.00,7.09,1.65,6.31,3.66,2.68,4.48,16.95,20.38,60.83,8.41,4.77,4.31,26146.26,827.67,2745.34,4755.34,1044.73,11409.98,555.57,450.82,267.37,904.31,98.24,434.92,127.03,1446.31,84.86,239.65,61.06,208.58,84.46,95.99,42.27,226.71,41.14,4992.26,461.37,4.96,0.64,27.81,1.61,10.58,2.78,0.00,0.00,8.38,1.96,8.52,4.95,3.58,5.98,18.92,22.75,65.53,9.06,5.42,4.89
20.00,20.0,24/11/2025 09:24:56,8.708,8.597,,15.3,961184.0,658545.0,986091.28,378.01,1648.77,2459.89,546.41,5102.10,253.14,52.22,40.91,431.57,38.99,387.29,107.73,997.19,60.40,172.87,39.72,104.83,47.26,58.63,27.78,161.59,29.30,3454.65,319.14,4.30,0.52,57.10,5.79,10.19,2.27,0.00,0.00,5.79,1.55,4.32,3.65,2.93,4.52,1.11,20.46,57.24,8.33,4.91,4.43,25156.26,626.84,2734.11,4647.87,1032.43,10915.11,541.56,119.65,93.75,1077.60,97.36,466.53,129.77,1395.27,84.51,288.44,66.26,187.15,84.36,85.69,40.61,232.18,42.10,4939.27,456.28,5.47,0.66,71.47,7.24,12.68,2.82,0.00,0.00,6.84,1.83,5.84,4.93,3.90,6.03,1.24,22.85,61.66,8.98,5.57,5.02
20.10,20.1,24/11/2025 09:25:16,9.247,6.945,1181242.349,15.3,965069.0,663545.0,985742.20,394.31,1622.10,2504.32,546.69,5194.40,255.25,124.06,78.88,350.57,39.32,469.72,115.56,1023.89,60.68,170.25,39.61,116.59,47.64,70.60,29.86,135.70,24.92,3555.35,328.94,4.81,0.54,49.81,4.56,7.46,2.23,0.00,0.00,9.66,2.01,5.99,3.71,1.71,4.51,3.97,20.53,60.84,8.40,3.78,4.46,25703.75,653.87,2689.89,4731.82,1032.96,11112.57,546.06,284.27,180.74,875.34,98.18,565.83,139.20,1432.63,84.90,284.06,66.10,208.14,85.05,103.19,43.64,194.98,35.81,5083.23,470.30,6.12,0.69,62.35,5.71,9.28,2.78,0.00,0.00,11.43,2.38,8.09,5.02,2.28,6.01,4.43,22.92,65.54,9.05,4.29,5.06
20.20,20.2,24/11/2025 09:25:36,8.841,6.940,,15.3,969209.0,660545.0,985116.10,659.72,1643.89,2665.29,571.18,5487.19,265.73,80.95,57.31,549.92,39.11,343.73,106.86,1032.06,61.26,195.76,41.57,109.30,47.56,59.68,28.16,83.44,16.22,3483.32,321.95,3.96,0.51,28.04,1.81,7.84,2.27,0.00,0.00,16.42,2.46,5.92,3.67,2.05,4.51,6.08,20.59,58.86,8.37,4.38,4.38,27149.92,1094.00,2726.02,5035.96,1079.22,11738.93,568.48,185.48,131.33,1373.10,97.65,414.06,128.73,1444.06,85.72,326.62,69.36,195.13,84.90,87.23,41.16,119.89,23.30,4980.25,460.30,5.04,0.64,35.10,2.27,9.76,2.83,0.00,0.00,19.42,2.91,7.99,4.96,2.73,6.01,6.79,22.99,63.40,9.02,4.97,4.97
20.30,20.3,24/11/2025 09:25:56,9.268,9.193,,15.3,968612.0,659063.0,986652.36,297.38,1705.87,2135.94,508.36,5165.38,254.97,206.39,122.64,382.96,39.50,304.46,102.58,990.77,60.39,86.17,29.35,82.79,47.12,54.08,27.07,144.46,26.42,3364.02,310.47,4.41,0.51,13.92,0.70,9.35,2.14,0.00,0.00,15.91,2.46,8.00,3.65,1.50,4.42,9.34,20.46,65.31,8.47,5.12,4.52,24302.28,493.14,2828.80,4035.77,960.52,11050.49,545.47,472.90,281.01,956.21,98.63,366.75,123.57,1386.29,84.50,143.77,48.96,147.79,84.12,79.05,39.56,207.56,37.97,4809.69,443.89,5.61,0.65,17.42,0.88,11.63,2.66,0.00,0.00,18.82,2.91,10.81,4.93,2.00,5.90,10.43,22.84,70.35,9.13,5.81,5.13
20.40,20.4,24/11/2025 09:26:15,9.483,6.615,,15.3,962623.0,657440.0,986185.00,350.89,1660.09,2445.40,545.44,5460.30,264.72,104.34,69.08,377.37,39.46,355.18,106.16,1065.69,60.90,150.64,37.50,90.18,47.02,73.55,30.31,118.24,21.92,3085.85,283.47,4.27,0.51,41.23,3.35,8.64,2.22,0.00,0.00,14.66,2.34,7.44,3.62,0.59,4.37,0.00,0.00,54.03,8.10,6.51,4.47,25247.33,581.88,2752.89,4620.48,1030.58,11681.40,566.33,239.08,158.29,942.25,98.53,427.85,127.88,1491.12,85.22,251.35,62.58,160.99,83.94,107.50,44.30,169.89,31.50,4411.98,405.29,5.43,0.65,51.61,4.20,10.76,2.76,0.00,0.00,17.34,2.77,10.05,4.89,0.78,5.82,0.00,0.00,58.20,8.73,7.38,5.07
20.50,20.5,24/11/2025 09:26:46,10.145,7.407,,15.3,958269.0,656206.0,987035.98,490.05,1689.17,2485.53,549.00,4875.10,243.91,132.08,83.15,404.39,39.16,193.21,91.13,956.38,59.83,116.01,33.27,69.65,46.52,75.93,30.65,79.34,15.32,2966.00,271.99,4.03,0.50,16.36,0.87,6.44,2.23,0.00,0.00,12.13,2.14,8.95,3.60,2.12,4.36,8.99,20.29,57.78,8.15,3.55,4.32,23744.39,812.63,2801.12,4696.31,1037.31,10429.48,521.80,302.65,190.54,1009.71,97.78,232.74,109.78,1338.18,83.72,193.57,55.52,124.33,83.05,110.97,44.79,114.00,22.01,4240.62,388.87,5.12,0.63,20.48,1.09,8.02,2.78,0.00,0.00,14.34,2.53,12.09,4.86,2.83,5.81,10.04,22.66,62.25,8.78,4.02,4.90
20.60,20.6,24/11/2025 09:27:05,9.795,7.010,1181241.487,15.3,956766.0,654285.0,987215.38,253.15,1680.68,2441.63,543.61,4892.51,244.94,88.27,60.84,414.36,38.96,274.41,99.30,889.50,59.03,86.57,28.88,130.95,47.03,72.87,29.95,93.14,17.60,3023.65,277.49,4.03,0.50,19.54,1.09,8.26,2.20,0.00,0.00,11.15,2.08,5.90,3.57,1.86,4.34,9.99,20.10,56.62,8.02,6.24,4.43,23396.24,419.79,2787.02,4613.37,1027.13,10466.71,524.01,202.25,139.40,1034.61,97.28,330.55,119.62,1244.60,82.59,144.44,48.19,233.78,83.96,106.51,43.78,133.83,25.29,4323.05,396.74,5.13,0.63,24.46,1.37,10.28,2.74,0.00,0.00,13.18,2.46,7.98,4.82,2.48,5.78,11.16,22.44,61.00,8.64,7.08,5.02
20.70,20.7,24/11/2025 09:27:25,10.203,7.478,,15.4,955136.0,648045.0,987515.42,499.69,1655.75,2400.42,535.93,4732.72,238.46,109.65,71.23,422.42,38.82,141.54,84.38,856.08,58.55,19.95,15.00,100.15,46.28,62.93,28.12,74.68,14.46,2855.18,261.26,3.97,0.49,19.78,1.11,8.34,2.20,0.00,0.00,14.32,2.29,6.95,3.50,2.26,4.24,95.49,62.05,53.34,7.89,4.72,4.29,22895.81,828.63,2745.69,4535.50,1012.63,10124.88,510.14,251.25,163.21,1054.74,96.94,170.50,101.65,1197.83,81.92,33.28,25.03,178.79,82.62,91.97,41.10,107.30,20.77,4082.18,373.53,5.05,0.63,24.76,1.39,10.38,2.74,0.00,0.00,16.94,2.71,9.39,4.73,3.01,5.65,106.61,69.28,57.46,8.50,5.35,4.87
20.80,20.8,24/11/2025 09:27:45,10.879,9.196,,15.4,955296.0,646609.0,987327.20,324.37,1684.92,2471.86,551.10,4927.74,246.83,51.42,41.14,358.66,39.42,265.75,98.57,872.74,58.44,78.68,27.30,127.63,46.61,73.26,29.88,85.82,16.28,2878.61,263.46,3.75,0.48,36.06,2.72,6.98,2.14,0.00,0.00,11.75,2.10,10.48,3.55,1.91,4.24,23.49,19.95,56.92,8.05,4.93,4.32,23192.60,537.89,2794.06,4670.49,1041.29,10542.08,528.06,117.82,94.27,895.54,98.42,320.12,118.74,1221.14,81.78,131.28,45.55,227.84,83.22,107.07,43.68,123.32,23.39,4115.68,376.68,4.77,0.61,45.14,3.40,8.69,2.66,0.00,0.00,13.90,2.48,14.16,4.79,2.54,5.65,26.23,22.27,61.31,8.67,5.60,4.91
20.90,20.9,24/11/2025 09:28:05,10.547,7.543,,15.4,955418.0,647198.0,987185.54,525.34,1682.79,2438.84,543.34,4906.98,245.26,17.21,16.64,366.78,39.36,218.67,94.16,910.32,58.88,112.78,32.42,139.36,46.80,63.46,28.21,108.05,20.07,2874.02,263.02,4.17,0.50,15.83,0.83,7.51,2.21,0.00,0.00,15.43,2.37,8.81,3.53,0.66,4.26,15.27,19.97,58.32,8.03,6.63,4.35,23416.32,871.17,2790.53,4608.09,1026.63,10497.68,524.70,39.44,38.14,915.82,98.27,263.41,113.43,1273.72,82.39,188.17,54.10,248.78,83.54,92.76,41.22,155.26,28.84,4109.12,376.05,5.30,0.63,19.82,1.04,9.34,2.74,0.00,0.00,18.25,2.80,11.90,4.77,0.88,5.68,17.05,22.30,62.82,8.65,7.52,4.93
21.00,21.0,24/11/2025 09:28:35,10.428,7.143,,15.4,952243.0,641593.0,987626.93,336.20,1605.35,2399.33,533.96,4732.89,238.42,164.59,99.27,389.08,39.12,229.64,95.19,930.98,59.25,132.04,34.83,137.02,46.83,76.97,30.66,23.97,5.25,2683.47,244.72,4.18,0.50,27.83,1.82,6.87,2.13,0.00,0.00,12.89,2.19,7.89,3.47,3.52,4.20,7.97,20.01,60.94,8.17,4.80,4.32,22751.90,557.52,2662.11,4533.44,1008.89,10125.25,510.07,377.14,227.46,971.48,97.69,276.62,114.67,1302.63,82.90,220.31,58.12,244.61,83.60,112.50,44.82,34.44,7.55,3836.67,349.89,5.31,0.64,34.84,2.28,8.55,2.65,0.00,0.00,15.25,2.59,10.66,4.69,4.69,5.60,8.89,22.34,65.64,8.80,5.44,4.90
21.10,21.1,24/11/2025 09:28:55,10.751,5.551,1181243.408,15.5,942468.0,635256.0,987276.36,386.33,1638.06,2601.84,562.36,5223.75,255.33,57.87,44.33,348.54,38.86,284.73,99.76,911.35,58.43,66.82,25.17,102.63,46.27,66.79,28.71,8.26,1.90,2518.74,228.80,3.96,0.48,35.98,2.72,6.51,2.06,0.00,0.00,17.13,2.41,7.92,3.43,2.45,4.13,11.28,19.94,53.44,7.79,7.31,4.32,23529.31,640.64,2716.36,4916.08,1062.56,11175.35,546.24,132.61,101.58,870.26,97.03,342.99,120.17,1275.17,81.75,111.49,42.00,183.22,82.59,97.62,41.96,11.87,2.73,3601.16,327.12,5.04,0.61,45.04,3.40,8.10,2.57,0.00,0.00,20.26,2.85,10.69,4.63,3.27,5.51,12.60,22.26,57.57,8.39,8.29,4.90
21.20,21.2,24/11/2025 09:29:15,11.153,6.214,,15.5,942445.0,632669.0,986156.79,657.94,1716.32,2538.17,557.45,6048.76,283.14,89.98,61.60,361.44,39.00,234.32,95.38,884.71,58.68,37.57,17.63,126.58,46.63,79.35,31.06,32.85,6.95,2591.08,235.63,4.15,0.49,35.41,2.64,7.71,2.17,0.02,0.18,15.71,2.35,9.86,3.49,2.18,4.10,21.05,19.94,59.53,8.06,4.84,4.20,25799.52,1091.04,2846.14,4795.78,1053.28,12940.32,605.73,206.18,141.14,902.48,97.38,282.26,114.90,1237.90,82.10,62.68,29.42,225.97,83.24,115.97,45.39,47.21,9.98,3704.58,336.89,5.28,0.63,44.33,3.30,9.59,2.70,0.02,0.23,18.58,2.78,13.32,4.71,2.90,5.47,23.50,22.26,64.13,8.69,5.49,4.77
21.30,21.3,24/11/2025 09:29:35,11.402,5.685,,15.5,941146.0,633434.0,986201.28,338.38,1674.52,2637.36,568.87,6106.38,285.09,48.26,38.83,362.82,38.84,307.46,101.64,924.20,58.43,67.73,25.12,130.21,46.51,66.46,28.61,114.22,20.85,2536.12,230.27,3.67,0.47,48.84,4.50,9.40,2.19,0.00,0.00,11.59,2.08,6.98,3.47,1.52,4.19,14.80,19.86,55.10,8.03,7.21,4.40,25707.39,561.13,2776.82,4983.20,1074.85,13063.60,609.90,110.59,88.97,905.92,96.99,370.37,122.44,1293.14,81.75,113.01,41.92,232.45,83.02,97.13,41.82,164.12,29.96,3626.00,329.23,4.67,0.60,61.14,5.64,11.70,2.73,0.00,0.00,13.71,2.46,9.43,4.69,2.02,5.59,16.52,22.18,59.36,8.65,8.18,4.99
21.40,21.4,24/11/2025 09:29:55,11.026,4.893,,15.5,938083.0,634598.0,987720.77,309.67,1586.82,2132.05,500.53,5403.00,261.52,136.28,85.45,426.08,38.54,195.13,90.28,800.40,56.92,94.01,29.69,84.04,45.68,69.30,29.09,47.28,9.59,2443.99,221.64,4.00,0.48,41.37,3.43,7.77,2.10,0.00,0.00,7.78,1.70,3.64,3.38,1.55,4.13,10.19,19.84,55.96,7.93,5.75,4.28,22963.18,513.52,2631.38,4028.42,945.73,11558.82,559.48,312.26,195.80,1063.88,96.22,235.06,108.76,1119.93,79.64,156.86,49.53,150.02,81.55,101.28,42.52,67.93,13.78,3494.28,316.89,5.09,0.61,51.79,4.30,9.67,2.61,0.00,0.00,9.20,2.02,4.92,4.57,2.07,5.51,11.38,22.15,60.28,8.55,6.52,4.86
21.50,21.5,24/11/2025 09:30:25,9.878,6.146,,15.5,929936.0,631640.0,986483.56,337.60,1611.60,2790.37,584.76,5879.92,276.60,84.25,58.35,321.38,38.74,234.65,94.17,826.32,57.20,119.86,32.73,127.88,45.90,76.43,30.28,72.39,13.84,2490.14,225.86,3.69,0.47,49.16,4.57,6.70,2.10,0.00,0.00,7.37,1.68,8.68,3.47,2.37,4.11,16.17,19.65,56.83,8.04,4.27,4.23,25232.17,559.83,2672.47,5272.29,1104.88,12579.13,591.75,193.04,133.71,802.46,96.74,282.66,113.44,1156.19,80.04,199.99,54.62,228.29,81.95,111.70,44.26,104.02,19.89,3560.26,322.92,4.70,0.60,61.54,5.72,8.34,2.62,0.00,0.00,8.72,1.98,11.73,4.69,3.16,5.48,18.06,21.94,61.22,8.66,4.85,4.80
21.60,21.6,24/11/2025 09:30:45,10.659,6.744,1181243.473,15.6,916642.0,626816.0,988439.02,195.32,1530.52,2386.24,528.20,5014.64,246.70,55.46,42.34,402.53,37.58,165.40,84.81,811.85,56.09,28.07,14.55,124.22,45.11,78.54,30.44,28.57,6.01,2084.57,187.28,3.68,0.46,69.14,8.46,7.15,2.06,0.00,0.00,11.14,2.00,6.71,3.34,2.71,3.97,21.00,19.29,58.76,7.91,5.27,4.20,21651.51,323.89,2538.03,4508.72,998.02,10728.00,527.78,127.09,97.02,1005.08,93.83,199.25,102.16,1135.95,78.49,46.84,24.27,221.75,80.52,114.79,44.49,41.05,8.64,2980.40,267.76,4.68,0.59,86.55,10.58,8.90,2.56,0.00,0.00,13.18,2.37,9.07,4.51,3.61,5.30,23.44,21.54,63.30,8.52,5.98,4.77
21.70,21.7,24/11/2025 09:31:05,10.701,5.754,,15.6,915818.0,626711.0,989104.78,807.00,1604.99,2102.18,492.84,4390.23,225.11,10.65,10.63,351.37,37.51,183.75,86.80,777.98,55.55,50.73,20.78,109.12,44.82,70.65,28.80,27.80,5.83,1874.80,167.58,3.49,0.45,34.33,2.57,7.79,2.07,0.00,0.00,8.25,1.74,9.12,3.34,1.97,3.94,13.52,19.23,55.11,7.62,5.38,4.05,20179.53,1338.23,2661.51,3971.99,931.20,9392.17,481.59,24.39,24.36,877.34,93.67,221.34,104.56,1088.56,77.72,84.64,34.67,194.79,80.01,103.26,42.09,39.94,8.38,2680.48,239.60,4.45,0.57,42.97,3.21,9.70,2.58,0.00,0.00,9.76,2.06,12.32,4.51,2.63,5.25,15.10,21.48,59.37,8.21,6.11,4.60
21.80,21.8,24/11/2025 09:31:25,10.930,5.819,,15.6,916043.0,627765.0,990119.78,312.25,1655.27,2086.01,495.79,4079.66,215.27,45.11,36.18,322.06,37.76,102.79,73.15,686.23,54.32,22.64,14.45,85.53,44.35,79.79,30.56,76.22,20.87,1822.44,162.75,3.95,0.47,54.76,5.68,9.61,2.12,0.00,0.00,7.74,1.69,7.90,3.31,1.33,3.92,20.79,19.20,49.79,7.52,3.64,4.05,18388.81,517.80,2744.89,3941.44,936.78,8727.77,460.54,103.36,82.90,804.14,94.28,123.82,88.11,960.17,76.01,37.77,24.11,152.68,79.17,116.62,44.66,109.51,29.99,2605.62,232.69,5.03,0.60,68.55,7.11,11.96,2.64,0.00,0.00,9.15,1.99,10.67,4.47,1.77,5.23,23.21,21.44,53.63,8.11,4.13,4.60
21.90,21.9,24/11/2025 09:31:44,10.757,6.215,,15.6,916670.0,628793.0,989116.25,336.33,1628.04,2497.79,543.39,4390.66,224.66,103.28,67.33,260.58,38.08,157.24,83.46,833.25,56.08,25.73,14.56,107.28,44.83,71.16,28.99,2.02,0.47,1964.57,176.02,3.84,0.47,21.86,1.29,7.50,2.11,0.00,0.00,11.44,2.03,7.29,3.28,3.06,3.96,16.37,19.27,58.49,7.85,4.01,4.14,20217.96,557.72,2699.74,4719.48,1026.72,9393.10,480.63,236.65,154.28,650.65,95.08,189.41,100.54,1165.89,78.47,42.92,24.29,191.52,80.03,104.01,42.37,2.90,0.67,2808.84,251.66,4.88,0.60,27.37,1.62,9.33,2.63,0.00,0.00,13.53,2.40,9.85,4.43,4.07,5.29,18.28,21.52,63.01,8.45,4.55,4.69
22.00,22.0,24/11/2025 09:32:15,9.520,5.221,,15.5,935822.0,636619.0,989458.39,434.53,1643.92,2096.14,496.77,4134.06,218.46,116.92,75.35,324.96,38.26,123.78,79.12,811.99,56.76,41.91,18.82,126.50,45.86,65.31,28.17,14.10,3.17,2112.59,190.30,3.46,0.45,26.39,1.70,6.36,2.00,0.00,0.00,13.23,2.18,7.89,3.36,1.89,4.07,20.46,19.61,54.66,7.64,4.47,4.18,19482.74,720.57,2726.07,3960.57,938.64,8844.14,467.36,267.90,172.65,811.38,95.52,149.11,95.30,1136.14,79.42,69.93,31.41,225.83,81.87,95.46,41.17,20.26,4.55,3020.47,272.07,4.40,0.58,33.04,2.13,7.92,2.49,0.00,0.00,15.64,2.57,10.65,4.54,2.52,5.42,22.85,21.90,58.88,8.23,5.07,4.74
22.10,22.1,24/11/2025 09:32:35,11.383,6.943,1181242.149,15.4,944058.0,643936.0,989379.54,285.03,1661.13,2230.28,513.06,3830.88,206.79,47.36,54.20,422.72,38.18,168.78,87.44,848.91,57.90,99.89,30.77,99.58,45.82,64.40,28.15,111.97,20.58,2263.07,204.56,4.04,0.48,46.72,4.26,7.54,2.09,0.03,0.17,13.02,2.21,5.50,3.39,2.21,4.18,7.25,19.80,57.19,7.86,4.08,4.30,19445.58,472.66,2754.61,4214.03,969.41,8195.53,442.39,108.53,124.19,1055.50,95.33,203.31,105.33,1187.80,81.01,166.67,51.35,177.78,81.80,94.12,41.15,160.88,29.57,3235.62,292.47,5.14,0.62,58.48,5.33,9.38,2.61,0.05,0.23,15.40,2.61,7.43,4.57,2.95,5.58,8.09,22.11,61.61,8.46,4.63,4.88
22.20,22.2,24/11/2025 09:32:54,10.889,6.550,,15.4,948533.0,646698.0,989604.64,589.11,1685.41,2247.45,517.08,3422.95,193.00,130.33,82.01,397.28,38.51,102.36,75.69,839.37,58.10,26.44,14.96,78.07,45.73,57.58,27.10,69.31,13.59,2283.70,206.72,3.98,0.47,46.33,4.21,7.72,2.10,0.00,0.00,11.80,2.08,7.22,3.41,2.43,4.18,16.06,19.85,51.35,7.58,4.50,4.15,18944.91,976.91,2794.87,4246.47,976.99,7322.84,412.89,298.64,187.91,991.97,96.15,123.30,91.18,1174.46,81.30,44.11,24.96,139.36,81.63,84.16,39.61,99.59,19.52,3265.11,295.56,5.07,0.60,58.00,5.27,9.61,2.62,0.00,0.00,13.96,2.46,9.75,4.61,3.24,5.57,17.93,22.17,55.32,8.16,5.11,4.71
22.30,22.3,24/11/2025 09:33:14,10.419,7.010,,15.4,947965.0,647672.0,988217.33,372.82,1627.38,2533.92,549.92,4325.69,223.54,20.28,18.88,375.03,38.47,261.29,98.18,876.09,58.48,94.82,30.04,74.47,45.91,85.81,32.28,95.41,17.88,2504.98,227.63,3.64,0.47,62.01,6.90,6.77,2.10,0.00,0.00,11.05,2.07,7.75,3.49,2.50,4.23,9.24,19.97,53.98,7.93,5.11,4.31,21510.51,618.24,2698.65,4787.74,1039.05,9254.09,478.23,46.48,43.27,936.41,96.07,314.75,118.26,1225.83,81.83,158.21,50.13,132.93,81.95,125.42,47.18,137.09,25.69,3581.48,325.45,4.63,0.60,77.63,8.64,8.43,2.61,0.00,0.00,13.07,2.45,10.46,4.72,3.34,5.64,10.32,22.29,58.15,8.55,5.79,4.89
22.40,22.4,24/11/2025 09:33:34,10.229,7.406,,15.4,950200.0,648165.0,987364.61,258.26,1691.56,2849.98,599.50,4762.40,239.80,86.06,59.56,478.89,38.56,282.56,100.41,907.24,58.81,74.12,26.65,104.67,46.54,71.46,29.68,96.16,18.12,2510.03,228.12,3.82,0.48,46.44,4.16,7.70,2.15,0.02,0.17,10.30,2.03,9.10,3.53,2.90,4.22,19.08,20.08,50.47,7.91,3.73,4.38,23326.97,428.26,2805.08,5384.93,1132.73,10188.37,513.01,197.19,136.47,1195.74,96.28,340.37,120.96,1269.42,82.29,123.66,44.47,186.86,83.09,104.44,43.38,138.17,26.03,3588.70,326.15,4.86,0.61,58.13,5.21,9.59,2.67,0.03,0.23,12.18,2.40,12.29,4.76,3.87,5.62,21.31,22.41,54.36,8.53,4.23,4.97
22.50,22.5,24/11/2025 09:34:04,10.045,7.736,,15.4,942641.0,646117.0,987677.54,339.76,1686.40,2391.65,536.29,5017.04,248.35,142.98,88.40,380.46,38.77,367.93,106.88,853.22,57.79,29.15,14.96,115.12,46.19,76.76,30.50,67.42,13.14,2377.44,215.35,3.90,0.48,48.03,4.42,7.51,2.08,0.00,0.00,11.03,2.07,8.28,3.49,3.61,4.20,17.43,19.83,58.43,8.00,5.32,4.32,22784.35,563.41,2796.52,4518.93,1013.30,10733.13,531.31,327.63,202.55,949.98,96.81,443.21,128.75,1193.82,80.86,48.64,24.96,205.52,82.47,112.19,44.58,96.87,18.87,3399.12,307.89,4.96,0.61,60.12,5.53,9.35,2.58,0.00,0.00,13.05,2.45,11.18,4.71,4.82,5.60,19.46,22.14,62.94,8.61,6.03,4.91
22.60,22.6,24/11/2025 09:34:24,9.076,6.942,1181242.480,15.4,936523.0,647614.0,988332.13,285.56,1657.02,2390.80,532.74,4850.30,241.44,78.71,55.25,376.80,38.40,241.36,94.59,853.59,57.38,72.40,25.94,127.01,45.98,71.14,29.32,74.08,14.22,2117.08,190.63,3.86,0.48,26.69,1.72,6.78,2.14,0.00,0.00,10.13,1.98,6.33,3.42,3.14,4.14,13.68,19.67,54.12,7.95,4.34,4.26,21708.33,473.53,2747.79,4517.32,1006.60,10376.41,516.53,180.36,126.59,940.83,95.89,290.74,113.95,1194.35,80.28,120.80,43.28,226.74,82.08,103.97,42.85,106.44,20.44,3026.88,272.55,4.92,0.61,33.41,2.16,8.43,2.66,0.00,0.00,11.98,2.34,8.55,4.62,4.19,5.52,15.28,21.96,58.29,8.57,4.92,4.83
22.70,22.7,24/11/2025 09:34:44,10.152,7.073,,15.4,946231.0,645749.0,989038.18,213.98,1659.70,2283.63,523.40,4404.34,227.48,39.64,33.10,494.49,38.48,131.02,81.38,834.48,57.66,23.78,15.03,78.87,45.96,67.96,28.88,64.25,12.67,2184.21,197.17,3.72,0.47,32.24,2.32,7.68,2.16,0.00,0.00,10.57,1.99,8.29,3.45,2.02,4.10,16.18,19.93,56.24,7.90,4.23,4.25,20402.46,354.84,2752.24,4314.84,988.95,9422.35,486.65,90.84,75.84,1234.70,96.08,157.82,98.03,1167.60,80.68,39.68,25.07,140.79,82.04,99.33,42.22,92.31,18.21,3122.86,281.91,4.73,0.60,40.36,2.90,9.56,2.68,0.00,0.00,12.50,2.35,11.19,4.65,2.70,5.47,18.07,22.25,60.58,8.51,4.80,4.82
22.80,22.8,24/11/2025 09:35:03,10.153,6.680,,15.4,948800.0,641789.0,986795.51,412.92,1601.96,2445.42,539.29,5602.18,267.78,53.14,41.54,425.99,39.04,288.74,100.77,1048.50,60.26,84.18,28.41,100.20,46.54,77.82,30.88,114.56,21.08,2393.12,216.77,4.17,0.49,44.69,3.89,8.69,2.17,0.00,0.00,15.94,2.40,7.95,3.50,2.64,4.20,12.41,20.10,57.86,8.06,3.37,4.37,24494.91,684.74,2656.48,4620.54,1018.97,11984.94,572.86,121.75,95.18,1063.66,97.49,347.81,121.39,1467.07,84.32,140.46,47.40,178.88,83.09,113.74,45.13,164.60,30.29,3421.54,309.93,5.31,0.63,55.94,4.87,10.82,2.70,0.00,0.00,18.85,2.84,10.74,4.73,3.52,5.60,13.85,22.44,62.32,8.68,3.82,4.95
22.90,22.9,24/11/2025 09:35:23,9.955,6.614,,15.4,953674.0,647817.0,986555.14,354.74,1685.23,2568.96,563.75,5551.88,268.08,61.30,46.79,515.54,38.77,184.80,90.41,1099.97,61.36,95.94,30.41,105.25,46.81,64.09,28.42,126.15,23.05,2567.88,233.51,4.04,0.49,33.77,2.44,7.52,2.11,0.00,0.00,13.93,2.28,5.67,3.55,2.55,4.25,16.76,20.18,57.95,8.16,6.16,4.41,24975.71,588.26,2794.57,4853.96,1065.19,11877.33,573.52,140.46,107.22,1287.26,96.80,222.61,108.91,1539.09,85.85,160.08,50.74,187.89,83.57,93.67,41.54,181.26,33.12,3671.42,333.86,5.14,0.63,42.28,3.06,9.36,2.63,0.00,0.00,16.47,2.70,7.67,4.80,3.40,5.67,18.71,22.54,62.43,8.79,6.98,5.00
23.00,23.0,24/11/2025 09:35:53,9.240,13.226,,15.3,961003.0,660474.0,988777.41,161.53,1730.75,1973.98,489.07,4381.35,227.53,130.54,82.46,473.39,38.86,131.14,82.62,945.42,59.42,47.90,21.04,100.43,46.86,44.20,25.41,151.65,27.62,2549.83,232.10,3.94,0.48,29.25,1.97,7.07,2.14,0.00,0.00,12.78,2.19,6.83,3.53,2.27,4.27,8.63,20.21,58.00,8.11,2.47,4.27,20672.74,267.86,2870.06,3729.76,924.09,9373.18,486.76,299.12,188.94,1182.00,97.02,157.97,99.52,1322.83,83.14,79.93,35.10,179.28,83.65,64.60,37.13,217.90,39.68,3645.60,331.85,5.01,0.62,36.62,2.47,8.80,2.66,0.00,0.00,15.11,2.59,9.23,4.77,3.02,5.70,9.63,22.57,62.48,8.74,2.81,4.85
23.10,23.1,24/11/2025 09:36:13,9.386,5.625,1181244.001,15.3,965062.0,669446.0,988637.38,402.34,1660.04,2008.17,486.58,4022.40,215.02,231.37,136.42,468.22,38.71,102.44,76.57,927.74,59.53,69.79,26.10,82.46,46.60,55.92,27.17,107.21,20.08,2753.12,251.69,3.89,0.48,29.14,1.96,6.21,2.10,0.00,0.00,10.19,2.01,4.46,3.61,2.71,4.38,11.44,20.24,59.01,8.16,4.38,4.32,20775.42,667.18,2752.80,3794.36,919.38,8605.26,460.00,530.16,312.58,1169.09,96.66,123.40,92.23,1298.10,83.30,116.45,43.54,147.21,83.19,81.73,39.71,154.05,28.86,3936.26,359.85,4.95,0.62,36.48,2.45,7.74,2.61,0.00,0.00,12.05,2.38,6.02,4.88,3.62,5.85,12.77,22.59,63.56,8.79,4.97,4.90
23.20,23.2,24/11/2025 09:36:32,9.694,5.092,,15.2,970650.0,671452.0,988418.24,333.56,1649.52,2222.78,513.70,4088.17,217.16,91.31,62.49,516.13,39.24,156.69,87.62,854.21,59.21,83.69,28.90,54.85,46.62,59.46,27.82,100.06,18.99,2883.88,264.33,4.43,0.52,44.86,3.93,7.85,2.14,0.00,0.00,4.84,1.41,7.09,3.51,2.48,4.46,7.28,20.38,54.48,8.16,3.65,4.38,21133.45,553.14,2735.35,4199.86,970.62,8745.96,464.59,209.22,143.20,1288.73,97.97,188.75,105.55,1195.22,82.85,139.63,48.22,97.91,83.22,86.91,40.65,143.77,27.28,4123.21,377.92,5.64,0.66,56.16,4.91,9.77,2.67,0.00,0.00,5.72,1.67,9.58,4.74,3.31,5.94,8.13,22.76,58.69,8.79,4.14,4.96
23.30,23.3,24/11/2025 09:36:52,10.110,5.291,,15.2,965666.0,671624.0,988968.78,412.28,1636.02,2393.22,533.89,3599.67,199.97,204.13,121.34,488.28,38.85,142.54,83.91,902.39,59.27,30.56,15.57,99.68,46.68,76.90,30.79,86.94,16.76,2428.14,220.64,3.75,0.48,56.40,5.88,8.29,2.20,0.00,0.00,4.89,1.42,3.26,3.57,1.62,4.36,24.22,20.18,60.06,8.11,4.02,4.43,20159.91,683.67,2712.97,4521.90,1008.76,7700.91,427.80,467.74,278.02,1219.19,97.00,171.71,101.08,1262.62,82.93,50.99,25.98,177.95,83.34,112.39,45.01,124.91,24.08,3471.62,315.45,4.77,0.61,70.60,7.36,10.32,2.73,0.00,0.00,5.78,1.68,4.41,4.82,2.17,5.82,27.05,22.53,64.69,8.74,4.56,5.02
23.40,23.4,24/11/2025 09:37:12,9.671,5.226,,15.3,960396.0,669684.0,989255.72,360.13,1675.07,2050.47,494.39,4034.57,216.32,106.97,70.95,462.26,38.84,85.05,71.11,844.37,58.27,47.18,20.77,51.44,46.06,65.41,28.63,70.76,13.92,2426.11,220.40,3.91,0.49,44.39,3.90,8.36,2.15,0.00,0.00,4.07,1.35,3.35,3.55,2.18,4.37,15.46,20.14,54.07,7.86,3.77,4.36,19785.52,597.19,2777.73,3874.28,934.12,8631.29,462.79,245.12,162.58,1154.22,96.99,102.45,85.66,1181.45,81.53,78.71,34.66,91.84,82.23,95.60,41.85,101.67,20.00,3468.71,315.12,4.98,0.62,55.56,4.89,10.41,2.67,0.00,0.00,4.82,1.60,4.53,4.79,2.91,5.82,17.27,22.49,58.24,8.46,4.28,4.95
23.50,23.5,24/11/2025 09:37:42,9.598,4.963,,15.3,962622.0,668541.0,989797.98,153.96,1716.54,1986.03,490.33,4007.80,214.80,37.50,54.54,349.17,39.44,66.10,64.22,823.18,57.97,25.73,15.06,111.15,46.53,55.03,26.86,63.04,12.62,2370.72,215.20,3.83,0.48,48.76,4.60,6.79,2.11,0.00,0.00,4.56,1.34,2.29,3.46,4.11,4.31,20.89,20.02,56.48,7.85,4.91,4.27,18751.00,255.31,2846.50,3752.52,926.45,8574.04,459.54,85.94,124.98,871.85,98.48,79.62,77.37,1151.80,81.12,42.94,25.13,198.42,83.06,80.42,39.26,90.58,18.13,3389.52,307.68,4.87,0.62,61.04,5.76,8.45,2.63,0.00,0.00,5.39,1.59,3.09,4.68,5.48,5.75,23.33,22.35,60.84,8.46,5.57,4.84
23.60,23.6,24/11/2025 09:38:01,9.359,6.679,1181242.681,15.3,961587.0,669546.0,988672.03,287.21,1637.21,2286.82,520.58,4150.53,218.57,29.87,26.54,478.36,38.64,174.69,87.44,897.33,58.73,70.37,26.07,86.78,46.59,69.01,29.33,105.71,19.83,2546.26,231.80,3.90,0.49,49.81,4.72,7.32,2.13,0.00,0.00,4.35,1.37,5.15,3.55,1.75,4.36,9.23,20.20,59.70,8.07,3.82,4.38,20740.74,476.27,2714.94,4320.87,983.61,8879.36,467.60,68.45,60.82,1194.42,96.49,210.44,105.33,1255.55,82.18,117.41,43.50,154.92,83.16,100.86,42.86,151.88,28.50,3640.50,331.42,4.96,0.63,62.35,5.91,9.11,2.65,0.00,0.00,5.14,1.62,6.95,4.79,2.33,5.81,10.31,22.55,64.31,8.69,4.34,4.97
23.70,23.7,24/11/2025 09:38:21,9.254,6.151,,15.3,962558.0,670798.0,987787.37,336.26,1707.55,2416.92,540.21,4579.26,233.92,33.51,29.39,460.92,39.02,95.56,74.05,845.76,58.71,45.29,20.19,98.39,46.72,66.21,28.81,70.03,13.80,3002.70,275.65,4.06,0.50,58.74,6.22,6.96,2.18,0.00,0.00,7.55,1.76,3.35,3.59,2.08,4.43,17.48,20.17,58.28,8.24,3.32,4.43,22378.37,557.61,2831.59,4566.69,1020.71,9796.57,500.43,76.79,67.34,1150.87,97.42,115.12,89.20,1183.40,82.15,75.57,33.70,175.65,83.41,96.77,42.11,100.62,19.82,4293.10,394.11,5.17,0.64,73.52,7.79,8.67,2.72,0.00,0.00,8.93,2.09,4.52,4.85,2.77,5.91,19.51,22.52,62.78,8.88,3.77,5.02
23.80,23.8,24/11/2025 09:38:41,9.378,7.207,,15.3,957665.0,670289.0,988628.47,528.41,1645.96,2178.25,507.08,4185.04,219.92,66.31,49.12,383.77,39.26,41.35,50.46,815.57,57.92,26.20,15.17,132.59,46.88,85.83,32.26,147.87,26.77,2612.00,238.05,4.17,0.50,68.76,8.30,6.44,2.20,0.00,0.00,3.88,1.35,4.29,3.56,3.38,4.40,15.70,19.97,56.01,8.03,5.72,4.40,20797.76,876.24,2729.46,4115.71,958.10,8953.19,470.48,151.94,112.55,958.25,98.02,49.82,60.78,1141.15,81.04,43.72,25.30,236.70,83.69,125.45,47.15,212.46,38.46,3734.50,340.34,5.31,0.63,86.07,10.39,8.02,2.74,0.00,0.00,4.58,1.60,5.80,4.81,4.51,5.87,17.53,22.29,60.33,8.65,6.49,4.99
23.90,23.9,24/11/2025 09:39:00,9.389,6.543,,15.2,964871.0,674084.0,987995.95,182.02,1739.13,2064.49,501.39,4845.47,244.69,25.81,23.85,613.98,39.02,128.42,81.54,921.73,59.48,71.54,26.57,49.96,46.61,64.33,28.64,87.56,16.85,2799.30,256.11,3.89,0.49,58.44,6.19,7.61,2.21,0.00,0.00,3.86,1.35,1.74,3.58,3.09,4.47,10.56,20.39,55.80,8.08,4.45,4.35,22211.51,301.84,2883.96,3900.78,947.35,10366.08,523.47,59.15,54.65,1533.04,97.42,154.70,98.23,1289.70,83.23,119.37,44.33,89.19,83.22,94.02,41.85,125.82,24.20,4002.28,366.18,4.95,0.63,73.15,7.74,9.47,2.75,0.00,0.00,4.56,1.60,2.36,4.83,4.12,5.96,11.79,22.77,60.10,8.70,5.05,4.94
24.00,24.0,24/11/2025 09:39:30,9.178,7.071,,15.2,962044.0,672042.0,987844.35,342.59,1743.90,2157.21,511.83,4653.19,237.37,170.12,103.31,462.01,39.31,151.83,84.25,897.17,58.60,86.90,29.28,122.13,47.24,49.84,26.31,143.56,26.30,2791.17,255.26,4.00,0.48,51.20,4.91,6.92,2.15,0.00,0.00,2.95,1.34,2.45,3.60,2.40,4.47,2.18,20.27,53.08,8.00,2.75,4.42,22363.74,568.11,2891.88,4075.98,967.08,9954.73,507.82,389.80,236.73,1153.60,98.15,182.89,101.49,1255.33,81.99,144.99,48.85,218.02,84.33,72.85,38.45,206.27,37.79,3990.65,364.96,5.09,0.61,64.09,6.14,8.62,2.68,0.00,0.00,3.49,1.58,3.31,4.86,3.20,5.97,2.43,22.63,57.18,8.62,3.12,5.01
24.10,24.1,24/11/2025 09:39:50,9.041,6.083,1181241.618,15.2,964729.0,672954.0,987320.99,260.68,1700.10,2693.19,579.05,4645.62,236.75,86.72,59.89,525.91,39.16,174.96,89.17,918.26,59.56,67.21,25.62,101.24,47.04,68.17,29.34,108.12,20.28,2897.88,265.54,4.15,0.51,42.44,3.56,7.23,2.20,0.00,0.00,5.24,1.47,2.58,3.65,3.15,4.49,10.11,20.32,52.24,8.02,3.89,4.43,23311.33,432.28,2819.23,5088.69,1094.09,9938.54,506.49,198.71,137.24,1313.16,97.79,210.76,107.42,1284.84,83.34,112.13,42.75,180.73,83.98,99.63,42.88,155.35,29.14,4143.23,379.65,5.28,0.64,53.13,4.46,9.00,2.73,0.00,0.00,6.20,1.74,3.49,4.93,4.20,5.99,11.29,22.69,56.27,8.64,4.41,5.02
24.20,24.2,24/11/2025 09:40:10,8.929,7.141,,15.2,968542.0,674402.0,986570.43,337.98,1703.20,2538.12,559.08,5250.05,258.07,102.53,68.94,496.51,39.64,171.84,88.31,911.28,59.83,25.66,15.45,91.28,47.09,86.39,32.68,189.72,34.35,3057.75,280.89,4.66,0.53,72.19,8.87,7.74,2.23,0.00,0.00,6.79,1.69,3.11,3.71,1.66,4.55,15.74,20.33,54.18,8.24,4.38,4.49,24722.22,560.46,2824.38,4795.68,1056.37,11231.62,552.10,234.92,157.97,1239.74,98.98,207.00,106.38,1275.07,83.71,42.81,25.77,162.96,84.07,126.26,47.76,272.60,49.36,4371.80,401.60,5.93,0.67,90.36,11.10,9.64,2.78,0.00,0.00,8.03,2.00,4.21,5.01,2.21,6.06,17.57,22.70,58.36,8.88,4.97,5.09
24.30,24.3,24/11/2025 09:40:29,9.031,7.145,,15.2,965493.0,674566.0,987865.05,335.05,1671.63,1777.09,461.92,5015.91,250.74,68.05,51.09,517.46,39.17,51.88,57.73,979.98,59.89,68.18,25.70,104.72,46.78,68.04,29.24,93.67,17.89,2893.92,265.21,4.27,0.51,63.47,7.13,7.78,2.21,0.09,0.17,4.17,1.38,2.58,3.63,2.85,4.48,19.02,20.20,52.50,7.84,4.26,4.43,22387.56,555.61,2772.02,3357.74,872.78,10730.71,536.42,155.94,117.07,1292.04,97.81,62.49,69.55,1371.20,83.80,113.76,42.89,186.94,83.51,99.44,42.74,134.59,25.70,4137.57,379.19,5.43,0.65,79.45,8.92,9.68,2.75,0.12,0.23,4.93,1.63,3.48,4.90,3.81,5.97,21.23,22.55,56.56,8.45,4.83,5.03
24.40,24.4,24/11/2025 09:40:49,8.699,8.005,,15.3,958076.0,669691.0,987859.74,403.28,1674.83,2208.55,514.59,4727.90,240.27,127.76,81.28,462.56,39.21,109.60,75.61,878.27,58.90,95.05,30.47,108.13,46.77,64.48,28.52,100.43,18.92,2696.15,246.11,4.47,0.51,71.75,8.90,7.69,2.22,0.00,0.00,5.09,1.44,3.23,3.59,2.16,4.42,6.09,20.16,53.07,8.04,4.54,4.45,22397.34,668.75,2777.33,4172.98,972.29,10114.57,514.02,292.75,186.24,1154.96,97.90,132.03,91.08,1228.89,82.41,158.59,50.84,193.03,83.49,94.24,41.69,144.30,27.19,3854.80,351.88,5.69,0.65,89.82,11.14,9.58,2.77,0.00,0.00,6.02,1.70,4.37,4.85,2.89,5.90,6.80,22.51,57.17,8.66,5.15,5.05
24.50,24.5,24/11/2025 09:41:19,8.669,6.878,,15.3,956031.0,668334.0,988319.26,339.75,1643.57,2133.45,501.90,4511.33,231.67,158.35,96.64,415.20,39.12,84.76,68.88,859.05,58.11,73.95,26.95,59.03,46.19,61.03,27.91,117.49,21.77,2705.89,247.09,3.87,0.48,73.46,9.31,8.73,2.24,0.00,0.00,7.24,1.70,5.58,3.58,3.75,4.41,2.84,20.17,51.11,7.90,4.86,4.34,21497.50,563.40,2725.49,4031.07,948.32,9651.25,495.61,362.84,221.43,1036.72,97.67,102.10,82.97,1201.99,81.31,123.39,44.97,105.38,82.45,89.19,40.79,168.82,31.28,3868.73,353.28,4.92,0.62,91.96,11.65,10.87,2.79,0.00,0.00,8.57,2.01,7.54,4.83,5.01,5.88,3.17,22.52,55.05,8.51,5.52,4.93
24.60,24.6,24/11/2025 09:41:39,8.449,6.685,1181242.544,15.3,952177.0,670181.0,989127.94,335.06,1617.56,2148.71,498.48,4141.94,217.02,20.64,19.22,356.67,38.82,65.96,62.39,865.73,58.18,37.02,17.75,80.18,46.17,61.79,27.89,98.57,18.54,2519.75,229.29,4.08,0.49,54.14,5.47,9.68,2.11,0.00,0.00,5.16,1.42,2.43,3.53,2.28,4.33,6.49,20.02,52.01,7.87,3.77,4.34,19909.61,555.63,2682.36,4059.91,941.86,8861.00,464.28,47.29,44.04,890.58,96.94,79.45,75.15,1211.33,81.41,61.77,29.62,143.14,82.43,90.31,40.77,141.62,26.64,3602.59,327.83,5.20,0.62,67.77,6.85,12.05,2.62,0.00,0.00,6.11,1.68,3.28,4.76,3.04,5.77,7.25,22.35,56.03,8.48,4.27,4.92
24.70,24.7,24/11/2025 09:41:58,8.333,7.407,,15.2,958273.0,674250.0,988556.77,249.93,1685.88,2272.05,522.29,4411.27,229.09,100.64,67.57,504.83,38.77,33.40,45.29,907.95,59.04,48.14,21.01,83.76,46.43,69.91,29.40,161.98,29.36,2472.69,224.75,4.69,0.52,33.36,2.43,7.57,2.18,0.00,0.00,6.16,1.58,3.31,3.59,1.91,4.38,14.18,20.12,52.14,7.92,3.39,4.37,21193.68,414.45,2795.65,4292.95,986.85,9437.18,490.11,230.59,154.82,1260.51,96.79,40.23,54.56,1270.41,82.61,80.32,35.05,149.52,82.88,102.18,42.97,232.73,42.19,3535.31,321.33,5.97,0.67,41.75,3.05,9.42,2.72,0.00,0.00,7.29,1.87,4.46,4.85,2.54,5.84,15.83,22.46,56.17,8.53,3.85,4.96
24.80,24.8,24/11/2025 09:42:18,8.226,8.534,,15.2,961444.0,672538.0,988606.71,216.53,1672.61,2333.82,528.97,4255.30,223.16,121.55,77.83,448.50,38.93,142.47,82.47,854.70,58.46,28.96,15.28,97.92,46.81,44.14,25.44,140.71,25.80,2575.88,234.70,3.61,0.49,36.16,2.77,7.34,2.27,0.00,0.00,8.09,1.82,2.89,3.54,2.20,4.40,14.95,20.22,53.01,7.98,4.55,4.32,20965.18,359.06,2773.66,4409.67,999.46,9103.51,477.42,278.52,178.34,1119.86,97.20,171.62,99.35,1195.90,81.80,48.33,25.49,174.80,83.56,64.52,37.18,202.18,37.07,3682.85,335.56,4.59,0.62,45.27,3.47,9.13,2.82,0.00,0.00,9.56,2.15,3.91,4.78,2.93,5.87,16.70,22.57,57.10,8.60,5.16,4.90
24.90,24.9,24/11/2025 09:42:37,8.110,5.623,,15.3,949830.0,665435.0,988613.89,316.47,1714.59,1820.52,464.31,4696.27,237.58,63.18,47.16,439.08,38.64,93.36,71.47,897.11,58.60,43.90,19.96,76.96,46.57,40.17,24.96,68.30,13.51,2679.73,244.61,4.37,0.51,61.09,6.73,9.31,2.24,0.00,0.00,6.99,1.71,4.11,3.51,4.76,4.36,2.31,20.24,55.45,8.00,2.67,4.37,20998.26,524.80,2843.26,3439.81,877.30,10046.90,508.27,144.78,108.06,1096.34,96.47,112.46,86.09,1255.24,81.99,73.24,33.31,137.39,83.14,58.71,36.47,98.13,19.41,3831.33,349.74,5.56,0.65,76.48,8.42,11.59,2.79,0.00,0.00,8.27,2.02,5.55,4.74,6.35,5.81,2.58,22.60,59.73,8.62,3.03,4.96
25.00,25.0,24/11/2025 09:43:07,8.082,6.618,,15.4,933030.0,654917.0,989007.89,276.17,1601.86,1976.99,472.95,4410.01,225.60,45.23,53.63,331.19,38.22,114.21,73.93,867.38,57.29,62.43,24.03,107.57,45.69,61.41,27.56,83.96,15.88,2494.92,226.65,4.20,0.50,69.21,8.42,7.11,2.08,0.00,0.00,5.95,1.54,4.12,3.47,1.84,4.27,8.27,19.66,56.24,7.88,3.71,4.20,20173.29,457.96,2656.32,3735.44,893.63,9434.49,482.63,103.64,122.88,826.94,95.43,137.57,89.06,1213.64,80.16,104.16,40.09,192.03,81.56,89.76,40.28,120.63,22.81,3567.10,324.06,5.35,0.63,86.63,10.54,8.85,2.59,0.00,0.00,7.04,1.83,5.56,4.68,2.46,5.69,9.23,21.95,60.58,8.49,4.21,4.77
25.10,25.1,24/11/2025 09:43:27,7.945,6.152,1181242.085,15.4,919978.0,651724.0,989579.60,330.68,1601.70,1815.70,451.76,4128.71,214.80,83.86,56.33,255.77,37.80,111.14,71.49,847.19,56.35,61.06,23.28,91.96,44.69,62.95,27.56,133.03,23.92,2329.48,210.76,3.67,0.47,71.62,9.00,7.77,2.15,0.00,0.00,6.04,1.52,3.16,3.41,4.30,4.20,15.36,19.33,53.22,7.76,3.72,4.23,19041.42,548.36,2656.06,3430.70,853.58,8832.69,459.52,192.16,129.06,638.64,94.38,133.88,86.12,1185.39,78.85,101.88,38.85,164.17,79.78,92.01,40.28,191.14,34.37,3330.56,301.34,4.67,0.59,89.65,11.26,9.67,2.67,0.00,0.00,7.14,1.79,4.27,4.61,5.73,5.59,17.15,21.58,57.33,8.36,4.22,4.80
25.20,25.2,24/11/2025 09:43:46,7.945,8.334,,15.4,935101.0,657949.0,988976.75,382.50,1621.91,1888.87,462.69,4249.08,219.91,105.43,67.97,430.30,37.79,88.26,68.59,812.62,57.40,76.08,26.92,52.20,45.31,62.62,27.88,162.45,29.23,2555.14,232.47,4.02,0.48,69.46,8.46,7.01,2.12,0.00,0.00,6.41,1.61,3.36,3.50,3.38,4.30,9.65,19.83,51.36,7.76,3.07,4.29,20238.01,634.28,2689.58,3568.95,874.23,9090.21,470.46,241.59,155.74,1074.41,94.36,106.32,82.62,1137.02,80.31,126.93,44.91,93.19,80.89,91.52,40.74,233.41,41.99,3653.19,332.38,5.11,0.62,86.95,10.59,8.72,2.63,0.00,0.00,7.58,1.90,4.54,4.73,4.51,5.73,10.77,22.14,55.33,8.36,3.49,4.86
25.30,25.3,24/11/2025 09:43:46,7.834,7.670,,15.3,944422.0,661761.0,989140.66,535.04,1608.54,1910.73,468.67,3892.44,208.55,116.60,74.25,413.36,38.36,107.32,73.80,896.80,58.19,95.43,30.03,68.67,45.57,48.29,25.69,81.36,15.59,2537.79,230.88,4.04,0.48,66.20,7.78,6.89,2.08,0.00,0.00,5.19,1.43,3.21,3.51,3.55,4.33,7.49,19.87,55.54,7.94,3.40,4.21,19789.63,887.24,2667.40,3610.24,885.53,8327.24,446.16,267.17,170.14,1032.12,95.78,129.28,88.89,1254.80,81.41,159.22,50.11,122.59,81.35,70.57,37.54,116.91,22.41,3628.39,330.09,5.14,0.61,82.87,9.74,8.58,2.59,0.00,0.00,6.14,1.69,4.34,4.74,4.73,5.78,8.37,22.19,59.83,8.56,3.85,4.78
25.40,25.4,24/11/2025 09:44:26,7.598,6.284,,15.4,941191.0,660002.0,989131.55,362.15,1559.24,2030.30,478.90,3925.71,208.65,37.12,52.79,350.39,38.16,140.17,79.22,851.63,57.34,60.77,23.80,75.74,45.68,66.91,28.64,146.99,26.59,2659.44,242.49,3.94,0.49,64.64,7.44,7.87,2.17,0.00,0.00,5.74,1.51,2.68,3.49,1.40,4.32,17.48,19.85,53.24,7.94,4.14,4.30,19693.02,600.55,2585.65,3836.17,904.86,8398.42,446.37,85.06,120.96,874.89,95.28,168.85,95.43,1191.61,80.24,101.39,39.71,135.21,81.54,97.80,41.86,211.20,38.21,3802.32,346.70,5.01,0.62,80.92,9.31,9.80,2.70,0.00,0.00,6.79,1.78,3.62,4.72,1.87,5.77,19.51,22.17,57.35,8.55,4.70,4.88
25.50,25.5,24/11/2025 09:44:56,7.465,7.736,,15.4,927129.0,651797.0,989109.98,385.17,1583.30,1820.17,454.74,4182.56,217.89,170.03,100.99,384.03,37.50,111.96,72.63,873.74,56.85,42.43,18.94,83.42,45.28,72.00,29.35,111.35,20.36,2506.13,227.65,3.82,0.48,59.48,6.44,7.15,2.07,0.00,0.00,4.04,1.33,2.36,3.52,2.24,4.27,7.86,19.60,55.78,7.86,4.29,4.29,19972.65,638.72,2625.54,3439.15,859.21,8947.90,466.14,389.61,231.40,958.90,93.62,134.87,87.49,1222.54,79.54,70.80,31.61,148.92,80.84,105.23,42.90,160.00,29.25,3583.12,325.48,4.86,0.61,74.46,8.06,8.90,2.57,0.00,0.00,4.78,1.57,3.19,4.75,2.99,5.69,8.77,21.89,60.08,8.47,4.87,4.87
25.60,25.6,24/11/2025 09:45:15,7.911,8.069,1181242.082,15.5,922061.0,650850.0,990658.38,511.98,1544.69,1733.78,438.36,3208.21,182.16,150.60,90.35,341.22,37.25,52.99,54.43,782.56,56.00,38.32,17.66,84.32,44.88,46.76,25.04,91.89,17.14,2147.06,193.56,3.73,0.46,66.21,7.91,7.92,2.06,0.00,0.00,3.20,1.29,4.58,3.38,2.08,4.14,8.03,19.44,53.11,7.73,3.06,4.08,17008.68,849.01,2561.52,3275.91,828.27,6863.43,389.71,345.08,207.03,851.98,93.01,63.83,65.57,1094.96,78.36,63.94,29.47,150.52,80.11,68.34,36.60,132.04,24.63,3069.75,276.74,4.75,0.59,82.88,9.90,9.86,2.56,0.00,0.00,3.78,1.53,6.19,4.56,2.77,5.52,8.97,21.70,57.22,8.33,3.47,4.63
25.70,25.7,24/11/2025 09:45:35,7.006,6.749,,15.5,920643.0,649374.0,990547.91,265.34,1575.59,1473.39,410.74,3621.75,198.49,194.46,114.50,413.54,37.07,20.47,31.46,800.86,56.23,41.39,18.65,95.74,45.18,43.99,24.69,54.78,10.87,2280.92,206.28,3.42,0.45,63.16,7.25,8.12,2.11,0.00,0.00,4.32,1.31,3.13,3.40,1.16,4.15,6.68,19.49,50.91,7.67,4.56,4.22,17411.42,440.00,2612.76,2783.91,776.07,7748.14,424.63,445.58,262.36,1032.57,92.57,24.65,37.89,1120.57,78.67,69.06,31.12,170.92,80.65,64.29,36.08,78.71,15.61,3261.13,294.92,4.35,0.57,79.07,9.08,10.11,2.62,0.00,0.00,5.11,1.55,4.22,4.60,1.54,5.53,7.46,21.76,54.84,8.27,5.17,4.78
25.80,25.8,24/11/2025 09:45:55,6.212,5.887,,15.5,915993.0,644525.0,989876.50,401.02,1578.81,1820.07,450.03,3560.71,195.02,13.29,12.68,343.43,37.08,133.76,75.87,830.85,56.07,76.85,26.36,99.61,44.60,69.68,28.70,121.38,21.86,2484.27,225.45,4.25,0.49,74.06,9.53,10.24,2.15,0.00,0.00,4.17,1.31,6.25,3.45,4.07,4.21,7.64,19.25,54.28,7.78,3.60,4.15,18268.08,665.00,2618.11,3438.96,850.32,7617.55,417.22,30.46,29.05,857.52,92.58,161.13,91.40,1162.53,78.46,128.23,43.99,177.83,79.62,101.85,41.94,174.40,31.41,3551.88,322.33,5.40,0.62,92.70,11.93,12.75,2.68,0.00,0.00,4.94,1.55,8.44,4.66,5.43,5.62,8.53,21.49,58.47,8.38,4.09,4.70
25.90,25.9,24/11/2025 09:46:14,4.579,6.876,,15.5,910385.0,639246.0,990492.11,708.34,1549.81,1543.65,415.68,3417.87,190.56,27.23,23.79,313.00,37.12,60.48,57.20,762.27,55.07,62.77,23.66,68.47,44.24,64.14,27.66,55.96,10.99,2263.92,204.55,3.69,0.46,74.53,9.74,8.10,2.08,0.00,0.00,5.95,1.47,1.82,3.31,1.62,4.12,4.94,19.26,54.01,7.74,5.12,4.15,17213.79,1174.63,2570.02,2916.67,785.42,7311.96,407.67,62.38,54.52,781.54,92.69,72.85,68.90,1066.57,77.05,104.74,39.47,122.23,78.97,93.75,40.42,80.40,15.79,3236.82,292.45,4.70,0.58,93.29,12.19,10.09,2.59,0.00,0.00,7.04,1.74,2.46,4.48,2.16,5.49,5.51,21.50,58.19,8.34,5.81,4.71
26.00,26.0,24/11/2025 09:46:44,4.374,6.088,,15.5,910966.0,643069.0,991103.62,276.75,1612.64,1305.11,392.28,3451.74,190.96,137.29,83.04,390.39,36.64,61.26,57.57,747.83,55.05,28.36,14.43,61.09,44.03,42.57,24.28,71.90,13.73,2166.97,195.37,3.94,0.47,61.32,6.91,8.49,2.08,0.00,0.00,3.31,1.27,3.14,3.31,2.41,4.09,11.76,19.21,55.91,7.68,4.84,4.13,16321.49,458.93,2674.21,2465.96,741.19,7384.43,408.53,314.59,190.27,974.75,91.48,73.79,69.35,1046.37,77.03,47.31,24.08,109.06,78.60,62.22,35.49,103.31,19.72,3098.22,279.33,5.01,0.59,76.75,8.65,10.57,2.59,0.00,0.00,3.92,1.51,4.25,4.47,3.21,5.45,13.13,21.45,60.23,8.27,5.49,4.68
26.10,26.1,24/11/2025 09:47:04,5.048,8.791,1181240.432,15.5,907500.0,638230.0,990837.82,515.75,1565.76,1664.71,429.25,3147.98,178.72,42.28,33.12,351.72,36.48,7.25,25.92,771.18,55.06,24.98,14.41,79.83,44.13,53.41,25.78,68.27,13.05,2256.58,203.83,3.77,0.46,88.28,13.21,7.68,2.02,0.00,0.00,6.96,1.63,4.74,3.36,2.82,4.05,10.44,19.12,51.22,7.58,2.30,4.14,16597.51,855.25,2596.46,3145.41,811.04,6734.58,382.33,96.89,75.90,878.20,91.08,8.74,31.23,1079.05,77.04,41.67,24.04,142.52,78.79,78.06,37.68,98.10,18.75,3226.33,291.43,4.80,0.59,110.51,16.53,9.57,2.52,0.00,0.00,8.23,1.93,6.40,4.54,3.76,5.39,11.66,21.35,55.18,8.17,2.61,4.70
26.20,26.2,24/11/2025 09:47:24,6.357,9.721,,15.6,908271.0,637121.0,990725.79,423.39,1553.84,1730.08,435.37,3250.49,182.69,30.91,25.70,306.95,36.62,3.72,25.78,776.55,55.05,19.81,14.32,96.25,44.15,60.07,26.73,43.81,8.78,2362.69,213.89,3.62,0.45,79.43,10.90,7.84,2.05,0.00,0.00,9.21,1.84,3.25,3.36,1.99,4.07,10.94,19.00,49.41,7.61,3.81,4.11,16788.32,702.10,2576.69,3268.92,822.61,6953.88,390.83,70.82,58.90,766.42,91.44,4.48,31.06,1086.55,77.03,33.05,23.89,171.82,78.81,87.80,39.06,62.95,12.62,3378.04,305.81,4.61,0.58,99.42,13.65,9.75,2.56,0.00,0.00,10.89,2.17,4.39,4.55,2.66,5.43,12.21,21.21,53.22,8.20,4.33,4.66
26.30,26.3,24/11/2025 09:47:44,6.351,8.394,,15.6,902400.0,630034.0,990309.76,634.44,1465.68,1860.19,447.54,3336.41,185.35,3.41,3.43,299.86,36.34,86.34,64.39,740.32,54.64,14.24,14.32,110.21,44.10,57.26,26.17,67.57,12.77,2325.08,210.16,3.84,0.46,60.79,6.76,7.39,2.04,0.00,0.00,5.02,1.36,1.93,3.34,1.85,4.03,20.41,18.93,50.05,7.49,3.62,4.14,17508.51,1052.07,2430.50,3514.76,845.62,7137.71,396.52,7.82,7.87,748.72,90.73,104.01,77.57,1035.86,76.45,23.77,23.90,196.74,78.73,83.70,38.24,97.09,18.35,3324.28,300.47,4.88,0.59,76.10,8.47,9.20,2.54,0.00,0.00,5.93,1.60,2.60,4.51,2.47,5.38,22.78,21.13,53.92,8.07,4.11,4.70
26.40,26.4,24/11/2025 09:48:03,6.052,8.994,,15.6,903183.0,630348.0,990508.68,496.11,1509.73,1720.65,433.49,3253.88,182.81,77.70,52.72,287.25,36.59,30.93,39.69,712.06,54.34,17.72,14.27,96.00,43.86,65.16,27.53,43.06,8.59,2513.22,228.20,3.95,0.46,77.26,10.33,8.29,2.09,0.00,0.00,6.27,1.54,3.93,3.32,1.90,4.03,19.62,18.91,52.08,7.49,4.30,4.17,17125.27,822.69,2503.56,3251.11,819.06,6961.14,391.09,178.03,120.80,717.23,91.37,37.25,47.81,996.32,76.03,29.56,23.81,171.37,78.30,95.23,40.23,61.87,12.35,3593.26,326.27,5.03,0.59,96.71,12.93,10.32,2.60,0.00,0.00,7.41,1.82,5.31,4.49,2.53,5.37,21.90,21.11,56.10,8.06,4.87,4.74
26.50,26.5,24/11/2025 09:48:33,5.911,7.802,,15.6,898026.0,626211.0,990749.71,563.34,1459.17,1671.69,421.60,3203.33,180.02,31.42,25.70,307.17,36.15,80.96,63.21,737.85,54.20,24.14,14.25,71.96,43.57,44.23,24.22,66.35,12.61,2301.28,207.95,3.41,0.44,57.16,6.08,7.54,2.02,0.00,0.00,4.10,1.27,1.63,3.26,4.65,4.06,13.82,18.93,51.10,7.49,3.15,4.03,16706.22,934.17,2419.71,3158.60,796.59,6853.00,385.12,71.99,58.89,766.98,90.28,97.52,76.15,1032.41,75.83,40.28,23.78,128.47,77.78,64.65,35.40,95.34,18.12,3290.25,297.32,4.34,0.56,71.55,7.61,9.39,2.51,0.00,0.00,4.84,1.50,2.20,4.40,6.20,5.41,15.43,21.13,55.05,8.07,3.57,4.57
26.60,26.6,24/11/2025 09:48:53,5.832,6.220,1181241.950,15.7,881391.0,617691.0,991803.49,278.08,1509.63,1430.94,389.65,2912.01,168.42,69.60,47.44,364.31,35.33,60.91,55.44,673.15,52.68,40.21,17.51,76.95,42.83,50.52,24.81,62.97,11.91,2013.74,180.51,3.87,0.45,84.26,12.26,8.75,2.02,0.04,0.16,3.88,1.24,2.51,3.19,2.55,3.85,5.36,18.57,48.69,7.28,3.22,3.97,14921.68,461.14,2503.38,2703.71,736.22,6229.76,360.31,159.48,108.70,909.64,88.22,73.38,66.78,941.87,73.71,67.10,29.21,137.36,76.46,73.83,36.26,90.47,17.11,2879.13,258.08,4.93,0.58,105.47,15.34,10.89,2.51,0.05,0.21,4.59,1.46,3.40,4.30,3.40,5.14,5.99,20.74,52.45,7.84,3.66,4.50
26.70,26.7,24/11/2025 09:49:12,5.044,7.675,,15.7,877754.0,615289.0,991276.24,261.96,1450.43,1590.01,408.19,3239.80,180.06,13.70,12.43,291.98,35.61,42.77,46.41,681.69,52.94,26.50,13.99,86.97,42.75,59.82,26.21,54.32,10.35,2171.81,195.36,4.06,0.46,116.33,21.72,9.29,2.06,0.00,0.00,4.13,1.27,2.15,3.23,2.77,3.90,11.38,18.46,48.91,7.44,3.39,3.93,15848.65,434.41,2405.21,3004.27,771.26,6931.01,385.21,31.39,28.49,729.06,88.91,51.53,55.91,953.83,74.08,44.21,23.35,155.26,76.31,87.44,38.31,78.06,14.87,3105.13,279.32,5.17,0.58,145.63,27.19,11.56,2.57,0.00,0.00,4.88,1.50,2.90,4.36,3.69,5.21,12.71,20.61,52.68,8.01,3.85,4.46
26.80,26.8,24/11/2025 09:49:32,5.391,7.477,,15.8,872329.0,612093.0,991899.72,586.30,1475.02,1273.83,368.56,2948.36,168.33,63.99,43.81,309.57,35.19,14.54,24.86,626.37,51.91,12.29,13.89,37.36,42.30,58.38,26.03,4.50,1.01,1949.01,174.39,3.62,0.44,133.31,27.97,10.24,2.10,0.00,0.00,3.47,1.22,2.08,3.14,1.48,3.82,7.43,18.51,51.74,7.41,2.42,3.95,14725.60,972.24,2445.99,2406.85,696.37,6307.53,360.12,146.62,100.39,772.97,87.87,17.51,29.95,876.42,72.63,20.50,23.18,66.69,75.51,85.32,38.04,6.47,1.45,2786.58,249.34,4.60,0.56,166.88,35.01,12.75,2.61,0.00,0.00,4.10,1.44,2.81,4.24,1.97,5.09,8.30,20.66,55.74,7.98,2.75,4.48
26.90,26.9,24/11/2025 09:49:52,5.219,11.246,,15.8,866102.0,608016.0,992076.31,502.30,1408.00,1365.45,376.85,2727.78,160.82,66.46,45.09,281.11,34.90,9.05,24.61,654.98,51.81,22.25,13.76,66.29,41.81,73.33,28.45,32.54,6.49,1937.50,173.13,3.59,0.44,94.54,15.14,7.26,2.00,0.00,0.00,3.85,1.22,4.11,3.17,2.46,3.80,15.16,18.16,51.09,7.39,2.59,3.92,14329.86,832.95,2334.86,2579.96,712.05,5835.63,344.05,152.28,103.33,701.91,87.15,10.91,29.64,916.45,72.49,37.13,22.95,118.34,74.64,107.17,41.59,46.76,9.33,2770.13,247.53,4.57,0.56,118.35,18.95,9.04,2.49,0.00,0.00,4.55,1.44,5.55,4.28,3.28,5.07,16.93,20.28,55.04,7.96,2.94,4.44
27.00,27.0,24/11/2025 09:50:22,5.282,5.227,,15.8,863997.0,607165.0,992541.70,290.19,1438.63,1423.05,384.74,2581.32,154.84,35.24,48.70,209.13,35.37,42.44,45.65,674.53,51.93,33.04,15.04,76.62,41.84,68.66,27.61,31.39,6.30,1803.62,160.48,3.31,0.43,107.83,19.24,7.77,2.02,0.00,0.00,2.47,1.17,1.85,3.08,1.60,3.77,7.95,18.14,53.07,7.45,3.23,3.82,13432.37,481.22,2385.65,2688.81,726.95,5522.31,331.26,80.75,111.58,522.17,88.32,51.12,54.99,943.81,72.66,55.12,25.10,136.78,74.70,100.35,40.36,45.10,9.05,2578.71,229.45,4.21,0.55,134.98,24.09,9.67,2.51,0.00,0.00,2.92,1.39,2.51,4.16,2.14,5.03,8.88,20.25,57.17,8.03,3.66,4.33
27.10,27.1,24/11/2025 09:50:41,5.075,7.339,1181241.094,15.8,859808.0,603824.0,992860.72,346.72,1465.79,1365.71,377.71,2526.93,152.61,24.20,47.98,279.51,34.68,0.00,0.00,622.47,50.91,16.61,13.65,73.72,41.74,62.30,26.33,20.84,4.31,1639.01,145.14,3.14,0.42,77.18,10.64,6.39,1.97,0.00,0.00,3.08,1.17,0.81,3.06,2.47,3.77,13.66,18.08,50.75,7.31,3.77,3.80,13000.17,574.95,2430.69,2580.47,713.67,5405.95,326.48,55.46,109.95,697.91,86.60,0.00,0.00,870.96,71.24,27.72,22.77,131.60,74.52,91.05,38.49,29.95,6.19,2343.36,207.51,4.00,0.54,96.61,13.31,7.95,2.45,0.00,0.00,3.65,1.38,1.10,4.13,3.30,5.03,15.26,20.19,54.67,7.87,4.28,4.31
27.20,27.2,24/11/2025 09:51:01,4.596,7.203,,15.8,855592.0,602347.0,992409.45,287.24,1412.98,1401.73,378.81,2816.51,162.53,202.42,114.24,241.86,34.58,14.82,24.42,628.91,51.32,17.48,13.62,88.49,42.01,70.66,27.91,81.12,20.03,1574.88,139.07,3.25,0.42,83.72,12.27,7.46,1.93,0.00,0.00,1.79,1.16,2.68,3.03,2.22,3.73,9.72,18.10,50.79,7.25,2.79,3.86,13970.14,476.32,2343.11,2648.51,715.75,6025.46,347.70,463.82,261.76,603.89,86.33,17.85,29.41,879.98,71.80,29.16,22.73,157.98,74.99,103.27,40.79,116.56,28.78,2251.68,198.84,4.14,0.53,104.80,15.36,9.29,2.40,0.00,0.00,2.11,1.37,3.61,4.10,2.96,4.97,10.86,20.21,54.71,7.81,3.17,4.38
27.30,27.3,24/11/2025 09:51:21,4.938,7.203,,15.8,859088.0,604166.0,992873.54,114.91,1500.51,1205.61,357.47,2785.39,161.27,26.72,21.70,306.24,34.47,38.77,43.30,614.27,51.03,18.30,13.61,66.06,41.74,67.01,27.23,12.30,2.63,1724.38,153.10,3.52,0.43,67.40,8.33,7.64,2.01,0.00,0.00,2.33,1.17,4.09,3.08,2.40,3.72,11.69,18.13,44.10,7.12,3.34,3.84,13063.13,190.56,2488.25,2277.96,675.42,5958.89,345.00,61.22,49.72,764.65,86.06,46.70,52.16,859.49,71.40,30.54,22.71,117.93,74.51,97.95,39.80,17.68,3.77,2465.42,218.89,4.48,0.55,84.37,10.42,9.50,2.50,0.00,0.00,2.75,1.38,5.52,4.17,3.19,4.96,13.05,20.24,47.50,7.67,3.79,4.36
27.40,27.4,24/11/2025 09:51:40,4.049,8.925,,15.8,862132.0,604484.0,992116.22,435.47,1465.65,1341.74,377.45,2600.07,155.78,81.82,52.77,333.59,34.47,46.18,47.53,646.20,51.59,15.61,13.67,102.17,42.31,41.96,23.21,70.85,13.03,2017.76,180.67,3.37,0.43,64.94,7.71,6.59,1.95,0.00,0.00,2.91,1.19,2.57,3.10,1.52,3.79,18.22,18.19,47.54,7.27,2.70,3.90,14233.72,722.12,2430.46,2535.17,713.18,5562.43,333.26,187.48,120.92,832.95,86.07,55.63,57.26,904.16,72.19,26.05,22.80,182.39,75.54,61.32,33.93,101.80,18.73,2884.87,258.31,4.29,0.55,81.29,9.65,8.21,2.43,0.00,0.00,3.44,1.41,3.47,4.18,2.02,5.06,20.35,20.31,51.21,7.83,3.06,4.42
27.50,27.5,24/11/2025 09:52:10,4.392,6.942,,15.8,858814.0,601582.0,992447.84,173.05,1471.65,1194.64,357.26,2745.77,160.39,172.91,98.84,278.54,34.40,72.33,58.36,604.78,51.31,22.75,13.75,65.30,41.94,51.54,24.67,77.70,20.02,1930.58,172.43,3.10,0.42,83.17,12.03,7.50,1.99,0.00,0.00,3.11,1.18,1.71,3.07,2.23,3.79,8.51,18.23,50.39,7.22,2.53,3.84,13738.11,286.97,2440.40,2257.22,675.03,5874.12,343.12,396.21,226.47,695.50,85.89,87.13,70.30,846.21,71.79,37.95,22.93,116.57,74.88,75.33,36.06,111.64,28.76,2760.24,246.54,3.95,0.53,104.11,15.06,9.34,2.47,0.00,0.00,3.68,1.40,2.31,4.15,2.97,5.06,9.50,20.35,54.28,7.78,2.87,4.35
27.60,27.6,24/11/2025 09:52:30,4.391,5.817,1181243.605,15.8,855990.0,600472.0,992612.22,332.19,1417.33,1148.47,347.48,2517.79,151.62,49.75,35.63,366.29,34.10,20.65,29.29,632.45,51.17,15.76,13.61,68.22,41.77,52.28,24.68,69.48,19.58,1970.57,176.17,3.56,0.44,62.17,7.16,7.43,1.97,0.00,0.00,2.41,1.19,2.21,3.07,2.51,3.76,12.93,18.13,48.48,7.31,2.17,3.90,13357.29,550.87,2350.32,2169.99,656.55,5386.39,324.37,113.99,81.65,914.59,85.14,24.87,35.28,884.92,71.59,26.30,22.70,121.78,74.58,76.41,36.07,99.84,28.13,2817.41,251.88,4.54,0.56,77.83,8.96,9.25,2.45,0.00,0.00,2.86,1.41,2.98,4.15,3.35,5.01,14.44,20.24,52.22,7.87,2.46,4.43
27.70,27.7,24/11/2025 09:52:50,5.089,5.293,,15.8,857683.0,602065.0,993058.78,218.11,1477.19,1096.82,346.19,2342.87,144.30,26.45,47.75,186.73,34.56,10.37,24.24,647.04,51.20,12.65,13.57,85.60,41.58,73.84,28.38,23.21,4.73,2044.07,183.15,3.32,0.43,80.25,11.30,7.71,1.99,0.00,0.00,3.31,1.20,1.99,3.08,2.94,3.75,23.03,17.98,47.86,7.27,3.03,3.88,12334.18,361.69,2449.58,2072.41,654.12,5012.19,308.70,60.62,109.40,466.24,86.30,12.50,29.19,905.35,71.64,21.11,22.64,152.81,74.23,107.92,41.48,33.35,6.79,2922.50,261.86,4.22,0.54,100.46,14.14,9.59,2.47,0.00,0.00,3.91,1.42,2.69,4.17,3.92,5.01,25.72,20.08,51.55,7.83,3.44,4.40
27.80,27.8,24/11/2025 09:53:10,4.829,6.285,,15.8,859403.0,602196.0,992632.95,255.26,1451.78,1140.37,351.19,2525.38,152.53,19.76,16.86,284.35,34.62,0.00,0.00,652.20,51.43,21.74,13.66,57.09,41.60,34.25,22.10,35.53,7.03,2202.78,198.26,3.85,0.45,61.28,6.95,7.89,1.97,0.00,0.00,2.83,1.19,2.48,3.11,1.91,3.78,6.64,18.12,49.23,7.22,2.22,3.88,13200.79,423.29,2407.46,2154.69,663.56,5402.63,326.31,45.27,38.64,709.99,86.44,0.00,0.00,912.56,71.96,36.27,22.79,101.91,74.27,50.06,32.31,51.06,10.09,3149.41,283.46,4.90,0.57,76.71,8.70,9.82,2.46,0.00,0.00,3.35,1.41,3.34,4.20,2.55,5.04,7.42,20.24,53.03,7.78,2.52,4.41
27.90,27.9,24/11/2025 09:53:29,4.832,6.875,,15.8,861098.0,602942.0,992352.85,201.24,1483.89,1255.46,367.31,2661.33,158.31,48.00,34.77,318.97,34.53,1.24,24.43,649.27,51.45,14.87,13.65,79.14,41.86,60.66,26.05,26.58,5.39,2176.12,195.67,3.40,0.43,66.23,7.97,6.99,1.94,0.00,0.00,2.23,1.19,2.46,3.13,3.57,3.81,11.83,18.09,53.74,7.36,3.84,3.91,13802.03,333.70,2460.70,2372.15,694.03,5693.47,338.68,109.99,79.68,796.44,86.23,1.49,29.42,908.46,71.99,24.82,22.78,141.28,74.73,88.66,38.08,38.19,7.74,3111.30,279.76,4.33,0.54,82.90,9.97,8.70,2.41,0.00,0.00,2.64,1.40,3.33,4.23,4.75,5.08,13.20,20.20,57.89,7.93,4.36,4.44
28.00,28.0,24/11/2025 09:53:59,4.262,5.621,,15.8,861119.0,602430.0,991827.61,591.35,1428.85,1131.14,347.68,2784.42,162.00,14.38,12.74,336.56,34.54,13.26,24.63,678.99,52.05,19.98,13.74,91.15,42.27,59.81,26.06,72.48,19.86,2218.62,199.76,3.26,0.42,73.95,9.66,6.55,1.96,0.00,0.00,3.57,1.21,0.91,3.15,2.84,3.83,12.01,18.22,53.98,7.51,3.20,3.90,14662.94,980.63,2369.43,2137.24,656.93,5956.80,346.58,32.94,29.20,840.36,86.25,15.97,29.66,950.04,72.83,33.34,22.92,162.71,75.47,87.41,38.09,104.14,28.53,3172.06,285.61,4.14,0.54,92.57,12.09,8.16,2.44,0.00,0.00,4.22,1.43,1.23,4.26,3.78,5.11,13.41,20.34,58.14,8.08,3.63,4.42
28.10,28.1,24/11/2025 09:54:19,4.483,9.125,1181243.339,15.8,858681.0,599402.0,992000.28,263.06,1395.78,1368.88,372.86,2761.11,160.79,36.95,48.46,323.90,34.45,51.70,50.00,644.85,51.33,24.73,13.68,74.96,41.99,65.53,27.05,24.63,5.02,2185.01,196.48,3.26,0.43,92.15,14.36,7.88,2.00,0.00,0.00,4.06,1.23,1.13,3.09,1.84,3.78,8.71,18.19,52.12,7.35,3.25,3.88,14425.49,436.23,2314.59,2586.45,704.51,5906.95,343.98,84.66,111.05,808.74,86.03,62.27,60.22,902.28,71.82,41.26,22.83,133.82,74.96,95.77,39.54,35.38,7.21,3124.01,280.91,4.15,0.55,115.36,17.98,9.81,2.48,0.00,0.00,4.81,1.45,1.52,4.17,2.46,5.04,9.73,20.31,56.15,7.92,3.68,4.40
28.20,28.2,24/11/2025 09:54:39,4.014,10.648,,15.8,860063.0,598764.0,992047.52,374.76,1487.88,1163.05,355.61,2833.57,164.15,0.00,0.00,249.16,34.63,20.96,29.52,647.73,51.45,16.03,13.57,79.26,41.64,68.11,27.39,12.80,2.72,2323.60,209.73,3.46,0.44,74.98,9.90,6.47,1.98,0.00,0.00,3.56,1.22,2.92,3.12,0.61,3.75,15.02,18.02,53.68,7.43,2.77,3.88,14235.95,621.45,2467.32,2197.53,671.91,6061.95,351.17,0.00,0.00,622.13,86.46,25.25,35.57,906.30,71.99,26.74,22.64,141.50,74.34,99.55,40.03,18.39,3.90,3322.15,299.86,4.40,0.56,93.86,12.40,8.05,2.46,0.00,0.00,4.21,1.44,3.94,4.22,0.81,5.00,16.77,20.12,57.82,8.01,3.14,4.40
28.30,28.3,24/11/2025 09:54:59,4.108,6.418,,15.8,863484.0,597927.0,991182.75,287.19,1456.26,1655.55,415.71,2923.89,167.88,101.17,62.45,349.48,34.80,47.33,48.53,730.42,52.87,18.90,13.75,56.87,42.14,55.17,25.36,2.30,0.51,2447.43,221.56,3.18,0.43,52.75,5.28,6.69,2.02,0.00,0.00,5.05,1.31,1.45,3.12,2.64,3.77,16.28,18.37,50.33,7.42,3.18,3.86,15925.02,476.23,2414.88,3128.10,785.46,6255.18,359.16,231.81,143.10,872.61,86.90,57.02,58.46,1022.01,73.97,31.54,22.94,101.52,75.23,80.64,37.07,3.30,0.73,3499.19,316.78,4.05,0.55,66.03,6.61,8.33,2.51,0.00,0.00,5.97,1.55,1.96,4.22,3.52,5.03,18.17,20.51,54.21,7.99,3.61,4.38
28.40,28.4,24/11/2025 09:55:18,4.919,8.331,,15.8,863245.0,599631.0,991536.18,295.30,1450.44,1352.45,373.69,3089.35,172.61,120.14,71.11,243.40,34.86,42.01,45.48,640.18,51.90,18.23,13.70,76.30,41.98,65.14,26.91,55.20,10.37,2298.96,207.32,3.48,0.44,76.84,10.32,7.03,1.99,0.00,0.00,3.45,1.23,3.37,3.12,1.74,3.76,14.23,18.17,53.60,7.52,3.41,3.90,15309.53,489.70,2405.22,2555.41,706.07,6609.16,369.27,275.29,162.93,607.74,87.04,50.60,54.78,895.75,72.62,30.42,22.86,136.21,74.93,95.20,39.33,79.31,14.91,3286.92,296.41,4.43,0.56,96.19,12.92,8.75,2.48,0.00,0.00,4.08,1.46,4.55,4.22,2.32,5.02,15.89,20.28,57.74,8.10,3.87,4.43
28.50,28.5,24/11/2025 09:55:48,4.416,4.963,,15.8,865424.0,600487.0,992079.04,119.74,1449.12,1402.38,385.28,2693.58,158.95,43.40,49.06,261.27,35.17,53.71,51.13,677.53,51.56,9.71,13.73,76.90,42.26,54.65,25.17,74.42,19.95,2295.23,207.06,2.98,0.42,67.00,8.10,7.81,2.03,0.00,0.00,4.88,1.29,2.39,3.10,2.60,3.76,13.94,18.28,53.27,7.52,3.57,3.85,14184.01,198.56,2403.05,2649.75,727.98,5762.47,340.04,99.44,112.41,652.36,87.83,64.69,61.59,948.01,72.14,16.21,22.91,137.28,75.43,79.87,36.79,106.93,28.67,3281.60,296.05,3.80,0.53,83.87,10.14,9.72,2.53,0.00,0.00,5.77,1.53,3.23,4.18,3.46,5.02,15.56,20.41,57.38,8.10,4.05,4.37
28.60,28.6,24/11/2025 09:56:08,4.891,5.223,1181242.282,15.8,862445.0,601363.0,992171.99,231.77,1461.05,1106.58,345.42,2642.49,156.37,76.71,49.83,332.29,34.41,131.96,70.76,674.03,51.59,10.82,13.66,38.72,41.81,53.93,25.07,30.06,6.04,2335.21,210.88,3.66,0.45,80.04,11.12,9.41,2.03,0.00,0.00,3.27,1.19,2.49,3.11,2.05,3.83,10.94,18.28,47.90,7.30,3.67,3.95,13978.35,384.34,2422.83,2090.84,652.65,5653.18,334.53,175.77,114.17,829.70,85.92,158.96,85.23,943.11,72.18,18.06,22.80,69.13,74.63,78.82,36.64,43.20,8.68,3338.76,301.50,4.66,0.57,100.19,13.92,11.71,2.53,0.00,0.00,3.86,1.41,3.36,4.20,2.73,5.10,12.22,20.41,51.60,7.87,4.17,4.48
28.70,28.7,24/11/2025 09:56:28,5.183,11.773,,15.8,864011.0,602933.0,991917.82,353.19,1455.18,1148.65,349.05,2524.03,151.52,71.75,47.18,273.11,34.54,82.57,61.17,718.07,52.46,20.24,13.73,50.32,41.86,67.04,27.39,68.27,19.72,2555.46,232.01,3.74,0.44,70.86,8.88,7.28,2.02,0.00,0.00,2.33,1.20,1.83,3.15,2.00,3.85,8.08,18.26,50.44,7.37,2.91,3.91,14256.70,585.69,2413.09,2170.34,659.52,5399.74,324.14,164.40,108.11,681.92,86.24,99.46,73.69,1004.72,73.40,33.78,22.91,89.83,74.72,97.99,40.03,98.09,28.33,3653.66,331.72,4.76,0.56,88.70,11.12,9.07,2.51,0.00,0.00,2.76,1.42,2.47,4.26,2.67,5.13,9.02,20.38,54.34,7.94,3.30,4.44
28.80,28.8,24/11/2025 09:56:48,4.771,6.878,,15.8,863828.0,603710.0,991411.15,506.89,1430.29,1453.17,385.14,2757.89,160.79,78.53,50.75,278.43,34.68,22.92,31.72,656.15,51.82,21.11,13.74,74.22,42.10,46.05,23.85,39.63,7.78,2502.44,226.89,3.61,0.44,66.31,7.90,7.81,2.08,0.00,0.00,2.87,1.21,3.08,3.15,3.94,3.84,8.13,18.25,52.97,7.52,2.71,3.94,15356.32,840.56,2371.82,2745.71,727.71,5900.05,343.98,179.95,116.28,695.20,86.59,27.61,38.21,918.10,72.51,35.22,22.92,132.49,75.16,67.30,34.86,56.95,11.18,3577.85,324.39,4.59,0.57,83.00,9.89,9.72,2.58,0.00,0.00,3.39,1.43,4.16,4.26,5.26,5.12,9.08,20.37,57.06,8.10,3.07,4.47
28.90,28.9,24/11/2025 09:57:08,3.906,7.475,,15.8,864414.0,605836.0,991882.30,438.34,1443.43,1286.49,365.46,2547.29,152.65,12.85,47.53,349.36,34.38,0.00,0.00,623.59,51.46,17.54,13.63,95.55,42.14,70.64,27.89,63.43,11.73,2453.27,222.16,3.05,0.42,74.10,9.66,6.18,2.01,0.00,0.00,2.14,1.19,1.66,3.12,1.62,3.83,18.15,18.13,48.37,7.37,4.09,3.97,14471.49,726.89,2393.61,2430.78,690.53,5449.50,326.56,29.45,108.92,872.31,85.84,0.00,0.00,872.53,72.01,29.26,22.74,170.57,75.23,103.25,40.76,91.13,16.85,3507.54,317.63,3.88,0.54,92.76,12.09,7.69,2.51,0.00,0.00,2.53,1.41,2.24,4.21,2.16,5.11,20.27,20.24,52.11,7.94,4.64,4.50
29.00,29.0,24/11/2025 09:57:38,4.401,9.654,,15.8,866807.0,604920.0,991778.67,634.40,1368.35,1397.76,376.78,2531.04,152.31,100.42,61.78,298.44,34.62,14.15,24.57,652.33,51.93,9.87,13.67,127.78,42.64,72.21,28.26,7.48,1.63,2217.49,199.64,3.97,0.44,63.95,7.46,7.89,2.03,0.00,0.00,3.67,1.21,3.03,3.18,2.24,3.85,20.45,18.15,50.62,7.43,2.15,3.92,14730.27,1052.01,2269.11,2641.02,711.91,5414.75,325.84,230.10,141.57,745.18,86.43,17.04,29.59,912.74,72.66,16.46,22.80,228.11,76.13,105.54,41.31,10.74,2.34,3170.45,285.43,5.05,0.57,80.05,9.34,9.82,2.53,0.00,0.00,4.34,1.44,4.10,4.29,2.99,5.13,22.83,20.26,54.52,8.00,2.44,4.45
29.10,29.1,24/11/2025 09:57:58,4.328,8.200,1181241.884,15.8,862918.0,603555.0,992377.36,412.49,1481.09,1173.39,353.88,2358.26,145.06,115.94,69.01,395.19,34.19,0.00,0.00,592.69,51.31,22.34,13.70,79.96,42.12,40.32,23.05,71.04,19.84,2212.99,199.31,3.40,0.43,67.50,8.24,6.96,1.97,0.00,0.00,2.68,1.20,2.92,3.12,1.10,3.77,8.91,18.22,50.73,7.30,3.84,3.90,13707.95,684.02,2456.05,2217.08,668.65,5045.11,310.34,265.65,158.12,986.76,85.36,0.00,0.00,829.29,71.79,37.27,22.86,142.74,75.18,58.92,33.69,102.07,28.51,3164.00,284.96,4.33,0.55,84.50,10.31,8.66,2.45,0.00,0.00,3.17,1.42,3.94,4.21,1.47,5.03,9.95,20.35,54.64,7.86,4.36,4.43
29.20,29.2,24/11/2025 09:58:17,5.067,13.757,,15.8,868956.0,606651.0,991810.16,421.48,1462.81,1334.75,376.07,2873.42,166.34,24.06,20.04,266.06,34.72,82.04,60.68,690.56,52.45,18.41,13.79,96.18,42.52,61.27,26.30,48.04,9.22,2126.71,190.98,3.40,0.43,60.16,6.71,7.55,1.99,0.00,0.00,3.48,1.22,3.71,3.13,4.50,3.84,13.91,18.28,47.26,7.27,2.91,3.86,14728.13,698.92,2425.74,2521.96,710.57,6147.21,355.85,55.12,45.91,664.34,86.68,98.82,73.09,966.23,73.39,30.72,23.01,171.70,75.91,89.54,38.44,69.03,13.25,3040.65,273.05,4.32,0.55,75.30,8.39,9.39,2.48,0.00,0.00,4.12,1.44,5.01,4.23,6.00,5.12,15.53,20.41,50.91,7.83,3.30,4.38
29.30,29.3,24/11/2025 09:58:37,5.010,10.849,,15.8,871199.0,608787.0,991566.64,540.45,1400.19,1470.29,388.38,2761.33,161.73,32.20,49.06,488.97,34.28,0.00,0.00,739.34,52.84,26.36,13.98,51.94,42.50,62.74,26.80,18.30,3.87,2101.69,188.74,3.37,0.44,57.43,6.18,6.69,1.94,0.00,0.00,4.36,1.22,1.42,3.14,2.65,3.85,5.32,18.54,54.31,7.37,4.19,4.00,15334.78,896.22,2321.91,2778.06,733.83,5907.41,346.00,73.79,112.41,1220.92,85.59,0.00,0.00,1034.49,73.94,43.98,23.33,92.72,75.86,91.69,39.17,26.30,5.57,3004.88,269.85,4.29,0.55,71.88,7.74,8.33,2.41,0.00,0.00,5.16,1.44,1.92,4.24,3.53,5.13,5.94,20.70,58.51,7.94,4.75,4.54
29.40,29.4,24/11/2025 09:58:57,4.369,14.615,,15.8,868806.0,608474.0,991792.74,297.23,1461.02,1357.11,378.20,2885.46,165.86,72.99,47.98,396.40,34.64,14.32,24.95,683.61,52.49,24.51,13.86,51.79,42.22,63.79,26.90,81.59,20.40,2113.64,189.83,3.42,0.44,80.18,11.19,8.35,1.98,0.00,0.00,5.34,1.35,2.87,3.19,2.84,3.83,8.13,18.42,50.34,7.48,3.36,3.92,14922.81,492.90,2422.78,2564.21,714.59,6172.96,354.82,167.24,109.93,989.77,86.49,17.25,30.05,956.51,73.45,40.90,23.13,92.45,75.37,93.23,39.32,117.23,29.31,3021.96,271.40,4.35,0.56,100.37,14.00,10.40,2.47,0.00,0.00,6.31,1.60,3.87,4.32,3.78,5.11,9.07,20.56,54.23,8.06,3.82,4.45
29.50,29.5,24/11/2025 09:59:27,4.757,11.704,,15.8,865835.0,608245.0,991983.94,320.27,1427.27,1543.87,397.80,2803.00,162.46,14.02,12.60,392.47,34.77,0.00,0.00,649.85,51.91,20.46,13.85,27.59,42.04,58.18,25.86,20.25,4.21,2048.37,183.53,3.61,0.44,32.27,2.34,5.98,1.96,0.00,0.00,3.52,1.22,2.08,3.09,3.65,3.83,8.18,18.43,54.49,7.48,3.95,3.96,14628.84,531.09,2366.81,2917.09,751.63,5996.55,347.56,32.12,28.87,979.95,86.82,0.00,0.00,909.28,72.63,34.15,23.11,49.25,75.05,85.03,37.80,29.09,6.05,2928.65,262.40,4.59,0.56,40.39,2.93,7.44,2.44,0.00,0.00,4.16,1.44,2.81,4.17,4.87,5.11,9.13,20.58,58.70,8.06,4.48,4.50
29.60,29.6,24/11/2025 09:59:47,4.222,13.553,1181240.763,15.8,864163.0,602804.0,991551.46,287.37,1421.88,1470.59,387.32,2909.73,166.71,87.64,55.60,371.59,34.64,59.79,53.89,718.53,52.40,27.23,13.86,66.11,42.17,60.34,26.22,33.64,6.71,2236.15,201.38,3.51,0.44,40.57,3.38,7.55,2.03,0.00,0.00,4.44,1.25,4.37,3.16,1.76,3.79,5.58,18.33,48.38,7.32,3.67,3.92,15323.84,476.54,2357.87,2778.63,731.83,6224.88,356.66,200.81,127.40,927.83,86.49,72.02,64.92,1005.37,73.32,45.44,23.12,118.02,75.29,88.18,38.32,48.34,9.64,3197.12,287.93,4.47,0.56,50.78,4.24,9.39,2.53,0.00,0.00,5.25,1.48,5.90,4.27,2.34,5.05,6.23,20.46,52.11,7.88,4.17,4.44
29.70,29.7,24/11/2025 10:00:06,4.321,9.455,,15.9,860800.0,593512.0,991612.67,243.39,1439.98,1492.85,389.98,2850.29,164.18,87.15,55.58,408.59,34.41,95.96,64.69,788.88,52.93,38.07,16.73,77.53,42.35,58.71,25.93,61.87,11.54,2030.64,181.79,3.78,0.44,63.47,7.36,7.00,1.95,0.00,0.00,8.68,1.76,5.09,3.12,2.28,3.73,6.70,18.35,53.18,7.44,3.22,3.92,15222.81,403.61,2387.89,2820.69,736.85,6097.73,351.24,199.68,127.35,1020.21,85.91,115.60,77.92,1103.81,74.06,63.52,27.91,138.41,75.60,85.82,37.91,88.90,16.58,2903.30,259.91,4.81,0.56,79.45,9.21,8.71,2.43,0.00,0.00,10.26,2.08,6.87,4.22,3.04,4.97,7.48,20.48,57.29,8.01,3.65,4.45
29.80,29.8,24/11/2025 10:00:26,4.475,12.363,,15.9,853399.0,587853.0,991164.41,351.46,1392.68,1490.02,386.60,3306.61,180.44,43.66,32.48,382.09,34.32,171.91,77.39,712.54,52.14,24.04,13.72,67.98,41.83,82.19,30.28,0.35,0.08,2049.58,183.43,3.16,0.42,58.21,6.31,6.23,1.92,0.00,0.00,12.82,2.01,5.33,3.11,1.34,3.66,9.99,18.17,51.06,7.35,5.02,3.97,16123.37,582.81,2309.45,2815.34,730.47,7073.94,386.03,100.05,74.42,954.05,85.70,207.08,93.22,996.99,72.96,40.11,22.89,121.35,74.67,120.13,44.26,0.50,0.11,2930.38,262.26,4.03,0.53,72.87,7.90,7.76,2.39,0.00,0.00,15.16,2.38,7.21,4.20,1.79,4.89,11.15,20.28,55.00,7.92,5.70,4.50
29.90,29.9,24/11/2025 10:00:46,5.709,12.828,,15.9,858529.0,587974.0,991802.55,316.09,1435.84,1408.30,381.63,3150.24,175.36,63.69,43.63,306.57,34.69,38.35,43.40,637.68,51.72,18.65,13.64,79.73,41.98,64.07,26.80,11.56,2.47,1940.08,173.29,3.60,0.43,66.37,8.02,7.27,1.94,0.00,0.00,8.44,1.72,7.52,3.08,1.59,3.64,14.39,18.18,50.22,7.32,3.02,3.89,15024.48,524.16,2381.01,2660.93,721.08,6739.42,375.15,145.95,99.97,765.47,86.61,46.19,52.29,892.25,72.37,31.12,22.76,142.33,74.94,93.64,39.16,16.62,3.55,2773.82,247.76,4.58,0.55,83.08,10.03,9.05,2.41,0.00,0.00,9.98,2.04,10.16,4.17,2.12,4.85,16.07,20.30,54.10,7.89,3.43,4.41
30.00,30.0,24/11/2025 10:01:16,5.709,9.255,,15.9,860279.0,589524.0,991865.46,346.41,1394.82,1458.42,382.90,2872.60,164.88,3.46,3.39,431.96,33.99,0.00,0.00,711.89,52.29,28.21,13.70,110.21,42.36,61.39,26.28,15.11,3.20,1903.34,169.83,3.37,0.42,99.08,16.44,8.47,2.02,0.00,0.00,10.03,1.86,3.24,3.08,2.71,3.64,11.57,18.14,50.46,7.34,2.60,3.94,14863.59,574.44,2312.99,2755.64,723.48,6145.46,352.73,7.92,7.76,1078.55,84.87,0.00,0.00,996.08,73.16,47.08,22.85,196.75,75.62,89.73,38.41,21.70,4.60,2721.29,242.81,4.29,0.54,124.03,20.57,10.54,2.52,0.00,0.00,11.87,2.20,4.38,4.15,3.62,4.85,12.92,20.25,54.36,7.91,2.95,4.47
30.10,30.1,24/11/2025 10:01:16,5.247,8.729,1181240.100,15.9,855105.0,589018.0,991635.79,325.81,1396.44,1472.41,380.72,2996.55,168.33,108.26,65.35,301.02,34.50,19.81,28.55,725.60,52.23,8.82,13.65,99.75,42.11,70.28,27.85,60.42,11.21,1969.39,175.95,3.59,0.43,98.34,16.16,8.67,2.05,0.00,0.00,10.80,1.92,5.87,3.14,2.01,3.69,24.92,18.14,49.25,7.29,2.63,3.93,15215.54,540.28,2315.68,2782.06,719.35,6410.62,360.11,248.07,149.74,751.63,86.13,23.87,34.39,1015.26,73.08,14.71,22.77,178.07,75.18,102.72,40.71,86.82,16.11,2815.73,251.57,4.57,0.55,123.10,20.23,10.79,2.56,0.00,0.00,12.77,2.27,7.93,4.24,2.68,4.92,27.83,20.26,53.05,7.85,2.98,4.46
30.20,30.2,24/11/2025 10:01:56,3.947,8.861,,15.9,854098.0,590623.0,992167.80,327.94,1432.42,1312.65,365.48,2759.10,161.31,52.50,37.59,396.49,34.32,13.66,24.60,730.39,52.21,33.67,15.21,62.89,41.75,53.88,25.01,11.26,2.41,1909.04,170.32,3.28,0.43,84.68,12.43,7.68,1.98,0.00,0.00,9.07,1.77,4.43,3.12,1.39,3.66,4.74,18.18,51.14,7.32,2.32,3.90,14269.49,543.81,2375.34,2480.21,690.57,5902.63,345.09,120.29,86.13,990.00,85.70,16.46,29.64,1021.96,73.05,56.17,25.38,112.27,74.52,78.74,36.56,16.18,3.47,2729.43,243.52,4.17,0.55,106.00,15.56,9.56,2.47,0.00,0.00,10.72,2.10,5.99,4.21,1.86,4.87,5.29,20.30,55.09,7.88,2.63,4.42
30.30,30.3,24/11/2025 10:02:16,5.402,9.260,,15.8,858450.0,599091.0,992310.41,720.25,1455.00,1221.38,352.38,2457.84,148.93,100.00,62.01,393.81,34.19,0.00,0.00,635.61,51.15,26.41,13.73,66.82,41.91,51.18,24.63,22.13,4.58,1813.39,161.44,3.39,0.43,89.01,13.65,6.69,1.96,0.00,0.00,6.73,1.52,5.32,3.06,1.26,3.72,13.96,18.23,51.04,7.28,3.39,3.88,13939.97,1194.37,2412.79,2307.75,665.81,5258.15,318.60,229.14,142.08,983.30,85.37,0.00,0.00,889.35,71.57,44.06,22.91,119.29,74.81,74.80,36.00,31.79,6.59,2592.69,230.81,4.31,0.55,111.42,17.08,8.33,2.44,0.00,0.00,7.96,1.80,7.19,4.14,1.67,4.96,15.58,20.35,54.98,7.85,3.84,4.40
30.40,30.4,24/11/2025 10:02:36,4.378,8.729,,15.8,859205.0,599846.0,992559.59,293.97,1464.12,1282.85,365.65,2514.51,151.80,46.73,49.36,256.06,34.60,26.10,34.16,626.44,51.32,5.64,13.64,54.88,41.52,79.31,29.52,41.14,7.93,2011.83,180.03,3.38,0.43,101.84,17.30,7.29,2.01,0.00,0.00,5.68,1.39,3.85,3.12,1.49,3.76,22.62,18.12,50.73,7.32,4.08,3.84,13343.26,487.49,2427.91,2423.90,690.88,5379.38,324.75,107.08,113.09,639.36,86.39,31.44,41.15,876.52,71.81,9.41,22.76,97.97,74.12,115.92,43.15,59.11,11.39,2876.41,257.39,4.30,0.55,127.48,21.65,9.07,2.50,0.00,0.00,6.71,1.65,5.20,4.21,1.99,5.01,25.25,20.23,54.64,7.88,4.62,4.36
30.50,30.5,24/11/2025 10:03:06,4.571,9.325,,15.8,858174.0,597395.0,992823.98,301.21,1393.98,1273.96,355.57,2414.66,146.85,46.09,49.10,309.78,34.26,0.00,0.00,607.32,51.03,2.73,13.57,61.91,41.52,69.90,27.71,10.51,2.25,1866.52,166.43,3.43,0.43,93.13,14.80,8.83,2.01,0.00,0.00,3.68,1.21,3.40,3.10,2.23,3.69,45.70,30.00,48.11,7.21,2.91,3.84,12952.23,499.50,2311.60,2407.11,671.84,5165.76,314.16,105.62,112.51,773.50,85.54,0.00,0.00,849.77,71.40,4.55,22.64,110.53,74.12,102.16,40.50,15.10,3.24,2668.65,237.96,4.36,0.54,116.57,18.53,11.00,2.50,0.00,0.00,4.35,1.43,4.60,4.19,2.98,4.92,51.02,33.49,51.83,7.77,3.30,4.36
30.60,30.6,24/11/2025 10:03:26,4.833,7.406,1181242.148,15.8,860685.0,598344.0,992762.91,414.98,1452.10,1123.11,338.95,2241.40,140.18,39.61,29.72,225.21,34.59,40.73,44.15,662.05,51.40,16.93,13.60,62.04,41.45,79.40,29.57,29.44,5.90,2108.08,189.25,3.25,0.42,101.24,17.09,8.26,1.99,0.00,0.00,4.64,1.25,2.91,3.12,2.74,3.79,17.89,18.04,50.94,7.36,2.23,3.81,12776.81,688.16,2407.98,2122.07,640.43,4795.11,299.89,90.76,68.09,562.33,86.36,49.07,53.18,926.34,71.92,28.25,22.70,110.76,74.00,116.05,43.22,42.30,8.47,3014.02,270.57,4.14,0.54,126.73,21.39,10.28,2.47,0.00,0.00,5.48,1.48,3.93,4.21,3.66,5.05,19.97,20.14,54.87,7.93,2.53,4.32
30.70,30.7,24/11/2025 10:03:45,5.036,9.257,,15.8,862746.0,600178.0,992615.35,421.81,1460.63,1177.74,353.77,2370.73,146.74,26.85,48.25,329.61,34.46,102.83,65.63,666.41,51.58,11.03,13.71,80.73,42.24,51.39,24.62,19.54,4.08,1923.10,171.80,3.42,0.43,108.53,19.42,8.36,1.99,0.00,0.00,4.09,1.23,5.58,3.13,3.16,3.72,10.62,18.25,55.00,7.47,4.12,3.92,13195.63,699.48,2422.13,2225.30,668.43,5071.79,313.93,61.53,110.55,823.00,86.03,123.86,79.06,932.45,72.17,18.41,22.88,144.12,75.40,75.10,35.99,28.07,5.86,2749.53,245.62,4.35,0.55,135.86,24.31,10.41,2.48,0.00,0.00,4.84,1.45,7.53,4.23,4.21,4.96,11.86,20.37,59.25,8.05,4.67,4.45
30.80,30.8,24/11/2025 10:04:05,4.247,10.915,,15.8,860107.0,601627.0,992643.59,297.24,1418.86,1273.24,360.74,2536.86,151.42,61.03,41.66,309.56,34.14,0.00,0.00,661.36,51.53,11.53,13.64,91.60,41.96,79.25,29.53,43.12,8.33,1797.00,159.87,3.65,0.44,105.74,18.58,7.93,1.95,0.00,0.00,4.41,1.22,3.93,3.08,1.77,3.75,16.57,18.07,47.98,7.09,2.65,3.88,13326.74,492.91,2352.87,2405.73,681.60,5427.20,323.95,139.85,95.46,772.94,85.25,0.00,0.00,925.37,72.11,19.24,22.75,163.52,74.91,115.84,43.16,61.95,11.96,2569.25,228.58,4.64,0.55,132.37,23.25,9.87,2.43,0.00,0.00,5.22,1.45,5.31,4.16,2.36,5.00,18.50,20.17,51.68,7.63,3.00,4.40
30.90,30.9,24/11/2025 10:04:25,3.754,6.352,,15.8,861993.0,605379.0,992253.46,615.13,1424.01,1397.32,376.68,2459.75,149.28,13.55,12.11,355.33,34.10,0.00,0.00,711.11,52.26,14.56,13.68,107.41,42.39,65.78,27.02,44.70,8.61,1808.35,160.88,3.38,0.43,70.49,8.97,5.45,1.92,0.00,0.00,7.03,1.57,4.84,3.05,1.88,3.73,8.20,18.13,48.81,7.25,3.45,3.95,13979.97,1020.06,2361.39,2640.19,711.73,5262.23,319.36,31.04,27.74,887.23,85.14,0.00,0.00,994.99,73.12,24.29,22.83,191.75,75.67,96.14,39.49,64.23,12.37,2585.48,230.02,4.30,0.55,88.24,11.23,6.78,2.39,0.00,0.00,8.32,1.86,6.54,4.12,2.51,4.97,9.16,20.24,52.58,7.81,3.91,4.49
31.00,31.0,24/11/2025 10:04:55,3.863,8.467,,15.8,864441.0,607210.0,992357.69,262.49,1456.13,1479.47,393.47,2579.78,154.47,38.72,48.93,473.04,34.07,0.00,0.00,665.28,51.90,5.85,13.70,96.24,42.44,42.41,23.38,17.73,3.74,1792.76,159.53,3.62,0.43,96.06,15.63,7.57,1.95,0.00,0.00,3.81,1.22,3.04,3.11,2.64,3.75,19.11,18.31,49.90,7.30,2.80,3.91,14007.29,435.29,2414.67,2795.39,743.44,5519.01,330.45,88.72,112.12,1181.14,85.07,0.00,0.00,930.86,72.62,9.77,22.85,171.81,75.76,61.98,34.18,25.48,5.37,2563.19,228.09,4.60,0.55,120.24,19.57,9.42,2.43,0.00,0.00,4.51,1.45,4.10,4.20,3.52,4.99,21.33,20.44,53.75,7.87,3.18,4.43
31.10,31.1,24/11/2025 10:05:15,3.665,8.266,1181239.307,15.8,863381.0,604488.0,992556.79,399.24,1472.31,1410.22,383.72,2388.99,146.75,95.10,59.38,294.62,34.66,21.19,30.27,680.95,52.16,17.33,13.69,94.89,42.36,78.07,29.44,73.71,13.49,1735.20,154.16,3.08,0.41,56.55,6.08,6.78,2.00,0.00,0.00,5.35,1.36,4.89,3.05,2.02,3.78,17.96,18.24,53.59,7.40,3.48,3.86,13449.05,662.06,2441.49,2664.56,725.02,5110.85,313.94,217.91,136.07,735.64,86.53,25.52,36.46,952.79,72.99,28.91,22.85,169.39,75.63,114.10,43.03,105.92,19.39,2480.90,220.40,3.92,0.52,70.79,7.61,8.43,2.49,0.00,0.00,6.32,1.61,6.61,4.12,2.69,5.03,20.05,20.36,57.72,7.97,3.95,4.38
31.20,31.2,24/11/2025 10:05:35,4.287,9.061,,15.8,867902.0,606736.0,992455.20,125.62,1504.75,1159.09,356.35,2752.55,161.30,87.83,55.88,478.21,34.12,0.00,0.00,694.36,52.35,19.17,13.81,79.39,42.34,56.93,25.65,17.32,3.66,1913.31,170.88,3.18,0.42,72.11,9.33,7.51,2.04,0.00,0.00,4.78,1.30,1.31,3.09,2.51,3.77,17.45,18.34,49.30,7.30,2.87,3.99,13861.46,208.31,2495.28,2190.06,673.31,5888.63,345.07,201.24,128.04,1194.05,85.20,0.00,0.00,971.55,73.25,31.99,23.04,141.73,75.59,83.21,37.49,24.88,5.26,2735.55,244.31,4.04,0.54,90.27,11.68,9.35,2.54,0.00,0.00,5.65,1.53,1.77,4.17,3.34,5.02,19.48,20.48,53.11,7.87,3.25,4.53
31.30,31.3,24/11/2025 10:05:55,3.985,10.583,,15.8,869661.0,611857.0,991930.75,375.66,1470.25,1426.54,388.37,2921.08,167.71,66.30,45.07,295.75,34.94,16.69,25.66,740.52,53.16,27.81,13.92,52.59,42.37,40.14,23.23,50.58,9.75,1907.72,170.42,3.54,0.44,63.47,7.42,8.31,2.02,0.00,0.00,4.07,1.24,1.91,3.10,2.44,3.78,7.10,18.50,54.03,7.39,3.02,3.91,14687.77,622.95,2438.08,2695.39,733.81,6249.17,358.79,151.91,103.28,738.45,87.24,20.10,30.91,1036.14,74.39,46.40,23.23,93.88,75.64,58.67,33.95,72.68,14.01,2727.55,243.66,4.51,0.56,79.46,9.29,10.34,2.51,0.00,0.00,4.81,1.46,2.58,4.19,3.25,5.05,7.92,20.66,58.20,7.96,3.43,4.44
31.40,31.4,24/11/2025 10:06:15,3.895,10.180,,15.7,875797.0,612687.0,992024.10,415.74,1457.95,1223.07,361.70,2952.32,168.96,4.74,4.58,250.24,35.36,36.84,42.54,668.91,52.60,20.02,13.92,118.88,43.03,66.37,27.30,102.71,18.25,1950.16,174.33,3.46,0.44,84.38,12.31,6.20,1.97,0.00,0.00,4.25,1.24,2.37,3.16,1.82,3.83,14.48,18.37,45.35,7.29,3.57,3.96,14408.31,689.42,2417.68,2310.95,683.42,6316.01,361.46,10.87,10.49,624.84,88.29,44.38,51.24,935.94,73.60,33.40,23.23,212.21,76.81,97.00,39.91,147.58,26.23,2788.24,249.25,4.40,0.56,105.63,15.41,7.72,2.45,0.00,0.00,5.03,1.47,3.20,4.27,2.42,5.11,16.16,20.50,48.85,7.85,4.05,4.50
31.50,31.5,24/11/2025 10:06:45,2.698,10.842,,15.8,870359.0,607538.0,992317.75,332.94,1490.66,1306.52,374.39,3044.47,172.09,38.50,49.14,175.07,35.40,15.09,24.60,664.33,52.09,12.50,13.73,114.12,42.52,67.00,27.26,13.54,2.88,1734.37,154.05,3.21,0.42,68.45,8.53,6.61,1.96,0.00,0.00,4.74,1.28,1.57,3.12,2.14,3.76,22.66,18.20,51.50,7.37,2.91,3.92,14021.26,552.11,2471.92,2468.62,707.39,6513.15,368.16,88.21,112.60,437.14,88.38,18.18,29.64,929.54,72.89,20.86,22.90,203.73,75.91,97.92,39.84,19.45,4.14,2479.70,220.26,4.08,0.54,85.69,10.68,8.23,2.44,0.00,0.00,5.61,1.51,2.12,4.22,2.85,5.01,25.30,20.32,55.47,7.93,3.30,4.45
31.60,31.6,24/11/2025 10:07:05,3.353,8.332,1181242.151,15.8,864026.0,606059.0,991759.00,596.71,1474.31,1593.98,405.34,2800.72,163.13,29.07,23.82,342.27,34.89,14.11,24.84,658.43,51.99,13.03,13.76,59.30,42.21,59.00,25.95,47.62,9.19,1842.25,164.16,3.58,0.44,99.40,16.58,7.54,2.04,0.00,0.00,5.66,1.41,2.23,3.13,2.00,3.78,11.07,18.35,49.66,7.32,3.37,4.00,14989.08,989.51,2444.82,3011.76,765.87,5991.67,348.99,66.60,54.58,854.63,87.13,16.99,29.92,921.28,72.74,21.74,22.96,105.86,75.36,86.23,37.93,68.43,13.20,2633.95,234.71,4.56,0.56,124.42,20.75,9.39,2.54,0.00,0.00,6.70,1.67,3.01,4.22,2.67,5.03,12.36,20.48,53.49,7.89,3.82,4.53
31.70,31.7,24/11/2025 10:07:25,3.899,6.480,,15.8,868280.0,605636.0,992094.80,481.96,1497.00,1238.32,365.96,2744.72,161.61,28.71,48.96,320.64,34.75,66.67,56.48,685.42,52.04,62.89,22.67,79.89,42.29,55.08,25.35,12.86,2.76,1940.28,173.43,3.40,0.43,101.59,17.20,9.32,2.08,0.00,0.00,4.65,1.28,2.42,3.14,2.94,3.81,12.75,18.35,48.54,7.31,2.13,3.91,14261.98,799.23,2482.44,2339.76,691.46,5871.87,345.75,65.79,112.18,800.62,86.77,80.31,68.04,959.04,72.82,104.93,37.82,142.62,75.50,80.51,37.05,18.48,3.97,2774.10,247.97,4.32,0.55,127.17,21.54,11.60,2.59,0.00,0.00,5.50,1.51,3.26,4.24,3.92,5.08,14.24,20.48,52.29,7.88,2.42,4.43
31.80,31.8,24/11/2025 10:07:45,3.351,6.877,,15.8,863817.0,602680.0,991972.24,211.28,1413.39,1310.30,368.73,2971.69,169.76,13.06,11.91,314.09,34.76,52.61,51.17,712.25,52.48,26.23,13.84,43.80,41.90,60.89,26.33,79.60,20.23,1992.99,178.32,3.59,0.45,143.71,31.81,8.44,2.04,0.00,0.00,8.20,1.69,4.52,3.13,1.89,3.77,11.71,18.33,53.25,7.50,3.68,4.00,14520.36,350.36,2343.79,2475.77,696.69,6357.44,363.18,29.92,27.28,784.25,86.80,63.37,61.64,996.58,73.42,43.77,23.09,78.20,74.80,88.99,38.48,114.37,29.07,2849.47,254.95,4.56,0.57,179.89,39.82,10.50,2.54,0.00,0.00,9.69,1.99,6.11,4.23,2.51,5.02,13.08,20.47,57.36,8.08,4.17,4.54
31.90,31.9,24/11/2025 10:08:06,3.448,10.252,,15.8,859379.0,603500.0,992112.76,364.75,1416.82,1248.02,358.56,2711.92,159.96,42.52,49.05,230.64,34.63,52.93,49.98,737.30,52.06,24.34,13.68,90.53,41.85,61.85,26.18,100.44,17.67,2033.75,182.08,3.59,0.44,102.06,17.28,7.48,2.00,0.00,0.00,3.62,1.25,1.30,3.15,2.90,3.81,15.55,18.03,47.81,7.30,3.96,4.00,14102.90,604.85,2349.49,2358.08,677.49,5801.70,342.22,97.43,112.39,575.89,86.46,63.76,60.21,1031.64,72.84,40.61,22.83,161.61,74.71,90.40,38.26,144.31,25.39,2907.74,260.33,4.57,0.56,127.75,21.62,9.31,2.48,0.00,0.00,4.28,1.48,1.75,4.26,3.86,5.09,17.36,20.13,51.50,7.86,4.49,4.54
32.00,32.0,24/11/2025 10:08:36,2.939,8.991,,15.8,859432.0,601536.0,992452.78,313.37,1392.20,1438.91,380.51,2612.21,155.27,25.84,48.02,255.47,34.54,1.33,24.31,660.62,51.77,8.16,13.64,52.57,41.64,56.73,25.37,71.33,13.01,1847.27,164.55,3.57,0.43,114.91,21.53,8.96,2.05,0.00,0.00,3.13,1.23,3.11,3.10,2.46,3.74,15.11,18.15,48.85,7.25,3.30,3.93,13627.82,519.66,2308.66,2718.78,718.95,5588.40,332.18,59.21,110.03,637.89,86.24,1.61,29.28,924.35,72.44,13.61,22.75,93.85,74.33,82.91,37.09,102.50,18.69,2641.12,235.27,4.55,0.55,143.84,26.95,11.15,2.55,0.00,0.00,3.71,1.46,4.20,4.18,3.28,4.98,16.87,20.26,52.62,7.81,3.74,4.46
32.10,32.1,24/11/2025 10:08:56,3.035,9.126,1181243.606,15.8,856890.0,602467.0,992655.56,382.39,1464.64,1143.96,348.44,2561.17,152.85,105.46,63.88,236.64,34.33,14.69,24.34,610.60,51.21,27.57,13.62,81.90,41.52,79.70,29.58,7.17,1.55,1919.37,171.33,3.83,0.44,86.46,12.93,6.66,2.00,0.00,0.00,2.59,1.19,3.17,3.06,3.05,3.76,13.27,17.95,51.63,7.32,3.16,3.85,13249.36,634.12,2428.77,2161.47,658.36,5479.20,326.99,241.65,146.36,590.86,85.72,17.70,29.32,854.35,71.65,46.00,22.73,146.21,74.13,116.48,43.23,10.30,2.23,2744.20,244.96,4.87,0.56,108.23,16.19,8.28,2.49,0.00,0.00,3.06,1.41,4.28,4.13,4.07,5.01,14.82,20.04,55.62,7.88,3.59,4.37
32.20,32.2,24/11/2025 10:09:16,2.887,7.206,,15.8,858982.0,602289.0,992491.34,265.21,1422.30,1157.91,348.82,2782.71,161.31,10.77,9.81,373.53,34.37,0.00,0.00,644.98,51.36,20.84,13.66,62.83,41.72,46.10,23.78,9.27,2.01,1970.42,176.20,3.17,0.42,74.13,9.80,8.73,2.02,0.00,0.00,2.64,1.20,2.76,3.11,2.16,3.74,14.92,18.16,52.66,7.38,2.93,3.87,13679.51,439.79,2358.57,2187.83,659.08,5953.15,345.10,24.67,22.47,932.66,85.81,0.00,0.00,902.46,71.86,34.77,22.79,112.16,74.47,67.38,34.75,13.32,2.88,2817.19,251.92,4.04,0.53,92.79,12.27,10.86,2.52,0.00,0.00,3.12,1.42,3.73,4.20,2.87,4.99,16.65,20.27,56.73,7.95,3.33,4.39
32.30,32.3,24/11/2025 10:09:36,3.170,6.015,,15.8,859320.0,603810.0,991905.68,487.37,1356.18,1447.81,382.21,2874.03,165.07,39.58,48.52,263.05,34.50,14.42,24.47,621.03,51.45,9.30,13.66,120.37,42.40,59.06,25.74,22.69,4.65,1958.73,175.02,3.44,0.43,83.61,12.13,6.68,2.01,0.00,0.00,2.98,1.19,2.30,3.10,2.65,3.81,22.26,18.10,49.50,7.34,3.46,3.94,14685.52,808.20,2248.92,2735.59,722.18,6148.51,353.13,90.68,111.17,656.80,86.15,17.38,29.48,868.95,71.98,15.51,22.80,214.89,75.69,86.32,37.62,32.61,6.68,2800.48,250.24,4.37,0.55,104.66,15.18,8.32,2.50,0.00,0.00,3.53,1.41,3.10,4.18,3.54,5.08,24.85,20.21,53.32,7.90,3.93,4.47
32.40,32.4,24/11/2025 10:09:56,3.192,6.084,,15.8,861476.0,603847.0,992267.72,150.78,1484.64,1365.60,377.82,2690.90,158.66,102.36,62.88,347.06,34.41,39.23,43.66,665.85,51.55,23.90,13.70,80.06,42.13,44.87,23.71,74.63,19.92,1984.46,177.50,3.76,0.44,71.56,9.16,7.48,1.93,0.00,0.00,2.77,1.21,1.71,3.11,1.99,3.79,18.10,18.27,52.40,7.47,2.81,3.89,14051.70,250.03,2461.95,2580.25,713.87,5756.74,339.42,234.56,144.08,866.58,85.91,47.26,52.59,931.66,72.13,39.88,22.85,142.93,75.21,65.58,34.65,107.23,28.63,2837.28,253.78,4.78,0.57,89.57,11.47,9.31,2.40,0.00,0.00,3.28,1.43,2.32,4.21,2.65,5.05,20.21,20.40,56.44,8.04,3.18,4.41
32.50,32.5,24/11/2025 10:10:26,3.125,2.911,,15.8,861482.0,605052.0,992404.54,230.76,1400.26,1238.26,357.96,2705.53,158.70,5.67,5.38,362.49,34.41,74.32,58.75,675.89,51.68,17.42,13.71,69.63,42.04,56.53,25.48,34.57,6.87,1966.49,175.83,3.38,0.43,72.44,9.39,5.43,1.93,0.00,0.00,2.07,1.19,3.33,3.16,1.96,3.81,13.70,18.25,52.23,7.36,3.37,3.91,13747.59,382.67,2322.01,2339.64,676.36,5788.04,339.51,13.00,12.33,905.11,85.92,89.53,70.77,945.71,72.30,29.06,22.88,124.30,75.05,82.62,37.24,49.67,9.87,2811.57,251.39,4.30,0.55,90.67,11.76,6.76,2.40,0.00,0.00,2.44,1.41,4.50,4.27,2.61,5.08,15.30,20.37,56.26,7.93,3.82,4.43
32.60,32.6,24/11/2025 10:10:46,2.572,6.015,1181241.291,15.8,858894.0,605883.0,992727.72,226.03,1477.92,1316.73,368.62,2495.06,149.36,7.78,7.16,299.99,34.34,11.18,24.41,640.75,51.49,18.54,13.67,97.67,42.17,42.67,23.26,71.21,19.75,1849.42,164.82,3.67,0.44,100.79,17.04,7.33,1.98,0.00,0.00,3.97,1.20,1.71,3.09,2.97,3.82,15.99,18.14,55.36,7.50,3.49,3.92,13123.88,374.82,2450.80,2487.91,696.50,5337.76,319.53,17.83,16.41,749.04,85.74,13.47,29.40,896.54,72.05,30.93,22.81,174.36,75.28,62.36,33.99,102.32,28.37,2644.19,235.65,4.66,0.56,126.17,21.33,9.12,2.47,0.00,0.00,4.70,1.42,2.31,4.18,3.96,5.10,17.86,20.26,59.63,8.07,3.95,4.45
32.70,32.7,24/11/2025 10:11:07,3.226,6.085,,15.8,861760.0,607873.0,992638.24,261.23,1497.00,1205.96,358.71,2559.94,152.92,0.35,0.35,223.93,34.58,11.88,24.21,664.90,51.82,19.99,13.66,80.18,41.82,77.85,29.25,81.23,14.59,1980.13,177.05,3.34,0.43,108.62,19.40,9.17,2.01,0.00,0.00,3.26,1.20,1.55,3.12,1.44,3.80,10.95,18.06,52.96,7.46,2.90,3.97,13163.08,433.20,2482.44,2278.61,677.77,5476.56,327.16,0.81,0.80,559.12,86.34,14.31,29.16,930.34,72.51,33.35,22.80,143.13,74.66,113.78,42.75,116.71,20.96,2831.07,253.14,4.25,0.55,135.97,24.29,11.42,2.50,0.00,0.00,3.86,1.42,2.10,4.22,1.91,5.07,12.23,20.17,57.05,8.04,3.29,4.50
32.80,32.8,24/11/2025 10:11:27,2.923,6.280,,15.8,865198.0,609881.0,992592.56,190.58,1525.40,1063.11,347.44,2739.18,161.42,45.42,49.37,214.70,34.84,34.63,40.86,696.09,52.29,19.82,13.67,87.87,41.97,72.79,28.32,65.81,12.16,1982.32,177.35,3.64,0.44,104.44,18.08,7.07,1.99,0.00,0.00,1.35,1.20,1.91,3.10,3.42,3.83,17.30,18.12,53.59,7.49,2.40,4.01,13298.37,316.03,2529.53,2008.71,656.48,5860.03,345.33,104.08,113.12,536.08,86.98,41.71,49.22,973.97,73.16,33.07,22.81,156.86,74.93,106.39,41.40,94.56,17.48,2834.21,253.57,4.64,0.56,130.74,22.63,8.80,2.47,0.00,0.00,1.59,1.42,2.58,4.19,4.56,5.11,19.31,20.23,57.73,8.07,2.73,4.55
32.90,32.9,24/11/2025 10:11:47,3.499,4.695,,15.8,869215.0,610512.0,992293.60,348.10,1430.96,1139.11,347.02,2912.37,167.35,1.49,1.48,198.94,35.12,55.17,51.59,678.30,52.07,14.73,13.79,66.89,42.20,74.90,28.89,35.59,7.07,2007.76,179.79,3.47,0.44,90.80,14.07,6.47,2.01,0.00,0.00,2.05,1.19,2.98,3.18,1.57,3.83,13.58,18.32,49.38,7.34,2.78,3.94,13857.08,577.24,2372.92,2152.31,655.68,6230.53,358.03,3.41,3.39,496.72,87.69,66.45,62.15,949.09,72.86,24.57,23.02,119.41,75.33,109.47,42.23,51.14,10.16,2870.58,257.05,4.41,0.56,113.66,17.61,8.05,2.50,0.00,0.00,2.43,1.41,4.02,4.29,2.09,5.10,15.16,20.46,53.19,7.91,3.15,4.47
33.00,33.0,24/11/2025 10:12:30,3.504,7.934,,15.8,864367.0,608900.0,992332.31,347.34,1469.45,1154.92,351.59,2844.27,164.94,50.95,36.75,310.28,34.77,30.11,37.85,618.05,51.58,21.01,13.76,38.14,41.95,58.69,25.98,80.04,20.24,1930.47,172.53,3.76,0.44,96.33,15.66,7.91,1.98,0.00,0.00,3.04,1.20,2.94,3.12,2.83,3.84,10.80,18.37,53.03,7.43,2.77,3.92,13918.44,575.98,2436.76,2182.19,664.31,6084.84,352.87,116.75,84.21,774.73,86.82,36.27,45.59,864.78,72.17,35.05,22.97,68.09,74.90,85.78,37.97,115.01,29.08,2760.08,246.67,4.79,0.56,120.58,19.60,9.85,2.46,0.00,0.00,3.60,1.42,3.97,4.22,3.77,5.13,12.06,20.51,57.13,8.00,3.14,4.44
33.10,33.1,24/11/2025 10:13:03,4.058,5.227,1181241.618,15.8,859748.0,605603.0,993164.71,280.89,1438.40,1057.25,337.94,2582.96,154.37,41.98,48.80,230.17,34.47,28.41,36.05,604.21,51.12,14.08,13.60,106.92,42.07,86.26,30.93,20.95,4.31,1589.60,140.50,3.82,0.44,105.01,18.49,7.33,1.96,0.00,0.00,2.22,1.16,2.88,3.10,2.46,3.77,12.48,18.00,52.14,7.27,3.27,3.88,12412.09,465.80,2385.26,1997.63,638.52,5525.82,330.25,96.20,111.81,574.71,86.07,34.22,43.43,845.42,71.53,23.50,22.70,190.88,75.10,126.07,45.21,30.10,6.20,2272.72,200.88,4.86,0.56,131.45,23.14,9.12,2.44,0.00,0.00,2.62,1.37,3.89,4.18,3.28,5.03,13.93,20.10,56.17,7.83,3.71,4.40
33.20,33.2,24/11/2025 10:13:37,4.990,4.893,,15.8,861578.0,605492.0,992211.06,200.91,1441.54,1305.61,367.21,2962.74,167.86,152.94,88.15,329.85,34.54,92.97,63.70,661.18,51.47,14.18,13.74,71.84,42.29,49.86,24.47,31.73,6.36,1743.47,154.86,3.70,0.44,89.61,13.80,7.63,1.96,0.00,0.00,2.66,1.17,2.63,3.07,3.01,3.81,7.32,18.32,52.34,7.32,2.78,3.87,14317.38,333.17,2390.46,2466.91,693.84,6338.29,359.10,350.43,201.98,823.60,86.23,111.99,76.73,925.13,72.02,23.65,22.92,128.26,75.49,72.87,35.77,45.59,9.14,2492.71,221.41,4.71,0.56,112.17,17.28,9.50,2.44,0.00,0.00,3.14,1.38,3.56,4.15,4.01,5.08,8.17,20.45,56.38,7.89,3.15,4.39
33.30,33.3,24/11/2025 10:14:10,1.855,5.559,,15.8,858418.0,603067.0,992266.92,375.27,1427.81,1387.12,373.93,2762.52,160.03,89.53,55.99,329.43,34.43,19.30,28.09,692.19,51.74,24.72,13.65,95.54,42.33,54.39,25.18,24.97,5.12,1705.54,151.34,3.57,0.43,87.67,13.28,6.32,1.94,0.00,0.00,1.84,1.16,1.63,3.12,1.78,3.77,12.81,18.24,52.82,7.39,4.11,3.92,14143.08,622.30,2367.70,2620.92,706.53,5909.96,342.36,205.14,128.28,822.57,85.97,23.25,33.84,968.52,72.40,41.25,22.78,170.56,75.56,79.49,36.80,35.88,7.36,2438.48,216.38,4.54,0.54,109.74,16.63,7.86,2.42,0.00,0.00,2.18,1.37,2.21,4.22,2.37,5.03,14.31,20.36,56.90,7.96,4.66,4.45
33.40,33.4,24/11/2025 10:14:44,2.422,7.079,,15.8,856540.0,601427.0,993003.39,185.09,1447.94,953.22,322.97,2796.28,162.08,19.97,16.84,252.88,34.23,32.21,38.63,620.30,51.20,7.43,13.66,60.12,41.58,69.16,27.58,29.43,5.90,1778.62,158.13,3.26,0.42,89.70,13.87,7.64,2.00,0.00,0.00,3.54,1.19,2.73,3.10,2.53,3.74,23.76,18.14,56.06,7.33,2.68,3.87,12707.30,306.94,2401.08,1801.08,610.25,5982.19,346.75,45.77,38.60,631.42,85.47,38.80,46.53,867.93,71.63,12.39,22.79,107.32,74.23,101.08,40.31,42.28,8.47,2542.97,226.09,4.15,0.53,112.29,17.36,9.51,2.48,0.00,0.00,4.18,1.41,3.69,4.19,3.37,4.98,26.53,20.25,60.39,7.90,3.04,4.39
33.50,33.5,24/11/2025 10:15:27,2.685,5.555,,15.8,857622.0,603995.0,992217.28,324.56,1435.59,1386.47,374.87,2645.89,155.30,8.78,7.96,275.96,34.24,46.09,47.14,656.29,51.26,28.56,13.72,79.92,41.89,49.76,24.29,44.20,8.52,2085.72,187.05,3.93,0.46,75.48,10.08,5.29,1.93,0.03,0.15,2.85,1.20,1.28,3.11,2.11,3.82,7.86,18.14,48.82,7.08,2.89,3.88,13988.54,538.21,2380.60,2619.68,708.31,5660.44,332.24,20.11,18.24,689.03,85.50,55.52,56.78,918.29,71.73,47.65,22.89,142.67,74.77,72.72,35.50,63.51,12.25,2982.05,267.44,5.00,0.58,94.48,12.62,6.59,2.40,0.04,0.20,3.37,1.42,1.73,4.20,2.82,5.10,8.78,20.25,52.59,7.63,3.27,4.40
33.60,33.6,24/11/2025 10:16:00,2.896,5.427,1181241.090,15.8,856633.0,603826.0,992460.69,248.15,1438.04,1272.80,362.56,2515.24,150.73,64.53,42.90,313.49,34.09,60.93,53.28,673.69,51.32,15.56,13.55,87.90,41.73,73.47,28.36,39.55,7.68,2027.49,181.52,3.26,0.43,61.80,7.07,6.45,1.94,0.00,0.00,2.71,1.18,0.85,3.08,2.71,3.80,19.70,18.01,45.81,7.26,3.26,3.93,13562.37,411.50,2384.67,2404.90,685.04,5380.93,322.47,147.86,98.29,782.76,85.11,73.40,64.18,942.63,71.80,25.96,22.61,156.92,74.49,107.37,41.45,56.82,11.03,2898.79,259.53,4.15,0.55,77.36,8.84,8.03,2.42,0.00,0.00,3.20,1.39,1.14,4.16,3.61,5.07,21.99,20.10,49.34,7.82,3.69,4.46
33.70,33.7,24/11/2025 10:16:33,2.531,9.788,,15.8,856640.0,603302.0,992621.11,169.19,1450.31,1215.67,358.93,2756.59,160.70,31.65,24.82,254.04,34.57,43.75,45.92,652.44,51.49,9.05,13.60,76.81,41.93,67.27,27.24,12.74,2.71,1935.75,172.88,3.49,0.43,71.88,9.28,5.28,1.91,0.00,0.00,3.04,1.17,1.40,3.08,2.34,3.74,14.44,18.13,48.80,7.25,3.28,3.85,13365.70,280.56,2405.01,2296.97,678.19,5897.28,343.80,72.53,56.86,634.30,86.33,52.70,55.31,912.90,72.04,15.09,22.69,137.12,74.85,98.32,39.81,18.31,3.89,2767.62,247.17,4.44,0.55,89.98,11.62,6.58,2.38,0.00,0.00,3.60,1.38,1.89,4.16,3.12,4.99,16.12,20.25,52.57,7.81,3.72,4.36
33.80,33.8,24/11/2025 10:17:07,2.529,6.882,,15.8,855613.0,603461.0,992642.92,357.74,1419.25,1018.42,333.85,2760.41,161.90,35.06,48.31,343.06,33.96,19.04,27.49,662.08,51.44,15.11,13.64,52.48,41.53,55.85,25.19,41.31,7.99,1811.77,161.09,3.43,0.42,97.83,16.16,8.96,1.98,0.00,0.00,2.31,1.17,0.95,3.07,1.17,3.77,15.72,18.11,49.76,7.21,4.61,3.95,13379.39,593.22,2353.51,1924.26,630.80,5905.45,346.37,80.34,110.71,856.59,84.81,22.94,33.11,926.38,71.98,25.22,22.77,93.68,74.13,81.62,36.82,59.36,11.47,2590.37,230.32,4.37,0.54,122.46,20.23,11.16,2.47,0.00,0.00,2.73,1.38,1.29,4.14,1.56,5.03,17.55,20.22,53.60,7.76,5.23,4.48
33.90,33.9,24/11/2025 10:17:40,2.404,5.157,,15.8,853381.0,602103.0,992543.59,284.29,1438.33,1169.27,349.32,2893.44,164.62,29.60,47.10,214.07,34.73,62.03,53.97,660.72,51.61,15.40,13.58,64.66,41.45,84.78,30.64,80.34,19.90,1706.34,151.24,3.25,0.42,106.49,18.83,7.22,1.94,0.00,0.00,3.56,1.20,0.96,3.09,2.22,3.77,18.43,18.01,46.38,7.22,2.96,3.89,13521.20,471.43,2385.15,2209.30,660.02,6190.05,352.18,67.82,107.92,534.52,86.72,74.72,65.01,924.48,72.21,25.70,22.65,115.42,73.99,123.90,44.78,115.44,28.60,2439.63,216.24,4.13,0.53,133.30,23.57,8.98,2.41,0.00,0.00,4.21,1.42,1.30,4.17,2.97,5.03,20.57,20.11,49.96,7.78,3.36,4.41
34.00,34.0,24/11/2025 10:18:24,2.610,4.562,,15.8,855661.0,601479.0,992603.16,487.27,1464.09,1048.97,337.71,2774.03,160.99,10.33,9.40,338.61,34.25,0.00,0.00,674.46,51.60,10.47,13.55,72.28,41.45,70.83,27.80,70.74,12.84,1664.25,147.32,3.48,0.43,73.85,9.79,7.40,1.95,0.00,0.00,2.37,1.19,2.09,3.06,2.83,3.76,26.21,18.01,53.57,7.38,2.80,3.86,13474.19,808.03,2427.86,1982.00,638.10,5934.58,344.42,23.66,21.55,845.47,85.51,0.00,0.00,943.71,72.21,17.46,22.61,129.03,74.00,103.53,40.63,101.64,18.44,2379.45,210.64,4.43,0.54,92.44,12.25,9.21,2.43,0.00,0.00,2.80,1.40,2.82,4.14,3.77,5.01,29.26,20.11,57.70,7.94,3.18,4.38
34.10,34.1,24/11/2025 10:18:57,2.832,6.353,1181239.303,15.8,852227.0,602330.0,992300.64,441.26,1414.85,1247.36,358.95,2771.80,161.10,96.83,59.62,298.15,34.33,38.83,43.12,708.58,51.59,24.71,13.64,107.31,42.07,66.98,27.16,38.12,7.45,1690.30,149.77,3.62,0.44,88.03,13.38,6.89,1.98,0.00,0.00,2.37,1.18,2.46,3.11,2.43,3.75,8.81,18.01,50.87,7.24,3.65,3.88,14026.60,731.73,2346.21,2356.84,678.22,5929.82,344.64,221.86,136.61,744.45,85.71,46.78,51.95,991.45,72.18,41.22,22.75,191.56,75.10,97.90,39.70,54.77,10.71,2416.69,214.13,4.61,0.55,110.20,16.75,8.58,2.46,0.00,0.00,2.80,1.39,3.32,4.20,3.24,5.00,9.83,20.10,54.80,7.80,4.14,4.40
34.20,34.2,24/11/2025 10:19:30,2.998,8.337,,15.8,853827.0,603522.0,992488.56,258.94,1382.89,1093.66,339.68,2940.89,166.94,0.43,0.43,288.83,34.19,78.17,59.01,643.58,51.39,8.01,13.58,99.53,41.86,67.74,27.20,95.41,16.79,1744.21,154.71,3.77,0.45,95.30,15.40,7.87,1.96,0.00,0.00,1.88,1.17,2.11,3.10,2.74,3.78,22.38,18.00,53.34,7.46,2.63,3.86,13653.19,429.40,2293.22,2066.43,641.80,6291.55,357.14,1.00,0.98,721.19,85.37,94.16,71.09,900.50,71.91,13.37,22.66,177.68,74.73,99.00,39.75,137.09,24.12,2493.77,221.19,4.80,0.57,119.29,19.28,9.80,2.44,0.00,0.00,2.23,1.38,2.85,4.19,3.66,5.04,24.99,20.10,57.46,8.04,2.98,4.38
34.30,34.3,24/11/2025 10:20:04,3.585,8.470,,15.8,854714.0,602796.0,992026.85,446.41,1395.53,1622.90,402.87,2870.76,163.23,74.88,48.53,248.44,34.76,57.57,52.74,657.53,51.81,40.91,17.35,47.28,41.55,62.32,26.45,21.72,4.48,1675.66,148.47,3.15,0.42,70.97,9.11,4.38,1.89,0.00,0.00,3.22,1.19,1.51,3.07,2.17,3.77,8.83,18.19,49.47,7.35,3.08,3.85,14573.87,740.27,2314.18,3066.40,761.20,6141.52,349.20,171.57,111.20,620.34,86.79,69.35,63.53,920.02,72.49,68.25,28.95,84.40,74.18,91.08,38.66,31.20,6.44,2395.76,212.27,4.00,0.54,88.84,11.41,5.45,2.36,0.00,0.00,3.81,1.40,2.04,4.15,2.90,5.03,9.86,20.30,53.29,7.92,3.49,4.37
34.40,34.4,24/11/2025 10:20:38,3.183,6.816,,15.8,855554.0,603876.0,992301.06,318.55,1440.74,1209.35,355.23,2937.08,166.78,54.09,37.80,309.55,34.45,56.25,51.76,687.63,51.87,13.94,13.59,95.39,41.81,67.70,27.28,64.37,11.86,1704.34,151.10,3.00,0.41,85.43,12.66,6.34,1.90,0.00,0.00,2.00,1.17,0.67,3.08,1.86,3.76,26.53,18.04,51.26,7.30,3.62,3.87,14058.49,528.24,2389.15,2285.01,671.20,6283.40,356.80,123.93,86.62,772.92,86.02,67.76,62.35,962.14,72.58,23.26,22.67,170.28,74.63,98.95,39.87,92.49,17.04,2436.77,216.04,3.82,0.52,106.94,15.85,7.89,2.36,0.00,0.00,2.37,1.38,0.91,4.17,2.48,5.01,29.62,20.14,55.22,7.87,4.10,4.39
34.50,34.5,24/11/2025 10:21:21,2.720,9.722,,15.8,855419.0,603769.0,992425.61,268.14,1460.27,1284.30,365.48,2884.83,165.52,81.18,52.23,455.53,33.86,0.00,0.00,684.57,51.48,16.49,13.59,87.79,41.86,56.41,25.36,13.62,2.88,1575.20,139.07,3.24,0.42,80.63,11.48,5.52,1.94,0.00,0.00,2.78,1.18,1.84,3.07,1.50,3.73,16.33,18.07,51.89,7.37,2.60,3.78,14059.35,444.66,2421.53,2426.64,690.56,6171.61,354.09,186.01,119.68,1137.41,84.54,0.00,0.00,957.86,72.03,27.51,22.67,156.73,74.74,82.45,37.06,19.57,4.14,2252.13,198.83,4.12,0.53,100.93,14.37,6.87,2.42,0.00,0.00,3.28,1.40,2.49,4.14,2.00,4.97,18.23,20.18,55.90,7.94,2.95,4.28
34.60,34.6,24/11/2025 10:21:55,1.888,5.822,1181240.163,15.8,854402.0,602594.0,992742.22,324.24,1443.70,1326.29,369.75,2697.83,157.56,102.33,62.22,307.75,34.36,2.85,24.56,626.05,51.50,13.60,13.60,71.20,41.75,61.63,26.23,6.80,1.47,1552.26,137.00,3.38,0.42,79.05,11.11,7.07,1.91,0.00,0.00,2.81,1.17,2.01,3.02,1.74,3.73,11.84,18.09,53.23,7.31,3.83,3.82,13361.79,537.68,2394.05,2505.97,698.63,5771.56,337.08,234.47,142.57,768.41,85.79,3.43,29.58,875.97,72.06,22.69,22.69,127.11,74.54,90.08,38.33,9.77,2.12,2219.34,195.88,4.31,0.54,98.95,13.91,8.80,2.37,0.00,0.00,3.32,1.38,2.72,4.08,2.32,4.97,13.22,20.20,57.34,7.88,4.34,4.34
34.70,34.7,24/11/2025 10:22:28,-0.151,5.160,,15.8,856414.0,603804.0,992080.13,504.17,1427.50,1257.11,358.15,3057.08,171.93,43.16,49.12,346.02,34.41,60.76,54.19,661.26,51.63,35.77,15.90,61.06,41.87,65.28,27.01,43.67,8.45,1653.70,146.43,3.34,0.42,56.97,6.17,4.77,1.92,0.00,0.00,2.74,1.17,2.04,3.06,2.71,3.77,4.71,18.24,50.64,7.39,2.91,3.83,14558.18,836.05,2367.19,2375.25,676.70,6540.12,367.83,98.90,112.56,863.99,85.91,73.19,65.27,925.24,72.24,59.69,26.52,109.00,74.74,95.41,39.48,62.75,12.14,2364.37,209.36,4.25,0.54,71.32,7.72,5.94,2.38,0.00,0.00,3.24,1.39,2.75,4.14,3.61,5.03,5.26,20.36,54.55,7.96,3.30,4.34
34.80,34.8,24/11/2025 10:23:01,1.758,5.687,,15.8,857399.0,603267.0,992321.48,317.68,1430.30,1214.20,353.50,2933.09,168.24,43.84,32.76,479.50,34.08,8.33,24.72,646.49,51.98,22.42,13.76,30.09,41.74,59.11,25.97,78.74,14.29,1672.65,148.22,3.76,0.43,93.88,15.03,8.87,2.00,0.00,0.00,2.51,1.17,2.21,3.07,2.50,3.79,5.67,18.32,50.19,7.22,2.82,3.86,14196.47,526.79,2371.83,2294.19,667.92,6274.87,359.91,100.45,75.07,1197.26,85.10,10.03,29.77,904.57,72.72,37.40,22.95,53.72,74.52,86.39,37.96,113.13,20.54,2391.46,211.92,4.78,0.55,117.51,18.81,11.04,2.49,0.00,0.00,2.96,1.39,2.99,4.15,3.34,5.06,6.33,20.45,54.07,7.78,3.20,4.37
34.90,34.9,24/11/2025 10:23:35,3.246,6.221,,15.8,855556.0,602593.0,992175.80,510.40,1434.07,1410.64,378.30,2857.87,164.72,25.16,48.13,297.44,34.39,56.34,51.71,680.81,51.96,13.43,13.62,115.18,42.23,66.24,27.00,93.99,16.66,1528.10,134.71,3.73,0.44,86.10,12.89,5.84,1.91,0.00,0.00,1.11,1.16,2.13,3.07,2.94,3.76,19.62,18.04,44.64,7.05,2.48,3.89,14291.87,846.38,2378.08,2665.35,714.77,6113.93,352.38,57.66,110.28,742.67,85.86,67.86,62.29,952.60,72.70,22.41,22.72,205.61,75.39,96.82,39.47,135.05,23.93,2184.79,192.60,4.75,0.55,107.78,16.13,7.27,2.38,0.00,0.00,1.31,1.37,2.87,4.14,3.92,5.02,21.91,20.14,48.09,7.59,2.81,4.41
35.00,35.0,24/11/2025 10:24:19,2.996,7.212,,15.8,852285.0,604746.0,992522.55,463.65,1428.89,1284.00,362.19,2860.62,163.88,24.37,47.70,225.74,34.55,0.00,0.00,647.75,51.39,15.97,13.49,108.53,41.68,81.40,29.85,89.65,15.86,1502.27,132.23,3.61,0.42,82.92,12.08,7.15,1.91,0.00,0.00,1.71,1.17,2.99,3.07,1.41,3.76,19.79,17.86,50.65,7.25,3.28,3.86,13662.21,768.85,2369.49,2426.08,684.35,6119.83,350.59,55.83,109.31,563.65,86.28,0.00,0.00,906.33,71.90,26.64,22.51,193.75,74.40,118.97,43.63,128.81,22.79,2147.86,189.06,4.60,0.54,103.80,15.12,8.90,2.38,0.00,0.00,2.03,1.39,4.04,4.15,1.88,5.02,22.10,19.94,54.56,7.81,3.72,4.38
35.10,35.1,24/11/2025 10:24:52,2.446,7.275,1181239.109,15.8,852580.0,602818.0,992863.86,150.51,1474.08,1088.52,340.48,3024.24,170.55,28.67,22.81,240.32,34.41,84.47,60.38,679.48,51.57,19.59,13.61,75.56,41.63,54.90,24.98,54.76,10.24,1468.61,129.21,3.49,0.43,86.62,13.10,6.54,1.92,0.00,0.00,2.89,1.18,2.63,3.05,1.70,3.69,14.02,18.03,45.57,7.04,3.05,3.82,13119.08,249.59,2444.43,2056.71,643.33,6469.87,364.87,65.68,52.26,600.05,85.92,101.75,72.73,950.73,72.16,32.68,22.71,134.89,74.31,80.24,36.51,78.68,14.72,2099.74,184.73,4.44,0.54,108.43,16.39,8.14,2.39,0.00,0.00,3.42,1.40,3.56,4.11,2.26,4.93,15.65,20.13,49.09,7.58,3.47,4.33
35.20,35.2,24/11/2025 10:25:25,2.902,7.271,,15.8,851623.0,601823.0,992684.57,185.88,1442.42,1296.24,366.85,2862.71,164.50,80.28,51.76,314.75,34.45,66.42,55.81,696.21,51.46,21.93,13.65,67.47,41.90,54.46,25.09,38.04,7.42,1454.60,127.92,3.39,0.42,95.14,15.49,7.68,1.93,0.00,0.00,2.88,1.18,1.80,3.07,1.30,3.73,9.12,18.20,52.20,7.27,2.94,3.81,13487.00,308.23,2391.92,2449.20,693.15,6124.30,351.93,183.95,118.60,785.90,86.01,80.01,67.23,974.15,72.00,36.59,22.77,120.45,74.81,79.60,36.66,54.66,10.67,2079.70,182.89,4.32,0.53,119.09,19.39,9.56,2.40,0.00,0.00,3.41,1.39,2.43,4.15,1.74,4.97,10.18,20.32,56.23,7.83,3.33,4.32
35.30,35.3,24/11/2025 10:25:59,3.341,6.677,,15.8,850976.0,603128.0,992092.83,384.30,1395.93,1342.18,368.97,3190.53,176.31,27.76,22.38,387.09,34.10,0.00,0.00,724.94,52.13,19.47,13.63,86.58,41.95,62.32,26.36,39.54,7.68,1503.44,132.39,3.58,0.43,61.00,6.97,7.47,1.98,0.00,0.00,3.28,1.19,1.96,3.05,3.13,3.77,10.88,18.09,45.52,7.09,2.18,3.84,14692.44,637.28,2314.83,2535.99,697.16,6825.62,377.18,63.61,51.27,966.53,85.14,0.00,0.00,1014.34,72.93,32.49,22.74,154.56,74.89,91.08,38.53,56.82,11.03,2149.53,189.29,4.56,0.55,76.36,8.73,9.30,2.47,0.00,0.00,3.88,1.41,2.65,4.12,4.18,5.03,12.15,20.20,49.04,7.64,2.47,4.36
35.40,35.4,24/11/2025 10:26:33,3.337,7.471,,15.8,851101.0,603682.0,992224.12,630.06,1376.73,1367.59,370.97,2771.63,160.65,78.38,50.46,350.71,34.29,22.34,30.95,709.28,52.08,11.34,13.59,61.14,41.65,70.92,27.96,37.70,7.37,1511.45,133.19,3.89,0.44,68.98,8.69,7.44,1.95,0.00,0.00,2.61,1.19,0.57,3.04,2.25,3.75,16.34,18.12,49.12,7.22,2.13,3.80,14260.77,1044.82,2283.00,2584.00,700.93,5929.45,343.68,179.59,115.62,875.70,85.62,26.91,37.29,992.43,72.87,18.92,22.67,109.14,74.35,103.66,40.86,54.16,10.59,2160.99,190.43,4.95,0.56,86.35,10.87,9.26,2.43,0.00,0.00,3.09,1.40,0.77,4.10,3.00,5.00,18.25,20.23,52.92,7.78,2.41,4.31
35.50,35.5,24/11/2025 10:27:17,4.079,7.076,,15.9,851426.0,601254.0,991707.62,773.33,1432.90,1440.24,384.22,3063.72,172.74,40.52,30.42,340.56,34.30,24.23,32.68,707.67,52.24,18.34,13.62,80.59,41.87,67.99,27.39,15.53,3.25,1531.52,134.98,3.30,0.42,100.61,17.03,8.68,1.93,0.00,0.00,2.31,1.17,2.43,3.05,1.67,3.73,15.38,18.10,50.63,7.16,3.15,3.85,15230.83,1282.39,2376.14,2721.28,725.98,6554.33,369.55,92.85,69.70,850.34,85.63,29.19,39.37,990.18,73.09,30.60,22.73,143.86,74.74,99.38,40.03,22.31,4.67,2189.68,192.98,4.20,0.53,125.94,21.32,10.80,2.40,0.00,0.00,2.73,1.38,3.29,4.13,2.22,4.97,17.17,20.20,54.54,7.71,3.57,4.37
35.60,35.6,24/11/2025 10:27:50,2.574,5.296,1181242.213,15.9,846990.0,601302.0,991700.60,1072.43,1354.18,1450.65,378.08,2808.26,161.84,15.57,13.51,387.47,33.90,0.00,0.00,726.01,51.51,21.77,13.59,86.20,41.80,70.37,27.81,20.87,4.27,1472.64,129.46,3.53,0.43,80.14,11.35,9.04,1.99,0.00,0.00,2.62,1.17,2.96,3.07,2.11,3.77,13.00,18.04,51.15,7.22,2.63,3.89,15173.21,1778.38,2245.60,2740.95,714.37,6007.80,346.23,35.68,30.97,967.47,84.64,0.00,0.00,1015.84,72.07,36.32,22.67,153.88,74.62,102.85,40.65,29.98,6.14,2105.50,185.10,4.50,0.55,100.32,14.21,11.26,2.48,0.00,0.00,3.09,1.39,4.00,4.15,2.81,5.03,14.51,20.14,55.10,7.78,2.98,4.41
35.70,35.7,24/11/2025 10:28:24,2.966,3.969,,15.9,845866.0,600975.0,992349.44,336.76,1388.01,1402.63,375.21,2912.95,165.30,109.63,65.59,353.44,33.91,73.52,57.64,687.25,51.46,21.13,13.55,72.71,41.49,64.84,26.75,1.04,0.23,1445.82,127.08,3.26,0.42,77.80,10.79,9.33,1.98,0.00,0.00,2.14,1.17,2.07,3.04,2.09,3.74,17.26,18.01,51.35,7.23,3.54,3.84,14152.65,558.45,2301.71,2650.21,708.95,6231.78,353.62,251.21,150.29,882.50,84.68,88.56,69.44,961.60,72.01,35.26,22.60,129.80,74.07,94.76,39.10,1.49,0.33,2067.15,181.69,4.15,0.53,97.39,13.51,11.62,2.47,0.00,0.00,2.53,1.38,2.80,4.11,2.78,4.99,19.27,20.10,55.31,7.79,4.01,4.35
35.80,35.8,24/11/2025 10:28:57,2.518,4.500,,15.9,849390.0,601425.0,992550.04,256.58,1493.61,1141.45,352.35,3035.53,171.49,30.21,24.07,475.06,33.65,0.00,0.00,700.15,51.37,21.12,13.53,67.39,41.58,51.40,24.50,10.13,2.17,1508.08,132.85,3.64,0.43,73.57,9.76,6.87,1.96,0.00,0.00,2.14,1.18,2.59,3.03,1.69,3.71,13.24,18.06,45.93,7.18,3.20,3.86,13894.10,425.48,2476.82,2156.73,665.74,6494.01,366.88,69.22,55.16,1186.17,84.03,0.00,0.00,979.66,71.88,35.24,22.57,120.30,74.22,75.12,35.81,14.56,3.12,2156.17,189.95,4.63,0.55,92.09,12.22,8.55,2.44,0.00,0.00,2.53,1.39,3.49,4.10,2.25,4.94,14.78,20.17,49.47,7.73,3.63,4.38
35.90,35.9,24/11/2025 10:29:31,2.175,4.103,,15.9,847052.0,600865.0,992724.80,218.15,1437.10,1168.93,350.22,2830.55,163.02,111.04,66.57,287.59,34.13,68.94,55.98,687.74,51.51,19.04,13.51,115.31,41.97,70.79,27.74,67.53,12.25,1463.14,128.59,3.36,0.42,79.73,11.27,6.41,1.94,0.00,0.00,3.03,1.18,3.07,3.02,2.61,3.72,11.62,17.89,53.27,7.27,3.35,3.82,13371.19,361.75,2383.11,2208.65,661.73,6055.48,348.76,254.43,152.53,718.09,85.21,83.05,67.43,962.29,72.07,31.77,22.53,205.85,74.92,103.46,40.54,97.03,17.61,2091.92,183.86,4.28,0.54,99.80,14.11,7.98,2.41,0.00,0.00,3.58,1.40,4.14,4.08,3.48,4.97,12.97,19.97,57.39,7.84,3.80,4.33
36.00,36.0,24/11/2025 10:30:14,2.118,4.431,,15.9,848946.0,601017.0,992764.84,182.06,1398.51,1236.04,358.01,2895.52,164.86,109.13,66.00,260.34,34.55,52.94,50.56,654.58,51.37,17.45,13.54,49.10,41.34,64.11,26.56,144.03,24.78,1384.37,121.36,3.78,0.43,100.04,16.95,8.21,1.92,0.00,0.00,2.52,1.16,1.29,3.03,2.59,3.72,12.68,18.03,50.27,7.15,4.10,3.85,13329.73,301.90,2319.12,2335.46,676.45,6194.49,352.69,250.06,151.22,650.05,86.26,63.77,60.90,915.89,71.88,29.12,22.60,87.65,73.79,93.71,38.82,206.95,35.61,1979.29,173.52,4.81,0.55,125.23,21.22,10.23,2.39,0.00,0.00,2.98,1.38,1.75,4.09,3.45,4.96,14.16,20.13,54.15,7.70,4.65,4.36
36.10,36.1,24/11/2025 10:30:48,0.354,6.478,1181238.780,15.9,848645.0,600860.0,992656.44,260.28,1371.62,1308.21,362.22,2862.26,164.04,102.56,62.36,357.73,34.04,10.03,24.43,666.95,51.34,21.97,13.56,47.96,41.43,65.93,27.00,18.88,3.91,1465.09,128.90,3.50,0.43,72.70,9.58,7.11,1.96,0.00,0.00,1.48,1.14,2.28,3.05,2.89,3.73,8.43,18.09,54.49,7.34,2.83,3.82,13625.04,431.62,2274.53,2471.82,684.39,6123.32,350.94,235.00,142.88,893.22,85.00,12.08,29.43,933.20,71.83,36.66,22.63,85.61,73.97,96.36,39.46,27.12,5.62,2094.71,184.30,4.46,0.55,91.01,11.99,8.85,2.44,0.00,0.00,1.75,1.35,3.07,4.11,3.86,4.97,9.41,20.20,58.70,7.90,3.21,4.33
36.20,36.2,24/11/2025 10:31:21,3.621,6.740,,15.9,848328.0,600042.0,992653.24,314.38,1387.95,1335.52,367.39,2913.46,165.74,46.69,48.74,286.98,34.35,15.45,24.37,659.28,51.21,15.94,13.56,30.30,41.44,49.36,24.21,41.93,8.09,1457.83,128.19,3.55,0.43,96.36,15.88,9.23,2.02,0.00,0.00,2.31,1.15,1.64,3.05,1.94,3.70,12.45,18.17,48.33,7.14,3.83,3.80,13554.11,521.33,2301.60,2523.42,694.17,6232.87,354.58,106.99,111.67,716.55,85.76,18.61,29.36,922.47,71.65,26.59,22.63,54.10,73.98,72.15,35.38,60.24,11.62,2084.32,183.28,4.52,0.54,120.63,19.87,11.49,2.51,0.00,0.00,2.73,1.36,2.21,4.11,2.59,4.94,13.90,20.28,52.06,7.70,4.34,4.32
36.30,36.3,24/11/2025 10:31:55,2.780,6.872,,15.9,848400.0,601588.0,992986.65,275.44,1429.62,979.96,324.30,2719.34,157.91,40.42,48.08,291.04,34.20,101.90,65.27,663.99,51.11,74.55,24.36,97.27,41.63,53.39,24.69,74.47,13.47,1494.16,131.51,3.36,0.42,70.06,8.95,6.43,1.99,0.04,0.16,1.81,1.16,1.87,3.04,1.08,3.72,6.62,17.94,53.55,7.28,2.58,3.81,12790.55,456.76,2370.71,1851.59,612.76,5817.57,337.82,92.62,110.16,726.70,85.39,122.75,78.63,929.06,71.51,124.38,40.65,173.65,74.32,78.03,36.09,107.00,19.35,2136.27,188.02,4.27,0.53,87.70,11.20,8.01,2.47,0.06,0.21,2.14,1.37,2.53,4.11,1.44,4.96,7.39,20.03,57.69,7.84,2.93,4.32
36.40,36.4,24/11/2025 10:32:28,3.675,8.134,,15.9,848534.0,600448.0,992046.00,910.90,1326.56,1312.99,358.18,2763.84,159.61,33.74,26.04,351.33,33.97,0.00,0.00,669.46,51.38,22.18,13.56,78.62,41.67,56.18,25.25,82.15,14.72,1481.27,130.32,3.45,0.41,109.02,19.71,6.33,1.87,0.00,0.00,2.05,1.15,1.22,3.06,1.99,3.74,13.13,18.04,51.37,7.29,2.75,3.88,14519.37,1510.52,2199.80,2480.85,676.77,5912.77,341.47,77.31,59.67,877.24,84.83,0.00,0.00,936.71,71.88,37.01,22.63,140.36,74.39,82.11,36.90,118.04,21.15,2117.84,186.33,4.39,0.53,136.47,24.68,7.88,2.33,0.00,0.00,2.43,1.37,1.64,4.13,2.66,4.99,14.67,20.14,55.34,7.86,3.12,4.40
36.50,36.5,24/11/2025 10:33:12,3.844,6.877,,15.9,850054.0,601640.0,992764.44,196.93,1416.31,1227.22,352.06,2748.26,159.16,26.47,47.52,383.53,33.81,0.00,0.00,682.61,51.23,21.63,13.57,96.75,41.67,67.22,27.08,74.75,13.47,1556.85,137.29,3.51,0.43,65.89,8.00,6.10,1.90,0.00,0.00,2.85,1.18,2.46,3.04,3.19,3.71,17.60,17.92,49.04,7.16,2.70,3.85,13319.58,326.57,2348.63,2318.79,665.20,5879.44,340.50,60.65,108.89,957.63,84.42,0.00,0.00,955.11,71.68,36.09,22.64,172.72,74.39,98.25,39.58,107.40,19.35,2225.90,196.29,4.47,0.55,82.48,10.02,7.59,2.37,0.00,0.00,3.37,1.39,3.32,4.11,4.25,4.95,19.65,20.01,52.83,7.71,3.06,4.37
36.60,36.6,24/11/2025 10:33:46,4.019,2.982,1181242.609,15.9,847336.0,601119.0,992316.14,569.59,1399.73,1496.05,382.90,2686.91,156.09,32.13,47.51,248.43,34.20,7.42,24.21,655.19,51.33,11.15,13.47,104.92,41.72,75.72,28.69,92.27,16.26,1553.78,136.97,3.48,0.43,68.75,8.63,6.74,1.96,0.00,0.00,1.79,1.16,2.86,3.06,3.20,3.74,11.66,17.84,49.27,7.22,2.54,3.87,13987.86,944.53,2321.13,2826.74,723.48,5748.21,333.93,73.63,108.86,620.31,85.39,8.94,29.16,916.75,71.82,18.61,22.47,187.29,74.48,110.67,41.93,132.57,23.36,2221.51,195.83,4.43,0.55,86.06,10.80,8.39,2.44,0.00,0.00,2.11,1.38,3.87,4.14,4.27,4.99,13.01,19.92,53.07,7.78,2.89,4.39
36.70,36.7,24/11/2025 10:34:19,3.715,2.581,,15.9,846094.0,601504.0,992697.48,600.30,1407.42,1402.86,375.97,2471.05,149.01,79.30,50.76,279.81,34.01,33.28,39.31,650.84,51.27,10.77,13.43,121.97,41.80,72.06,27.98,23.96,4.86,1392.95,122.23,3.63,0.43,70.36,9.04,8.31,1.96,0.00,0.00,1.84,1.12,2.48,3.02,0.97,3.69,24.42,17.84,47.34,7.05,4.02,3.84,13323.33,995.46,2333.89,2650.66,710.37,5286.41,318.78,181.71,116.31,698.65,84.93,40.09,47.35,910.65,71.74,17.97,22.41,217.74,74.62,105.33,40.90,34.42,6.98,1991.57,174.75,4.61,0.55,88.07,11.31,10.34,2.44,0.00,0.00,2.18,1.33,3.34,4.08,1.30,4.92,27.27,19.92,50.99,7.59,4.55,4.36
36.80,36.8,24/11/2025 10:34:52,3.805,2.778,,15.8,848904.0,604165.0,993050.20,202.06,1410.93,1199.33,348.56,2662.89,156.64,16.10,13.97,370.84,33.90,0.00,0.00,676.06,51.38,21.95,13.53,97.76,41.67,65.72,26.79,60.61,11.15,1413.42,124.11,3.21,0.41,77.02,10.63,7.69,2.00,0.00,0.00,2.38,1.18,2.89,3.06,2.85,3.73,13.55,17.91,50.01,7.17,3.46,3.81,12815.40,335.07,2339.71,2266.09,658.58,5696.81,335.11,36.88,32.02,925.96,84.64,0.00,0.00,945.95,71.89,36.63,22.58,174.52,74.38,96.06,39.15,87.09,16.01,2020.82,177.44,4.09,0.53,96.41,13.31,9.57,2.49,0.00,0.00,2.82,1.39,3.90,4.13,3.80,4.97,15.12,19.99,53.87,7.72,3.93,4.32
36.90,36.9,24/11/2025 10:35:26,3.985,3.971,,15.8,850031.0,603521.0,993269.08,284.32,1469.55,1105.92,336.10,2567.29,152.45,42.49,31.50,308.54,34.14,40.29,44.15,670.51,51.37,21.65,13.56,43.85,41.32,54.99,25.05,40.81,7.89,1373.21,120.51,3.34,0.41,94.67,15.44,7.56,1.93,0.00,0.00,2.36,1.15,3.07,3.01,2.24,3.71,9.45,18.07,51.96,7.23,2.40,3.82,12335.93,471.48,2436.92,2089.59,635.04,5492.30,326.13,97.35,72.19,770.41,85.25,48.54,53.18,938.18,71.88,36.12,22.63,78.27,73.77,80.38,36.61,58.64,11.34,1963.34,172.30,4.25,0.52,118.51,19.33,9.41,2.40,0.00,0.00,2.79,1.36,4.15,4.06,2.98,4.95,10.56,20.18,55.97,7.79,2.72,4.33
37.00,37.0,24/11/2025 10:36:09,3.279,2.582,,15.8,849211.0,604164.0,992654.08,384.34,1378.47,1429.30,374.65,2628.80,154.69,37.10,28.08,286.29,34.20,47.69,47.97,687.10,51.56,23.29,13.49,68.37,41.39,69.11,27.57,51.53,9.72,1466.54,129.00,3.26,0.42,80.38,11.45,6.83,1.96,0.00,0.00,2.16,1.16,3.03,3.09,2.85,3.77,12.86,17.98,52.31,7.25,2.79,3.82,13410.85,637.34,2285.89,2700.60,707.89,5623.89,330.94,85.01,64.34,714.85,85.38,57.45,57.78,961.40,72.15,38.86,22.50,122.05,73.89,101.00,40.29,74.03,13.97,2096.78,184.44,4.15,0.53,100.61,14.33,8.50,2.44,0.00,0.00,2.56,1.37,4.10,4.17,3.80,5.03,14.36,20.08,56.34,7.81,3.16,4.34
37.10,37.1,24/11/2025 10:36:43,1.223,6.416,1181238.179,15.8,849224.0,603829.0,993139.85,293.01,1436.93,1128.91,340.18,2560.51,151.51,66.88,44.29,273.09,34.06,49.81,48.49,704.14,51.64,4.22,13.54,59.46,41.20,70.79,27.77,39.27,7.60,1433.29,125.98,3.51,0.43,78.40,10.98,6.37,1.90,0.00,0.00,2.76,1.18,3.31,3.03,2.14,3.74,26.00,18.00,51.02,7.24,3.30,3.90,12508.19,485.89,2382.82,2133.03,642.76,5477.79,324.13,153.24,101.48,681.87,85.05,60.00,58.42,985.23,72.26,7.05,22.60,106.14,73.54,103.46,40.58,56.42,10.92,2049.23,180.11,4.47,0.54,98.14,13.74,7.93,2.37,0.00,0.00,3.26,1.39,4.47,4.09,2.85,4.98,29.03,20.09,54.96,7.80,3.74,4.42
37.20,37.2,24/11/2025 10:37:16,3.836,7.345,,15.9,847230.0,601608.0,993402.02,221.61,1397.66,1179.75,346.84,2511.29,150.14,39.21,47.90,332.24,33.63,0.00,0.00,620.17,50.48,17.95,13.51,68.47,41.24,79.22,29.41,31.52,6.23,1343.51,117.77,3.58,0.43,66.96,8.31,6.52,1.90,0.00,0.00,2.59,1.15,1.71,3.01,2.61,3.68,15.78,17.90,49.28,7.15,4.02,3.80,12170.96,367.49,2317.71,2229.10,655.34,5372.48,321.20,89.84,109.76,829.56,83.97,0.00,0.00,867.75,70.63,29.94,22.55,122.24,73.62,115.78,42.98,45.29,8.95,1920.87,168.39,4.55,0.55,83.82,10.41,8.11,2.37,0.00,0.00,3.06,1.36,2.31,4.07,3.48,4.91,17.62,19.98,53.09,7.70,4.57,4.31
37.30,37.3,24/11/2025 10:37:50,2.499,7.610,,15.9,848890.0,602411.0,993248.84,48.08,1447.12,1350.04,372.42,2545.16,152.29,27.69,47.66,249.61,34.09,38.85,42.77,626.39,51.13,11.46,13.47,93.73,41.61,71.99,27.97,49.44,9.32,1473.00,129.59,3.67,0.43,82.78,12.10,6.30,1.93,0.00,0.00,2.44,1.17,2.27,3.05,2.47,3.71,12.09,17.88,50.69,7.20,3.00,3.82,12351.10,79.73,2399.72,2550.85,703.67,5444.94,325.81,63.46,109.21,623.26,85.11,46.80,51.52,876.45,71.54,19.12,22.47,167.32,74.27,105.22,40.88,71.03,13.40,2106.01,185.28,4.67,0.54,103.62,15.14,7.85,2.40,0.00,0.00,2.89,1.39,3.06,4.12,3.29,4.95,13.50,19.96,54.60,7.75,3.41,4.33
37.40,37.4,24/11/2025 10:38:24,3.735,6.684,,15.9,848406.0,602193.0,993085.47,281.13,1391.80,1231.10,350.67,2419.18,146.18,0.00,0.00,257.64,34.02,41.86,44.35,678.67,51.13,10.20,13.45,95.72,41.70,73.68,28.31,84.28,15.01,1578.04,139.28,3.31,0.43,79.78,11.28,6.99,1.92,0.00,0.00,2.66,1.16,2.24,3.04,2.26,3.72,15.30,17.92,46.71,7.20,3.78,3.90,12477.61,466.19,2307.99,2326.11,662.57,5175.44,312.73,0.00,0.00,643.31,84.96,50.42,53.43,949.60,71.54,17.02,22.45,170.89,74.44,107.68,41.38,121.10,21.57,2256.19,199.13,4.21,0.54,99.87,14.12,8.70,2.38,0.00,0.00,3.14,1.38,3.02,4.10,3.01,4.97,17.08,20.01,50.32,7.75,4.29,4.43
37.50,37.5,24/11/2025 10:39:07,3.178,8.204,,15.8,849620.0,602045.0,992323.88,331.61,1388.74,1507.57,385.18,2643.78,154.28,17.09,46.71,322.24,34.06,108.02,66.30,685.05,51.50,14.80,13.52,87.90,41.81,48.34,24.00,59.44,11.06,1686.85,149.42,3.52,0.43,76.05,10.30,6.97,1.92,0.00,0.00,3.44,1.19,2.86,3.07,1.67,3.75,14.13,18.04,51.72,7.33,3.09,3.92,13929.66,549.90,2302.91,2848.49,727.79,5655.94,330.06,39.16,107.04,804.60,85.04,130.12,79.86,958.52,72.07,24.70,22.56,156.92,74.64,70.65,35.08,85.40,15.89,2411.77,213.64,4.48,0.55,95.20,12.89,8.67,2.39,0.00,0.00,4.07,1.41,3.86,4.14,2.22,5.00,15.77,20.14,55.71,7.90,3.51,4.45
37.60,37.6,24/11/2025 10:39:40,3.590,6.285,1181238.708,15.9,849668.0,602931.0,992672.35,477.01,1393.60,1373.72,367.55,2474.48,148.21,11.57,46.55,306.72,33.92,32.59,38.69,624.78,50.98,8.92,13.47,93.31,41.64,66.67,27.01,113.31,19.77,1597.94,141.15,2.96,0.40,58.51,6.48,6.13,1.91,0.00,0.00,3.08,1.18,3.19,3.03,2.34,3.73,15.92,17.92,51.10,7.27,3.39,3.90,13284.90,791.01,2310.97,2595.60,694.48,5293.75,317.08,26.52,106.67,765.85,84.69,39.26,46.61,874.20,71.33,14.88,22.48,166.57,74.33,97.44,39.48,162.81,28.40,2284.64,201.81,3.77,0.51,73.24,8.11,7.63,2.37,0.00,0.00,3.64,1.40,4.31,4.09,3.12,4.98,17.78,20.01,55.05,7.83,3.84,4.42
37.70,37.7,24/11/2025 10:40:14,3.763,8.467,,15.8,853662.0,604169.0,992587.89,547.22,1374.66,1232.40,353.96,2340.23,144.41,34.42,26.71,438.83,33.47,0.00,0.00,669.72,51.27,3.03,13.55,111.42,41.96,57.60,25.54,85.10,15.29,1597.69,141.16,3.22,0.41,97.17,15.98,8.81,2.05,0.00,0.00,2.72,1.19,2.86,3.07,2.00,3.78,120.43,69.56,53.73,7.31,3.50,3.96,13391.67,907.44,2279.57,2328.57,668.80,5006.53,308.93,78.86,61.20,1095.70,83.57,0.00,0.00,937.08,71.74,5.06,22.60,198.90,74.90,84.19,37.33,122.28,21.97,2284.28,201.83,4.10,0.53,121.64,20.01,10.96,2.56,0.00,0.00,3.22,1.41,3.87,4.15,2.67,5.04,134.46,77.66,57.88,7.88,3.98,4.50
37.80,37.8,24/11/2025 10:40:47,3.948,8.203,,15.8,856793.0,607796.0,992606.31,710.67,1471.75,1218.84,353.05,2472.22,148.59,14.35,12.57,331.89,34.26,10.51,24.43,699.68,51.89,9.96,13.65,53.60,41.80,49.27,24.29,5.54,1.22,1651.79,146.33,3.76,0.44,78.95,11.06,7.59,1.97,0.00,0.00,2.96,1.18,2.75,3.09,2.23,3.78,13.52,18.23,49.27,7.25,4.34,3.88,13373.84,1178.49,2440.57,2302.96,667.08,5288.91,317.88,32.88,28.80,828.69,85.54,12.66,29.42,978.99,72.61,16.63,22.78,95.69,74.61,72.02,35.50,7.95,1.75,2361.63,209.21,4.79,0.56,98.83,13.84,9.45,2.45,0.00,0.00,3.50,1.40,3.71,4.17,2.97,5.04,15.09,20.35,53.08,7.81,4.92,4.40
37.90,37.9,24/11/2025 10:41:20,3.363,8.531,,15.8,860739.0,609801.0,992632.58,213.48,1462.81,1236.72,359.78,2468.72,149.64,89.65,56.55,348.52,34.31,48.82,49.04,655.16,51.79,11.64,13.60,61.63,41.68,47.85,24.01,37.87,7.46,1975.89,176.76,3.65,0.44,87.42,13.17,6.26,1.94,0.00,0.00,2.31,1.19,1.00,3.12,3.12,3.82,12.29,18.13,51.41,7.40,4.03,4.01,13305.89,354.01,2425.74,2336.73,679.79,5281.43,320.14,205.43,129.57,870.21,85.67,58.81,59.07,916.70,72.47,19.42,22.69,110.02,74.41,69.93,35.10,54.41,10.72,2825.02,252.72,4.64,0.56,109.43,16.48,7.79,2.42,0.00,0.00,2.73,1.41,1.35,4.21,4.16,5.09,13.72,20.24,55.38,7.97,4.57,4.55
38.00,38.0,24/11/2025 10:42:04,4.137,11.507,,15.8,866066.0,612342.0,992318.92,197.34,1472.47,1442.61,384.12,2777.48,161.58,114.15,69.20,306.52,34.95,4.24,24.79,701.39,52.31,11.33,13.73,89.43,42.48,57.15,25.65,64.70,12.03,1736.24,154.26,3.45,0.42,95.32,15.42,6.82,1.90,0.00,0.00,2.11,1.19,3.38,3.13,3.13,3.87,14.46,18.32,47.19,7.31,2.65,3.90,14059.19,327.24,2441.75,2725.76,725.77,5941.95,345.68,261.57,158.56,765.36,87.27,5.11,29.87,981.39,73.19,18.91,22.91,159.64,75.84,83.53,37.49,92.96,17.28,2482.37,220.55,4.39,0.54,119.32,19.30,8.49,2.36,0.00,0.00,2.50,1.40,4.57,4.23,4.17,5.15,16.14,20.45,50.83,7.88,3.01,4.42
38.10,38.1,24/11/2025 10:42:38,4.433,11.041,1181238.975,15.8,863344.0,613693.0,992210.88,354.93,1453.33,1296.64,367.67,2778.91,161.37,37.66,48.55,381.08,34.29,0.00,0.00,701.41,52.25,18.35,13.72,61.79,42.09,59.67,26.07,83.64,15.15,1827.13,162.75,4.23,0.46,107.58,19.10,7.92,1.97,0.00,0.00,2.19,1.20,2.20,3.16,1.79,3.82,10.82,18.30,49.06,7.36,2.11,3.87,14188.60,588.58,2410.02,2449.95,694.69,5945.02,345.23,86.29,111.24,951.51,85.63,0.00,0.00,981.42,73.10,30.62,22.89,110.30,75.13,87.21,38.11,120.17,21.77,2612.33,232.69,5.39,0.59,134.67,23.91,9.85,2.45,0.00,0.00,2.59,1.42,2.97,4.27,2.38,5.09,12.08,20.44,52.85,7.92,2.39,4.40
38.20,38.2,24/11/2025 10:43:12,3.526,6.415,,15.8,865667.0,613401.0,992688.36,257.65,1424.51,1149.97,350.61,2706.83,160.07,28.72,48.38,276.26,34.74,0.00,0.00,655.64,52.02,0.00,0.00,91.07,42.04,82.73,30.28,52.39,9.91,1789.49,159.16,3.57,0.43,106.31,18.75,6.52,1.97,0.00,0.00,2.21,1.20,1.18,3.14,2.07,3.83,47.37,31.07,48.92,7.33,2.74,3.95,13242.56,427.26,2362.24,2172.83,662.47,5790.81,342.45,65.82,110.86,689.81,86.75,0.00,0.00,917.38,72.79,0.00,0.00,162.57,75.04,120.91,44.26,75.28,14.24,2558.51,227.56,4.54,0.55,133.07,23.47,8.12,2.46,0.00,0.00,2.61,1.42,1.59,4.24,2.76,5.11,52.89,34.69,52.70,7.90,3.11,4.48
38.30,38.3,24/11/2025 10:43:46,4.568,8.665,,15.8,864295.0,612422.0,992517.11,477.03,1486.39,1212.21,360.60,2701.93,159.40,33.76,26.55,281.24,34.47,0.00,0.00,580.80,51.16,9.45,13.56,137.09,42.58,70.70,27.83,181.88,31.61,1618.29,143.15,3.47,0.43,89.00,13.66,6.87,1.98,0.00,0.00,3.03,1.19,2.23,3.11,3.52,3.84,17.69,18.02,47.89,7.36,4.79,3.94,13605.42,791.05,2464.84,2290.42,681.34,5780.34,341.01,77.36,60.84,702.23,86.07,0.00,0.00,812.66,71.58,15.78,22.62,244.73,76.02,103.34,40.67,261.34,45.41,2313.74,204.67,4.41,0.55,111.41,17.11,8.55,2.46,0.00,0.00,3.58,1.41,3.02,4.20,4.69,5.12,19.75,20.12,51.59,7.93,5.43,4.47
38.40,38.4,24/11/2025 10:44:19,3.981,8.335,,15.8,868093.0,612969.0,991956.14,317.79,1411.35,1453.33,386.31,3007.76,170.49,34.94,27.31,338.39,34.73,0.00,0.00,712.53,52.69,5.82,13.75,78.33,42.50,58.26,25.88,76.52,13.99,1782.03,158.50,3.75,0.44,96.04,15.59,7.16,1.97,0.00,0.00,3.36,1.23,0.83,3.14,1.69,3.86,10.14,18.37,52.74,7.43,2.46,3.97,14734.21,526.98,2340.41,2746.02,729.91,6434.60,364.73,80.07,62.59,844.92,86.71,0.00,0.00,996.97,73.72,9.70,22.94,139.83,75.88,85.15,37.83,109.95,20.11,2547.84,226.62,4.77,0.56,120.22,19.52,8.91,2.45,0.00,0.00,3.98,1.45,1.12,4.24,2.25,5.15,11.32,20.51,56.82,8.01,2.79,4.51
38.50,38.5,24/11/2025 10:45:03,4.033,6.479,,15.8,866856.0,610731.0,992523.65,184.84,1407.37,1248.44,358.83,2789.46,162.01,25.02,20.58,315.15,34.60,0.00,0.00,675.52,52.14,9.28,13.71,79.59,42.12,73.55,28.56,61.26,11.47,1827.27,162.74,3.99,0.45,99.31,16.58,8.58,2.05,0.00,0.00,3.12,1.22,1.59,3.13,2.58,3.83,17.48,18.22,47.28,7.26,3.04,3.90,13611.27,306.51,2333.81,2358.89,678.00,5967.60,346.60,57.32,47.15,786.90,86.39,0.00,0.00,945.18,72.95,15.48,22.87,142.08,75.20,107.49,41.74,88.02,16.48,2612.53,232.67,5.08,0.57,124.32,20.75,10.68,2.55,0.00,0.00,3.69,1.44,2.14,4.23,3.44,5.10,19.52,20.35,50.93,7.82,3.45,4.43
38.60,38.6,24/11/2025 10:45:36,4.555,11.706,1181238.845,15.8,861371.0,606620.0,992290.01,303.23,1412.34,1442.26,384.34,2794.05,161.89,18.38,15.69,385.11,34.01,15.88,24.64,705.17,52.32,19.75,13.73,60.20,41.89,66.46,27.28,18.02,3.78,1718.21,152.47,3.42,0.42,81.06,11.55,8.05,2.00,0.00,0.00,3.45,1.21,1.52,3.14,2.80,3.78,14.62,18.25,45.33,7.24,3.02,3.88,14129.19,502.84,2342.05,2725.10,726.19,5977.41,346.34,42.10,35.96,961.59,84.93,19.13,29.68,986.68,73.20,32.95,22.91,107.47,74.79,97.14,39.88,25.90,5.43,2456.60,218.00,4.35,0.54,101.47,14.46,10.02,2.48,0.00,0.00,4.08,1.43,2.05,4.24,3.73,5.03,16.32,20.38,48.83,7.80,3.42,4.40
38.70,38.7,24/11/2025 10:46:11,4.136,7.141,,15.8,855952.0,605537.0,992413.80,154.50,1418.09,1387.77,375.21,2820.47,162.27,30.66,24.13,302.38,34.31,63.47,54.66,718.04,51.60,16.13,13.61,73.39,41.88,57.42,25.54,17.26,3.61,1764.85,156.82,3.28,0.43,99.85,16.77,6.20,1.97,0.00,0.00,3.51,1.21,1.85,3.14,3.62,3.77,7.69,18.13,51.32,7.34,2.56,3.95,13823.71,256.20,2351.59,2622.14,708.95,6033.93,347.16,70.25,55.28,755.01,85.67,76.46,65.84,1004.68,72.20,26.91,22.70,131.01,74.76,83.93,37.33,24.80,5.19,2523.29,224.21,4.17,0.55,124.99,20.99,7.72,2.45,0.00,0.00,4.15,1.43,2.50,4.25,4.82,5.02,8.59,20.24,55.28,7.91,2.90,4.48
38.80,38.8,24/11/2025 10:46:44,3.355,5.885,,15.8,857350.0,605375.0,991892.02,417.22,1421.39,1503.93,392.80,2945.91,167.79,90.61,56.97,295.12,34.68,15.54,24.64,721.37,52.07,14.51,13.66,54.32,41.80,58.40,25.82,32.31,6.47,1776.26,157.91,3.48,0.43,104.32,18.10,6.68,1.96,0.00,0.00,2.11,1.17,2.87,3.09,1.80,3.78,13.61,18.23,44.52,7.28,3.07,3.95,14819.67,691.87,2357.05,2841.63,742.17,6302.29,358.96,207.62,130.54,736.88,86.58,18.72,29.68,1009.34,72.85,24.21,22.79,96.98,74.63,85.36,37.74,46.43,9.29,2539.60,225.77,4.43,0.55,130.58,22.66,8.31,2.44,0.00,0.00,2.50,1.39,3.88,4.17,2.39,5.04,15.20,20.35,47.96,7.84,3.49,4.48
38.90,38.9,24/11/2025 10:47:18,3.125,9.519,,15.8,857682.0,605951.0,992406.30,362.44,1400.88,1200.45,353.76,3047.19,171.55,9.05,8.35,304.23,34.49,0.00,0.00,650.77,51.33,1.62,13.66,46.12,41.62,70.42,27.89,21.30,4.38,1711.19,151.73,3.30,0.42,79.05,11.05,7.06,1.91,0.00,0.00,2.09,1.17,2.37,3.08,3.00,3.77,18.60,18.21,50.65,7.28,2.79,3.87,13944.37,601.02,2323.05,2268.21,668.41,6518.95,367.00,20.74,19.14,759.62,86.12,0.00,0.00,910.57,71.82,2.71,22.79,82.33,74.30,102.92,40.76,30.61,6.29,2446.57,216.94,4.20,0.54,98.95,13.84,8.79,2.38,0.00,0.00,2.48,1.38,3.20,4.16,4.01,5.03,20.77,20.33,54.56,7.84,3.16,4.39
39.00,39.0,24/11/2025 10:48:02,2.754,8.129,,15.8,864085.0,605405.0,991810.79,473.50,1451.86,1264.55,364.66,2946.45,168.75,4.50,4.34,414.27,34.35,48.07,48.77,709.09,52.57,27.58,13.78,94.37,42.35,56.81,25.54,128.20,22.34,1859.11,165.62,3.89,0.46,79.83,11.14,8.21,1.99,0.00,0.00,2.62,1.18,1.62,3.10,2.92,3.81,11.27,18.25,48.26,7.28,4.08,3.91,14905.99,785.19,2407.58,2389.33,689.01,6303.44,361.02,10.31,9.95,1034.39,85.77,57.90,58.75,992.16,73.56,46.02,22.99,168.47,75.61,83.03,37.33,184.20,32.10,2658.05,236.79,4.95,0.58,99.93,13.95,10.22,2.48,0.00,0.00,3.10,1.40,2.19,4.19,3.89,5.08,12.58,20.37,51.99,7.85,4.63,4.44
39.10,39.1,24/11/2025 10:48:36,3.476,8.269,1181239.966,15.8,859223.0,604894.0,991752.21,695.75,1451.68,1240.92,359.20,2906.47,166.35,32.14,48.14,285.76,34.51,53.84,50.94,697.78,52.34,17.49,13.63,98.03,42.07,65.90,26.97,55.65,10.37,1936.46,172.80,3.72,0.44,74.40,9.83,5.75,1.93,0.00,0.00,2.67,1.20,4.09,3.12,2.03,3.81,17.39,18.08,48.12,7.20,3.42,3.92,14885.35,1153.75,2407.28,2344.68,678.70,6217.91,355.87,73.65,110.30,713.53,86.16,64.86,61.36,976.34,73.23,29.18,22.74,175.00,75.09,96.31,39.41,79.96,14.90,2768.64,247.05,4.73,0.56,93.14,12.30,7.16,2.40,0.00,0.00,3.16,1.42,5.52,4.22,2.70,5.09,19.41,20.19,51.84,7.75,3.88,4.45
39.20,39.2,24/11/2025 10:49:09,3.770,12.168,,15.8,859811.0,605510.0,991974.34,369.66,1408.92,1492.26,387.91,2909.48,165.16,46.15,48.43,193.21,34.76,41.22,44.46,694.22,52.18,9.32,13.62,98.47,41.94,65.05,26.81,118.91,20.72,1827.01,162.56,3.57,0.43,59.66,6.64,5.88,1.96,0.00,0.00,3.06,1.19,1.12,3.09,1.66,3.80,34.32,22.84,47.63,7.24,3.79,3.99,14523.35,613.00,2336.38,2819.57,732.95,6224.36,353.33,105.74,110.98,482.43,86.79,49.66,53.55,971.35,73.02,15.55,22.72,175.78,74.88,95.07,39.18,170.86,29.77,2612.16,232.42,4.54,0.55,74.67,8.32,7.32,2.44,0.00,0.00,3.62,1.41,1.51,4.18,2.22,5.07,38.32,25.50,51.31,7.80,4.30,4.53
39.30,39.3,24/11/2025 10:49:43,2.964,8.133,,15.8,859970.0,604528.0,992230.17,201.94,1443.98,1382.23,375.95,2828.94,162.46,76.34,49.16,346.29,34.23,0.00,0.00,713.37,51.95,14.39,13.66,56.89,41.91,77.67,29.39,57.60,10.81,1839.24,163.78,3.55,0.43,95.52,15.44,6.10,1.91,0.00,0.00,3.01,1.20,2.04,3.08,1.96,3.80,8.47,18.23,51.37,7.34,2.90,3.89,14196.52,334.88,2394.52,2611.67,710.35,6052.05,347.55,174.92,112.64,864.67,85.46,0.00,0.00,998.15,72.69,24.00,22.79,101.56,74.81,113.53,42.95,82.76,15.54,2629.64,234.16,4.51,0.55,119.57,19.32,7.60,2.38,0.00,0.00,3.56,1.42,2.76,4.16,2.62,5.07,9.46,20.36,55.33,7.91,3.29,4.42
39.40,39.4,24/11/2025 10:50:17,2.892,7.669,,15.8,855156.0,603360.0,992605.42,357.01,1442.57,1222.28,360.26,2619.48,155.95,44.56,32.82,365.19,34.05,0.00,0.00,651.47,51.19,14.54,13.61,72.72,41.80,59.17,25.77,58.19,10.84,1785.47,158.67,3.36,0.42,64.52,7.68,7.17,1.94,0.00,0.00,2.60,1.17,0.42,3.05,2.79,3.77,8.93,18.09,52.20,7.33,2.52,3.82,13478.22,592.02,2392.18,2309.45,680.69,5603.94,333.63,102.11,75.19,911.84,85.01,0.00,0.00,911.53,71.63,24.26,22.70,129.82,74.62,86.48,37.67,83.61,15.58,2552.76,226.86,4.28,0.53,80.77,9.61,8.92,2.41,0.00,0.00,3.08,1.39,0.56,4.12,3.72,5.03,9.97,20.20,56.23,7.90,2.86,4.33
39.50,39.5,24/11/2025 10:51:00,5.709,8.270,,15.8,854759.0,603043.0,992282.48,663.27,1399.15,1218.25,353.64,2595.64,153.51,78.15,50.10,299.69,34.23,98.07,64.66,641.94,51.25,8.55,13.62,26.29,41.30,72.32,28.27,47.66,9.14,1806.38,160.72,3.35,0.43,72.33,9.41,5.67,1.94,0.01,0.16,2.19,1.17,2.67,3.07,1.25,3.75,20.89,18.16,50.05,7.25,2.90,3.78,13906.68,1099.89,2320.18,2301.83,668.20,5552.95,328.42,179.07,114.80,748.30,85.47,118.14,77.89,898.21,71.71,14.27,22.72,46.93,73.73,105.70,41.32,68.47,13.13,2582.66,229.79,4.26,0.55,90.55,11.77,7.05,2.41,0.01,0.21,2.59,1.38,3.61,4.15,1.66,5.00,23.32,20.27,53.92,7.81,3.29,4.29
39.60,39.6,24/11/2025 10:51:34,5.903,6.944,1181238.774,15.8,856383.0,603796.0,992983.06,249.02,1389.56,1143.35,347.89,2461.88,149.49,42.45,31.45,367.06,33.88,0.00,0.00,642.29,51.10,12.65,13.56,74.99,41.78,54.31,25.02,33.45,6.66,1783.63,158.64,3.66,0.44,54.73,5.75,6.91,1.93,0.00,0.00,2.04,1.16,1.71,3.01,3.31,3.74,19.41,18.13,56.33,7.32,3.77,3.85,12762.59,412.94,2304.27,2160.31,657.32,5266.79,319.80,97.27,72.07,916.50,84.61,0.00,0.00,898.70,71.50,21.11,22.63,133.87,74.58,79.38,36.57,48.06,9.57,2550.13,226.82,4.66,0.55,68.51,7.20,8.60,2.40,0.00,0.00,2.41,1.38,2.31,4.06,4.42,4.99,21.67,20.24,60.68,7.88,4.27,4.37
39.70,39.7,24/11/2025 10:52:08,4.491,11.837,,15.8,855500.0,603788.0,992968.34,312.16,1457.80,1350.51,372.33,2295.03,142.38,70.36,46.19,231.75,34.39,0.00,0.00,634.36,51.22,10.91,13.50,80.95,41.60,76.28,28.88,81.99,14.72,1710.01,151.67,3.23,0.41,88.53,13.56,5.84,1.83,0.00,0.00,2.69,1.15,2.52,3.02,0.99,3.73,17.33,17.98,52.64,7.27,3.57,3.82,12653.80,517.65,2417.43,2551.74,703.50,4909.85,304.59,161.22,105.84,578.65,85.87,0.00,0.00,887.60,71.67,18.21,22.52,144.51,74.26,111.49,42.21,117.80,21.15,2444.87,216.85,4.11,0.53,110.83,16.97,7.26,2.28,0.00,0.00,3.19,1.36,3.41,4.08,1.33,4.98,19.35,20.07,56.70,7.83,4.05,4.33
39.80,39.8,24/11/2025 10:52:42,4.673,8.403,,15.8,854064.0,601972.0,992692.13,282.08,1414.92,1146.04,347.27,2510.53,151.51,123.93,73.50,274.57,34.15,4.41,24.34,628.78,50.65,13.99,13.56,34.92,41.43,46.36,23.78,164.44,28.54,1936.18,172.89,3.34,0.43,57.13,6.17,5.99,1.94,0.07,0.16,3.45,1.18,3.24,3.02,2.67,3.73,13.21,18.16,48.92,7.15,3.62,3.84,13183.54,467.77,2346.32,2165.40,656.15,5370.88,324.13,283.98,168.43,685.57,85.26,5.31,29.32,879.79,70.87,23.34,22.62,62.34,73.95,67.76,34.76,236.28,41.00,2768.24,247.19,4.25,0.55,71.51,7.72,7.45,2.41,0.10,0.21,4.08,1.39,4.37,4.08,3.56,4.97,14.75,20.27,52.69,7.70,4.10,4.35
39.90,39.9,24/11/2025 10:53:15,2.881,8.930,,15.9,852761.0,600564.0,992063.32,733.93,1451.66,1215.93,355.04,2630.45,154.94,5.75,5.39,156.26,34.74,23.06,31.16,650.72,51.22,9.86,13.47,66.02,41.28,73.39,28.28,123.63,21.38,2100.00,188.28,3.11,0.42,59.59,6.61,8.18,2.02,0.00,0.00,3.39,1.19,1.57,3.07,2.98,3.79,16.62,17.93,49.64,7.23,2.60,3.94,14079.03,1217.06,2407.25,2297.45,670.83,5627.42,331.48,13.17,12.34,390.16,86.73,27.77,37.53,910.49,71.66,16.46,22.47,117.86,73.70,107.26,41.33,177.64,30.72,3002.46,269.19,3.96,0.54,74.60,8.27,10.18,2.51,0.00,0.00,4.01,1.41,2.12,4.15,3.98,5.05,18.55,20.02,53.47,7.79,2.95,4.47
40.00,40.0,24/11/2025 10:53:59,3.232,9.590,,15.8,856578.0,603192.0,992425.31,278.68,1444.38,1021.23,329.55,2527.21,150.99,42.10,48.34,335.37,34.26,0.45,24.50,675.22,51.61,17.68,13.54,80.55,41.85,54.84,25.09,44.06,8.53,2345.94,211.89,3.51,0.44,75.22,9.96,7.36,1.99,0.01,0.16,2.64,1.19,2.09,3.08,3.23,3.80,9.03,18.08,44.63,7.12,3.64,3.94,13528.60,462.12,2395.18,1929.58,622.67,5406.55,323.01,96.46,110.77,837.38,85.54,0.55,29.51,944.77,72.22,29.49,22.58,143.80,74.71,80.15,36.67,63.31,12.26,3354.09,302.95,4.46,0.56,94.16,12.47,9.16,2.48,0.02,0.21,3.12,1.40,2.82,4.16,4.30,5.06,10.08,20.18,48.08,7.67,4.13,4.47
40.10,40.1,24/11/2025 10:54:33,2.529,9.196,1181237.915,15.8,857245.0,604126.0,991939.51,348.63,1404.61,1299.03,362.10,2575.57,152.47,35.55,47.62,306.32,34.16,0.00,0.00,695.74,51.79,21.87,13.60,89.34,41.76,54.72,25.03,124.04,21.57,2356.99,212.87,3.63,0.44,68.77,8.45,6.73,1.98,0.00,0.00,3.61,1.21,2.88,3.12,2.11,3.85,16.45,18.03,45.60,7.26,2.88,3.91,14367.31,578.12,2329.22,2454.47,684.17,5510.02,326.18,81.47,109.12,764.85,85.28,0.00,0.00,973.49,72.46,36.50,22.69,159.49,74.55,79.98,36.58,178.23,30.99,3369.89,304.36,4.62,0.56,86.09,10.58,8.38,2.46,0.00,0.00,4.27,1.43,3.89,4.21,2.81,5.13,18.36,20.13,49.12,7.83,3.27,4.44
40.20,40.2,24/11/2025 10:55:06,4.307,8.333,,15.8,856430.0,603409.0,991723.93,644.14,1390.59,1275.97,357.68,2559.86,152.77,138.17,80.39,279.69,34.27,13.19,24.38,729.03,52.28,2.04,13.59,85.43,41.77,75.44,28.81,102.38,18.01,2161.17,194.12,3.44,0.43,94.91,15.10,7.94,1.98,0.00,0.00,2.28,1.20,3.37,3.07,4.62,3.85,45.93,29.96,44.00,7.19,3.06,3.91,14758.21,1068.16,2305.98,2410.90,675.82,5476.40,326.83,316.61,184.21,698.37,85.58,15.89,29.37,1020.06,73.16,3.41,22.68,152.51,74.57,110.27,42.11,147.10,25.87,3089.92,277.55,4.38,0.55,118.81,18.90,9.88,2.46,0.00,0.00,2.69,1.41,4.55,4.14,6.16,5.14,51.28,33.46,47.39,7.74,3.47,4.44
40.30,40.3,24/11/2025 10:55:40,4.856,9.655,,15.8,855956.0,600400.0,993084.88,186.14,1444.31,973.41,325.65,2407.08,146.10,73.79,47.64,319.82,33.92,39.42,43.70,648.54,51.50,1.69,13.57,75.64,41.95,62.32,26.43,102.94,18.22,1856.20,165.44,3.74,0.44,79.26,11.07,6.65,1.92,0.00,0.00,2.33,1.16,2.68,3.06,1.81,3.73,19.33,18.21,49.67,7.19,2.67,3.81,12449.89,308.68,2395.06,1839.22,615.30,5149.55,312.56,169.08,109.15,798.55,84.68,47.48,52.65,907.44,72.06,2.82,22.65,135.02,74.89,91.08,38.63,147.91,26.17,2653.89,236.53,4.75,0.56,99.22,13.86,8.28,2.40,0.00,0.00,2.76,1.38,3.62,4.13,2.42,4.98,21.58,20.33,53.51,7.75,3.03,4.32
40.40,40.4,24/11/2025 10:56:13,4.337,9.324,,15.8,855690.0,603066.0,992406.03,393.96,1431.03,1100.49,337.45,2618.76,154.35,4.00,3.78,284.91,34.29,40.76,44.27,673.88,51.83,10.77,13.61,75.06,41.71,69.27,27.58,83.68,15.00,2079.24,186.44,3.49,0.44,74.70,9.89,6.92,1.97,0.00,0.00,2.88,1.18,0.59,3.03,1.69,3.76,16.11,18.06,49.33,7.29,3.49,3.89,13581.89,653.29,2373.04,2079.34,637.59,5602.41,330.20,9.16,8.66,711.40,85.61,49.09,53.33,942.90,72.53,17.96,22.70,133.99,74.47,101.24,40.31,120.23,21.55,2972.78,266.56,4.44,0.56,93.50,12.38,8.61,2.46,0.00,0.00,3.41,1.39,0.80,4.10,2.26,5.01,17.99,20.17,53.14,7.85,3.96,4.41
40.50,40.5,24/11/2025 10:56:57,0.615,14.684,,15.8,858684.0,601037.0,992459.92,381.24,1420.56,1131.81,344.41,2427.06,148.14,47.32,34.15,274.99,34.29,60.97,53.60,643.11,51.63,8.26,13.55,110.27,42.25,59.86,25.87,92.23,16.38,2142.13,192.43,3.62,0.44,65.17,7.74,7.46,1.97,0.00,0.00,3.61,1.18,2.14,3.09,5.20,3.79,18.51,18.08,51.46,7.33,3.65,3.86,13414.52,632.20,2355.69,2138.52,650.75,5192.30,316.92,108.44,78.24,686.64,85.62,73.44,64.57,899.84,72.24,13.79,22.61,196.86,75.42,87.48,37.82,132.52,23.54,3062.69,275.13,4.60,0.56,81.58,9.69,9.28,2.46,0.00,0.00,4.27,1.40,2.89,4.17,6.93,5.06,20.67,20.19,55.44,7.89,4.14,4.37
40.60,40.6,24/11/2025 10:57:31,-0.001,5.951,1181241.556,15.8,856405.0,600875.0,992651.94,215.82,1459.66,1038.07,333.15,2443.62,148.09,47.05,48.43,231.54,34.21,82.70,60.47,690.39,51.79,1.08,13.62,90.22,41.76,73.83,28.40,89.82,15.93,2166.90,194.73,3.61,0.44,79.58,11.05,7.09,1.93,0.00,0.00,2.36,1.18,5.52,3.10,1.27,3.78,24.02,18.05,49.63,7.28,3.91,3.80,13006.24,357.90,2420.51,1961.40,629.47,5227.73,316.81,107.81,110.97,578.15,85.43,99.62,72.85,966.00,72.47,1.79,22.73,161.06,74.55,107.91,41.51,129.06,22.88,3098.11,278.41,4.60,0.55,99.62,13.83,8.83,2.40,0.00,0.00,2.79,1.39,7.45,4.19,1.69,5.04,26.82,20.16,53.47,7.84,4.43,4.31
40.70,40.7,24/11/2025 10:58:05,4.823,7.403,,15.8,859146.0,599624.0,991975.98,288.57,1438.47,1406.22,378.07,2582.60,153.35,41.36,48.37,253.42,34.48,9.83,24.29,697.82,52.08,4.98,13.61,88.79,41.83,71.35,27.95,136.27,23.60,2280.32,205.51,3.83,0.45,63.04,7.25,6.91,1.96,0.00,0.00,3.24,1.19,2.05,3.12,2.65,3.85,25.01,18.08,53.31,7.33,2.43,3.84,14294.18,478.53,2385.38,2657.00,714.36,5525.05,328.07,94.78,110.83,632.75,86.10,11.84,29.26,976.39,72.86,8.31,22.71,158.51,74.67,104.28,40.85,195.80,33.91,3260.28,293.82,4.87,0.57,78.91,9.07,8.61,2.43,0.00,0.00,3.84,1.41,2.78,4.21,3.53,5.13,27.92,20.19,57.43,7.90,2.75,4.36
40.80,40.8,24/11/2025 10:58:39,3.837,4.890,,15.8,859645.0,599383.0,992323.07,279.68,1396.61,1087.67,336.27,2560.82,152.76,94.63,58.62,317.43,34.28,13.15,24.59,691.17,51.99,16.38,13.62,56.63,41.62,65.56,27.01,27.33,5.54,2296.87,207.21,3.24,0.43,78.22,10.69,6.42,1.95,0.00,0.00,3.09,1.18,2.03,3.09,1.50,3.80,18.45,18.15,50.86,7.41,5.78,3.92,13737.54,463.79,2315.96,2055.11,635.36,5478.44,326.80,216.84,134.31,792.59,85.58,15.84,29.62,967.09,72.74,27.33,22.73,101.09,74.30,95.82,39.48,39.27,7.96,3283.93,296.26,4.13,0.54,97.92,13.38,7.99,2.43,0.00,0.00,3.66,1.40,2.75,4.17,2.00,5.07,20.60,20.26,54.79,7.98,6.56,4.45
40.90,40.9,24/11/2025 10:59:12,1.552,7.936,,15.8,858159.0,600106.0,992021.64,436.24,1407.85,1216.20,350.21,2455.51,148.67,29.03,47.74,251.60,34.29,40.42,43.84,661.96,51.67,20.48,13.61,46.76,41.35,79.75,29.63,127.02,22.00,2467.60,223.42,3.66,0.44,64.85,7.60,7.91,1.97,0.00,0.00,4.53,1.23,3.07,3.12,2.06,3.83,8.29,18.04,48.97,7.37,2.46,3.96,14061.65,723.41,2334.60,2297.97,661.71,5253.16,318.05,66.52,109.40,628.22,85.63,48.69,52.81,926.21,72.30,34.17,22.72,83.47,73.81,116.56,43.31,182.51,31.61,3528.03,319.44,4.66,0.56,81.17,9.51,9.85,2.45,0.00,0.00,5.36,1.45,4.15,4.21,2.75,5.11,9.25,20.14,52.75,7.94,2.80,4.49
41.00,41.0,24/11/2025 10:59:56,2.723,8.068,,15.9,857992.0,596346.0,991476.26,874.66,1390.18,1467.83,377.37,2357.78,143.33,62.25,41.83,319.93,34.20,13.18,24.59,676.64,51.92,14.95,13.64,77.85,42.02,74.68,28.76,41.68,8.10,2393.27,216.39,3.19,0.42,67.78,8.23,6.22,1.94,0.00,0.00,3.95,1.25,4.10,3.08,1.97,3.81,9.12,18.17,50.21,7.40,2.51,3.95,15103.33,1450.43,2305.30,2773.40,713.03,5044.08,306.63,142.64,95.86,798.83,85.40,15.87,29.62,946.75,72.65,24.95,22.76,138.97,75.01,109.14,42.04,59.88,11.64,3421.76,309.39,4.07,0.53,84.85,10.31,7.75,2.41,0.00,0.00,4.67,1.48,5.54,4.16,2.63,5.08,10.18,20.28,54.09,7.97,2.85,4.48
41.10,41.1,24/11/2025 11:00:30,2.842,11.640,1181238.381,15.9,849728.0,592682.0,993111.57,233.00,1468.07,1090.68,332.92,2270.64,140.67,38.14,48.37,400.70,33.36,0.00,0.00,634.78,50.74,13.94,13.49,75.92,41.36,65.59,26.81,71.32,19.54,1826.26,162.54,3.68,0.43,70.70,9.03,7.52,1.92,0.00,0.00,6.98,1.51,2.68,3.10,2.20,3.67,17.03,17.91,51.53,7.29,5.15,3.89,12446.84,386.38,2434.47,2060.80,629.03,4857.66,300.94,87.39,110.84,1000.51,83.29,0.00,0.00,888.18,71.00,23.26,22.51,135.53,73.83,95.87,39.19,102.47,28.08,2611.08,232.40,4.68,0.55,88.49,11.31,9.37,2.39,0.00,0.00,8.26,1.78,3.62,4.19,2.93,4.90,19.02,20.00,55.51,7.85,5.84,4.41
41.20,41.2,24/11/2025 11:01:05,2.467,13.889,,15.9,845637.0,587441.0,992658.50,222.02,1437.76,1229.03,343.20,2675.40,154.72,100.62,61.08,356.67,33.52,22.53,30.90,632.80,50.93,26.27,13.56,100.54,41.74,40.32,22.83,77.58,19.92,1690.13,149.72,3.37,0.42,81.77,11.73,8.59,1.96,0.00,0.00,4.83,1.28,2.32,3.05,1.72,3.65,13.95,17.96,47.45,7.12,3.60,3.88,13457.04,368.17,2384.21,2322.20,648.46,5723.57,331.00,230.55,139.96,890.57,83.69,27.14,37.22,885.42,71.26,43.84,22.63,179.48,74.52,58.93,33.37,111.47,28.62,2416.45,214.06,4.29,0.53,102.36,14.69,10.69,2.44,0.00,0.00,5.71,1.52,3.14,4.11,2.29,4.87,15.57,20.05,51.11,7.67,4.09,4.40
41.30,41.3,24/11/2025 11:01:38,2.052,17.262,,15.9,844816.0,588337.0,993450.97,166.34,1405.05,1430.29,362.97,2099.03,131.76,18.38,47.27,305.66,33.80,0.00,0.00,634.00,50.92,12.47,13.48,49.15,41.31,35.63,22.22,75.60,19.74,1553.79,137.20,3.16,0.41,92.76,14.84,7.52,1.90,0.00,0.00,4.66,1.27,3.16,3.01,1.49,3.57,8.22,18.03,44.58,7.01,3.14,3.87,11854.05,275.85,2329.97,2702.48,685.82,4490.53,281.89,42.12,108.30,763.20,84.40,0.00,0.00,887.09,71.25,20.81,22.50,87.73,73.74,52.08,32.47,108.63,28.36,2221.52,196.16,4.02,0.52,116.12,18.58,9.36,2.36,0.00,0.00,5.51,1.50,4.27,4.06,1.98,4.77,9.18,20.13,48.02,7.55,3.57,4.39
41.40,41.4,24/11/2025 11:02:12,2.152,16.006,,15.9,845313.0,589756.0,993142.74,231.67,1422.18,1371.46,360.65,2340.32,141.73,13.29,11.67,238.72,33.97,93.77,62.79,672.37,51.04,5.93,13.59,103.76,41.85,74.95,28.55,35.53,6.94,1522.20,134.12,3.13,0.40,54.40,5.72,6.81,1.95,0.00,0.00,7.96,1.64,5.81,3.05,1.18,3.60,20.87,17.97,50.53,6.95,2.60,3.82,12374.62,384.18,2358.36,2591.32,681.44,5006.72,303.20,30.45,26.74,596.06,84.82,112.95,75.63,940.78,71.42,9.89,22.67,185.23,74.72,109.55,41.73,51.05,9.98,2176.36,191.76,3.98,0.51,68.10,7.16,8.48,2.42,0.00,0.00,9.41,1.94,7.85,4.12,1.58,4.80,23.30,20.06,54.43,7.49,2.95,4.34
41.50,41.5,24/11/2025 11:02:56,2.013,11.969,,15.9,846527.0,588350.0,992801.13,276.47,1385.14,1197.05,340.88,2640.86,154.39,131.41,76.92,372.29,33.63,0.00,0.00,671.80,51.26,24.24,13.55,71.62,41.44,55.85,25.14,12.07,2.56,1582.69,139.77,3.21,0.41,73.27,9.68,6.31,1.87,0.00,0.00,8.95,1.74,4.62,3.01,0.48,3.57,15.42,17.99,46.92,7.10,3.34,3.90,13263.37,458.46,2296.94,2261.78,644.08,5649.68,330.30,301.11,176.24,929.57,83.97,0.00,0.00,939.99,71.72,40.44,22.61,127.85,73.98,81.63,36.75,17.34,3.68,2262.84,199.83,4.09,0.52,91.71,12.12,7.86,2.32,0.00,0.00,10.58,2.06,6.24,4.07,0.64,4.77,17.22,20.08,50.55,7.65,3.79,4.43
41.60,41.6,24/11/2025 11:03:30,2.065,12.434,1181238.977,15.9,844892.0,582113.0,993133.91,196.11,1414.32,1350.21,358.49,2354.02,143.23,16.39,14.13,321.85,33.53,20.39,29.00,598.00,50.62,11.65,13.46,78.69,41.47,58.26,25.54,77.94,19.78,1600.16,141.39,3.31,0.41,84.81,12.59,7.55,1.89,0.00,0.00,12.15,1.98,4.37,2.98,1.05,3.56,13.74,17.94,51.32,7.20,4.11,3.78,12476.49,325.21,2345.33,2551.16,677.35,5036.03,306.42,37.56,32.37,803.62,83.72,24.57,34.93,836.72,70.83,19.44,22.45,140.48,74.03,85.16,37.33,111.99,28.42,2287.82,202.14,4.21,0.53,106.17,15.76,9.40,2.36,0.00,0.00,14.37,2.34,5.90,4.03,1.40,4.75,15.34,20.04,55.28,7.75,4.66,4.29
41.70,41.7,24/11/2025 11:04:04,1.733,10.781,,15.9,842577.0,583333.0,993118.86,228.28,1434.39,1293.85,353.97,2211.29,136.70,46.15,48.07,277.68,33.40,0.00,0.00,621.64,50.64,5.43,13.45,126.08,41.80,63.00,26.16,27.28,5.43,1788.12,158.79,3.34,0.42,81.83,11.76,6.91,1.94,0.00,0.00,10.30,1.84,6.48,3.02,1.66,3.60,26.00,17.81,51.77,7.21,4.06,3.80,12372.61,378.55,2378.61,2444.69,668.81,4730.70,292.44,105.74,110.15,693.35,83.39,0.00,0.00,869.81,70.86,9.06,22.45,225.08,74.63,92.08,38.23,39.20,7.80,2556.55,227.03,4.25,0.53,102.43,14.72,8.60,2.41,0.00,0.00,12.18,2.17,8.75,4.08,2.21,4.80,29.03,19.89,55.77,7.77,4.60,4.31
41.80,41.8,24/11/2025 11:04:38,1.554,9.322,,15.9,844283.0,587377.0,993683.83,198.42,1418.47,1096.93,330.30,2088.32,132.56,38.83,47.51,291.23,33.56,15.90,24.24,621.40,50.68,16.29,13.43,80.93,41.38,51.32,24.33,27.62,5.53,1631.92,144.28,3.25,0.42,54.56,5.75,6.09,1.85,0.00,0.00,11.61,1.91,8.86,3.10,1.44,3.58,17.83,17.91,49.79,7.06,3.62,3.81,11378.89,329.03,2352.21,2072.60,624.09,4467.62,283.58,88.97,108.86,727.17,83.80,19.15,29.20,869.47,70.92,27.18,22.41,144.48,73.87,75.01,35.56,39.68,7.95,2333.23,206.29,4.14,0.54,68.30,7.20,7.58,2.31,0.00,0.00,13.73,2.26,11.97,4.19,1.92,4.77,19.91,20.00,53.64,7.61,4.11,4.32
41.90,41.9,24/11/2025 11:05:12,1.221,8.863,,15.9,843507.0,593171.0,993815.04,160.02,1402.28,1181.95,335.69,1933.48,125.37,43.77,48.31,319.98,33.28,5.42,24.16,589.82,50.23,14.96,13.47,46.50,41.08,61.35,25.99,28.22,5.63,1652.13,146.20,3.32,0.41,63.24,7.48,8.03,1.95,0.00,0.00,3.75,1.17,4.05,2.98,0.99,3.57,11.80,17.93,47.79,7.11,4.39,3.88,11140.57,265.35,2325.37,2233.25,634.28,4136.36,268.21,100.30,110.69,798.95,83.09,6.52,29.10,825.28,70.28,24.96,22.47,83.01,73.34,89.67,37.99,40.55,8.10,2362.12,209.03,4.23,0.53,79.17,9.36,9.99,2.43,0.00,0.00,4.44,1.39,5.47,4.03,1.32,4.76,13.18,20.02,51.48,7.66,4.98,4.40
42.00,42.0,24/11/2025 11:05:56,1.196,7.539,,15.9,843470.0,592742.0,993682.18,244.15,1371.04,1414.53,360.61,2016.66,127.11,59.27,39.81,219.05,33.81,11.21,24.18,571.83,50.18,16.11,13.44,77.63,41.23,67.06,27.03,9.32,2.00,1464.35,128.86,3.35,0.41,64.62,7.80,4.88,1.85,0.00,0.00,3.85,1.17,2.28,2.99,1.83,3.57,11.40,17.84,51.10,7.13,3.34,3.70,11431.62,404.88,2273.55,2672.70,681.36,4314.30,271.93,135.81,91.21,546.94,84.43,13.51,29.13,800.11,70.21,26.87,22.43,138.59,73.61,98.01,39.51,13.40,2.87,2093.65,184.24,4.26,0.52,80.89,9.77,6.07,2.30,0.00,0.00,4.55,1.38,3.08,4.04,2.45,4.77,12.72,19.91,55.05,7.68,3.79,4.19
42.10,42.1,24/11/2025 11:06:30,0.587,10.181,1181238.645,15.9,844800.0,596984.0,993466.79,430.55,1368.35,1240.71,341.23,2142.24,133.22,15.97,46.35,216.56,33.78,36.77,41.38,545.56,50.15,0.00,0.00,61.83,41.10,79.85,29.47,33.65,6.60,1559.64,137.61,3.70,0.44,80.43,11.50,7.13,1.90,0.00,0.00,4.04,1.17,1.58,3.01,1.42,3.65,19.73,17.90,48.43,7.06,3.41,3.74,11732.65,713.98,2269.10,2344.28,644.74,4582.97,285.00,36.60,106.21,540.73,84.36,44.30,49.85,763.35,70.17,0.00,0.00,110.37,73.36,116.71,43.08,48.36,9.48,2229.89,196.75,4.71,0.55,100.68,14.40,8.87,2.37,0.00,0.00,4.78,1.38,2.13,4.07,1.90,4.86,22.02,19.98,52.17,7.60,3.87,4.24
42.20,42.2,24/11/2025 11:07:03,0.068,9.123,,15.9,844754.0,597339.0,993376.69,501.98,1310.10,1183.47,332.03,2022.05,128.89,67.49,44.58,396.97,33.37,0.00,0.00,576.68,50.28,13.97,13.42,79.36,41.37,46.46,23.56,37.49,7.32,1549.56,136.74,2.98,0.41,68.10,8.54,6.10,1.90,0.00,0.00,2.52,1.15,1.49,2.95,1.93,3.65,13.78,17.89,48.54,7.05,2.40,3.67,12023.93,832.42,2172.50,2236.13,627.36,4325.84,275.74,154.64,102.15,991.19,83.31,0.00,0.00,806.89,70.35,23.31,22.39,141.68,73.84,67.90,34.43,53.87,10.51,2215.47,195.50,3.80,0.52,85.24,10.69,7.59,2.36,0.00,0.00,2.98,1.36,2.01,3.98,2.57,4.86,15.39,19.98,52.29,7.59,2.72,4.17
42.30,42.3,24/11/2025 11:07:37,-0.410,8.660,,15.9,844818.0,595388.0,993524.53,194.61,1421.15,1126.61,329.74,2223.41,137.07,105.21,63.37,402.03,33.27,0.00,0.00,571.76,50.09,13.71,13.51,61.06,41.35,51.46,24.40,76.45,19.72,1482.97,130.55,3.73,0.42,80.20,11.44,5.98,1.83,0.00,0.00,2.45,1.14,1.76,2.99,2.80,3.68,10.43,17.97,55.41,7.24,3.43,3.74,11886.96,322.71,2356.66,2128.70,623.02,4756.61,293.23,241.09,145.21,1003.82,83.08,0.00,0.00,800.01,70.09,22.87,22.54,109.01,73.82,75.21,35.66,109.84,28.34,2120.27,186.65,4.74,0.53,100.39,14.32,7.44,2.27,0.00,0.00,2.90,1.35,2.38,4.04,3.73,4.91,11.65,20.07,59.69,7.80,3.89,4.25
42.40,42.4,24/11/2025 11:08:11,-1.151,6.681,,15.9,843139.0,593234.0,993504.98,341.26,1365.13,1362.75,358.45,2068.64,130.53,82.11,51.69,335.84,33.38,0.00,0.00,625.78,50.61,0.00,0.00,60.75,41.24,74.25,28.39,8.26,1.77,1394.55,122.43,3.30,0.41,53.61,5.61,7.63,1.87,0.00,0.00,2.72,1.15,1.85,2.96,1.80,3.60,15.27,17.95,51.50,7.09,3.14,3.72,11856.30,565.90,2263.77,2574.87,677.28,4425.51,279.25,188.15,118.43,838.57,83.36,0.00,0.00,875.60,70.81,0.00,0.00,108.45,73.63,108.53,41.49,11.87,2.54,1993.84,175.04,4.20,0.53,67.11,7.02,9.49,2.33,0.00,0.00,3.21,1.36,2.51,4.00,2.40,4.79,17.05,20.04,55.48,7.64,3.57,4.22
42.50,42.5,24/11/2025 11:08:56,-0.419,8.398,,15.9,840725.0,593389.0,993963.33,149.50,1381.57,1415.03,362.42,2031.59,129.02,26.40,47.23,255.07,33.80,13.31,23.80,615.56,50.09,10.21,13.43,45.30,41.04,36.08,22.12,25.32,5.13,1250.92,109.39,3.14,0.40,85.21,12.88,6.88,1.88,0.00,0.00,2.87,1.13,2.14,2.94,1.83,3.63,9.66,17.92,47.94,7.00,2.73,3.61,11011.48,247.91,2291.02,2673.64,684.78,4346.25,276.02,60.49,108.23,636.89,84.40,16.03,28.67,861.30,70.08,17.03,22.40,80.86,73.27,52.73,32.32,36.39,7.37,1788.49,156.40,3.99,0.51,106.66,16.12,8.57,2.34,0.00,0.00,3.39,1.33,2.89,3.97,2.44,4.84,10.79,20.01,51.64,7.54,3.10,4.09
42.60,42.6,24/11/2025 11:09:29,0.579,8.795,1181239.175,15.9,840339.0,593148.0,993473.05,471.54,1359.82,1513.33,371.36,2061.11,129.64,107.08,64.36,312.78,33.40,0.00,0.00,551.17,49.84,10.09,13.45,84.52,41.38,68.81,27.31,15.02,3.13,1181.96,103.12,3.13,0.41,63.52,7.61,7.44,1.94,0.00,0.00,3.15,1.15,1.18,2.90,1.80,3.55,15.70,17.85,50.65,6.98,2.98,3.74,12003.97,781.94,2254.95,2859.39,701.67,4409.40,277.35,245.36,147.46,780.97,83.40,0.00,0.00,771.20,69.74,16.84,22.43,150.89,73.87,100.57,39.92,21.58,4.50,1689.90,147.44,3.99,0.53,79.51,9.53,9.26,2.42,0.00,0.00,3.72,1.36,1.59,3.92,2.40,4.74,17.52,19.93,54.56,7.52,3.38,4.24
42.70,42.7,24/11/2025 11:10:03,0.926,7.804,,15.9,842598.0,593372.0,993707.33,507.96,1405.24,1405.10,359.16,1852.19,120.85,72.97,47.59,246.90,33.95,4.15,24.23,605.06,50.28,5.31,13.47,87.30,41.61,50.38,24.20,65.47,19.20,1220.62,106.71,3.08,0.40,80.93,11.72,7.01,1.90,0.00,0.00,3.55,1.15,0.98,2.96,3.32,3.58,17.53,17.97,49.17,7.05,3.67,3.70,11373.18,842.34,2330.27,2654.88,678.61,3962.46,258.53,167.21,109.05,616.50,84.77,5.00,29.19,846.60,70.35,8.87,22.48,155.84,74.28,73.63,35.37,94.07,27.59,1745.18,152.57,3.92,0.51,101.31,14.68,8.73,2.37,0.00,0.00,4.20,1.36,1.33,4.00,4.43,4.77,19.57,20.06,52.97,7.59,4.16,4.20
42.80,42.8,24/11/2025 11:10:37,0.821,7.999,,15.9,843056.0,590758.0,993489.11,639.03,1352.14,1609.70,378.48,1748.72,115.87,19.93,16.75,364.88,33.32,0.00,0.00,548.51,49.99,4.80,13.46,59.15,41.28,57.39,25.38,79.82,19.81,1209.18,105.66,3.43,0.42,79.31,11.31,7.47,1.90,0.00,0.00,3.63,1.17,3.21,2.95,1.90,3.56,17.87,18.00,49.64,7.08,3.31,3.69,11808.75,1059.69,2242.21,3041.47,715.12,3741.11,247.88,45.66,38.38,911.06,83.19,0.00,0.00,767.48,69.95,8.00,22.45,105.60,73.70,83.88,37.10,114.69,28.47,1728.82,151.06,4.36,0.54,99.28,14.15,9.29,2.37,0.00,0.00,4.30,1.38,4.34,3.99,2.54,4.75,19.95,20.10,53.47,7.62,3.76,4.19
42.90,42.9,24/11/2025 11:11:11,0.942,11.770,,15.9,843373.0,589855.0,993385.85,439.83,1361.27,1432.50,359.58,2090.21,130.44,30.14,47.03,232.38,33.77,0.42,24.05,589.32,50.53,0.00,0.00,107.94,41.71,68.59,27.30,3.12,0.68,1436.71,126.26,3.18,0.41,83.48,12.32,7.70,1.90,0.00,0.00,4.25,1.18,2.59,2.97,1.15,3.61,21.08,17.90,57.00,7.27,2.57,3.74,11949.62,729.36,2257.37,2706.65,679.41,4471.65,279.06,69.05,107.76,580.22,84.33,0.51,28.98,824.59,70.70,0.00,0.00,192.70,74.46,100.25,39.90,4.49,0.98,2054.12,180.52,4.05,0.52,104.49,15.42,9.58,2.37,0.00,0.00,5.03,1.39,3.50,4.01,1.53,4.81,23.54,19.98,61.40,7.84,2.91,4.24
43.00,43.0,24/11/2025 11:11:55,0.784,9.325,,15.9,848375.0,593419.0,993000.46,370.43,1379.30,1319.21,349.37,2253.68,138.41,59.61,40.80,301.55,33.89,12.91,24.40,597.01,50.68,12.44,13.53,28.40,41.30,45.55,23.62,81.07,20.02,1764.04,156.77,3.16,0.42,71.66,9.29,6.62,1.92,0.00,0.00,3.38,1.17,3.12,3.01,2.03,3.65,8.33,18.11,51.51,7.20,3.83,3.77,12627.34,614.27,2287.25,2492.60,660.13,4821.38,296.10,136.58,93.49,752.95,84.62,15.55,29.39,835.34,70.92,20.75,22.57,50.69,73.72,66.57,34.52,116.49,28.77,2522.12,224.13,4.02,0.53,89.71,11.63,8.24,2.39,0.00,0.00,4.00,1.38,4.22,4.06,2.71,4.87,9.30,20.22,55.49,7.76,4.34,4.28
43.10,43.1,24/11/2025 11:12:30,0.339,9.785,1181238.776,15.9,850628.0,594647.0,993143.72,286.57,1413.90,1429.20,363.59,2127.08,132.57,23.12,47.24,190.80,34.11,10.44,24.22,582.92,50.52,17.80,13.48,74.96,41.30,77.67,29.08,22.32,4.55,1851.33,164.90,3.54,0.43,69.69,8.82,8.36,1.97,0.00,0.00,4.04,1.20,2.17,2.98,3.80,3.68,15.52,17.87,52.50,7.24,2.46,3.82,12231.37,475.21,2344.63,2700.41,686.98,4550.55,283.62,52.97,108.24,476.42,85.18,12.58,29.17,815.63,70.69,29.70,22.50,133.81,73.73,113.52,42.50,32.07,6.54,2646.92,235.76,4.51,0.55,87.24,11.05,10.40,2.45,0.00,0.00,4.78,1.42,2.93,4.03,5.06,4.91,17.33,19.96,56.55,7.80,2.79,4.33
43.20,43.2,24/11/2025 11:13:04,0.780,13.357,,15.9,857928.0,597682.0,991161.34,350.11,1383.69,1401.48,365.36,2712.54,157.02,94.40,58.32,319.76,34.01,47.40,48.27,638.65,51.59,13.41,13.63,76.77,41.81,70.19,27.81,42.91,8.29,2899.65,265.05,3.46,0.45,79.30,10.76,6.61,2.00,0.00,0.00,4.72,1.27,3.04,3.17,1.93,3.85,18.14,18.10,51.61,7.48,2.55,3.95,15669.44,580.58,2294.54,2648.05,690.33,5803.04,335.91,216.31,133.64,798.42,84.93,57.10,58.15,893.60,72.18,22.37,22.75,137.05,74.64,102.59,40.65,61.65,11.91,4145.75,378.96,4.40,0.57,99.27,13.47,8.23,2.49,0.00,0.00,5.58,1.50,4.11,4.29,2.58,5.13,20.25,20.21,55.59,8.06,2.90,4.48
43.30,43.3,24/11/2025 11:13:37,0.780,13.626,,15.8,866602.0,596445.0,989761.58,675.81,1407.65,1440.98,378.22,2828.72,162.24,134.82,78.38,307.84,34.32,70.96,57.30,680.37,52.14,9.22,13.70,68.98,41.95,63.71,26.69,128.88,22.41,3649.89,337.83,2.87,0.44,79.63,10.60,5.54,2.07,0.00,0.00,5.28,1.39,3.92,3.30,2.68,3.94,21.01,18.22,52.98,7.71,4.33,4.09,17855.96,1120.67,2334.28,2722.67,714.63,6051.58,347.09,308.92,179.60,768.64,85.70,85.47,69.03,951.98,72.95,15.39,22.86,123.14,74.89,93.12,39.01,185.18,32.19,5218.41,483.01,3.65,0.56,99.68,13.26,6.90,2.57,0.00,0.00,6.24,1.64,5.29,4.45,3.58,5.25,23.46,20.34,57.08,8.31,4.91,4.64
43.40,43.4,24/11/2025 11:13:37,1.059,10.646,,15.8,867983.0,595588.0,990498.29,223.22,1423.98,1195.50,349.65,2838.85,163.61,51.03,36.56,324.54,34.62,96.60,64.78,729.24,52.66,22.71,13.73,53.10,41.98,52.70,24.92,85.36,15.38,3662.28,339.13,3.31,0.44,74.34,9.39,7.89,2.07,0.00,0.00,7.35,1.63,2.60,3.26,1.58,3.89,11.98,18.31,54.47,7.78,3.06,4.13,16531.65,370.16,2361.35,2258.85,660.66,6073.26,350.01,116.92,83.77,810.34,86.45,116.37,78.04,1020.36,73.69,37.88,22.90,94.78,74.94,77.03,36.42,122.65,22.10,5236.12,484.88,4.21,0.57,93.06,11.75,9.82,2.58,0.00,0.00,8.69,1.93,3.51,4.40,2.11,5.18,13.38,20.44,58.67,8.38,3.48,4.68
43.50,43.5,24/11/2025 11:14:55,1.113,10.053,,15.8,866701.0,599795.0,990432.45,212.31,1392.37,1470.70,382.84,2699.59,158.48,26.03,21.26,369.23,34.03,58.58,53.55,658.86,51.93,30.76,14.35,31.38,41.88,33.88,22.33,104.92,18.57,3672.86,340.18,3.47,0.46,120.30,22.26,7.90,2.12,0.00,0.00,4.74,1.28,2.06,3.30,2.19,3.95,4.45,18.39,50.68,7.63,2.66,4.14,16677.84,352.07,2308.93,2778.83,723.37,5775.32,339.03,59.63,48.71,921.94,84.97,70.57,64.50,921.89,72.66,51.32,23.94,56.02,74.77,49.51,32.64,150.75,26.68,5251.25,486.38,4.42,0.59,150.59,27.87,9.83,2.64,0.00,0.00,5.61,1.52,2.78,4.45,2.92,5.26,4.97,20.53,54.60,8.22,3.02,4.70
43.60,43.6,24/11/2025 11:15:29,0.988,7.736,1181240.698,15.8,866135.0,601455.0,990111.66,226.81,1414.68,1503.69,384.28,3091.45,172.04,3.51,3.38,342.93,34.26,9.49,24.77,715.15,52.39,14.36,13.60,78.01,42.24,43.92,23.59,67.29,12.43,3636.72,336.59,3.13,0.45,67.37,7.89,6.71,2.07,0.04,0.17,4.35,1.31,0.66,3.28,2.61,3.93,11.58,18.27,54.45,7.75,4.10,4.09,17413.46,376.12,2345.94,2841.17,726.09,6613.66,368.04,8.03,7.75,856.26,85.53,11.44,29.84,1000.64,73.30,23.95,22.70,139.25,75.41,64.19,34.48,96.69,17.86,5199.58,481.24,3.98,0.57,84.33,9.87,8.35,2.58,0.05,0.22,5.14,1.54,0.90,4.43,3.49,5.24,12.93,20.40,58.65,8.35,4.65,4.64
43.70,43.7,24/11/2025 11:16:03,0.249,8.926,,15.8,862198.0,602151.0,990745.29,307.11,1398.08,1525.39,385.34,2691.55,157.20,44.51,49.57,366.94,34.17,0.00,0.00,662.59,51.33,8.28,13.65,112.44,42.59,42.52,23.36,15.57,3.31,3316.60,305.55,3.17,0.45,67.96,8.09,6.86,2.07,0.00,0.00,3.52,1.26,1.55,3.18,1.73,3.97,16.05,18.23,56.30,7.83,4.06,4.05,16325.21,509.28,2318.41,2882.17,728.08,5758.13,336.31,101.99,113.59,916.20,85.32,0.00,0.00,927.10,71.83,13.82,22.78,200.73,76.04,62.15,34.14,22.38,4.75,4741.89,436.86,4.03,0.57,85.07,10.13,8.54,2.58,0.00,0.00,4.17,1.49,2.09,4.30,2.31,5.30,17.92,20.35,60.65,8.43,4.61,4.60
43.80,43.8,24/11/2025 11:16:37,0.625,11.437,,15.8,863973.0,603430.0,990681.41,428.70,1427.66,1482.88,375.42,2516.61,149.97,34.61,48.97,375.40,34.12,18.69,27.45,634.76,51.23,17.26,13.66,99.38,42.37,65.41,27.05,79.77,14.48,3404.54,314.05,3.52,0.46,74.39,9.48,7.25,2.08,0.00,0.00,2.76,1.26,2.16,3.27,3.02,3.97,10.83,18.19,54.32,7.77,2.33,4.01,16298.06,710.91,2367.45,2801.84,709.35,5383.88,320.85,79.31,112.20,937.33,85.18,22.51,33.07,888.16,71.68,28.80,22.79,177.40,75.64,95.60,39.54,114.62,20.80,4867.62,449.01,4.48,0.59,93.12,11.86,9.02,2.59,0.00,0.00,3.26,1.49,2.91,4.42,4.03,5.30,12.09,20.31,58.52,8.37,2.65,4.54
43.90,43.9,24/11/2025 11:17:11,0.491,8.330,,15.8,868039.0,606316.0,990377.63,268.53,1411.63,1569.38,386.44,2655.82,154.69,50.12,35.71,243.42,34.69,48.94,48.83,652.60,51.68,15.30,13.75,125.44,42.89,34.42,22.24,110.76,19.49,3650.14,337.95,3.38,0.45,107.47,18.18,8.69,2.12,0.00,0.00,3.61,1.29,2.05,3.30,1.34,4.00,15.43,18.24,53.32,7.72,2.20,4.05,16700.31,445.30,2340.87,2965.28,730.16,5681.69,330.93,114.85,81.83,607.79,86.63,58.96,58.82,913.12,72.31,25.53,22.95,223.93,76.57,50.31,32.50,159.15,28.00,5218.77,483.19,4.30,0.58,134.52,22.76,10.82,2.63,0.00,0.00,4.27,1.52,2.77,4.46,1.79,5.33,17.23,20.37,57.44,8.32,2.49,4.59
44.00,44.0,24/11/2025 11:17:55,0.498,10.047,,15.8,878391.0,607617.0,988552.28,844.06,1405.19,1683.05,400.38,2961.48,167.29,147.06,85.67,354.86,34.80,53.79,51.60,666.43,52.51,25.93,13.97,85.66,42.95,55.69,25.63,93.56,16.83,4291.99,400.60,3.47,0.47,92.57,13.64,9.24,2.24,0.00,0.00,4.56,1.32,2.40,3.38,2.31,4.16,7.94,18.54,58.60,8.07,3.08,4.27,19903.07,1399.69,2330.19,3180.07,756.50,6335.60,357.89,336.98,196.30,886.04,86.89,64.80,62.15,932.47,73.47,43.27,23.31,152.92,76.68,81.40,37.46,134.43,24.18,6136.44,572.76,4.41,0.60,115.87,17.07,11.50,2.79,0.00,0.00,5.39,1.56,3.24,4.56,3.08,5.55,8.86,20.70,63.12,8.69,3.49,4.84
44.10,44.1,24/11/2025 11:18:28,0.508,6.215,1181242.285,15.8,874953.0,605189.0,989698.25,306.58,1431.70,1506.38,380.29,3009.90,168.89,47.37,34.58,299.40,34.90,32.29,39.22,682.36,52.36,10.88,13.80,95.51,42.64,60.03,26.25,103.05,18.34,3976.54,369.81,3.24,0.45,74.79,9.41,6.31,2.09,0.00,0.00,3.42,1.29,2.00,3.31,2.38,4.08,21.40,18.38,55.00,7.94,2.92,4.19,17955.46,508.39,2374.15,2846.25,718.54,6439.18,361.32,108.55,79.24,747.57,87.15,38.90,47.24,954.76,73.26,18.15,23.02,170.51,76.11,87.74,38.36,148.07,26.35,5685.43,528.73,4.12,0.58,93.63,11.78,7.85,2.60,0.00,0.00,4.04,1.53,2.70,4.47,3.18,5.44,23.89,20.53,59.24,8.55,3.31,4.75
44.20,44.2,24/11/2025 11:19:02,0.668,11.506,,15.8,875764.0,607366.0,990059.36,325.36,1446.85,1317.27,360.06,2880.11,164.00,17.12,48.23,318.33,34.78,9.12,24.93,681.92,52.41,13.76,13.78,63.70,42.49,51.19,24.87,71.89,13.31,4011.01,373.28,3.17,0.45,85.53,11.98,7.40,2.13,0.00,0.00,3.04,1.30,2.14,3.30,4.11,4.06,11.30,18.47,60.44,8.12,2.74,4.19,17251.79,539.53,2399.28,2488.93,680.32,6161.53,350.85,39.23,110.51,794.85,86.84,10.98,30.03,954.15,73.33,22.96,23.00,113.71,75.86,74.81,36.35,103.30,19.12,5734.72,533.70,4.03,0.57,107.06,15.00,9.21,2.65,0.00,0.00,3.59,1.54,2.89,4.46,5.48,5.42,12.62,20.62,65.11,8.74,3.11,4.75
44.30,44.3,24/11/2025 11:19:36,0.521,5.420,,15.7,886996.0,611504.0,988742.64,674.68,1434.69,1613.24,395.98,3037.35,170.97,25.39,21.25,425.08,34.91,40.59,45.21,686.94,52.81,9.99,14.01,65.03,43.24,59.64,26.52,86.87,15.88,4371.48,408.49,3.12,0.46,72.64,8.84,6.03,2.11,0.00,0.00,3.80,1.32,4.18,3.39,3.17,4.14,9.58,18.77,56.41,8.00,2.15,4.23,19580.01,1118.81,2379.11,3048.16,748.18,6497.91,365.75,58.17,48.69,1061.38,87.17,48.90,54.46,961.17,73.90,16.66,23.38,116.09,77.19,87.17,38.76,124.82,22.82,6250.10,584.03,3.97,0.59,90.93,11.07,7.51,2.63,0.00,0.00,4.50,1.56,5.65,4.58,4.23,5.51,10.70,20.96,60.77,8.62,2.44,4.80
44.40,44.4,24/11/2025 11:20:10,-0.189,11.501,,15.7,903437.0,616961.0,988483.39,302.42,1480.34,1646.78,406.93,3325.02,183.07,29.54,24.70,379.13,35.88,17.16,26.73,779.19,54.74,18.85,14.27,86.13,43.87,62.16,27.08,149.20,26.34,4593.92,430.27,3.91,0.49,34.01,2.41,7.51,2.19,0.00,0.00,6.28,1.54,3.23,3.43,2.81,4.22,11.54,18.94,54.21,8.01,3.60,4.20,20057.99,501.49,2454.82,3111.53,768.89,7113.34,391.66,67.70,56.59,946.65,89.58,20.67,32.20,1090.25,76.60,31.45,23.82,153.76,78.31,90.85,39.58,214.37,37.85,6568.13,615.18,4.98,0.63,42.57,3.02,9.35,2.72,0.00,0.00,7.43,1.82,4.36,4.63,3.75,5.63,12.88,21.15,58.40,8.62,4.08,4.76
44.50,44.5,24/11/2025 11:20:54,-2.351,6.216,,15.6,917705.0,626482.0,988100.42,316.69,1504.83,1621.21,411.67,3516.08,192.32,151.63,90.70,446.90,36.35,37.84,45.21,773.75,55.23,15.71,14.41,52.00,44.09,58.05,26.71,95.20,17.58,4671.72,438.03,3.65,0.49,46.43,4.02,7.26,2.14,0.00,0.00,6.72,1.63,6.21,3.53,2.35,4.31,8.46,19.24,57.78,8.20,3.95,4.39,20889.44,525.15,2495.43,3063.21,777.83,7522.06,411.43,347.45,207.83,1115.87,90.76,45.59,54.47,1082.64,77.28,26.22,24.05,92.83,78.71,84.84,39.04,136.79,25.26,6679.36,626.27,4.64,0.63,58.12,5.03,9.04,2.66,0.00,0.00,7.95,1.93,8.39,4.77,3.13,5.75,9.44,21.48,62.24,8.83,4.48,4.98
44.60,44.6,24/11/2025 11:21:28,0.533,9.058,1181238.181,15.4,945681.0,639757.0,986951.69,617.23,1593.28,1867.86,459.28,3948.40,210.47,101.32,66.09,443.50,37.59,85.70,66.66,801.92,56.72,16.15,14.87,82.09,45.92,38.97,24.46,169.44,30.49,4726.06,443.35,3.56,0.49,56.46,5.59,6.35,2.14,0.00,0.00,7.57,1.73,3.70,3.59,2.30,4.41,8.33,19.85,58.37,8.44,3.05,4.39,22971.25,1023.53,2642.09,3529.24,867.79,8446.95,450.27,232.16,151.43,1107.37,93.85,103.24,80.30,1122.05,79.36,26.94,24.81,146.54,81.98,56.96,35.76,243.46,43.81,6757.05,633.88,4.53,0.63,70.68,6.99,7.90,2.66,0.00,0.00,8.95,2.04,5.00,4.85,3.06,5.88,9.30,22.17,62.88,9.10,3.46,4.98
44.70,44.7,24/11/2025 11:22:02,0.134,9.590,,15.4,940689.0,645267.0,987842.49,355.51,1553.79,1894.73,463.99,3908.13,208.99,36.03,30.14,365.64,37.57,9.87,26.63,762.52,56.40,20.93,14.82,86.88,45.36,71.77,29.29,161.10,28.85,4371.26,408.65,3.57,0.50,17.00,0.90,6.84,2.22,0.00,0.00,8.33,1.83,3.45,3.55,2.95,4.38,11.80,19.58,57.01,8.10,2.20,4.24,21510.71,589.53,2576.62,3580.02,876.70,8360.80,447.10,82.55,69.05,912.97,93.80,11.89,32.08,1066.92,78.92,34.92,24.72,155.10,80.98,104.90,42.81,231.47,41.46,6249.78,584.27,4.55,0.63,21.28,1.13,8.51,2.76,0.00,0.00,9.85,2.16,4.66,4.80,3.94,5.84,13.18,21.86,61.41,8.73,2.49,4.81
44.80,44.8,24/11/2025 11:22:37,0.337,10.516,,15.3,958628.0,653456.0,985513.32,1319.64,1610.66,2074.04,489.55,4222.32,221.72,54.11,42.07,509.46,38.37,69.18,63.11,923.79,58.80,22.14,15.22,110.51,47.10,38.70,24.81,230.54,41.89,4810.54,451.58,3.89,0.52,5.70,0.26,8.26,2.29,0.00,0.00,5.36,1.47,4.53,3.70,4.85,4.59,8.48,20.21,56.60,8.36,4.05,4.50,25528.27,2188.32,2670.92,3918.81,924.98,9032.97,474.34,123.99,96.40,1272.08,95.80,83.34,76.03,1292.58,82.27,36.94,25.40,197.28,84.08,56.56,36.26,331.24,60.18,6877.84,645.64,4.96,0.66,7.14,0.33,10.28,2.85,0.00,0.00,6.34,1.74,6.12,5.00,6.46,6.12,9.46,22.57,60.97,9.00,4.59,5.10
44.90,44.9,24/11/2025 11:23:11,-0.569,13.557,,15.2,978419.0,666278.0,985114.80,1051.81,1657.87,2020.64,489.48,4256.66,224.88,205.09,122.45,541.64,39.28,35.70,47.63,915.40,59.99,19.94,15.44,69.19,47.32,54.89,27.42,270.66,50.00,5324.38,502.10,4.18,0.54,21.72,1.23,8.23,2.33,0.00,0.00,6.25,1.60,3.87,3.78,5.72,4.77,13.13,20.58,52.44,8.45,3.67,4.51,26191.44,1744.19,2749.21,3817.93,924.85,9106.41,481.09,469.93,280.58,1352.43,98.07,43.01,57.38,1280.84,83.93,33.28,25.77,123.51,84.47,80.23,40.08,388.90,71.84,7612.49,717.88,5.33,0.68,27.19,1.54,10.24,2.90,0.00,0.00,7.39,1.90,5.23,5.11,7.62,6.37,14.66,22.98,56.49,9.10,4.16,5.11
45.00,45.0,24/11/2025 11:23:55,-1.127,15.345,,15.2,974215.0,668221.0,986453.03,442.73,1616.64,1852.94,463.45,4018.00,214.95,128.12,80.96,595.33,38.40,102.00,75.06,941.93,59.81,31.95,16.15,59.97,46.79,49.33,26.37,160.47,29.26,5046.04,474.85,3.82,0.52,21.75,1.24,8.82,2.30,0.00,0.00,5.89,1.57,3.47,3.79,1.83,4.66,13.63,20.40,55.35,8.44,3.59,4.48,23865.61,734.17,2680.84,3501.05,875.66,8595.85,459.84,293.57,185.52,1486.47,95.87,122.87,90.42,1317.95,83.68,53.31,26.95,107.06,83.53,72.10,38.54,230.58,42.05,7214.55,678.92,4.87,0.67,27.22,1.56,10.97,2.86,0.00,0.00,6.97,1.86,4.69,5.12,2.44,6.22,15.22,22.78,59.62,9.09,4.08,5.08
45.10,45.1,24/11/2025 11:24:29,0.118,14.548,1181238.580,15.2,982301.0,670675.0,985681.95,579.19,1631.50,2094.32,498.34,4362.80,227.99,121.24,78.44,593.97,39.21,12.08,28.53,968.16,60.15,26.51,15.49,73.50,47.32,56.33,27.56,140.02,25.83,5163.30,486.34,4.00,0.52,28.81,1.85,7.93,2.31,0.00,0.00,7.94,1.81,3.57,3.78,3.83,4.77,6.23,20.55,59.46,8.64,4.84,4.61,25369.21,960.46,2705.48,3957.15,941.59,9333.49,487.75,277.82,179.74,1483.10,97.90,14.55,34.37,1354.66,84.16,44.23,25.84,131.20,84.48,82.32,40.28,201.19,37.12,7382.19,695.35,5.09,0.67,36.06,2.32,9.87,2.87,0.00,0.00,9.39,2.14,4.82,5.10,5.10,6.36,6.95,22.94,64.05,9.31,5.49,5.23
45.20,45.2,24/11/2025 11:25:03,1.673,14.946,,15.1,1001573.0,682261.0,984771.06,506.19,1718.94,2530.56,562.75,4487.39,234.25,35.37,31.31,548.52,40.26,36.16,49.35,938.92,61.06,22.72,15.82,85.42,48.23,73.17,30.57,134.23,24.99,5722.81,541.30,4.31,0.55,8.89,0.42,7.28,2.37,0.00,0.00,6.41,1.64,4.02,3.97,3.58,4.95,7.21,20.84,62.81,8.85,2.97,4.65,26823.67,839.40,2850.47,4781.40,1063.29,9600.02,501.14,81.05,71.75,1369.60,100.53,43.56,59.45,1313.74,85.43,37.90,26.39,152.49,86.10,106.94,44.69,192.86,35.91,8182.15,773.92,5.48,0.70,11.13,0.53,9.07,2.95,0.00,0.00,7.58,1.94,5.44,5.36,4.77,6.61,8.05,23.27,67.66,9.54,3.37,5.28
45.30,45.3,24/11/2025 11:25:37,0.129,22.944,,15.1,997268.0,676613.0,984953.42,309.17,1732.39,2379.36,541.69,4662.11,239.51,211.47,126.22,635.02,39.60,139.37,85.50,1028.73,61.84,26.76,15.68,83.80,47.91,51.59,27.08,113.21,21.49,5291.38,498.89,4.37,0.54,10.40,0.50,7.35,2.25,0.00,0.00,4.86,1.48,4.41,3.92,2.58,4.86,18.71,20.77,59.18,8.57,2.72,4.56,26787.91,512.68,2872.78,4495.71,1023.50,9973.81,512.39,484.56,289.23,1585.60,98.88,167.89,102.99,1439.40,86.53,44.66,26.16,149.60,85.52,75.41,39.58,162.67,30.88,7565.32,713.28,5.57,0.69,13.02,0.63,9.15,2.80,0.00,0.00,5.75,1.75,5.95,5.29,3.44,6.48,20.89,23.19,63.75,9.23,3.09,5.17
45.40,45.4,24/11/2025 11:26:11,0.419,28.702,,15.2,989746.0,666110.0,984367.75,1137.39,1728.21,2317.83,536.23,5255.75,260.69,143.66,90.76,585.24,40.09,26.00,40.12,968.11,61.18,18.96,15.68,74.99,47.92,48.54,26.65,211.70,38.72,4735.71,444.31,4.68,0.55,9.31,0.44,6.61,2.23,0.00,0.00,7.10,1.73,4.34,3.75,5.33,4.71,8.64,20.78,59.39,8.48,3.00,4.50,28121.41,1886.10,2865.84,4379.45,1013.18,11243.80,557.70,329.17,207.96,1461.28,100.11,31.32,48.33,1354.58,85.61,31.63,26.15,133.88,85.54,70.94,38.95,304.17,55.63,6770.86,635.25,5.95,0.70,11.65,0.55,8.22,2.78,0.00,0.00,8.39,2.04,5.86,5.07,7.11,6.28,9.64,23.21,63.98,9.13,3.40,5.10
45.50,45.5,24/11/2025 11:26:55,0.669,34.122,,15.2,993786.0,661752.0,986853.29,344.50,1745.80,2144.93,515.86,4178.30,223.54,60.60,47.09,535.51,40.01,0.00,0.00,961.52,61.10,33.31,16.84,137.02,48.18,55.98,27.48,136.07,25.32,4438.44,415.48,3.96,0.51,9.37,0.44,7.13,2.17,0.00,0.00,11.44,2.12,5.78,3.68,1.74,4.59,13.79,20.54,63.18,8.54,4.14,4.39,23444.95,571.27,2895.01,4052.76,974.70,8938.78,478.22,138.85,107.89,1337.11,99.90,0.00,0.00,1345.37,85.50,55.58,28.09,244.61,86.02,81.81,40.17,195.51,36.37,6345.84,594.03,5.03,0.65,11.73,0.56,8.88,2.70,0.00,0.00,13.53,2.51,7.81,4.97,2.32,6.12,15.40,22.94,68.06,9.20,4.70,4.98
45.60,45.6,24/11/2025 11:27:30,0.620,46.950,1181240.365,15.4,966601.0,637966.0,986041.26,401.49,1665.19,2229.57,517.70,5003.80,250.17,128.67,81.73,536.67,38.84,117.69,78.09,1012.40,60.22,22.41,15.36,140.10,47.68,69.29,29.46,94.09,17.89,4082.49,380.38,3.46,0.49,5.61,0.26,5.93,2.18,0.00,0.00,14.43,2.35,6.67,3.56,3.91,4.35,18.54,20.27,57.48,8.01,4.02,4.40,25274.61,665.79,2761.35,4212.69,978.17,10704.81,535.21,294.82,187.28,1340.00,96.98,141.77,94.07,1416.56,84.27,37.39,25.63,250.10,85.11,101.28,43.05,135.19,25.70,5836.92,543.85,4.41,0.62,7.03,0.32,7.38,2.71,0.00,0.00,17.06,2.77,9.01,4.81,5.22,5.80,20.70,22.64,61.92,8.63,4.56,4.99
45.70,45.7,24/11/2025 11:28:04,1.357,48.144,,15.4,984776.0,637044.0,987048.90,944.33,1762.81,1890.76,481.36,4653.20,238.57,118.29,77.38,591.46,39.71,122.65,82.43,916.53,60.53,49.17,21.85,38.25,47.23,62.51,28.67,65.94,13.31,3365.25,310.89,4.25,0.49,5.41,0.25,6.12,2.07,0.00,0.00,24.03,2.82,14.68,3.56,0.73,4.20,8.33,20.71,62.13,8.18,7.04,4.38,23572.42,1565.96,2923.23,3572.53,909.51,9954.76,510.39,271.06,177.30,1476.82,99.16,147.75,99.30,1282.42,84.70,82.04,36.45,68.27,84.32,91.37,41.90,94.75,19.12,4811.45,444.49,5.40,0.63,6.78,0.31,7.62,2.57,0.00,0.00,28.42,3.34,19.83,4.80,0.98,5.60,9.30,23.12,66.93,8.81,7.99,4.96
45.80,45.8,24/11/2025 11:28:38,1.587,47.018,,15.5,975928.0,618918.0,984569.63,399.49,1721.38,2631.38,572.45,6151.14,289.59,81.43,58.51,690.59,39.73,252.35,100.55,1089.75,62.50,44.48,20.44,59.47,47.67,54.68,27.43,98.98,18.75,3712.45,344.13,3.90,0.49,16.88,0.88,7.94,2.15,0.00,0.00,35.14,3.37,18.25,3.69,1.37,4.17,10.48,20.78,63.06,8.18,7.14,4.42,28435.52,662.47,2854.52,4971.89,1081.63,13159.35,619.52,186.58,134.07,1724.33,99.20,303.98,121.12,1524.79,87.45,74.22,34.10,106.16,85.10,79.93,40.09,142.21,26.94,5307.86,492.02,4.97,0.63,21.14,1.10,9.89,2.68,0.00,0.00,41.56,3.99,24.65,4.98,1.83,5.56,11.70,23.20,67.93,8.81,8.10,5.02
45.90,45.9,24/11/2025 11:29:12,1.783,52.840,,15.6,964303.0,602787.0,976708.02,611.46,1658.25,3557.81,696.18,11953.92,479.61,36.23,31.47,580.31,39.85,776.45,152.43,1545.25,68.16,213.33,43.97,138.77,50.00,40.15,26.25,45.99,9.54,3579.51,330.15,4.00,0.51,52.28,4.75,8.96,2.33,0.00,0.00,46.12,3.91,21.24,3.80,0.14,4.29,6.69,21.45,62.85,8.49,10.53,4.67,44037.60,1013.96,2749.84,6722.35,1315.40,25573.43,1026.05,83.01,72.11,1448.98,99.49,935.31,183.62,2162.13,95.37,355.94,73.36,247.72,89.26,58.68,38.36,66.08,13.70,5117.79,472.03,5.09,0.65,65.44,5.95,11.15,2.90,0.00,0.00,54.54,4.63,28.69,5.14,0.19,5.71,7.46,23.95,67.70,9.14,11.94,5.29
46.00,46.0,24/11/2025 11:29:56,1.884,47.087,,15.6,966712.0,598110.0,972849.99,921.54,1708.15,3909.30,748.08,14592.28,566.89,120.15,79.26,555.32,40.64,1048.75,185.05,1708.08,70.25,383.99,56.35,119.31,50.40,78.22,32.40,27.79,6.02,3527.74,324.65,3.92,0.51,5.93,0.27,9.74,2.40,0.00,0.00,47.15,4.02,24.18,3.88,0.27,4.33,0.00,0.00,56.59,8.62,9.75,4.78,51684.63,1528.17,2832.58,7386.48,1413.48,31217.78,1212.77,275.31,181.61,1386.58,101.46,1263.32,222.91,2389.95,98.30,640.69,94.02,212.99,89.97,114.33,47.35,39.93,8.65,5043.77,464.17,4.99,0.65,7.42,0.34,12.12,2.98,0.00,0.00,55.76,4.75,32.66,5.25,0.36,5.78,0.00,0.00,60.96,9.28,11.06,5.43
46.10,46.1,24/11/2025 11:30:30,1.762,55.612,1181238.845,15.6,958481.0,598109.0,977038.31,538.57,1701.19,3614.79,708.34,12073.44,483.72,14.66,57.04,479.43,39.92,881.23,163.19,1513.50,67.13,285.85,48.98,152.13,49.61,71.55,30.63,85.46,16.19,3078.11,281.50,3.90,0.50,21.09,1.17,7.76,2.28,0.00,0.00,45.21,3.84,19.38,3.73,0.55,4.13,7.96,21.21,55.28,8.29,11.84,4.57,43542.22,893.09,2821.05,6830.01,1338.38,25829.13,1034.83,33.60,130.70,1197.09,99.68,1061.54,196.57,2117.69,93.93,476.95,81.72,271.59,88.57,104.57,44.77,122.80,23.27,4400.91,402.48,4.96,0.63,26.40,1.46,9.66,2.84,0.00,0.00,53.46,4.54,26.17,5.04,0.73,5.51,8.89,23.69,59.55,8.93,13.43,5.18
46.20,46.2,24/11/2025 11:31:04,1.851,49.728,,15.7,936364.0,586745.0,969723.79,419.61,1587.57,4707.09,856.10,17469.93,660.23,48.50,59.51,458.70,39.85,1135.89,193.73,1961.54,71.88,447.46,59.58,130.78,49.98,73.30,31.37,12.63,2.81,3180.11,290.39,4.25,0.52,81.86,10.16,9.98,2.41,0.00,0.00,41.22,3.76,23.35,3.91,0.00,0.00,0.90,21.66,59.96,8.78,9.17,4.80,58261.72,695.83,2632.64,8893.87,1617.56,37374.03,1412.44,111.13,136.37,1145.32,99.51,1368.29,233.36,2744.60,100.58,746.59,99.42,233.46,89.22,107.14,45.85,18.14,4.03,4546.74,415.18,5.41,0.66,102.47,12.72,12.42,3.00,0.00,0.00,48.74,4.45,31.54,5.28,0.00,0.00,1.00,24.19,64.59,9.46,10.41,5.45
46.30,46.3,24/11/2025 11:31:38,2.385,52.841,,15.7,928690.0,583663.0,975086.79,706.83,1647.52,3809.41,727.27,13603.20,531.99,98.24,66.28,420.58,39.02,764.02,147.84,1696.44,68.32,307.17,49.94,121.26,48.47,72.94,30.64,81.88,15.33,3056.27,278.87,3.80,0.49,44.71,3.64,6.58,2.23,0.00,0.00,38.17,3.54,19.38,3.71,1.76,4.07,0.00,0.00,53.79,8.25,6.80,4.55,47572.13,1172.13,2732.04,7197.73,1374.14,29101.80,1138.11,225.09,151.88,1050.14,97.42,920.35,178.09,2373.67,95.59,512.52,83.33,216.47,86.53,106.61,44.79,117.66,22.03,4369.68,398.71,4.84,0.62,55.96,4.56,8.19,2.78,0.00,0.00,45.14,4.18,26.18,5.01,2.34,5.43,0.00,0.00,57.94,8.89,7.71,5.17
46.40,46.4,24/11/2025 11:32:12,2.399,52.244,,15.7,939934.0,588313.0,969578.33,466.48,1623.66,4499.09,827.43,17537.32,662.42,42.43,59.21,458.71,40.33,1129.81,193.57,1936.99,71.99,339.08,52.76,158.13,50.68,77.37,32.14,62.97,12.33,3487.86,320.15,3.57,0.51,66.06,6.92,8.80,2.37,0.00,0.00,48.68,4.10,24.37,3.94,0.00,0.00,0.00,0.00,63.14,8.81,10.80,4.86,58413.73,773.56,2692.47,8500.86,1563.40,37518.20,1417.13,97.22,135.66,1145.36,100.69,1360.98,233.18,2710.26,100.74,565.75,88.03,282.30,90.47,113.08,46.98,90.48,17.71,4986.74,457.74,4.54,0.65,82.70,8.66,10.96,2.95,0.00,0.00,57.57,4.85,32.92,5.32,0.00,0.00,0.00,0.00,68.01,9.49,12.25,5.52
46.50,46.5,24/11/2025 11:32:56,1.862,59.981,,15.8,919854.0,578772.0,976176.12,471.72,1563.43,3903.27,732.17,12525.96,494.90,37.63,55.58,451.83,38.53,812.66,152.53,1857.59,69.20,222.56,43.18,155.06,48.45,74.03,30.61,67.50,12.85,3024.40,275.80,3.45,0.48,67.64,7.47,9.27,2.27,0.00,0.00,40.31,3.65,14.96,3.65,1.59,4.10,9.91,20.61,60.03,8.34,12.50,4.59,45185.00,782.24,2592.60,7375.08,1383.41,26797.22,1058.76,86.23,127.34,1128.17,96.19,978.94,183.74,2599.16,96.83,371.34,72.04,276.82,86.50,108.20,44.74,96.99,18.47,4324.12,394.33,4.39,0.61,84.67,9.35,11.54,2.82,0.00,0.00,47.67,4.32,20.21,4.93,2.12,5.47,11.07,23.01,64.66,8.99,14.18,5.21
46.60,46.6,24/11/2025 11:33:30,2.302,60.247,1181238.047,15.8,917032.0,580273.0,976662.13,792.81,1545.07,3681.88,704.92,12876.11,507.14,101.65,67.82,433.95,38.54,765.30,147.26,1422.99,65.09,191.53,40.72,154.31,48.33,74.91,30.68,58.68,11.32,2589.70,234.16,3.51,0.47,44.52,3.67,9.53,2.23,0.00,0.00,37.38,3.43,21.43,3.58,1.01,4.01,10.54,20.54,56.01,8.06,10.12,4.49,44768.76,1314.70,2562.14,6956.77,1331.92,27546.30,1084.95,232.93,155.41,1083.53,96.23,921.89,177.39,1991.05,91.07,319.57,67.95,275.47,86.28,109.49,44.85,84.32,16.27,3702.60,334.79,4.47,0.60,55.73,4.60,11.87,2.78,0.00,0.00,44.20,4.06,28.95,4.84,1.35,5.34,11.76,22.94,60.33,8.68,11.48,5.09
46.70,46.7,24/11/2025 11:34:04,2.067,59.722,,15.9,898329.0,567705.0,975381.12,457.12,1553.01,4116.18,764.77,13441.52,525.10,32.65,55.94,410.50,38.01,788.71,148.64,1703.90,67.15,284.54,47.01,140.35,47.46,81.01,31.77,82.77,22.46,2842.90,258.13,3.26,0.45,82.73,10.69,9.37,2.28,0.00,0.00,43.03,3.68,17.82,3.57,0.00,0.00,4.76,20.35,65.64,8.45,10.13,4.41,47034.38,758.03,2575.32,7777.37,1445.01,28755.90,1123.37,74.81,128.19,1024.99,94.91,950.08,179.05,2384.11,93.95,474.75,78.44,250.55,84.72,118.40,46.44,118.93,32.26,4064.63,369.06,4.14,0.58,103.56,13.38,11.67,2.84,0.00,0.00,50.89,4.35,24.07,4.82,0.00,0.00,5.31,22.72,70.71,9.10,11.49,5.00
46.80,46.8,24/11/2025 11:34:39,1.090,57.868,,15.9,901517.0,567210.0,974659.62,500.35,1547.84,3964.15,742.67,14597.74,562.47,49.87,56.03,463.05,37.92,728.81,142.35,1685.49,67.13,272.57,46.68,88.36,47.26,80.15,31.68,51.39,9.93,2625.14,237.15,3.14,0.46,97.87,14.50,7.75,2.22,0.00,0.00,36.84,3.45,18.97,3.62,0.46,3.97,0.00,0.00,60.20,8.33,8.08,4.48,48892.79,829.71,2566.74,7490.10,1403.26,31229.46,1203.31,114.26,128.38,1156.20,94.67,877.93,171.47,2358.35,93.93,454.79,77.89,157.75,84.37,117.15,46.31,73.84,14.27,3753.28,339.06,4.00,0.58,122.51,18.15,9.65,2.76,0.00,0.00,43.57,4.08,25.62,4.89,0.61,5.30,0.00,0.00,64.84,8.97,9.17,5.08
46.90,46.9,24/11/2025 11:35:13,0.223,56.151,,15.9,892778.0,565644.0,976815.91,282.45,1578.81,3873.15,729.62,13226.74,517.13,50.27,39.02,392.06,37.50,785.49,147.61,1406.63,64.04,199.00,40.26,138.36,46.80,94.30,34.17,20.68,4.33,2460.73,221.62,3.33,0.46,113.60,19.21,8.30,2.23,0.00,0.00,37.80,3.41,19.43,3.52,1.20,3.90,7.27,20.00,57.24,8.14,6.09,4.34,44662.21,468.38,2618.11,7318.17,1378.59,28296.43,1106.31,115.18,89.41,978.93,93.64,946.20,177.81,1968.17,89.61,332.02,67.18,246.99,83.55,137.82,49.94,29.71,6.21,3518.21,316.86,4.24,0.58,142.20,24.05,10.33,2.77,0.00,0.00,44.71,4.03,26.25,4.75,1.60,5.20,8.11,22.33,61.66,8.77,6.91,4.92
47.00,47.0,24/11/2025 11:35:58,-0.585,54.430,,16.0,872039.0,553572.0,981802.15,949.95,1534.51,2665.56,553.80,9591.87,395.11,18.27,52.04,311.49,36.25,643.44,129.08,1281.46,61.04,155.87,35.87,102.11,44.75,65.68,28.04,38.20,7.51,2087.87,186.43,3.58,0.45,162.59,37.50,9.16,2.14,0.00,0.00,30.20,3.00,15.01,3.31,2.07,3.64,0.00,0.00,54.20,7.75,9.27,4.24,34445.21,1575.28,2544.64,5036.47,1046.38,20520.22,845.27,41.87,119.24,777.76,90.50,775.09,155.49,1793.02,85.41,260.06,59.85,182.28,79.89,95.99,40.98,54.89,10.80,2985.12,266.55,4.56,0.57,203.53,46.94,11.40,2.67,0.00,0.00,35.71,3.55,20.27,4.47,2.76,4.86,0.00,0.00,58.39,8.35,10.52,4.81
47.10,47.1,24/11/2025 11:36:33,1.208,50.724,1181241.883,16.0,884650.0,555079.0,976019.75,380.73,1534.83,3498.54,673.03,13910.21,538.45,41.29,32.87,272.40,37.57,810.33,149.64,1687.98,66.16,260.13,44.22,148.39,46.45,71.68,29.60,39.28,7.72,2626.08,237.16,3.52,0.46,84.16,11.10,8.61,2.21,0.00,0.00,39.28,3.50,15.65,3.44,0.00,0.00,14.42,19.82,58.09,8.17,9.49,4.39,46005.36,631.35,2545.17,6610.37,1271.66,29758.60,1151.92,94.61,75.32,680.17,93.80,976.12,180.26,2361.83,92.58,434.02,73.79,264.91,82.92,104.77,43.27,56.43,11.09,3754.62,339.08,4.48,0.59,105.35,13.90,10.71,2.75,0.00,0.00,46.46,4.14,21.13,4.65,0.00,0.00,16.10,22.13,62.57,8.80,10.76,4.98
47.20,47.2,24/11/2025 11:37:06,-0.482,55.092,,16.0,885644.0,554462.0,978486.81,351.73,1560.31,3600.44,690.81,11801.05,469.81,24.04,21.36,323.42,37.15,655.29,132.06,1543.53,64.38,261.38,44.57,84.40,45.47,67.42,28.80,40.26,7.93,2569.26,232.01,3.31,0.45,53.86,5.11,6.83,2.10,0.00,0.00,36.31,3.33,17.63,3.40,1.44,3.79,6.05,19.84,57.11,7.97,8.44,4.26,41087.47,583.26,2587.42,6802.89,1305.27,25246.39,1005.07,55.09,48.95,807.54,92.75,789.36,159.08,2159.72,90.09,436.11,74.37,150.68,81.17,98.55,42.10,57.85,11.39,3673.38,331.71,4.21,0.57,67.42,6.40,8.50,2.61,0.00,0.00,42.95,3.94,23.81,4.60,1.91,5.06,6.75,22.16,61.52,8.59,9.57,4.83
47.30,47.3,24/11/2025 11:37:40,-1.188,48.605,,16.0,879691.0,552962.0,979791.89,1006.52,1526.57,3250.27,640.67,10952.53,441.98,48.43,37.71,369.18,37.11,666.90,133.37,1175.23,60.75,188.32,39.07,109.27,45.57,59.91,27.35,77.55,21.48,2118.27,189.34,3.37,0.44,53.43,5.12,7.94,2.08,0.00,0.00,30.54,3.03,19.46,3.32,1.87,3.71,4.89,19.67,57.34,7.72,6.88,4.09,38679.85,1669.09,2531.48,6141.27,1210.52,23431.13,945.55,110.97,86.40,921.82,92.66,803.36,160.66,1644.39,85.00,314.21,65.18,195.06,81.36,87.57,39.97,111.42,30.87,3028.58,270.71,4.29,0.56,66.88,6.41,9.88,2.59,0.00,0.00,36.12,3.58,26.29,4.49,2.49,4.95,5.46,21.96,61.76,8.32,7.81,4.64
47.40,47.4,24/11/2025 11:38:15,-2.816,53.570,,16.0,881983.0,557187.0,980244.07,465.12,1566.87,2932.66,596.38,11228.12,450.18,27.77,23.96,335.06,37.22,678.17,134.71,1342.42,62.16,178.21,37.84,118.73,45.56,69.03,28.92,1.17,0.26,2179.13,195.03,3.44,0.45,64.01,7.03,7.68,2.08,0.00,0.00,31.65,3.10,16.32,3.33,0.20,3.66,12.73,19.59,58.32,7.86,6.01,4.17,37893.75,771.30,2598.30,5541.14,1126.84,24020.70,963.09,63.64,54.91,836.62,92.93,816.92,162.27,1878.32,86.98,297.34,63.14,211.96,81.33,100.89,42.27,1.68,0.38,3115.60,278.85,4.38,0.57,80.12,8.80,9.56,2.59,0.00,0.00,37.43,3.67,22.05,4.50,0.26,4.88,14.21,21.88,62.82,8.47,6.82,4.74
47.50,47.5,24/11/2025 11:38:59,-1.259,47.815,,15.9,889292.0,559861.0,976725.31,239.22,1524.04,3949.54,739.88,12436.92,491.05,141.80,86.82,463.26,37.04,1043.79,179.02,1579.48,65.39,245.11,43.92,103.41,46.46,82.68,31.87,5.86,1.29,2779.43,252.03,3.68,0.47,61.64,6.39,6.64,2.15,0.00,0.00,36.82,3.34,17.22,3.50,0.00,0.00,4.84,20.13,61.31,8.20,12.02,4.39,44353.66,396.70,2527.28,7462.52,1397.98,26606.73,1050.53,324.92,198.94,1156.71,92.49,1257.35,215.65,2210.01,91.49,408.97,73.28,184.60,82.94,120.85,46.58,8.42,1.85,3973.87,360.34,4.69,0.60,77.16,8.00,8.27,2.67,0.00,0.00,43.54,3.95,23.26,4.73,0.00,0.00,5.41,22.48,66.04,8.83,13.64,4.98
47.60,47.6,24/11/2025 11:39:33,-0.413,52.177,1181244.334,16.0,872848.0,553060.0,980824.31,311.95,1530.55,3251.67,641.06,10139.79,414.53,46.34,53.64,407.03,36.28,598.90,125.12,1422.17,62.29,223.41,41.26,111.01,44.93,72.16,29.29,38.70,7.57,2366.00,212.61,3.05,0.44,52.85,5.02,9.09,2.18,0.00,0.00,31.47,3.03,17.97,3.35,0.00,0.00,5.58,19.41,59.21,7.88,7.33,4.10,36523.42,517.29,2538.07,6143.92,1211.26,21692.40,886.82,106.19,122.91,1016.31,90.59,721.44,150.72,1989.92,87.16,372.75,68.84,198.17,80.21,105.47,42.81,55.61,10.88,3382.77,303.98,3.88,0.55,66.16,6.28,11.32,2.72,0.00,0.00,37.21,3.59,24.27,4.52,0.00,0.00,6.23,21.67,63.78,8.49,8.32,4.66
47.70,47.7,24/11/2025 11:40:07,-1.014,54.158,,16.1,862298.0,543752.0,976109.78,1253.10,1493.07,3901.18,727.08,13118.36,512.05,17.14,15.67,375.30,36.70,484.63,113.31,1465.13,62.76,219.77,40.84,123.93,45.28,56.25,26.65,51.94,9.75,2634.11,237.73,3.77,0.47,61.32,6.36,9.24,2.16,0.00,0.00,29.50,2.99,13.76,3.40,0.00,0.00,6.51,19.47,58.10,7.97,7.18,4.19,45859.26,2077.99,2475.93,7371.13,1373.78,28064.57,1095.45,39.27,35.91,937.10,91.64,583.79,136.50,2050.02,87.81,366.68,68.14,221.24,80.83,82.22,38.95,74.63,14.01,3766.10,339.89,4.80,0.60,76.76,7.96,11.50,2.69,0.00,0.00,34.89,3.53,18.59,4.59,0.00,0.00,7.26,21.74,62.58,8.58,8.14,4.75
47.80,47.8,24/11/2025 11:40:41,-1.090,49.860,,16.1,860373.0,546307.0,978845.37,436.17,1535.83,3630.15,689.73,11915.90,471.68,12.77,51.86,265.63,36.62,738.78,139.17,1292.48,60.87,225.44,40.98,125.93,44.84,65.31,27.93,17.44,3.59,2218.82,198.37,3.68,0.45,67.12,7.59,8.85,2.12,0.00,0.00,32.20,3.11,17.19,3.31,0.47,3.73,13.75,19.26,58.78,7.85,7.77,4.15,40608.26,723.29,2546.83,6859.03,1303.21,25492.11,1009.08,29.27,118.82,663.25,91.45,889.94,167.64,1808.45,85.17,376.14,68.37,224.82,80.06,95.45,40.83,25.07,5.16,3172.34,283.61,4.68,0.57,84.02,9.50,11.01,2.63,0.00,0.00,38.08,3.68,23.22,4.46,0.62,4.97,15.36,21.51,63.31,8.46,8.81,4.71
47.90,47.9,24/11/2025 11:41:16,-0.985,52.770,,16.1,851717.0,547780.0,984755.64,284.94,1448.67,2578.16,534.59,7745.20,333.14,57.07,41.25,385.93,35.22,539.88,116.06,1137.95,58.04,120.56,31.23,74.02,43.10,48.71,24.71,77.01,20.53,1986.50,176.87,3.40,0.43,86.06,12.23,9.14,2.03,0.00,0.00,20.83,2.52,19.41,3.23,0.65,3.53,12.47,18.75,50.28,7.46,6.19,4.02,28855.96,472.50,2402.30,4871.33,1010.09,16569.57,712.69,130.77,94.52,963.62,87.93,650.34,139.81,1592.23,81.21,201.16,52.11,132.13,76.94,71.20,36.12,110.66,29.50,2840.18,252.87,4.32,0.55,107.73,15.31,11.38,2.52,0.00,0.00,24.63,2.98,26.22,4.36,0.86,4.71,13.92,20.93,54.17,8.04,7.02,4.56
48.00,48.0,24/11/2025 11:42:00,-0.429,52.176,,16.1,843039.0,543300.0,982650.66,382.45,1467.66,2675.70,550.14,9388.66,387.16,25.17,21.22,261.85,35.14,583.74,120.49,1242.39,59.14,159.95,35.13,105.10,43.48,66.93,27.73,4.72,1.00,2238.13,200.27,3.24,0.43,98.51,15.36,8.25,2.10,0.00,0.00,28.01,2.85,12.58,3.19,1.53,3.60,5.47,18.74,50.58,7.56,6.40,4.02,32945.09,634.21,2433.78,5055.63,1039.47,20085.48,828.26,57.67,48.61,653.81,87.73,703.17,145.15,1738.36,82.75,266.88,58.61,187.63,77.62,97.82,40.53,6.78,1.44,3199.95,286.33,4.12,0.55,123.32,19.23,10.26,2.62,0.00,0.00,33.12,3.37,17.00,4.31,2.04,4.80,6.11,20.92,54.48,8.15,7.26,4.56
48.10,48.1,24/11/2025 11:42:34,0.043,60.246,1181239.835,16.1,839092.0,540643.0,981608.74,335.70,1417.16,2901.13,578.10,10252.26,415.11,44.54,33.53,310.87,35.20,596.39,121.57,1203.29,58.57,207.69,39.21,99.48,43.53,59.86,26.62,69.69,20.30,2083.04,185.54,3.30,0.44,107.39,17.89,7.01,2.03,0.00,0.00,26.97,2.82,15.93,3.25,0.00,0.00,4.90,18.86,55.02,7.61,6.79,4.03,35214.80,556.68,2350.05,5481.57,1092.29,21933.02,888.06,102.06,76.82,776.22,87.88,718.41,146.45,1683.65,81.96,346.54,65.43,177.60,77.71,87.49,38.90,100.13,29.17,2978.22,265.28,4.20,0.56,134.43,22.39,8.73,2.53,0.00,0.00,31.89,3.34,21.52,4.40,0.00,0.00,5.48,21.06,59.27,8.19,7.71,4.57
48.20,48.2,24/11/2025 11:43:08,-0.261,57.269,,16.2,831257.0,535614.0,981994.86,739.94,1362.45,3095.70,603.07,9840.15,401.27,22.84,19.35,381.08,34.37,540.94,115.85,1040.09,56.69,160.88,35.00,95.95,43.10,59.01,26.27,80.52,20.55,1724.98,151.87,3.49,0.43,96.55,14.94,8.34,1.96,0.00,0.00,25.18,2.69,12.59,3.15,0.83,3.48,9.14,18.64,59.32,7.67,7.64,4.00,34612.64,1227.02,2259.31,5849.20,1139.48,21051.38,858.45,52.33,44.35,951.53,85.81,651.62,139.55,1455.30,79.32,268.42,58.39,171.29,76.95,86.25,38.40,115.69,29.53,2466.28,217.14,4.44,0.54,120.85,18.70,10.38,2.44,0.00,0.00,29.78,3.18,17.01,4.25,1.10,4.64,10.20,20.81,63.90,8.26,8.66,4.54
48.30,48.3,24/11/2025 11:43:41,0.565,58.326,,16.2,835813.0,537946.0,985032.35,380.95,1403.36,2071.21,469.12,8127.01,344.86,20.40,49.64,402.13,34.24,238.09,85.82,1219.48,58.05,88.19,26.61,89.98,42.50,45.17,23.89,80.75,20.45,1988.84,176.92,3.58,0.44,101.39,16.45,7.60,1.96,0.00,0.00,24.69,2.67,13.22,3.12,1.96,3.47,5.36,18.37,52.62,7.43,5.03,3.95,28567.85,631.73,2327.15,3913.47,886.38,17386.40,737.77,46.75,113.74,1004.08,85.48,286.80,103.38,1706.31,81.23,147.14,44.40,160.63,75.88,66.01,34.92,116.03,29.39,2843.53,252.96,4.56,0.56,126.92,20.60,9.46,2.44,0.00,0.00,29.20,3.16,17.85,4.21,2.62,4.62,5.99,20.51,56.68,8.01,5.70,4.48
48.40,48.4,24/11/2025 11:44:16,1.055,63.025,,16.2,836818.0,538236.0,982115.39,1082.68,1417.50,2824.35,567.63,9357.14,385.41,32.51,50.79,320.30,34.64,498.37,111.46,1234.89,58.85,165.80,35.72,50.57,42.76,67.85,27.95,84.41,20.80,1951.24,173.17,3.17,0.43,96.44,14.86,8.59,2.06,0.00,0.00,30.62,2.98,13.72,3.18,0.00,0.00,0.00,0.00,54.62,7.58,7.34,4.08,33986.89,1795.38,2350.60,5336.51,1072.51,20018.06,824.51,74.50,116.38,799.76,86.49,600.34,134.27,1727.86,82.34,276.63,59.59,90.28,76.33,99.16,40.84,121.28,29.89,2789.77,247.59,4.03,0.54,120.72,18.60,10.70,2.57,0.00,0.00,36.21,3.53,18.54,4.29,0.00,0.00,0.00,0.00,58.84,8.17,8.33,4.63
48.50,48.5,24/11/2025 11:45:00,0.924,57.138,,16.1,840184.0,538847.0,984088.02,318.79,1416.59,2374.64,507.03,8567.06,359.63,27.49,22.70,369.16,34.46,533.31,114.94,1288.21,58.94,114.37,30.27,118.54,43.57,74.17,29.03,77.60,20.47,1834.53,162.32,2.93,0.41,91.66,13.67,7.59,1.98,0.00,0.00,25.05,2.71,14.08,3.16,0.00,0.00,8.95,18.64,57.70,7.64,6.17,3.93,30273.82,528.64,2349.09,4486.79,958.01,18327.81,769.37,62.99,52.01,921.76,86.05,642.43,138.46,1802.48,82.48,190.82,50.50,211.61,77.78,108.40,42.42,111.51,29.41,2622.90,232.08,3.73,0.52,114.73,17.11,9.44,2.47,0.00,0.00,29.63,3.20,19.02,4.26,0.00,0.00,9.99,20.81,62.15,8.23,7.00,4.46
48.60,48.6,24/11/2025 11:45:33,0.807,61.307,1181237.188,16.2,832470.0,537975.0,985265.83,235.48,1447.27,2041.35,459.25,8183.20,345.62,28.96,49.65,386.33,34.05,559.97,117.06,962.55,55.52,181.19,36.31,92.44,42.33,65.91,27.23,31.50,6.09,1756.78,155.03,3.10,0.42,80.72,10.98,8.68,2.02,0.00,0.00,28.44,2.84,15.51,3.12,0.78,3.48,11.60,18.34,51.18,7.38,8.52,3.93,28176.29,390.49,2399.98,3857.06,867.73,17506.60,739.39,66.35,113.77,964.63,85.02,674.54,141.02,1346.80,77.69,302.31,60.58,165.02,75.56,96.33,39.80,45.25,8.75,2511.74,221.65,3.95,0.53,101.04,13.75,10.80,2.51,0.00,0.00,33.64,3.35,20.95,4.22,1.04,4.64,12.95,20.48,55.14,7.95,9.66,4.45
48.70,48.7,24/11/2025 11:46:08,0.151,61.970,,16.2,832851.0,535610.0,982982.74,367.88,1427.77,2751.61,558.07,9600.66,393.12,3.82,49.78,290.43,34.58,438.14,105.15,1121.74,57.10,158.35,34.73,103.31,43.06,62.71,26.83,2.15,0.46,1895.12,167.84,3.42,0.43,98.85,15.62,9.34,2.03,0.00,0.00,28.93,2.88,17.67,3.19,0.00,0.00,6.11,18.57,49.95,7.38,7.07,3.97,32698.76,610.05,2367.64,5199.07,1054.45,20539.02,841.02,8.76,114.07,725.17,86.34,527.79,126.66,1569.55,79.89,264.21,57.95,184.42,76.88,91.66,39.22,3.09,0.66,2709.53,239.97,4.36,0.54,123.74,19.55,11.62,2.53,0.00,0.00,34.21,3.40,23.86,4.31,0.00,0.00,6.83,20.73,53.81,7.95,8.02,4.50
48.80,48.8,24/11/2025 11:46:42,0.840,60.377,,16.2,830565.0,536705.0,981824.82,490.82,1450.35,2657.15,540.60,10368.96,417.50,78.79,51.30,274.21,34.42,646.44,127.02,1195.23,58.54,148.26,33.53,151.38,43.76,59.94,26.44,84.38,20.78,1804.20,159.21,3.07,0.42,83.70,11.50,8.05,1.99,0.00,0.00,26.72,2.78,15.29,3.19,1.23,3.53,13.44,18.52,57.52,7.62,6.41,4.02,34896.28,813.91,2405.08,5020.59,1021.44,22182.67,893.17,180.53,117.56,684.67,85.94,778.71,153.01,1672.38,81.92,247.37,55.94,270.24,78.12,87.60,38.64,121.24,29.86,2579.55,227.62,3.91,0.53,104.77,14.39,10.02,2.47,0.00,0.00,31.59,3.29,20.65,4.31,1.64,4.70,15.01,20.68,61.96,8.20,7.28,4.56
48.90,48.9,24/11/2025 11:47:16,1.134,60.641,,16.2,824757.0,535115.0,984295.51,863.02,1401.28,2380.86,504.04,8398.16,352.62,60.97,41.80,331.39,34.16,558.90,116.92,882.76,54.34,137.25,32.14,80.35,42.01,71.00,28.16,8.52,1.77,1728.40,152.31,2.94,0.41,74.12,9.42,8.18,2.05,0.00,0.00,24.12,2.63,15.70,3.12,0.77,3.47,15.11,18.25,54.06,7.36,7.90,4.00,29972.89,1431.12,2323.71,4498.54,952.36,17966.47,754.38,139.70,95.77,827.45,85.29,673.25,140.84,1235.16,76.04,228.99,53.63,143.45,75.00,103.77,41.16,12.25,2.54,2471.17,217.76,3.75,0.52,92.79,11.79,10.18,2.55,0.00,0.00,28.53,3.11,21.21,4.21,1.03,4.62,16.87,20.38,58.24,7.93,8.97,4.54
49.00,49.0,24/11/2025 11:48:00,0.512,65.469,,16.2,823865.0,536525.0,986331.56,450.21,1402.42,2132.02,467.07,7101.73,308.58,99.65,61.06,307.93,33.64,312.41,91.59,1007.98,55.24,111.96,29.39,131.36,42.36,74.17,28.54,85.37,20.29,1602.35,140.67,3.41,0.42,124.43,24.07,7.92,1.97,0.00,0.00,25.77,2.69,13.46,3.04,1.06,3.40,12.67,18.01,58.23,7.54,4.35,3.80,25997.00,746.58,2325.59,4028.38,882.51,15192.97,660.16,228.35,139.92,768.88,84.01,376.33,110.33,1410.37,77.29,186.80,49.03,234.49,75.62,108.41,41.71,122.66,29.16,2290.96,201.13,4.34,0.54,155.76,30.13,9.86,2.46,0.00,0.00,30.48,3.18,18.18,4.11,1.41,4.54,14.14,20.11,62.73,8.13,4.93,4.31
49.10,49.1,24/11/2025 11:48:34,0.366,61.304,1181237.787,16.3,811649.0,531683.0,986766.70,350.92,1325.39,2228.41,475.49,7146.17,309.78,27.79,22.09,316.39,33.40,237.63,84.47,960.73,54.18,69.91,22.90,126.23,41.80,48.47,23.83,78.66,19.74,1416.64,123.44,2.98,0.40,97.74,15.75,8.43,1.98,0.00,0.00,25.49,2.65,14.36,3.01,0.78,3.34,19.17,17.80,50.43,7.15,5.93,3.85,25385.66,581.92,2197.87,4210.50,898.43,15288.05,662.73,63.68,50.62,790.01,83.39,286.25,101.75,1344.25,75.81,116.64,38.20,225.35,74.62,70.85,34.83,113.02,28.37,2025.43,176.49,3.79,0.51,122.35,19.71,10.50,2.47,0.00,0.00,30.15,3.13,19.40,4.07,1.04,4.45,21.41,19.88,54.33,7.70,6.73,4.37
49.20,49.2,24/11/2025 11:49:09,-0.551,63.485,,16.2,823197.0,533410.0,984447.12,372.86,1414.83,2464.37,515.75,8474.51,354.71,113.82,68.23,325.50,33.82,454.41,105.41,1120.49,56.60,116.21,30.03,75.06,42.04,52.32,24.88,52.72,9.63,1712.20,150.73,3.21,0.41,98.09,15.55,7.64,1.93,0.00,0.00,25.57,2.70,14.70,3.12,0.00,0.00,8.85,18.28,52.53,7.39,7.82,3.98,29783.11,618.31,2346.18,4656.34,974.48,18129.81,758.85,260.79,156.33,812.74,84.44,547.38,126.98,1567.80,79.20,193.90,50.11,134.00,75.05,76.47,36.36,75.75,13.84,2448.00,215.51,4.08,0.52,122.78,19.46,9.51,2.40,0.00,0.00,30.24,3.19,19.85,4.21,0.00,0.00,9.88,20.41,56.59,7.96,8.88,4.52
49.30,49.3,24/11/2025 11:49:43,-0.270,63.548,,16.2,825150.0,533592.0,984556.59,334.84,1383.05,2552.77,527.02,8475.90,354.91,25.89,21.16,305.31,34.29,569.83,118.43,955.01,55.26,156.10,34.41,84.66,42.37,63.22,26.79,58.62,19.43,1652.08,145.26,3.32,0.41,98.72,15.76,8.31,2.01,0.00,0.00,24.44,2.65,15.79,3.12,0.03,3.46,0.00,0.00,51.03,7.25,7.53,4.02,29557.94,555.26,2293.48,4823.37,995.78,18132.78,759.28,59.32,48.49,762.34,85.62,686.42,142.66,1336.25,77.33,260.45,57.41,151.13,75.64,92.40,39.15,84.23,27.92,2362.06,207.68,4.22,0.53,123.57,19.73,10.35,2.50,0.00,0.00,28.90,3.13,21.33,4.21,0.03,4.62,0.00,0.00,54.97,7.81,8.54,4.56
49.40,49.4,24/11/2025 11:50:17,-0.091,61.761,,16.2,828434.0,532084.0,982188.92,364.92,1396.74,2762.01,556.16,10459.62,421.09,39.43,50.43,282.57,34.78,561.89,118.16,1145.96,58.01,89.32,26.62,86.49,42.86,70.30,28.31,82.71,20.69,1642.46,144.24,3.08,0.41,91.72,13.65,8.91,2.06,0.00,0.00,26.12,2.71,16.93,3.15,1.29,3.48,11.07,18.55,56.06,7.41,8.22,3.95,34417.37,605.14,2316.18,5218.72,1050.85,22376.63,900.85,90.36,115.56,705.55,86.85,676.86,142.34,1603.43,81.16,149.02,44.42,154.40,76.50,102.75,41.37,118.84,29.73,2348.30,206.23,3.92,0.53,114.82,17.09,11.09,2.56,0.00,0.00,30.89,3.21,22.86,4.25,1.72,4.64,12.36,20.71,60.39,7.98,9.33,4.48
49.50,49.5,24/11/2025 11:51:02,0.266,67.847,,16.2,832196.0,532294.0,980412.04,584.98,1453.77,3359.15,644.23,11221.40,447.20,36.48,51.61,285.07,34.98,530.45,114.89,1260.37,59.21,137.45,32.78,102.20,43.38,72.08,28.69,27.22,5.32,1777.34,156.64,3.22,0.42,78.09,10.13,8.30,2.09,0.00,0.00,28.27,2.84,15.56,3.18,0.81,3.52,6.87,18.69,47.19,7.33,5.45,3.98,37851.05,970.05,2410.75,6346.98,1217.25,24006.33,956.72,83.60,118.25,711.80,87.34,638.98,138.40,1763.51,82.85,229.34,54.69,182.44,77.45,105.36,41.93,39.10,7.64,2541.14,223.95,4.10,0.54,97.75,12.68,10.33,2.60,0.00,0.00,33.43,3.35,21.02,4.29,1.08,4.69,7.67,20.87,50.84,7.90,6.19,4.51
49.60,49.6,24/11/2025 11:51:36,0.171,59.649,1181238.446,16.2,829565.0,534350.0,980656.36,353.18,1413.28,3160.20,613.19,11135.04,443.34,26.41,21.68,379.93,34.17,696.39,132.83,1114.89,57.77,146.92,33.68,126.34,43.71,65.00,27.36,17.21,3.47,1914.78,169.46,3.31,0.43,80.96,10.78,8.85,2.06,0.00,0.00,30.48,2.96,15.63,3.19,0.00,0.00,11.16,18.66,48.82,7.45,8.12,4.08,37362.39,585.67,2343.61,5971.08,1158.59,23821.57,948.44,60.52,49.67,948.65,85.32,838.88,160.01,1559.96,80.83,245.14,56.20,225.54,78.02,95.00,39.99,24.73,4.99,2737.64,242.28,4.21,0.55,101.35,13.49,11.01,2.56,0.00,0.00,36.05,3.50,21.12,4.30,0.00,0.00,12.46,20.84,52.59,8.03,9.22,4.63
49.70,49.7,24/11/2025 11:52:10,1.142,54.033,,16.2,823108.0,531501.0,981251.51,269.13,1417.44,3260.65,626.43,11114.15,442.87,2.15,2.12,357.65,34.25,443.06,106.10,982.57,55.98,188.00,37.12,125.07,43.20,81.50,30.40,82.36,20.56,1621.52,142.10,3.05,0.42,98.61,15.50,8.30,2.06,0.00,0.00,24.59,2.68,17.35,3.19,0.11,3.55,7.06,18.50,55.16,7.58,6.47,3.98,36548.21,446.29,2350.51,6160.87,1183.62,23776.89,947.45,4.93,4.86,893.01,85.52,533.71,127.81,1374.82,78.33,313.67,61.94,223.27,77.12,119.12,44.43,118.33,29.55,2318.35,203.17,3.88,0.53,123.44,19.41,10.33,2.57,0.00,0.00,29.08,3.16,23.44,4.30,0.15,4.73,7.88,20.65,59.42,8.17,7.33,4.52
49.80,49.8,24/11/2025 11:52:45,1.476,55.218,,16.2,826180.0,532713.0,983834.56,322.69,1366.01,2730.97,552.08,8702.36,362.71,106.79,64.85,214.33,34.73,613.28,122.54,1073.77,56.52,142.06,32.73,112.83,42.68,56.71,25.64,18.61,3.72,1806.80,159.50,3.23,0.41,142.35,30.10,8.66,2.02,0.00,0.00,23.62,2.60,11.87,3.12,1.18,3.49,11.81,18.33,55.63,7.64,5.90,3.99,30783.23,535.11,2265.22,5160.07,1043.14,18617.26,775.95,244.70,148.59,535.16,86.72,738.75,147.62,1502.42,79.08,237.02,54.61,201.42,76.20,82.88,37.47,26.74,5.35,2583.26,228.05,4.11,0.52,178.19,37.67,10.78,2.51,0.00,0.00,27.93,3.07,16.04,4.21,1.57,4.66,13.19,20.47,59.92,8.23,6.69,4.53
49.90,49.9,24/11/2025 11:53:19,1.241,58.459,,16.2,816694.0,531490.0,985311.14,787.07,1393.14,2485.47,512.47,7072.29,307.78,43.19,49.56,331.83,33.49,309.71,91.93,1081.12,56.20,177.31,35.56,119.37,41.91,70.96,27.92,78.12,19.93,1871.19,165.58,3.18,0.43,136.84,28.23,8.29,2.01,0.00,0.00,25.70,2.68,16.14,3.13,1.30,3.41,3.71,17.97,56.77,7.56,9.29,3.99,27660.34,1305.18,2310.22,4696.20,968.30,15130.00,658.45,98.97,113.55,828.55,83.61,373.07,110.73,1512.71,78.64,295.84,59.33,213.09,74.81,103.72,40.81,112.24,28.63,2675.32,236.73,4.05,0.54,171.30,35.34,10.32,2.50,0.00,0.00,30.39,3.17,21.80,4.22,1.73,4.55,4.14,20.06,61.15,8.15,10.54,4.52
50.00,50.0,24/11/2025 11:54:03,1.210,52.049,,16.2,823585.0,529348.0,983087.41,363.01,1383.38,2486.07,517.08,9750.10,397.32,17.87,15.43,275.10,34.46,664.32,128.48,1033.93,56.41,134.75,32.34,83.31,42.46,49.39,24.52,71.54,20.00,1791.26,158.00,3.28,0.43,79.40,10.55,9.12,2.02,0.00,0.00,21.72,2.51,13.96,3.08,0.81,3.43,5.00,18.42,53.49,7.45,5.15,3.99,32471.98,601.96,2294.03,4697.34,977.01,20858.73,850.00,40.95,35.36,686.91,86.03,800.24,154.76,1446.68,78.93,224.84,53.96,148.72,75.79,72.19,35.84,102.79,28.74,2561.04,225.91,4.18,0.54,99.39,13.20,11.35,2.51,0.00,0.00,25.69,2.97,18.86,4.17,1.08,4.57,5.58,20.57,57.62,8.02,5.84,4.53
50.10,50.1,24/11/2025 11:54:37,1.171,49.264,1181242.946,16.2,823834.0,530705.0,986488.40,665.95,1349.88,2195.75,472.44,6668.54,294.06,26.21,48.24,314.83,33.60,421.49,101.94,946.67,54.48,126.76,30.78,134.15,42.28,74.52,28.60,82.86,20.13,1645.25,144.62,3.19,0.41,79.40,10.75,7.47,1.92,0.00,0.00,24.38,2.58,17.40,3.09,0.75,3.41,19.12,17.98,51.50,7.19,5.43,3.75,25478.12,1104.34,2238.47,4148.78,892.66,14266.24,629.08,60.07,110.53,786.10,83.91,507.72,122.80,1324.59,76.23,211.50,51.35,239.48,75.48,108.92,41.80,119.06,28.92,2352.28,206.77,4.06,0.52,99.39,13.46,9.30,2.39,0.00,0.00,28.83,3.05,23.50,4.17,0.99,4.54,21.35,20.08,55.47,7.74,6.16,4.26
50.20,50.2,24/11/2025 11:55:11,1.097,53.169,,16.2,828742.0,532078.0,983588.77,496.70,1374.48,2403.15,505.00,9522.15,390.12,5.18,4.92,387.64,33.95,467.03,107.55,975.89,55.72,129.50,31.87,101.75,42.94,61.57,26.60,55.94,19.48,1620.76,142.36,3.38,0.43,70.74,8.64,7.95,2.03,0.00,0.00,23.23,2.59,16.41,3.13,0.14,3.45,6.35,18.49,49.60,7.20,6.17,3.95,31748.66,823.67,2279.27,4540.66,954.17,20371.07,834.61,11.86,11.28,967.90,84.76,562.58,129.56,1365.47,77.96,216.07,53.18,181.65,76.66,89.99,38.87,80.38,27.98,2317.28,203.53,4.30,0.54,88.54,10.82,9.90,2.52,0.00,0.00,27.48,3.07,22.17,4.22,0.18,4.60,7.09,20.65,53.43,7.76,7.00,4.49
50.30,50.3,24/11/2025 11:55:45,1.117,49.594,,16.2,827269.0,533616.0,985806.22,245.90,1471.16,2493.88,519.99,7441.30,320.95,13.64,12.05,241.73,34.25,484.88,107.85,1029.38,55.44,111.90,29.58,106.89,42.33,65.40,27.07,70.81,19.83,1705.20,150.28,2.97,0.41,67.28,7.97,6.92,2.00,0.00,0.00,25.22,2.69,15.92,3.09,0.47,3.43,6.74,18.19,52.24,7.33,5.10,3.91,26929.55,407.78,2439.59,4712.10,982.51,15919.43,686.62,31.24,27.61,603.57,85.53,584.09,129.92,1440.31,77.58,186.71,49.35,190.81,75.56,95.59,39.56,101.74,28.49,2438.00,214.87,3.78,0.53,84.22,9.97,8.62,2.49,0.00,0.00,29.82,3.18,21.50,4.17,0.63,4.57,7.52,20.31,56.27,7.90,5.79,4.44
50.40,50.4,24/11/2025 11:56:19,1.671,48.076,,16.2,829916.0,533869.0,985649.41,1004.02,1324.32,2289.55,482.28,6730.15,296.65,53.04,37.84,331.85,33.56,291.57,90.77,1137.10,56.72,224.73,39.56,119.02,42.48,48.82,24.28,14.94,3.05,1896.37,168.12,2.98,0.40,91.03,13.63,8.05,1.96,0.00,0.00,29.57,2.87,14.20,3.12,0.55,3.44,2.51,18.28,55.67,7.33,4.86,3.93,26923.92,1664.95,2196.09,4326.02,911.24,14398.04,634.64,121.53,86.70,828.61,83.81,351.23,109.34,1591.03,79.36,374.95,66.00,212.48,75.83,71.35,35.49,21.47,4.38,2711.32,240.38,3.79,0.52,113.95,17.07,10.02,2.44,0.00,0.00,34.97,3.40,19.18,4.21,0.74,4.59,2.81,20.41,59.97,7.90,5.52,4.46
50.50,50.5,24/11/2025 11:57:04,1.098,48.735,,16.2,831096.0,534205.0,980293.93,780.88,1380.71,2978.96,584.19,10860.26,434.19,32.62,50.42,247.76,34.59,746.77,138.37,1155.01,57.99,205.26,38.58,133.60,43.67,63.10,27.04,84.36,20.90,2192.02,195.65,2.74,0.41,92.54,13.58,9.97,2.16,0.00,0.00,26.79,2.82,21.27,3.35,0.00,0.00,8.92,18.66,55.58,7.64,7.66,4.10,37565.43,1294.92,2289.59,5628.64,1103.81,23233.74,928.88,74.75,115.54,618.63,86.37,899.56,166.68,1616.10,81.14,342.48,64.38,238.50,77.95,92.22,39.52,121.22,30.03,3134.03,279.73,3.49,0.53,115.84,17.00,12.40,2.69,0.00,0.00,31.69,3.33,28.73,4.52,0.00,0.00,9.96,20.83,59.87,8.23,8.69,4.65
50.60,50.6,24/11/2025 11:57:38,0.906,57.203,1181237.784,16.2,828016.0,533695.0,983308.06,776.98,1345.89,2739.22,545.30,8825.32,366.35,102.33,63.09,229.07,34.72,607.09,122.38,1029.68,56.28,103.81,28.73,88.89,42.82,52.25,25.08,81.82,20.51,1831.26,161.89,3.05,0.42,99.60,15.88,7.60,2.05,0.00,0.00,27.17,2.79,16.55,3.13,0.00,0.00,12.33,18.52,52.46,7.52,5.46,4.00,31735.94,1288.45,2231.86,5175.66,1030.33,18880.32,783.75,234.48,144.57,571.97,86.69,731.30,147.41,1440.73,78.74,173.21,47.93,158.69,76.44,76.36,36.65,117.57,29.47,2618.23,231.46,3.88,0.53,124.68,19.88,9.46,2.55,0.00,0.00,32.13,3.30,22.35,4.23,0.00,0.00,13.76,20.68,56.52,8.10,6.20,4.53
50.70,50.7,24/11/2025 11:58:11,1.258,55.022,,16.2,825796.0,532901.0,986275.54,447.76,1364.56,2126.42,466.59,7131.54,309.96,42.79,49.81,255.17,34.07,529.07,112.98,1012.82,55.42,93.50,27.23,114.61,42.57,64.33,26.82,76.22,19.94,1635.89,143.79,2.82,0.40,87.28,12.74,6.35,1.94,0.00,0.00,22.31,2.52,16.38,3.09,0.77,3.39,7.50,18.22,46.16,7.14,4.76,3.84,25943.55,742.51,2262.82,4017.79,881.60,15256.75,663.11,98.05,114.14,637.15,85.08,637.32,136.10,1417.14,77.54,156.01,45.44,204.61,75.99,94.02,39.21,109.52,28.66,2338.90,205.58,3.59,0.50,109.26,15.94,7.90,2.42,0.00,0.00,26.38,2.98,22.12,4.17,1.02,4.52,8.38,20.34,49.73,7.69,5.40,4.36
50.80,50.8,24/11/2025 11:58:46,1.671,53.571,,16.2,824573.0,530388.0,983740.08,396.01,1418.79,2503.24,522.10,9138.77,377.36,22.69,49.11,303.64,34.17,560.38,117.34,1126.01,56.99,136.59,32.28,100.66,42.56,60.62,26.35,72.08,19.96,1631.54,143.18,3.48,0.43,84.42,11.84,8.02,1.98,0.00,0.00,25.88,2.72,14.68,3.11,0.42,3.43,8.04,18.36,55.97,7.52,6.77,3.95,31178.56,656.69,2352.74,4729.78,986.49,19550.89,807.30,52.00,112.53,758.16,85.32,675.04,141.35,1575.51,79.75,227.89,53.85,179.70,75.98,88.60,38.51,103.57,28.69,2332.68,204.71,4.43,0.55,105.68,14.82,9.98,2.47,0.00,0.00,30.61,3.22,19.83,4.20,0.56,4.58,8.98,20.50,60.29,8.10,7.68,4.48
50.90,50.9,24/11/2025 11:59:20,1.194,52.644,,16.2,831400.0,534363.0,984374.10,246.91,1412.87,2487.01,519.03,8352.06,351.57,53.97,38.14,412.58,33.55,333.21,95.30,1324.04,59.21,144.04,32.93,107.19,42.58,59.20,26.12,75.33,20.17,1822.04,161.08,3.52,0.44,88.15,12.77,8.33,1.99,0.00,0.00,26.86,2.78,12.16,3.09,0.00,0.00,10.63,18.34,52.75,7.42,5.91,3.96,29864.52,409.44,2342.94,4699.10,980.68,17867.86,752.13,123.66,87.39,1030.17,83.76,401.39,114.79,1852.61,82.84,240.34,54.95,191.36,76.01,86.52,38.18,108.24,28.99,2605.05,230.30,4.48,0.56,110.34,15.99,10.37,2.48,0.00,0.00,31.77,3.28,16.43,4.17,0.00,0.00,11.87,20.48,56.83,7.99,6.70,4.49
51.00,51.0,24/11/2025 12:00:04,0.216,50.326,,16.2,829179.0,532447.0,983546.65,455.84,1431.67,2588.07,530.40,8872.63,367.75,33.91,26.17,253.33,34.12,593.46,120.26,1123.33,57.09,247.82,41.08,125.28,42.77,66.88,27.49,16.34,3.32,1865.30,165.06,3.41,0.42,77.16,10.01,8.80,2.05,0.00,0.00,28.10,2.83,18.42,3.15,1.16,3.46,16.45,18.37,53.59,7.53,4.08,3.93,31301.91,755.90,2374.10,4890.07,1002.17,18981.53,786.74,77.70,59.96,632.55,85.19,714.89,144.87,1571.77,79.88,413.48,68.54,223.64,76.34,97.75,40.18,23.48,4.76,2666.91,235.99,4.33,0.54,96.58,12.53,10.95,2.56,0.00,0.00,33.23,3.35,24.88,4.26,1.55,4.62,18.36,20.52,57.73,8.11,4.63,4.46
51.10,51.1,24/11/2025 12:00:38,0.726,50.988,1181239.172,16.2,835468.0,532197.0,977723.09,571.38,1403.52,3331.00,636.13,13339.41,516.12,41.64,51.19,345.77,34.66,490.95,111.83,1491.20,62.31,187.99,37.83,95.61,43.85,71.80,28.84,8.91,1.85,2073.49,184.27,2.88,0.41,97.62,14.83,8.52,2.10,0.00,0.00,33.88,3.14,22.27,3.35,0.07,3.62,4.04,18.98,51.51,7.69,6.96,4.04,43256.70,947.51,2327.42,6293.81,1201.95,28537.45,1104.16,95.42,117.28,863.36,86.55,591.40,134.71,2086.50,87.19,313.66,63.12,170.68,78.28,104.94,42.16,12.81,2.66,2964.57,263.46,3.66,0.53,122.20,18.56,10.60,2.62,0.00,0.00,40.06,3.71,30.08,4.52,0.09,4.82,4.51,21.19,55.49,8.28,7.90,4.59
51.20,51.2,24/11/2025 12:01:12,0.979,51.519,,16.2,831094.0,531999.0,983929.74,467.72,1374.68,2318.30,493.99,8832.66,367.00,40.40,30.31,358.12,33.82,299.89,92.01,1329.47,59.15,130.51,31.75,115.52,42.84,63.41,26.83,2.45,0.52,1876.27,166.12,3.33,0.42,109.62,18.87,8.23,2.04,0.00,0.00,29.88,2.91,15.62,3.13,0.00,0.00,9.90,18.36,53.47,7.46,5.48,3.93,30745.96,775.61,2279.59,4380.34,933.37,18896.01,785.15,92.57,69.46,894.20,84.45,361.25,110.84,1860.21,82.76,217.75,52.97,206.23,76.48,92.68,39.21,3.52,0.75,2682.59,237.50,4.24,0.54,137.22,23.62,10.24,2.54,0.00,0.00,35.33,3.44,21.10,4.23,0.00,0.00,11.05,20.50,57.60,8.04,6.22,4.46
51.30,51.3,24/11/2025 12:01:46,-0.532,53.368,,16.2,830293.0,532593.0,979939.48,302.74,1422.64,3238.17,623.83,11660.12,460.83,11.34,50.14,273.64,34.63,748.80,138.78,1284.05,59.50,195.73,37.75,120.26,43.62,62.16,26.96,79.57,20.74,1888.92,167.01,3.13,0.42,67.48,7.74,7.91,2.10,0.00,0.00,25.56,2.77,13.76,3.17,0.76,3.56,18.12,18.73,52.70,7.65,5.59,4.06,38651.81,502.03,2359.13,6118.40,1178.71,24944.90,985.87,25.99,114.89,683.25,86.47,902.00,167.18,1796.66,83.26,326.57,62.99,214.68,77.88,90.85,39.41,114.33,29.79,2700.67,238.78,3.99,0.54,84.47,9.69,9.84,2.62,0.00,0.00,30.22,3.28,18.59,4.29,1.02,4.74,20.23,20.91,56.77,8.24,6.35,4.61
51.40,51.4,24/11/2025 12:02:21,-0.100,59.853,,16.2,832430.0,534734.0,977033.11,309.96,1429.08,3511.59,663.06,13752.02,529.92,66.85,45.27,333.37,34.67,845.98,151.14,1328.85,60.51,220.79,40.20,108.79,44.18,61.65,27.13,82.64,21.12,2129.60,189.45,3.38,0.44,85.88,11.69,7.80,2.05,0.00,0.00,27.24,2.89,16.24,3.32,0.61,3.71,16.38,19.07,51.48,7.64,5.80,4.15,44506.18,514.00,2369.81,6635.02,1252.82,29420.19,1133.67,153.17,103.73,832.38,86.56,1019.07,182.06,1859.34,84.66,368.38,67.07,194.21,78.88,90.10,39.65,118.74,30.35,3044.79,270.87,4.30,0.56,107.50,14.64,9.71,2.55,0.00,0.00,32.21,3.41,21.94,4.49,0.81,4.95,18.28,21.29,55.45,8.23,6.58,4.71
51.50,51.5,24/11/2025 12:03:05,0.360,52.049,,16.2,830295.0,534371.0,981992.18,431.94,1426.02,2911.51,575.89,10035.74,406.75,105.05,64.24,261.99,34.55,759.34,140.30,1160.03,58.14,120.20,31.04,106.79,43.41,56.78,25.92,74.47,20.38,1774.69,156.53,3.53,0.44,96.57,14.90,8.73,2.01,0.00,0.00,25.34,2.69,15.65,3.20,0.00,0.00,3.79,18.66,48.39,7.41,7.29,3.98,34490.48,716.28,2364.73,5501.20,1088.13,21469.81,870.18,240.70,147.20,654.17,86.26,914.70,169.00,1623.12,81.36,200.56,51.78,190.64,77.50,82.99,37.88,107.01,29.28,2537.35,223.80,4.49,0.55,120.88,18.65,10.86,2.51,0.00,0.00,29.97,3.18,21.14,4.32,0.00,0.00,4.23,20.83,52.12,7.99,8.27,4.51
51.60,51.6,24/11/2025 12:03:39,0.693,47.285,1181245.128,16.2,826573.0,534915.0,983437.69,213.43,1407.82,2581.10,532.31,9050.84,374.59,83.73,53.62,328.43,34.06,633.08,125.55,1170.09,57.93,134.08,31.81,98.64,42.49,44.34,23.78,10.41,2.15,1992.17,176.89,2.94,0.41,98.75,15.56,7.23,2.02,0.00,0.00,28.43,2.88,13.87,3.15,0.80,3.51,19.40,18.36,46.25,7.34,4.31,4.01,31599.30,353.93,2334.56,4876.89,1005.79,19362.79,801.38,191.86,122.87,820.05,85.03,762.62,151.24,1637.19,81.06,223.71,53.08,176.09,75.85,64.80,34.75,14.95,3.09,2848.30,252.91,3.74,0.52,123.61,19.48,9.00,2.52,0.00,0.00,33.62,3.40,18.73,4.25,1.07,4.68,21.66,20.50,49.82,7.90,4.89,4.55
51.70,51.7,24/11/2025 12:04:14,0.042,48.607,,16.2,824622.0,534324.0,982671.59,285.96,1416.53,2575.27,531.16,10086.27,408.33,24.07,19.75,245.76,34.17,619.60,123.55,1158.46,57.79,141.42,32.38,129.93,42.79,63.64,26.87,2.42,0.51,1757.85,154.87,3.44,0.43,109.88,18.87,7.91,2.00,0.00,0.00,23.34,2.62,16.83,3.19,0.60,3.50,17.95,18.26,51.77,7.41,6.05,4.02,33317.32,474.21,2349.00,4865.87,1003.61,21577.92,873.56,55.16,45.26,613.64,85.31,746.37,148.83,1620.93,80.86,235.96,54.03,231.95,76.38,93.01,39.28,3.48,0.74,2513.27,221.42,4.37,0.54,137.54,23.62,9.84,2.49,0.00,0.00,27.60,3.10,22.73,4.31,0.80,4.67,20.04,20.39,55.77,7.98,6.87,4.56
51.80,51.8,24/11/2025 12:04:48,0.642,40.207,,16.2,821003.0,533041.0,983561.22,471.23,1391.92,2601.79,532.72,9097.94,375.37,44.26,50.25,326.86,33.62,406.48,100.96,1217.84,57.72,120.53,30.53,87.87,42.20,71.67,28.25,77.51,20.11,1680.03,147.65,3.41,0.42,112.57,19.83,8.53,2.03,0.00,0.00,28.38,2.86,12.31,3.11,3.30,3.44,3.02,18.25,57.89,7.61,5.35,3.97,31530.53,781.42,2308.19,4915.99,1006.55,19463.54,803.04,101.41,115.14,816.13,83.94,489.65,121.62,1704.01,80.77,201.11,50.93,156.87,75.33,104.75,41.29,111.37,28.89,2402.01,211.10,4.34,0.53,140.92,24.82,10.62,2.53,0.00,0.00,33.56,3.38,16.63,4.20,4.41,4.59,3.37,20.38,62.36,8.19,6.07,4.51
51.90,51.9,24/11/2025 12:05:23,1.288,39.942,,16.2,822239.0,529598.0,982724.48,618.06,1399.02,2550.67,525.34,10028.00,406.27,1.61,1.57,293.08,34.14,424.18,102.61,1146.16,56.88,80.38,25.05,101.98,42.54,64.12,26.93,83.31,20.46,1682.87,147.84,2.85,0.40,69.52,8.33,9.26,2.05,0.00,0.00,25.43,2.71,15.20,3.16,0.17,3.50,16.04,18.29,53.98,7.54,8.64,4.00,33322.26,1024.92,2319.97,4819.40,992.60,21453.24,869.15,3.69,3.60,731.79,85.24,510.97,123.60,1603.71,79.59,134.12,41.80,182.05,75.94,93.72,39.36,119.70,29.40,2406.07,211.37,3.63,0.51,87.02,10.42,11.52,2.55,0.00,0.00,30.07,3.20,20.53,4.27,0.23,4.66,17.90,20.43,58.15,8.12,9.81,4.54
52.00,52.0,24/11/2025 12:06:07,2.068,46.290,,16.2,825089.0,533235.0,982827.03,314.56,1450.66,2498.19,521.58,9782.40,398.45,61.16,42.15,285.03,34.18,494.17,110.24,1279.22,58.58,158.73,34.42,106.34,42.67,66.47,27.39,8.17,1.69,1909.95,169.06,3.42,0.43,88.17,12.68,6.57,2.01,0.00,0.00,24.76,2.70,14.80,3.23,0.32,3.52,5.47,18.38,56.95,7.70,8.12,4.10,32950.26,521.62,2405.60,4720.23,985.51,20927.82,852.42,140.13,96.58,711.70,85.36,595.28,132.80,1789.90,81.96,264.85,57.43,189.83,76.18,97.15,40.03,11.74,2.43,2730.75,241.71,4.36,0.55,110.37,15.87,8.17,2.50,0.00,0.00,29.28,3.19,19.99,4.37,0.42,4.70,6.11,20.53,61.35,8.29,9.22,4.66
52.10,52.1,24/11/2025 12:06:41,1.757,45.099,1181238.778,16.2,826410.0,535315.0,983969.48,431.92,1391.54,2536.48,521.08,8132.10,343.20,21.02,17.56,239.31,34.27,681.34,129.87,1473.39,60.49,172.67,35.13,103.12,42.26,73.48,28.66,81.34,20.43,1850.68,163.65,3.02,0.41,105.69,17.60,5.79,1.98,0.00,0.00,27.26,2.83,18.77,3.22,0.00,0.00,16.96,18.24,49.65,7.37,6.53,4.04,30057.34,716.25,2307.55,4792.58,984.56,17397.28,734.22,48.16,40.24,597.52,85.58,820.74,156.44,2061.58,84.63,288.10,58.61,184.09,75.44,107.40,41.88,116.87,29.36,2645.99,233.97,3.85,0.53,132.31,22.03,7.20,2.46,0.00,0.00,32.24,3.35,25.36,4.35,0.00,0.00,18.94,20.36,53.49,7.94,7.41,4.58
52.20,52.2,24/11/2025 12:07:15,1.530,41.861,,16.2,824585.0,534997.0,985113.62,284.91,1338.10,2571.26,522.18,7574.53,324.33,76.07,49.47,361.91,33.58,497.51,110.36,1073.72,56.08,139.85,32.40,89.03,42.00,59.14,25.92,14.99,3.04,1919.54,170.18,3.12,0.41,97.77,15.44,10.02,2.03,0.00,0.00,25.78,2.75,16.16,3.12,0.00,0.00,9.02,18.19,54.48,7.43,7.57,4.01,28228.02,472.46,2218.93,4858.31,986.63,16204.45,693.85,174.31,113.35,903.66,83.84,599.30,132.94,1502.36,78.46,233.34,54.06,158.93,74.98,86.44,37.89,21.54,4.37,2744.45,243.31,3.97,0.53,122.39,19.33,12.48,2.52,0.00,0.00,30.48,3.25,21.82,4.21,0.00,0.00,10.07,20.31,58.69,8.01,8.59,4.55
52.30,52.3,24/11/2025 12:07:49,1.007,46.423,,16.2,824376.0,534621.0,977304.93,267.79,1389.60,3934.70,717.73,13214.58,511.51,26.33,21.63,318.82,34.64,541.58,117.34,1360.12,60.70,164.17,35.18,133.97,44.20,61.37,26.95,83.19,20.98,2337.26,209.11,3.20,0.43,124.91,22.90,7.13,2.11,0.00,0.00,28.25,2.96,14.02,3.32,0.17,3.69,7.80,18.86,59.69,8.02,6.00,4.22,43926.53,444.07,2304.33,7434.47,1356.13,28270.41,1094.29,60.34,49.56,796.06,86.49,652.38,141.35,1903.09,84.93,273.92,58.70,239.17,78.91,89.70,39.39,119.53,30.14,3341.68,298.97,4.07,0.55,156.36,28.66,8.87,2.63,0.00,0.00,33.41,3.50,18.94,4.49,0.23,4.92,8.71,21.05,64.30,8.64,6.81,4.79
52.40,52.4,24/11/2025 12:08:23,-0.230,42.057,,16.2,822459.0,533409.0,979549.30,617.99,1396.88,3359.30,636.97,11552.06,456.38,42.50,50.51,330.37,34.09,581.64,120.02,1260.05,58.96,176.98,36.13,107.11,43.13,70.14,28.26,3.85,0.81,2114.89,188.23,3.33,0.43,111.22,18.90,8.34,2.06,0.00,0.00,24.72,2.76,16.90,3.27,1.83,3.60,8.78,18.58,53.68,7.69,5.03,4.17,39371.74,1024.80,2316.42,6347.27,1203.52,24713.72,976.35,97.37,115.75,824.89,85.12,700.65,144.57,1763.07,82.50,295.28,60.28,191.21,77.00,102.51,41.31,5.53,1.17,3023.75,269.12,4.24,0.55,139.23,23.66,10.38,2.56,0.00,0.00,29.24,3.26,22.82,4.41,2.44,4.81,9.80,20.75,57.83,8.28,5.71,4.73
52.50,52.5,24/11/2025 12:09:08,-0.274,32.931,,16.2,821563.0,534659.0,979682.03,284.52,1413.13,3181.67,611.09,11734.76,462.12,76.03,49.42,241.96,34.59,792.63,143.30,1262.02,58.87,191.64,37.18,131.82,43.43,71.31,28.48,88.93,21.06,2032.32,180.33,3.16,0.43,99.50,15.45,10.40,2.16,0.00,0.00,25.15,2.77,16.02,3.35,1.85,3.63,10.75,18.55,55.93,7.80,5.59,4.12,39053.79,471.82,2343.36,6011.65,1154.63,25104.59,988.62,174.20,113.24,604.16,86.37,954.81,172.62,1765.83,82.37,319.75,62.04,235.33,77.54,104.23,41.63,127.78,30.26,2905.70,257.82,4.02,0.55,124.56,19.34,12.94,2.69,0.00,0.00,29.74,3.27,21.64,4.53,2.47,4.84,12.00,20.71,60.25,8.40,6.35,4.67
52.60,52.6,24/11/2025 12:09:42,0.326,27.843,1181240.365,16.2,830015.0,536038.0,983401.28,464.09,1363.62,2643.93,537.61,9408.61,385.14,10.24,9.18,317.96,33.82,385.24,99.05,1031.01,55.80,39.83,16.61,107.45,42.64,64.47,26.96,71.65,19.94,1819.93,160.80,3.12,0.41,108.43,18.52,7.58,2.01,0.00,0.00,23.81,2.65,13.57,3.14,1.75,3.46,16.39,18.26,53.54,7.55,6.12,4.06,31955.74,769.59,2261.26,4995.60,1015.80,20128.16,823.95,23.46,21.04,793.91,84.44,464.07,119.32,1442.59,78.07,66.45,27.72,191.82,76.12,94.22,39.40,102.94,28.65,2602.04,229.90,3.98,0.53,135.73,23.18,9.44,2.51,0.00,0.00,28.16,3.14,18.33,4.24,2.33,4.62,18.30,20.39,57.67,8.13,6.95,4.60
52.70,52.7,24/11/2025 12:10:16,1.195,21.427,,16.2,825797.0,539515.0,988921.53,305.20,1339.21,2034.46,450.61,4842.56,233.12,6.02,5.62,286.00,33.56,266.78,87.14,1028.75,55.09,141.65,32.66,109.22,41.68,53.73,24.72,83.79,20.09,1743.73,154.00,3.04,0.41,62.52,7.09,8.13,2.04,0.00,0.00,24.24,2.62,14.33,3.07,0.00,0.00,5.23,17.92,54.00,7.26,5.07,3.89,20532.09,506.11,2220.78,3844.04,851.41,10359.86,498.71,13.79,12.88,714.12,83.79,321.36,104.97,1439.43,77.08,236.35,54.49,194.98,74.41,78.53,36.13,120.40,28.86,2493.09,220.18,3.87,0.52,78.26,8.87,10.11,2.54,0.00,0.00,28.67,3.09,19.36,4.15,0.00,0.00,5.84,20.00,58.17,7.82,5.75,4.41
52.80,52.8,24/11/2025 12:10:50,1.559,18.578,,16.2,818872.0,544339.0,990236.34,216.96,1438.31,1544.78,388.39,4452.40,218.39,10.86,9.66,352.01,33.07,149.38,72.79,924.01,53.08,38.16,15.97,98.94,41.18,49.83,23.95,68.95,19.24,1651.92,145.53,3.27,0.41,93.92,14.84,7.31,1.95,0.00,0.00,22.28,2.54,8.95,2.97,0.59,3.38,11.17,17.69,51.98,7.14,6.01,3.83,18199.73,359.77,2385.12,2918.81,733.86,9525.17,467.20,24.89,22.14,878.93,82.56,179.94,87.68,1292.87,74.28,63.68,26.65,176.63,73.52,72.83,35.01,99.07,27.64,2361.82,208.07,4.16,0.53,117.57,18.57,9.10,2.43,0.00,0.00,26.35,3.00,12.09,4.02,0.78,4.51,12.47,19.76,55.99,7.69,6.81,4.35
52.90,52.9,24/11/2025 12:11:24,1.492,24.269,,16.1,825362.0,557911.0,989110.74,356.12,1347.48,1812.95,416.41,5073.95,240.36,34.31,48.41,395.32,33.27,138.29,72.19,889.86,53.57,35.00,15.19,89.11,41.50,37.87,22.39,76.98,19.76,1750.42,154.77,3.44,0.43,84.30,12.14,7.85,1.96,0.00,0.00,17.77,2.31,7.51,3.05,1.70,3.52,15.68,17.91,55.25,7.43,5.59,3.95,20470.83,590.55,2234.50,3425.51,786.79,10854.87,514.21,78.61,110.92,987.07,83.07,166.59,86.96,1245.10,74.95,58.40,25.34,159.08,74.08,55.35,32.72,110.61,28.39,2502.65,221.29,4.38,0.54,105.52,15.20,9.78,2.44,0.00,0.00,21.01,2.73,10.14,4.12,2.26,4.70,17.51,19.99,59.51,8.00,6.34,4.48
53.00,53.0,24/11/2025 12:12:08,1.797,23.014,,16.1,828306.0,565886.0,988656.74,1358.53,1395.60,2016.05,444.08,4586.23,223.15,38.28,28.63,318.24,33.71,54.43,51.53,806.21,52.92,61.53,21.75,115.91,42.11,55.52,25.12,69.17,19.53,1651.39,145.62,3.36,0.42,112.44,20.42,8.15,2.00,0.00,0.00,12.40,1.98,7.98,3.03,2.33,3.56,8.31,17.99,52.91,7.39,3.91,3.84,21055.09,2252.82,2314.29,3809.26,839.07,9811.49,477.40,87.71,65.60,794.62,84.17,65.57,62.07,1128.05,74.05,102.67,36.30,206.92,75.17,81.15,36.71,99.38,28.06,2361.06,208.21,4.27,0.53,140.75,25.56,10.14,2.49,0.00,0.00,14.66,2.34,10.77,4.09,3.10,4.75,9.28,20.09,56.99,7.96,4.43,4.35
53.10,53.1,24/11/2025 12:12:43,1.875,19.112,1181239.044,16.0,835558.0,575335.0,991711.88,466.96,1372.02,1615.98,385.38,3126.46,170.84,62.11,41.77,380.59,33.12,0.00,0.00,785.93,52.47,29.33,13.68,36.81,41.15,41.76,22.96,75.77,19.67,1515.39,133.32,3.23,0.42,59.22,6.60,6.39,1.90,0.00,0.00,10.39,1.85,6.04,3.01,0.31,3.52,14.40,18.03,48.08,6.96,2.95,3.83,15337.98,774.36,2275.19,3053.34,728.17,6688.55,365.47,142.31,95.70,950.30,82.69,0.00,0.00,1099.68,73.42,48.93,22.83,65.72,73.46,61.04,33.56,108.87,28.26,2166.62,190.62,4.11,0.53,74.13,8.26,7.96,2.36,0.00,0.00,12.28,2.19,8.16,4.07,0.41,4.69,16.08,20.14,51.80,7.50,3.35,4.35
53.20,53.2,24/11/2025 12:13:17,2.035,19.837,,16.0,845821.0,572235.0,992036.40,246.74,1393.70,1682.34,399.11,2646.14,153.83,132.65,77.38,313.50,33.84,43.24,45.71,752.64,52.41,28.94,13.67,104.64,42.12,47.11,23.88,69.39,19.55,1706.74,151.23,3.32,0.41,92.00,14.44,7.39,1.97,0.00,0.00,10.91,1.89,7.24,3.06,4.20,3.53,9.66,18.08,51.64,7.28,3.18,3.83,14511.50,409.17,2311.13,3178.72,754.10,5660.97,329.10,303.95,177.31,782.78,84.49,52.09,55.07,1053.09,73.34,48.28,22.81,186.81,75.18,68.86,34.91,99.70,28.09,2440.20,216.22,4.23,0.53,115.16,18.08,9.20,2.46,0.00,0.00,12.90,2.24,9.78,4.13,5.60,4.71,10.78,20.19,55.62,7.84,3.61,4.35
53.30,53.3,24/11/2025 12:13:52,2.238,12.365,,16.0,846482.0,570223.0,992082.42,219.64,1412.78,1488.75,385.22,3027.79,170.15,12.24,10.98,322.53,33.96,192.18,79.29,686.40,51.80,18.82,13.61,67.69,41.75,47.54,23.97,70.87,19.66,1566.25,138.19,3.20,0.41,94.68,15.25,7.10,1.87,0.00,0.00,14.03,2.07,7.17,3.04,1.98,3.51,17.19,18.15,47.13,7.18,4.40,3.84,14478.09,364.22,2342.78,2812.94,727.85,6477.46,364.00,28.05,25.15,805.32,84.81,231.50,95.51,960.41,72.48,31.41,22.70,120.85,74.52,69.48,35.03,101.83,28.25,2239.34,197.57,4.07,0.52,118.51,19.09,8.84,2.33,0.00,0.00,16.60,2.45,9.68,4.11,2.64,4.68,19.19,20.26,50.77,7.73,4.99,4.35
53.40,53.4,24/11/2025 12:14:26,2.539,16.396,,16.0,848165.0,575113.0,992333.63,424.15,1391.16,1398.82,368.82,2584.23,152.98,43.12,32.07,424.76,33.42,0.00,0.00,788.78,52.88,30.90,14.41,73.92,41.95,42.64,23.31,52.65,18.97,1611.23,142.40,3.21,0.41,103.66,17.96,8.41,1.93,0.00,0.00,12.08,1.99,7.34,3.04,0.76,3.55,5.65,18.21,46.18,7.11,3.89,3.88,13993.08,703.35,2306.93,2643.01,696.87,5528.54,327.28,98.81,73.48,1060.58,83.45,0.00,0.00,1103.67,73.98,51.56,24.05,131.95,74.89,62.32,34.07,75.65,27.26,2303.65,203.59,4.09,0.52,129.76,22.49,10.47,2.40,0.00,0.00,14.28,2.36,9.92,4.11,1.02,4.73,6.31,20.33,49.74,7.66,4.41,4.40
53.50,53.5,24/11/2025 12:15:10,3.243,10.910,,15.9,854449.0,583187.0,989460.27,599.34,1390.48,1700.06,414.59,4486.99,222.30,43.39,49.26,296.60,34.50,204.10,81.65,886.32,54.58,54.32,20.83,78.94,42.49,50.22,24.65,76.03,20.16,1905.54,169.73,2.97,0.42,55.97,5.86,6.86,2.08,0.00,0.00,15.56,2.20,9.18,3.16,2.49,3.68,5.37,18.42,55.93,7.52,3.54,3.98,19456.66,993.87,2305.79,3212.21,783.35,9599.17,475.57,99.42,112.88,740.59,86.15,245.86,98.35,1240.14,76.37,90.63,34.75,140.92,75.85,73.41,36.02,109.25,28.97,2724.43,242.67,3.78,0.53,70.07,7.33,8.54,2.59,0.00,0.00,18.40,2.60,12.40,4.27,3.31,4.91,5.99,20.57,60.25,8.10,4.02,4.52
53.60,53.6,24/11/2025 12:15:44,4.161,4.631,1181244.860,15.8,869209.0,595583.0,989909.91,480.18,1417.75,1664.23,408.08,4269.38,215.52,35.68,49.59,285.13,35.17,123.89,71.81,832.82,54.65,25.74,14.09,117.34,43.48,61.63,26.66,76.60,20.33,1960.17,175.10,3.39,0.44,48.59,4.58,8.38,2.02,0.00,0.00,14.25,2.18,7.83,3.17,2.66,3.75,17.06,18.59,50.81,7.42,4.33,3.97,18622.95,796.26,2351.02,3144.50,771.05,9133.62,461.07,81.75,113.62,711.94,87.80,149.24,86.50,1165.29,76.46,42.95,23.51,209.47,77.61,90.08,38.97,110.07,29.21,2802.54,250.35,4.32,0.56,60.83,5.74,10.43,2.52,0.00,0.00,16.85,2.57,10.58,4.29,3.55,5.00,19.04,20.76,54.73,7.99,4.92,4.51
53.70,53.7,24/11/2025 12:16:18,4.125,3.373,,15.7,885429.0,607688.0,990697.01,680.02,1465.82,1567.51,399.87,3435.76,186.98,46.60,35.07,363.53,35.47,115.68,71.63,827.94,55.27,20.51,14.11,106.14,43.62,64.36,27.29,75.65,20.49,1854.69,165.42,3.26,0.43,46.69,4.30,7.31,2.00,0.00,0.00,11.58,2.00,7.99,3.21,1.26,3.79,13.30,18.72,48.98,7.37,4.24,3.99,17000.41,1127.65,2430.74,2961.75,755.53,7350.24,400.00,106.78,80.36,907.71,88.55,139.34,86.28,1158.46,77.34,34.21,23.54,189.49,77.87,94.06,39.88,108.70,29.44,2651.73,236.50,4.15,0.54,58.45,5.39,9.10,2.48,0.00,0.00,13.69,2.36,10.79,4.33,1.68,5.05,14.84,20.90,52.76,7.94,4.81,4.52
53.80,53.8,24/11/2025 12:16:53,3.903,0.795,,15.6,909579.0,629826.0,990226.60,315.56,1490.27,1948.81,447.87,3278.94,181.85,88.97,58.16,493.74,35.85,53.96,55.57,926.33,57.40,70.73,25.17,101.51,44.64,72.49,29.20,72.14,20.79,2184.37,196.88,3.68,0.46,60.13,6.63,6.86,2.02,0.00,0.00,14.20,2.22,7.27,3.37,4.16,4.03,8.14,19.25,56.68,7.64,4.73,4.20,17846.13,523.29,2471.28,3682.21,846.23,7014.74,389.03,203.86,133.26,1232.83,89.51,65.01,66.94,1296.13,80.31,118.00,41.99,181.22,79.69,105.95,42.67,103.65,29.87,3123.09,281.48,4.68,0.59,75.26,8.30,8.54,2.52,0.00,0.00,16.80,2.62,9.81,4.55,5.55,5.37,9.09,21.50,61.05,8.23,5.37,4.77
53.90,53.9,24/11/2025 12:17:27,3.661,8.336,,15.6,911723.0,631251.0,991466.92,343.22,1526.62,1660.72,416.89,2957.38,170.73,65.48,46.33,409.23,36.30,97.52,69.82,736.80,55.24,20.89,14.51,131.99,45.14,54.90,26.03,49.68,9.86,1840.79,164.53,3.44,0.44,65.55,7.84,7.07,2.03,0.00,0.00,10.02,1.90,7.39,3.26,0.90,3.96,15.25,19.22,51.89,7.58,2.96,4.05,15602.64,569.16,2531.56,3137.87,787.70,6326.83,365.25,150.04,106.15,1021.82,90.63,117.47,84.10,1030.94,77.29,34.85,24.21,235.63,80.58,80.25,38.04,71.39,14.16,2631.86,235.24,4.38,0.57,82.05,9.82,8.80,2.53,0.00,0.00,11.85,2.25,9.98,4.41,1.20,5.29,17.03,21.46,55.90,8.16,3.36,4.60
54.00,54.0,24/11/2025 12:18:11,4.771,1.392,,15.6,914275.0,632852.0,989596.83,389.70,1575.44,1831.37,448.68,4431.44,224.56,109.69,69.21,522.01,36.44,153.82,80.75,845.70,56.72,12.89,14.68,51.09,44.71,51.35,25.75,12.51,2.78,1862.70,166.50,3.19,0.44,27.87,1.86,5.92,2.01,0.00,0.00,9.84,1.87,5.80,3.33,1.50,3.99,17.06,19.53,52.20,7.56,5.53,4.17,19528.46,646.23,2612.52,3460.31,847.77,9480.33,480.42,251.33,158.58,1303.41,90.99,185.29,97.28,1183.31,79.36,21.50,24.49,91.20,79.82,75.06,37.63,17.97,4.00,2663.18,238.05,4.06,0.56,34.89,2.32,7.36,2.50,0.00,0.00,11.64,2.21,7.83,4.49,2.00,5.33,19.05,21.80,56.23,8.14,6.28,4.73
54.10,54.1,24/11/2025 12:18:46,4.419,5.750,1181240.432,15.5,917017.0,637239.0,990314.58,484.33,1520.41,1618.36,418.32,3741.11,200.71,159.07,94.59,425.51,36.95,134.82,77.26,817.39,56.32,19.15,14.66,43.24,44.41,75.00,29.72,83.08,21.26,1935.74,173.50,3.77,0.46,53.24,5.40,7.39,2.07,0.00,0.00,7.85,1.72,7.89,3.35,2.61,4.02,8.48,19.39,54.28,7.69,3.13,4.06,17878.79,803.15,2521.26,3057.84,790.40,8003.49,429.39,364.48,216.75,1062.45,92.27,162.41,93.07,1143.70,78.80,31.94,24.46,77.19,79.28,109.62,43.44,119.38,30.55,2767.61,248.06,4.79,0.59,66.64,6.76,9.20,2.57,0.00,0.00,9.28,2.04,10.66,4.53,3.48,5.35,9.47,21.65,58.47,8.29,3.55,4.61
54.20,54.2,24/11/2025 12:19:20,4.174,10.907,,15.5,920401.0,642827.0,990731.78,274.08,1562.84,1568.55,411.99,3362.99,186.73,134.44,81.90,515.81,36.31,7.18,26.61,864.21,56.71,13.37,14.63,87.00,45.01,45.22,24.82,24.85,5.35,2209.80,199.53,4.06,0.47,52.73,5.29,9.25,2.14,0.00,0.00,7.99,1.73,7.51,3.40,2.09,4.08,17.02,19.47,55.97,7.73,4.12,4.15,17054.47,454.50,2591.61,2963.71,778.43,7194.56,399.47,308.04,187.67,1287.92,90.67,8.65,32.05,1209.20,79.35,22.31,24.41,155.31,80.34,66.10,36.28,35.70,7.69,3159.44,285.28,5.17,0.60,66.00,6.62,11.51,2.67,0.00,0.00,9.44,2.04,10.15,4.59,2.78,5.44,19.00,21.74,60.29,8.32,4.68,4.71
54.30,54.3,24/11/2025 12:19:54,6.492,7.336,,15.6,904971.0,633170.0,990660.38,298.97,1498.12,1585.90,402.37,3839.44,201.12,40.97,32.21,436.58,36.26,56.33,55.19,763.18,54.83,15.93,14.36,128.37,44.66,56.11,26.15,12.77,2.83,1987.87,178.32,3.41,0.44,23.11,1.40,7.61,2.04,0.02,0.16,6.40,1.54,4.70,3.29,2.40,4.01,16.06,19.03,49.28,7.41,4.22,4.01,17359.73,495.78,2484.29,2996.50,760.27,8213.86,430.26,93.88,73.81,1090.09,90.54,67.85,66.49,1067.85,76.73,26.58,23.96,229.17,79.72,82.01,38.22,18.35,4.07,2842.14,254.96,4.34,0.57,28.92,1.75,9.47,2.53,0.02,0.21,7.56,1.82,6.34,4.44,3.20,5.35,17.93,21.25,53.09,7.98,4.79,4.55
54.40,54.4,24/11/2025 12:20:28,4.621,8.135,,15.7,879023.0,616122.0,991142.57,147.11,1480.13,1841.00,428.33,3425.69,184.30,15.85,48.14,318.21,35.44,58.57,54.02,815.92,54.23,15.84,14.03,86.25,43.04,82.73,30.65,81.99,20.55,1835.69,163.68,3.69,0.44,42.22,3.63,6.71,1.95,0.00,0.00,2.95,1.22,2.32,3.20,1.67,3.88,16.70,18.58,53.08,7.50,3.25,3.91,16292.14,243.95,2454.46,3478.50,809.32,7328.70,394.27,36.32,110.30,794.54,88.50,70.56,65.07,1141.63,75.88,26.43,23.41,153.98,76.84,120.91,44.80,117.81,29.53,2624.56,234.03,4.69,0.56,52.85,4.55,8.36,2.43,0.00,0.00,3.49,1.44,3.13,4.32,2.22,5.17,18.65,20.75,57.18,8.07,3.68,4.43
54.50,54.5,24/11/2025 12:21:13,3.745,6.145,,15.9,839404.0,589013.0,991842.10,314.61,1429.07,1533.08,385.86,3304.05,178.41,109.09,65.17,345.23,33.83,53.20,50.33,658.30,51.12,17.47,13.50,62.91,41.27,62.64,26.30,68.03,19.38,1451.19,127.47,3.39,0.42,98.86,16.53,7.26,1.95,0.00,0.00,2.57,1.17,1.95,3.01,2.63,3.71,9.58,17.93,49.33,7.14,2.51,3.82,15202.61,521.71,2369.79,2896.70,729.08,7068.46,381.68,249.97,149.32,862.00,84.47,64.08,60.63,921.10,71.53,29.16,22.53,112.31,73.67,91.56,38.44,97.75,27.84,2074.84,182.24,4.32,0.54,123.76,20.70,9.03,2.42,0.00,0.00,3.03,1.38,2.64,4.06,3.51,4.95,10.70,20.02,53.14,7.69,2.85,4.33
54.60,54.6,24/11/2025 12:21:48,3.212,6.876,1181245.326,15.9,847380.0,594487.0,992110.75,365.79,1398.67,1380.35,368.58,3016.74,168.47,0.25,0.25,438.30,33.83,9.65,24.46,725.37,51.83,17.38,13.54,82.44,41.76,37.34,22.53,79.85,20.05,1592.05,140.65,3.16,0.40,64.29,7.63,7.44,1.95,0.00,0.00,2.52,1.15,3.30,3.01,2.77,3.74,6.79,18.05,50.97,7.19,2.50,3.76,14581.96,606.58,2319.38,2608.12,696.41,6453.82,360.41,0.58,0.57,1094.39,84.48,11.63,29.46,1014.95,72.52,28.99,22.60,147.16,74.55,54.58,32.93,114.74,28.81,2276.22,201.10,4.03,0.51,80.47,9.55,9.26,2.43,0.00,0.00,2.97,1.35,4.45,4.07,3.69,4.99,7.58,20.15,54.91,7.75,2.83,4.26
54.70,54.7,24/11/2025 12:22:23,3.212,3.038,,15.8,867719.0,611719.0,991798.32,205.09,1479.14,1334.90,369.31,3397.71,183.99,127.39,75.78,421.91,34.64,30.96,38.63,723.78,52.63,9.73,13.88,65.36,42.64,62.03,26.67,53.41,19.34,1622.21,143.73,3.57,0.43,58.68,6.48,5.67,1.89,0.00,0.00,2.23,1.17,2.07,3.08,3.87,3.83,15.22,18.53,52.82,7.29,3.06,3.82,15319.24,340.10,2452.82,2522.25,697.80,7268.85,393.61,291.89,173.65,1053.47,86.48,37.29,46.53,1012.72,73.64,16.24,23.16,116.68,76.11,90.66,38.98,76.74,27.78,2319.35,205.50,4.54,0.55,73.46,8.11,7.06,2.35,0.00,0.00,2.64,1.39,2.79,4.16,5.17,5.11,16.99,20.69,56.90,7.86,3.47,4.33
54.80,54.8,24/11/2025 12:22:23,3.057,1.521,,15.9,844841.0,592836.0,991765.33,381.27,1425.82,1438.70,378.85,3255.28,178.55,84.34,53.85,430.41,33.98,0.00,0.00,687.09,51.60,16.84,13.50,101.34,41.98,69.32,27.62,66.15,19.42,1537.14,135.49,3.16,0.41,85.03,12.58,5.35,1.92,0.00,0.00,2.19,1.16,3.52,3.03,2.18,3.69,11.32,18.00,50.75,7.27,3.30,3.86,15345.58,632.25,2364.41,2718.37,715.83,6964.13,381.97,193.25,123.38,1074.69,84.84,0.00,0.00,961.38,72.19,28.09,22.53,180.92,74.95,101.31,40.36,95.05,27.90,2197.71,193.72,4.02,0.53,106.44,15.75,6.66,2.39,0.00,0.00,2.60,1.37,4.75,4.09,2.91,4.93,12.64,20.10,54.67,7.83,3.74,4.37
54.90,54.9,24/11/2025 12:23:31,4.356,7.140,,15.8,859745.0,600626.0,991817.78,569.87,1431.02,1402.32,377.42,3150.42,174.26,13.62,11.97,259.60,34.90,44.19,45.81,670.40,51.74,22.02,13.76,99.65,42.38,62.84,26.53,5.17,1.13,1748.98,155.32,3.15,0.42,50.89,5.05,4.77,1.87,0.00,0.00,2.56,1.18,1.17,3.07,3.97,3.76,12.06,18.20,51.73,7.31,2.84,3.79,14975.57,945.01,2373.02,2649.64,713.11,6739.81,372.80,31.21,27.44,648.20,87.14,53.23,55.19,938.02,72.39,36.74,22.96,177.90,75.66,91.84,38.77,7.43,1.63,2500.60,222.07,4.01,0.53,63.70,6.32,5.94,2.33,0.00,0.00,3.03,1.40,1.57,4.14,5.29,5.02,13.47,20.32,55.72,7.87,3.22,4.30
55.00,55.0,24/11/2025 12:24:16,3.863,6.610,,15.9,851118.0,589777.0,992294.84,322.87,1434.70,1437.26,382.21,2864.17,164.80,85.71,54.78,332.90,34.35,9.64,24.63,685.46,51.95,23.84,13.62,74.65,41.76,49.37,24.26,73.79,19.79,1628.51,144.05,3.41,0.42,33.78,2.53,6.37,1.90,0.00,0.00,2.41,1.15,3.98,3.02,1.52,3.64,11.67,18.11,50.28,7.13,3.57,3.81,14192.42,535.42,2379.13,2715.65,722.17,6127.41,352.55,196.39,125.53,831.22,85.76,11.61,29.66,959.10,72.68,39.77,22.73,133.26,74.55,72.15,35.45,106.02,28.43,2328.35,205.95,4.33,0.53,42.29,3.16,7.93,2.37,0.00,0.00,2.86,1.36,5.37,4.08,2.03,4.86,13.03,20.22,54.17,7.68,4.05,4.32
55.10,55.1,24/11/2025 12:24:50,4.374,17.795,1181237.716,15.8,869430.0,591838.0,990287.30,728.87,1450.73,1526.49,400.51,3658.90,195.42,69.00,46.65,298.50,35.41,103.10,66.90,808.41,53.91,14.47,13.93,75.57,42.77,80.03,30.10,83.10,20.60,2128.14,191.11,3.27,0.43,42.42,3.63,6.92,1.94,0.00,0.00,6.84,1.53,2.97,3.12,2.97,3.76,16.34,18.54,52.91,7.33,3.48,3.91,17678.52,1208.67,2405.70,2884.25,756.75,7827.61,418.06,158.11,106.89,745.32,88.41,124.19,80.58,1131.13,75.43,24.14,23.25,134.90,76.36,116.97,43.99,119.40,29.60,3042.69,273.24,4.16,0.55,53.10,4.54,8.61,2.42,0.00,0.00,8.08,1.81,4.02,4.22,3.96,5.01,18.25,20.70,57.00,7.90,3.95,4.43
55.20,55.2,24/11/2025 12:25:25,4.376,11.577,,16.0,851566.0,577130.0,991481.21,423.95,1478.46,1377.58,377.11,3166.41,174.68,67.49,44.60,240.36,34.74,54.79,50.89,705.10,52.13,26.41,13.61,98.49,41.70,79.75,29.57,45.84,8.71,2026.22,181.22,3.48,0.42,103.58,17.70,7.10,1.95,0.00,0.00,11.09,1.88,3.94,3.05,1.00,3.59,18.61,17.93,53.85,7.36,3.76,3.86,15432.31,703.03,2451.70,2602.89,712.54,6774.01,373.71,154.63,102.18,600.15,86.73,66.01,61.31,986.58,72.95,44.07,22.71,175.82,74.43,116.55,43.22,65.86,12.52,2896.97,259.10,4.43,0.54,129.66,22.15,8.84,2.43,0.00,0.00,13.12,2.22,5.32,4.12,1.33,4.78,20.78,20.02,58.01,7.93,4.26,4.37
55.30,55.3,24/11/2025 12:25:59,3.211,16.539,,15.9,852837.0,578978.0,990160.70,331.07,1398.73,1700.71,407.82,4105.83,208.18,103.93,63.69,436.54,34.11,6.90,24.97,831.69,53.57,9.61,13.71,54.85,41.99,52.60,24.88,33.49,6.62,1986.64,177.47,3.81,0.45,78.13,10.62,7.54,1.97,0.00,0.00,11.37,1.92,3.68,3.03,2.88,3.64,19.63,18.32,53.67,7.38,4.73,3.92,18345.06,549.00,2319.48,3213.42,770.57,8783.75,445.37,238.14,145.94,1089.99,85.16,8.31,30.08,1163.70,74.96,16.04,22.87,97.92,74.95,76.88,36.37,48.12,9.51,2840.39,253.73,4.85,0.57,97.81,13.30,9.38,2.45,0.00,0.00,13.44,2.27,4.98,4.09,3.84,4.86,21.92,20.45,57.82,7.95,5.37,4.45
55.40,55.4,24/11/2025 12:26:33,1.199,9.589,,15.9,862699.0,592770.0,989874.21,592.64,1425.55,1598.52,398.53,4000.51,205.49,73.61,48.74,419.14,34.60,76.37,60.26,757.36,53.65,24.40,13.94,75.55,42.73,60.92,26.48,78.31,20.36,2199.09,197.74,3.70,0.45,81.90,11.49,7.87,2.02,0.00,0.00,5.22,1.34,6.92,3.18,2.61,3.79,7.38,18.51,49.19,7.32,4.58,4.00,18652.18,982.76,2363.95,3020.34,753.01,8558.44,439.61,168.67,111.68,1046.55,86.40,92.00,72.59,1059.70,75.07,40.72,23.26,134.87,76.29,89.03,38.70,112.51,29.25,3144.13,282.72,4.71,0.57,102.52,14.39,9.79,2.52,0.00,0.00,6.17,1.59,9.35,4.30,3.48,5.06,8.24,20.66,52.99,7.88,5.20,4.54
55.50,55.5,24/11/2025 12:27:18,3.725,13.628,,15.9,856804.0,588608.0,990422.87,625.05,1449.52,1693.34,412.53,3695.73,194.98,94.33,59.15,439.61,34.42,0.00,0.00,667.67,51.94,12.87,13.78,92.56,42.66,48.57,24.31,71.74,19.90,1972.31,176.24,3.35,0.43,67.54,8.21,7.00,1.96,0.00,0.00,7.89,1.64,4.95,3.05,2.60,3.69,13.11,18.37,54.33,7.42,2.56,3.95,17764.20,1036.51,2403.70,3199.51,779.46,7906.41,417.13,216.15,135.53,1097.65,85.94,0.00,0.00,934.21,72.68,21.47,23.00,165.23,76.16,70.99,35.53,103.08,28.59,2819.90,251.98,4.27,0.54,84.55,10.28,8.72,2.44,0.00,0.00,9.33,1.94,6.68,4.12,3.47,4.92,14.64,20.51,58.53,7.99,2.91,4.48
55.60,55.6,24/11/2025 12:27:52,3.774,10.054,1181240.230,15.9,852604.0,584135.0,990527.80,129.62,1440.38,1498.93,393.85,4270.60,214.98,1.12,1.10,226.60,34.91,150.36,73.27,722.20,52.45,17.46,13.55,125.36,42.33,66.18,26.98,24.01,4.82,2065.49,184.80,3.48,0.43,75.76,10.04,8.32,1.98,0.00,0.00,7.61,1.59,2.43,3.07,2.87,3.67,21.18,18.01,49.42,7.31,3.20,3.88,17486.87,214.95,2388.54,2832.18,744.17,9136.25,459.90,2.57,2.53,565.80,87.17,181.13,88.26,1010.51,73.39,29.13,22.61,223.79,75.56,96.73,39.43,34.50,6.93,2953.12,264.21,4.43,0.54,94.83,12.57,10.36,2.47,0.00,0.00,9.00,1.88,3.28,4.15,3.82,4.89,23.65,20.10,53.24,7.87,3.63,4.40
55.70,55.7,24/11/2025 12:28:26,4.146,7.206,,15.9,861314.0,591498.0,990658.44,386.74,1471.71,1532.62,401.77,3800.03,199.23,12.23,11.07,322.99,34.73,0.00,0.00,750.88,52.81,18.77,13.66,94.13,42.12,64.85,26.84,81.55,20.22,2109.71,189.21,3.19,0.42,70.56,8.85,7.19,1.97,0.00,0.00,7.49,1.60,2.86,3.12,2.59,3.74,15.62,18.12,53.75,7.43,3.82,3.87,17176.65,641.32,2440.51,2895.83,759.13,8129.53,426.23,28.03,25.36,806.46,86.71,0.00,0.00,1050.64,73.89,31.31,22.79,168.04,75.19,94.78,39.23,117.18,29.05,3016.34,270.52,4.06,0.54,88.32,11.07,8.95,2.45,0.00,0.00,8.86,1.89,3.86,4.22,3.46,4.98,17.44,20.23,57.90,8.01,4.33,4.39
55.80,55.8,24/11/2025 12:29:01,3.674,10.981,,15.9,848107.0,588019.0,990872.38,293.02,1408.79,1731.31,404.72,3427.19,182.72,89.29,56.36,357.64,34.11,34.66,40.50,750.08,52.09,14.97,13.69,30.99,41.68,56.71,25.53,79.09,20.10,2082.10,186.57,3.40,0.42,95.11,15.14,8.22,2.00,0.00,0.00,4.32,1.23,2.51,3.08,2.30,3.71,10.77,18.26,51.24,7.38,2.68,3.84,16747.09,485.91,2336.16,3271.24,764.70,7331.91,390.90,204.61,129.14,893.00,85.16,41.75,48.78,1049.52,72.89,24.98,22.84,55.31,74.40,82.89,37.31,113.65,28.89,2976.88,266.75,4.33,0.54,119.06,18.95,10.23,2.49,0.00,0.00,5.11,1.45,3.39,4.16,3.07,4.94,12.03,20.39,55.19,7.95,3.04,4.35
55.90,55.9,24/11/2025 12:29:36,3.325,14.747,,15.9,845914.0,585293.0,989428.88,424.23,1389.12,1924.73,439.96,4455.01,220.83,12.52,11.21,334.73,34.60,77.80,58.92,753.72,52.51,13.96,13.62,109.45,42.29,51.00,24.54,79.67,20.21,2148.60,192.73,3.18,0.42,89.80,13.53,7.20,2.01,0.00,0.00,3.58,1.22,2.38,3.12,1.97,3.72,24.85,18.16,50.46,7.39,2.28,3.94,19583.57,703.49,2303.55,3636.71,831.28,9530.75,472.43,28.69,25.68,835.78,86.39,93.71,70.98,1054.61,73.48,23.29,22.73,195.39,75.49,74.54,35.87,114.47,29.04,3071.94,275.55,4.05,0.53,112.41,16.94,8.96,2.50,0.00,0.00,4.23,1.45,3.22,4.21,2.63,4.97,27.74,20.27,54.36,7.96,2.58,4.47
56.00,56.0,24/11/2025 12:30:20,2.606,10.315,,15.9,846970.0,584420.0,990889.75,370.21,1392.74,1536.32,382.59,3585.04,188.84,49.70,35.53,443.85,33.67,0.00,0.00,624.44,51.31,27.25,13.68,68.18,41.84,60.77,26.18,79.38,20.12,2111.36,189.35,3.36,0.44,73.70,9.59,7.11,2.04,0.00,0.00,4.43,1.22,2.75,3.05,2.81,3.70,6.22,18.17,49.87,7.32,3.49,3.89,16853.66,613.91,2309.54,2902.82,722.89,7669.60,403.98,113.89,81.41,1108.26,84.06,0.00,0.00,873.71,71.79,45.47,22.83,121.71,74.70,88.82,38.26,114.06,28.91,3018.70,270.72,4.27,0.55,92.26,12.00,8.85,2.54,0.00,0.00,5.24,1.45,3.71,4.12,3.74,4.93,6.94,20.29,53.72,7.88,3.96,4.41
56.10,56.1,24/11/2025 12:30:55,3.320,14.016,1181239.307,15.9,845879.0,582257.0,990359.52,392.06,1322.11,1829.51,419.66,3588.75,189.12,26.71,48.02,391.58,34.08,81.03,60.15,758.01,52.32,34.11,15.21,84.58,41.92,67.36,27.31,19.88,4.08,2197.25,197.36,3.57,0.43,80.67,11.20,5.63,1.88,0.00,0.00,4.21,1.22,2.73,3.10,1.34,3.71,17.36,18.12,50.37,7.33,3.79,3.92,17658.94,650.14,2192.42,3456.79,792.94,7677.54,404.60,61.20,110.03,977.74,85.09,97.61,72.46,1060.61,73.21,56.91,25.37,150.98,74.84,98.45,39.91,28.56,5.86,3141.50,282.17,4.55,0.54,100.98,14.02,7.01,2.34,0.00,0.00,4.98,1.44,3.69,4.19,1.78,4.95,19.39,20.23,54.26,7.89,4.30,4.44
56.20,56.2,24/11/2025 12:31:30,1.800,17.988,,16.0,845687.0,580516.0,991493.41,174.85,1440.31,1310.03,367.40,3461.48,185.84,41.31,48.31,299.35,34.31,80.84,59.83,721.13,51.68,26.48,13.57,103.52,41.96,60.16,25.96,79.49,19.98,1961.53,175.10,3.27,0.42,97.89,16.00,8.28,2.02,0.00,0.00,6.98,1.49,3.03,3.05,2.93,3.62,7.86,18.00,51.64,7.26,4.52,3.89,15577.39,289.95,2388.43,2475.26,694.19,7405.27,397.58,94.66,110.69,747.45,85.67,97.38,72.07,1009.01,72.31,44.18,22.64,184.81,74.91,87.93,37.94,114.21,28.71,2804.48,250.35,4.16,0.53,122.53,20.03,10.30,2.51,0.00,0.00,8.25,1.76,4.09,4.12,3.91,4.83,8.78,20.10,55.63,7.82,5.13,4.42
56.30,56.3,24/11/2025 12:32:05,2.275,16.264,,16.0,839280.0,576864.0,989864.62,291.76,1422.04,1759.97,413.41,4110.86,206.90,37.82,48.12,350.96,34.10,163.96,74.40,826.88,52.78,14.04,13.53,84.15,41.75,67.00,27.19,66.73,19.52,2145.77,192.39,3.42,0.42,114.57,20.95,8.79,2.03,0.00,0.00,8.41,1.67,2.85,3.11,1.53,3.67,18.78,18.03,54.13,7.50,3.01,3.90,18613.76,483.83,2358.14,3325.41,781.13,8794.50,442.62,86.66,110.26,876.31,85.15,197.50,89.63,1156.97,73.85,23.43,22.58,150.23,74.53,97.93,39.75,95.88,28.05,3067.90,275.06,4.35,0.54,143.41,26.22,10.95,2.53,0.00,0.00,9.94,1.98,3.84,4.20,2.03,4.90,20.96,20.14,58.31,8.08,3.41,4.42
56.40,56.4,24/11/2025 12:32:40,1.958,15.606,,16.0,843148.0,577394.0,988996.78,540.74,1351.31,2225.08,469.53,4381.92,216.33,122.29,72.05,339.46,34.21,90.46,62.87,765.46,52.71,7.85,13.69,100.07,42.42,67.38,27.35,13.17,2.76,2153.19,193.05,3.41,0.43,100.37,16.51,8.86,1.98,0.00,0.00,6.30,1.48,4.61,3.12,1.75,3.70,17.47,18.21,50.43,7.38,2.95,3.91,20404.96,896.69,2240.84,4204.20,887.17,9374.39,462.80,280.21,165.09,847.60,85.41,108.97,75.74,1071.04,73.76,13.10,22.84,178.64,75.74,98.48,39.97,18.92,3.96,3078.51,276.02,4.34,0.55,125.65,20.67,11.03,2.47,0.00,0.00,7.45,1.75,6.23,4.22,2.34,4.94,19.50,20.33,54.33,7.95,3.35,4.44
56.50,56.5,24/11/2025 12:33:24,3.379,12.102,,16.0,844158.0,573515.0,989023.46,380.47,1415.62,1729.06,417.34,4847.22,234.34,45.18,33.04,471.66,33.99,0.00,0.00,792.12,52.98,67.24,23.30,57.87,41.81,64.21,26.81,6.85,1.47,2317.53,208.68,3.28,0.42,109.21,19.14,7.29,2.03,0.00,0.00,6.73,1.52,8.01,3.14,1.39,3.70,1.06,18.23,55.20,7.55,4.94,3.97,20526.82,630.92,2347.48,3267.00,788.55,10369.83,501.33,103.52,75.71,1177.70,84.87,0.00,0.00,1108.33,74.13,112.20,38.87,103.31,74.63,93.85,39.18,9.85,2.11,3313.47,298.36,4.17,0.53,136.70,23.96,9.08,2.53,0.00,0.00,7.96,1.80,10.83,4.24,1.86,4.93,1.19,20.36,59.46,8.13,5.60,4.51
56.60,56.6,24/11/2025 12:33:59,2.925,12.427,1181238.449,15.9,871136.0,589029.0,990174.33,382.47,1410.25,1843.77,436.58,3655.30,194.16,43.45,32.63,350.65,35.15,106.39,67.46,770.62,53.47,18.20,13.91,110.76,43.17,59.64,26.22,17.61,3.71,2302.58,207.67,3.57,0.44,64.55,7.51,6.12,1.97,0.00,0.00,10.15,1.87,8.41,3.16,1.33,3.77,16.86,18.48,50.63,7.44,2.60,4.01,17946.49,634.24,2338.58,3483.73,824.90,7819.92,415.37,99.55,74.76,875.54,87.76,128.16,81.27,1078.26,74.81,30.37,23.21,197.73,77.07,87.16,38.33,25.31,5.34,3292.09,296.91,4.54,0.56,80.80,9.40,7.61,2.45,0.00,0.00,12.01,2.21,11.37,4.27,1.77,5.03,18.83,20.64,54.54,8.01,2.94,4.55
56.70,56.7,24/11/2025 12:34:33,1.886,10.249,,15.8,881491.0,593584.0,990413.99,224.50,1536.49,1536.67,407.35,3795.31,201.19,63.37,44.27,382.91,35.55,59.58,55.08,838.18,55.05,8.31,14.14,59.18,43.35,45.02,24.21,6.53,1.45,2398.71,216.95,3.53,0.44,64.26,7.44,7.58,1.97,0.00,0.00,18.73,2.43,5.70,3.12,0.71,3.75,7.77,18.84,55.55,7.67,3.91,4.07,17563.39,372.28,2547.92,2903.47,769.67,8119.44,430.42,145.20,101.45,956.09,88.76,71.77,66.35,1172.79,77.02,13.87,23.59,105.64,77.39,65.80,35.38,9.38,2.08,3429.54,310.18,4.50,0.56,80.44,9.31,9.44,2.45,0.00,0.00,22.15,2.87,7.71,4.21,0.95,5.00,8.68,21.04,59.84,8.27,4.44,4.61
56.80,56.8,24/11/2025 12:35:08,2.598,9.652,,15.8,881544.0,597516.0,990519.25,258.46,1512.98,1579.65,409.45,3639.07,194.94,34.98,27.94,413.54,35.25,6.33,25.45,797.92,54.38,16.20,14.09,60.26,43.25,38.96,23.38,75.31,20.48,2405.94,217.78,3.44,0.44,54.00,5.48,9.23,2.04,0.00,0.00,17.27,2.31,5.27,3.22,3.46,3.79,8.36,18.81,48.26,7.37,4.84,4.03,17357.35,428.60,2508.94,2984.68,773.64,7785.20,417.05,80.16,64.02,1032.57,88.03,7.63,30.66,1116.46,76.09,27.03,23.50,107.57,77.20,56.94,34.17,108.21,29.42,3439.88,311.38,4.38,0.56,67.59,6.86,11.48,2.54,0.00,0.00,20.42,2.74,7.12,4.35,4.61,5.06,9.33,21.00,51.99,7.94,5.48,4.57
56.90,56.9,24/11/2025 12:35:42,1.332,13.090,,15.5,932882.0,634312.0,988610.67,527.65,1608.32,1836.15,456.71,4218.04,219.40,54.75,41.43,469.25,37.50,12.07,26.87,831.66,57.15,54.52,22.20,102.85,45.70,54.74,26.50,33.01,6.98,3034.81,278.60,3.66,0.46,52.42,5.11,9.31,2.15,0.00,0.00,16.07,2.33,4.80,3.40,4.12,4.15,9.94,19.68,55.98,7.95,3.50,4.21,20772.73,874.99,2667.03,3469.35,862.94,9023.81,469.37,125.45,94.93,1171.67,93.65,14.54,32.37,1163.67,79.96,90.96,37.04,183.61,81.58,80.01,38.73,47.43,10.03,4338.99,398.32,4.66,0.59,65.62,6.39,11.59,2.67,0.00,0.00,19.01,2.76,6.48,4.59,5.50,5.53,11.10,21.98,60.31,8.56,3.97,4.78
57.00,57.0,24/11/2025 12:36:26,2.896,9.054,,15.3,975418.0,663599.0,986194.89,396.39,1650.35,2458.13,548.31,5181.82,256.25,32.98,28.93,454.76,39.58,90.36,73.25,1025.61,61.25,32.41,16.45,76.25,47.20,66.84,29.17,121.72,22.62,3748.84,347.95,4.11,0.52,13.31,0.67,7.27,2.25,0.00,0.00,13.47,2.33,4.58,3.69,1.92,4.46,10.80,20.48,59.67,8.33,3.87,4.50,25101.46,657.32,2736.73,4644.55,1036.02,11085.66,548.20,75.56,66.28,1135.49,98.83,108.85,88.23,1435.05,85.70,54.08,27.44,136.11,84.26,97.69,42.64,174.89,32.50,5359.88,497.48,5.23,0.66,16.66,0.84,9.05,2.80,0.00,0.00,15.93,2.75,6.18,4.98,2.56,5.95,12.06,22.87,64.28,8.98,4.39,5.10
57.10,57.1,24/11/2025 12:37:01,2.707,10.711,1181238.513,15.2,978605.0,665237.0,986622.59,276.93,1667.17,2791.92,592.08,4553.81,234.39,82.67,58.12,494.68,39.73,127.26,82.16,1002.86,60.93,23.06,15.55,60.37,47.41,27.03,24.00,59.18,12.08,3760.09,349.17,3.94,0.51,11.25,0.55,8.50,2.24,0.00,0.00,9.76,2.01,3.22,3.63,3.22,4.47,9.72,20.66,63.54,8.48,4.42,4.44,24238.58,459.23,2764.62,5275.23,1118.71,9742.12,501.45,189.43,133.18,1235.17,99.20,153.29,98.97,1403.20,85.25,38.48,25.94,107.78,84.64,39.50,35.07,85.03,17.35,5375.96,499.22,5.02,0.64,14.08,0.69,10.58,2.79,0.00,0.00,11.54,2.38,4.34,4.90,4.29,5.96,10.85,23.07,68.44,9.13,5.01,5.03
57.20,57.2,24/11/2025 12:37:35,2.847,12.435,,15.3,977338.0,663659.0,987259.17,416.44,1699.70,2305.13,531.90,4526.19,234.52,36.70,31.79,536.88,39.26,110.46,78.45,960.63,60.19,54.37,23.05,87.03,47.38,63.25,28.62,19.94,4.55,3477.21,321.74,4.40,0.52,51.88,4.95,8.12,2.14,0.00,0.00,9.63,1.98,1.35,3.65,1.71,4.43,6.88,20.53,58.58,8.22,4.06,4.48,23141.08,690.57,2818.57,4355.46,1005.00,9683.03,501.71,84.10,72.85,1340.53,98.04,133.06,94.50,1344.12,84.22,90.71,38.45,155.36,84.57,92.44,41.83,28.65,6.53,4971.52,460.01,5.60,0.66,64.95,6.20,10.11,2.67,0.00,0.00,11.39,2.35,1.82,4.93,2.28,5.91,7.68,22.92,63.10,8.85,4.61,5.08
57.30,57.3,24/11/2025 12:38:10,2.882,10.181,,15.2,977829.0,666371.0,986146.90,594.89,1689.33,2342.69,534.02,5031.29,251.20,193.87,116.44,551.38,39.72,50.74,57.99,988.05,60.86,77.55,28.03,97.08,47.61,68.86,29.61,73.73,14.56,3685.18,341.78,4.06,0.51,5.51,0.26,8.34,2.25,0.00,0.00,8.11,1.83,3.45,3.68,2.85,4.53,6.12,20.58,54.75,8.10,4.60,4.43,25330.76,986.49,2801.38,4426.42,1009.00,10763.61,537.39,444.22,266.82,1376.73,99.18,61.13,69.85,1382.49,85.16,129.39,46.77,173.31,85.00,100.64,43.28,105.93,20.92,5268.87,488.66,5.17,0.65,6.90,0.32,10.38,2.80,0.00,0.00,9.59,2.17,4.66,4.97,3.80,6.04,6.84,22.97,58.98,8.73,5.22,5.03
57.40,57.4,24/11/2025 12:38:45,2.437,11.239,,15.2,979082.0,663974.0,986367.49,418.75,1730.28,2483.67,554.16,4938.39,248.30,102.89,69.16,492.04,39.54,4.37,29.04,971.68,60.79,94.46,30.93,81.72,47.35,70.65,29.89,168.36,30.70,3694.65,342.73,3.86,0.50,14.84,0.76,7.68,2.23,0.00,0.00,7.87,1.82,3.69,3.66,2.39,4.54,7.20,20.56,57.94,8.40,5.41,4.48,24839.43,694.41,2869.28,4692.80,1047.07,10564.87,531.20,235.75,158.47,1228.57,98.73,5.26,34.98,1359.58,85.06,157.60,51.60,145.89,84.53,103.25,43.68,241.91,44.10,5282.41,490.01,4.92,0.64,18.58,0.96,9.56,2.77,0.00,0.00,9.30,2.15,4.99,4.94,3.18,6.05,8.04,22.95,62.41,9.05,6.14,5.08
57.50,57.5,24/11/2025 12:39:29,2.589,12.297,,15.2,981063.0,663710.0,986490.62,286.91,1711.30,2376.14,545.41,5118.07,255.67,80.91,58.15,430.69,40.14,144.75,85.32,1064.51,61.69,27.10,15.59,95.64,47.53,55.69,27.39,103.35,19.58,3585.51,332.11,3.80,0.50,29.97,2.01,6.12,2.15,0.05,0.18,9.55,1.98,10.92,3.66,3.26,4.53,16.95,20.52,56.67,8.18,2.83,4.38,24575.08,475.78,2837.80,4489.63,1030.53,10949.26,546.95,185.38,133.24,1075.39,100.21,174.37,102.77,1489.46,86.32,45.21,26.02,170.74,84.86,81.40,40.03,148.49,28.13,5126.36,474.83,4.84,0.64,37.52,2.52,7.61,2.68,0.07,0.24,11.29,2.34,14.75,4.95,4.35,6.03,18.92,22.91,61.05,8.81,3.21,4.97
57.60,57.6,24/11/2025 12:40:04,4.100,1.586,1181246.184,15.2,980899.0,664285.0,985757.44,1101.70,1698.95,2068.39,500.47,5015.23,250.90,243.80,144.20,610.04,39.46,52.34,59.23,970.67,60.87,94.46,30.83,89.49,47.75,56.09,27.65,104.91,19.93,3705.96,343.82,4.34,0.52,20.53,1.16,7.45,2.20,0.00,0.00,8.98,1.91,2.79,3.67,3.59,4.58,13.10,20.71,65.51,8.57,3.19,4.41,25964.53,1826.93,2817.33,3908.14,945.62,10729.26,536.75,558.64,330.42,1523.22,98.54,63.05,71.35,1358.16,85.17,157.61,51.44,159.75,85.24,81.98,40.41,150.74,28.64,5298.57,491.57,5.52,0.66,25.69,1.45,9.27,2.74,0.00,0.00,10.62,2.26,3.77,4.96,4.79,6.10,14.63,23.13,70.56,9.23,3.62,5.00
57.70,57.7,24/11/2025 12:40:38,3.397,8.001,,15.2,977951.0,665131.0,986605.26,499.98,1752.20,2429.20,548.93,4906.22,247.56,32.75,29.00,535.58,39.65,95.46,75.41,979.95,60.72,77.36,27.89,89.81,47.34,74.48,30.59,0.28,0.07,3557.18,329.43,3.92,0.50,28.32,1.85,7.25,2.21,0.00,0.00,7.67,1.80,2.50,3.61,2.03,4.47,4.28,20.50,57.63,8.23,2.88,4.44,24432.79,829.11,2905.63,4589.88,1037.19,10496.05,529.62,75.05,66.44,1337.30,99.00,114.99,90.84,1371.16,84.96,129.08,46.54,160.33,84.51,108.86,44.71,0.40,0.10,5085.86,471.00,4.99,0.64,35.46,2.32,9.03,2.75,0.00,0.00,9.07,2.13,3.37,4.87,2.70,5.97,4.78,22.89,62.08,8.87,3.27,5.04
57.80,57.8,24/11/2025 12:41:12,3.832,1.060,,15.2,981239.0,666411.0,987180.72,534.68,1735.85,2181.72,515.04,4688.41,238.69,59.12,45.54,523.83,39.76,81.91,71.37,894.68,60.02,31.83,16.32,93.60,47.42,42.53,25.55,58.79,12.01,3524.81,326.41,4.43,0.52,12.25,0.61,7.04,2.18,0.00,0.00,8.28,1.83,4.52,3.63,3.09,4.50,7.20,20.51,53.74,7.99,2.81,4.25,23358.22,886.64,2878.52,4122.29,973.15,10030.08,510.63,135.47,104.36,1307.95,99.27,98.67,85.97,1251.85,83.99,53.11,27.22,167.09,84.66,62.15,37.34,84.47,17.25,5039.58,466.68,5.64,0.66,15.33,0.76,8.76,2.71,0.00,0.00,9.79,2.16,6.10,4.90,4.12,6.00,8.04,22.89,57.89,8.61,3.18,4.83
57.90,57.9,24/11/2025 12:41:47,2.984,9.719,,15.3,978465.0,661520.0,986459.30,294.39,1697.34,2414.99,544.65,5091.65,253.38,112.13,73.97,500.58,39.78,146.73,85.73,968.88,60.62,70.90,26.90,29.30,47.22,48.24,26.51,27.79,6.18,3716.31,344.94,4.06,0.51,24.27,1.47,8.57,2.29,0.00,0.00,8.00,1.81,7.88,3.67,3.01,4.48,5.03,20.75,53.86,8.15,4.12,4.45,24716.27,488.19,2814.66,4563.03,1029.10,10892.74,542.06,256.94,169.49,1249.91,99.33,176.76,103.27,1355.67,84.82,118.29,44.88,52.30,84.30,70.51,38.75,39.93,8.88,5313.37,493.18,5.17,0.65,30.39,1.84,10.66,2.85,0.00,0.00,9.46,2.15,10.64,4.95,4.02,5.97,5.62,23.17,58.02,8.78,4.67,5.05
58.00,58.0,24/11/2025 12:42:31,3.436,4.097,,15.3,969396.0,653997.0,985614.63,333.34,1638.94,2409.17,537.06,5755.64,273.58,60.68,46.21,547.93,38.91,186.96,90.18,992.91,60.18,70.64,26.51,88.92,47.45,61.33,28.33,58.78,11.92,3671.48,340.33,3.69,0.50,44.78,3.82,7.92,2.27,0.00,0.00,12.21,2.20,5.21,3.65,3.10,4.45,8.18,20.55,59.95,8.40,2.57,4.46,26412.50,552.77,2717.82,4552.03,1014.76,12313.23,585.28,139.03,105.89,1368.12,97.16,225.22,108.63,1389.29,84.20,117.86,44.24,158.73,84.71,89.63,41.41,84.46,17.12,5249.28,486.58,4.70,0.63,56.06,4.78,9.86,2.82,0.00,0.00,14.44,2.60,7.03,4.94,4.13,5.93,9.14,22.95,64.58,9.05,2.92,5.06
58.10,58.1,24/11/2025 12:43:06,4.456,12.965,1181239.172,15.4,959449.0,650288.0,986679.41,452.74,1659.90,2153.54,506.75,5293.20,259.30,69.97,51.41,524.67,38.64,86.87,71.02,943.68,59.56,81.93,28.38,71.18,46.77,65.50,28.89,0.15,0.04,3433.20,317.24,3.62,0.49,43.95,3.73,7.09,2.23,0.00,0.00,10.08,2.00,4.43,3.57,2.81,4.34,8.38,20.38,58.53,8.20,5.06,4.40,24475.72,750.76,2752.57,4069.04,957.48,11323.94,554.74,160.33,117.79,1310.05,96.49,104.65,85.55,1320.40,83.34,136.70,47.36,127.06,83.49,95.74,42.22,0.22,0.05,4908.59,453.57,4.60,0.62,55.02,4.67,8.82,2.77,0.00,0.00,11.93,2.37,5.98,4.82,3.74,5.78,9.36,22.75,63.05,8.84,5.75,4.99
58.20,58.2,24/11/2025 12:43:40,4.398,15.545,,15.4,949217.0,642612.0,987571.05,301.25,1626.74,2206.33,511.19,4705.14,238.21,31.10,27.23,469.40,38.23,121.07,77.10,855.90,58.19,26.97,15.03,87.86,46.14,65.91,28.59,11.28,2.59,3370.53,311.18,4.09,0.49,72.73,8.99,7.51,2.12,0.00,0.00,14.39,2.28,4.12,3.52,3.56,4.26,14.00,19.95,51.76,8.03,4.05,4.30,22663.22,499.55,2697.59,4168.77,965.88,10065.87,509.62,71.27,62.39,1172.06,95.45,145.84,92.88,1197.58,81.41,44.99,25.08,156.84,82.37,96.32,41.78,16.21,3.73,4818.99,444.91,5.21,0.63,91.05,11.25,9.35,2.64,0.00,0.00,17.01,2.69,5.57,4.75,4.75,5.68,15.63,22.27,55.75,8.65,4.59,4.88
58.30,58.3,24/11/2025 12:44:14,4.473,16.466,,15.4,946851.0,638147.0,986093.49,328.71,1619.41,2331.10,524.91,5400.74,261.09,133.14,82.91,502.61,38.21,160.39,84.40,1009.89,59.96,57.20,23.15,83.59,46.47,42.93,25.21,81.16,15.50,3606.71,333.84,3.78,0.49,62.32,6.75,8.67,2.23,0.00,0.00,12.39,2.17,6.24,3.58,3.69,4.31,8.74,20.15,58.92,8.15,3.59,4.37,25449.51,545.10,2685.43,4404.52,991.80,11553.98,558.55,305.07,189.98,1254.98,95.42,193.21,101.67,1413.05,83.90,95.44,38.63,149.22,82.96,62.75,36.85,116.62,22.27,5156.67,477.31,4.81,0.63,78.01,8.45,10.79,2.78,0.00,0.00,14.65,2.57,8.43,4.84,4.92,5.75,9.76,22.50,63.47,8.78,4.07,4.96
58.40,58.4,24/11/2025 12:44:49,4.009,14.550,,15.3,968988.0,650491.0,985297.13,515.33,1646.88,2775.88,587.96,5650.70,271.46,72.32,52.91,475.72,39.67,63.65,63.77,1035.79,61.09,34.60,17.15,91.72,47.54,61.53,28.38,24.40,5.42,3732.06,346.23,4.02,0.51,60.18,6.33,9.64,2.32,0.00,0.00,17.98,2.59,6.95,3.67,2.04,4.38,10.66,20.55,52.42,8.21,5.29,4.56,26950.22,854.55,2730.99,5244.92,1110.93,12088.73,580.74,165.71,121.23,1187.82,99.06,76.67,76.81,1449.28,85.48,57.73,28.62,163.74,84.87,89.92,41.47,35.05,7.79,5335.89,495.02,5.11,0.65,75.34,7.93,12.00,2.89,0.00,0.00,21.27,3.07,9.39,4.96,2.72,5.85,11.90,22.95,56.47,8.84,6.01,5.17
58.50,58.5,24/11/2025 12:45:33,3.843,14.286,,15.3,979994.0,652839.0,985649.64,445.82,1718.85,2252.19,527.04,5428.57,265.63,57.44,45.21,555.62,40.00,87.19,73.55,1016.86,61.26,59.96,24.23,115.29,47.71,59.23,28.01,112.74,21.19,4009.03,373.25,4.36,0.53,17.60,0.94,7.77,2.26,0.00,0.00,20.67,2.75,19.65,3.85,0.86,4.43,12.81,20.51,61.30,8.44,5.41,4.60,26117.17,739.30,2850.33,4255.42,995.82,11613.53,568.28,131.62,103.60,1387.32,99.88,105.04,88.60,1422.80,85.71,100.05,40.42,205.81,85.17,86.57,40.94,161.99,30.45,5731.88,533.65,5.55,0.67,22.03,1.18,9.67,2.81,0.00,0.00,24.44,3.25,26.54,5.21,1.15,5.90,14.30,22.90,66.03,9.09,6.14,5.22
58.60,58.6,24/11/2025 12:46:08,4.511,11.440,1181239.242,15.3,978760.0,651022.0,983939.51,198.27,1769.11,2637.38,578.38,6661.38,305.79,169.49,103.30,540.85,39.81,278.98,102.28,1107.23,62.51,60.47,24.63,68.41,47.96,57.83,28.02,119.42,22.28,4009.09,373.03,3.91,0.51,25.36,1.54,7.03,2.25,0.02,0.18,21.03,2.73,11.71,3.76,3.05,4.46,11.64,20.87,61.26,8.34,6.68,4.71,29574.97,328.79,2933.68,4983.24,1092.82,14250.93,654.20,388.36,236.69,1350.45,99.41,336.07,123.20,1549.25,87.47,100.90,41.09,122.12,85.62,84.52,40.95,171.59,32.01,5731.97,533.33,4.98,0.65,31.74,1.93,8.75,2.80,0.03,0.24,24.87,3.23,15.82,5.08,4.06,5.95,12.99,23.30,65.99,8.98,7.58,5.34
58.70,58.7,24/11/2025 12:46:43,4.255,12.299,,15.3,978217.0,649037.0,984670.09,548.85,1663.32,2481.48,555.70,5774.05,277.90,101.88,69.69,520.50,39.72,226.17,96.64,1097.39,62.34,81.60,28.82,113.92,48.12,54.06,27.29,84.25,16.31,4071.66,379.19,4.39,0.53,53.80,5.14,9.12,2.18,0.00,0.00,22.22,2.87,9.69,3.72,1.76,4.45,8.09,20.70,59.96,8.51,5.07,4.60,27858.82,910.14,2758.25,4688.67,1049.97,12352.62,594.52,233.44,159.68,1299.64,99.17,272.44,116.41,1535.47,87.23,136.15,48.09,203.37,85.91,79.01,39.89,121.06,23.43,5821.43,542.14,5.58,0.67,67.35,6.43,11.35,2.72,0.00,0.00,26.28,3.40,13.09,5.02,2.34,5.93,9.04,23.11,64.59,9.17,5.75,5.22
58.80,58.8,24/11/2025 12:47:18,3.815,15.602,,15.3,976023.0,646379.0,985451.51,546.27,1722.48,2342.04,537.52,5429.98,265.08,44.96,37.24,492.88,39.53,175.24,90.10,1032.15,61.10,42.23,19.72,74.99,47.48,64.53,28.87,76.73,15.04,4054.59,377.66,3.94,0.51,47.22,4.14,8.13,2.23,0.00,0.00,24.92,2.96,12.09,3.71,1.54,4.41,7.93,20.61,62.48,8.46,3.64,4.51,26344.91,905.87,2856.34,4425.21,1015.62,11616.55,567.10,103.03,85.34,1230.67,98.70,211.09,108.54,1444.20,85.49,70.45,32.91,133.87,84.76,94.32,42.20,110.25,21.61,5797.02,539.96,5.02,0.65,59.11,5.18,10.13,2.78,0.00,0.00,29.47,3.50,16.33,5.01,2.06,5.89,8.86,23.01,67.30,9.11,4.13,5.12
58.90,58.9,24/11/2025 12:47:52,4.181,13.161,,15.3,971110.0,648888.0,985932.13,291.76,1735.97,2003.00,495.16,5479.80,266.38,81.20,57.85,504.56,39.21,204.01,92.88,1025.58,60.75,51.66,22.11,96.46,47.19,82.20,31.91,78.82,15.27,4008.67,373.14,3.99,0.51,27.89,1.79,8.00,2.28,0.00,0.00,24.32,2.92,11.47,3.75,0.85,4.43,19.86,20.37,57.49,8.35,6.29,4.61,25527.91,483.82,2878.72,3784.60,935.58,11723.13,569.88,186.07,132.55,1259.83,97.90,245.75,111.89,1434.99,85.00,86.20,36.89,172.20,84.24,120.14,46.64,113.25,21.94,5731.38,533.50,5.07,0.65,34.91,2.24,9.96,2.84,0.00,0.00,28.76,3.46,15.49,5.06,1.14,5.91,22.17,22.75,61.93,8.99,7.13,5.23
59.00,59.0,24/11/2025 12:48:37,3.938,10.714,,15.8,889160.0,582902.0,992223.67,277.75,1593.25,1463.48,408.76,3279.51,184.55,77.45,53.00,335.39,36.22,0.00,0.00,576.79,51.60,8.77,13.89,111.87,43.10,64.32,27.05,68.08,19.86,1351.67,118.92,3.83,0.44,48.16,4.62,6.89,1.86,0.00,0.00,6.66,1.46,3.33,2.98,2.13,3.55,33.22,22.69,52.67,7.26,4.35,3.73,14590.14,460.59,2642.04,2765.18,772.34,7015.96,394.82,177.48,121.44,837.44,90.44,0.00,0.00,807.05,72.21,14.64,23.18,199.71,76.94,94.00,39.54,97.82,28.53,1932.54,170.02,4.87,0.56,60.29,5.78,8.58,2.32,0.00,0.00,7.87,1.72,4.50,4.03,2.84,4.73,37.09,25.34,56.74,7.82,4.94,4.23
59.10,59.1,24/11/2025 12:49:11,4.687,3.043,1181246.514,15.9,882885.0,581117.0,992638.03,254.87,1593.85,1497.83,411.24,2915.63,170.12,40.76,32.03,267.09,35.71,46.07,51.16,566.61,51.13,17.65,13.83,91.57,42.66,72.58,28.51,62.59,19.54,1393.16,122.68,3.27,0.41,34.95,2.69,7.88,1.99,0.00,0.00,5.96,1.40,5.72,2.95,2.90,3.48,16.70,18.39,55.27,7.13,2.91,3.72,13637.49,422.64,2643.05,2830.09,777.03,6237.51,363.94,93.40,73.39,666.90,89.17,55.50,61.63,792.81,71.54,29.46,23.07,163.48,76.15,106.08,41.67,89.93,28.07,1991.86,175.40,4.16,0.52,43.75,3.36,9.81,2.48,0.00,0.00,7.04,1.66,7.73,3.99,3.87,4.64,18.65,20.54,59.53,7.69,3.30,4.22
59.20,59.2,24/11/2025 12:49:46,3.995,5.158,,15.9,882342.0,580031.0,992003.00,383.55,1568.95,1749.77,436.77,3016.99,173.75,68.03,47.59,391.44,35.10,0.00,0.00,559.39,51.17,5.02,13.91,90.12,42.82,86.11,31.27,74.04,20.07,1388.52,122.13,3.62,0.44,47.78,4.55,7.74,1.96,0.00,0.00,5.56,1.35,4.29,2.95,1.95,3.57,57.72,37.76,52.43,7.25,2.91,3.70,14912.49,636.04,2601.75,3306.13,825.26,6454.35,371.70,155.89,109.05,977.40,87.64,0.00,0.00,782.70,71.59,8.37,23.21,160.88,76.45,125.85,45.70,106.39,28.83,1985.23,174.61,4.61,0.56,59.81,5.69,9.64,2.43,0.00,0.00,6.58,1.60,5.80,3.98,2.60,4.75,64.44,42.16,56.47,7.80,3.30,4.20
59.30,59.3,24/11/2025 12:50:20,4.021,3.571,,15.9,881589.0,581099.0,992172.35,426.85,1520.70,1547.13,409.53,3163.38,179.37,39.05,30.85,337.22,35.29,0.00,0.00,576.34,50.97,15.97,13.80,91.21,42.65,68.22,27.74,64.65,19.67,1364.87,120.10,3.34,0.41,37.35,2.99,7.12,1.91,0.00,0.00,4.47,1.19,3.31,2.92,1.74,3.52,22.02,18.43,51.20,7.21,2.20,3.69,14624.20,707.84,2521.74,2923.25,773.79,6767.54,383.74,89.49,70.69,842.01,88.11,0.00,0.00,806.41,71.32,26.65,23.02,162.83,76.14,99.70,40.54,92.89,28.27,1951.42,171.72,4.25,0.52,46.75,3.75,8.86,2.38,0.00,0.00,5.29,1.41,4.46,3.94,2.32,4.70,24.59,20.57,55.16,7.77,2.49,4.18
59.40,59.4,24/11/2025 12:50:55,3.822,9.323,,15.9,880421.0,581376.0,992523.80,137.43,1540.98,1398.20,393.65,3139.33,177.79,124.74,76.25,408.12,34.95,0.00,0.00,545.10,50.97,4.90,13.89,128.48,43.41,59.96,26.29,58.93,19.52,1336.84,117.56,3.55,0.43,36.16,2.84,7.61,1.92,0.00,0.00,3.10,1.14,1.76,2.98,3.39,3.51,21.90,18.51,53.72,7.24,2.99,3.70,14130.09,227.89,2555.37,2641.85,743.78,6716.07,380.36,285.83,174.72,1019.03,87.28,0.00,0.00,762.71,71.32,8.17,23.17,229.36,77.49,87.64,38.42,84.67,28.05,1911.34,168.08,4.52,0.54,45.27,3.56,9.47,2.39,0.00,0.00,3.66,1.34,2.38,4.03,4.52,4.67,24.45,20.67,57.87,7.80,3.39,4.19
59.50,59.5,24/11/2025 12:51:40,4.160,3.901,,15.9,874512.0,577143.0,992522.29,275.15,1464.76,1714.40,427.40,2922.55,168.54,44.18,33.87,221.87,35.53,13.08,26.08,529.35,49.89,5.10,13.67,120.76,42.67,82.43,30.39,49.80,19.09,1251.31,109.74,3.55,0.42,39.45,3.28,7.35,1.91,0.00,0.00,6.39,1.43,2.05,2.89,2.23,3.48,132.41,76.10,52.10,7.07,2.21,3.63,13847.50,456.28,2428.97,3239.30,807.56,6252.32,360.56,101.23,77.60,553.98,88.73,15.76,31.41,740.68,69.80,8.50,22.81,215.57,76.17,120.48,44.41,71.56,27.43,1789.05,156.89,4.51,0.53,49.38,4.11,9.14,2.37,0.00,0.00,7.55,1.69,2.77,3.90,2.97,4.64,147.84,84.96,56.12,7.62,2.51,4.12
59.60,59.6,24/11/2025 12:52:14,4.269,13.093,1181237.055,15.9,869435.0,570350.0,993339.80,224.57,1526.14,1365.93,384.22,2778.42,163.09,33.96,27.15,174.42,35.39,73.75,62.15,516.80,49.82,0.00,0.00,114.22,42.32,78.37,29.40,69.86,19.52,1098.58,95.95,3.43,0.42,35.26,2.75,6.15,1.90,0.00,0.00,3.54,1.12,2.69,2.89,1.58,3.42,25.21,18.16,50.69,7.14,2.76,3.62,12364.01,372.41,2530.77,2580.87,725.97,5943.98,348.91,77.82,62.20,435.51,88.36,88.84,74.86,723.11,69.72,0.00,0.00,203.91,75.54,114.54,42.97,100.37,28.05,1570.68,137.19,4.37,0.53,44.14,3.44,7.66,2.37,0.00,0.00,4.19,1.33,3.63,3.90,2.11,4.56,28.15,20.27,54.60,7.69,3.13,4.11
59.70,59.7,24/11/2025 12:52:49,3.928,14.416,,15.9,868781.0,569195.0,992824.54,337.70,1450.20,1620.91,412.07,2878.66,166.92,32.97,26.81,371.04,34.49,0.00,0.00,527.51,50.03,4.80,13.70,129.42,42.73,69.26,27.68,63.50,19.33,1014.73,88.59,3.13,0.40,34.12,2.60,6.86,1.82,0.00,0.00,4.42,1.17,1.89,2.82,1.36,3.39,24.61,18.21,45.73,6.95,2.84,3.68,13548.27,560.00,2404.84,3062.64,778.60,6158.42,357.09,75.55,61.42,926.45,86.13,0.00,0.00,738.09,70.00,8.01,22.86,231.04,76.28,101.23,40.45,91.24,27.77,1450.81,126.66,3.98,0.51,42.71,3.25,8.54,2.27,0.00,0.00,5.23,1.39,2.56,3.81,1.81,4.51,27.48,20.33,49.27,7.49,3.22,4.17
59.80,59.8,24/11/2025 12:53:24,3.542,12.436,,15.9,869406.0,570067.0,993474.86,294.97,1547.50,1314.52,381.13,2681.22,160.24,66.10,45.83,409.87,34.44,0.00,0.00,475.02,49.62,3.08,13.60,111.58,42.32,71.68,28.20,34.30,18.56,875.53,76.74,3.16,0.40,35.81,2.83,7.03,1.86,0.00,0.00,3.98,1.12,1.16,2.85,1.28,3.36,81.73,50.73,50.24,7.02,2.90,3.63,12372.80,489.14,2566.17,2483.74,720.13,5736.02,342.81,151.46,105.00,1023.41,85.99,0.00,0.00,664.65,69.43,5.14,22.68,199.19,75.56,104.76,41.22,49.29,26.66,1251.78,109.72,4.02,0.51,44.82,3.54,8.74,2.32,0.00,0.00,4.71,1.32,1.57,3.85,1.70,4.48,91.25,56.64,54.12,7.56,3.29,4.12
59.90,59.9,24/11/2025 12:53:59,3.294,12.568,,15.9,869370.0,572538.0,993235.22,320.83,1540.00,1395.93,390.74,2765.80,162.98,44.42,33.68,305.84,34.86,0.00,0.00,490.19,49.55,0.75,13.64,119.29,42.44,74.36,28.70,54.14,19.03,936.91,81.83,3.41,0.41,39.84,3.37,7.73,1.90,0.00,0.00,3.85,1.14,4.27,2.90,0.75,3.41,141.44,80.12,51.08,7.07,3.96,3.66,12670.66,532.03,2553.74,2637.56,738.28,5916.96,348.68,101.79,77.18,763.66,87.04,0.00,0.00,685.87,69.33,1.25,22.76,212.95,75.77,108.67,41.95,77.79,27.34,1339.54,116.99,4.34,0.53,49.87,4.22,9.62,2.37,0.00,0.00,4.55,1.35,5.76,3.92,1.00,4.55,157.92,89.45,55.03,7.61,4.49,4.15
60.00,60.0,24/11/2025 12:54:43,3.409,19.447,,15.9,872496.0,573742.0,992966.66,374.41,1497.14,1617.51,412.55,2684.06,159.96,169.33,99.08,336.45,35.05,0.00,0.00,537.94,50.33,0.00,0.00,130.17,42.98,60.16,26.15,51.10,19.07,961.02,84.08,3.54,0.42,16.17,0.86,5.75,1.88,0.00,0.00,3.39,1.14,1.92,2.87,1.06,3.42,24.46,18.34,51.83,7.11,3.08,3.63,13294.26,620.87,2482.67,3056.23,779.51,5742.10,342.22,388.00,227.04,840.07,87.52,0.00,0.00,752.69,70.43,0.00,0.00,232.38,76.72,87.93,38.23,73.43,27.40,1374.01,120.21,4.50,0.53,20.24,1.08,7.16,2.34,0.00,0.00,4.00,1.35,2.59,3.88,1.41,4.56,27.31,20.48,55.83,7.66,3.49,4.11
60.10,60.1,24/11/2025 12:55:18,4.145,12.429,1181237.192,15.9,871951.0,573493.0,993035.04,351.07,1550.10,1419.49,394.80,2718.58,161.88,44.31,33.85,275.64,35.35,73.52,62.39,556.35,50.44,9.85,13.57,133.83,42.54,65.68,27.02,43.35,18.76,1102.36,96.42,3.43,0.41,54.64,5.81,7.43,1.90,0.00,0.00,4.01,1.15,5.47,2.94,2.77,3.41,40.76,26.97,49.96,7.04,2.45,3.64,12926.66,582.17,2570.49,2682.07,745.96,5815.94,346.32,101.54,77.57,688.26,88.26,88.57,75.15,778.45,70.57,16.43,22.65,238.91,75.95,96.00,39.49,62.29,26.95,1576.09,137.85,4.37,0.53,68.40,7.27,9.25,2.37,0.00,0.00,4.74,1.36,7.39,3.97,3.70,4.54,45.51,30.12,53.81,7.59,2.78,4.13
60.20,60.2,24/11/2025 12:55:53,4.204,11.439,,15.9,875671.0,573337.0,992658.17,188.45,1514.15,1769.86,435.85,2886.64,167.33,59.70,42.50,343.65,34.99,0.00,0.00,509.30,50.22,0.00,0.00,117.74,42.73,81.47,30.23,53.99,19.22,1086.30,95.00,3.48,0.42,20.23,1.17,5.57,1.90,0.01,0.16,3.87,1.15,3.25,2.88,1.28,3.46,150.79,84.73,53.49,7.18,2.76,3.66,13775.99,312.50,2510.89,3344.08,823.52,6175.48,357.97,136.80,97.39,858.06,87.36,0.00,0.00,712.62,70.27,0.00,0.00,210.18,76.29,119.08,44.18,77.58,27.62,1553.12,135.83,4.43,0.54,25.32,1.46,6.94,2.37,0.01,0.21,4.58,1.36,4.39,3.89,1.71,4.62,168.36,94.60,57.62,7.74,3.13,4.16
60.30,60.3,24/11/2025 12:56:27,3.937,13.422,,15.9,874101.0,572319.0,993160.81,238.21,1514.16,1483.76,399.33,2809.68,163.82,46.92,35.16,266.92,35.13,14.08,26.31,529.87,50.46,1.72,13.70,116.86,42.75,56.47,25.54,37.99,18.67,1115.91,97.65,3.12,0.41,29.95,2.11,6.40,1.90,0.00,0.00,5.74,1.33,2.45,2.88,1.04,3.41,22.03,18.32,47.07,6.92,2.99,3.65,12825.41,395.02,2510.89,2803.51,754.53,6010.85,350.47,107.51,80.57,666.47,87.73,16.96,31.70,741.40,70.61,2.87,22.86,208.62,76.31,82.53,37.33,54.59,26.82,1595.47,139.62,3.98,0.52,37.49,2.64,7.97,2.36,0.00,0.00,6.79,1.58,3.31,3.89,1.38,4.55,24.60,20.46,50.71,7.46,3.39,4.14
60.40,60.4,24/11/2025 12:57:02,5.382,10.973,,15.9,874583.0,574750.0,993551.16,167.09,1522.74,1186.84,365.54,2684.04,159.73,93.26,60.05,260.47,35.52,55.43,55.52,537.78,50.51,9.42,13.70,82.69,42.29,74.47,28.80,47.56,18.91,1143.48,100.16,3.48,0.42,24.01,1.50,6.69,1.87,0.00,0.00,4.19,1.13,1.11,2.82,0.45,3.44,13.16,18.27,50.29,7.10,2.94,3.59,12042.37,277.08,2525.12,2242.48,690.68,5742.07,341.72,213.69,137.59,650.37,88.68,66.77,66.88,752.47,70.67,15.72,22.85,147.62,75.50,108.84,42.09,68.34,27.18,1634.88,143.20,4.43,0.53,30.05,1.87,8.32,2.32,0.00,0.00,4.96,1.34,1.50,3.81,0.60,4.59,14.69,20.40,54.17,7.64,3.33,4.07
60.50,60.5,24/11/2025 12:57:47,3.615,17.920,,15.9,875611.0,576027.0,992857.21,150.27,1527.93,1615.34,419.65,2760.41,163.92,85.92,56.30,371.04,34.84,0.00,0.00,549.94,50.57,15.81,13.70,123.16,42.77,68.85,27.65,54.17,19.12,1207.62,105.78,3.79,0.43,52.52,5.40,7.88,1.94,0.00,0.00,3.36,1.13,2.27,2.87,1.95,3.46,18.76,18.22,46.26,6.97,3.46,3.67,13415.58,249.19,2533.73,3052.13,792.92,5905.44,350.69,196.87,129.00,926.44,86.98,0.00,0.00,769.48,70.76,26.38,22.87,219.86,76.35,100.63,40.41,77.83,27.47,1726.59,151.24,4.82,0.54,65.75,6.76,9.81,2.42,0.00,0.00,3.98,1.34,3.07,3.88,2.60,4.61,20.95,20.35,49.83,7.51,3.93,4.16
60.60,60.6,24/11/2025 12:58:21,3.188,5.358,1181244.796,15.9,877228.0,574312.0,992449.24,305.45,1511.77,1387.19,385.25,2976.85,170.69,79.93,53.26,305.42,35.17,74.98,63.34,500.82,50.24,9.39,13.70,118.80,42.59,84.09,30.73,54.16,19.18,1501.58,132.51,3.35,0.42,33.48,2.49,8.11,1.96,0.00,0.00,3.82,1.16,3.29,2.92,1.72,3.49,45.65,30.12,49.77,7.06,2.91,3.66,13983.61,506.52,2506.94,2621.04,727.91,6368.48,365.15,183.14,122.04,762.61,87.81,90.32,76.30,700.75,70.30,15.67,22.85,212.07,76.03,122.91,44.92,77.82,27.55,2146.87,189.45,4.26,0.53,41.91,3.12,10.10,2.43,0.00,0.00,4.51,1.37,4.44,3.95,2.30,4.65,50.96,33.63,53.62,7.61,3.30,4.15
60.70,60.7,24/11/2025 12:58:56,3.779,2.776,,15.9,880170.0,572937.0,991816.40,359.94,1499.08,1748.58,433.98,3013.44,172.67,108.03,67.55,373.97,34.99,17.78,28.63,512.98,50.71,4.67,13.80,109.63,42.85,68.61,27.78,67.03,19.85,1623.52,143.85,3.57,0.43,35.70,2.76,6.86,1.91,0.00,0.00,4.88,1.24,2.74,2.97,2.66,3.52,66.55,42.65,48.59,7.16,3.86,3.68,15191.14,596.88,2485.88,3303.88,819.98,6446.75,369.39,247.55,154.77,933.77,87.36,21.42,34.49,717.76,70.96,7.79,23.02,195.72,76.49,100.27,40.60,96.31,28.52,2321.22,205.67,4.55,0.54,44.69,3.45,8.54,2.38,0.00,0.00,5.77,1.47,3.70,4.01,3.54,4.69,74.30,47.62,52.34,7.71,4.38,4.18
60.80,60.8,24/11/2025 12:59:31,3.837,2.710,,15.9,881409.0,574270.0,992043.25,313.61,1511.79,1269.67,373.84,3097.77,175.79,127.23,77.49,362.78,35.22,0.00,0.00,566.92,51.02,18.22,13.78,140.03,43.32,73.92,28.73,70.99,19.93,1770.76,157.52,3.58,0.43,50.43,4.95,6.82,1.92,0.00,0.00,4.40,1.17,5.83,2.95,1.48,3.55,15.23,18.32,53.97,7.28,3.11,3.75,14728.86,520.05,2506.97,2399.00,706.37,6627.16,376.07,291.53,177.55,905.83,87.94,0.00,0.00,793.24,71.39,30.40,22.99,249.98,77.34,108.05,41.99,102.00,28.63,2531.73,225.22,4.55,0.55,63.13,6.20,8.49,2.40,0.00,0.00,5.20,1.38,7.88,3.99,1.97,4.73,17.01,20.46,58.14,7.84,3.52,4.25
60.90,60.9,24/11/2025 13:00:05,3.685,3.037,,15.9,882244.0,573820.0,991467.30,401.50,1491.34,1708.73,425.96,3321.86,183.82,98.14,62.90,232.65,35.73,83.82,66.08,561.44,51.09,18.45,13.87,114.89,43.04,84.49,30.90,57.66,19.45,1741.85,154.79,3.70,0.44,15.23,0.79,5.83,1.92,0.00,0.00,5.26,1.30,1.58,2.93,0.62,3.52,22.95,18.43,49.04,7.26,3.00,3.78,15747.97,665.80,2473.06,3228.59,804.83,7106.57,393.26,224.88,144.12,580.90,89.21,100.97,79.60,785.57,71.48,30.79,23.14,205.11,76.84,123.49,45.17,82.85,27.95,2490.40,221.31,4.71,0.56,19.06,0.99,7.26,2.39,0.00,0.00,6.22,1.53,2.13,3.96,0.83,4.69,25.62,20.57,52.83,7.82,3.40,4.28
